num_acc;id_vehicule;num_veh;senc;catv;obs;obsm;choc;manv;motor;occutc
202000000284;154 741 773;A01;2;7;0;1;3;2;1;
202000000285;154 741 772;A01;0;2;9;0;1;1;0;
202000000286;154 741 770;A01;1;7;13;0;1;1;1;
202000000287;154 741 768;A01;-1;7;0;2;3;15;1;
202000000287;154 741 769;B01;-1;7;0;2;1;1;1;
202000000288;154 741 766;A01;2;7;15;4;1;19;1;
202000000288;154 741 767;B01;-1;39;0;2;8;0;3;
202000000289;154 741 764;A01;2;7;0;2;2;2;1;
202000000289;154 741 765;B01;2;32;0;0;4;15;1;
202000000290;154 741 762;A01;3;7;0;2;1;1;0;
202000000290;154 741 763;B01;3;1;0;2;1;15;5;
202000000291;154 741 761;A01;2;7;0;1;3;1;1;
202000000292;154 741 760;A01;2;7;0;1;3;1;1;
202000000293;154 741 759;A01;2;7;13;0;3;1;1;
202000000294;154 741 758;A01;0;7;2;0;1;1;1;
202000000295;154 741 756;B01;2;34;0;2;1;1;1;
202000000295;154 741 757;A01;1;7;0;0;2;19;1;
202000000296;154 741 755;A01;3;7;15;0;1;13;1;
202000000297;154 741 753;A01;0;7;0;2;2;1;1;
202000000297;154 741 754;B01;0;7;0;2;3;15;1;
202000000298;154 741 748;E01;1;7;0;2;4;0;1;
202000000298;154 741 749;D01;1;7;0;2;4;0;1;
202000000298;154 741 750;C01;1;7;0;2;4;0;1;
202000000298;154 741 751;B01;1;7;0;2;4;23;4;
202000000298;154 741 752;A01;1;7;0;2;1;17;1;
202000000299;154 741 746;A01;2;7;4;2;1;2;1;
202000000299;154 741 747;B01;2;7;4;2;4;2;1;
202000000300;154 741 745;A01;1;43;13;0;3;26;1;
202000000301;154 741 743;B01;2;60;0;2;1;1;5;
202000000301;154 741 744;A01;0;7;0;2;7;16;1;
202000000302;154 741 740;C01;2;7;0;2;4;1;1;
202000000302;154 741 741;B01;2;7;0;2;4;1;1;
202000000302;154 741 742;A01;2;7;0;2;1;1;1;
202000000303;154 741 738;A01;1;1;0;2;1;19;5;
202000000303;154 741 739;Z01;1;7;0;2;0;15;1;
202000000304;154 741 737;A01;0;7;0;1;4;1;1;
202000000305;154 741 735;B01;1;7;0;2;4;1;1;
202000000305;154 741 736;A01;1;2;0;2;1;1;1;
202000000306;154 741 733;B01;3;7;0;2;3;0;1;
202000000306;154 741 734;A01;1;30;0;2;1;19;1;
202000000307;154 741 731;A01;0;33;1;2;3;9;1;
202000000307;154 741 732;B01;0;7;0;2;3;20;1;
202000000308;154 741 730;A01;3;37;0;1;7;26;1;1
202000000309;154 741 729;A01;1;10;0;1;2;1;1;
202000000310;154 741 726;B01;2;7;0;2;6;1;1;
202000000310;154 741 727;A01;1;7;0;2;1;15;1;
202000000310;154 741 728;C01;2;7;0;2;1;0;1;
202000000311;154 741 724;B01;1;34;0;2;1;1;1;
202000000311;154 741 725;A01;1;7;0;2;3;1;1;
202000000312;154 741 722;B01;1;7;0;2;2;1;1;
202000000312;154 741 723;A01;1;30;0;2;1;9;1;
202000000313;154 741 720;A01;2;7;0;2;1;15;1;
202000000313;154 741 721;B01;2;33;0;2;2;1;1;
202000000314;154 741 718;B01;1;7;0;2;3;15;1;
202000000314;154 741 719;A01;2;33;0;2;1;17;1;
202000000315;154 741 717;A01;3;7;0;1;0;23;1;
202000000316;154 741 715;A01;2;7;0;2;1;2;1;
202000000316;154 741 716;B01;2;7;0;2;4;6;1;
202000000317;154 741 713;A01;1;15;0;2;2;1;1;
202000000317;154 741 714;B01;1;7;0;2;6;1;1;
202000000318;154 741 711;B01;2;7;0;2;5;23;1;
202000000318;154 741 712;A01;2;33;0;2;1;1;1;
202000000319;154 741 709;A01;2;50;0;2;1;2;3;
202000000319;154 741 710;B01;2;10;0;2;4;23;1;
202000000320;154 741 707;B01;2;7;0;2;1;1;1;
202000000320;154 741 708;A01;2;30;0;2;4;17;1;
202000000321;154 741 705;A01;1;30;0;2;1;9;1;
202000000321;154 741 706;B01;1;43;0;2;1;1;1;
202000000322;154 741 703;Z01;2;7;1;2;0;14;0;
202000000322;154 741 704;A01;2;1;0;2;8;1;5;
202000000323;154 741 701;B01;2;33;0;2;1;7;1;
202000000323;154 741 702;A01;2;7;0;2;5;16;1;
202000000324;154 741 700;Z01;1;7;0;1;1;15;0;
202000000325;154 741 698;Z01;1;7;0;2;0;14;0;
202000000325;154 741 699;A01;1;50;0;2;1;1;3;
202000000326;154 741 697;A01;2;30;1;0;1;14;1;
202000000327;154 741 695;A01;1;10;0;2;3;15;1;
202000000327;154 741 696;B01;2;2;0;2;1;1;1;
202000000328;154 741 694;A01;2;10;0;1;2;1;1;
202000000329;154 741 692;B01;1;43;0;2;5;23;1;
202000000329;154 741 693;A01;1;7;0;2;3;1;1;
202000000330;154 741 690;B01;3;43;0;2;4;2;1;
202000000330;154 741 691;A01;3;14;0;2;1;2;1;
202000000331;154 741 689;A01;1;33;8;0;1;10;1;
202000000332;154 741 688;A01;2;7;0;1;2;1;1;
202000000333;154 741 686;A01;1;10;0;2;1;1;1;
202000000333;154 741 687;B01;1;7;0;2;4;1;2;
202000000334;154 741 685;A01;2;1;0;0;0;21;5;
202000000335;154 741 683;B01;2;32;0;2;2;1;1;
202000000335;154 741 684;A01;2;7;0;2;8;10;3;
202000000336;154 741 682;A01;2;7;0;1;1;1;1;
202000000337;154 741 681;A01;1;7;1;0;2;14;1;
202000000338;154 741 679;B01;1;7;0;2;3;19;1;
202000000338;154 741 680;A01;1;10;0;2;1;19;1;
202000000339;154 741 678;A01;0;30;0;0;3;1;1;
202000000340;154 741 677;A01;1;10;0;1;1;1;0;
202000000341;154 741 675;B01;1;7;0;2;1;2;1;
202000000341;154 741 676;A01;1;32;0;2;4;23;1;
202000000342;154 741 673;A01;0;7;0;2;1;1;1;
202000000342;154 741 674;B01;0;7;0;2;6;1;1;
202000000343;154 741 670;C01;0;7;0;0;0;21;1;
202000000343;154 741 671;B01;0;7;0;2;3;19;1;
202000000343;154 741 672;A01;0;7;0;2;1;19;1;
202000000344;154 741 669;A01;0;7;0;1;2;21;0;
202000000345;154 741 667;B01;2;10;0;2;1;2;0;
202000000345;154 741 668;A01;2;10;0;2;4;2;0;
202000000346;154 741 666;A01;0;7;8;0;1;6;0;
202000000347;154 741 663;C01;2;38;0;0;6;1;0;1
202000000347;154 741 664;B01;2;42;0;2;1;3;0;
202000000347;154 741 665;A01;2;38;0;0;7;1;0;2
202000000348;154 741 661;A01;0;34;0;2;3;26;1;
202000000348;154 741 662;B01;0;7;0;2;2;15;1;
202000000349;154 741 659;B01;1;10;0;2;1;1;1;
202000000349;154 741 660;A01;3;7;6;0;8;9;1;
202000000350;154 741 657;A01;3;7;0;2;3;15;1;
202000000350;154 741 658;B01;1;7;0;2;1;1;1;
202000000351;154 741 655;A01;2;7;0;2;2;15;1;
202000000351;154 741 656;B01;1;1;0;2;1;1;5;
202000000352;154 741 654;A01;1;7;6;0;1;17;1;
202000000353;154 741 653;A01;1;10;0;1;2;26;0;
202000000354;154 741 651;A01;1;7;0;2;3;0;1;
202000000354;154 741 652;B01;2;7;0;2;3;0;1;
202000000355;154 741 649;B01;2;32;0;2;1;1;1;
202000000355;154 741 650;A01;1;7;0;2;2;16;1;
202000000356;154 741 648;A01;1;7;8;0;1;14;1;
202000000357;154 741 647;A01;1;1;4;0;0;0;5;
202000000358;154 741 645;B01;1;33;0;2;1;17;1;
202000000358;154 741 646;A01;2;10;0;2;3;9;1;
202000000359;154 741 643;A01;2;33;0;2;7;1;1;
202000000359;154 741 644;B01;1;7;0;2;2;9;1;
202000000360;154 741 641;A01;1;7;0;2;1;1;2;
202000000360;154 741 642;B01;2;7;0;2;1;1;3;
202000000361;154 741 639;B01;0;2;0;2;8;1;1;
202000000361;154 741 640;A01;0;7;0;2;8;13;1;
202000000362;154 741 637;A01;3;21;13;0;9;14;1;
202000000363;154 741 636;A01;3;2;0;0;7;14;0;
202000000364;154 741 635;A01;2;7;2;0;4;1;1;
202000000365;154 741 633;A01;2;7;0;9;1;9;1;
202000000365;154 741 634;B01;2;1;0;2;7;1;5;
202000000366;154 741 631;B01;1;7;0;0;6;1;1;
202000000366;154 741 632;A01;1;2;0;2;1;2;1;
202000000367;154 741 629;B01;2;7;0;2;3;1;1;
202000000367;154 741 630;A01;1;7;0;2;1;15;1;
202000000368;154 741 628;A01;2;33;0;0;0;16;1;
202000000369;154 741 625;A01;1;7;13;0;3;13;1;
202000000370;154 741 623;A01;3;1;0;0;1;2;5;
202000000370;154 741 624;B01;3;1;0;0;1;2;5;
202000000371;154 741 622;A01;2;31;9;0;7;1;1;
202000000372;154 741 621;A01;2;7;2;0;3;14;1;
202000000373;154 741 620;A01;2;2;0;1;9;21;1;
202000000374;154 741 619;A01;2;7;0;0;1;14;1;
202000000375;154 741 616;A01;2;10;0;2;7;17;1;
202000000375;154 741 617;B01;2;7;0;2;6;11;1;
202000000375;154 741 618;C01;2;10;3;2;8;2;1;
202000000376;154 741 614;B01;0;33;0;2;1;17;1;
202000000376;154 741 615;A01;3;7;0;2;3;15;1;
202000000377;154 741 613;A01;2;43;3;0;0;1;1;
202000000378;154 741 610;B01;1;15;0;0;5;2;1;
202000000378;154 741 611;A01;1;10;0;2;1;2;1;
202000000379;154 741 608;B01;3;1;0;2;8;1;5;
202000000379;154 741 609;A01;3;38;0;2;1;1;1;1
202000000380;154 741 606;A01;2;33;0;2;3;1;1;
202000000380;154 741 607;B01;2;21;0;2;6;1;1;
202000000381;154 741 604;A01;1;7;0;9;1;9;1;
202000000381;154 741 605;B01;1;1;0;0;4;2;5;
202000000382;154 741 603;A01;0;7;2;0;0;1;1;
202000000383;154 741 602;A01;2;33;16;0;0;1;1;
202000000384;154 741 600;A01;2;7;0;2;3;15;1;
202000000384;154 741 601;B01;1;33;0;2;8;1;1;
202000000385;154 741 596;A01;2;7;13;0;2;1;1;
202000000386;154 741 594;A01;1;7;0;2;3;19;1;
202000000386;154 741 595;B01;2;34;0;2;1;1;1;
202000000387;154 741 590;B01;1;7;3;2;5;1;1;
202000000387;154 741 591;A01;1;7;2;2;3;18;1;
202000000388;154 741 588;B01;1;7;0;2;1;1;1;
202000000388;154 741 589;A01;2;7;0;2;1;13;1;
202000000389;154 741 586;A01;3;7;0;2;3;1;1;
202000000389;154 741 587;B01;3;7;0;2;3;1;1;
202000000390;154 741 584;A01;0;7;0;2;1;9;0;
202000000390;154 741 585;B01;0;7;0;2;5;26;0;
202000000391;154 741 582;A01;0;33;0;2;1;1;0;
202000000391;154 741 583;B01;0;7;0;2;4;16;0;
202000000392;154 741 581;A01;1;7;3;0;2;1;1;
202000000393;154 741 579;A01;1;7;0;2;1;2;1;
202000000393;154 741 580;B01;1;7;16;0;4;1;1;
202000000394;154 741 578;A01;2;7;0;1;3;0;1;
202000000395;154 741 577;A01;2;33;0;0;9;2;1;
202000000396;154 741 573;C01;2;10;0;2;4;1;1;
202000000396;154 741 574;D01;2;10;0;2;4;1;1;
202000000396;154 741 575;B01;2;10;0;2;1;1;1;
202000000396;154 741 576;A01;2;10;0;2;1;1;1;
202000000397;154 741 571;B01;1;7;0;2;6;23;1;
202000000397;154 741 572;A01;1;7;0;2;2;2;1;
202000000398;154 741 569;A01;1;7;0;2;1;1;1;
202000000398;154 741 570;B01;1;7;0;2;3;2;1;
202000000399;154 741 567;B01;1;7;0;2;4;2;1;
202000000399;154 741 568;A01;1;7;0;2;1;2;1;
202000000400;154 741 565;B01;2;7;0;2;4;12;1;
202000000400;154 741 566;A01;2;33;0;2;1;1;1;
202000000401;154 741 563;B01;2;33;0;2;1;18;1;
202000000401;154 741 564;A01;2;7;0;2;7;12;1;
202000000402;154 741 560;C01;2;7;0;2;4;2;1;
202000000402;154 741 561;B01;2;7;0;2;4;2;1;
202000000402;154 741 562;A01;2;15;0;2;1;2;1;
202000000403;154 741 558;B01;2;7;0;2;4;11;1;
202000000403;154 741 559;A01;2;33;0;2;1;3;1;
202000000404;154 741 555;B01;3;7;0;2;2;1;1;
202000000404;154 741 556;A01;3;7;0;2;7;19;1;
202000000404;154 741 557;C01;3;7;0;2;3;23;1;
202000000405;154 741 553;A01;1;10;0;2;3;2;1;
202000000405;154 741 554;B01;1;7;0;2;4;2;1;
202000000406;154 741 552;A01;2;7;4;0;0;1;1;
202000000407;154 741 550;B01;3;7;0;2;6;15;1;
202000000407;154 741 551;A01;1;7;0;2;1;1;1;
202000000408;154 741 548;B01;1;7;0;9;4;26;0;
202000000408;154 741 549;A01;1;34;0;2;1;26;0;
202000000409;154 741 546;B01;1;50;0;2;1;1;3;
202000000409;154 741 547;A01;1;7;0;9;2;12;1;
202000000410;154 741 544;B01;2;2;0;2;3;1;1;
202000000410;154 741 545;A01;1;10;0;2;2;15;1;
202000000411;154 741 542;A01;3;7;0;2;1;9;1;
202000000411;154 741 543;B01;3;33;0;2;8;1;1;
202000000412;154 741 540;A01;1;7;0;2;1;0;1;
202000000412;154 741 541;B01;1;7;0;2;4;1;1;
202000000413;154 741 539;A01;1;30;0;1;0;1;1;
202000000414;154 741 538;A01;2;7;0;1;3;15;1;
202000000415;154 741 536;A01;1;32;0;2;8;2;1;
202000000415;154 741 537;B01;1;7;0;2;7;16;1;
202000000416;154 741 534;B01;1;10;0;9;4;2;1;
202000000416;154 741 535;A01;1;10;0;2;1;2;1;
202000000417;154 741 532;B01;1;32;1;2;1;0;1;
202000000417;154 741 533;A01;2;7;0;2;8;15;1;
202000000418;154 741 531;A01;2;7;0;1;2;26;1;
202000000419;154 741 529;B01;1;33;0;2;1;26;1;
202000000419;154 741 530;A01;1;7;0;2;3;26;2;
202000000420;154 741 528;A01;1;10;0;1;1;26;1;
202000000421;154 741 525;A01;1;7;0;1;1;15;1;
202000000422;154 741 523;B01;1;1;0;2;1;2;5;
202000000422;154 741 524;A01;1;10;0;2;5;17;1;
202000000423;154 741 522;A01;1;7;0;1;1;1;6;
202000000424;154 741 521;A01;1;33;12;0;1;26;1;
202000000425;154 741 520;A01;1;7;0;0;9;21;1;
202000000426;154 741 518;A01;1;32;15;0;1;1;1;
202000000427;154 741 516;B01;2;7;0;2;6;1;1;
202000000427;154 741 517;A01;2;17;0;2;2;12;1;
202000000428;154 741 514;A01;1;1;15;2;3;9;5;
202000000428;154 741 515;B01;1;7;0;2;5;1;1;
202000000429;154 741 512;A01;1;7;0;2;2;19;1;
202000000429;154 741 513;B01;1;7;0;2;2;1;1;
202000000430;154 741 510;B01;2;0;0;2;4;1;-1;
202000000430;154 741 511;A01;1;10;4;0;1;13;1;
202000000431;154 741 508;A01;1;1;0;2;8;9;5;
202000000431;154 741 509;B01;1;7;0;2;2;15;1;
202000000432;154 741 507;A01;1;7;1;1;1;18;1;
202000000433;154 741 506;A01;1;7;0;1;1;1;1;
202000000434;154 741 504;B01;1;7;0;2;7;1;1;
202000000434;154 741 505;A01;1;3;0;2;1;9;1;
202000000435;154 741 503;A01;1;7;0;1;1;9;1;
202000000436;154 741 501;B01;1;32;0;0;0;2;1;
202000000436;154 741 502;A01;1;7;0;0;0;2;1;
202000000437;154 741 500;A01;2;34;0;0;8;13;1;
202000000438;154 741 499;A01;1;10;0;1;8;15;1;
202000000439;154 741 498;A01;1;20;0;0;0;1;1;
202000000440;154 741 497;A01;1;7;12;0;9;21;1;
202000000441;154 741 495;B01;3;30;0;2;7;26;1;
202000000441;154 741 496;A01;1;7;12;2;3;9;1;
202000000442;154 741 494;A01;1;7;14;1;2;2;1;
202000000443;154 741 492;A01;1;3;0;9;3;1;1;
202000000443;154 741 493;B01;3;1;0;2;7;16;5;
202000000444;154 741 490;A01;3;1;0;2;1;1;5;
202000000444;154 741 491;B01;1;7;0;2;7;1;1;
202000000445;154 741 489;A01;3;7;0;1;3;9;1;
202000000446;154 741 487;B01;2;7;0;2;1;15;1;
202000000446;154 741 488;A01;1;30;0;2;3;26;1;
202000000447;154 741 485;A01;1;7;0;2;2;1;1;
202000000447;154 741 486;B01;3;1;0;2;8;9;0;
202000000448;154 741 484;A01;3;7;0;1;2;16;1;
202000000449;154 741 482;B01;0;2;0;2;8;1;1;
202000000449;154 741 483;A01;0;7;0;2;3;15;1;
202000000450;154 741 479;C01;1;7;0;2;3;0;1;
202000000450;154 741 480;B01;1;7;0;2;1;0;1;
202000000450;154 741 481;A01;2;7;0;2;9;5;1;
202000000451;154 741 478;A01;3;7;0;1;7;20;1;
202000000452;154 741 477;A01;1;31;1;0;1;1;1;
202000000453;154 741 475;LA01;1;7;0;2;7;12;1;
202000000453;154 741 476;CB01;1;2;0;2;8;1;1;
202000000454;154 741 473;B01;1;7;0;2;7;16;1;
202000000454;154 741 474;A01;1;2;0;2;1;14;1;
202000000455;154 741 472;AA01;3;20;0;1;1;1;1;
202000000456;154 741 471;A01;1;7;0;1;2;1;1;
202000000457;154 741 470;A01;1;7;8;0;1;1;0;
202000000458;154 741 469;A01;3;7;0;1;2;26;0;
202000000459;154 741 468;A01;1;7;0;1;1;1;1;
202000000460;154 741 465;B01;3;7;0;2;6;9;1;
202000000460;154 741 466;A01;3;7;0;2;9;9;1;
202000000460;154 741 467;C01;3;7;0;2;7;1;1;
202000000461;154 741 463;B01;3;7;16;2;3;0;6;
202000000461;154 741 464;A01;3;3;0;2;1;13;6;
202000000462;154 741 462;A01;3;7;0;1;1;15;1;
202000000463;154 741 460;B01;3;33;0;2;7;2;1;
202000000463;154 741 461;A01;3;7;0;2;3;10;1;
202000000464;154 741 459;A01;2;2;0;0;7;1;1;
202000000465;154 741 457;A01;2;7;0;2;1;15;1;
202000000465;154 741 458;B01;1;7;0;2;1;1;1;
202000000466;154 741 455;A01;2;7;0;2;1;1;1;
202000000466;154 741 456;B01;2;10;0;2;4;23;1;
202000000467;154 741 453;B01;1;33;0;2;3;1;1;
202000000467;154 741 454;A01;1;7;0;2;2;0;1;
202000000468;154 741 451;A01;0;2;0;2;1;2;1;
202000000468;154 741 452;B01;0;7;0;2;8;2;1;
202000000469;154 741 449;A01;2;7;0;2;0;16;0;
202000000469;154 741 450;B01;2;80;0;2;4;1;3;
202000000470;154 741 445;B01;2;2;0;2;1;1;1;
202000000470;154 741 446;A01;3;7;0;2;3;19;1;
202000000471;154 741 443;B01;0;2;0;2;4;1;1;
202000000471;154 741 444;A01;0;7;0;2;1;17;1;
202000000472;154 741 441;A01;0;1;0;2;1;13;5;
202000000472;154 741 442;B01;0;7;0;2;3;1;1;
202000000473;154 741 440;A01;2;7;0;1;4;4;1;
202000000474;154 741 438;B01;3;1;0;2;7;15;5;
202000000474;154 741 439;A01;2;7;0;2;3;9;1;
202000000475;154 741 436;B01;3;17;0;2;6;2;1;
202000000475;154 741 437;A01;3;7;0;2;8;1;1;
202000000476;154 741 435;A01;1;7;0;1;3;2;1;
202000000477;154 741 431;Z01;1;10;0;2;0;0;0;
202000000477;154 741 432;B01;2;10;0;2;4;2;1;
202000000477;154 741 433;A01;1;10;0;2;1;2;1;
202000000477;154 741 434;C01;2;10;0;2;4;2;1;
202000000478;154 741 429;A01;1;7;0;2;3;15;1;
202000000478;154 741 430;B01;2;80;0;2;4;1;3;
202000000479;154 741 427;A01;1;7;0;2;1;26;1;
202000000479;154 741 428;B01;1;7;0;2;4;2;0;
202000000480;154 741 426;A01;2;7;15;0;3;14;1;
202000000481;154 741 424;A01;2;7;0;9;7;9;1;
202000000481;154 741 425;B01;1;1;0;2;2;9;5;
202000000482;154 741 423;A01;2;30;0;1;1;1;1;
202000000483;154 741 422;A01;1;7;0;1;1;1;1;
202000000484;154 741 420;A01;2;7;0;2;3;26;1;
202000000484;154 741 421;B01;2;2;0;2;1;1;1;
202000000485;154 741 418;B01;1;43;0;2;1;1;1;
202000000485;154 741 419;A01;2;7;0;2;1;11;1;
202000000486;154 741 416;A01;2;7;1;2;3;20;1;
202000000486;154 741 417;B01;2;7;0;2;7;1;1;
202000000487;154 741 413;C01;0;7;0;2;4;1;1;
202000000487;154 741 414;B01;0;7;0;2;3;1;1;
202000000487;154 741 415;A01;0;7;0;2;1;1;1;
202000000488;154 741 412;A01;2;2;7;0;1;5;1;
202000000489;154 741 411;A01;1;7;0;1;1;15;1;
202000000490;154 741 409;B01;0;1;0;2;1;19;5;
202000000490;154 741 410;A01;0;7;0;2;1;16;1;
202000000491;154 741 407;B01;0;7;0;2;3;15;1;
202000000491;154 741 408;A01;0;31;0;2;8;17;1;
202000000492;154 741 405;A01;1;7;0;2;1;2;1;
202000000492;154 741 406;B01;1;7;0;0;4;2;1;
202000000493;154 741 403;B01;1;10;0;2;3;13;1;
202000000493;154 741 404;A01;1;34;0;2;2;1;1;
202000000494;154 741 402;A01;2;7;0;1;3;26;1;
202000000495;154 741 401;A01;2;7;9;0;7;6;1;
202000000496;154 741 399;B01;3;32;0;0;8;2;1;
202000000496;154 741 400;A01;2;7;9;2;1;26;1;
202000000497;154 741 397;A01;0;7;12;2;1;17;1;
202000000497;154 741 398;B01;0;7;12;2;4;23;1;
202000000498;154 741 396;A01;2;1;0;1;1;1;5;
202000000499;154 741 395;A01;3;33;12;0;7;1;1;
202000000500;154 741 394;A01;1;30;0;0;0;1;1;
202000000501;154 741 392;B01;3;7;0;9;3;1;1;
202000000501;154 741 393;A01;3;1;0;2;1;19;5;
202000000502;154 741 389;C01;1;7;0;2;4;1;1;
202000000502;154 741 390;B01;1;33;0;2;1;1;1;
202000000502;154 741 391;A01;1;7;0;2;7;12;1;
202000000503;154 741 387;A01;1;32;0;2;1;1;1;
202000000503;154 741 388;B01;2;7;0;2;1;15;1;
202000000504;154 741 386;A01;2;7;0;1;1;15;1;
202000000505;154 741 385;A01;1;7;10;0;1;9;1;
202000000506;154 741 383;A01;0;33;0;2;1;17;1;
202000000506;154 741 384;B01;0;30;0;2;4;15;1;
202000000507;154 741 382;A01;3;7;0;1;3;1;1;
202000000508;154 741 380;B01;2;2;0;2;8;1;1;
202000000508;154 741 381;A01;1;7;0;2;7;16;1;
202000000509;154 741 379;A01;1;7;1;1;2;1;1;
202000000510;154 741 378;A01;1;7;0;1;1;1;1;
202000000511;154 741 376;A01;1;7;0;2;1;19;1;
202000000511;154 741 377;B01;2;7;0;2;9;2;1;
202000000512;154 741 374;B01;1;2;0;2;1;1;1;
202000000512;154 741 375;A01;1;7;0;9;4;11;1;
202000000513;154 741 372;B01;3;2;0;2;1;2;1;
202000000513;154 741 373;A01;3;7;0;2;1;2;1;
202000000514;154 741 370;B01;0;3;0;2;4;23;0;
202000000514;154 741 371;A01;0;3;0;2;1;26;0;
202000000515;154 741 368;A01;2;7;0;2;1;1;1;
202000000515;154 741 369;B01;1;7;0;2;7;15;1;
202000000516;154 741 366;B01;2;7;0;2;4;1;1;
202000000516;154 741 367;A01;2;7;0;2;1;13;1;
202000000517;154 741 364;A01;2;10;0;2;3;9;1;
202000000517;154 741 365;B01;1;32;0;2;1;17;1;
202000000518;154 741 363;A01;1;7;0;1;1;1;1;
202000000519;154 741 361;C01;2;10;0;2;0;15;1;
202000000519;154 741 362;A01;1;32;1;2;1;14;1;
202000000520;154 741 359;B01;1;7;0;0;4;23;1;
202000000520;154 741 360;A01;1;7;0;2;1;1;1;
202000000521;154 741 357;B01;3;7;0;2;2;9;1;
202000000521;154 741 358;A01;3;80;0;2;3;1;3;
202000000522;154 741 354;B01;3;7;0;2;1;2;1;
202000000522;154 741 355;C01;3;7;0;2;1;1;1;
202000000522;154 741 356;A01;3;10;0;2;1;2;1;
202000000523;154 741 352;B01;1;1;0;2;3;1;5;
202000000523;154 741 353;A01;1;80;0;2;2;17;3;
202000000524;154 741 350;B01;2;31;0;2;1;23;1;
202000000524;154 741 351;A01;2;10;0;2;4;20;1;
202000000525;154 741 348;A01;1;31;6;2;2;1;1;
202000000525;154 741 349;Z01;2;32;0;2;1;1;1;
202000000526;154 741 346;A01;1;32;0;2;1;1;1;
202000000526;154 741 347;B01;2;1;0;2;4;1;5;
202000000527;154 741 344;A01;2;30;0;2;1;18;3;
202000000527;154 741 345;B01;2;10;0;2;2;16;1;
202000000528;154 741 342;A01;2;1;0;2;1;1;5;
202000000528;154 741 343;Z01;1;10;0;2;3;1;0;
202000000529;154 741 340;A01;1;7;0;2;2;16;2;
202000000529;154 741 341;B01;1;50;0;2;1;1;3;
202000000530;154 741 339;A01;3;7;8;0;1;25;1;
202000000531;154 741 337;B01;2;7;0;2;1;15;1;
202000000531;154 741 338;A01;2;31;0;2;2;17;1;
202000000532;154 741 335;B01;2;50;1;9;2;0;3;
202000000532;154 741 336;A01;1;7;1;9;2;16;1;
202000000533;154 741 333;A01;2;7;0;2;1;15;1;
202000000533;154 741 334;B01;1;10;0;2;1;1;1;
202000000534;154 741 331;B01;3;7;0;2;2;11;1;
202000000534;154 741 332;A01;-1;32;0;2;2;1;1;
202000000535;154 741 329;A01;1;7;0;2;1;15;1;
202000000535;154 741 330;B01;2;2;0;2;1;1;1;
202000000536;154 741 327;A01;-1;7;-1;2;-1;-1;-1;
202000000536;154 741 328;B01;-1;2;-1;2;-1;-1;-1;
202000000537;154 741 325;B01;2;0;0;2;1;1;0;
202000000537;154 741 326;A01;1;50;0;2;8;15;3;
202000000538;154 741 323;A01;2;33;0;2;2;1;1;
202000000538;154 741 324;B01;2;7;0;2;3;9;1;
202000000539;154 741 321;B01;1;32;0;0;0;0;0;
202000000539;154 741 322;A01;1;7;0;2;7;15;1;
202000000540;154 741 319;A01;-1;7;0;2;2;1;1;
202000000540;154 741 320;B01;-1;7;0;2;8;15;1;
202000000541;154 741 318;A01;1;7;8;1;3;16;1;
202000000542;154 741 316;B01;1;2;0;2;0;0;1;
202000000542;154 741 317;A01;2;10;0;2;8;9;1;
202000000543;154 741 314;A01;1;30;0;2;1;1;0;
202000000543;154 741 315;B01;1;7;0;2;2;10;0;
202000000544;154 741 313;A01;-1;7;12;0;3;1;0;
202000000545;154 741 311;B01;1;31;0;2;3;1;1;
202000000545;154 741 312;A01;1;3;0;2;2;9;1;
202000000546;154 741 310;A01;3;7;0;1;1;26;1;
202000000547;154 741 308;A01;2;7;0;2;1;1;1;
202000000547;154 741 309;B01;1;99;0;0;0;0;1;
202000000548;154 741 307;A01;2;14;0;1;2;1;4;
202000000549;154 741 306;A01;1;7;8;0;8;4;1;
202000000550;154 741 304;A01;1;7;0;2;2;15;0;
202000000550;154 741 305;B01;2;32;0;2;1;0;0;
202000000551;154 741 303;A01;2;33;1;2;1;19;0;
202000000552;154 741 301;B01;0;7;0;2;8;1;6;
202000000552;154 741 302;A01;0;33;0;2;2;12;1;
202000000553;154 741 299;B01;2;1;0;2;8;1;5;
202000000553;154 741 300;A01;2;7;0;9;2;16;1;
202000000554;154 741 297;B01;2;7;0;2;3;1;1;
202000000554;154 741 298;A01;1;31;0;2;1;13;1;
202000000555;154 741 296;A01;2;7;2;0;1;1;1;
202000000556;154 741 294;B01;1;7;0;2;1;1;0;
202000000556;154 741 295;A01;1;7;0;2;1;1;1;
202000000557;154 741 292;B01;1;7;0;2;1;1;1;
202000000557;154 741 293;A01;1;7;3;2;2;5;1;
202000000558;154 741 291;A01;2;7;2;0;1;2;1;
202000000559;154 741 289;B01;2;7;0;2;3;1;1;
202000000559;154 741 290;A01;1;33;0;2;3;13;1;
202000000560;154 741 288;A01;2;7;3;0;3;26;0;
202000000561;154 741 285;A01;2;36;13;0;1;1;1;
202000000562;154 741 284;A01;2;7;13;0;7;1;0;
202000000563;154 741 282;B01;1;7;0;2;2;2;0;
202000000563;154 741 283;A01;1;1;0;0;4;2;5;
202000000564;154 741 281;A01;2;14;13;0;2;1;1;
202000000565;154 741 279;B01;3;7;0;2;3;1;1;
202000000565;154 741 280;A01;3;2;0;2;8;1;1;