num_acc;id_vehicule;num_veh;senc;catv;obs;obsm;choc;manv;motor;occutc
202000001122;154 740 290;B01;1;30;0;2;5;2;1;
202000001123;154 740 288;A01;2;7;0;1;7;1;2;
202000001124;154 740 286;B01;1;1;0;2;1;16;5;
202000001124;154 740 287;A01;1;10;0;2;8;22;1;
202000001125;154 740 284;B01;2;14;0;0;0;4;1;
202000001125;154 740 285;A01;1;33;0;0;0;23;1;
202000001126;154 740 282;Z01;2;7;0;2;4;4;0;
202000001126;154 740 283;A01;1;32;0;2;1;2;1;
202000001127;154 740 280;B01;1;7;0;2;4;23;1;
202000001127;154 740 281;A01;1;7;0;2;1;1;1;
202000001128;154 740 278;A01;1;32;0;2;2;17;1;
202000001128;154 740 279;B01;1;10;0;2;3;10;1;
202000001129;154 740 277;A01;2;7;0;1;1;15;1;
202000001130;154 740 276;A01;2;30;0;0;0;21;1;
202000001131;154 740 275;A01;1;32;0;1;1;1;1;
202000001132;154 740 274;A01;1;99;0;1;2;1;1;
202000001133;154 740 273;A01;1;10;0;1;1;1;0;
202000001134;154 740 272;A01;1;3;0;1;0;1;1;
202000001135;154 740 269;Y01;1;1;0;2;8;19;5;
202000001135;154 740 270;B01;1;7;0;2;1;1;1;
202000001135;154 740 271;A01;1;7;0;2;3;1;1;
202000001136;154 740 264;E01;2;10;1;0;4;25;1;
202000001136;154 740 265;D01;2;43;1;0;4;23;1;
202000001136;154 740 266;C01;2;10;1;0;4;23;1;
202000001136;154 740 267;B01;2;10;1;0;4;23;1;
202000001136;154 740 268;A01;2;10;1;0;1;1;1;
202000001137;154 740 262;A01;1;7;0;9;2;1;1;
202000001137;154 740 263;B01;3;50;0;2;1;19;3;
202000001138;154 740 260;A01;3;7;0;2;4;26;1;
202000001138;154 740 261;B01;3;7;0;2;1;1;1;
202000001139;154 740 258;B01;1;2;0;2;0;13;1;
202000001139;154 740 259;A01;2;7;0;2;0;0;1;
202000001140;154 740 256;A01;0;7;0;2;2;14;1;
202000001140;154 740 257;B01;0;33;0;2;7;1;1;
202000001141;154 740 255;A01;1;7;1;0;7;1;1;
202000001142;154 740 254;A01;-1;3;0;1;-1;-1;-1;
202000001143;154 740 252;Z01;-1;7;0;2;3;1;6;
202000001143;154 740 253;A01;-1;50;0;2;3;1;3;
202000001144;154 740 251;A01;1;30;0;1;1;1;1;
202000001145;154 740 248;A01;1;10;0;2;3;15;1;
202000001145;154 740 249;B01;1;33;0;2;7;17;1;
202000001145;154 740 250;C01;1;10;0;2;1;1;1;
202000001146;154 740 247;A01;1;10;0;1;3;9;1;
202000001147;154 740 246;A01;-1;7;0;1;2;1;3;
202000001148;154 740 245;A01;1;7;1;0;2;0;0;
202000001149;154 740 244;A01;1;7;0;1;1;1;1;
202000001150;154 740 243;A01;3;7;1;0;1;26;1;
202000001151;154 740 241;A01;1;7;0;2;3;16;1;
202000001151;154 740 242;B01;2;50;0;2;7;1;3;
202000001152;154 740 240;A01;1;33;0;9;7;2;0;
202000001153;154 740 238;B01;1;7;0;0;0;0;0;
202000001153;154 740 239;A01;1;34;0;2;0;1;0;
202000001154;154 740 236;A01;1;7;0;2;3;15;1;
202000001154;154 740 237;B01;1;30;0;2;4;15;1;
202000001155;154 740 235;A01;2;7;0;1;1;1;1;
202000001156;154 740 233;B01;1;14;0;2;5;23;0;
202000001156;154 740 234;A01;1;7;0;2;2;1;0;
202000001157;154 740 231;B01;1;7;0;2;4;0;1;
202000001157;154 740 232;A01;1;7;0;2;1;1;1;
202000001158;154 740 230;A01;2;7;8;0;1;1;1;
202000001159;154 740 229;A01;1;7;7;0;0;2;1;
202000001160;154 740 227;A01;2;7;0;2;4;5;1;
202000001160;154 740 228;B01;1;10;0;0;1;1;1;
202000001161;154 740 225;B01;1;7;0;2;3;1;1;
202000001161;154 740 226;A01;2;1;0;2;1;1;5;
202000001162;154 740 222;A01;2;7;6;1;2;1;1;
202000001163;154 740 221;A01;2;7;2;0;1;0;1;
202000001164;154 740 218;A01;2;15;0;2;8;11;1;
202000001164;154 740 219;B01;2;7;0;2;3;0;1;
202000001164;154 740 220;C01;1;7;0;2;1;0;1;
202000001165;154 740 216;B01;1;7;0;0;4;26;1;
202000001165;154 740 217;A01;1;7;0;2;1;1;1;
202000001166;154 740 215;A01;2;7;2;0;8;1;0;
202000001167;154 740 213;A01;2;7;0;2;1;13;1;
202000001167;154 740 214;B01;1;7;0;2;1;1;2;
202000001168;154 740 210;C01;2;7;0;2;1;1;1;
202000001168;154 740 211;A01;1;7;0;2;3;13;1;
202000001168;154 740 212;B01;2;7;0;2;3;1;1;
202000001169;154 740 209;A01;2;7;17;0;3;13;1;
202000001170;154 740 207;A01;1;7;0;2;7;15;1;
202000001170;154 740 208;B01;2;2;0;2;1;1;1;
202000001171;154 740 206;A01;0;7;6;0;2;1;1;
202000001172;154 740 204;B01;0;7;1;0;1;2;1;
202000001172;154 740 205;A01;0;7;0;0;4;23;1;
202000001173;154 740 202;B01;2;17;0;2;2;1;1;
202000001173;154 740 203;A01;1;7;3;2;5;13;1;
202000001174;154 740 199;B01;0;33;8;2;1;17;1;
202000001174;154 740 200;A01;0;7;0;2;3;15;1;
202000001175;154 740 196;B01;1;7;3;2;8;1;0;
202000001175;154 740 197;A01;2;7;0;2;2;13;1;
202000001175;154 740 198;C01;1;7;0;2;1;1;0;
202000001176;154 740 195;A01;2;33;8;0;1;1;1;
202000001177;154 740 193;A01;2;7;0;2;3;19;1;
202000001177;154 740 194;B01;1;33;0;2;1;1;1;
202000001178;154 740 192;A01;1;7;0;0;1;1;1;
202000001179;154 740 191;A01;1;7;13;0;1;1;1;
202000001180;154 740 189;A01;1;7;0;2;3;19;1;
202000001180;154 740 190;B01;1;7;0;2;2;1;1;
202000001181;154 740 188;A01;1;2;10;0;9;1;1;
202000001182;154 740 186;B01;1;33;0;2;1;1;1;
202000001182;154 740 187;A01;2;7;0;2;3;15;1;
202000001183;154 740 185;A01;0;31;0;1;0;1;1;
202000001184;154 740 184;A01;0;10;0;0;0;0;6;
202000001185;154 740 182;B01;2;7;0;2;3;1;0;
202000001185;154 740 183;A01;1;10;0;2;2;1;0;
202000001186;154 740 181;A01;0;10;8;0;8;13;1;
202000001187;154 740 180;A01;1;33;6;0;7;1;1;
202000001188;154 740 178;A01;2;7;0;2;2;15;1;
202000001188;154 740 179;B01;1;33;0;2;1;1;1;
202000001189;154 740 175;B01;2;7;0;2;8;1;1;
202000001189;154 740 176;A01;1;7;0;2;1;13;1;
202000001189;154 740 177;C01;2;7;0;2;1;1;1;
202000001190;154 740 173;B01;2;7;0;2;1;1;1;
202000001190;154 740 174;A01;1;7;0;2;7;9;1;
202000001191;154 740 171;A01;1;7;0;2;2;13;1;
202000001191;154 740 172;B01;2;10;0;2;1;1;1;
202000001192;154 740 167;A01;1;15;0;2;5;2;0;
202000001192;154 740 168;B01;1;1;0;0;3;1;5;
202000001193;154 740 165;B01;1;14;0;2;6;1;1;
202000001193;154 740 166;A01;1;7;0;2;1;17;1;
202000001194;154 740 161;A01;1;7;0;2;3;13;1;
202000001194;154 740 162;B01;2;7;0;2;3;1;1;
202000001195;154 740 160;A01;1;15;3;0;3;13;1;
202000001196;154 740 157;C01;2;7;7;0;4;26;1;
202000001196;154 740 158;B01;1;7;0;2;4;2;1;
202000001196;154 740 159;A01;1;7;3;2;1;2;1;
202000001197;154 740 155;A01;2;7;0;2;1;2;1;
202000001197;154 740 156;B01;2;7;0;0;8;1;1;
202000001198;154 740 153;B01;2;7;4;0;4;2;2;
202000001198;154 740 154;A01;2;10;0;2;1;2;1;
202000001199;154 740 151;A01;2;7;0;2;1;13;1;
202000001199;154 740 152;B01;1;10;0;2;1;1;1;
202000001200;154 740 150;A01;3;7;13;0;9;13;1;
202000001201;154 740 149;A01;2;33;0;0;0;0;1;
202000001202;154 740 147;A01;2;7;0;2;1;6;1;
202000001202;154 740 148;B01;1;37;0;2;3;1;0;1
202000001203;154 740 145;B01;0;2;7;2;1;21;0;
202000001203;154 740 146;A01;0;7;0;2;2;15;0;
202000001204;154 740 143;B01;2;33;0;2;3;1;1;
202000001204;154 740 144;A01;1;7;0;2;3;13;1;
202000001205;154 740 142;A01;1;2;0;1;1;1;1;
202000001206;154 740 141;A01;1;7;8;0;6;1;1;
202000001207;154 740 140;A01;2;33;17;0;9;17;1;
202000001208;154 740 139;A01;1;7;13;0;3;1;1;
202000001209;154 740 136;C01;1;7;0;0;3;1;0;
202000001209;154 740 137;B01;2;7;0;0;6;1;1;
202000001209;154 740 138;A01;2;33;0;2;1;2;1;
202000001210;154 740 134;B01;3;7;0;2;3;1;1;
202000001210;154 740 135;A01;3;7;0;2;3;13;1;
202000001211;154 740 132;B01;3;7;0;2;3;1;1;
202000001211;154 740 133;A01;3;7;0;2;3;15;1;
202000001212;154 740 130;B01;0;7;0;2;1;2;1;
202000001212;154 740 131;A01;3;1;0;0;4;18;5;
202000001213;154 740 128;B01;1;33;0;2;1;17;1;
202000001213;154 740 129;A01;1;7;0;2;3;10;1;
202000001214;154 740 127;A01;2;7;13;0;9;1;1;
202000001215;154 740 126;A01;2;7;13;0;1;1;1;
202000001216;154 740 124;A01;2;7;0;2;8;16;1;
202000001216;154 740 125;B01;2;1;0;2;2;1;5;
202000001217;154 740 122;B01;0;31;0;2;1;2;0;
202000001217;154 740 123;A01;3;7;0;0;6;23;0;
202000001218;154 740 120;B01;1;7;0;2;1;1;1;
202000001218;154 740 121;A01;1;7;0;2;4;15;1;
202000001219;154 740 119;A01;1;31;0;9;7;2;1;
202000001220;154 740 117;A01;2;7;0;2;2;12;1;
202000001220;154 740 118;B01;2;7;0;2;3;1;1;
202000001221;154 740 116;A01;2;7;9;0;3;14;1;
202000001222;154 740 114;B01;1;10;0;2;4;2;1;
202000001222;154 740 115;A01;1;7;0;2;1;2;1;
202000001223;154 740 112;B01;1;7;0;2;6;2;1;
202000001223;154 740 113;A01;1;7;0;2;1;1;1;
202000001224;154 740 108;D01;1;17;0;2;4;2;1;
202000001224;154 740 109;C01;1;7;0;2;4;2;1;
202000001224;154 740 110;B01;1;7;0;2;4;2;1;
202000001224;154 740 111;A01;1;7;0;2;1;2;1;
202000001225;154 740 106;B01;1;7;0;2;4;2;1;
202000001225;154 740 107;A01;1;7;0;2;1;2;1;
202000001226;154 740 105;A01;2;33;0;0;7;1;1;
202000001227;154 740 104;A01;3;7;6;0;3;0;1;
202000001228;154 740 101;A01;1;17;0;0;4;23;1;
202000001228;154 740 102;B01;1;14;0;2;1;21;1;
202000001228;154 740 103;C01;1;33;0;2;1;1;1;
202000001229;154 740 099;B01;1;7;0;0;0;0;1;
202000001229;154 740 100;A01;1;33;0;0;0;26;1;
202000001230;154 740 097;A01;2;32;0;2;1;13;1;
202000001230;154 740 098;B01;2;7;0;2;4;0;1;
202000001231;154 740 095;B01;2;7;0;0;6;0;1;
202000001231;154 740 096;A01;2;7;4;2;1;11;1;
202000001232;154 740 093;B01;2;7;0;2;3;11;1;
202000001232;154 740 094;A01;2;33;0;2;1;3;1;
202000001233;154 740 091;A01;1;7;0;2;4;12;0;
202000001233;154 740 092;B01;1;15;0;2;1;2;0;
202000001234;154 740 089;A01;1;10;0;2;6;23;1;
202000001234;154 740 090;B01;1;7;1;0;2;2;1;
202000001235;154 740 085;D01;2;10;0;2;4;2;1;
202000001235;154 740 086;C01;2;10;0;2;4;2;1;
202000001235;154 740 087;B01;2;7;0;2;8;2;1;
202000001235;154 740 088;A01;2;7;0;2;2;12;1;
202000001236;154 740 083;A01;2;7;0;2;1;1;1;
202000001236;154 740 084;B01;2;7;0;2;4;2;1;
202000001237;154 740 080;A01;2;43;0;2;8;1;1;
202000001237;154 740 081;C01;2;7;0;2;1;2;1;
202000001237;154 740 082;B01;2;7;0;2;1;1;1;
202000001238;154 740 079;A01;1;34;3;0;7;0;1;
202000001239;154 740 078;A01;2;7;4;0;0;13;1;
202000001240;154 740 077;A01;2;10;4;0;1;1;1;
202000001241;154 740 075;B01;2;33;0;2;1;1;1;
202000001241;154 740 076;A01;2;7;0;2;3;11;1;
202000001242;154 740 073;A01;1;7;0;2;5;26;1;
202000001242;154 740 074;B01;1;33;0;2;8;1;1;
202000001243;154 740 072;A01;2;31;0;0;9;1;1;
202000001244;154 740 070;Z01;2;0;0;2;4;2;0;
202000001244;154 740 071;A01;2;7;0;2;1;2;1;
202000001245;154 740 068;B01;2;15;0;2;6;21;1;
202000001245;154 740 069;A01;2;33;0;2;1;1;1;
202000001246;154 740 067;A01;1;7;0;1;1;1;1;
202000001247;154 740 066;A01;2;7;0;1;2;2;1;
202000001248;154 740 065;A01;1;7;0;1;2;1;1;
202000001249;154 740 063;B01;1;7;0;2;4;2;1;
202000001249;154 740 064;A01;1;14;0;2;1;2;1;
202000001250;154 740 061;A01;3;33;0;2;7;12;1;
202000001250;154 740 062;B01;3;7;0;2;6;1;1;
202000001251;154 740 059;A01;2;7;0;2;8;1;1;
202000001251;154 740 060;B01;1;7;0;2;2;1;1;
202000001252;154 740 058;A01;1;37;0;1;5;26;0;1
202000001253;154 740 056;A01;1;10;0;2;0;19;1;
202000001253;154 740 057;B01;1;31;0;2;0;0;1;
202000001254;154 740 054;A01;0;7;0;2;1;1;1;
202000001254;154 740 055;B01;0;7;0;2;8;1;1;
202000001255;154 740 052;B01;3;7;0;2;1;26;1;
202000001255;154 740 053;A01;3;7;0;2;1;13;1;
202000001256;154 740 050;A01;1;7;0;2;3;26;1;
202000001256;154 740 051;B01;1;7;0;2;5;1;1;
202000001257;154 740 047;B01;0;7;0;2;7;1;1;
202000001257;154 740 048;A01;3;3;0;2;3;13;0;
202000001257;154 740 049;C01;3;7;0;2;1;0;2;
202000001258;154 740 045;B01;1;37;0;2;3;1;1;1
202000001258;154 740 046;A01;1;7;0;2;7;16;1;
202000001259;154 740 043;B01;0;50;0;2;0;1;3;
202000001259;154 740 044;A01;0;7;0;2;2;15;1;
202000001260;154 740 041;A01;0;33;0;2;7;17;1;
202000001260;154 740 042;B01;0;7;0;2;1;15;2;
202000001261;154 740 039;A01;1;7;0;1;2;1;1;
202000001262;154 740 037;A01;1;7;0;2;1;2;1;
202000001262;154 740 038;B01;1;33;0;2;4;2;1;
202000001263;154 740 036;A01;2;30;6;0;1;0;1;
202000001264;154 740 035;A01;1;33;10;0;7;16;1;
202000001265;154 740 034;A01;2;33;3;0;2;1;1;
202000001266;154 740 032;B01;2;7;0;2;8;1;1;
202000001266;154 740 033;A01;2;32;0;2;7;17;1;
202000001267;154 740 031;A01;0;34;6;0;1;15;0;
202000001268;154 740 030;A01;1;7;2;0;3;1;1;
202000001269;154 740 028;B01;2;33;0;2;1;13;1;
202000001269;154 740 029;A01;1;7;0;2;8;1;1;
202000001270;154 740 026;B01;1;7;0;2;3;1;1;
202000001270;154 740 027;A01;1;32;11;2;1;17;1;
202000001271;154 740 025;A01;2;13;0;0;2;26;0;
202000001272;154 740 023;A01;1;33;0;2;1;3;1;
202000001272;154 740 024;B01;1;7;0;2;3;15;1;
202000001273;154 740 021;B01;1;7;0;2;7;14;1;
202000001273;154 740 022;A01;1;33;0;2;8;18;1;
202000001274;154 740 020;A01;2;7;2;0;8;13;1;
202000001275;154 740 018;B01;3;2;0;2;1;17;0;
202000001275;154 740 019;A01;3;31;0;0;8;15;0;
202000001276;154 740 016;B01;2;7;0;2;3;1;1;
202000001276;154 740 017;A01;1;7;0;2;3;13;1;
202000001277;154 740 015;A01;2;2;12;0;2;1;0;
202000001278;154 740 013;B01;0;32;0;0;1;1;1;
202000001278;154 740 014;A01;0;7;0;0;8;15;1;
202000001279;154 740 011;B01;2;7;0;2;8;1;1;
202000001279;154 740 012;A01;2;33;12;2;7;17;1;
202000001280;154 740 010;A01;2;1;0;0;0;1;5;
202000001281;154 740 008;B01;2;7;0;2;3;1;1;
202000001281;154 740 009;A01;1;3;0;2;1;1;1;
202000001282;154 740 007;A01;0;7;13;0;9;1;0;
202000001283;154 740 006;A01;2;31;0;0;0;1;1;
202000001284;154 740 005;A01;2;1;0;0;0;1;5;
202000001285;154 740 003;B01;3;7;0;2;3;13;1;
202000001285;154 740 004;A01;3;1;0;0;6;1;6;
202000001286;154 740 001;B01;1;7;0;2;1;1;1;
202000001286;154 740 002;A01;2;33;0;2;1;17;1;
202000001287;154 739 999;B01;2;7;0;2;3;1;1;
202000001287;154 740 000;A01;1;7;0;2;3;1;1;
202000001288;154 739 998;A01;2;7;13;0;1;2;0;
202000001289;154 739 995;B01;2;33;0;2;3;1;1;
202000001289;154 739 996;A01;1;7;0;2;2;13;1;
202000001290;154 739 992;A01;2;33;0;2;1;2;1;
202000001290;154 739 993;B01;2;7;0;0;4;2;1;
202000001291;154 739 990;A01;0;7;0;2;3;26;6;
202000001291;154 739 991;B01;1;7;0;2;1;19;0;
202000001292;154 739 988;A01;2;33;0;0;7;1;1;
202000001293;154 739 986;A01;1;7;0;2;1;1;1;
202000001293;154 739 987;B01;1;33;0;2;8;1;1;
202000001294;154 739 984;A01;2;7;6;0;1;1;0;
202000001295;154 739 983;A01;2;33;2;0;1;0;1;
202000001296;154 739 981;B01;0;2;0;2;1;21;1;
202000001296;154 739 982;A01;0;7;0;2;3;1;1;
202000001297;154 739 979;A01;2;7;0;2;1;2;1;
202000001297;154 739 980;B01;2;7;0;0;4;1;1;
202000001298;154 739 977;B01;2;7;0;2;1;1;0;
202000001298;154 739 978;A01;1;10;0;2;1;15;0;
202000001299;154 739 976;A01;2;33;8;0;0;16;1;
202000001300;154 739 975;A01;1;1;0;0;0;1;5;
202000001301;154 739 974;A01;3;7;6;0;3;0;1;
202000001302;154 739 970;A01;2;7;0;2;4;23;1;
202000001302;154 739 971;B01;2;7;0;2;1;2;1;
202000001303;154 739 965;A01;2;15;0;2;1;13;1;
202000001303;154 739 966;D01;2;10;0;2;4;1;1;
202000001303;154 739 967;C01;2;15;0;2;4;1;1;
202000001303;154 739 968;B01;2;7;0;2;4;1;1;
202000001303;154 739 969;E01;2;15;0;2;4;1;1;
202000001304;154 739 963;B01;2;7;0;2;1;1;0;
202000001304;154 739 964;A01;2;7;0;2;4;11;0;
202000001305;154 739 962;A01;1;33;0;0;1;9;1;
202000001306;154 739 961;A01;2;7;4;9;9;2;1;
202000001307;154 739 959;A01;1;7;0;2;1;16;1;
202000001307;154 739 960;B01;2;7;1;2;3;1;1;
202000001308;154 739 957;B01;2;2;0;2;1;17;1;
202000001308;154 739 958;A01;2;7;0;2;1;15;1;
202000001309;154 739 956;A01;1;7;14;0;1;26;6;
202000001310;154 739 954;A01;1;7;0;2;1;13;1;
202000001310;154 739 955;B01;2;7;0;2;1;1;1;
202000001311;154 739 953;A01;1;2;12;0;3;2;1;
202000001312;154 739 951;A01;1;30;0;2;1;9;1;
202000001312;154 739 952;B01;1;7;0;2;7;1;1;
202000001313;154 739 949;A01;2;7;0;2;1;1;0;
202000001313;154 739 950;B01;2;1;0;2;4;1;5;
202000001314;154 739 948;A01;1;1;0;2;0;21;2;
202000001315;154 739 946;A01;2;7;0;0;0;16;0;
202000001315;154 739 947;B01;2;7;0;0;0;1;0;
202000001316;154 739 943;B01;1;7;0;2;4;2;1;
202000001316;154 739 944;C01;1;7;0;2;1;2;1;
202000001316;154 739 945;A01;1;7;16;0;4;2;1;
202000001317;154 739 941;A01;2;10;0;2;3;13;1;
202000001317;154 739 942;B01;1;7;0;2;3;1;1;
202000001318;154 739 939;B01;0;60;0;0;0;0;5;
202000001318;154 739 940;A01;2;7;0;9;1;15;1;
202000001319;154 739 936;A01;2;7;0;2;1;2;1;
202000001319;154 739 937;B01;2;7;0;2;4;23;1;
202000001319;154 739 938;C01;2;7;0;0;4;23;1;
202000001320;154 739 935;A01;3;7;0;1;5;19;0;
202000001321;154 739 933;A01;3;7;0;2;7;15;1;
202000001321;154 739 934;B01;2;33;0;2;1;1;1;
202000001322;154 739 932;A01;3;7;0;1;2;9;2;
202000001323;154 739 930;B01;1;33;0;2;2;1;1;
202000001323;154 739 931;A01;1;7;0;2;1;19;0;
202000001324;154 739 928;B01;1;7;0;2;1;1;1;
202000001324;154 739 929;A01;2;7;0;2;2;15;2;
202000001325;154 739 926;B01;1;14;0;2;3;9;1;
202000001325;154 739 927;A01;1;7;0;2;2;1;1;
202000001326;154 739 925;A01;3;7;0;1;3;19;1;
202000001327;154 739 923;A01;2;30;0;2;7;1;1;
202000001327;154 739 924;B01;2;7;0;2;1;1;1;
202000001328;154 739 921;A01;3;7;0;2;1;15;1;
202000001328;154 739 922;B01;3;7;0;2;1;1;1;
202000001329;154 739 918;A01;1;1;0;2;1;9;5;
202000001329;154 739 919;B01;1;10;0;2;3;1;1;
202000001329;154 739 920;C01;1;7;0;2;2;1;1;
202000001330;154 739 916;A01;1;7;0;2;3;20;1;
202000001330;154 739 917;B01;1;33;0;2;2;1;1;
202000001331;154 739 915;A01;3;10;0;1;2;16;1;
202000001332;154 739 913;B01;3;7;0;2;1;1;-1;
202000001332;154 739 914;A01;3;7;0;2;8;19;-1;
202000001333;154 739 911;B01;2;7;0;2;2;1;1;
202000001333;154 739 912;A01;1;7;0;2;1;15;1;
202000001334;154 739 910;A01;0;31;0;1;0;1;0;
202000001335;154 739 908;A01;0;1;0;2;8;19;5;
202000001335;154 739 909;B01;0;7;0;2;1;1;1;
202000001336;154 739 907;A01;0;7;0;1;1;1;1;
202000001337;154 739 906;A01;2;33;8;0;1;14;1;
202000001338;154 739 904;A01;3;7;0;2;1;17;1;
202000001338;154 739 905;B01;3;7;0;2;3;15;1;
202000001339;154 739 903;A01;0;10;0;1;2;1;1;
202000001340;154 739 902;A01;0;33;0;1;1;1;1;
202000001341;154 739 900;A01;2;7;0;2;1;19;1;
202000001341;154 739 901;B01;1;1;0;2;7;1;5;
202000001342;154 739 898;A01;2;7;0;2;8;13;1;
202000001342;154 739 899;B01;1;33;0;2;1;1;1;
202000001343;154 739 896;A01;1;7;0;2;1;15;1;
202000001343;154 739 897;B01;2;7;0;2;1;1;1;
202000001344;154 739 895;A01;1;10;0;1;2;1;1;
202000001345;154 739 893;B01;3;7;0;2;1;1;1;
202000001345;154 739 894;A01;3;7;0;2;1;13;1;
202000001346;154 739 892;A01;1;36;12;0;2;26;1;
202000001347;154 739 890;A01;1;31;0;2;1;1;1;
202000001347;154 739 891;B01;3;7;0;2;8;15;1;
202000001348;154 739 888;A01;1;1;0;2;4;15;5;
202000001348;154 739 889;B01;1;7;0;2;1;2;1;
202000001349;154 739 886;A01;1;7;0;2;3;15;1;
202000001349;154 739 887;B01;2;30;0;2;3;1;1;
202000001350;154 739 884;B01;1;50;0;2;7;19;3;
202000001350;154 739 885;Z01;1;7;0;2;1;1;1;
202000001351;154 739 882;A01;3;7;0;2;3;1;1;
202000001351;154 739 883;B01;3;33;0;2;2;16;1;
202000001352;154 739 881;A01;1;30;0;0;1;21;1;
202000001353;154 739 878;A01;1;7;0;2;1;1;1;
202000001353;154 739 879;C01;2;7;0;2;8;1;1;
202000001353;154 739 880;B01;2;7;0;2;1;1;1;
202000001354;154 739 876;B01;1;1;0;2;0;6;0;
202000001354;154 739 877;A01;1;7;0;2;1;6;1;
202000001355;154 739 874;B01;2;0;0;2;1;1;0;
202000001355;154 739 875;A01;1;80;0;2;8;9;3;
202000001356;154 739 872;B01;3;1;0;2;8;19;5;
202000001356;154 739 873;A01;3;20;0;2;7;16;1;
202000001357;154 739 870;A01;2;33;0;2;1;1;1;
202000001357;154 739 871;B01;3;7;0;2;7;12;1;
202000001358;154 739 868;A01;1;1;0;2;0;19;5;
202000001358;154 739 869;B01;1;1;0;2;0;16;5;
202000001359;154 739 866;B01;2;2;0;2;3;0;0;
202000001359;154 739 867;A01;1;7;0;2;3;1;1;
202000001360;154 739 864;A01;3;7;0;2;1;11;1;
202000001360;154 739 865;B01;3;7;0;2;3;26;1;
202000001361;154 739 862;A01;1;7;0;2;3;20;1;
202000001361;154 739 863;B01;1;2;0;2;2;2;1;
202000001362;154 739 860;B01;2;1;0;2;8;2;0;
202000001362;154 739 861;A01;2;10;0;9;1;2;1;
202000001363;154 739 858;B01;1;30;0;2;3;1;3;
202000001363;154 739 859;A01;1;7;0;2;2;16;0;
202000001364;154 739 856;A01;1;30;0;2;8;9;1;
202000001364;154 739 857;B01;1;7;0;2;2;1;1;
202000001365;154 739 854;B01;1;7;0;2;0;3;1;
202000001365;154 739 855;A01;2;7;0;2;3;26;1;
202000001366;154 739 853;A01;1;10;0;1;3;1;0;
202000001367;154 739 851;B01;3;7;0;2;3;1;1;
202000001367;154 739 852;A01;3;7;0;2;3;26;1;
202000001368;154 739 849;B01;3;2;0;2;4;16;1;
202000001368;154 739 850;A01;3;7;0;2;3;16;1;
202000001369;154 739 847;B01;3;17;0;2;4;1;1;
202000001369;154 739 848;A01;3;7;0;2;1;1;1;
202000001370;154 739 845;B01;3;7;0;2;4;1;1;
202000001370;154 739 846;A01;3;7;0;2;1;1;1;
202000001371;154 739 843;B01;1;40;0;2;2;1;3;
202000001371;154 739 844;A01;1;10;0;-1;8;15;1;
202000001372;154 739 842;A01;3;7;0;1;3;26;1;
202000001373;154 739 840;A01;3;1;0;2;8;19;5;
202000001373;154 739 841;B01;1;7;0;2;1;1;1;
202000001374;154 739 839;A01;3;30;14;0;1;1;1;
202000001375;154 739 837;B01;2;7;0;2;3;1;1;
202000001375;154 739 838;A01;2;33;0;2;3;13;1;
202000001376;154 739 836;Z01;2;7;0;1;1;1;1;
202000001377;154 739 834;A01;2;1;0;2;8;19;5;
202000001377;154 739 835;Z01;2;7;0;2;1;1;0;
202000001378;154 739 832;B01;2;1;0;2;8;1;5;
202000001378;154 739 833;A01;1;7;0;2;7;15;1;
202000001379;154 739 830;A01;2;7;0;2;3;15;1;
202000001379;154 739 831;B01;1;31;8;2;1;17;1;
202000001380;154 739 828;A01;2;1;0;2;4;15;5;
202000001380;154 739 829;Z01;1;31;0;2;1;26;6;
202000001381;154 739 825;C01;2;7;0;2;2;0;1;
202000001381;154 739 826;B01;2;7;0;2;5;0;1;
202000001381;154 739 827;A01;2;17;0;2;2;9;1;
202000001382;154 739 824;A01;3;30;0;1;1;1;1;
202000001383;154 739 823;A01;3;20;0;1;1;1;1;
202000001384;154 739 822;A01;2;10;13;0;3;1;1;
202000001385;154 739 820;A01;0;7;0;2;3;20;0;
202000001385;154 739 821;B01;1;7;0;0;2;1;0;
202000001386;154 739 818;A01;1;32;0;2;1;1;1;
202000001386;154 739 819;B01;1;7;0;2;4;1;1;
202000001387;154 739 814;B01;0;32;0;2;1;1;1;
202000001387;154 739 815;A01;0;7;0;2;8;20;1;
202000001388;154 739 813;A01;3;30;0;0;0;2;1;
202000001389;154 739 811;A01;3;7;0;2;1;19;1;
202000001389;154 739 812;B01;3;7;0;2;8;1;1;
202000001390;154 739 809;A01;1;7;0;0;0;0;1;
202000001390;154 739 810;B01;2;33;0;2;8;1;1;
202000001391;154 739 806;C01;3;7;0;2;1;1;1;
202000001391;154 739 807;A01;1;7;0;2;5;15;1;
202000001391;154 739 808;B01;2;7;0;2;1;1;1;
202000001392;154 739 805;A01;3;7;0;1;3;26;0;
202000001393;154 739 803;B01;1;7;0;2;3;1;1;
202000001393;154 739 804;A01;2;2;0;2;1;13;1;
202000001394;154 739 802;A01;1;7;0;1;3;15;1;
202000001395;154 739 801;A01;1;10;0;1;5;20;1;
202000001396;154 739 800;A01;1;10;0;1;2;9;1;
202000001397;154 739 798;A01;1;7;0;2;2;16;1;
202000001397;154 739 799;B01;0;30;0;2;0;0;0;
202000001398;154 739 796;A01;2;7;0;2;2;1;1;
202000001398;154 739 797;B01;1;7;0;2;1;1;1;
202000001399;154 739 794;B01;1;7;0;2;5;1;1;