num_acc;id_vehicule;num_veh;senc;catv;obs;obsm;choc;manv;motor;occutc
202000001677;154 739 315;A01;1;10;0;2;3;15;1;
202000001678;154 739 312;A01;2;10;0;1;1;1;3;
202000001679;154 739 310;B01;2;50;0;2;3;2;3;
202000001679;154 739 311;A01;2;7;0;2;2;16;1;
202000001680;154 739 308;B01;2;7;0;2;3;2;1;
202000001680;154 739 309;A01;2;7;0;2;3;15;1;
202000001681;154 739 306;B01;1;7;0;2;5;1;1;
202000001681;154 739 307;A01;1;30;0;2;3;18;1;
202000001682;154 739 305;A01;2;7;0;1;2;15;1;
202000001683;154 739 301;A01;2;10;0;0;1;13;1;
202000001684;154 739 300;A01;2;7;0;0;2;11;1;
202000001685;154 739 296;C01;1;7;0;0;2;2;1;
202000001685;154 739 297;D01;1;7;0;0;7;2;1;
202000001685;154 739 298;A01;1;7;0;2;1;2;1;
202000001685;154 739 299;B01;1;7;0;2;4;2;1;
202000001686;154 739 294;B01;2;1;0;9;1;1;5;
202000001686;154 739 295;A01;1;1;0;0;1;17;5;
202000001687;154 739 293;A01;1;7;0;1;2;21;1;
202000001688;154 739 292;A01;1;34;16;0;0;0;1;
202000001689;154 739 291;A01;2;33;0;9;1;1;1;
202000001690;154 739 290;A01;2;1;13;0;1;21;5;
202000001691;154 739 288;A01;2;7;0;2;2;15;0;
202000001691;154 739 289;B01;2;7;0;2;1;1;0;
202000001692;154 739 287;A01;1;33;1;0;1;2;1;
202000001693;154 739 285;A01;2;7;0;2;3;13;1;
202000001693;154 739 286;B01;1;33;0;2;1;1;1;
202000001694;154 739 284;A01;1;2;13;0;1;1;1;
202000001695;154 739 282;B01;3;7;0;2;2;1;1;
202000001695;154 739 283;A01;3;2;0;2;1;1;1;
202000001696;154 739 280;B01;2;7;0;2;1;19;1;
202000001696;154 739 281;A01;2;7;5;2;3;1;1;
202000001697;154 739 278;A01;2;7;0;0;8;15;1;
202000001697;154 739 279;B01;1;33;0;2;1;17;1;
202000001698;154 739 276;B01;1;21;0;2;0;9;1;
202000001698;154 739 277;A01;2;33;0;2;0;21;1;
202000001699;154 739 275;A01;0;7;0;1;3;15;1;
202000001700;154 739 273;B01;2;33;0;2;1;1;1;
202000001700;154 739 274;A01;1;7;0;2;2;15;1;
202000001701;154 739 266;B01;1;1;0;2;8;2;5;
202000001701;154 739 267;A01;1;7;0;2;2;17;1;
202000001702;154 739 259;B01;1;7;0;2;5;23;1;
202000001702;154 739 260;A01;1;2;0;2;1;21;1;
202000001703;154 739 258;A01;3;36;6;0;1;1;1;
202000001704;154 739 256;B01;2;7;0;2;3;1;6;
202000001704;154 739 257;A01;1;7;0;2;1;13;6;
202000001705;154 739 254;A01;1;7;0;2;8;15;1;
202000001705;154 739 255;B01;2;7;0;2;3;1;1;
202000001706;154 739 252;A01;2;7;0;2;1;1;1;
202000001706;154 739 253;B01;1;7;0;2;1;0;1;
202000001707;154 739 251;A01;1;7;13;0;0;19;1;
202000001708;154 739 250;A01;1;7;8;0;3;1;1;
202000001709;154 739 248;B01;2;7;0;2;8;1;1;
202000001709;154 739 249;A01;1;7;0;2;3;13;1;
202000001710;154 739 247;A01;1;14;0;0;8;14;1;
202000001711;154 739 245;A01;2;7;0;2;2;14;1;
202000001711;154 739 246;B01;2;17;0;0;6;1;1;
202000001712;154 739 242;B01;2;14;0;2;6;26;1;
202000001712;154 739 243;A01;1;7;0;2;3;15;1;
202000001713;154 739 240;B01;1;33;0;2;1;1;1;
202000001713;154 739 241;A01;2;10;0;2;1;13;1;
202000001714;154 739 238;B01;3;31;15;2;1;17;6;
202000001714;154 739 239;A01;3;7;0;2;3;2;6;
202000001715;154 739 234;D01;2;15;0;2;6;1;1;
202000001715;154 739 235;C01;2;7;0;2;1;1;1;
202000001715;154 739 236;B01;2;7;0;2;1;1;1;
202000001715;154 739 237;A01;1;7;0;2;1;5;1;
202000001716;154 739 232;A01;2;33;0;2;1;13;1;
202000001716;154 739 233;B01;1;99;0;2;3;1;1;
202000001717;154 739 230;B01;2;33;0;2;3;1;1;
202000001717;154 739 231;A01;1;33;0;2;3;13;1;
202000001718;154 739 228;A01;1;10;0;9;2;1;1;
202000001718;154 739 229;B01;1;1;0;2;8;1;5;
202000001719;154 739 226;B01;2;7;0;2;1;1;1;
202000001719;154 739 227;A01;1;7;0;2;1;13;1;
202000001720;154 739 224;A01;0;7;0;9;0;1;0;
202000001720;154 739 225;B01;0;1;0;2;0;1;5;
202000001721;154 739 222;B01;1;7;0;0;1;6;1;
202000001721;154 739 223;A01;1;7;0;0;8;1;1;
202000001722;154 739 221;A01;1;33;6;0;7;17;1;
202000001723;154 739 220;A01;0;33;0;0;8;1;1;
202000001724;154 739 218;A01;1;7;0;2;3;9;6;
202000001724;154 739 219;B01;2;1;0;2;7;1;5;
202000001725;154 739 216;B01;1;31;8;2;2;11;0;
202000001725;154 739 217;A01;1;7;8;2;3;15;0;
202000001726;154 739 209;C01;1;7;0;2;4;12;1;
202000001726;154 739 210;D01;1;99;0;2;1;2;1;
202000001726;154 739 211;A01;1;7;0;2;4;2;1;
202000001726;154 739 212;B01;1;7;0;2;4;2;1;
202000001727;154 739 206;C01;1;7;0;2;1;2;1;
202000001727;154 739 207;B01;1;10;0;2;4;2;0;
202000001727;154 739 208;A01;1;13;0;2;4;2;1;
202000001728;154 739 205;A01;1;33;0;2;1;1;1;
202000001729;154 739 204;A01;1;10;0;0;3;2;1;
202000001730;154 739 202;A01;2;13;0;2;3;13;1;
202000001730;154 739 203;B01;2;7;0;2;2;1;1;
202000001731;154 739 200;B01;1;7;3;2;3;12;1;
202000001731;154 739 201;A01;1;7;3;2;2;1;1;
202000001732;154 739 198;A01;1;33;0;2;1;21;1;
202000001732;154 739 199;B01;1;7;0;2;5;1;1;
202000001733;154 739 196;A01;1;7;0;2;8;11;1;
202000001733;154 739 197;B01;1;7;4;2;7;1;1;
202000001734;154 739 195;A01;1;33;0;9;1;9;1;
202000001735;154 739 193;A01;1;33;0;2;7;2;1;
202000001735;154 739 194;B01;1;7;0;2;8;2;1;
202000001736;154 739 191;A01;1;33;0;2;7;14;1;
202000001736;154 739 192;B01;2;7;0;2;8;2;1;
202000001737;154 739 189;B01;2;7;0;2;3;1;1;
202000001737;154 739 190;A01;2;7;0;2;5;1;1;
202000001738;154 739 187;B01;2;33;0;2;1;2;1;
202000001738;154 739 188;A01;2;7;4;2;2;9;1;
202000001739;154 739 186;A01;1;7;4;0;2;26;1;
202000001740;154 739 184;A01;1;7;0;2;1;17;1;
202000001740;154 739 185;B01;1;7;0;2;4;1;1;
202000001741;154 739 183;A01;1;7;3;2;1;0;1;
202000001742;154 739 181;B01;1;10;0;2;4;2;1;
202000001742;154 739 182;A01;1;7;0;2;1;1;1;
202000001743;154 739 179;B01;2;7;0;2;4;2;1;
202000001743;154 739 180;A01;2;10;0;2;1;2;1;
202000001744;154 739 177;B01;1;10;0;2;4;2;1;
202000001744;154 739 178;A01;1;33;0;2;1;2;1;
202000001745;154 739 175;B01;1;7;0;2;7;12;1;
202000001745;154 739 176;A01;1;33;0;2;3;3;1;
202000001746;154 739 174;A01;1;7;2;0;9;26;1;
202000001747;154 739 173;A01;1;33;0;9;2;21;1;
202000001748;154 739 171;B01;1;7;0;2;6;2;1;
202000001748;154 739 172;A01;1;7;0;2;2;21;1;
202000001749;154 739 170;A01;2;32;0;0;8;26;1;
202000001750;154 739 169;A01;3;33;0;0;8;26;1;
202000001751;154 739 167;A01;2;50;0;9;2;1;3;
202000001751;154 739 168;B01;2;7;0;9;2;1;1;
202000001752;154 739 165;B01;1;7;0;2;1;2;0;
202000001752;154 739 166;A01;1;7;0;2;4;2;1;
202000001753;154 739 163;A01;0;7;0;2;1;15;1;
202000001753;154 739 164;B01;0;37;0;2;3;2;1;4
202000001754;154 739 161;B01;1;7;0;2;1;1;1;
202000001754;154 739 162;A01;1;7;0;2;2;15;1;
202000001755;154 739 160;A01;1;7;0;0;9;1;1;
202000001756;154 739 158;Z01;2;7;0;9;0;20;0;
202000001756;154 739 159;B01;2;50;0;0;7;2;3;
202000001757;154 739 157;A01;2;31;12;0;7;1;1;
202000001758;154 739 156;A01;1;1;0;1;1;1;5;
202000001759;154 739 154;A01;1;7;0;2;1;1;1;
202000001759;154 739 155;B01;1;7;0;2;4;23;1;
202000001760;154 739 153;A01;3;7;0;1;1;1;1;
202000001761;154 739 152;A01;1;33;6;0;8;2;1;
202000001762;154 739 151;A01;0;15;16;0;8;1;1;
202000001763;154 739 147;A01;2;7;0;2;2;16;1;
202000001763;154 739 148;C01;1;1;0;2;1;25;6;
202000001764;154 739 145;C01;1;7;0;2;3;1;1;
202000001764;154 739 146;B01;1;7;0;2;2;9;1;
202000001765;154 739 144;A01;1;30;0;1;1;0;1;
202000001766;154 739 142;A01;3;7;0;2;0;16;0;
202000001766;154 739 143;B01;3;7;1;0;3;1;1;
202000001767;154 739 140;B01;2;7;0;2;3;15;1;
202000001767;154 739 141;A01;2;30;0;2;2;17;1;
202000001768;154 739 139;A01;1;7;0;1;3;1;1;
202000001769;154 739 137;A01;1;7;0;2;3;9;1;
202000001769;154 739 138;B01;2;80;0;2;1;19;3;
202000001770;154 739 135;B01;2;7;0;2;2;1;1;
202000001770;154 739 136;A01;1;1;0;2;0;26;5;
202000001771;154 739 133;B01;1;7;0;2;6;23;1;
202000001771;154 739 134;A01;1;7;0;2;2;17;1;
202000001772;154 739 131;B01;2;7;0;2;1;1;1;
202000001772;154 739 132;A01;1;33;0;2;1;13;1;
202000001773;154 739 130;A01;2;1;11;0;1;1;5;
202000001774;154 739 129;A01;1;2;0;1;1;1;1;
202000001775;154 739 128;A01;1;37;0;1;2;21;1;1
202000001776;154 739 125;B01;3;7;0;2;3;16;1;
202000001776;154 739 126;C01;3;7;0;2;3;16;1;
202000001776;154 739 127;A01;2;7;0;2;2;1;1;
202000001777;154 739 124;A01;1;31;0;0;1;14;1;
202000001778;154 739 123;A01;2;7;0;1;1;15;1;
202000001779;154 739 120;C01;2;7;0;2;4;1;1;
202000001779;154 739 121;B01;2;7;0;2;1;1;1;
202000001779;154 739 122;A01;2;33;0;2;4;9;1;
202000001780;154 739 118;B01;1;10;0;2;1;0;0;
202000001780;154 739 119;A01;1;7;0;2;7;19;0;
202000001781;154 739 116;B01;1;7;0;2;7;0;1;
202000001781;154 739 117;A01;1;80;0;2;1;0;3;
202000001782;154 739 114;B01;2;33;0;2;1;1;1;
202000001782;154 739 115;A01;1;7;0;2;2;10;1;
202000001783;154 739 112;B01;3;1;0;2;2;19;5;
202000001783;154 739 113;A01;1;32;0;2;1;1;1;
202000001784;154 739 110;B01;2;7;0;2;3;1;1;
202000001784;154 739 111;A01;1;7;0;2;1;15;1;
202000001785;154 739 108;B01;0;1;0;2;8;1;5;
202000001785;154 739 109;A01;0;31;0;2;8;1;1;
202000001786;154 739 107;A01;2;7;0;1;1;15;1;
202000001787;154 739 105;A01;2;7;0;2;1;1;1;
202000001787;154 739 106;B01;2;7;0;2;4;1;1;
202000001788;154 739 104;A01;1;32;0;1;7;1;1;
202000001789;154 739 102;A01;2;7;0;1;2;14;1;
202000001789;154 739 103;B01;2;7;0;1;6;24;1;
202000001790;154 739 100;B01;3;30;0;2;7;13;1;
202000001790;154 739 101;A01;3;10;0;2;5;4;1;
202000001791;154 739 099;A01;1;1;0;0;0;1;5;
202000001792;154 739 097;A01;0;7;0;2;1;9;1;
202000001792;154 739 098;B01;0;2;0;2;7;1;1;
202000001793;154 739 095;A01;1;7;0;2;1;16;1;
202000001793;154 739 096;B01;2;1;0;2;7;19;5;
202000001794;154 739 094;A01;0;7;0;1;2;1;1;
202000001795;154 739 093;A01;1;2;1;0;8;1;1;
202000001796;154 739 091;A01;2;10;0;2;1;13;1;
202000001796;154 739 092;B01;1;7;0;2;1;1;1;
202000001797;154 739 089;B01;1;7;0;2;8;1;1;
202000001797;154 739 090;A01;1;10;2;2;2;14;1;
202000001798;154 739 088;A01;1;7;0;1;4;20;1;
202000001799;154 739 084;A01;0;2;0;2;8;13;1;
202000001799;154 739 085;B01;0;7;0;2;7;1;1;
202000001800;154 739 082;A01;2;30;0;2;1;15;4;
202000001800;154 739 083;B01;2;7;0;2;1;1;4;
202000001801;154 739 080;B01;1;7;0;2;4;1;1;
202000001801;154 739 081;A01;1;33;0;2;1;1;1;
202000001802;154 739 079;A01;2;7;1;0;2;1;1;
202000001803;154 739 077;B01;2;10;0;2;0;1;1;
202000001803;154 739 078;A01;2;7;14;2;2;12;1;
202000001804;154 739 073;C01;2;7;0;2;9;2;0;
202000001804;154 739 074;D01;2;7;0;2;4;2;0;
202000001804;154 739 075;B01;2;7;0;2;9;2;0;
202000001804;154 739 076;A01;2;7;0;2;1;2;0;
202000001805;154 739 071;B01;2;33;0;2;3;26;1;
202000001805;154 739 072;A01;1;7;0;2;1;15;1;
202000001806;154 739 067;A01;1;33;0;2;1;5;1;
202000001806;154 739 068;B01;1;7;0;2;3;15;1;
202000001807;154 739 065;A01;2;10;1;2;1;1;1;
202000001807;154 739 066;B01;2;10;0;2;1;1;1;
202000001808;154 739 062;A01;2;7;0;2;1;2;1;
202000001808;154 739 063;B01;2;7;0;2;4;2;1;
202000001808;154 739 064;C01;2;7;0;2;4;1;1;
202000001809;154 739 060;A01;2;1;0;2;3;11;5;
202000001809;154 739 061;B01;2;7;0;2;2;26;1;
202000001810;154 739 058;A01;3;10;0;2;8;15;1;
202000001810;154 739 059;B01;3;31;0;2;7;0;1;
202000001811;154 739 056;A01;2;32;0;2;3;13;1;
202000001811;154 739 057;B01;1;37;0;2;6;1;0;1
202000001812;154 739 054;B01;1;7;0;2;4;2;1;
202000001812;154 739 055;A01;1;7;0;2;1;2;1;
202000001813;154 739 052;B01;1;33;0;2;2;1;1;
202000001813;154 739 053;A01;1;10;0;2;8;11;1;
202000001814;154 739 049;A01;3;7;0;2;1;1;1;
202000001814;154 739 050;C01;3;7;0;2;4;12;1;
202000001814;154 739 051;B01;3;7;0;2;4;1;1;
202000001815;154 739 047;B01;2;7;0;2;3;15;1;
202000001815;154 739 048;A01;2;32;0;2;2;1;1;
202000001816;154 739 045;A01;1;7;0;2;3;16;1;
202000001816;154 739 046;B01;2;1;0;2;1;1;5;
202000001817;154 739 043;A01;2;30;0;2;1;1;1;
202000001817;154 739 044;Z01;1;7;0;0;0;1;0;
202000001818;154 739 040;A01;2;7;0;2;8;22;1;
202000001818;154 739 041;B01;2;32;0;2;9;1;1;
202000001818;154 739 042;C01;2;7;0;2;2;1;2;
202000001819;154 739 038;B01;1;43;0;2;1;18;1;
202000001819;154 739 039;A01;1;7;0;2;7;22;1;
202000001820;154 739 035;A01;2;7;0;2;1;1;1;
202000001820;154 739 036;B01;2;7;0;2;4;1;1;
202000001820;154 739 037;C01;2;7;0;2;4;16;1;
202000001821;154 739 033;A01;1;7;0;2;3;15;1;
202000001821;154 739 034;B01;1;30;0;2;1;17;3;
202000001822;154 739 032;Z01;1;7;0;1;7;1;1;
202000001823;154 739 030;A01;2;30;0;2;8;16;0;
202000001823;154 739 031;B01;1;7;0;2;0;0;0;
202000001824;154 739 029;A01;2;7;0;1;1;1;1;
202000001825;154 739 028;A01;1;7;0;0;9;14;1;
202000001826;154 739 027;A01;2;7;0;0;0;13;1;
202000001827;154 739 025;A01;2;7;3;0;4;2;1;
202000001827;154 739 026;B01;2;7;0;2;1;2;1;
202000001828;154 739 024;A01;2;33;16;0;0;1;1;
202000001829;154 739 023;A01;1;2;1;0;1;1;1;
202000001830;154 739 020;A01;1;7;0;0;2;1;1;
202000001831;154 739 019;A01;3;7;0;1;5;4;1;
202000001832;154 739 018;A01;1;2;0;0;8;1;1;
202000001833;154 739 016;A01;2;7;0;2;1;9;0;
202000001833;154 739 017;B01;1;7;0;2;1;1;0;
202000001834;154 739 015;A01;3;7;2;0;2;13;1;
202000001835;154 739 014;A01;1;33;0;0;9;1;1;
202000001836;154 739 013;A01;2;7;0;1;2;14;1;
202000001837;154 739 011;A01;1;7;0;2;2;17;1;
202000001837;154 739 012;B01;1;7;0;0;6;15;1;
202000001838;154 739 009;B01;2;7;7;0;7;19;1;
202000001838;154 739 010;A01;1;7;15;2;1;1;1;
202000001839;154 739 008;A01;1;33;0;0;0;1;1;
202000001840;154 739 006;A01;1;7;0;2;2;15;1;
202000001840;154 739 007;B01;1;60;0;2;3;19;5;
202000001841;154 739 004;A01;0;7;13;0;1;1;1;
202000001842;154 739 003;A01;3;10;8;0;3;1;1;
202000001843;154 739 002;A01;3;7;13;0;9;16;1;
202000001844;154 739 001;A01;1;7;2;0;1;1;1;
202000001845;154 738 999;B01;2;7;0;0;1;1;1;
202000001845;154 739 000;A01;1;7;0;0;1;17;1;
202000001846;154 738 997;B01;2;33;0;2;9;17;1;
202000001846;154 738 998;A01;2;7;0;0;8;15;1;
202000001847;154 738 996;A01;3;7;6;0;3;1;1;
202000001848;154 738 994;A01;1;7;0;2;3;0;1;
202000001848;154 738 995;B01;1;13;13;2;3;13;1;
202000001849;154 738 991;A01;2;7;0;2;5;15;1;
202000001849;154 738 992;C01;2;7;0;2;3;1;1;
202000001849;154 738 993;B01;1;31;0;2;1;1;1;
202000001850;154 738 990;A01;2;7;3;0;9;1;1;
202000001851;154 738 989;A01;1;33;0;5;1;1;1;
202000001852;154 738 987;B01;2;7;4;2;1;1;0;
202000001852;154 738 988;A01;1;7;0;2;1;13;1;
202000001853;154 738 986;A01;0;7;13;9;2;0;0;
202000001854;154 738 984;B01;1;2;0;2;1;1;1;
202000001854;154 738 985;A01;2;7;0;2;2;20;1;
202000001855;154 738 983;A01;2;7;2;0;3;1;1;
202000001856;154 738 982;A01;2;7;14;0;2;1;1;
202000001857;154 738 980;B01;1;7;15;9;1;21;1;
202000001857;154 738 981;A01;2;3;14;2;3;15;1;
202000001858;154 738 978;B01;0;7;0;2;1;1;1;
202000001858;154 738 979;A01;0;7;0;2;7;13;1;
202000001859;154 738 976;B01;1;7;0;2;3;1;1;
202000001859;154 738 977;A01;2;7;0;2;1;13;1;
202000001860;154 738 974;Z01;1;7;0;2;0;0;0;
202000001860;154 738 975;A01;2;7;0;2;6;9;1;
202000001861;154 738 971;C01;1;7;1;0;1;1;1;
202000001861;154 738 972;B01;1;7;0;2;2;1;1;
202000001861;154 738 973;A01;1;33;0;2;4;1;1;
202000001862;154 738 967;B01;2;7;0;2;4;2;1;
202000001862;154 738 968;A01;2;7;0;2;1;1;1;
202000001862;154 738 969;D01;2;7;0;2;4;2;1;
202000001862;154 738 970;C01;2;7;0;2;4;2;1;
202000001863;154 738 963;A01;2;33;0;2;1;3;1;
202000001863;154 738 964;B01;2;32;0;2;5;3;0;
202000001863;154 738 965;C01;2;7;0;2;2;1;1;
202000001863;154 738 966;D01;2;7;0;2;8;1;0;
202000001864;154 738 962;A01;2;32;0;0;1;2;1;
202000001865;154 738 959;C01;1;7;0;2;5;1;1;
202000001865;154 738 960;B01;1;7;0;2;6;11;1;
202000001865;154 738 961;A01;1;34;0;2;1;3;1;
202000001866;154 738 957;B01;2;7;0;2;3;9;0;
202000001866;154 738 958;A01;2;3;0;2;4;9;0;
202000001867;154 738 955;B01;2;7;0;2;6;1;1;
202000001867;154 738 956;A01;2;33;3;2;1;3;1;
202000001868;154 738 954;A01;2;7;4;0;3;13;1;
202000001869;154 738 953;A01;1;7;4;0;9;26;1;
202000001870;154 738 951;A01;2;7;0;2;1;2;1;
202000001870;154 738 952;B01;2;7;0;2;4;2;1;
202000001871;154 738 949;A01;1;7;0;2;8;1;1;
202000001871;154 738 950;B01;1;7;0;2;1;1;1;
202000001872;154 738 948;A01;1;33;0;2;1;2;1;
202000001873;154 738 946;B01;2;7;0;2;6;12;1;
202000001873;154 738 947;A01;2;33;0;2;1;3;1;
202000001874;154 738 944;B01;1;7;0;2;3;1;1;
202000001874;154 738 945;A01;2;7;0;2;3;13;1;
202000001875;154 738 941;C01;1;7;0;2;4;23;1;
202000001875;154 738 942;A01;1;7;0;2;1;1;1;
202000001875;154 738 943;B01;1;7;0;2;4;23;1;
202000001876;154 738 939;A01;2;7;0;2;2;16;1;
202000001876;154 738 940;B01;2;1;0;2;1;1;5;
202000001877;154 738 937;A01;1;7;0;2;1;1;1;
202000001877;154 738 938;B01;1;7;0;2;6;1;1;
202000001878;154 738 935;A01;2;1;1;2;1;13;5;
202000001878;154 738 936;B01;1;7;0;2;1;26;1;
202000001879;154 738 934;A01;1;7;0;1;3;1;1;
202000001880;154 738 929;Z01;1;3;0;2;0;0;0;
202000001880;154 738 930;C01;1;3;0;2;7;1;0;
202000001880;154 738 931;B01;1;7;0;2;9;1;0;
202000001880;154 738 932;A01;1;7;0;2;1;14;0;
202000001880;154 738 933;D01;1;3;0;2;7;1;0;
202000001881;154 738 925;A01;1;7;0;2;3;1;0;
202000001881;154 738 926;B01;1;7;0;2;0;15;0;
202000001882;154 738 923;B01;3;31;0;2;1;1;0;
202000001882;154 738 924;A01;3;7;0;2;3;15;6;
202000001883;154 738 921;A01;3;3;8;0;3;26;1;
202000001883;154 738 922;B01;3;31;8;2;1;0;1;
202000001884;154 738 920;A01;3;10;0;1;6;20;0;
202000001885;154 738 918;A01;3;10;0;2;8;26;1;
202000001885;154 738 919;B01;3;33;0;2;2;1;1;
202000001886;154 738 917;A01;1;7;0;1;1;19;0;
202000001887;154 738 915;A01;3;37;0;2;2;2;6;1
202000001887;154 738 916;B01;3;13;0;2;4;23;6;
202000001888;154 738 912;A01;2;7;0;2;1;19;1;
202000001888;154 738 913;B01;1;7;0;2;8;1;1;
202000001888;154 738 914;C01;2;10;0;2;2;1;1;
202000001889;154 738 911;A01;2;7;0;1;1;1;1;
202000001890;154 738 910;A01;1;7;0;1;2;19;1;
202000001891;154 738 908;B01;2;37;0;2;3;1;1;1
202000001891;154 738 909;A01;1;7;0;2;3;13;1;
202000001892;154 738 906;A01;0;7;0;2;1;1;1;
202000001892;154 738 907;B01;0;50;0;2;4;1;3;
202000001893;154 738 904;B01;3;1;0;2;8;19;5;
202000001893;154 738 905;A01;2;7;0;2;1;13;1;
202000001894;154 738 902;A01;1;10;0;2;8;11;1;
202000001894;154 738 903;B01;1;33;0;2;0;17;1;
202000001895;154 738 900;B01;1;1;1;0;1;1;5;
202000001895;154 738 901;A01;1;7;0;9;8;24;1;
202000001896;154 738 898;A01;2;10;0;2;3;15;1;
202000001896;154 738 899;B01;1;30;0;2;1;1;1;
202000001897;154 738 896;A01;2;10;0;2;3;15;1;
202000001897;154 738 897;B01;1;33;0;2;1;1;1;
202000001898;154 738 894;A01;1;7;0;2;1;1;1;
202000001898;154 738 895;B01;1;7;0;2;1;1;1;
202000001899;154 738 892;A01;3;7;0;2;1;21;1;
202000001899;154 738 893;B01;3;7;0;2;8;1;1;
202000001900;154 738 889;B01;2;10;0;2;1;2;1;
202000001900;154 738 890;A01;1;7;8;2;8;19;1;
202000001901;154 738 888;A01;1;7;0;1;1;1;1;
202000001902;154 738 887;A01;1;7;0;1;2;15;1;
202000001903;154 738 885;A01;2;13;0;2;2;9;1;
202000001903;154 738 886;B01;2;10;0;2;4;1;1;
202000001904;154 738 883;A01;0;7;1;2;9;1;0;
202000001904;154 738 884;B01;3;7;0;2;1;19;1;
202000001905;154 738 881;A01;1;2;0;2;1;1;1;
202000001905;154 738 882;B01;1;7;0;2;6;1;1;
202000001906;154 738 878;A01;2;7;0;2;2;15;1;
202000001906;154 738 879;B01;1;31;0;2;1;1;1;
202000001906;154 738 880;C01;1;31;0;2;1;1;1;
202000001907;154 738 876;B01;0;7;0;2;2;1;1;
202000001907;154 738 877;A01;0;7;0;2;7;1;1;
202000001908;154 738 871;A01;1;7;13;0;1;15;1;
202000001909;154 738 864;A01;1;7;0;2;3;17;0;
202000001909;154 738 866;B01;2;14;0;2;3;26;0;
202000001910;154 738 860;A01;3;7;0;2;1;1;0;
202000001910;154 738 861;B01;3;7;0;2;3;19;1;
202000001911;154 738 862;C01;2;7;0;2;6;23;1;
202000001911;154 738 863;F01;2;7;0;9;0;1;1;
202000001911;154 738 865;G01;2;7;0;9;0;1;1;
202000001911;154 738 867;A01;2;20;0;1;0;24;0;
202000001911;154 738 868;B01;2;7;4;2;1;21;1;
202000001911;154 738 869;E01;2;7;0;9;0;1;1;
202000001911;154 738 870;D01;2;7;1;9;2;1;1;
202000001912;154 738 858;B01;1;7;0;2;8;11;0;
202000001912;154 738 859;A01;1;30;0;2;2;17;0;
202000001913;154 738 856;B01;0;7;2;2;8;1;1;
202000001913;154 738 857;A01;0;7;6;2;7;17;1;
202000001914;154 738 854;B01;1;7;0;2;4;2;1;
202000001914;154 738 855;A01;1;7;0;2;1;2;1;
202000001915;154 738 853;A01;2;33;8;0;1;1;1;
202000001916;154 738 851;B01;1;7;0;2;1;2;1;
202000001916;154 738 852;A01;1;7;0;2;7;26;1;
202000001917;154 738 850;A01;2;7;2;0;1;21;1;
202000001918;154 738 849;A01;3;7;13;0;1;1;1;
202000001919;154 738 846;B01;0;7;0;2;5;1;0;
202000001919;154 738 848;A01;0;7;0;2;3;1;0;
202000001920;154 738 845;A01;1;7;0;2;1;1;1;
202000001920;154 738 847;B01;1;7;0;2;4;23;2;
202000001921;154 738 843;A01;1;7;13;0;1;1;1;
202000001922;154 738 842;A01;2;7;0;2;1;1;1;
202000001922;154 738 844;B01;3;10;0;2;5;1;1;
202000001923;154 738 840;B01;1;2;0;2;8;15;1;
202000001923;154 738 841;A01;1;7;0;2;2;1;1;
202000001924;154 738 839;A01;2;10;1;0;2;13;1;
202000001925;154 738 837;A01;1;33;0;0;3;11;0;
202000001925;154 738 838;B01;1;33;0;0;0;12;0;
202000001926;154 738 834;Z01;2;7;0;1;1;26;1;
202000001927;154 738 835;B01;1;33;0;2;8;1;1;
202000001927;154 738 836;A01;1;30;0;2;1;1;1;
202000001928;154 738 832;B01;2;7;0;2;6;19;1;
202000001928;154 738 833;A01;2;7;0;2;1;1;1;
202000001929;154 738 829;Z01;2;7;0;1;2;16;1;
202000001930;154 738 830;A01;1;7;0;1;3;1;1;
202000001931;154 738 828;B01;1;7;0;2;2;1;1;
202000001931;154 738 831;A01;2;2;0;2;7;15;1;
202000001932;154 738 825;B01;1;60;0;2;8;19;5;
202000001932;154 738 827;A01;2;7;0;2;7;5;1;
202000001933;154 738 824;B01;1;33;0;2;1;1;1;
202000001933;154 738 826;A01;2;7;0;2;1;15;1;
202000001934;154 738 822;A01;1;7;0;2;2;15;1;
202000001934;154 738 823;B01;2;1;0;2;1;1;5;
202000001935;154 738 818;B01;2;7;0;0;7;1;1;
202000001935;154 738 820;A01;2;1;0;2;8;13;5;
202000001936;154 738 819;B01;2;7;0;2;3;16;1;
202000001936;154 738 821;A01;2;30;0;2;2;1;1;
202000001937;154 738 817;A01;3;7;12;0;3;26;1;
202000001938;154 738 812;B01;1;10;0;2;1;1;1;
202000001938;154 738 814;A01;1;1;0;2;8;15;5;
202000001939;154 738 815;B01;2;7;0;2;1;1;1;
202000001939;154 738 816;A01;1;7;0;2;1;13;1;
202000001940;154 738 811;A01;2;80;0;0;0;1;3;
202000001941;154 738 810;A01;2;1;0;0;1;1;5;
202000001942;154 738 813;A01;1;7;13;0;7;14;1;
202000001943;154 738 808;A01;2;7;15;0;1;13;1;
202000001944;154 738 805;A01;1;34;0;2;7;16;1;
202000001944;154 738 807;B01;1;30;0;2;1;18;0;
202000001945;154 738 806;A01;3;7;0;2;8;1;1;
202000001945;154 738 809;B01;3;1;0;2;1;1;5;
202000001946;154 738 801;B01;2;2;0;2;2;1;1;
202000001946;154 738 804;A01;2;7;0;2;3;19;1;
202000001947;154 738 802;A01;1;7;16;0;3;1;1;
202000001948;154 738 800;A01;1;7;0;2;2;1;1;