num_acc;id_vehicule;num_veh;senc;catv;obs;obsm;choc;manv;motor;occutc
202000002240;154 738 307;B01;2;7;0;2;1;1;0;
202000002240;154 738 308;A01;2;7;0;0;4;1;0;
202000002241;154 738 304;A01;1;7;0;2;1;2;1;
202000002241;154 738 306;B01;1;7;0;2;4;2;1;
202000002242;154 738 303;B01;2;1;0;2;8;1;5;
202000002242;154 738 305;A01;1;7;0;2;1;9;1;
202000002243;154 738 301;B01;1;7;0;2;1;17;1;
202000002243;154 738 302;A01;1;7;0;2;1;1;1;
202000002244;154 738 299;A01;2;7;0;9;2;1;1;
202000002245;154 738 291;D01;1;7;0;2;2;1;1;
202000002245;154 738 292;E01;1;38;0;2;6;1;1;1
202000002245;154 738 294;A01;1;7;4;0;3;1;1;
202000002245;154 738 295;B01;1;7;0;2;5;1;1;
202000002245;154 738 297;C01;1;7;0;2;2;1;1;
202000002246;154 738 287;A01;3;7;0;2;3;13;1;
202000002246;154 738 288;B01;3;7;0;2;3;0;1;
202000002247;154 738 283;A01;2;10;0;0;1;16;0;
202000002248;154 738 284;B01;2;7;0;2;6;1;1;
202000002248;154 738 285;A01;1;7;0;2;2;13;1;
202000002248;154 738 286;C01;2;7;0;2;1;23;1;
202000002249;154 738 281;A01;3;10;0;2;3;1;1;
202000002249;154 738 282;B01;2;10;0;2;1;1;1;
202000002250;154 738 280;A01;0;7;0;0;9;0;1;
202000002251;154 738 279;A01;3;7;4;0;3;9;1;
202000002252;154 738 278;A01;1;33;13;0;1;1;1;
202000002253;154 738 277;A01;1;33;13;0;1;1;1;
202000002254;154 738 275;A01;2;7;0;2;1;13;1;
202000002254;154 738 276;B01;1;7;0;2;1;1;1;
202000002255;154 738 274;A01;1;33;0;0;8;21;1;
202000002256;154 738 271;A01;2;7;0;0;6;15;0;
202000002256;154 738 272;B01;2;33;0;0;7;17;0;
202000002257;154 738 270;B01;3;99;0;2;3;9;1;
202000002257;154 738 273;A01;0;99;0;2;1;1;1;
202000002258;154 738 269;A01;3;33;2;0;1;0;1;
202000002259;154 738 267;A01;3;7;0;2;0;9;0;
202000002259;154 738 268;B01;3;7;0;2;5;1;1;
202000002260;154 738 263;A01;1;7;0;2;1;2;1;
202000002260;154 738 265;B01;1;36;0;2;4;26;1;
202000002261;154 738 264;B01;1;21;0;0;0;15;0;
202000002261;154 738 266;A01;1;33;0;0;0;17;0;
202000002262;154 738 259;B01;1;7;0;2;0;0;1;
202000002262;154 738 262;A01;1;7;5;2;1;15;1;
202000002263;154 738 258;A01;2;7;0;2;4;2;1;
202000002263;154 738 260;B01;2;7;0;2;4;1;1;
202000002263;154 738 261;C01;2;7;0;2;1;1;1;
202000002264;154 738 256;A01;3;1;0;2;1;1;5;
202000002264;154 738 257;B01;3;7;0;2;4;23;1;
202000002265;154 738 255;A01;2;7;4;0;5;21;1;
202000002266;154 738 249;A01;1;7;4;0;2;1;1;
202000002266;154 738 251;B01;1;7;0;2;3;1;1;
202000002266;154 738 252;C01;1;7;0;2;1;1;1;
202000002267;154 738 250;A01;2;32;0;0;0;1;1;
202000002268;154 738 247;A01;1;10;0;2;1;17;1;
202000002268;154 738 248;B01;1;10;0;2;4;1;1;
202000002269;154 738 245;A01;1;33;3;0;1;17;1;
202000002270;154 738 246;A01;2;7;4;0;2;1;1;
202000002271;154 738 242;B01;1;7;0;2;1;2;1;
202000002271;154 738 244;A01;1;7;0;2;4;2;1;
202000002272;154 738 241;A01;2;30;0;2;1;13;1;
202000002272;154 738 243;B01;1;7;0;2;0;0;1;
202000002273;154 738 239;A01;2;7;3;0;1;9;1;
202000002274;154 738 238;B01;2;7;0;0;4;2;1;
202000002274;154 738 240;A01;2;7;0;2;1;26;1;
202000002275;154 738 235;B01;2;7;0;2;1;1;1;
202000002275;154 738 237;A01;1;7;8;2;1;1;1;
202000002276;154 738 230;A01;1;7;0;2;1;2;1;
202000002276;154 738 232;B01;1;7;0;2;1;2;1;
202000002276;154 738 234;C01;1;7;0;2;4;1;2;
202000002276;154 738 236;D01;1;7;0;2;4;14;1;
202000002277;154 738 231;B01;2;33;0;2;1;1;1;
202000002277;154 738 233;A01;1;7;0;2;2;15;1;
202000002278;154 738 229;A01;1;7;4;0;0;21;1;
202000002279;154 738 228;A01;3;7;4;0;1;2;1;
202000002280;154 738 227;A01;1;7;4;0;2;0;0;
202000002281;154 738 226;A01;1;31;0;0;7;1;1;
202000002282;154 738 224;A01;0;33;0;2;0;15;1;
202000002282;154 738 225;B01;0;10;0;0;0;1;0;
202000002283;154 738 221;C01;1;33;0;2;3;2;1;
202000002283;154 738 222;A01;3;10;0;9;0;23;1;
202000002283;154 738 223;B01;1;33;0;2;0;2;1;
202000002284;154 738 220;A01;1;33;0;1;1;1;1;
202000002285;154 738 218;B01;2;13;0;2;4;23;1;
202000002285;154 738 219;A01;2;7;0;2;1;1;1;
202000002286;154 738 216;B01;0;7;0;2;6;20;1;
202000002286;154 738 217;A01;0;7;0;2;2;2;1;
202000002287;154 738 214;A01;2;7;2;0;1;13;1;
202000002288;154 738 215;A01;2;10;0;1;1;15;1;
202000002289;154 738 213;A01;2;50;0;0;0;26;3;
202000002290;154 738 212;A01;2;7;2;0;1;14;1;
202000002291;154 738 211;A01;3;7;12;0;1;16;0;
202000002292;154 738 208;Z01;1;7;0;2;1;11;1;
202000002292;154 738 210;A01;1;7;0;2;5;1;1;
202000002293;154 738 207;A01;1;32;0;2;1;1;1;
202000002293;154 738 209;B01;2;7;0;2;1;9;1;
202000002294;154 738 204;A01;2;7;0;2;3;15;1;
202000002294;154 738 206;B01;2;32;0;2;7;17;1;
202000002295;154 738 203;B01;2;7;0;2;4;2;1;
202000002295;154 738 205;A01;2;0;0;2;1;2;0;
202000002296;154 738 200;B01;1;7;0;2;3;1;1;
202000002296;154 738 202;A01;2;7;0;2;1;1;1;
202000002297;154 738 201;A01;2;30;0;1;1;17;1;
202000002298;154 738 198;B01;2;10;0;2;3;1;1;
202000002298;154 738 199;A01;2;99;0;2;3;15;1;
202000002299;154 738 195;B01;2;30;0;2;2;17;1;
202000002299;154 738 197;A01;2;7;0;2;6;15;1;
202000002300;154 738 194;B01;1;7;0;2;5;2;1;
202000002300;154 738 196;A01;1;7;0;2;1;1;1;
202000002301;154 738 191;B01;2;7;0;2;6;1;0;
202000002301;154 738 193;A01;2;2;14;0;1;2;0;
202000002302;154 738 189;C01;2;7;0;2;3;1;1;
202000002302;154 738 190;B01;1;7;0;2;3;1;1;
202000002302;154 738 192;A01;2;50;0;2;1;1;3;
202000002303;154 738 188;A01;1;7;8;0;1;26;1;
202000002304;154 738 186;A01;1;32;0;2;1;1;1;
202000002304;154 738 187;B01;3;7;0;2;5;1;0;
202000002305;154 738 183;A01;2;7;0;2;1;1;1;
202000002305;154 738 184;B01;1;7;0;2;0;0;1;
202000002305;154 738 185;C01;2;7;0;2;0;0;1;
202000002306;154 738 181;A01;1;7;0;2;1;17;1;
202000002306;154 738 182;B01;1;7;0;2;6;15;1;
202000002307;154 738 177;A01;0;7;9;0;0;1;-1;
202000002307;154 738 178;B01;0;7;0;2;0;23;-1;
202000002307;154 738 179;C01;0;7;0;2;0;23;-1;
202000002308;154 738 176;B01;1;7;0;1;0;0;0;
202000002309;154 738 175;A01;2;33;0;5;1;1;1;
202000002310;154 738 173;B01;0;10;0;2;1;1;0;
202000002310;154 738 174;A01;0;1;0;2;1;19;0;
202000002311;154 738 172;A01;1;7;1;0;2;14;1;
202000002312;154 738 170;B01;0;33;0;2;1;1;1;
202000002312;154 738 171;A01;0;10;0;2;2;19;1;
202000002313;154 738 168;B01;1;7;0;2;1;1;1;
202000002313;154 738 169;A01;1;7;0;2;1;16;1;
202000002314;154 738 167;A01;1;7;0;1;5;1;1;
202000002315;154 738 165;A01;1;35;0;2;8;19;3;
202000002315;154 738 166;B01;1;7;0;2;1;1;1;
202000002316;154 738 163;Z01;1;10;0;2;1;1;1;
202000002316;154 738 164;B01;1;10;0;2;4;1;1;
202000002317;154 738 161;A01;1;1;0;2;1;25;5;
202000002317;154 738 162;B01;0;7;0;2;1;9;1;
202000002318;154 738 160;A01;2;7;0;1;2;1;1;
202000002319;154 738 158;Z01;1;7;0;2;0;0;0;
202000002319;154 738 159;A01;1;32;0;2;8;26;1;
202000002320;154 738 157;A01;2;1;0;0;0;1;0;
202000002321;154 738 156;A01;2;7;0;1;2;26;1;
202000002322;154 738 154;B01;3;7;0;2;8;23;1;
202000002322;154 738 155;A01;3;7;0;2;1;13;1;
202000002323;154 738 153;A01;1;7;0;1;1;17;1;
202000002324;154 738 151;B01;1;2;0;0;1;1;1;
202000002324;154 738 152;A01;2;7;0;2;5;15;0;
202000002325;154 738 148;A01;3;7;0;2;3;9;1;
202000002325;154 738 149;B01;0;2;0;2;2;9;1;
202000002326;154 738 147;A01;1;30;0;0;7;2;1;
202000002327;154 738 146;A01;1;7;0;1;5;4;1;
202000002328;154 738 145;A01;1;7;13;0;1;13;1;
202000002329;154 738 144;A01;2;7;0;1;1;15;1;
202000002330;154 738 142;A01;2;7;0;2;1;1;1;
202000002330;154 738 143;B01;2;13;0;2;2;1;0;
202000002331;154 738 141;A01;1;7;0;1;2;26;6;
202000002332;154 738 140;A01;2;7;0;1;1;26;1;
202000002333;154 738 138;B01;1;32;0;2;4;1;1;
202000002333;154 738 139;A01;1;10;0;2;1;1;1;
202000002334;154 738 136;B01;1;7;0;2;5;11;1;
202000002334;154 738 137;A01;1;32;0;2;1;3;1;
202000002335;154 738 134;A01;1;33;0;2;7;1;1;
202000002335;154 738 135;Z01;1;7;0;0;0;12;0;
202000002336;154 738 133;A01;2;10;0;1;5;4;1;
202000002337;154 738 131;A01;2;7;0;2;2;12;1;
202000002337;154 738 132;B01;2;1;0;2;1;1;5;
202000002338;154 738 130;A01;0;10;0;1;4;26;1;
202000002339;154 738 127;A01;1;10;0;2;6;24;1;
202000002339;154 738 128;B01;1;7;0;2;7;1;1;
202000002339;154 738 129;C01;1;1;1;2;9;13;5;
202000002340;154 738 126;A01;3;7;0;1;1;1;1;
202000002341;154 738 125;A01;0;30;0;0;8;26;1;
202000002342;154 738 123;A01;0;33;0;2;1;2;1;
202000002342;154 738 124;B01;0;7;0;2;4;2;1;
202000002343;154 738 122;A01;1;7;0;1;3;16;1;
202000002344;154 738 120;B01;3;7;0;2;4;23;1;
202000002344;154 738 121;A01;3;7;0;2;1;1;1;
202000002345;154 738 119;A01;0;7;0;1;2;1;1;
202000002346;154 738 115;B01;0;34;0;2;1;1;1;
202000002346;154 738 116;A01;2;7;0;2;2;15;1;
202000002347;154 738 113;A01;0;7;0;2;1;13;1;
202000002347;154 738 114;B01;0;7;1;2;1;1;1;
202000002348;154 738 109;A01;2;7;0;2;6;10;1;
202000002348;154 738 110;B01;2;7;0;2;1;1;1;
202000002349;154 738 108;A01;3;10;0;1;4;9;0;
202000002350;154 738 107;A01;1;7;0;1;1;11;1;
202000002351;154 738 105;A01;1;7;0;2;5;26;1;
202000002351;154 738 106;B01;1;30;0;2;3;2;1;
202000002352;154 738 103;B01;3;1;0;2;1;1;5;
202000002352;154 738 104;A01;3;34;0;9;1;1;1;
202000002353;154 738 101;A01;2;7;0;9;7;16;1;
202000002353;154 738 102;B01;3;50;0;2;0;0;3;
202000002354;154 738 099;B01;1;7;0;2;5;1;1;
202000002354;154 738 100;A01;1;1;0;2;1;9;5;
202000002355;154 738 097;A01;1;7;0;2;2;1;1;
202000002355;154 738 098;B01;1;1;0;2;8;13;5;
202000002356;154 738 095;B01;1;2;0;2;1;2;1;
202000002356;154 738 096;A01;1;7;0;2;6;4;1;
202000002357;154 738 093;B01;1;7;14;2;1;5;1;
202000002357;154 738 094;A01;1;7;14;2;2;13;1;
202000002358;154 738 091;A01;2;17;0;2;2;1;1;
202000002358;154 738 092;B01;2;7;0;2;5;2;0;
202000002359;154 738 089;A01;3;7;0;9;1;26;0;
202000002359;154 738 090;Y01;0;1;0;0;8;1;5;
202000002360;154 738 087;Y01;1;1;1;2;3;1;0;
202000002360;154 738 088;Z01;2;7;0;9;3;15;1;
202000002361;154 738 085;B01;3;33;0;2;1;1;1;
202000002361;154 738 086;A01;3;7;0;2;3;15;1;
202000002362;154 738 083;B01;1;7;0;2;2;15;1;
202000002362;154 738 084;A01;2;32;0;2;2;18;1;
202000002363;154 738 081;B01;0;7;0;2;2;23;1;
202000002363;154 738 082;A01;0;1;0;2;1;25;5;
202000002364;154 738 079;B01;1;7;0;2;1;0;1;
202000002364;154 738 080;A01;1;7;0;2;1;0;1;
202000002365;154 738 077;B01;3;1;0;2;4;19;5;
202000002365;154 738 078;A01;1;7;0;2;1;1;1;
202000002366;154 738 075;A01;1;7;0;2;3;19;1;
202000002366;154 738 076;B01;1;7;0;2;1;19;1;
202000002367;154 738 073;A01;1;7;0;2;1;13;1;
202000002367;154 738 074;B01;2;7;0;2;1;1;1;
202000002368;154 738 071;B01;1;7;0;2;1;1;-1;
202000002368;154 738 072;A01;1;7;0;0;4;1;-1;
202000002369;154 738 069;B01;3;1;0;2;4;2;5;
202000002369;154 738 070;Z01;3;7;0;2;0;26;0;
202000002370;154 738 067;A01;2;7;0;2;6;15;1;
202000002370;154 738 068;B01;2;33;0;2;1;1;1;
202000002371;154 738 064;C01;2;7;0;2;4;1;1;
202000002371;154 738 065;A01;2;10;0;2;1;1;1;
202000002371;154 738 066;B01;2;7;0;2;4;1;1;
202000002372;154 738 063;A01;1;30;0;0;0;1;1;
202000002373;154 738 061;B01;0;50;0;2;1;1;3;
202000002373;154 738 062;A01;0;7;0;2;5;16;1;
202000002374;154 738 060;A01;1;7;0;1;1;1;1;
202000002375;154 738 059;A01;0;7;0;1;1;1;1;
202000002376;154 738 058;A01;1;32;0;1;1;1;1;
202000002377;154 738 057;A01;1;40;0;1;1;1;3;
202000002378;154 738 056;A01;2;1;0;0;0;1;5;
202000002379;154 738 055;A01;1;2;0;0;0;0;1;
202000002380;154 738 053;A01;0;7;0;2;6;9;1;
202000002380;154 738 054;B01;0;80;0;2;1;1;3;
202000002381;154 738 052;A01;2;7;0;1;3;26;1;
202000002382;154 738 050;B01;3;7;0;2;8;1;1;
202000002382;154 738 051;A01;3;32;0;2;1;16;1;
202000002383;154 738 049;A01;1;7;0;1;4;20;1;
202000002384;154 738 048;A01;1;1;0;0;0;1;5;
202000002385;154 738 046;A01;2;10;1;2;3;1;1;
202000002385;154 738 047;C01;2;7;0;2;8;1;1;
202000002386;154 738 044;A01;2;33;0;2;3;2;1;
202000002386;154 738 045;B01;2;10;0;2;7;16;0;
202000002387;154 738 043;A01;2;7;16;0;2;1;1;
202000002388;154 738 041;B01;0;7;0;2;7;1;1;
202000002388;154 738 042;A01;0;7;8;2;1;19;1;
202000002389;154 738 039;A01;1;7;0;2;0;0;1;
202000002389;154 738 040;B01;1;2;0;2;0;0;1;
202000002390;154 738 037;A01;2;10;0;1;2;1;1;
202000002390;154 738 038;B01;2;1;0;2;4;1;5;
202000002391;154 738 033;A01;1;14;0;2;2;9;1;
202000002391;154 738 034;C01;1;7;0;2;4;0;0;
202000002391;154 738 035;D01;1;7;0;2;4;0;0;
202000002391;154 738 036;B01;1;7;16;0;4;0;0;
202000002392;154 738 031;B01;1;7;0;2;2;1;1;
202000002392;154 738 032;A01;2;33;0;2;2;1;1;
202000002393;154 738 029;B01;3;7;0;2;1;16;1;
202000002393;154 738 030;A01;3;7;0;2;2;15;1;
202000002394;154 738 028;A01;1;33;12;0;0;0;1;
202000002395;154 738 027;A01;1;7;0;1;3;0;1;
202000002396;154 738 026;A01;2;7;2;0;1;12;1;
202000002397;154 738 025;A01;1;37;0;1;8;15;1;1
202000002398;154 738 022;C01;1;13;0;2;4;2;1;
202000002398;154 738 023;B01;1;7;0;2;4;2;1;
202000002398;154 738 024;A01;1;10;0;2;1;2;1;
202000002399;154 738 021;A01;1;34;0;0;8;1;1;
202000002400;154 738 019;B01;2;1;0;2;1;1;5;
202000002400;154 738 020;A01;1;10;0;2;5;4;1;
202000002401;154 738 017;B01;1;32;0;2;1;1;1;
202000002401;154 738 018;A01;1;7;0;2;1;5;1;
202000002402;154 738 016;A01;2;50;0;1;1;1;3;
202000002403;154 738 014;B01;0;7;0;2;4;1;2;
202000002403;154 738 015;A01;0;7;0;2;1;1;1;
202000002404;154 738 011;A01;1;7;0;2;1;1;1;
202000002404;154 738 012;B01;1;31;0;2;2;1;1;
202000002404;154 738 013;C01;1;7;0;2;7;1;1;
202000002405;154 738 010;A01;2;7;0;1;2;15;1;
202000002406;154 738 008;A01;3;7;0;2;2;15;1;
202000002406;154 738 009;B01;3;32;0;2;3;1;1;
202000002407;154 738 006;B01;2;1;0;2;3;1;5;
202000002407;154 738 007;A01;1;7;0;2;3;22;1;
202000002408;154 738 004;A01;2;1;0;2;1;13;5;
202000002408;154 738 005;B01;2;7;0;2;2;7;1;
202000002409;154 738 003;A01;2;7;0;1;3;1;1;
202000002410;154 738 002;A01;2;10;0;1;3;16;1;
202000002411;154 738 001;A01;3;7;14;0;1;1;1;
202000002412;154 737 999;A01;1;7;0;2;1;15;1;
202000002412;154 738 000;B01;1;30;0;2;8;16;1;
202000002413;154 737 997;B01;2;7;0;2;1;1;1;
202000002413;154 737 998;A01;1;50;0;2;7;1;3;
202000002414;154 737 995;A01;1;50;0;2;1;19;3;
202000002414;154 737 996;B01;1;1;0;2;1;1;5;
202000002415;154 737 993;A01;1;30;0;2;3;7;1;
202000002415;154 737 994;B01;1;13;0;2;3;16;1;
202000002416;154 737 991;B01;2;7;0;2;3;1;1;
202000002416;154 737 992;A01;1;32;0;2;1;19;1;
202000002417;154 737 990;A01;1;7;1;1;3;24;0;
202000002418;154 737 988;A01;2;7;0;2;1;13;1;
202000002418;154 737 989;B01;2;31;0;2;1;3;1;
202000002419;154 737 986;A01;3;7;0;2;3;15;0;
202000002419;154 737 987;B01;3;2;0;2;3;15;1;
202000002420;154 737 984;A01;2;1;0;2;7;1;5;
202000002420;154 737 985;B01;1;7;0;2;3;1;1;
202000002421;154 737 982;A01;2;50;0;2;1;1;3;
202000002421;154 737 983;B01;2;10;0;0;2;9;1;
202000002422;154 737 980;A01;3;7;0;2;2;1;1;
202000002422;154 737 981;B01;2;32;15;2;1;1;1;
202000002423;154 737 975;X01;2;7;0;2;0;0;0;
202000002423;154 737 976;D01;2;7;0;2;4;1;1;
202000002423;154 737 977;C01;2;7;0;2;4;0;1;
202000002423;154 737 978;B01;2;7;0;2;4;1;1;
202000002423;154 737 979;A01;2;7;0;2;0;1;1;
202000002424;154 737 974;B01;1;31;0;1;3;18;1;
202000002425;154 737 973;A01;1;7;1;0;3;22;1;
202000002426;154 737 971;A01;2;33;0;2;1;1;1;
202000002426;154 737 972;B01;2;7;0;2;1;0;0;
202000002427;154 737 969;B01;1;7;0;2;5;1;2;
202000002427;154 737 970;A01;1;7;0;2;3;14;1;
202000002428;154 737 967;B01;2;1;1;0;1;1;5;
202000002428;154 737 968;A01;2;7;0;2;8;22;1;
202000002429;154 737 964;A01;1;15;0;0;6;23;1;
202000002429;154 737 965;B01;1;10;0;2;2;0;1;
202000002429;154 737 966;C01;1;7;0;9;1;0;1;
202000002430;154 737 962;A01;1;10;0;2;3;15;1;
202000002430;154 737 963;B01;1;34;0;2;1;17;1;
202000002431;154 737 961;A01;3;14;13;0;2;1;1;
202000002432;154 737 960;A01;1;33;16;0;0;1;0;
202000002433;154 737 958;A01;3;7;0;2;1;15;0;
202000002433;154 737 959;B01;1;7;0;0;7;1;0;
202000002434;154 737 956;A01;1;7;0;0;6;15;1;
202000002434;154 737 957;B01;1;33;0;2;2;17;1;
202000002435;154 737 955;A01;2;7;15;0;1;1;1;
202000002436;154 737 954;A01;1;7;13;0;1;0;1;
202000002437;154 737 952;A01;0;7;0;2;3;13;1;
202000002437;154 737 953;B01;0;7;0;2;3;1;1;
202000002438;154 737 951;A01;0;7;8;0;1;1;0;
202000002439;154 737 950;A01;2;7;9;0;2;1;1;
202000002440;154 737 948;B01;1;7;0;0;4;1;1;
202000002440;154 737 949;A01;1;34;0;2;1;1;1;
202000002441;154 737 946;B01;1;7;0;9;7;16;0;
202000002441;154 737 947;A01;1;1;0;2;8;1;5;
202000002442;154 737 945;A01;1;32;7;0;1;1;1;
202000002443;154 737 943;B01;2;21;0;2;6;15;1;
202000002443;154 737 944;A01;2;7;0;2;1;17;1;
202000002444;154 737 942;A01;1;7;13;0;2;14;1;
202000002445;154 737 941;A01;1;7;13;0;9;13;0;
202000002446;154 737 938;A01;2;7;0;0;4;1;6;
202000002446;154 737 939;B01;2;31;0;2;1;1;0;
202000002446;154 737 940;C01;1;21;0;0;0;1;0;
202000002447;154 737 936;B01;1;1;0;2;0;26;5;
202000002447;154 737 937;A01;1;10;0;9;3;0;1;
202000002448;154 737 935;A01;0;33;2;0;1;0;1;
202000002449;154 737 933;B01;2;7;0;2;3;1;1;
202000002449;154 737 934;A01;1;21;0;2;3;15;1;
202000002450;154 737 931;B01;2;7;0;0;5;23;1;
202000002450;154 737 932;A01;2;2;0;2;1;2;1;
202000002451;154 737 929;A01;2;7;0;9;2;9;1;
202000002451;154 737 930;B01;2;1;0;2;1;1;5;
202000002452;154 737 928;A01;1;7;13;0;2;1;1;
202000002453;154 737 926;A01;2;21;0;2;1;15;1;
202000002453;154 737 927;B01;1;33;0;2;1;1;1;
202000002454;154 737 925;A01;2;7;2;0;1;14;1;
202000002455;154 737 923;A01;1;7;0;0;1;13;0;
202000002455;154 737 924;B01;2;7;0;0;1;1;0;
202000002456;154 737 920;C01;2;7;0;2;4;23;1;
202000002456;154 737 921;B01;2;7;0;2;4;23;1;
202000002456;154 737 922;A01;2;10;0;2;1;1;1;
202000002457;154 737 917;A01;1;7;0;2;7;1;1;
202000002457;154 737 918;B01;2;7;0;2;1;1;1;
202000002457;154 737 919;C01;2;7;0;2;3;19;1;
202000002458;154 737 916;A01;1;7;13;0;2;14;1;
202000002459;154 737 914;B01;3;7;0;2;3;1;1;
202000002459;154 737 915;A01;3;7;0;2;3;15;1;
202000002460;154 737 913;A01;1;7;17;0;0;14;1;
202000002461;154 737 911;B01;1;33;0;2;2;0;1;
202000002461;154 737 912;A01;1;7;0;2;3;11;1;
202000002462;154 737 909;B01;2;1;0;2;1;1;5;
202000002462;154 737 910;A01;1;7;0;2;2;15;1;
202000002463;154 737 908;A01;3;7;0;0;1;1;1;
202000002464;154 737 906;A01;1;7;0;2;1;13;1;
202000002464;154 737 907;B01;2;7;0;2;3;1;1;
202000002465;154 737 905;A01;1;7;3;0;3;1;1;
202000002466;154 737 903;A01;2;7;0;2;1;1;1;
202000002466;154 737 904;B01;2;50;0;2;7;1;3;
202000002467;154 737 901;A01;1;14;0;9;2;16;1;
202000002467;154 737 902;B01;1;1;0;2;0;1;5;
202000002468;154 737 899;B01;1;7;0;0;6;1;1;
202000002468;154 737 900;A01;1;33;0;2;1;13;1;
202000002469;154 737 897;B01;1;17;0;0;6;2;1;
202000002469;154 737 898;A01;1;7;0;2;1;2;1;
202000002470;154 737 896;A01;3;33;13;0;7;13;1;
202000002471;154 737 895;A01;2;7;0;0;9;14;1;
202000002472;154 737 894;A01;0;36;0;0;6;1;0;
202000002473;154 737 892;B01;2;7;0;2;3;1;1;
202000002473;154 737 893;A01;1;7;0;2;3;13;1;
202000002474;154 737 891;A01;3;33;12;0;1;26;1;
202000002475;154 737 890;A01;1;7;13;0;1;21;1;
202000002476;154 737 887;B01;2;7;0;2;1;1;0;
202000002476;154 737 888;C01;1;33;0;2;2;1;0;
202000002476;154 737 889;A01;2;13;0;2;7;15;0;
202000002477;154 737 885;B01;0;33;0;2;0;26;1;
202000002477;154 737 886;A01;0;7;0;2;3;0;1;
202000002478;154 737 883;B01;2;33;0;0;3;1;1;
202000002478;154 737 884;A01;2;7;0;0;6;9;1;
202000002479;154 737 882;A01;1;33;0;0;0;1;1;
202000002480;154 737 881;A01;1;7;0;1;0;24;1;
202000002481;154 737 879;A01;1;10;0;2;7;11;0;
202000002481;154 737 880;B01;2;1;0;2;1;1;5;
202000002482;154 737 877;B01;1;7;0;2;1;15;1;
202000002482;154 737 878;A01;2;7;7;2;3;1;1;
202000002483;154 737 876;A01;1;33;16;0;9;1;1;
202000002484;154 737 874;B01;1;99;0;2;8;19;3;
202000002484;154 737 875;A01;1;15;0;2;2;1;1;
202000002485;154 737 872;B01;3;7;0;2;3;1;1;
202000002485;154 737 873;A01;3;7;0;2;3;15;1;
202000002486;154 737 870;A01;0;7;0;9;2;9;1;
202000002486;154 737 871;B01;0;80;0;0;4;1;3;
202000002487;154 737 868;B01;2;7;0;2;5;2;1;
202000002487;154 737 869;A01;2;33;0;2;3;15;1;
202000002488;154 737 866;A01;2;7;0;2;8;11;1;
202000002488;154 737 867;B01;2;33;0;2;7;1;1;
202000002489;154 737 863;C01;2;7;0;2;9;1;1;
202000002489;154 737 864;B01;2;17;0;2;4;1;1;
202000002489;154 737 865;A01;2;17;0;2;1;1;1;
202000002490;154 737 860;A01;2;7;0;2;0;0;1;
202000002490;154 737 861;B01;2;7;0;2;0;1;1;
202000002490;154 737 862;C01;2;7;0;2;1;1;1;
202000002491;154 737 857;C01;2;7;0;2;0;2;1;
202000002491;154 737 858;B01;2;7;0;2;0;1;1;
202000002491;154 737 859;A01;2;7;0;2;1;1;1;
202000002492;154 737 855;B01;1;7;0;2;4;0;1;
202000002492;154 737 856;A01;1;7;0;2;1;1;1;
202000002493;154 737 852;B01;1;7;0;2;6;1;1;
202000002493;154 737 853;A01;1;15;0;2;2;12;1;
202000002493;154 737 854;C01;1;7;0;2;1;1;1;
202000002494;154 737 851;A01;1;34;11;0;1;1;1;
202000002495;154 737 849;B01;1;7;0;2;4;2;1;
202000002495;154 737 850;A01;1;7;0;2;1;2;1;
202000002496;154 737 846;C01;3;7;0;2;4;2;1;
202000002496;154 737 847;B01;3;7;0;2;4;2;1;
202000002496;154 737 848;A01;3;7;0;2;1;2;1;
202000002497;154 737 845;A01;3;10;0;1;4;4;1;
202000002498;154 737 844;A01;1;10;3;0;2;1;1;
202000002499;154 737 843;A01;2;33;0;0;0;16;1;
202000002500;154 737 841;B01;3;7;0;2;3;1;1;
202000002500;154 737 842;A01;1;30;0;2;1;19;1;
202000002501;154 737 840;A01;3;7;0;1;2;15;1;
202000002502;154 737 839;Z01;1;1;0;1;0;2;5;
202000002503;154 737 837;A01;3;1;0;2;7;6;5;
202000002503;154 737 838;B01;3;7;0;2;1;1;1;
202000002504;154 737 835;Y01;3;1;0;2;1;19;5;
202000002504;154 737 836;A01;2;7;0;2;7;1;1;
202000002505;154 737 833;A01;2;1;0;2;3;1;5;
202000002505;154 737 834;B01;2;7;0;2;1;1;1;
202000002506;154 737 831;B01;1;7;0;2;1;1;1;
202000002506;154 737 832;A01;1;7;0;2;1;19;1;
202000002507;154 737 829;A01;1;7;0;2;1;1;1;
202000002507;154 737 830;B01;1;7;0;2;4;1;1;
202000002508;154 737 828;A01;1;3;15;0;1;14;3;
202000002509;154 737 826;B01;3;2;0;2;0;1;1;
202000002509;154 737 827;A01;3;7;0;2;5;15;1;
202000002510;154 737 824;B01;2;7;0;2;6;1;1;
202000002510;154 737 825;A01;2;7;0;2;2;12;1;
202000002511;154 737 822;B01;1;10;1;0;2;0;0;
202000002511;154 737 823;A01;3;7;1;2;8;22;0;
202000002512;154 737 819;C01;2;7;0;2;1;1;1;
202000002512;154 737 820;B01;1;7;0;2;6;1;1;
202000002512;154 737 821;A01;1;7;0;2;3;17;1;
202000002513;154 737 818;A01;1;7;0;1;1;15;1;
202000002514;154 737 817;A01;1;7;0;1;2;1;1;
202000002515;154 737 815;B01;2;1;0;2;8;1;5;
202000002515;154 737 816;A01;2;10;0;2;7;17;1;