num_acc;id_vehicule;num_veh;senc;catv;obs;obsm;choc;manv;motor;occutc
202000002516;154 737 813;A01;1;7;0;2;1;2;1;
202000002516;154 737 814;B01;1;7;0;2;4;23;1;
202000002517;154 737 811;B01;1;7;0;0;3;2;1;
202000002517;154 737 812;A01;1;34;0;1;8;17;1;
202000002518;154 737 810;A01;1;7;0;1;3;26;1;
202000002519;154 737 808;A01;2;7;0;2;2;15;0;
202000002519;154 737 809;B01;2;1;0;2;1;1;1;
202000002520;154 737 807;A01;1;7;6;0;3;1;0;
202000002521;154 737 806;A01;2;7;0;1;1;1;1;
202000002522;154 737 805;A01;2;7;8;0;1;0;0;
202000002523;154 737 803;B01;1;7;0;2;3;1;0;
202000002523;154 737 804;A01;1;7;0;2;1;1;1;
202000002524;154 737 801;A01;2;7;0;9;3;1;0;
202000002524;154 737 802;B01;1;31;0;2;0;26;1;
202000002525;154 737 799;A01;1;7;0;2;1;1;-1;
202000002525;154 737 800;B01;3;33;0;2;8;1;1;
202000002526;154 737 797;B01;2;7;0;2;1;15;6;
202000002526;154 737 798;A01;1;7;0;2;7;13;6;
202000002527;154 737 795;A01;2;7;0;2;3;15;1;
202000002527;154 737 796;B01;1;7;0;2;3;1;1;
202000002528;154 737 794;B01;2;7;0;1;7;16;1;
202000002529;154 737 791;B01;2;33;0;2;2;3;1;
202000002529;154 737 792;A01;2;14;0;2;3;22;1;
202000002529;154 737 793;C01;2;10;0;2;2;23;1;
202000002530;154 737 790;A01;2;33;0;1;1;1;1;
202000002531;154 737 789;A01;1;7;1;0;1;1;1;
202000002532;154 737 788;A01;2;7;6;0;7;0;1;
202000002533;154 737 786;A01;1;33;0;0;1;1;1;
202000002533;154 737 787;B01;0;7;0;0;3;15;1;
202000002534;154 737 785;A01;1;7;0;1;1;1;1;
202000002535;154 737 784;A01;1;10;0;1;3;7;1;
202000002536;154 737 783;A01;3;7;0;1;6;15;1;
202000002537;154 737 782;A01;0;7;0;1;2;1;0;
202000002538;154 737 780;A01;2;7;0;2;3;15;1;
202000002538;154 737 781;B01;3;33;0;2;4;23;1;
202000002539;154 737 778;A01;1;7;0;2;7;21;1;
202000002539;154 737 779;B01;1;15;0;2;3;2;1;
202000002540;154 737 776;A01;3;7;0;2;8;15;1;
202000002540;154 737 777;B01;2;7;0;2;1;1;1;
202000002541;154 737 774;A01;1;7;1;0;1;1;0;
202000002541;154 737 775;B01;1;13;0;1;1;23;0;
202000002542;154 737 773;A01;2;7;0;0;9;13;1;
202000002543;154 737 771;B01;2;7;0;2;4;23;1;
202000002543;154 737 772;A01;2;7;0;2;1;1;1;
202000002544;154 737 769;A01;1;7;0;2;1;1;1;
202000002544;154 737 770;B01;2;1;0;2;1;13;5;
202000002545;154 737 768;A01;1;1;0;0;9;1;5;
202000002546;154 737 766;B01;3;1;0;2;7;19;6;
202000002546;154 737 767;A01;1;7;0;2;3;1;0;
202000002547;154 737 765;A01;2;7;2;1;9;15;1;
202000002548;154 737 763;B01;2;10;0;2;3;1;1;
202000002548;154 737 764;A01;1;7;0;2;1;13;0;
202000002549;154 737 762;A01;2;7;0;1;1;1;1;
202000002550;154 737 754;A01;2;7;0;1;2;1;0;
202000002551;154 737 752;B01;1;7;0;2;4;2;1;
202000002551;154 737 753;A01;1;37;0;2;1;2;1;1
202000002552;154 737 750;A01;1;7;0;2;0;16;0;
202000002552;154 737 751;B01;1;37;0;2;1;1;1;2
202000002553;154 737 748;B01;1;30;0;2;3;2;1;
202000002553;154 737 749;A01;1;7;0;2;1;1;2;
202000002554;154 737 746;A01;1;7;0;2;1;26;1;
202000002554;154 737 747;B01;1;7;0;0;4;2;1;
202000002555;154 737 745;A01;3;7;9;0;3;25;1;
202000002556;154 737 743;A01;1;38;0;2;2;2;1;1
202000002556;154 737 744;B01;1;1;0;9;8;25;5;
202000002557;154 737 741;A01;3;7;0;0;0;26;1;
202000002557;154 737 742;B01;3;30;0;0;0;0;1;
202000002558;154 737 740;A01;1;7;0;1;2;1;1;
202000002559;154 737 738;B01;1;2;0;2;5;15;1;
202000002559;154 737 739;A01;2;7;0;2;2;2;1;
202000002560;154 737 736;B01;2;7;0;2;8;1;0;
202000002560;154 737 737;A01;1;7;0;2;3;13;1;
202000002561;154 737 735;A01;3;7;0;1;2;1;1;
202000002562;154 737 734;A01;3;7;0;0;3;0;1;
202000002563;154 737 732;B01;1;7;0;2;3;23;1;
202000002563;154 737 733;A01;2;33;8;2;7;1;1;
202000002564;154 737 730;B01;3;32;0;2;1;1;1;
202000002564;154 737 731;A01;3;7;0;2;2;15;1;
202000002565;154 737 729;A01;1;1;0;0;0;0;5;
202000002566;154 737 728;A01;2;7;0;1;1;15;0;
202000002567;154 737 727;Z01;1;7;0;1;2;1;1;
202000002568;154 737 726;A01;3;99;13;0;9;14;1;
202000002569;154 737 725;A01;1;7;0;1;1;1;1;
202000002570;154 737 723;B01;3;30;0;2;7;19;1;
202000002570;154 737 724;A01;3;7;0;2;8;1;1;
202000002571;154 737 721;B01;1;7;0;2;3;15;1;
202000002571;154 737 722;A01;1;30;0;2;8;18;1;
202000002572;154 737 719;B01;2;33;0;0;3;2;1;
202000002572;154 737 720;A01;2;7;0;0;5;9;1;
202000002573;154 737 718;A01;2;7;0;1;3;1;1;
202000002574;154 737 716;B01;1;1;0;2;7;15;5;
202000002574;154 737 717;A01;2;7;0;2;3;1;0;
202000002575;154 737 714;A01;3;7;0;2;1;9;1;
202000002575;154 737 715;B01;3;2;0;2;3;1;1;
202000002576;154 737 713;A01;2;80;0;0;7;20;3;
202000002577;154 737 712;A01;2;2;0;0;0;1;1;
202000002578;154 737 710;B01;2;7;0;2;3;1;1;
202000002578;154 737 711;A01;1;33;0;2;3;5;1;
202000002579;154 737 709;A01;3;7;0;1;4;20;1;
202000002580;154 737 707;A01;3;80;0;2;7;17;3;
202000002580;154 737 708;B01;3;1;0;2;8;1;-1;
202000002581;154 737 706;A01;3;7;0;1;1;1;1;
202000002582;154 737 705;A01;1;10;0;1;1;1;0;
202000002583;154 737 703;B01;2;1;0;2;8;2;5;
202000002583;154 737 704;A01;2;10;0;2;0;14;1;
202000002584;154 737 701;A01;1;7;0;2;7;2;1;
202000002584;154 737 702;B01;1;2;0;2;3;21;1;
202000002585;154 737 699;B01;2;30;0;2;0;0;1;
202000002585;154 737 700;A01;2;7;0;2;5;23;1;
202000002586;154 737 697;B01;1;1;0;2;1;1;5;
202000002586;154 737 698;A01;1;7;0;2;3;9;1;
202000002587;154 737 696;A01;3;7;13;0;2;1;1;
202000002588;154 737 695;A01;1;30;1;0;2;15;1;
202000002589;154 737 693;B01;1;33;0;2;8;1;1;
202000002589;154 737 694;A01;1;7;0;2;1;19;1;
202000002590;154 737 692;A01;-1;7;-1;1;-1;-1;-1;
202000002591;154 737 691;A01;1;7;0;1;3;15;1;
202000002592;154 737 689;B01;1;2;0;2;7;1;3;
202000002592;154 737 690;A01;1;7;0;2;1;26;1;
202000002593;154 737 685;A01;1;7;0;2;7;19;1;
202000002593;154 737 686;B01;1;30;0;2;1;1;1;
202000002594;154 737 684;A01;3;7;0;1;3;15;1;
202000002595;154 737 683;A01;3;7;0;1;0;0;1;
202000002596;154 737 681;B01;1;7;0;2;3;15;1;
202000002596;154 737 682;A01;1;30;0;2;7;17;1;
202000002597;154 737 680;A01;2;7;0;1;1;15;1;
202000002598;154 737 679;A01;0;7;0;1;2;20;1;
202000002599;154 737 678;A01;1;7;0;1;3;1;1;
202000002600;154 737 677;A01;3;7;13;0;9;13;1;
202000002601;154 737 675;B01;1;2;0;2;1;1;0;
202000002601;154 737 676;A01;0;7;0;9;1;15;0;
202000002602;154 737 673;B01;1;1;0;2;4;15;5;
202000002602;154 737 674;A01;2;7;0;2;2;0;0;
202000002603;154 737 672;A01;1;7;0;1;7;16;1;
202000002604;154 737 668;A01;1;7;0;2;4;23;1;
202000002604;154 737 669;B01;1;7;0;2;1;1;1;
202000002604;154 737 670;C01;1;7;0;2;1;1;1;
202000002604;154 737 671;D01;1;7;0;2;1;2;1;
202000002605;154 737 667;A01;1;30;0;1;1;1;1;
202000002606;154 737 666;A01;1;30;0;1;1;1;1;
202000002607;154 737 665;A01;2;2;0;1;1;1;1;
202000002608;154 737 664;A01;2;7;0;1;1;1;1;
202000002609;154 737 663;Z01;0;7;0;1;3;9;0;
202000002610;154 737 660;B01;0;2;0;2;8;1;0;
202000002610;154 737 661;A01;0;7;0;2;3;15;0;
202000002611;154 737 658;A01;1;7;0;2;8;15;1;
202000002611;154 737 659;B01;1;7;0;2;1;1;1;
202000002612;154 737 655;B01;1;60;0;1;8;5;5;
202000002612;154 737 656;A01;1;31;0;2;1;1;1;
202000002613;154 737 654;A01;2;30;0;1;1;1;1;
202000002614;154 737 652;A01;-1;7;0;2;3;15;1;
202000002614;154 737 653;B01;-1;7;0;2;7;1;1;
202000002615;154 737 648;A01;1;10;0;1;3;1;1;
202000002616;154 737 647;A01;1;7;0;1;2;17;1;
202000002617;154 737 646;A01;3;30;0;1;1;1;1;
202000002618;154 737 644;B01;1;7;0;2;2;22;1;
202000002618;154 737 645;A01;1;34;0;2;1;18;1;
202000002619;154 737 642;B01;1;7;0;2;1;1;1;
202000002619;154 737 643;A01;2;7;0;2;1;13;1;
202000002620;154 737 640;A01;2;7;0;2;3;1;1;
202000002620;154 737 641;B01;2;33;0;0;6;1;1;
202000002621;154 737 639;A01;1;30;0;0;3;1;1;
202000002622;154 737 638;A01;2;1;0;1;1;1;5;
202000002623;154 737 636;A01;1;50;0;2;8;1;3;
202000002623;154 737 637;Z01;3;30;0;2;7;1;0;
202000002624;154 737 629;B01;2;33;0;2;1;1;1;
202000002624;154 737 630;A01;2;7;0;2;6;10;1;
202000002625;154 737 628;A01;1;30;1;0;2;1;1;
202000002626;154 737 627;A01;0;7;0;1;1;1;0;
202000002627;154 737 625;Z01;0;7;0;2;4;4;1;
202000002627;154 737 626;B01;0;1;0;2;0;1;5;
202000002628;154 737 624;A01;3;30;0;0;0;21;1;
202000002629;154 737 623;A01;2;7;16;0;9;13;1;
202000002630;154 737 621;B01;0;15;0;2;3;0;0;
202000002630;154 737 622;A01;0;7;0;2;1;0;0;
202000002631;154 737 620;A01;2;33;15;0;1;13;1;
202000002632;154 737 619;A01;2;30;0;1;1;1;1;
202000002633;154 737 618;A01;2;7;0;1;1;26;1;
202000002634;154 737 617;A01;2;7;0;1;2;1;1;
202000002635;154 737 616;A01;1;30;0;1;1;1;1;
202000002636;154 737 614;B01;2;1;0;2;1;1;5;
202000002636;154 737 615;A01;1;7;0;2;3;15;1;
202000002637;154 737 613;A01;1;7;0;1;2;1;0;
202000002638;154 737 611;B01;2;7;0;0;5;2;1;
202000002638;154 737 612;A01;2;33;0;2;1;2;1;
202000002639;154 737 609;A01;1;7;0;2;1;19;1;
202000002639;154 737 610;B01;2;32;0;2;2;1;1;
202000002640;154 737 604;Z01;1;7;0;2;0;0;0;
202000002640;154 737 605;A01;1;7;0;2;2;1;1;
202000002640;154 737 606;B01;1;2;0;2;2;1;1;
202000002641;154 737 603;A01;1;7;15;1;1;15;1;
202000002642;154 737 602;A01;3;7;0;1;0;1;1;
202000002643;154 737 601;A01;3;7;0;1;1;1;1;
202000002644;154 737 597;A01;1;7;0;1;6;4;1;
202000002645;154 737 595;B01;1;7;0;2;3;1;1;
202000002645;154 737 596;A01;2;7;0;2;3;1;1;
202000002646;154 737 594;A01;0;7;0;1;5;9;1;
202000002647;154 737 592;A01;0;7;0;2;3;15;1;
202000002647;154 737 593;B01;1;7;0;2;1;1;1;
202000002648;154 737 591;Z01;1;7;0;1;2;15;1;
202000002649;154 737 590;A01;3;7;0;1;4;4;1;
202000002650;154 737 589;A01;1;1;9;0;1;1;5;
202000002651;154 737 587;B01;2;7;5;2;6;1;1;
202000002651;154 737 588;A01;1;7;5;2;3;1;1;
202000002652;154 737 586;A01;1;7;2;0;1;13;1;
202000002653;154 737 585;Z01;1;31;0;1;1;26;0;
202000002654;154 737 583;Z01;1;35;0;2;1;10;1;
202000002654;154 737 584;B01;1;1;0;2;1;1;5;
202000002655;154 737 582;A01;0;7;0;1;3;1;1;
202000002656;154 737 581;A01;3;7;0;1;4;4;1;
202000002657;154 737 580;Z01;3;7;14;1;0;1;0;
202000002658;154 737 579;A01;0;7;0;1;1;19;0;
202000002659;154 737 577;B01;2;7;0;0;3;1;1;
202000002659;154 737 578;A01;1;30;0;2;3;13;1;
202000002660;154 737 575;A01;0;30;0;9;2;1;1;
202000002660;154 737 576;B01;3;1;0;9;3;13;5;
202000002661;154 737 573;A01;1;30;0;2;7;15;1;
202000002661;154 737 574;B01;3;10;0;2;1;1;1;
202000002662;154 737 571;A01;3;7;0;2;2;9;1;
202000002662;154 737 572;B01;2;7;0;2;1;16;1;
202000002663;154 737 569;B01;3;1;0;2;2;1;5;
202000002663;154 737 570;A01;3;7;0;2;3;9;1;
202000002664;154 737 568;A01;0;7;0;1;2;26;0;
202000002665;154 737 566;B01;1;7;0;2;8;4;1;
202000002665;154 737 567;A01;1;10;0;2;1;26;1;
202000002666;154 737 564;A01;1;7;0;2;2;15;1;
202000002666;154 737 565;B01;1;7;0;2;1;1;1;
202000002667;154 737 563;A01;1;99;0;1;1;1;-1;
202000002668;154 737 562;A01;2;37;0;1;7;26;1;1
202000002669;154 737 561;A01;1;10;0;1;3;1;1;
202000002670;154 737 560;A01;2;7;0;1;1;1;1;
202000002671;154 737 559;A01;1;10;0;1;1;1;1;
202000002672;154 737 558;A01;1;7;0;1;1;1;1;
202000002673;154 737 556;A01;0;2;0;2;1;25;1;
202000002673;154 737 557;B01;0;2;0;2;1;1;1;
202000002674;154 737 555;A01;0;7;0;1;0;9;0;
202000002675;154 737 553;B01;2;33;0;2;2;2;1;
202000002675;154 737 554;A01;2;7;0;2;1;9;1;
202000002676;154 737 552;A01;2;33;2;0;1;19;1;
202000002677;154 737 551;A01;1;7;0;1;1;1;1;
202000002678;154 737 550;A01;1;10;0;1;1;17;1;
202000002679;154 737 548;Z01;1;7;0;2;1;2;0;
202000002679;154 737 549;B01;1;7;0;0;4;1;1;
202000002680;154 737 547;A01;2;7;3;0;2;1;1;
202000002681;154 737 546;A01;2;7;4;0;1;1;0;
202000002682;154 737 544;A01;2;7;4;2;8;1;1;
202000002682;154 737 545;B01;2;14;0;2;2;12;1;
202000002683;154 737 542;A01;1;3;0;2;3;13;3;
202000002683;154 737 543;B01;2;33;0;2;3;1;1;
202000002684;154 737 540;A01;1;7;1;2;1;1;0;
202000002684;154 737 541;B01;1;7;0;2;5;15;1;
202000002685;154 737 538;A01;3;30;0;2;1;1;1;
202000002685;154 737 539;B01;3;7;0;2;6;23;1;
202000002686;154 737 537;A01;2;7;8;0;1;13;1;
202000002687;154 737 536;A01;1;7;8;0;3;1;1;
202000002688;154 737 534;A01;2;7;0;2;8;15;1;
202000002688;154 737 535;B01;2;30;0;2;1;1;1;
202000002689;154 737 532;A01;1;7;0;2;0;1;1;
202000002689;154 737 533;B01;0;7;0;2;2;9;1;
202000002690;154 737 530;B01;2;30;0;2;1;1;1;
202000002690;154 737 531;A01;2;7;0;2;8;10;1;
202000002691;154 737 528;B01;2;2;0;2;0;0;1;
202000002691;154 737 529;A01;1;7;0;2;1;15;1;
202000002692;154 737 526;A01;2;31;0;2;1;1;1;
202000002692;154 737 527;B01;1;7;0;2;8;1;1;
202000002693;154 737 524;B01;2;10;0;2;5;16;1;
202000002693;154 737 525;A01;2;33;0;2;1;7;1;
202000002694;154 737 522;B01;0;30;0;2;1;1;1;
202000002694;154 737 523;A01;3;10;0;2;3;20;1;
202000002695;154 737 521;A01;1;7;6;0;1;13;1;
202000002696;154 737 520;A01;1;7;8;0;3;13;1;
202000002697;154 737 518;A01;3;10;0;2;1;0;1;
202000002697;154 737 519;B01;3;2;0;2;1;0;1;
202000002698;154 737 516;B01;0;7;0;2;6;15;1;
202000002698;154 737 517;A01;0;33;0;2;1;17;1;
202000002699;154 737 514;A01;1;1;0;2;0;13;5;
202000002699;154 737 515;B01;1;7;0;9;2;11;0;
202000002700;154 737 513;A01;1;7;0;1;4;4;1;
202000002701;154 737 511;A01;2;7;0;2;3;19;1;
202000002701;154 737 512;B01;1;33;0;2;1;1;1;
202000002702;154 737 509;B01;1;7;0;2;8;15;1;
202000002702;154 737 510;A01;1;2;6;2;1;17;1;
202000002703;154 737 507;B01;2;7;0;2;8;1;1;
202000002703;154 737 508;A01;2;32;0;2;2;2;1;
202000002704;154 737 505;A01;1;32;0;2;4;1;1;
202000002704;154 737 506;Z01;1;7;0;2;1;2;0;
202000002705;154 737 503;B01;1;33;0;2;1;2;1;
202000002705;154 737 504;A01;1;7;0;2;4;1;1;
202000002706;154 737 501;B01;3;7;0;2;2;1;1;
202000002706;154 737 502;A01;3;1;0;2;8;11;5;
202000002707;154 737 499;B01;1;7;0;2;5;15;1;
202000002707;154 737 500;A01;1;33;0;2;1;1;1;
202000002708;154 737 498;A01;1;7;0;1;7;13;1;
202000002709;154 737 496;A01;2;7;0;2;2;1;1;
202000002709;154 737 497;B01;2;7;0;2;2;1;1;
202000002710;154 737 494;A01;0;43;0;2;1;1;1;
202000002710;154 737 495;B01;0;7;0;2;3;1;1;
202000002711;154 737 492;B01;-1;1;0;2;1;3;5;
202000002711;154 737 493;A01;-1;7;0;9;3;11;1;
202000002712;154 737 490;A01;1;7;0;2;4;2;1;
202000002712;154 737 491;B01;1;7;0;2;1;2;1;
202000002713;154 737 488;A01;1;7;0;2;1;19;1;
202000002713;154 737 489;B01;2;7;0;2;0;0;1;
202000002714;154 737 487;A01;3;30;0;0;0;1;1;
202000002715;154 737 485;A01;1;7;0;2;7;15;2;
202000002715;154 737 486;B01;2;33;0;2;1;1;1;
202000002716;154 737 483;B01;2;31;0;2;8;3;1;
202000002716;154 737 484;A01;2;7;0;2;7;12;3;
202000002717;154 737 481;B01;2;50;0;2;7;1;3;
202000002717;154 737 482;A01;2;7;0;2;1;9;1;
202000002718;154 737 479;B01;1;50;0;2;1;9;3;
202000002718;154 737 480;A01;1;10;0;2;8;9;1;
202000002719;154 737 477;A01;2;7;0;2;1;15;0;
202000002719;154 737 478;B01;1;2;0;2;1;0;0;
202000002720;154 737 475;B01;1;30;0;2;1;17;1;
202000002720;154 737 476;A01;1;7;0;2;8;15;1;
202000002721;154 737 473;B01;2;7;0;2;3;1;1;
202000002721;154 737 474;A01;1;7;0;2;3;13;1;
202000002722;154 737 472;A01;2;7;8;0;0;1;1;
202000002723;154 737 471;A01;2;7;0;0;0;0;1;
202000002724;154 737 469;A01;1;7;0;2;3;1;1;
202000002724;154 737 470;B01;2;31;0;2;1;1;1;
202000002725;154 737 467;B01;3;7;0;0;1;1;1;
202000002725;154 737 468;A01;3;7;0;0;2;1;1;
202000002726;154 737 465;B01;1;33;0;2;1;1;1;
202000002726;154 737 466;A01;1;7;0;2;6;16;1;
202000002727;154 737 463;A01;2;7;0;2;3;1;1;
202000002727;154 737 464;B01;1;10;0;2;3;1;1;
202000002728;154 737 462;A01;2;7;0;0;0;16;1;
202000002729;154 737 461;A01;1;7;13;0;3;1;1;
202000002730;154 737 459;A01;3;7;0;2;8;9;1;
202000002730;154 737 460;B01;3;2;0;0;7;26;1;
202000002731;154 737 458;A01;3;1;1;0;1;2;5;
202000002732;154 737 457;A01;3;7;15;0;1;13;1;
202000002733;154 737 456;A01;2;3;1;0;1;13;0;
202000002734;154 737 455;A01;2;2;0;0;8;1;1;
202000002735;154 737 454;A01;1;37;0;0;0;21;1;3
202000002736;154 737 452;A01;2;15;0;0;4;2;1;
202000002736;154 737 453;B01;2;10;0;2;1;2;1;
202000002737;154 737 451;A01;2;7;13;0;1;14;1;
202000002738;154 737 450;A01;1;7;13;0;9;17;1;
202000002739;154 737 448;B01;1;7;0;0;5;26;1;
202000002739;154 737 449;A01;3;7;1;0;3;2;1;
202000002740;154 737 446;A01;2;7;0;2;1;1;1;
202000002740;154 737 447;B01;1;33;0;0;4;1;1;
202000002741;154 737 443;A01;2;10;0;2;3;17;1;
202000002741;154 737 444;B01;1;17;0;2;3;1;1;
202000002741;154 737 445;C01;2;15;0;2;3;1;1;
202000002742;154 737 442;A01;2;2;6;0;1;14;1;
202000002743;154 737 440;B01;1;7;0;2;7;5;1;
202000002743;154 737 441;A01;2;7;0;2;3;5;1;
202000002744;154 737 438;B01;2;17;0;2;4;1;1;
202000002744;154 737 439;A01;2;7;0;2;1;2;1;
202000002745;154 737 436;A01;2;33;0;2;4;1;1;
202000002745;154 737 437;B01;2;7;0;2;0;1;1;
202000002746;154 737 433;A01;1;7;3;0;9;0;1;
202000002746;154 737 434;B01;1;7;0;0;9;0;1;
202000002746;154 737 435;C01;1;7;0;2;1;0;1;
202000002747;154 737 431;A01;3;10;0;0;3;1;1;
202000002747;154 737 432;B01;3;2;0;0;1;26;1;
202000002748;154 737 430;A01;1;7;2;0;6;1;1;
202000002749;154 737 429;A01;1;7;0;0;0;14;1;
202000002750;154 737 428;A01;1;7;0;1;3;1;1;
202000002751;154 737 427;A01;1;7;0;1;1;16;1;
202000002752;154 737 426;A01;1;7;6;0;1;0;1;
202000002753;154 737 420;A01;1;7;0;9;3;9;1;
202000002753;154 737 421;B01;1;1;0;0;0;26;5;
202000002754;154 737 419;A01;1;7;0;0;0;1;1;
202000002755;154 737 416;A01;1;7;0;2;1;2;1;
202000002755;154 737 417;B01;1;7;0;2;4;2;1;
202000002755;154 737 418;C01;1;7;0;0;4;1;1;
202000002756;154 737 415;A01;1;7;1;0;3;17;1;
202000002757;154 737 414;A01;3;7;13;0;3;1;1;
202000002758;154 737 412;B01;1;7;0;2;1;1;1;
202000002758;154 737 413;A01;2;7;0;2;2;1;1;
202000002759;154 737 410;A01;2;7;0;2;3;1;1;
202000002759;154 737 411;B01;2;7;0;2;2;26;1;
202000002760;154 737 409;A01;2;7;16;0;9;1;1;
202000002761;154 737 407;B01;1;7;0;2;3;11;1;
202000002761;154 737 408;A01;1;33;0;2;7;3;1;
202000002762;154 737 405;B01;2;13;0;2;1;1;1;
202000002762;154 737 406;A01;2;7;0;2;5;12;1;
202000002763;154 737 403;A01;2;7;0;2;1;13;1;
202000002763;154 737 404;B01;2;7;0;0;4;1;1;
202000002764;154 737 402;A01;2;7;4;0;3;13;1;
202000002765;154 737 399;C01;2;7;0;9;4;1;1;
202000002765;154 737 400;B01;1;7;0;2;3;0;1;
202000002765;154 737 401;A01;2;7;0;2;1;19;1;
202000002766;154 737 397;B01;2;50;0;2;1;1;3;
202000002766;154 737 398;A01;1;7;0;2;3;1;1;
202000002767;154 737 395;B01;1;30;0;2;1;1;1;
202000002767;154 737 396;A01;1;3;0;2;2;15;1;
202000002768;154 737 393;A01;1;7;0;2;3;1;1;
202000002768;154 737 394;B01;1;2;0;2;1;2;0;
202000002769;154 737 391;B01;1;7;15;0;3;23;1;
202000002769;154 737 392;A01;1;1;0;2;3;19;5;
202000002770;154 737 388;A01;2;7;0;2;8;9;1;
202000002770;154 737 389;B01;2;7;0;2;1;1;1;
202000002770;154 737 390;C01;2;7;0;2;1;1;1;
202000002771;154 737 387;A01;3;7;0;1;1;26;1;
202000002772;154 737 386;A01;1;2;0;2;4;1;0;
202000002773;154 737 384;B01;2;32;0;2;8;3;6;
202000002773;154 737 385;A01;2;7;0;2;7;12;6;
202000002774;154 737 383;A01;2;7;0;1;1;26;0;
202000002775;154 737 382;A01;2;33;11;0;1;1;1;
202000002776;154 737 381;A01;2;7;0;1;0;26;1;
202000002777;154 737 380;A01;3;7;0;1;3;9;1;
202000002778;154 737 379;A01;2;7;0;1;3;15;0;
202000002779;154 737 376;B01;2;7;0;2;5;23;1;
202000002779;154 737 377;C01;2;7;0;2;1;2;1;
202000002779;154 737 378;A01;2;33;0;2;5;17;1;
202000002780;154 737 375;A01;1;7;6;0;1;15;1;
202000002781;154 737 373;A01;2;7;0;2;1;5;0;
202000002781;154 737 374;B01;1;7;0;0;0;0;0;
202000002782;154 737 371;A01;1;2;0;2;3;0;1;
202000002782;154 737 372;B01;1;7;0;2;2;20;1;
202000002783;154 737 369;A01;1;10;0;2;1;15;1;
202000002783;154 737 370;B01;2;50;0;2;4;16;3;
202000002784;154 737 368;A01;1;10;10;0;1;1;1;
202000002785;154 737 367;A01;2;30;1;0;1;1;1;
202000002786;154 737 365;A01;1;33;0;2;3;1;1;
202000002786;154 737 366;B01;1;7;0;2;5;1;1;
202000002787;154 737 364;A01;1;7;6;0;1;1;1;
202000002788;154 737 362;A01;2;30;0;2;4;2;1;
202000002788;154 737 363;B01;2;30;0;0;4;2;1;
202000002789;154 737 360;Z01;1;7;0;9;3;15;1;
202000002789;154 737 361;B01;1;1;0;2;1;1;5;
202000002790;154 737 359;A01;1;7;0;1;3;1;1;
202000002791;154 737 358;A01;2;7;0;1;3;16;1;
202000002792;154 737 357;A01;3;33;0;0;0;0;1;
202000002793;154 737 355;B01;2;1;0;2;1;1;-1;
202000002793;154 737 356;A01;1;7;0;2;5;15;1;
202000002794;154 737 352;A01;1;7;2;0;1;14;1;
202000002795;154 737 350;B01;3;2;0;2;8;1;1;
202000002795;154 737 351;A01;3;7;0;2;1;15;1;
202000002796;154 737 349;A01;1;7;0;1;1;1;1;
202000002797;154 737 347;A01;2;7;0;2;3;10;0;
202000002797;154 737 348;B01;2;33;0;2;1;17;3;
202000002798;154 737 345;A01;2;7;1;0;8;14;1;
202000002798;154 737 346;B01;0;7;0;2;0;0;0;
202000002799;154 737 343;A01;0;7;0;2;2;15;1;
202000002799;154 737 344;B01;0;7;0;2;3;0;1;
202000002800;154 737 338;E01;0;7;0;0;0;0;0;
202000002800;154 737 339;D01;0;7;0;0;0;0;0;
202000002800;154 737 340;C01;0;10;0;0;0;0;0;
202000002800;154 737 341;B01;0;7;0;0;0;0;0;
202000002800;154 737 342;A01;3;7;15;2;1;1;1;
202000002801;154 737 337;A01;1;7;0;1;1;1;0;
202000002802;154 737 336;A01;2;1;0;1;1;5;5;
202000002803;154 737 335;A01;1;7;12;0;3;14;1;
202000002804;154 737 333;A01;1;30;0;2;8;15;1;
202000002804;154 737 334;B01;1;32;0;2;7;17;1;
202000002805;154 737 331;B01;2;7;0;2;3;23;1;
202000002805;154 737 332;A01;2;33;0;1;1;17;1;
202000002806;154 737 329;B01;3;7;0;2;4;1;1;
202000002806;154 737 330;A01;3;34;0;2;1;2;1;
202000002807;154 737 327;A01;1;7;0;2;1;2;1;
202000002807;154 737 328;B01;1;32;0;2;0;23;1;
202000002808;154 737 326;A01;1;7;0;1;1;15;1;
202000002809;154 737 323;B01;2;7;0;2;4;23;1;
202000002809;154 737 324;C01;2;7;0;2;4;23;1;
202000002809;154 737 325;A01;2;7;0;2;1;2;1;
202000002810;154 737 321;A01;2;2;0;2;1;1;1;
202000002810;154 737 322;B01;2;1;0;2;1;1;5;
202000002811;154 737 319;B01;3;1;0;2;4;0;5;
202000002811;154 737 320;A01;3;7;0;2;1;26;1;
202000002812;154 737 318;A01;2;7;0;1;1;1;1;
202000002813;154 737 316;A01;3;7;0;2;3;11;1;
202000002813;154 737 317;B01;3;7;0;2;2;1;1;
202000002814;154 737 314;A01;1;34;1;0;2;13;1;
202000002814;154 737 315;B01;1;7;0;9;6;13;1;
202000002815;154 737 312;B01;2;7;0;2;2;1;1;
202000002815;154 737 313;A01;1;7;9;2;1;18;1;
202000002816;154 737 310;A01;2;7;0;2;4;1;1;
202000002816;154 737 311;B01;-1;0;0;2;4;2;0;
202000002817;154 737 307;A01;1;7;0;2;6;26;1;
202000002817;154 737 308;B01;1;7;0;2;2;9;1;
202000002817;154 737 309;C01;1;7;0;2;1;1;1;
202000002818;154 737 305;B01;-1;7;0;2;1;1;1;
202000002818;154 737 306;A01;3;7;0;2;7;19;1;