num_acc;id_vehicule;num_veh;senc;catv;obs;obsm;choc;manv;motor;occutc
202000002819;154 737 303;A01;-1;36;0;2;1;5;1;
202000002819;154 737 304;B01;-1;36;0;2;1;23;1;
202000002820;154 737 301;A01;3;7;0;2;3;16;1;
202000002820;154 737 302;B01;1;33;0;2;3;1;1;
202000002821;154 737 299;A01;0;99;0;0;1;15;1;
202000002821;154 737 300;B01;0;33;0;0;1;1;1;
202000002822;154 737 297;A01;2;7;0;2;5;23;3;
202000002822;154 737 298;B01;2;1;0;2;1;3;6;
202000002823;154 737 295;B01;2;2;0;2;1;1;1;
202000002823;154 737 296;A01;2;7;0;2;4;15;1;
202000002824;154 737 294;A01;1;7;1;1;3;20;1;
202000002825;154 737 292;B01;1;30;0;2;1;1;1;
202000002825;154 737 293;A01;1;7;0;2;6;26;1;
202000002826;154 737 290;A01;3;7;0;2;2;1;1;
202000002826;154 737 291;B01;3;32;0;2;1;13;1;
202000002827;154 737 289;A01;3;2;0;0;0;16;1;
202000002828;154 737 287;B01;1;7;0;2;3;1;1;
202000002828;154 737 288;A01;2;10;0;2;3;13;1;
202000002829;154 737 285;B01;3;7;0;0;1;1;6;
202000002829;154 737 286;A01;3;7;0;0;1;13;1;
202000002830;154 737 284;A01;1;10;15;0;1;14;1;
202000002831;154 737 282;B01;1;7;0;2;8;15;1;
202000002831;154 737 283;A01;2;34;0;2;1;1;1;
202000002832;154 737 280;A01;1;7;0;2;2;19;1;
202000002832;154 737 281;B01;1;33;0;2;7;0;1;
202000002833;154 737 279;A01;3;36;0;0;0;26;1;
202000002834;154 737 278;A01;0;7;6;0;1;1;1;
202000002835;154 737 276;B01;2;2;0;2;4;1;1;
202000002835;154 737 277;A01;2;7;0;2;1;2;1;
202000002836;154 737 275;A01;3;1;0;0;0;1;5;
202000002837;154 737 272;A01;2;10;0;2;1;1;1;
202000002837;154 737 273;B01;2;7;0;2;4;2;1;
202000002837;154 737 274;C01;1;7;0;2;3;1;1;
202000002838;154 737 270;A01;1;7;0;2;1;23;1;
202000002838;154 737 271;B01;2;7;13;2;8;1;1;
202000002839;154 737 268;A01;1;7;0;2;1;1;0;
202000002839;154 737 269;B01;1;1;0;0;8;15;0;
202000002840;154 737 266;A01;1;7;0;2;1;1;1;
202000002840;154 737 267;B01;1;7;0;2;4;1;1;
202000002841;154 737 265;A01;1;7;12;0;1;13;6;
202000002842;154 737 264;A01;1;7;16;0;9;0;1;
202000002843;154 737 263;A01;1;1;0;0;9;16;5;
202000002844;154 737 262;A01;2;7;0;1;1;1;1;
202000002845;154 737 261;A01;2;33;0;0;8;0;1;
202000002846;154 737 260;A01;1;10;0;0;2;1;1;
202000002847;154 737 256;A01;2;7;0;2;6;1;1;
202000002847;154 737 257;B01;2;33;0;2;4;17;1;
202000002847;154 737 258;C01;2;33;0;2;1;17;1;
202000002847;154 737 259;D01;1;7;0;2;1;1;1;
202000002848;154 737 255;A01;0;33;6;0;7;1;1;
202000002849;154 737 254;A01;1;7;8;0;1;1;1;
202000002850;154 737 252;B01;2;7;0;2;7;2;1;
202000002850;154 737 253;A01;1;7;0;2;1;2;1;
202000002851;154 737 250;A01;3;2;0;2;1;1;6;
202000002851;154 737 251;B01;3;7;0;0;8;1;6;
202000002852;154 737 248;B01;1;7;0;2;3;1;1;
202000002852;154 737 249;A01;2;7;0;2;8;1;1;
202000002853;154 737 247;A01;3;7;0;1;4;20;1;
202000002854;154 737 246;A01;1;10;13;0;1;14;1;
202000002855;154 737 245;A01;1;7;6;0;0;0;1;
202000002856;154 737 244;A01;2;33;3;0;0;1;1;
202000002857;154 737 243;A01;2;33;0;0;0;1;1;
202000002858;154 737 242;A01;1;33;13;0;1;1;1;
202000002859;154 737 240;B01;0;7;0;2;8;13;1;
202000002859;154 737 241;A01;1;7;0;2;7;2;1;
202000002860;154 737 238;A01;1;33;0;2;1;1;1;
202000002860;154 737 239;B01;1;7;0;2;4;2;1;
202000002861;154 737 236;B01;2;7;0;2;3;1;1;
202000002861;154 737 237;A01;2;7;0;2;2;4;1;
202000002862;154 737 235;A01;1;7;4;0;3;11;0;
202000002863;154 737 233;A01;2;7;0;1;0;15;1;
202000002864;154 737 231;B01;3;1;0;2;1;1;5;
202000002864;154 737 232;A01;3;7;0;2;2;16;1;
202000002865;154 737 229;A01;2;7;0;2;3;26;1;
202000002865;154 737 230;B01;2;2;0;2;1;1;1;
202000002866;154 737 228;A01;2;7;0;1;2;2;1;
202000002867;154 737 226;B01;1;7;0;2;3;1;0;
202000002867;154 737 227;A01;1;33;0;2;5;23;1;
202000002868;154 737 225;A01;3;7;0;1;0;26;1;
202000002869;154 737 224;A01;1;30;0;1;7;26;1;
202000002870;154 737 222;A01;3;2;0;2;1;1;0;
202000002870;154 737 223;B01;3;7;0;2;3;23;0;
202000002871;154 737 221;A01;1;7;0;1;1;2;1;
202000002872;154 737 219;A01;1;99;0;2;1;1;0;
202000002872;154 737 220;B01;1;99;0;0;4;1;0;
202000002873;154 737 218;A01;1;7;0;1;1;1;1;
202000002874;154 737 217;Z01;1;34;0;1;0;13;0;
202000002875;154 737 216;A01;1;1;0;0;0;1;5;
202000002876;154 737 214;B01;1;7;0;2;2;1;1;
202000002876;154 737 215;A01;2;50;0;2;1;1;3;
202000002877;154 737 213;A01;1;30;1;0;2;14;1;
202000002878;154 737 210;A01;2;7;0;2;1;15;2;
202000002878;154 737 211;B01;2;1;0;2;1;1;0;
202000002879;154 737 209;Z01;1;7;0;1;4;4;1;
202000002880;154 737 207;B01;1;43;0;2;1;1;1;
202000002880;154 737 208;A01;2;1;0;2;7;1;5;
202000002881;154 737 205;A01;1;32;0;2;4;23;1;
202000002881;154 737 206;B01;1;7;0;2;1;1;0;
202000002882;154 737 203;B01;1;33;0;2;7;17;1;
202000002882;154 737 204;A01;1;7;0;2;8;15;1;
202000002883;154 737 201;B01;0;31;0;2;1;17;0;
202000002883;154 737 202;A01;1;7;0;2;8;22;0;
202000002884;154 737 199;B01;2;7;0;2;1;2;1;
202000002884;154 737 200;A01;2;7;14;0;4;2;1;
202000002885;154 737 197;B01;1;32;0;2;1;1;1;
202000002885;154 737 198;A01;1;7;0;2;2;15;1;
202000002886;154 737 195;B01;1;1;0;2;8;2;5;
202000002886;154 737 196;A01;1;7;0;2;2;17;1;
202000002887;154 737 192;A01;2;7;0;2;8;15;1;
202000002887;154 737 193;T01;2;7;0;0;0;26;1;
202000002887;154 737 194;B01;2;34;0;2;1;2;1;
202000002888;154 737 190;A01;1;7;0;2;6;15;1;
202000002888;154 737 191;B01;1;7;0;0;0;0;1;
202000002889;154 737 188;B01;1;7;0;2;4;2;0;
202000002889;154 737 189;A01;1;30;0;2;1;1;0;
202000002890;154 737 186;B01;1;33;0;2;1;1;1;
202000002890;154 737 187;A01;1;7;0;2;1;21;1;
202000002891;154 737 184;B01;1;7;0;2;1;2;1;
202000002891;154 737 185;A01;2;7;0;2;4;2;1;
202000002892;154 737 183;A01;1;30;0;1;1;19;1;
202000002893;154 737 180;B01;0;7;0;2;1;1;0;
202000002893;154 737 181;C01;0;7;0;2;1;23;0;
202000002893;154 737 182;A01;0;7;1;2;1;13;0;
202000002894;154 737 179;A01;2;7;0;1;2;1;1;
202000002895;154 737 177;B01;-1;7;0;2;3;15;1;
202000002895;154 737 178;A01;-1;33;0;2;1;1;1;
202000002896;154 737 175;A01;-1;99;0;2;0;-1;-1;
202000002896;154 737 176;Z01;-1;20;0;2;0;-1;-1;
202000002897;154 737 173;B01;1;99;0;2;1;10;1;
202000002897;154 737 174;A01;2;31;0;2;7;0;0;
202000002898;154 737 172;A01;3;7;12;1;1;0;1;
202000002899;154 737 170;A01;2;7;0;2;1;15;1;
202000002899;154 737 171;B01;2;33;0;2;3;1;1;
202000002900;154 737 169;A01;1;7;0;1;1;16;2;
202000002901;154 737 168;A01;1;7;0;1;1;2;1;
202000002902;154 737 166;A01;2;7;0;2;3;1;0;
202000002902;154 737 167;C01;1;7;0;2;8;15;0;
202000002903;154 737 164;A01;1;7;0;0;7;15;1;
202000002903;154 737 165;B01;2;33;0;2;1;1;1;
202000002904;154 737 162;A01;2;7;0;0;7;16;0;
202000002904;154 737 163;B01;2;1;0;0;1;1;5;
202000002905;154 737 160;B01;2;1;0;0;8;15;5;
202000002905;154 737 161;A01;2;7;0;2;2;1;1;
202000002906;154 737 159;A01;2;14;4;0;1;1;1;
202000002907;154 737 157;A01;2;7;0;2;7;13;1;
202000002907;154 737 158;B01;1;7;0;2;1;1;1;
202000002908;154 737 156;A01;1;1;0;0;0;0;5;
202000002909;154 737 154;B01;2;15;0;0;6;1;1;
202000002909;154 737 155;A01;2;10;0;2;2;2;1;
202000002910;154 737 151;A01;1;7;15;0;1;1;1;
202000002911;154 737 150;A01;3;33;6;0;2;1;1;
202000002912;154 737 148;A01;2;33;0;2;1;1;1;
202000002912;154 737 149;B01;2;21;0;0;4;23;1;
202000002913;154 737 147;A01;1;31;2;0;1;1;1;
202000002914;154 737 145;A01;1;7;8;0;2;1;1;
202000002915;154 737 143;B01;2;7;0;2;1;1;1;
202000002915;154 737 144;A01;2;1;0;2;4;1;0;
202000002916;154 737 142;A01;3;36;0;0;9;1;1;
202000002917;154 737 139;A01;1;7;2;0;-1;1;1;
202000002918;154 737 138;A01;3;7;0;1;1;1;0;
202000002919;154 737 136;A01;1;7;0;2;1;15;1;
202000002919;154 737 137;B01;2;1;0;2;1;1;5;
202000002920;154 737 135;A01;2;33;0;0;7;0;1;
202000002921;154 737 134;A01;2;33;0;0;1;1;1;
202000002922;154 737 133;A01;1;31;8;0;1;1;1;
202000002923;154 737 131;A01;1;15;0;2;2;19;1;
202000002923;154 737 132;B01;1;7;0;2;7;1;1;
202000002924;154 737 130;A01;2;2;0;5;1;1;0;
202000002925;154 737 128;B01;3;7;0;2;3;1;0;
202000002925;154 737 129;A01;3;2;0;2;3;1;1;
202000002926;154 737 126;B01;1;10;0;2;2;2;1;
202000002926;154 737 127;A01;1;1;0;2;4;1;5;
202000002927;154 737 124;A01;1;7;0;2;1;1;1;
202000002927;154 737 125;B01;1;7;0;2;2;9;1;
202000002928;154 737 123;A01;2;7;13;0;8;1;1;
202000002929;154 737 122;A01;2;1;0;0;9;1;5;
202000002930;154 737 121;A01;2;33;0;0;8;1;1;
202000002931;154 737 119;A01;2;43;0;2;3;5;1;
202000002931;154 737 120;B01;1;7;0;2;3;1;1;
202000002932;154 737 118;A01;2;1;16;0;9;1;5;
202000002933;154 737 116;A01;1;7;0;2;4;9;1;
202000002933;154 737 117;B01;1;10;0;2;1;2;1;
202000002934;154 737 114;B01;2;21;0;0;4;2;1;
202000002934;154 737 115;A01;2;1;0;2;1;1;5;
202000002935;154 737 113;A01;1;33;5;0;0;0;1;
202000002936;154 737 111;A01;1;7;0;2;3;1;0;
202000002936;154 737 112;B01;2;1;0;2;0;1;6;
202000002937;154 737 110;A01;2;33;13;0;2;1;1;
202000002938;154 737 109;A01;0;33;0;0;7;16;1;
202000002939;154 737 107;A01;0;33;0;2;2;17;1;
202000002939;154 737 108;B01;0;21;0;0;0;15;1;
202000002940;154 737 105;A01;0;7;0;2;3;1;0;
202000002940;154 737 106;B01;0;2;0;2;1;0;0;
202000002941;154 737 104;A01;2;33;3;0;7;1;1;
202000002942;154 737 102;A01;2;34;0;9;2;17;1;
202000002943;154 737 100;A01;1;7;0;2;6;15;1;
202000002943;154 737 101;B01;1;34;0;2;1;17;1;
202000002944;154 737 097;A01;0;7;0;2;8;19;1;
202000002944;154 737 098;B01;2;7;0;2;1;1;1;
202000002945;154 737 095;B01;2;10;0;2;3;1;1;
202000002945;154 737 096;A01;1;7;0;2;3;13;1;
202000002946;154 737 093;B01;2;80;0;2;8;2;3;
202000002946;154 737 094;A01;2;7;0;2;2;17;0;
202000002947;154 737 092;A01;1;2;12;0;0;2;0;
202000002948;154 737 090;A01;2;7;0;2;1;1;1;
202000002948;154 737 091;B01;1;7;0;2;1;1;1;
202000002949;154 737 089;A01;1;7;17;0;1;0;1;
202000002950;154 737 087;A01;1;7;0;2;3;1;1;
202000002950;154 737 088;B01;2;10;0;2;3;13;1;
202000002951;154 737 085;B01;1;7;0;2;4;2;1;
202000002951;154 737 086;A01;1;7;0;2;1;2;1;
202000002952;154 737 083;B01;2;17;0;2;1;2;1;
202000002952;154 737 084;A01;2;17;0;2;4;2;1;
202000002953;154 737 082;A01;1;7;3;0;3;2;1;
202000002954;154 737 080;B01;2;32;0;2;6;1;1;
202000002954;154 737 081;A01;2;10;0;2;5;12;1;
202000002955;154 737 079;A01;1;10;4;0;3;13;1;
202000002956;154 737 077;A01;2;7;0;2;3;18;1;
202000002956;154 737 078;B01;2;7;0;2;5;1;1;
202000002957;154 737 075;B01;2;10;0;2;4;2;1;
202000002957;154 737 076;A01;1;7;0;2;1;3;1;
202000002958;154 737 073;B01;2;7;0;2;4;2;1;
202000002958;154 737 074;A01;2;14;0;2;1;2;1;
202000002959;154 737 071;Z01;1;7;0;2;7;15;1;
202000002959;154 737 072;B01;2;32;0;2;1;1;1;
202000002960;154 737 069;B01;2;7;0;2;8;0;0;
202000002960;154 737 070;A01;1;7;0;2;1;5;0;
202000002961;154 737 067;B01;3;7;0;2;1;1;1;
202000002961;154 737 068;A01;1;30;0;2;8;26;1;
202000002962;154 737 065;A01;1;7;0;9;7;15;0;
202000002962;154 737 066;B01;2;1;0;2;0;0;0;
202000002963;154 737 064;A01;1;7;6;0;3;0;1;
202000002964;154 737 062;B01;1;7;0;2;7;10;1;
202000002964;154 737 063;A01;1;32;0;2;1;1;1;
202000002965;154 737 060;A01;3;31;0;2;1;26;1;
202000002965;154 737 061;B01;3;7;0;2;3;26;1;
202000002966;154 737 059;A01;3;7;0;1;1;15;1;
202000002967;154 737 057;B01;1;7;0;2;4;2;1;
202000002967;154 737 058;A01;1;7;0;2;1;2;1;
202000002968;154 737 056;A01;1;7;2;0;9;1;1;
202000002969;154 737 054;A01;3;7;0;2;1;24;1;
202000002969;154 737 055;B01;3;1;1;0;0;0;0;
202000002970;154 737 052;B01;0;7;0;2;1;1;1;
202000002970;154 737 053;A01;0;7;0;2;3;15;1;
202000002971;154 737 051;A01;3;7;0;1;3;18;1;
202000002972;154 737 047;B01;1;1;0;2;4;1;5;
202000002972;154 737 048;A01;1;7;0;2;2;2;1;
202000002973;154 737 044;B01;0;7;0;2;1;1;1;
202000002973;154 737 045;SA01;0;80;0;2;8;19;3;
202000002974;154 737 042;B01;1;7;0;2;8;1;1;
202000002974;154 737 043;A01;1;7;9;2;1;1;1;
202000002975;154 737 040;B01;2;7;0;2;3;1;0;
202000002975;154 737 041;A01;1;7;0;2;3;13;0;
202000002976;154 737 038;A01;1;7;0;2;2;16;1;
202000002976;154 737 039;B01;2;1;0;2;1;19;5;
202000002977;154 737 036;B01;1;33;0;2;1;1;1;
202000002977;154 737 037;A01;1;10;0;2;2;19;1;
202000002978;154 737 034;A01;3;7;0;2;1;9;1;
202000002978;154 737 035;B01;3;1;0;2;7;15;5;
202000002979;154 737 033;A01;2;7;0;1;2;1;1;
202000002980;154 737 032;A01;2;99;0;1;0;17;0;
202000002981;154 737 031;A01;3;7;0;1;2;26;0;
202000002982;154 737 029;A01;2;7;0;2;3;9;1;
202000002982;154 737 030;B01;2;1;0;2;4;0;5;
202000002983;154 737 027;A01;1;7;0;2;8;22;1;
202000002983;154 737 028;B01;1;1;1;0;1;1;5;
202000002984;154 737 025;A01;1;7;0;2;3;16;1;
202000002984;154 737 026;B01;1;7;0;2;3;23;1;
202000002985;154 737 023;A01;3;7;0;2;1;2;0;
202000002985;154 737 024;B01;3;7;0;2;4;2;0;
202000002986;154 737 021;A01;2;30;0;0;0;21;1;
202000002986;154 737 022;Z01;1;7;0;0;0;1;1;
202000002987;154 737 020;A01;2;1;12;0;1;26;5;
202000002988;154 737 018;B01;0;7;1;2;4;24;1;
202000002988;154 737 019;A01;0;7;0;0;0;0;0;
202000002989;154 737 017;A01;3;30;0;0;8;1;1;
202000002990;154 737 015;A01;2;7;0;2;1;2;1;
202000002990;154 737 016;B01;2;31;0;2;4;1;1;
202000002991;154 737 013;B01;2;2;0;2;4;23;3;
202000002991;154 737 014;A01;2;7;0;2;1;1;1;
202000002992;154 737 011;B01;2;1;0;2;1;1;5;
202000002992;154 737 012;A01;1;7;0;9;7;15;1;
202000002993;154 737 008;B01;2;7;0;2;4;2;1;
202000002993;154 737 009;A01;3;7;0;2;1;2;1;
202000002993;154 737 010;C01;3;7;0;0;4;2;1;
202000002994;154 737 006;B01;1;7;0;2;3;1;1;
202000002994;154 737 007;A01;2;1;0;2;0;5;5;
202000002995;154 737 003;A01;2;7;0;2;1;1;1;
202000002995;154 737 004;B01;2;10;0;2;4;1;1;
202000002995;154 737 005;C01;2;7;0;2;4;16;1;
202000002996;154 737 002;A01;3;7;2;0;1;13;1;
202000002997;154 737 001;A01;1;33;6;0;1;26;1;
202000002998;154 736 999;A01;1;10;0;2;2;1;1;
202000002998;154 737 000;B01;2;30;0;2;5;1;1;
202000002999;154 736 998;A01;1;7;0;1;1;2;1;
202000003000;154 736 995;A01;1;10;0;2;1;2;1;
202000003000;154 736 997;B01;1;7;0;2;4;2;1;
202000003001;154 736 994;B01;2;7;0;2;1;2;1;
202000003001;154 736 996;A01;2;36;0;2;5;21;1;
202000003002;154 736 991;A01;1;10;0;2;8;1;1;
202000003002;154 736 993;B01;1;7;0;2;1;1;1;
202000003003;154 736 990;A01;1;7;0;2;1;1;1;
202000003003;154 736 992;B01;1;7;0;2;4;1;1;
202000003004;154 736 987;A01;2;7;0;2;4;1;1;
202000003004;154 736 988;C01;2;10;0;2;1;1;1;
202000003004;154 736 989;B01;2;7;0;2;0;1;1;
202000003005;154 736 984;C01;3;7;0;2;8;23;0;
202000003005;154 736 985;B01;3;7;0;2;1;15;0;
202000003005;154 736 986;A01;3;33;0;2;1;1;0;
202000003006;154 736 980;A01;2;7;0;2;1;15;0;
202000003006;154 736 981;B01;2;33;0;2;1;1;0;
202000003007;154 736 982;B01;2;2;0;2;1;1;1;
202000003007;154 736 983;A01;1;7;0;2;3;1;1;
202000003008;154 736 979;A01;1;34;0;0;0;0;0;
202000003009;154 736 977;A01;1;7;0;2;1;15;1;
202000003009;154 736 978;B01;2;10;0;2;1;1;1;
202000003010;154 736 975;A01;2;7;0;2;7;14;0;
202000003010;154 736 976;B01;2;33;0;2;8;1;0;
202000003011;154 736 974;A01;3;7;0;1;3;1;0;
202000003012;154 736 972;A01;1;50;0;2;0;1;3;
202000003012;154 736 973;B01;1;7;0;9;2;12;1;
202000003013;154 736 971;A01;2;7;1;0;1;1;1;
202000003014;154 736 969;A01;2;2;0;1;1;26;1;
202000003015;154 736 970;A01;3;7;6;0;3;13;1;
202000003016;154 736 968;A01;1;2;6;0;1;13;1;
202000003017;154 736 965;B01;1;31;0;2;8;16;1;
202000003017;154 736 967;A01;1;99;0;2;2;26;1;
202000003018;154 736 964;A01;1;2;0;2;1;1;1;
202000003018;154 736 966;B01;1;7;0;2;6;1;1;
202000003019;154 736 960;B01;2;7;0;2;3;1;1;
202000003019;154 736 962;A01;2;7;0;2;1;17;1;
202000003020;154 736 961;B01;1;33;0;2;0;1;1;
202000003020;154 736 963;A01;1;7;0;2;0;15;1;
202000003021;154 736 957;A01;2;7;0;2;1;10;1;
202000003021;154 736 958;B01;2;33;0;2;1;1;1;
202000003022;154 736 956;B01;2;7;0;2;7;1;1;
202000003022;154 736 959;A01;1;7;0;2;3;19;1;
202000003023;154 736 955;A01;1;7;0;1;1;1;1;
202000003024;154 736 954;A01;2;7;0;0;9;1;1;
202000003025;154 736 953;A01;1;33;1;0;5;1;1;
202000003026;154 736 950;B01;1;14;0;2;1;1;1;
202000003026;154 736 952;A01;1;7;0;2;8;10;1;
202000003027;154 736 949;A01;3;7;1;0;2;19;1;
202000003027;154 736 951;B01;0;2;0;2;1;1;1;
202000003028;154 736 948;A01;3;7;0;1;4;26;1;
202000003029;154 736 947;A01;3;7;0;0;0;1;1;
202000003030;154 736 943;A01;1;7;0;9;2;17;0;
202000003030;154 736 945;B01;1;1;0;2;0;0;5;
202000003031;154 736 942;B01;0;7;0;2;9;23;1;
202000003031;154 736 944;C01;3;7;0;2;4;1;1;
202000003031;154 736 946;A01;3;7;0;2;1;2;1;
202000003032;154 736 941;A01;3;1;12;0;1;1;5;
202000003033;154 736 940;A01;1;7;2;0;1;0;1;
202000003034;154 736 936;C01;2;7;0;2;1;1;1;
202000003034;154 736 938;A01;1;7;0;2;1;1;1;
202000003034;154 736 939;B01;2;7;0;2;1;15;1;
202000003035;154 736 935;B01;1;2;0;2;1;0;1;
202000003035;154 736 937;A01;1;7;0;2;1;0;1;
202000003036;154 736 934;A01;1;7;0;1;2;2;1;
202000003037;154 736 932;B01;1;14;0;2;3;0;1;
202000003037;154 736 933;A01;1;1;0;2;0;0;5;
202000003038;154 736 931;A01;1;1;1;0;0;14;5;
202000003039;154 736 929;A01;2;7;0;2;1;15;1;
202000003039;154 736 930;B01;1;7;0;2;1;1;1;
202000003040;154 736 928;A01;1;37;0;1;2;7;2;1
202000003041;154 736 926;B01;2;1;0;2;1;1;5;
202000003041;154 736 927;A01;1;7;0;2;3;15;1;
202000003042;154 736 924;A01;3;10;0;2;2;1;1;
202000003042;154 736 925;B01;1;3;0;2;1;1;1;
202000003043;154 736 923;A01;3;7;0;1;2;1;1;
202000003044;154 736 922;A01;3;7;0;1;2;16;1;
202000003045;154 736 920;A01;2;30;0;2;1;17;1;
202000003045;154 736 921;B01;1;7;0;2;1;1;1;
202000003046;154 736 918;A01;2;43;0;2;1;1;1;
202000003046;154 736 919;B01;2;7;0;2;2;10;1;
202000003047;154 736 916;B01;3;7;0;2;3;15;1;
202000003047;154 736 917;A01;3;1;0;2;7;1;5;
202000003048;154 736 915;X01;2;7;0;1;1;5;0;
202000003049;154 736 914;A01;2;7;0;1;1;15;1;
202000003050;154 736 912;A01;2;2;0;2;2;18;1;
202000003050;154 736 913;B01;2;10;0;2;8;16;1;
202000003051;154 736 910;A01;1;10;0;1;2;1;1;
202000003052;154 736 909;A01;2;1;0;2;3;15;0;
202000003052;154 736 911;B01;1;7;0;2;2;0;1;
202000003053;154 736 908;A01;1;30;14;0;1;13;1;
202000003054;154 736 904;C01;3;7;0;2;1;1;1;
202000003054;154 736 906;A01;3;7;0;2;4;23;1;
202000003054;154 736 907;B01;0;7;0;2;1;2;1;
202000003055;154 736 905;A01;2;32;0;1;3;18;1;
202000003056;154 736 902;B01;3;0;0;2;1;26;0;
202000003056;154 736 903;A01;3;7;0;2;0;9;1;
202000003057;154 736 899;B01;2;10;0;2;0;1;1;
202000003057;154 736 901;A01;2;30;14;2;1;18;1;
202000003058;154 736 898;B01;1;7;0;2;3;1;1;
202000003058;154 736 900;A01;1;7;0;2;2;20;1;
202000003059;154 736 896;A01;1;0;0;2;3;9;0;
202000003059;154 736 897;B01;2;7;0;2;1;1;6;
202000003060;154 736 895;A01;0;7;0;1;1;1;1;
202000003061;154 736 892;B01;2;33;0;2;1;1;1;
202000003061;154 736 894;A01;1;37;0;2;3;15;1;1
202000003062;154 736 889;A01;1;7;0;2;1;1;1;
202000003062;154 736 890;B01;1;7;0;2;3;1;1;
202000003063;154 736 891;B01;3;7;0;2;1;1;0;
202000003063;154 736 893;A01;3;7;0;2;3;15;0;
202000003064;154 736 886;A01;0;7;0;2;4;15;1;
202000003064;154 736 888;B01;0;33;0;2;1;1;1;
202000003065;154 736 885;B01;2;10;0;2;2;16;0;
202000003065;154 736 887;A01;2;2;0;2;3;18;1;
202000003066;154 736 883;B01;1;7;0;2;1;1;1;
202000003066;154 736 884;A01;1;7;0;2;2;15;1;
202000003067;154 736 881;A01;3;10;0;2;8;15;4;
202000003067;154 736 882;B01;3;33;0;2;1;1;1;
202000003068;154 736 879;B01;1;7;0;2;9;1;1;
202000003068;154 736 880;A01;1;7;0;2;9;26;1;
202000003069;154 736 877;B01;1;1;0;2;2;19;5;
202000003069;154 736 878;A01;1;31;0;2;2;1;0;
202000003070;154 736 875;B01;2;7;0;2;1;1;1;
202000003070;154 736 876;A01;2;7;0;2;8;4;1;
202000003071;154 736 874;A01;2;30;14;0;1;15;1;
202000003072;154 736 871;A01;1;7;0;9;3;17;1;
202000003072;154 736 872;B01;0;1;0;0;0;0;0;
202000003073;154 736 870;B01;2;7;0;2;5;1;1;
202000003073;154 736 873;A01;1;7;0;2;1;9;1;
202000003074;154 736 868;B01;3;7;10;2;8;15;1;
202000003074;154 736 869;A01;3;7;0;2;1;15;1;
202000003075;154 736 867;A01;3;7;1;0;3;13;1;
202000003076;154 736 864;B01;-1;30;0;2;1;2;1;
202000003076;154 736 865;C01;-1;7;0;2;2;1;0;
202000003076;154 736 866;A01;-1;7;0;2;6;1;1;
202000003077;154 736 863;A01;2;7;0;1;0;16;1;
202000003078;154 736 862;A01;2;7;0;1;3;2;1;
202000003079;154 736 860;A01;1;7;0;2;1;26;0;
202000003079;154 736 861;B01;1;7;0;2;7;1;0;
202000003080;154 736 858;A01;1;99;0;2;1;15;1;
202000003080;154 736 859;B01;1;99;0;2;2;1;0;
202000003081;154 736 856;A01;1;7;1;0;1;1;1;
202000003081;154 736 857;B01;2;31;0;2;4;23;1;
202000003082;154 736 853;A01;1;10;3;0;2;14;1;
202000003083;154 736 851;B01;1;7;0;2;6;2;0;
202000003083;154 736 852;A01;1;7;0;2;2;2;0;
202000003084;154 736 849;B01;3;7;2;0;5;2;0;
202000003084;154 736 850;A01;3;7;2;2;1;2;1;
202000003085;154 736 847;A01;1;32;0;2;1;13;1;
202000003085;154 736 848;B01;2;7;0;2;3;1;1;
202000003086;154 736 845;A01;1;7;0;2;4;9;1;
202000003086;154 736 846;B01;1;32;0;2;1;1;1;
202000003087;154 736 841;B01;1;1;0;0;0;0;5;
202000003087;154 736 842;A01;2;7;0;9;3;15;1;
202000003088;154 736 843;B01;1;33;0;2;1;1;1;
202000003088;154 736 844;A01;2;7;0;2;3;10;1;
202000003089;154 736 840;A01;1;10;0;1;2;17;1;
202000003090;154 736 838;A01;3;7;0;2;1;9;1;
202000003090;154 736 839;B01;1;7;0;2;2;1;1;
202000003091;154 736 837;A01;0;7;0;1;3;26;1;
202000003092;154 736 835;A01;2;7;0;0;3;0;0;
202000003092;154 736 836;B01;1;7;0;0;3;0;0;
202000003093;154 736 834;A01;0;7;0;1;0;0;0;
202000003094;154 736 832;A01;3;7;0;2;8;19;0;
202000003094;154 736 833;B01;1;10;0;2;1;1;0;
202000003095;154 736 830;B01;1;7;0;2;1;2;1;
202000003095;154 736 831;A01;2;7;0;2;2;15;1;
202000003096;154 736 829;A01;1;33;7;0;1;1;1;
202000003097;154 736 827;B01;1;32;0;2;1;1;1;
202000003097;154 736 828;A01;2;7;0;2;2;15;1;
202000003098;154 736 825;A01;2;7;0;1;1;1;1;
202000003099;154 736 822;B01;2;10;0;2;3;1;0;
202000003099;154 736 824;A01;1;7;0;2;1;13;0;
202000003100;154 736 821;B01;3;7;0;2;1;1;1;
202000003100;154 736 823;A01;3;10;0;2;1;15;1;
202000003101;154 736 820;A01;1;7;13;0;9;1;1;
202000003102;154 736 819;A01;1;33;14;0;8;1;1;
202000003103;154 736 817;A01;1;7;0;2;1;15;1;
202000003103;154 736 818;B01;2;33;0;2;3;1;1;
202000003104;154 736 815;A01;2;7;0;1;1;1;1;
202000003105;154 736 814;B01;2;33;0;2;1;1;1;
202000003105;154 736 816;A01;2;7;0;2;1;9;1;
202000003106;154 736 813;A01;2;7;4;0;3;13;1;
202000003107;154 736 812;A01;3;7;0;1;1;13;0;
202000003108;154 736 811;A01;1;21;0;0;0;16;1;