num_acc;id_vehicule;num_veh;senc;catv;obs;obsm;choc;manv;motor;occutc
202000003109;154 736 810;A01;1;7;0;1;1;1;2;
202000003110;154 736 809;A01;3;7;13;1;4;26;1;
202000003111;154 736 808;Z01;2;7;0;1;2;16;2;
202000003112;154 736 806;A01;3;7;0;2;8;15;1;
202000003112;154 736 807;B01;2;7;0;2;1;21;1;
202000003113;154 736 803;A01;2;7;0;9;2;21;1;
202000003113;154 736 804;B01;2;1;0;2;6;13;5;
202000003114;154 736 802;A01;1;1;0;2;7;1;5;
202000003114;154 736 805;B01;1;1;0;2;1;5;5;
202000003115;154 736 800;A01;2;7;0;2;3;16;1;
202000003115;154 736 801;B01;1;1;0;2;5;1;5;
202000003116;154 736 798;A01;1;7;0;2;3;1;1;
202000003116;154 736 799;B01;1;1;0;2;8;15;5;
202000003117;154 736 797;A01;2;33;2;0;7;1;1;
202000003118;154 736 793;B01;0;1;0;2;2;1;5;
202000003118;154 736 796;A01;1;7;0;2;3;1;1;
202000003119;154 736 790;B01;2;60;0;2;8;19;5;
202000003119;154 736 792;A01;2;7;0;2;1;1;1;
202000003120;154 736 789;A01;2;1;0;2;3;13;5;
202000003120;154 736 791;B01;2;7;0;2;3;1;1;
202000003121;154 736 786;B01;1;30;0;2;0;1;3;
202000003121;154 736 788;A01;1;7;0;2;2;1;1;
202000003122;154 736 785;B01;2;33;0;2;4;1;1;
202000003122;154 736 787;A01;2;7;0;2;5;10;1;
202000003123;154 736 782;A01;2;7;0;2;2;16;1;
202000003123;154 736 783;B01;2;1;0;2;8;18;5;
202000003124;154 736 781;B01;2;7;0;2;2;1;0;
202000003124;154 736 784;A01;2;2;0;2;8;16;0;
202000003125;154 736 779;A01;3;7;13;0;0;0;1;
202000003126;154 736 778;A01;1;32;0;2;8;18;1;
202000003126;154 736 780;Z01;1;30;0;2;7;16;0;
202000003127;154 736 775;A01;2;31;0;2;0;1;1;
202000003127;154 736 777;B01;1;7;0;2;1;1;1;
202000003128;154 736 776;A01;1;50;12;0;7;14;3;
202000003129;154 736 773;B01;1;33;14;2;1;18;1;
202000003129;154 736 774;A01;1;7;0;2;4;1;0;
202000003130;154 736 771;B01;1;1;0;2;4;15;5;
202000003130;154 736 772;A01;1;30;0;2;1;1;1;
202000003131;154 736 769;A01;1;1;0;2;1;1;5;
202000003131;154 736 770;B01;1;1;0;2;1;5;5;
202000003132;154 736 767;B01;1;2;0;2;1;1;1;
202000003132;154 736 768;A01;1;7;0;2;5;4;1;
202000003133;154 736 766;A01;2;10;0;1;4;4;1;
202000003134;154 736 764;B01;2;31;0;2;0;0;1;
202000003134;154 736 765;A01;2;10;0;2;4;15;1;
202000003135;154 736 763;A01;1;7;0;1;3;1;0;
202000003136;154 736 762;A01;1;30;0;0;3;26;1;
202000003137;154 736 760;B01;1;10;0;2;6;15;1;
202000003137;154 736 761;A01;1;30;0;2;7;17;1;
202000003138;154 736 758;A01;3;15;0;2;3;1;1;
202000003138;154 736 759;B01;3;10;0;2;7;1;1;
202000003139;154 736 756;B01;0;7;0;2;0;0;0;
202000003139;154 736 757;A01;0;7;0;2;4;0;1;
202000003140;154 736 753;A01;3;10;0;2;1;13;0;
202000003140;154 736 754;B01;3;7;0;2;1;0;0;
202000003140;154 736 755;C01;3;7;0;0;6;0;0;
202000003141;154 736 751;A01;2;10;0;2;3;15;1;
202000003141;154 736 752;B01;2;31;0;2;1;17;1;
202000003142;154 736 749;B01;1;10;0;2;5;16;0;
202000003142;154 736 750;A01;1;37;0;2;3;1;0;2
202000003143;154 736 747;A01;3;7;0;2;5;15;6;
202000003143;154 736 748;B01;3;7;0;2;2;1;0;
202000003144;154 736 745;B01;3;7;0;2;1;9;1;
202000003144;154 736 746;A01;3;34;0;2;1;3;1;
202000003145;154 736 744;A01;2;34;15;1;1;1;0;
202000003146;154 736 743;A01;2;33;0;0;8;13;1;
202000003147;154 736 741;A01;1;7;0;2;3;9;1;
202000003147;154 736 742;B01;1;1;0;2;2;1;5;
202000003148;154 736 739;B01;2;1;0;2;4;1;0;
202000003148;154 736 740;A01;2;7;0;2;2;12;1;
202000003149;154 736 738;A01;2;7;0;1;1;15;1;
202000003150;154 736 736;B01;2;2;0;2;1;1;1;
202000003150;154 736 737;A01;1;7;0;2;2;15;1;
202000003151;154 736 734;B01;2;32;0;2;1;0;1;
202000003151;154 736 735;A01;1;7;0;2;2;15;1;
202000003152;154 736 732;A01;1;7;0;2;2;19;1;
202000003152;154 736 733;B01;2;2;0;2;1;19;1;
202000003153;154 736 730;A01;2;7;0;2;1;2;1;
202000003153;154 736 731;B01;2;15;0;0;4;2;1;
202000003154;154 736 729;A01;1;7;0;1;2;13;1;
202000003155;154 736 727;B01;2;7;0;2;3;0;1;
202000003155;154 736 728;A01;1;7;0;2;3;21;0;
202000003156;154 736 726;A01;2;7;4;0;8;17;1;
202000003157;154 736 725;A01;0;10;0;1;2;1;1;
202000003158;154 736 724;A01;2;7;0;1;3;2;1;
202000003159;154 736 722;A01;2;7;0;2;6;1;1;
202000003159;154 736 723;B01;2;33;0;2;1;2;1;
202000003160;154 736 719;A01;2;7;3;2;3;1;1;
202000003160;154 736 720;B01;1;7;0;0;3;1;1;
202000003160;154 736 721;C01;1;7;0;0;6;1;1;
202000003161;154 736 718;A01;2;7;2;0;1;17;1;
202000003162;154 736 716;B01;0;7;0;2;8;17;1;
202000003162;154 736 717;A01;1;7;0;2;1;1;1;
202000003163;154 736 714;A01;1;7;0;2;3;9;0;
202000003163;154 736 715;B01;1;2;0;2;5;1;0;
202000003164;154 736 712;A01;2;33;0;2;1;2;1;
202000003164;154 736 713;B01;2;14;0;2;6;1;1;
202000003165;154 736 708;A01;1;7;0;2;3;2;1;
202000003165;154 736 709;B01;1;33;0;2;1;2;1;
202000003166;154 736 706;B01;2;7;0;2;1;0;1;
202000003166;154 736 707;A01;1;7;0;2;1;13;1;
202000003167;154 736 704;A01;2;7;6;0;1;2;1;
202000003168;154 736 703;A01;1;2;0;9;1;0;1;
202000003169;154 736 702;A01;1;7;13;0;1;1;1;
202000003170;154 736 701;A01;3;7;0;1;3;1;0;
202000003171;154 736 698;A01;3;7;0;0;0;15;1;
202000003171;154 736 699;C01;3;7;0;2;1;1;1;
202000003171;154 736 700;B01;3;7;0;2;1;17;0;
202000003172;154 736 696;B01;2;7;0;0;4;1;1;
202000003172;154 736 697;A01;2;7;0;2;1;2;1;
202000003173;154 736 695;A01;1;14;0;1;6;1;0;
202000003174;154 736 694;A01;2;7;6;0;7;0;1;
202000003175;154 736 692;A01;1;2;0;2;3;13;1;
202000003175;154 736 693;B01;2;7;0;2;3;1;1;
202000003176;154 736 691;A01;1;7;13;0;1;0;1;
202000003177;154 736 689;A01;3;7;0;2;3;15;1;
202000003177;154 736 690;B01;2;7;0;2;2;1;1;
202000003178;154 736 687;A01;3;33;0;2;1;1;1;
202000003178;154 736 688;B01;3;7;0;2;1;15;1;
202000003179;154 736 685;B01;1;7;0;2;3;1;1;
202000003179;154 736 686;A01;1;31;0;2;1;17;1;
202000003180;154 736 683;B01;2;7;0;2;1;1;1;
202000003180;154 736 684;A01;1;7;0;2;7;17;1;
202000003181;154 736 681;B01;2;2;0;2;0;2;1;
202000003181;154 736 682;A01;2;2;0;0;0;2;1;
202000003182;154 736 679;B01;2;1;0;2;7;1;5;
202000003182;154 736 680;A01;3;7;0;2;1;1;0;
202000003183;154 736 677;A01;1;7;16;0;9;2;1;
202000003183;154 736 678;B01;2;7;0;2;3;18;0;
202000003184;154 736 676;A01;3;7;0;1;3;1;1;
202000003185;154 736 674;B01;2;15;0;2;6;2;1;
202000003185;154 736 675;A01;2;7;0;2;1;2;1;
202000003186;154 736 672;A01;2;7;0;2;1;1;1;
202000003186;154 736 673;B01;2;7;0;2;4;2;1;
202000003187;154 736 666;E01;2;17;0;2;1;2;1;
202000003187;154 736 667;F01;2;7;0;2;4;2;1;
202000003187;154 736 668;D01;2;17;0;2;1;2;1;
202000003187;154 736 669;A01;2;7;0;2;4;2;1;
202000003187;154 736 670;C01;2;17;0;2;4;2;1;
202000003187;154 736 671;B01;2;17;0;2;4;2;1;
202000003188;154 736 665;A01;1;7;4;0;2;1;1;
202000003189;154 736 663;A01;1;7;0;2;2;15;1;
202000003189;154 736 664;B01;1;7;0;9;3;1;1;
202000003190;154 736 660;A01;2;7;0;2;6;1;1;
202000003190;154 736 661;B01;2;33;0;2;3;3;1;
202000003190;154 736 662;C01;2;10;0;2;6;1;1;
202000003191;154 736 658;B01;2;7;0;2;8;1;1;
202000003191;154 736 659;A01;2;15;0;2;7;14;1;
202000003192;154 736 655;A01;1;7;0;2;7;12;1;
202000003192;154 736 656;B01;1;7;0;2;3;1;1;
202000003192;154 736 657;C01;1;7;0;2;4;2;1;
202000003193;154 736 653;B01;2;7;0;2;4;23;1;
202000003193;154 736 654;A01;2;7;0;2;1;2;2;
202000003194;154 736 652;A01;2;17;4;0;3;13;1;
202000003195;154 736 650;B01;2;7;0;2;3;17;1;
202000003195;154 736 651;A01;2;7;0;2;4;1;1;
202000003196;154 736 648;A01;2;7;0;2;2;12;1;
202000003196;154 736 649;B01;2;33;0;2;8;3;1;
202000003197;154 736 646;B01;1;7;0;2;6;2;1;
202000003197;154 736 647;A01;1;33;0;2;1;2;3;
202000003198;154 736 645;A01;1;17;3;0;2;1;1;
202000003199;154 736 642;A01;2;10;0;2;1;1;1;
202000003199;154 736 643;B01;2;7;0;2;4;1;1;
202000003199;154 736 644;C01;2;7;0;2;4;1;1;
202000003200;154 736 641;A01;2;33;0;0;7;16;1;
202000003201;154 736 637;A01;0;7;2;0;1;1;1;
202000003202;154 736 636;A01;2;7;0;1;2;1;1;
202000003203;154 736 635;A01;3;31;12;0;3;1;1;
202000003204;154 736 633;B01;3;7;0;1;4;24;0;
202000003204;154 736 634;A01;2;38;1;0;7;1;0;1
202000003205;154 736 632;A01;1;7;0;1;1;1;1;
202000003206;154 736 631;A01;2;7;14;1;2;26;1;
202000003207;154 736 629;B01;3;32;0;2;1;1;0;
202000003207;154 736 630;A01;3;7;0;2;3;15;0;
202000003208;154 736 627;A01;3;7;0;2;1;16;1;
202000003208;154 736 628;B01;3;50;0;2;6;1;3;
202000003209;154 736 625;B01;2;7;0;2;6;15;1;
202000003209;154 736 626;A01;1;7;0;2;3;1;1;
202000003210;154 736 624;A01;3;7;0;1;1;26;0;
202000003211;154 736 622;A01;1;7;0;2;2;9;1;
202000003211;154 736 623;B01;1;31;0;2;3;1;1;
202000003212;154 736 618;B01;2;7;0;2;3;15;1;
202000003212;154 736 619;A01;2;33;0;2;1;17;1;
202000003213;154 736 617;A01;0;37;0;1;1;7;1;1
202000003214;154 736 616;A01;0;7;0;1;4;4;0;
202000003215;154 736 614;Z01;0;7;0;1;1;15;1;
202000003216;154 736 612;B01;2;1;0;2;1;5;0;
202000003216;154 736 613;A01;1;7;0;2;1;15;0;
202000003217;154 736 610;B01;1;1;0;2;8;1;5;
202000003217;154 736 611;A01;1;7;0;2;1;16;1;
202000003218;154 736 608;A01;1;7;0;2;1;2;1;
202000003218;154 736 609;B01;1;7;0;2;4;2;1;
202000003219;154 736 607;A01;1;7;8;0;1;1;1;
202000003220;154 736 605;A01;2;10;0;2;3;15;1;
202000003220;154 736 606;B01;1;7;0;2;3;1;1;
202000003221;154 736 604;A01;2;7;0;1;4;4;1;
202000003222;154 736 601;C01;2;7;0;2;3;15;1;
202000003222;154 736 602;B01;1;7;0;2;7;19;1;
202000003222;154 736 603;A01;1;7;0;2;1;1;1;
202000003223;154 736 600;A01;1;32;14;0;1;1;3;
202000003224;154 736 596;D01;1;7;0;2;4;1;1;
202000003224;154 736 597;A01;1;7;0;2;1;1;1;
202000003224;154 736 598;B01;1;7;0;2;4;1;1;
202000003224;154 736 599;C01;1;7;0;2;4;1;1;
202000003225;154 736 594;B01;1;1;0;2;4;2;5;
202000003225;154 736 595;A01;3;7;0;2;1;2;1;
202000003226;154 736 592;B01;2;10;0;2;7;1;1;
202000003226;154 736 593;A01;1;7;0;2;1;9;1;
202000003227;154 736 591;A01;1;7;0;1;1;1;1;
202000003228;154 736 590;A01;2;3;14;0;9;1;1;
202000003229;154 736 588;B01;3;1;0;2;0;0;5;
202000003229;154 736 589;A01;3;7;0;9;3;9;0;
202000003230;154 736 587;A01;3;10;0;1;1;1;1;
202000003231;154 736 585;B01;1;7;0;2;4;1;1;
202000003231;154 736 586;A01;1;10;0;2;1;1;1;
202000003232;154 736 583;B01;2;37;0;2;1;1;1;3
202000003232;154 736 584;A01;2;10;0;2;3;15;1;
202000003233;154 736 581;B01;0;7;0;2;1;1;1;
202000003233;154 736 582;A01;3;7;0;2;8;15;1;
202000003234;154 736 578;A01;0;7;0;2;1;1;2;
202000003234;154 736 579;B01;0;7;0;2;4;1;1;
202000003234;154 736 580;C01;0;7;0;2;4;1;1;
202000003235;154 736 577;A01;1;7;12;0;1;13;1;
202000003236;154 736 575;B01;2;7;0;2;3;1;1;
202000003236;154 736 576;A01;1;20;0;2;0;13;1;
202000003237;154 736 574;A01;1;7;0;1;1;1;1;
202000003238;154 736 572;B01;0;1;0;2;1;15;5;
202000003238;154 736 573;A01;0;7;0;2;3;1;1;
202000003239;154 736 571;A01;1;7;0;1;1;1;1;
202000003240;154 736 570;A01;2;7;0;1;1;1;1;
202000003241;154 736 569;A01;2;33;15;0;7;1;1;
202000003242;154 736 567;A01;0;7;0;2;7;15;1;
202000003242;154 736 568;B01;2;7;0;2;2;1;1;
202000003243;154 736 566;A01;1;1;0;1;1;1;2;
202000003244;154 736 565;A01;1;7;0;1;1;1;3;
202000003245;154 736 564;A01;2;10;0;0;1;1;1;
202000003246;154 736 562;A01;2;2;0;2;1;1;1;
202000003246;154 736 563;B01;2;7;0;2;4;23;1;
202000003247;154 736 560;B01;3;7;0;2;8;15;1;
202000003247;154 736 561;A01;3;30;0;2;8;1;1;
202000003248;154 736 558;B01;1;80;0;2;1;1;3;
202000003248;154 736 559;A01;1;7;0;2;3;1;1;
202000003249;154 736 555;C01;2;7;0;2;4;15;1;
202000003249;154 736 556;A01;3;7;0;2;1;26;0;
202000003249;154 736 557;B01;2;7;0;2;4;1;1;
202000003250;154 736 554;A01;3;7;14;0;1;1;1;
202000003251;154 736 552;A01;0;7;0;2;1;1;1;
202000003251;154 736 553;B01;0;7;0;0;4;1;1;
202000003252;154 736 551;A01;1;1;0;1;1;1;5;
202000003253;154 736 549;B01;2;7;0;2;4;2;1;
202000003253;154 736 550;A01;2;2;0;2;1;2;1;
202000003254;154 736 547;B01;1;7;0;2;4;23;1;
202000003254;154 736 548;A01;1;31;0;2;1;2;1;
202000003255;154 736 546;A01;2;34;12;0;2;1;1;
202000003256;154 736 544;A01;1;7;0;0;4;23;0;
202000003256;154 736 545;B01;1;32;0;2;1;2;1;
202000003257;154 736 543;A01;1;34;0;1;2;17;1;
202000003258;154 736 541;A01;1;7;0;2;2;9;1;
202000003258;154 736 542;B01;1;43;0;2;8;2;1;
202000003259;154 736 539;B01;2;1;0;2;2;1;5;
202000003259;154 736 540;A01;2;7;0;2;1;15;1;
202000003260;154 736 537;B01;0;7;0;2;2;1;1;
202000003260;154 736 538;A01;3;7;0;2;3;19;1;
202000003261;154 736 535;A01;2;7;0;9;1;1;0;
202000003261;154 736 536;B01;-1;1;0;2;-1;0;-1;
202000003262;154 736 534;A01;0;0;0;1;1;0;0;
202000003263;154 736 532;A01;1;7;0;2;1;2;1;
202000003263;154 736 533;B01;1;3;0;2;4;0;1;
202000003264;154 736 531;A01;2;7;0;1;2;1;1;
202000003265;154 736 529;B01;1;7;0;2;1;1;1;
202000003265;154 736 530;A01;1;7;0;2;5;1;1;
202000003266;154 736 527;B01;2;7;0;2;8;2;1;
202000003266;154 736 528;A01;2;30;0;2;5;17;1;
202000003267;154 736 525;B01;1;1;1;0;1;1;5;
202000003267;154 736 526;A01;1;7;0;2;8;24;1;
202000003268;154 736 523;A01;2;2;0;2;1;1;1;
202000003268;154 736 524;B01;1;10;1;2;2;15;1;
202000003269;154 736 521;B01;2;7;0;0;0;26;-1;
202000003269;154 736 522;A01;2;32;0;2;0;1;1;
202000003270;154 736 518;A01;1;7;0;2;1;26;1;
202000003270;154 736 519;B01;1;31;0;2;4;2;1;
202000003270;154 736 520;C01;1;7;0;2;4;2;1;
202000003271;154 736 516;A01;0;7;0;2;3;15;6;
202000003271;154 736 517;B01;0;2;0;2;1;1;1;
202000003272;154 736 515;A01;1;7;0;1;2;1;1;
202000003273;154 736 513;A01;0;50;0;2;1;26;3;
202000003273;154 736 514;B01;0;7;0;9;2;15;1;
202000003274;154 736 511;A01;1;7;0;2;2;17;1;
202000003274;154 736 512;B01;1;7;0;2;8;15;1;
202000003275;154 736 509;B01;3;80;0;2;7;1;3;
202000003275;154 736 510;A01;3;7;0;2;3;16;1;
202000003276;154 736 507;B01;3;1;0;2;7;19;5;
202000003276;154 736 508;A01;3;7;0;2;1;1;1;
202000003277;154 736 503;D01;1;7;0;2;1;2;1;
202000003277;154 736 504;C01;1;7;0;2;4;2;1;
202000003277;154 736 505;B01;1;2;0;2;4;2;1;
202000003277;154 736 506;Z01;1;7;0;2;1;2;1;
202000003278;154 736 501;B01;3;1;0;2;0;1;5;
202000003278;154 736 502;Z01;3;7;0;2;0;1;1;
202000003279;154 736 499;B01;1;13;0;2;6;1;1;
202000003279;154 736 500;A01;1;31;0;2;7;17;1;
202000003280;154 736 498;A01;2;7;0;1;1;1;1;
202000003281;154 736 496;A01;1;1;0;2;4;1;5;
202000003281;154 736 497;Z01;1;7;0;9;1;1;0;
202000003282;154 736 494;B01;2;1;0;2;1;1;5;
202000003282;154 736 495;A01;1;7;0;2;3;9;0;
202000003283;154 736 493;A01;1;32;0;1;1;16;1;
202000003284;154 736 490;A01;2;7;0;2;8;1;1;
202000003284;154 736 491;B01;0;2;0;2;1;1;3;
202000003285;154 736 487;A01;2;10;0;2;1;1;1;
202000003285;154 736 488;B01;2;7;0;2;4;1;1;
202000003285;154 736 489;C01;2;7;0;2;4;1;1;
202000003286;154 736 485;A01;3;7;15;2;7;1;1;
202000003286;154 736 486;B01;2;2;0;2;1;1;1;
202000003287;154 736 483;A01;3;33;0;2;1;2;1;
202000003287;154 736 484;B01;3;7;0;2;6;23;1;
202000003288;154 736 481;B01;0;1;0;2;1;19;5;
202000003288;154 736 482;A01;3;10;0;2;2;26;1;
202000003289;154 736 479;A01;1;7;0;2;5;15;1;
202000003289;154 736 480;B01;1;33;0;2;8;1;1;
202000003290;154 736 477;B01;3;40;0;2;1;1;2;
202000003290;154 736 478;A01;3;7;0;-1;1;9;1;
202000003291;154 736 472;A01;1;7;0;2;1;9;1;
202000003291;154 736 473;B01;1;7;0;2;4;2;1;
202000003291;154 736 474;C01;1;7;0;2;4;2;1;
202000003291;154 736 475;D01;1;7;0;2;4;26;1;
202000003291;154 736 476;E01;1;7;0;2;7;26;1;
202000003292;154 736 470;B01;3;7;0;2;8;26;1;
202000003292;154 736 471;A01;3;7;0;2;3;16;1;
202000003293;154 736 468;B01;3;1;0;2;8;1;5;
202000003293;154 736 469;A01;1;7;0;2;7;16;1;
202000003294;154 736 467;A01;0;1;0;0;0;1;5;
202000003295;154 736 466;A01;3;33;9;0;0;0;1;
202000003296;154 736 465;A01;1;80;1;0;0;1;3;
202000003297;154 736 464;A01;1;7;2;0;2;19;1;
202000003298;154 736 462;A01;0;7;0;2;3;9;1;
202000003298;154 736 463;B01;0;7;0;2;2;0;1;
202000003299;154 736 461;A01;2;33;0;2;1;21;1;
202000003300;154 736 460;A01;1;7;1;1;1;26;1;
202000003301;154 736 459;A01;1;30;0;0;7;1;1;
202000003302;154 736 456;A01;3;10;0;2;7;16;1;
202000003302;154 736 457;B01;3;2;0;2;8;1;1;
202000003303;154 736 454;B01;0;10;0;0;4;1;1;
202000003303;154 736 455;A01;1;10;0;2;1;1;1;
202000003304;154 736 452;A01;1;30;0;2;0;1;1;
202000003304;154 736 453;B01;1;7;0;2;7;1;1;
202000003305;154 736 450;A01;0;33;0;2;3;17;1;
202000003305;154 736 451;B01;0;10;0;2;3;15;1;
202000003306;154 736 448;A01;1;7;0;2;8;15;1;
202000003306;154 736 449;B01;1;7;0;2;1;1;1;
202000003307;154 736 446;A01;3;31;0;2;7;1;1;
202000003307;154 736 447;B01;2;7;0;2;1;19;1;
202000003308;154 736 444;B01;3;7;0;2;3;0;1;
202000003308;154 736 445;A01;3;7;0;2;3;0;1;
202000003309;154 736 442;A01;3;7;0;2;4;26;1;
202000003309;154 736 443;B01;3;7;0;2;1;1;1;
202000003310;154 736 440;A01;2;7;0;2;3;0;1;
202000003310;154 736 441;B01;2;33;0;0;0;0;1;
202000003311;154 736 438;B01;2;7;4;2;2;1;1;
202000003311;154 736 439;A01;2;7;4;2;8;13;1;
202000003312;154 736 436;B01;2;1;12;0;1;26;5;
202000003312;154 736 437;Z01;3;0;0;2;0;0;0;
202000003313;154 736 434;B01;2;7;0;2;4;1;1;
202000003313;154 736 435;A01;2;7;0;2;1;1;1;
202000003314;154 736 433;A01;2;33;0;0;0;1;1;
202000003315;154 736 432;A01;2;33;0;0;8;0;1;
202000003316;154 736 430;B01;3;7;0;2;2;15;1;
202000003316;154 736 431;A01;3;7;0;2;1;1;1;
202000003317;154 736 429;A01;2;7;0;1;2;15;1;
202000003318;154 736 427;B01;3;33;0;2;1;1;1;
202000003318;154 736 428;A01;3;7;0;2;7;15;1;
202000003319;154 736 425;B01;0;33;0;2;1;17;1;
202000003319;154 736 426;A01;0;7;0;2;8;15;1;
202000003320;154 736 424;A01;1;7;0;1;1;1;1;
202000003321;154 736 422;B01;2;7;0;2;3;26;1;
202000003321;154 736 423;A01;2;7;0;2;7;16;1;
202000003322;154 736 420;A01;1;2;0;2;1;17;1;
202000003322;154 736 421;B01;2;34;0;2;1;17;1;
202000003323;154 736 418;A01;2;7;0;2;5;15;6;
202000003323;154 736 419;B01;2;33;0;2;1;1;6;
202000003324;154 736 415;C01;1;10;0;0;2;1;1;
202000003324;154 736 416;B01;2;7;0;2;5;1;1;
202000003324;154 736 417;A01;2;32;0;2;1;14;1;
202000003325;154 736 414;A01;2;32;0;1;1;26;1;
202000003326;154 736 412;A01;1;10;0;2;2;12;1;
202000003326;154 736 413;B01;1;7;4;2;8;1;1;
202000003327;154 736 410;B01;2;7;0;2;4;2;1;
202000003327;154 736 411;A01;2;31;0;2;1;1;1;
202000003328;154 736 408;B01;1;30;0;2;7;1;1;
202000003328;154 736 409;A01;1;7;0;2;1;9;1;
202000003329;154 736 406;B01;1;2;0;2;1;1;1;
202000003329;154 736 407;A01;1;7;0;2;8;15;1;
202000003330;154 736 405;A01;1;43;0;1;3;1;1;
202000003331;154 736 404;A01;2;3;0;1;2;16;1;
202000003332;154 736 402;B01;3;1;0;2;7;12;5;
202000003332;154 736 403;A01;3;7;0;2;3;11;1;
202000003333;154 736 401;A01;1;1;8;0;1;25;5;
202000003334;154 736 399;B01;2;7;0;2;6;2;1;
202000003334;154 736 400;A01;2;32;0;2;2;2;1;
202000003335;154 736 397;B01;1;7;0;2;8;22;2;
202000003335;154 736 398;A01;1;1;0;2;1;1;5;
202000003336;154 736 395;A01;1;30;0;2;3;10;1;
202000003336;154 736 396;B01;1;1;0;2;2;7;5;
202000003337;154 736 394;A01;1;30;0;0;8;7;1;
202000003338;154 736 392;B01;2;7;0;2;3;1;1;
202000003338;154 736 393;A01;2;33;0;2;7;8;1;
202000003339;154 736 390;B01;1;7;0;2;6;9;1;
202000003339;154 736 391;A01;1;50;0;2;1;1;3;
202000003340;154 736 389;Z01;1;7;0;1;4;4;1;
202000003341;154 736 387;B01;2;1;0;2;1;1;5;
202000003341;154 736 388;A01;2;1;0;2;4;13;5;
202000003342;154 736 385;B01;1;7;0;2;2;15;1;
202000003342;154 736 386;A01;2;1;0;2;8;1;5;
202000003343;154 736 383;A01;1;50;0;2;2;1;3;
202000003343;154 736 384;B01;1;30;0;2;3;16;1;
202000003344;154 736 381;A01;2;7;0;2;7;12;2;
202000003344;154 736 382;B01;2;1;0;2;8;1;5;
202000003345;154 736 379;A01;2;7;0;2;3;15;1;
202000003345;154 736 380;B01;2;30;0;2;7;17;1;
202000003346;154 736 377;B01;1;31;0;2;1;1;1;
202000003346;154 736 378;A01;2;7;0;2;2;15;1;
202000003347;154 736 376;A01;2;37;0;1;2;2;2;1
202000003348;154 736 374;A01;3;43;0;2;1;18;1;
202000003348;154 736 375;B01;3;1;0;2;6;19;5;
202000003349;154 736 372;A01;3;50;0;2;7;1;3;
202000003349;154 736 373;B01;3;32;0;2;3;1;1;
202000003350;154 736 371;A01;1;1;0;0;1;1;5;
202000003351;154 736 370;A01;1;30;0;0;8;1;1;
202000003352;154 736 368;A01;2;7;0;2;2;15;1;
202000003352;154 736 369;B01;2;30;0;2;3;1;1;
202000003353;154 736 366;A01;1;3;0;2;1;26;1;
202000003353;154 736 367;B01;1;3;14;0;4;2;1;
202000003354;154 736 364;A01;1;34;6;2;1;1;1;
202000003354;154 736 365;B01;1;7;0;2;2;16;1;
202000003355;154 736 362;A01;1;7;0;2;3;22;1;
202000003355;154 736 363;B01;1;1;1;0;1;2;5;
202000003356;154 736 360;A01;2;31;0;2;0;1;0;
202000003356;154 736 361;X01;1;99;0;2;0;15;0;
202000003357;154 736 358;A01;2;7;0;2;2;9;0;
202000003357;154 736 359;B01;2;2;0;2;3;2;0;
202000003358;154 736 356;A01;0;7;0;2;6;10;0;
202000003358;154 736 357;B01;0;34;0;2;1;1;0;
202000003359;154 736 354;Z01;2;7;0;9;0;26;0;
202000003359;154 736 355;A01;2;50;14;1;4;18;3;
202000003360;154 736 352;A01;1;30;0;2;3;17;1;
202000003360;154 736 353;B01;1;10;0;2;3;23;1;
202000003361;154 736 350;B01;3;10;0;0;6;0;1;
202000003361;154 736 351;A01;3;10;0;2;1;26;1;
202000003362;154 736 349;A01;2;7;0;1;1;1;1;
202000003363;154 736 347;A01;3;34;0;2;7;16;1;
202000003363;154 736 348;B01;3;7;0;2;2;11;1;
202000003364;154 736 346;A01;1;7;0;1;4;4;1;
202000003365;154 736 344;B01;1;7;0;2;7;0;1;
202000003365;154 736 345;A01;1;32;0;2;8;16;1;
202000003366;154 736 342;A01;2;7;0;2;1;2;1;
202000003366;154 736 343;B01;2;7;0;2;4;2;1;
202000003367;154 736 340;A01;3;10;0;0;4;26;1;
202000003367;154 736 341;B01;-1;99;0;2;0;0;0;
202000003368;154 736 338;A01;0;31;0;2;2;17;1;
202000003368;154 736 339;B01;0;7;0;2;3;15;1;
202000003369;154 736 337;A01;1;37;0;1;2;1;0;1
202000003370;154 736 335;A01;3;33;0;2;1;17;1;
202000003370;154 736 336;B01;3;7;16;0;8;15;1;
202000003371;154 736 334;A01;1;7;0;1;1;1;0;
202000003372;154 736 332;B01;1;10;0;2;2;1;1;
202000003372;154 736 333;A01;2;7;0;2;3;15;1;
202000003373;154 736 331;A01;1;7;0;1;1;15;1;
202000003374;154 736 330;A01;3;7;0;1;3;15;1;
202000003375;154 736 329;A01;2;34;1;1;1;17;1;
202000003376;154 736 328;A01;0;30;0;1;1;26;1;
202000003377;154 736 326;B01;2;10;9;0;4;2;1;
202000003377;154 736 327;A01;2;34;0;2;1;2;1;
202000003378;154 736 323;B01;0;7;0;2;4;2;1;
202000003378;154 736 324;A01;3;10;0;2;6;23;1;
202000003378;154 736 325;C01;0;10;0;2;1;2;1;
202000003379;154 736 321;Z01;2;7;0;2;0;1;0;
202000003379;154 736 322;B01;2;32;0;2;4;9;1;
202000003380;154 736 319;A01;2;10;0;9;1;15;1;
202000003380;154 736 320;B01;2;1;0;2;1;1;5;