num_acc;id_vehicule;num_veh;senc;catv;obs;obsm;choc;manv;motor;occutc
202000003381;154 736 317;B01;3;37;0;2;3;1;1;1
202000003381;154 736 318;A01;3;7;0;2;7;1;1;
202000003382;154 736 316;A01;2;7;12;1;3;19;1;
202000003383;154 736 314;B01;1;7;0;0;0;20;1;
202000003383;154 736 315;A01;1;32;0;0;8;1;1;
202000003384;154 736 312;B01;2;50;0;2;1;1;3;
202000003384;154 736 313;A01;1;7;0;2;2;15;0;
202000003385;154 736 311;A01;0;2;0;0;9;1;1;
202000003386;154 736 310;A01;1;7;2;0;1;17;1;
202000003387;154 736 308;B01;1;7;0;2;1;1;1;
202000003387;154 736 309;A01;2;7;0;2;8;13;1;
202000003388;154 736 306;A01;3;33;0;2;1;2;1;
202000003388;154 736 307;B01;3;7;0;0;8;2;1;
202000003389;154 736 303;B01;2;2;0;2;1;1;1;
202000003389;154 736 304;A01;1;7;0;2;2;15;1;
202000003390;154 736 302;A01;0;33;0;0;4;1;1;
202000003391;154 736 299;C01;1;7;0;0;4;1;1;
202000003391;154 736 300;A01;1;7;0;2;1;1;1;
202000003391;154 736 301;B01;1;7;0;2;4;1;1;
202000003392;154 736 297;A01;3;7;0;1;7;1;1;
202000003392;154 736 298;B01;3;7;0;2;1;1;1;
202000003393;154 736 295;B01;1;3;0;0;4;1;1;
202000003393;154 736 296;A01;1;7;0;2;1;1;1;
202000003394;154 736 293;B01;1;10;0;2;8;1;1;
202000003394;154 736 294;A01;3;31;0;2;1;1;1;
202000003395;154 736 291;B01;2;7;3;0;4;1;1;
202000003395;154 736 292;A01;2;7;4;2;3;2;1;
202000003396;154 736 290;A01;0;2;7;0;1;0;0;
202000003397;154 736 289;A01;3;36;8;0;1;18;1;
202000003398;154 736 288;A01;2;33;8;0;1;1;1;
202000003399;154 736 287;A01;3;31;0;0;9;14;1;
202000003400;154 736 284;A01;2;7;0;2;1;17;1;
202000003400;154 736 285;B01;1;10;0;2;1;1;1;
202000003400;154 736 286;C01;2;7;0;2;3;1;1;
202000003401;154 736 282;A01;0;7;0;2;2;1;0;
202000003401;154 736 283;B01;0;1;0;0;8;19;5;
202000003402;154 736 280;A01;1;7;0;2;3;1;1;
202000003402;154 736 281;B01;2;7;0;2;3;1;1;
202000003403;154 736 279;A01;1;33;0;0;3;1;1;
202000003404;154 736 278;A01;1;7;0;1;3;1;1;
202000003405;154 736 276;A01;1;7;0;2;3;1;1;
202000003405;154 736 277;B01;1;7;2;2;3;1;1;
202000003406;154 736 275;A01;1;7;0;1;4;20;1;
202000003407;154 736 273;A01;3;33;0;0;2;14;1;
202000003408;154 736 270;B01;1;33;0;0;4;1;1;
202000003408;154 736 271;C01;1;34;0;2;1;17;1;
202000003408;154 736 272;A01;2;33;0;2;1;1;1;
202000003409;154 736 267;C01;2;7;0;2;6;16;1;
202000003409;154 736 268;B01;1;7;0;2;3;1;1;
202000003409;154 736 269;A01;2;7;0;2;8;17;1;
202000003410;154 736 265;B01;2;7;0;2;1;5;1;
202000003410;154 736 266;A01;1;17;0;0;2;1;1;
202000003411;154 736 263;B01;1;7;0;2;3;0;6;
202000003411;154 736 264;A01;2;7;3;2;1;5;1;
202000003412;154 736 262;A01;3;33;13;0;0;13;1;
202000003413;154 736 261;A01;1;7;2;0;9;1;1;
202000003414;154 736 260;A01;1;7;8;0;9;26;1;
202000003415;154 736 257;A01;0;1;0;2;1;13;0;
202000003415;154 736 258;B01;0;1;0;0;4;1;0;
202000003415;154 736 259;C01;0;7;0;9;3;1;0;
202000003416;154 736 255;A01;1;33;0;2;1;17;1;
202000003416;154 736 256;B01;1;7;0;2;3;15;1;
202000003417;154 736 254;A01;3;2;15;0;1;1;1;
202000003418;154 736 253;A01;2;7;6;0;1;0;1;
202000003419;154 736 251;A01;1;33;0;2;1;1;1;
202000003419;154 736 252;B01;1;7;0;2;5;19;1;
202000003420;154 736 249;B01;1;7;0;1;5;24;1;
202000003420;154 736 250;A01;1;2;1;0;1;16;1;
202000003421;154 736 247;B01;1;7;0;9;3;19;1;
202000003421;154 736 248;A01;1;1;0;0;5;0;5;
202000003422;154 736 245;B01;1;17;0;0;4;1;1;
202000003422;154 736 246;A01;1;7;0;2;1;2;1;
202000003423;154 736 244;A01;1;7;4;0;1;1;1;
202000003424;154 736 243;A01;2;33;0;9;1;1;1;
202000003425;154 736 242;A01;0;33;4;0;7;2;1;
202000003426;154 736 241;A01;3;7;0;1;3;1;1;
202000003427;154 736 240;A01;2;10;13;0;1;13;1;
202000003428;154 736 238;B01;2;32;0;2;1;1;1;
202000003428;154 736 239;A01;1;7;0;2;6;26;1;
202000003429;154 736 237;A01;2;7;8;0;1;1;1;
202000003430;154 736 236;A01;1;7;13;0;0;1;1;
202000003431;154 736 235;A01;2;33;6;0;1;1;1;
202000003432;154 736 233;A01;1;7;0;2;3;2;1;
202000003432;154 736 234;B01;1;21;0;2;6;2;1;
202000003433;154 736 229;B01;-1;33;13;0;1;1;1;
202000003433;154 736 230;A01;-1;31;12;0;8;15;1;
202000003434;154 736 227;A01;2;7;0;2;1;13;1;
202000003434;154 736 228;B01;1;7;0;2;1;1;1;
202000003435;154 736 226;A01;2;7;2;0;1;13;1;
202000003436;154 736 225;A01;3;7;6;0;8;1;1;
202000003437;154 736 223;B01;2;2;0;2;1;1;1;
202000003437;154 736 224;A01;1;7;0;2;0;1;0;
202000003438;154 736 221;B01;1;7;0;2;3;1;1;
202000003438;154 736 222;A01;2;7;0;2;2;15;1;
202000003439;154 736 219;A01;0;7;0;2;4;20;1;
202000003439;154 736 220;B01;0;33;0;2;7;0;1;
202000003440;154 736 216;C01;2;7;0;2;4;2;1;
202000003440;154 736 217;B01;2;7;0;2;4;2;1;
202000003440;154 736 218;A01;2;7;0;2;1;2;1;
202000003441;154 736 214;B01;2;7;0;2;4;1;1;
202000003441;154 736 215;A01;2;7;0;2;1;1;1;
202000003442;154 736 212;A01;2;7;0;2;4;1;1;
202000003442;154 736 213;B01;2;10;0;2;1;1;1;
202000003443;154 736 210;A01;1;7;0;2;4;1;1;
202000003443;154 736 211;B01;1;7;0;2;1;1;1;
202000003444;154 736 208;B01;1;7;0;2;1;2;6;
202000003444;154 736 209;A01;1;7;0;2;4;1;6;
202000003445;154 736 207;A01;1;7;0;0;3;1;1;
202000003446;154 736 203;D01;2;7;0;2;1;2;1;
202000003446;154 736 204;A01;2;7;0;2;1;1;1;
202000003446;154 736 205;B01;2;7;0;2;4;2;1;
202000003446;154 736 206;C01;2;7;0;2;4;2;1;
202000003447;154 736 202;A01;2;7;0;0;0;2;1;
202000003448;154 736 200;A01;1;7;0;2;1;1;1;
202000003448;154 736 201;B01;1;7;0;2;4;1;1;
202000003449;154 736 198;A01;1;7;0;2;5;12;3;
202000003449;154 736 199;B01;1;32;0;2;1;0;1;
202000003450;154 736 196;B01;2;7;0;2;6;11;1;
202000003450;154 736 197;A01;2;33;0;2;1;3;1;
202000003451;154 736 194;B01;2;33;0;2;1;3;1;
202000003451;154 736 195;A01;2;7;0;2;4;11;1;
202000003452;154 736 193;A01;3;7;11;0;1;13;1;
202000003453;154 736 191;B01;0;7;0;2;6;16;1;
202000003453;154 736 192;A01;0;1;0;2;1;1;5;
202000003454;154 736 190;A01;3;1;1;0;1;1;5;
202000003455;154 736 186;A01;1;7;0;2;1;15;1;
202000003455;154 736 187;B01;1;1;0;2;1;13;5;
202000003456;154 736 184;A01;2;7;0;2;2;15;1;
202000003456;154 736 185;B01;1;2;0;2;1;1;1;
202000003457;154 736 182;A01;3;7;0;9;6;9;1;
202000003457;154 736 183;B01;3;1;0;0;0;0;0;
202000003458;154 736 181;A01;0;3;0;0;0;26;0;
202000003459;154 736 179;B01;1;32;0;2;1;2;1;
202000003459;154 736 180;A01;1;7;0;2;5;23;1;
202000003460;154 736 177;B01;2;7;0;0;8;1;2;
202000003460;154 736 178;A01;3;10;0;2;1;9;1;
202000003461;154 736 176;A01;1;7;0;0;2;26;1;
202000003462;154 736 175;A01;0;2;0;1;1;19;1;
202000003463;154 736 173;B01;1;7;0;2;4;23;1;
202000003463;154 736 174;A01;1;7;14;0;1;1;1;
202000003464;154 736 170;C01;3;7;0;2;2;23;1;
202000003464;154 736 171;B01;3;7;0;2;3;1;1;
202000003464;154 736 172;A01;3;33;1;2;2;15;1;
202000003465;154 736 169;A01;2;10;0;1;1;14;1;
202000003466;154 736 166;B01;1;7;1;0;8;12;1;
202000003466;154 736 167;C01;1;7;1;0;6;1;1;
202000003466;154 736 168;A01;1;43;1;0;1;17;1;
202000003467;154 736 164;B01;1;7;0;2;3;0;1;
202000003467;154 736 165;A01;1;37;0;2;0;0;1;1
202000003468;154 736 160;C01;1;7;0;0;4;2;1;
202000003468;154 736 161;B01;1;7;0;2;4;2;1;
202000003468;154 736 162;A01;1;7;0;2;1;2;1;
202000003469;154 736 158;B01;1;7;0;2;1;1;1;
202000003469;154 736 159;A01;2;1;0;2;1;5;5;
202000003470;154 736 156;B01;1;99;0;2;6;23;1;
202000003470;154 736 157;A01;1;33;0;2;1;2;1;
202000003471;154 736 154;B01;2;7;0;2;6;1;1;
202000003471;154 736 155;A01;2;7;0;2;4;11;1;
202000003472;154 736 151;A01;1;31;0;2;8;3;1;
202000003472;154 736 152;B01;1;7;0;2;7;12;1;
202000003472;154 736 153;C01;1;7;0;2;6;1;1;
202000003473;154 736 147;A01;1;13;0;2;2;1;1;
202000003473;154 736 148;C01;1;7;0;2;6;1;1;
202000003473;154 736 149;D01;1;10;0;2;2;1;1;
202000003473;154 736 150;B01;1;7;0;2;6;9;1;
202000003474;154 736 145;B01;3;10;4;2;4;2;1;
202000003474;154 736 146;A01;3;7;4;2;9;2;1;
202000003475;154 736 142;B01;1;7;4;2;0;2;1;
202000003475;154 736 143;A01;1;7;4;2;1;17;1;
202000003475;154 736 144;C01;1;30;4;2;0;2;3;
202000003476;154 736 141;A01;1;30;0;1;1;1;1;
202000003477;154 736 140;A01;2;1;0;1;1;1;5;
202000003478;154 736 139;A01;2;1;0;1;1;1;5;
202000003479;154 736 138;A01;3;30;12;0;7;14;1;
202000003480;154 736 136;B01;1;33;0;2;3;17;1;
202000003480;154 736 137;A01;1;7;0;2;3;13;1;
202000003481;154 736 135;A01;2;1;0;0;1;1;5;
202000003482;154 736 134;A01;2;7;0;1;3;1;1;
202000003483;154 736 132;B01;3;1;0;2;1;1;5;
202000003483;154 736 133;A01;3;10;0;2;1;15;1;
202000003484;154 736 130;A01;1;7;0;2;3;9;1;
202000003484;154 736 131;B01;1;2;0;2;1;1;1;
202000003485;154 736 127;C01;2;7;0;2;1;2;1;
202000003485;154 736 128;A01;2;7;0;2;4;26;1;
202000003485;154 736 129;B01;2;7;0;2;1;2;2;
202000003486;154 736 126;A01;1;7;0;1;1;16;1;
202000003487;154 736 124;A01;1;1;0;2;1;1;5;
202000003487;154 736 125;Z01;2;1;0;2;1;1;5;
202000003488;154 736 123;A01;2;1;0;0;0;1;5;
202000003489;154 736 121;B01;3;7;0;2;4;1;1;
202000003489;154 736 122;A01;3;7;0;2;1;1;1;
202000003490;154 736 119;B01;0;32;0;2;2;2;1;
202000003490;154 736 120;A01;1;7;0;2;3;13;1;
202000003491;154 736 117;A01;2;7;0;2;2;15;1;
202000003491;154 736 118;B01;1;7;0;2;1;1;1;
202000003492;154 736 115;A01;1;7;0;9;7;1;1;
202000003492;154 736 116;B01;1;1;0;2;4;15;5;
202000003493;154 736 113;Z01;1;7;0;9;0;0;0;
202000003493;154 736 114;B01;1;1;0;2;0;9;5;
202000003494;154 736 112;A01;1;7;0;1;3;1;1;
202000003495;154 736 110;B01;3;7;0;2;1;1;1;
202000003495;154 736 111;A01;3;7;0;2;7;15;1;
202000003496;154 736 108;B01;1;1;0;2;2;17;5;
202000003496;154 736 109;A01;1;7;0;2;8;22;1;
202000003497;154 736 107;A01;3;7;0;1;1;1;1;
202000003498;154 736 105;A01;2;10;0;2;4;0;1;
202000003498;154 736 106;B01;2;33;0;2;1;0;1;
202000003499;154 736 103;B01;1;7;0;0;4;13;6;
202000003499;154 736 104;A01;1;32;0;2;1;1;6;
202000003500;154 736 101;B01;-1;7;0;2;1;15;1;
202000003500;154 736 102;A01;-1;7;0;2;3;9;1;
202000003501;154 736 097;A01;1;7;0;2;0;1;1;
202000003501;154 736 098;B01;1;7;0;2;4;1;1;
202000003501;154 736 099;C01;1;7;0;2;1;1;1;
202000003501;154 736 100;D01;1;7;0;2;1;1;1;
202000003502;154 736 094;C01;2;7;0;2;0;0;0;
202000003502;154 736 095;B01;2;99;0;2;0;0;1;
202000003502;154 736 096;A01;2;37;0;2;1;9;0;1
202000003503;154 736 093;A01;2;1;0;1;1;25;5;
202000003504;154 736 091;A01;2;7;0;2;7;1;1;
202000003504;154 736 092;B01;1;1;0;2;8;1;5;
202000003505;154 736 090;A01;2;10;0;1;3;1;1;
202000003506;154 736 088;B01;1;2;0;2;8;16;1;
202000003506;154 736 089;A01;1;7;0;2;5;16;1;
202000003507;154 736 086;A01;2;7;0;2;2;15;1;
202000003507;154 736 087;B01;1;34;0;2;1;1;0;
202000003508;154 736 084;A01;1;1;0;2;5;2;5;
202000003508;154 736 085;B01;1;7;0;9;5;16;1;
202000003509;154 736 081;B01;3;1;0;2;1;26;5;
202000003509;154 736 082;A01;3;7;0;2;2;15;0;
202000003510;154 736 079;A01;1;10;0;2;2;5;1;
202000003510;154 736 080;B01;2;14;0;2;2;1;1;
202000003511;154 736 077;B01;2;7;14;2;3;15;1;
202000003511;154 736 078;A01;2;33;0;2;1;2;1;
202000003512;154 736 075;A01;2;33;0;2;3;13;1;
202000003512;154 736 076;B01;2;17;0;2;3;1;1;
202000003513;154 736 073;A01;1;14;0;2;3;1;1;
202000003513;154 736 074;B01;2;1;0;2;1;1;5;
202000003514;154 736 072;A01;2;33;8;0;1;0;1;
202000003515;154 736 070;B01;1;7;0;2;3;1;1;
202000003515;154 736 071;A01;2;7;0;2;2;13;1;
202000003516;154 736 068;A01;1;33;0;2;3;13;1;
202000003516;154 736 069;B01;2;15;0;2;3;1;1;
202000003517;154 736 065;B01;1;1;0;2;1;1;5;
202000003517;154 736 066;A01;2;7;0;9;1;15;1;
202000003517;154 736 067;C01;3;7;0;0;8;23;1;
202000003518;154 736 062;C01;2;7;0;2;1;1;1;
202000003518;154 736 063;A01;1;7;0;2;1;13;1;
202000003518;154 736 064;B01;2;7;0;2;3;1;1;
202000003519;154 736 060;A01;2;7;0;0;8;19;1;
202000003519;154 736 061;B01;2;33;0;2;1;1;1;
202000003520;154 736 058;A01;1;7;0;2;3;1;1;
202000003520;154 736 059;B01;2;31;0;2;1;1;1;
202000003521;154 736 057;A01;2;7;2;0;3;13;1;
202000003522;154 736 056;A01;2;2;0;0;8;1;1;
202000003523;154 736 054;A01;3;31;0;2;1;5;1;
202000003523;154 736 055;B01;3;7;0;2;1;1;1;
202000003524;154 736 052;B01;0;2;0;0;4;23;1;
202000003524;154 736 053;A01;0;7;0;2;1;2;1;
202000003525;154 736 051;A01;2;33;0;0;0;1;1;
202000003526;154 736 048;A01;1;33;0;0;1;1;1;
202000003527;154 736 046;A01;2;33;0;2;8;1;0;
202000003527;154 736 047;B01;2;7;0;0;5;9;0;
202000003528;154 736 044;A01;3;2;0;2;1;1;1;
202000003528;154 736 045;B01;3;10;0;2;2;1;1;
202000003529;154 736 043;A01;1;7;0;1;3;1;1;
202000003530;154 736 042;A01;3;2;0;0;7;1;1;
202000003531;154 736 039;A01;1;7;0;1;7;1;1;
202000003532;154 736 037;A01;1;7;0;2;3;26;1;
202000003532;154 736 038;B01;1;30;0;0;7;26;1;
202000003533;154 736 035;B01;2;3;0;2;1;9;1;
202000003533;154 736 036;A01;1;7;0;2;5;1;1;
202000003534;154 736 033;A01;2;7;0;2;3;16;1;
202000003534;154 736 034;B01;1;33;0;2;1;1;1;
202000003535;154 736 029;B01;1;15;0;1;6;24;0;
202000003535;154 736 030;A01;1;7;1;0;2;14;6;
202000003536;154 736 028;A01;1;7;3;0;3;21;1;
202000003537;154 736 027;A01;1;33;0;0;0;1;1;
202000003538;154 736 026;A01;3;33;0;0;4;10;1;
202000003539;154 736 024;A01;3;7;2;2;1;1;1;
202000003539;154 736 025;B01;3;7;6;2;3;16;1;
202000003540;154 736 022;A01;2;7;0;2;1;19;1;
202000003540;154 736 023;B01;2;7;0;2;3;1;0;
202000003541;154 736 021;A01;0;7;0;1;1;15;1;
202000003542;154 736 019;A01;1;7;0;2;1;19;1;
202000003542;154 736 020;B01;1;7;0;2;8;1;1;
202000003543;154 736 018;A01;1;7;1;0;2;0;1;
202000003544;154 736 017;A01;1;33;8;0;3;0;1;
202000003545;154 736 015;A01;1;33;0;2;1;1;1;
202000003545;154 736 016;B01;2;7;0;2;3;1;1;
202000003546;154 736 013;A01;3;1;0;0;1;0;5;
202000003546;154 736 014;B01;3;1;0;0;1;0;5;
202000003547;154 736 012;A01;1;7;0;1;1;1;1;
202000003548;154 736 010;B01;0;7;0;2;3;15;1;
202000003548;154 736 011;A01;0;7;0;2;2;15;1;
202000003549;154 736 009;A01;1;7;15;6;2;14;1;
202000003550;154 736 008;A01;2;33;0;0;8;0;1;
202000003551;154 736 006;A01;1;7;0;2;3;5;1;
202000003551;154 736 007;B01;2;7;0;2;6;1;1;
202000003552;154 736 004;B01;1;7;0;0;6;14;1;
202000003552;154 736 005;A01;1;2;0;2;1;2;1;
202000003553;154 736 003;A01;0;34;0;0;0;1;1;
202000003554;154 736 001;A01;2;31;0;2;1;1;1;
202000003554;154 736 002;B01;2;7;0;2;5;1;1;
202000003555;154 736 000;A01;2;7;14;0;8;13;1;
202000003556;154 735 996;B01;1;7;0;2;4;23;1;
202000003556;154 735 997;A01;1;7;0;2;1;21;1;
202000003557;154 735 994;B01;2;7;0;2;4;23;1;
202000003557;154 735 995;A01;2;7;0;2;1;2;1;
202000003558;154 735 991;A01;1;10;0;2;1;2;1;
202000003558;154 735 992;B01;1;7;0;2;4;2;1;
202000003558;154 735 993;C01;1;7;0;2;4;1;1;
202000003559;154 735 987;D01;1;7;0;2;4;1;1;
202000003559;154 735 988;C01;1;7;0;2;4;1;1;
202000003559;154 735 989;B01;1;7;0;2;4;1;1;
202000003559;154 735 990;A01;1;7;0;2;1;2;1;
202000003560;154 735 984;B01;2;7;0;2;4;2;1;
202000003560;154 735 985;A01;2;7;0;2;1;1;1;
202000003560;154 735 986;C01;2;10;0;2;4;2;1;
202000003561;154 735 982;B01;1;7;0;2;6;0;1;
202000003561;154 735 983;A01;1;7;0;2;2;0;1;
202000003562;154 735 980;A01;1;7;0;2;2;11;1;
202000003562;154 735 981;B01;1;7;0;2;6;2;1;
202000003563;154 735 971;F01;1;7;0;2;1;2;1;
202000003563;154 735 972;C01;1;7;0;2;1;2;1;
202000003563;154 735 973;B01;1;7;0;2;1;2;1;
202000003563;154 735 974;A01;1;7;0;2;4;2;6;
202000003563;154 735 975;Z01;1;7;0;2;1;2;0;
202000003563;154 735 976;E01;1;7;0;2;1;2;1;
202000003563;154 735 977;D01;1;7;0;2;1;2;1;
202000003564;154 735 965;E01;2;7;0;2;1;2;1;
202000003564;154 735 966;C01;2;7;0;2;1;2;1;
202000003564;154 735 967;D01;2;7;0;2;4;2;1;
202000003564;154 735 968;A01;2;7;0;2;4;1;1;
202000003564;154 735 969;F01;2;7;0;2;1;2;1;
202000003564;154 735 970;B01;2;7;0;2;4;2;1;
202000003565;154 735 963;B01;2;1;0;2;1;1;5;
202000003565;154 735 964;A01;1;7;0;2;2;15;1;
202000003566;154 735 961;A01;1;2;0;2;7;7;1;
202000003566;154 735 962;B01;1;7;0;2;1;1;0;
202000003567;154 735 959;B01;2;7;0;2;1;1;1;
202000003567;154 735 960;A01;2;99;0;2;7;19;3;
202000003568;154 735 957;B01;3;10;0;2;4;15;6;
202000003568;154 735 958;A01;3;10;0;2;1;19;6;
202000003569;154 735 956;A01;2;7;2;0;1;1;1;
202000003570;154 735 954;B01;1;1;0;2;4;1;0;
202000003570;154 735 955;A01;1;7;0;9;2;16;1;
202000003571;154 735 952;A01;2;33;0;2;2;1;1;
202000003571;154 735 953;B01;2;7;0;2;8;9;1;
202000003572;154 735 950;A01;1;7;0;2;1;15;1;
202000003572;154 735 951;B01;2;2;0;2;1;1;1;
202000003573;154 735 949;A01;3;33;1;0;4;21;1;
202000003574;154 735 947;B01;1;1;0;2;1;1;0;
202000003574;154 735 948;A01;1;7;0;2;3;15;1;
202000003575;154 735 945;B01;2;7;0;2;1;1;1;
202000003575;154 735 946;A01;1;33;0;2;1;13;1;
202000003576;154 735 943;B01;3;7;0;2;7;1;1;
202000003576;154 735 944;A01;3;33;0;2;1;1;1;
202000003577;154 735 942;A01;3;7;0;1;2;16;1;
202000003578;154 735 941;A01;1;7;0;1;1;9;1;
202000003579;154 735 938;A01;3;7;0;2;1;16;1;
202000003579;154 735 939;B01;3;7;0;2;0;0;1;
202000003579;154 735 940;C01;3;7;0;2;1;0;1;
202000003580;154 735 937;A01;2;10;13;0;1;1;1;
202000003581;154 735 936;A01;2;7;0;1;3;15;1;
202000003582;154 735 935;Z01;0;7;0;1;5;1;0;
202000003583;154 735 933;A01;0;7;0;2;1;1;1;
202000003583;154 735 934;B01;0;7;0;2;4;23;1;
202000003584;154 735 931;B01;2;7;0;2;2;2;1;
202000003584;154 735 932;A01;2;13;0;2;6;2;1;
202000003585;154 735 930;A01;2;7;13;0;9;17;1;
202000003586;154 735 929;A01;3;10;0;1;1;26;1;
202000003587;154 735 927;B01;1;7;0;2;4;26;1;
202000003587;154 735 928;A01;1;7;0;2;1;26;1;
202000003588;154 735 925;B01;1;33;0;2;2;26;0;
202000003588;154 735 926;Z01;0;7;0;0;0;0;0;
202000003589;154 735 923;A01;1;7;0;2;4;1;0;
202000003589;154 735 924;Z01;3;7;0;2;1;2;0;
202000003590;154 735 919;D01;1;7;1;0;0;0;1;
202000003590;154 735 920;C01;1;7;1;0;0;0;1;
202000003590;154 735 921;A01;1;7;1;0;1;26;1;
202000003590;154 735 922;B01;1;7;1;0;0;0;1;
202000003591;154 735 918;A01;1;7;6;0;1;1;1;
202000003592;154 735 917;A01;1;7;4;0;1;1;1;
202000003593;154 735 915;A01;1;30;6;2;7;1;1;
202000003593;154 735 916;B01;1;10;0;2;1;2;1;
202000003594;154 735 914;A01;2;2;0;1;2;1;1;
202000003595;154 735 913;A01;1;7;0;1;2;1;1;
202000003596;154 735 912;A01;1;10;0;1;5;26;1;
202000003597;154 735 909;C01;2;7;0;2;5;1;1;
202000003597;154 735 910;B01;2;7;0;2;6;1;2;
202000003597;154 735 911;A01;2;7;0;2;1;11;1;
202000003598;154 735 907;A01;1;7;0;2;4;2;1;
202000003598;154 735 908;Z01;1;7;0;2;1;2;3;
202000003599;154 735 905;Z01;2;7;0;2;2;16;1;
202000003599;154 735 906;A01;2;50;12;2;1;1;3;
202000003600;154 735 903;B01;1;33;0;2;1;1;1;
202000003600;154 735 904;A01;1;1;0;2;5;19;5;
202000003601;154 735 901;Z01;1;7;0;2;6;17;2;
202000003601;154 735 902;A01;1;30;0;2;1;15;1;
202000003602;154 735 900;A01;1;1;12;0;1;14;5;
202000003603;154 735 899;A01;1;7;0;1;3;1;2;
202000003604;154 735 898;A01;1;32;8;0;1;13;1;
202000003605;154 735 896;A01;1;32;0;2;2;15;1;
202000003605;154 735 897;B01;1;7;0;2;6;15;1;
202000003606;154 735 894;A01;3;7;0;2;1;15;1;
202000003606;154 735 895;B01;2;33;0;2;8;1;1;
202000003607;154 735 892;A01;1;33;1;0;1;26;1;
202000003607;154 735 893;B01;3;7;0;1;3;24;1;
202000003608;154 735 890;B01;1;30;0;2;0;0;1;
202000003608;154 735 891;A01;1;30;0;2;0;0;1;
202000003609;154 735 889;A01;0;60;1;0;1;1;5;
202000003610;154 735 887;A01;1;50;0;2;2;1;3;
202000003610;154 735 888;B01;1;7;0;2;3;1;2;
202000003611;154 735 885;B01;2;7;0;2;6;9;1;
202000003611;154 735 886;A01;2;17;0;2;2;26;1;
202000003612;154 735 883;B01;2;7;0;2;3;1;1;
202000003612;154 735 884;A01;1;33;0;2;0;17;1;
202000003613;154 735 881;B01;2;33;0;2;1;1;0;
202000003613;154 735 882;A01;2;10;0;2;6;10;0;
202000003614;154 735 880;A01;2;33;0;0;9;1;1;
202000003615;154 735 878;A01;2;7;8;0;9;17;1;
202000003615;154 735 879;B01;2;2;0;2;9;1;1;
202000003616;154 735 877;A01;1;7;15;0;0;3;1;
202000003617;154 735 876;A01;1;2;0;0;0;1;0;
202000003618;154 735 875;A01;1;33;12;0;1;0;1;
202000003619;154 735 874;A01;1;7;3;0;1;1;1;
202000003620;154 735 873;A01;1;2;3;0;0;1;1;
202000003621;154 735 872;A01;1;7;6;0;1;0;0;
202000003622;154 735 869;A01;1;7;0;0;4;23;1;
202000003622;154 735 870;B01;1;7;0;2;4;23;1;
202000003622;154 735 871;C01;1;7;0;2;1;2;1;
202000003623;154 735 868;A01;1;10;13;0;2;14;1;
202000003624;154 735 867;A01;2;33;13;0;1;14;1;
202000003625;154 735 866;A01;3;7;13;0;3;14;1;
202000003626;154 735 864;A01;1;7;0;2;3;1;1;
202000003626;154 735 865;B01;2;7;0;2;3;5;1;
202000003627;154 735 863;A01;2;7;17;0;3;13;1;
202000003628;154 735 861;B01;1;7;0;2;3;1;1;
202000003628;154 735 862;A01;2;2;0;2;3;13;1;
202000003629;154 735 859;A01;1;7;0;2;3;13;1;
202000003629;154 735 860;B01;2;7;0;2;8;1;1;
202000003630;154 735 857;A01;1;7;0;2;1;19;1;
202000003630;154 735 858;B01;2;7;0;2;1;1;1;
202000003631;154 735 855;A01;1;33;0;2;9;1;1;
202000003631;154 735 856;B01;2;7;0;2;6;15;1;
202000003632;154 735 854;A01;3;2;0;0;0;1;1;
202000003633;154 735 853;A01;1;7;0;0;8;0;1;
202000003634;154 735 850;A01;1;10;0;0;0;15;1;
202000003634;154 735 851;C01;2;1;0;2;1;2;5;
202000003634;154 735 852;B01;2;1;0;0;4;21;5;
202000003635;154 735 848;A01;2;7;0;2;3;13;1;
202000003635;154 735 849;B01;1;7;0;2;3;1;1;
202000003636;154 735 846;B01;1;7;0;2;8;17;1;
202000003636;154 735 847;A01;1;33;0;2;7;17;1;
202000003637;154 735 845;A01;2;33;0;0;7;14;1;
202000003638;154 735 843;A01;2;31;12;0;7;17;1;
202000003638;154 735 844;B01;1;1;0;2;8;1;5;
202000003639;154 735 841;A01;1;7;0;2;3;13;1;
202000003639;154 735 842;B01;2;15;0;2;8;1;1;
202000003640;154 735 840;A01;2;7;13;0;1;1;1;
202000003641;154 735 838;B01;2;33;0;2;1;1;1;
202000003641;154 735 839;A01;1;7;0;2;2;15;1;
202000003642;154 735 837;A01;1;33;6;0;1;1;1;
202000003643;154 735 836;A01;2;33;6;0;2;1;1;
202000003644;154 735 835;A01;2;33;0;9;1;21;1;
202000003645;154 735 833;A01;3;7;0;2;2;15;1;
202000003645;154 735 834;B01;3;32;0;2;1;1;1;
202000003646;154 735 831;A01;1;7;0;2;2;15;1;
202000003646;154 735 832;B01;2;2;0;2;0;1;1;
202000003647;154 735 830;A01;2;7;0;1;3;16;1;
202000003648;154 735 828;A01;1;7;0;2;7;10;1;
202000003648;154 735 829;B01;2;1;0;2;1;1;5;
202000003649;154 735 827;A01;1;30;14;0;1;14;3;
202000003650;154 735 825;A01;2;1;0;2;1;1;5;
202000003650;154 735 826;Z01;2;7;0;2;5;22;1;
202000003651;154 735 823;A01;2;33;1;2;9;17;1;
202000003651;154 735 824;B01;2;7;0;2;3;1;1;
202000003652;154 735 822;A01;1;50;0;1;8;1;3;
202000003653;154 735 820;A01;2;2;0;2;8;1;1;