num_acc;id_vehicule;num_veh;senc;catv;obs;obsm;choc;manv;motor;occutc
202000003653;154 735 821;B01;1;7;0;2;1;15;1;
202000003654;154 735 819;A01;3;7;0;1;1;1;1;
202000003655;154 735 817;A01;2;7;0;2;8;15;1;
202000003655;154 735 818;B01;2;30;0;2;2;17;1;
202000003656;154 735 815;B01;2;7;0;2;3;1;1;
202000003656;154 735 816;A01;1;7;0;2;2;5;1;
202000003657;154 735 813;A01;3;7;0;0;3;15;1;
202000003657;154 735 814;B01;3;7;0;0;7;17;1;
202000003658;154 735 812;A01;1;7;0;1;2;1;1;
202000003659;154 735 810;A01;-1;7;0;2;1;1;0;
202000003659;154 735 811;B01;-1;7;0;2;7;16;0;
202000003660;154 735 808;B01;3;7;0;2;1;1;6;
202000003660;154 735 809;A01;3;7;0;2;7;19;0;
202000003661;154 735 806;A01;1;7;0;2;1;1;1;
202000003661;154 735 807;B01;1;7;0;2;7;1;1;
202000003662;154 735 804;A01;1;7;0;2;3;16;1;
202000003662;154 735 805;B01;1;1;0;2;1;1;0;
202000003663;154 735 802;A01;2;7;0;2;2;16;1;
202000003663;154 735 803;B01;2;50;0;2;1;26;3;
202000003664;154 735 800;B01;1;7;0;2;4;26;0;
202000003664;154 735 801;A01;1;7;0;2;1;1;1;
202000003665;154 735 798;B01;1;7;0;2;1;1;1;
202000003665;154 735 799;A01;2;7;0;2;3;13;1;
202000003666;154 735 795;C01;1;7;0;2;1;1;1;
202000003666;154 735 796;B01;1;7;0;2;3;1;1;
202000003666;154 735 797;A01;2;7;0;2;7;13;1;
202000003667;154 735 793;B01;0;7;0;0;8;9;0;
202000003667;154 735 794;A01;0;1;0;2;1;1;5;
202000003668;154 735 791;A01;1;7;0;2;3;19;0;
202000003668;154 735 792;B01;2;33;0;2;1;1;0;
202000003669;154 735 789;A01;1;7;0;2;8;15;0;
202000003669;154 735 790;B01;1;7;0;2;1;17;0;
202000003670;154 735 787;A01;3;7;0;9;2;1;1;
202000003670;154 735 788;B01;1;1;0;2;1;1;6;
202000003671;154 735 785;A01;2;7;0;9;5;19;0;
202000003671;154 735 786;B01;1;1;0;2;1;0;0;
202000003672;154 735 783;B01;2;14;0;2;1;1;1;
202000003672;154 735 784;A01;1;7;0;2;1;1;1;
202000003673;154 735 781;A01;3;7;0;2;3;15;1;
202000003673;154 735 782;B01;3;33;0;2;1;3;1;
202000003674;154 735 780;A01;3;7;0;1;3;15;1;
202000003675;154 735 779;A01;1;7;13;0;9;1;1;
202000003676;154 735 778;A01;1;2;0;0;0;0;1;
202000003677;154 735 776;A01;1;7;13;2;9;1;1;
202000003677;154 735 777;B01;2;7;14;0;7;1;1;
202000003678;154 735 775;A01;3;7;0;1;7;2;1;
202000003679;154 735 773;B01;2;7;0;2;3;1;1;
202000003679;154 735 774;A01;1;0;0;2;0;0;0;
202000003680;154 735 771;B01;2;7;0;0;3;1;0;
202000003680;154 735 772;A01;1;7;0;0;3;13;1;
202000003681;154 735 770;A01;1;7;0;1;3;1;1;
202000003682;154 735 769;A01;1;7;13;0;2;1;1;
202000003683;154 735 768;A01;0;14;3;0;2;2;1;
202000003684;154 735 765;A01;1;7;8;0;1;1;1;
202000003685;154 735 764;A01;0;2;6;0;0;1;1;
202000003686;154 735 763;A01;1;7;13;0;9;1;1;
202000003687;154 735 761;A01;0;7;0;1;6;20;1;
202000003688;154 735 759;B01;2;15;0;2;3;1;1;
202000003688;154 735 760;A01;1;7;0;2;3;13;1;
202000003689;154 735 757;B01;2;7;0;2;3;1;1;
202000003689;154 735 758;A01;1;7;0;2;3;13;1;
202000003690;154 735 755;A01;1;10;0;0;0;14;1;
202000003691;154 735 754;A01;0;2;0;0;7;15;1;
202000003692;154 735 752;A01;2;7;0;2;7;17;1;
202000003692;154 735 753;B01;2;33;0;2;8;1;1;
202000003693;154 735 750;B01;2;7;0;0;4;2;0;
202000003693;154 735 751;A01;2;7;0;2;1;2;0;
202000003694;154 735 748;A01;1;14;0;2;2;1;1;
202000003694;154 735 749;B01;2;7;0;0;1;1;1;
202000003695;154 735 747;A01;3;10;13;0;9;1;1;
202000003696;154 735 745;A01;1;33;1;0;1;19;1;
202000003696;154 735 746;B01;1;7;0;0;6;24;1;
202000003697;154 735 743;A01;3;32;13;2;8;13;0;
202000003697;154 735 744;B01;3;10;0;2;3;1;0;
202000003698;154 735 742;A01;1;1;6;0;1;1;5;
202000003699;154 735 741;A01;1;7;2;0;1;0;1;
202000003700;154 735 740;A01;1;37;2;0;2;1;0;1
202000003701;154 735 738;B01;1;1;0;0;7;1;5;
202000003701;154 735 739;A01;1;7;0;2;1;1;1;
202000003702;154 735 736;B01;2;7;0;2;1;13;1;
202000003702;154 735 737;A01;1;7;0;2;1;1;1;
202000003703;154 735 731;B01;1;7;3;2;9;0;0;
202000003703;154 735 732;A01;1;7;0;2;2;0;0;
202000003703;154 735 733;C01;1;7;0;2;2;0;0;
202000003704;154 735 727;C01;2;7;0;2;4;2;1;
202000003704;154 735 728;D01;2;7;0;2;1;2;1;
202000003704;154 735 729;Z01;2;0;0;2;4;2;0;
202000003704;154 735 730;A01;2;7;0;2;4;1;1;
202000003705;154 735 725;A01;1;10;0;2;6;11;3;
202000003705;154 735 726;B01;1;33;0;2;2;0;1;
202000003706;154 735 723;A01;1;7;0;2;4;9;1;
202000003706;154 735 724;B01;1;7;0;2;1;2;1;
202000003707;154 735 721;B01;2;32;0;2;3;3;1;
202000003707;154 735 722;A01;2;7;0;2;2;0;1;
202000003708;154 735 719;A01;1;7;0;2;6;1;2;
202000003708;154 735 720;Z01;1;7;0;2;1;2;0;
202000003709;154 735 717;Z01;1;0;0;0;0;0;0;
202000003709;154 735 718;A01;1;10;0;9;4;2;1;
202000003710;154 735 714;C01;2;7;0;2;0;0;1;
202000003710;154 735 715;B01;2;7;0;2;4;2;1;
202000003710;154 735 716;A01;2;7;0;2;1;1;1;
202000003711;154 735 712;B01;1;7;0;2;3;1;1;
202000003711;154 735 713;A01;2;7;0;2;1;15;1;
202000003712;154 735 710;B01;1;7;0;2;4;2;1;
202000003712;154 735 711;A01;1;7;0;2;1;2;1;
202000003713;154 735 708;B01;1;7;0;2;4;1;1;
202000003713;154 735 709;A01;1;7;0;2;1;1;1;
202000003714;154 735 707;A01;2;7;4;0;3;1;1;
202000003715;154 735 706;A01;1;7;0;0;3;1;1;
202000003716;154 735 703;A01;1;7;0;2;1;2;1;
202000003716;154 735 704;B01;1;7;0;2;4;2;1;
202000003716;154 735 705;C01;1;7;0;2;4;2;1;
202000003717;154 735 702;A01;1;7;0;0;0;1;1;
202000003718;154 735 701;A01;1;7;13;0;7;1;1;
202000003719;154 735 699;A01;1;7;0;2;4;2;1;
202000003719;154 735 700;B01;1;7;0;2;1;2;1;
202000003720;154 735 697;B01;2;7;0;2;1;1;1;
202000003720;154 735 698;A01;2;7;0;2;6;1;1;
202000003721;154 735 696;A01;1;80;0;1;1;1;3;
202000003722;154 735 694;B01;0;2;0;2;4;2;1;
202000003722;154 735 695;A01;0;7;0;2;1;2;1;
202000003723;154 735 692;B01;2;2;0;2;4;1;1;
202000003723;154 735 693;A01;2;7;0;2;1;1;1;
202000003724;154 735 691;A01;1;32;0;1;1;17;1;
202000003725;154 735 688;B01;2;7;0;2;1;2;1;
202000003725;154 735 689;C01;2;10;0;2;1;2;1;
202000003725;154 735 690;A01;0;7;0;2;4;2;1;
202000003726;154 735 686;A01;2;7;0;2;1;2;1;
202000003726;154 735 687;B01;2;7;0;2;4;2;1;
202000003727;154 735 682;A01;2;7;0;1;3;15;1;
202000003728;154 735 680;B01;0;7;0;2;4;0;1;
202000003728;154 735 681;A01;0;7;0;2;1;2;1;
202000003729;154 735 678;B01;2;7;0;2;1;1;1;
202000003729;154 735 679;A01;1;7;7;2;8;19;2;
202000003730;154 735 676;A01;1;7;0;2;8;1;1;
202000003730;154 735 677;B01;2;7;0;2;3;5;1;
202000003731;154 735 674;B01;2;7;0;2;2;9;1;
202000003731;154 735 675;A01;2;33;0;2;3;1;1;
202000003732;154 735 673;A01;2;7;0;1;2;15;1;
202000003733;154 735 671;A01;2;10;0;2;3;1;1;
202000003733;154 735 672;B01;2;7;0;2;5;1;1;
202000003734;154 735 670;A01;1;7;0;1;2;1;1;
202000003735;154 735 668;B01;2;7;0;2;0;1;1;
202000003735;154 735 669;A01;2;7;15;2;3;19;1;
202000003736;154 735 665;A01;1;7;0;2;1;9;1;
202000003736;154 735 666;C01;1;7;0;2;1;1;1;
202000003736;154 735 667;B01;2;7;0;2;2;1;1;
202000003737;154 735 663;A01;2;7;0;2;1;1;1;
202000003737;154 735 664;B01;1;7;0;2;1;1;1;
202000003738;154 735 661;A01;1;7;0;2;2;16;1;
202000003738;154 735 662;B01;1;7;8;2;5;1;1;
202000003739;154 735 659;B01;1;7;0;2;4;1;1;
202000003739;154 735 660;A01;1;7;0;2;1;1;1;
202000003740;154 735 658;A01;1;7;0;1;3;26;1;
202000003741;154 735 654;A01;2;7;0;2;1;1;1;
202000003741;154 735 655;D01;2;7;0;2;0;0;1;
202000003741;154 735 656;C01;2;7;0;2;4;1;1;
202000003741;154 735 657;B01;2;7;0;2;4;1;1;
202000003742;154 735 653;A01;1;7;3;0;1;1;1;
202000003743;154 735 651;B01;2;30;0;2;8;1;1;
202000003743;154 735 652;A01;1;7;0;2;8;15;1;
202000003744;154 735 650;A01;1;7;0;1;8;24;1;
202000003745;154 735 648;B01;1;31;0;2;5;1;1;
202000003745;154 735 649;A01;0;7;0;2;3;19;1;
202000003746;154 735 646;A01;0;7;0;2;1;26;1;
202000003746;154 735 647;B01;3;7;0;2;1;26;1;
202000003747;154 735 644;B01;1;10;0;2;2;21;1;
202000003747;154 735 645;A01;1;10;0;0;6;1;1;
202000003748;154 735 643;A01;2;7;3;0;3;9;1;
202000003749;154 735 641;B01;1;7;0;2;3;1;1;
202000003749;154 735 642;A01;1;7;0;2;3;1;1;
202000003750;154 735 639;A01;1;43;0;2;2;1;1;
202000003750;154 735 640;B01;1;7;0;2;0;26;0;
202000003751;154 735 637;B01;2;2;0;2;1;1;1;
202000003751;154 735 638;A01;1;7;0;2;1;15;1;
202000003752;154 735 633;A01;1;7;0;2;0;0;1;
202000003752;154 735 634;B01;1;33;0;2;0;0;1;
202000003753;154 735 631;A01;2;7;1;0;4;14;1;
202000003754;154 735 629;B01;3;7;0;2;3;0;0;
202000003754;154 735 630;A01;3;32;0;2;2;0;1;
202000003755;154 735 628;A01;1;7;10;0;1;2;1;
202000003756;154 735 627;A01;3;7;0;1;1;26;1;
202000003757;154 735 625;B01;2;7;0;2;2;1;1;
202000003757;154 735 626;A01;1;7;0;2;3;9;1;
202000003758;154 735 623;A01;1;7;0;2;1;2;1;
202000003758;154 735 624;B01;1;10;0;2;4;2;1;
202000003759;154 735 621;B01;2;7;0;2;4;1;1;
202000003759;154 735 622;A01;2;7;0;2;1;2;1;
202000003760;154 735 620;A01;2;32;0;0;7;1;1;
202000003761;154 735 618;B01;1;7;0;2;7;1;1;
202000003761;154 735 619;A01;1;10;0;2;8;11;1;
202000003762;154 735 617;A01;1;7;11;0;3;13;1;
202000003763;154 735 616;A01;1;7;0;1;2;15;1;
202000003764;154 735 615;A01;1;1;0;1;1;1;5;
202000003765;154 735 614;A01;2;30;0;0;1;1;3;
202000003766;154 735 613;A01;1;7;1;0;1;14;1;
202000003767;154 735 611;B01;1;10;1;2;3;16;1;
202000003767;154 735 612;A01;2;7;0;2;2;1;1;
202000003768;154 735 609;B01;3;34;0;2;6;1;1;
202000003768;154 735 610;A01;3;7;0;2;7;12;1;
202000003769;154 735 607;A01;3;7;0;2;1;2;1;
202000003769;154 735 608;B01;3;7;0;1;4;1;1;
202000003770;154 735 605;A01;1;7;0;2;1;2;1;
202000003770;154 735 606;B01;1;7;0;2;4;1;1;
202000003771;154 735 603;Z01;1;7;0;2;5;12;0;
202000003771;154 735 604;A01;1;32;0;2;3;1;1;
202000003772;154 735 602;B01;1;1;1;0;1;14;5;
202000003773;154 735 600;B01;1;7;0;2;1;1;1;
202000003773;154 735 601;A01;1;7;0;2;8;9;1;
202000003774;154 735 598;A01;2;10;0;2;2;7;1;
202000003774;154 735 599;B01;2;1;0;2;4;7;5;
202000003775;154 735 596;B01;1;34;0;2;0;7;1;
202000003775;154 735 597;A01;1;7;0;2;2;16;1;
202000003776;154 735 594;A01;1;7;14;2;1;2;1;
202000003776;154 735 595;B01;1;33;5;2;0;0;1;
202000003777;154 735 593;A01;1;7;15;0;1;26;1;
202000003778;154 735 592;A01;2;33;14;0;9;26;1;
202000003779;154 735 591;A01;1;7;2;0;2;14;1;
202000003780;154 735 590;A01;1;30;0;1;0;26;1;
202000003781;154 735 588;A01;2;7;0;2;1;2;1;
202000003781;154 735 589;B01;2;7;0;2;4;2;1;
202000003782;154 735 586;A01;3;7;0;2;5;26;1;
202000003782;154 735 587;B01;2;7;0;2;2;1;1;
202000003783;154 735 584;B01;3;7;0;2;5;0;1;
202000003783;154 735 585;A01;3;7;0;2;1;9;1;
202000003784;154 735 583;A01;1;32;2;0;1;1;1;
202000003785;154 735 581;A01;2;10;0;2;1;2;0;
202000003785;154 735 582;B01;2;7;0;2;4;23;1;
202000003786;154 735 580;A01;3;30;0;0;0;1;1;
202000003787;154 735 578;A01;1;7;0;2;3;22;3;
202000003787;154 735 579;B01;1;30;0;2;1;2;0;
202000003788;154 735 575;C01;1;7;0;2;4;2;1;
202000003788;154 735 576;B01;1;7;0;2;4;2;1;
202000003788;154 735 577;A01;1;7;0;2;4;2;1;
202000003789;154 735 573;B01;1;7;0;2;3;1;1;
202000003789;154 735 574;A01;2;7;0;0;8;13;1;
202000003790;154 735 572;A01;1;7;2;0;1;14;4;
202000003791;154 735 570;B01;2;31;0;2;1;1;0;
202000003791;154 735 571;A01;1;7;0;2;3;15;1;
202000003792;154 735 569;A01;1;7;13;0;2;1;1;
202000003793;154 735 568;A01;0;7;13;0;1;1;1;
202000003794;154 735 567;A01;2;7;15;0;0;1;1;
202000003795;154 735 565;B01;1;7;0;2;2;1;0;
202000003795;154 735 566;A01;1;7;0;2;8;23;0;
202000003796;154 735 564;A01;2;7;2;0;7;1;1;
202000003797;154 735 562;A01;1;7;0;2;1;15;1;
202000003797;154 735 563;B01;2;2;0;2;8;1;1;
202000003798;154 735 561;A01;2;7;13;0;1;13;1;
202000003799;154 735 559;B01;1;7;0;2;2;1;1;
202000003799;154 735 560;A01;1;36;0;2;6;15;1;
202000003800;154 735 557;B01;1;33;0;2;7;17;1;
202000003800;154 735 558;A01;2;7;0;2;8;13;0;
202000003801;154 735 556;A01;2;7;13;0;9;1;1;
202000003802;154 735 555;A01;2;33;0;1;1;1;1;
202000003803;154 735 553;B01;3;2;0;2;2;1;1;
202000003803;154 735 554;A01;3;7;0;2;3;1;1;
202000003804;154 735 551;A01;1;7;3;2;3;1;1;
202000003804;154 735 552;B01;2;7;3;2;3;1;1;
202000003805;154 735 550;A01;1;7;0;1;1;1;1;
202000003806;154 735 549;A01;2;33;15;0;9;17;1;
202000003807;154 735 548;A01;1;7;16;0;7;17;1;
202000003808;154 735 547;A01;1;7;0;1;1;1;3;
202000003809;154 735 546;A01;1;7;13;0;2;0;1;
202000003810;154 735 545;A01;1;33;0;0;7;1;0;
202000003811;154 735 544;A01;1;7;2;0;1;0;1;
202000003812;154 735 543;A01;1;30;12;0;7;0;1;
202000003813;154 735 542;A01;1;7;2;0;3;1;1;
202000003814;154 735 539;A01;2;7;13;0;2;14;1;
202000003815;154 735 538;A01;1;7;3;0;2;1;1;
202000003816;154 735 536;B01;1;7;0;2;1;1;1;
202000003816;154 735 537;A01;1;7;4;2;1;1;1;
202000003817;154 735 535;A01;1;7;0;1;2;1;1;
202000003818;154 735 533;A01;2;33;0;2;7;17;6;
202000003818;154 735 534;B01;2;7;0;2;8;15;6;
202000003819;154 735 531;B01;0;33;0;2;1;1;1;
202000003819;154 735 532;A01;3;10;0;2;2;15;0;
202000003820;154 735 529;B01;2;7;0;2;1;1;1;
202000003820;154 735 530;A01;1;7;0;2;1;13;1;
202000003821;154 735 528;A01;1;10;6;0;3;1;1;
202000003822;154 735 527;A01;1;7;13;0;1;13;0;
202000003823;154 735 526;A01;1;7;2;0;8;1;1;
202000003824;154 735 523;C01;2;10;0;2;1;1;6;
202000003824;154 735 524;B01;2;10;0;2;8;1;6;
202000003824;154 735 525;A01;1;10;0;2;1;0;6;
202000003825;154 735 521;A01;3;2;0;2;2;1;1;
202000003825;154 735 522;B01;3;7;0;2;1;19;1;
202000003826;154 735 517;A01;2;7;0;9;1;13;1;
202000003826;154 735 518;B01;1;1;0;2;0;0;5;
202000003827;154 735 514;C01;1;10;3;2;1;2;1;
202000003827;154 735 515;A01;1;10;3;2;4;2;1;
202000003827;154 735 516;B01;1;10;3;2;4;2;1;
202000003828;154 735 512;A01;1;7;0;2;2;21;1;
202000003828;154 735 513;B01;1;7;0;2;6;1;1;
202000003829;154 735 511;A01;1;31;0;0;7;1;1;
202000003830;154 735 507;D01;2;7;0;2;5;2;1;
202000003830;154 735 508;B01;2;7;0;2;4;1;1;
202000003830;154 735 509;C01;2;7;0;2;4;2;1;
202000003830;154 735 510;A01;2;7;0;2;1;2;1;
202000003831;154 735 505;A01;1;7;0;2;1;2;1;
202000003831;154 735 506;B01;1;7;0;2;4;23;1;
202000003832;154 735 503;B01;1;7;0;2;3;1;1;
202000003832;154 735 504;A01;1;7;3;2;1;1;1;
202000003833;154 735 502;A01;2;7;4;0;1;1;1;
202000003834;154 735 501;A01;2;17;4;0;1;1;1;
202000003835;154 735 498;A01;1;7;0;2;1;1;1;
202000003835;154 735 499;B01;3;7;0;2;9;2;1;
202000003835;154 735 500;C01;1;7;0;2;4;2;1;
202000003836;154 735 496;A01;2;7;0;2;3;2;1;
202000003836;154 735 497;B01;2;7;0;2;4;21;1;
202000003837;154 735 495;A01;2;33;0;0;9;13;1;
202000003838;154 735 493;A01;1;7;0;2;6;0;0;
202000003838;154 735 494;B01;1;33;0;2;1;0;1;
202000003839;154 735 490;A01;1;7;0;2;2;12;1;
202000003839;154 735 491;C01;1;7;0;2;3;1;1;
202000003839;154 735 492;B01;1;33;0;2;6;3;1;
202000003840;154 735 488;A01;2;31;0;2;1;3;1;
202000003840;154 735 489;B01;2;33;0;2;4;3;1;
202000003841;154 735 486;B01;1;7;0;2;8;1;1;
202000003841;154 735 487;A01;1;14;0;2;2;12;1;
202000003842;154 735 485;A01;3;7;0;1;3;1;1;
202000003843;154 735 483;A01;2;7;0;2;7;15;1;
202000003843;154 735 484;B01;1;99;0;2;1;26;1;
202000003844;154 735 481;A01;3;7;14;2;1;15;1;
202000003844;154 735 482;B01;3;33;14;0;0;0;1;
202000003845;154 735 479;A01;3;7;0;2;3;1;1;
202000003845;154 735 480;B01;3;7;12;0;5;23;1;
202000003846;154 735 477;B01;0;1;0;2;1;1;0;
202000003846;154 735 478;A01;0;7;0;9;8;26;0;
202000003847;154 735 476;B01;2;1;0;1;1;1;5;
202000003848;154 735 474;B01;1;7;0;2;8;2;1;
202000003848;154 735 475;A01;1;10;0;2;2;12;1;
202000003849;154 735 473;A01;1;1;0;9;0;21;5;
202000003850;154 735 471;A01;2;7;0;2;9;1;1;
202000003850;154 735 472;B01;2;10;0;2;7;1;1;
202000003851;154 735 469;B01;3;7;0;2;1;1;1;
202000003851;154 735 470;A01;3;7;0;2;1;1;1;
202000003852;154 735 468;A01;1;43;0;0;1;14;1;
202000003853;154 735 466;A01;1;7;0;2;1;1;0;
202000003853;154 735 467;B01;1;7;0;2;4;1;1;
202000003854;154 735 464;B01;1;10;0;2;9;1;1;
202000003854;154 735 465;A01;1;7;0;2;3;13;1;
202000003855;154 735 462;B01;2;7;0;2;0;0;1;
202000003855;154 735 463;A01;1;1;0;2;2;26;0;
202000003856;154 735 460;A01;1;7;0;2;1;15;1;
202000003856;154 735 461;B01;1;1;0;2;2;26;5;
202000003857;154 735 458;B01;2;99;0;2;2;0;1;
202000003857;154 735 459;A01;2;99;0;2;3;15;1;
202000003858;154 735 456;B01;2;7;1;0;6;0;1;
202000003858;154 735 457;A01;1;7;2;2;9;1;1;
202000003859;154 735 455;A01;0;7;0;1;1;1;1;
202000003860;154 735 453;A01;3;3;0;2;3;1;1;
202000003860;154 735 454;B01;2;1;0;2;2;12;5;
202000003861;154 735 451;A01;1;33;0;2;1;17;1;
202000003861;154 735 452;B01;1;7;0;2;3;15;1;
202000003862;154 735 449;B01;1;7;0;2;7;1;1;
202000003862;154 735 450;A01;2;1;0;2;1;1;5;
202000003863;154 735 445;D01;2;7;0;2;4;2;1;
202000003863;154 735 446;A01;2;7;0;2;1;2;1;
202000003863;154 735 447;B01;2;7;0;2;1;2;1;
202000003863;154 735 448;C01;2;7;0;2;1;2;1;
202000003864;154 735 442;A01;2;7;0;2;1;2;1;
202000003864;154 735 443;B01;2;7;0;2;4;2;1;
202000003864;154 735 444;C01;2;7;0;2;6;2;1;
202000003865;154 735 441;A01;0;7;0;1;4;4;1;
202000003866;154 735 439;B01;0;7;0;2;1;1;0;
202000003866;154 735 440;A01;3;31;0;2;1;5;1;
202000003867;154 735 435;B01;3;33;1;0;7;1;1;
202000003867;154 735 436;A01;3;7;0;0;2;15;1;
202000003868;154 735 434;A01;3;7;0;1;1;26;0;
202000003869;154 735 432;A01;1;7;0;2;1;1;1;
202000003869;154 735 433;B01;1;7;0;2;4;23;1;
202000003870;154 735 431;A01;0;7;1;0;1;14;1;
202000003871;154 735 429;A01;1;7;0;2;3;10;1;
202000003871;154 735 430;B01;2;2;0;2;1;1;1;
202000003872;154 735 427;B01;3;7;0;1;8;23;1;
202000003872;154 735 428;A01;3;7;0;1;1;26;1;
202000003873;154 735 424;B01;2;7;0;2;5;1;1;
202000003873;154 735 425;A01;3;32;0;2;1;21;1;
202000003873;154 735 426;C01;2;7;0;9;0;20;1;
202000003874;154 735 422;Z01;1;7;0;2;1;1;1;
202000003874;154 735 423;B01;1;60;0;2;4;1;5;
202000003875;154 735 420;B01;1;1;0;2;1;1;5;
202000003875;154 735 421;A01;1;7;0;2;5;16;1;
202000003876;154 735 418;B01;1;1;0;2;1;15;5;
202000003876;154 735 419;A01;2;7;0;9;5;1;1;
202000003877;154 735 416;A01;1;7;14;9;7;9;1;
202000003877;154 735 417;B01;1;0;14;2;7;1;0;
202000003878;154 735 414;B01;3;1;0;2;4;0;5;
202000003878;154 735 415;A01;3;14;0;9;2;12;1;
202000003879;154 735 413;A01;1;7;1;0;1;16;0;
202000003880;154 735 412;A01;2;32;14;0;1;13;1;
202000003881;154 735 410;A01;3;31;0;2;1;1;1;
202000003881;154 735 411;B01;3;7;0;2;6;16;1;
202000003882;154 735 408;A01;2;7;0;2;1;13;1;
202000003882;154 735 409;B01;1;7;0;2;1;1;1;
202000003883;154 735 407;A01;3;30;0;1;0;1;0;
202000003884;154 735 405;B01;1;33;0;2;5;1;1;
202000003884;154 735 406;A01;1;7;0;2;2;9;1;
202000003885;154 735 403;B01;1;7;0;2;4;20;1;
202000003885;154 735 404;A01;1;7;0;2;2;1;1;
202000003886;154 735 402;A01;1;33;3;0;1;1;1;
202000003887;154 735 400;A01;1;7;0;1;4;23;1;
202000003887;154 735 401;B01;1;7;0;2;1;2;1;
202000003888;154 735 398;B01;1;7;0;2;2;16;1;
202000003888;154 735 399;A01;1;33;0;2;1;18;1;
202000003889;154 735 396;B01;2;1;0;2;1;1;5;
202000003889;154 735 397;A01;1;7;0;2;3;15;1;
202000003890;154 735 394;B01;1;7;0;2;3;15;1;
202000003890;154 735 395;A01;1;2;0;2;1;17;1;
202000003891;154 735 392;B01;1;7;0;2;1;9;1;
202000003891;154 735 393;A01;1;33;0;2;7;1;1;
202000003892;154 735 391;A01;1;34;12;0;7;14;1;
202000003893;154 735 390;A01;1;7;0;1;4;20;1;
202000003894;154 735 388;A01;3;7;0;2;4;2;1;
202000003894;154 735 389;B01;3;7;0;2;1;2;1;
202000003895;154 735 386;A01;1;7;7;0;1;9;1;
202000003896;154 735 384;B01;2;32;0;2;7;17;1;
202000003896;154 735 385;A01;2;7;0;2;3;10;1;
202000003897;154 735 382;B01;3;7;0;2;2;0;0;
202000003897;154 735 383;A01;3;7;0;2;1;15;0;
202000003898;154 735 380;A01;1;32;0;2;1;2;1;
202000003898;154 735 381;B01;1;7;0;2;6;2;1;
202000003899;154 735 378;B01;3;7;0;2;1;1;1;
202000003899;154 735 379;A01;0;7;0;2;2;1;1;
202000003900;154 735 376;B01;0;7;0;2;4;0;0;
202000003900;154 735 377;A01;2;7;0;2;1;0;1;
202000003901;154 735 375;A01;1;7;0;1;4;4;1;
202000003902;154 735 373;A01;0;10;0;2;2;15;1;
202000003902;154 735 374;B01;2;80;0;2;7;1;3;
202000003903;154 735 371;A01;2;30;0;2;1;19;1;
202000003903;154 735 372;B01;2;32;0;2;1;1;1;
202000003904;154 735 370;A01;1;33;0;5;1;1;1;
202000003905;154 735 368;A01;3;7;0;2;3;0;1;
202000003905;154 735 369;B01;3;1;0;2;6;0;6;
202000003906;154 735 367;A01;2;7;0;1;3;15;1;
202000003907;154 735 365;B01;2;32;0;2;3;1;1;
202000003907;154 735 366;A01;1;7;0;2;1;15;1;
202000003908;154 735 364;A01;2;33;0;1;1;1;1;
202000003909;154 735 362;A01;2;13;0;2;7;1;1;
202000003909;154 735 363;B01;1;7;0;2;1;1;1;
202000003910;154 735 360;A01;1;37;0;2;4;23;1;1
202000003910;154 735 361;B01;1;20;0;2;1;26;1;
202000003911;154 735 358;A01;2;33;0;2;1;17;1;
202000003911;154 735 359;B01;2;7;0;2;3;15;1;
202000003912;154 735 356;B01;1;7;0;2;4;23;1;
202000003912;154 735 357;A01;1;30;0;2;1;2;1;
202000003913;154 735 355;A01;1;33;0;0;7;1;1;
202000003914;154 735 352;A01;1;7;0;2;2;11;1;
202000003914;154 735 353;B01;1;7;0;2;6;1;1;
202000003914;154 735 354;C01;1;31;0;2;3;3;1;
202000003915;154 735 350;Z01;1;7;0;2;7;12;0;
202000003915;154 735 351;A01;1;33;0;2;8;3;1;
202000003916;154 735 348;A01;1;7;0;2;3;1;1;
202000003916;154 735 349;B01;1;7;0;2;8;1;1;
202000003917;154 735 347;A01;1;37;0;1;7;1;1;1
202000003918;154 735 346;Z01;1;7;0;1;0;1;0;
202000003919;154 735 345;A01;1;50;0;1;8;1;3;
202000003920;154 735 343;A01;1;30;0;2;1;15;1;
202000003920;154 735 344;B01;1;7;0;2;5;1;1;
202000003921;154 735 342;A01;3;30;1;0;2;14;1;
202000003922;154 735 340;B01;1;7;0;2;5;2;1;
202000003922;154 735 341;A01;1;43;0;2;2;2;1;
202000003923;154 735 338;A01;1;7;0;2;3;15;1;
202000003923;154 735 339;B01;2;7;0;2;8;1;1;
202000003924;154 735 337;Z01;3;7;14;0;1;1;1;
202000003925;154 735 335;B01;1;1;0;2;8;1;5;
202000003925;154 735 336;A01;1;30;0;2;1;16;1;
202000003926;154 735 334;A01;2;7;0;1;0;1;1;
202000003927;154 735 332;B01;2;1;0;2;1;7;5;
202000003927;154 735 333;A01;2;14;0;2;8;22;1;
202000003928;154 735 331;A01;2;50;0;0;0;1;3;
202000003929;154 735 330;Z01;2;50;0;1;4;25;3;
202000003930;154 735 328;B01;1;33;0;2;3;1;1;
202000003930;154 735 329;A01;1;7;0;2;6;1;1;
202000003931;154 735 326;B01;2;7;0;2;8;1;1;
202000003931;154 735 327;A01;2;7;0;2;1;1;1;
202000003932;154 735 324;A01;2;60;0;2;0;13;5;
202000003932;154 735 325;Z01;2;13;0;2;0;0;0;
202000003933;154 735 322;A01;1;7;0;2;1;2;1;
202000003933;154 735 323;B01;1;7;0;2;4;2;1;
202000003934;154 735 320;Z01;1;7;0;2;1;9;0;