num_acc;id_vehicule;num_veh;senc;catv;obs;obsm;choc;manv;motor;occutc
202000003934;154 735 321;A01;1;1;0;2;4;9;5;
202000003935;154 735 319;A01;1;32;0;0;0;7;0;
202000003936;154 735 318;A01;2;33;0;1;1;1;0;
202000003937;154 735 316;A01;1;7;0;2;6;17;1;
202000003937;154 735 317;B01;1;2;0;2;1;1;0;
202000003938;154 735 314;A01;3;30;0;2;8;15;0;
202000003938;154 735 315;B01;1;7;0;2;1;1;0;
202000003939;154 735 312;B01;1;7;0;2;0;0;0;
202000003939;154 735 313;A01;1;7;0;2;6;1;1;
202000003940;154 735 310;A01;-1;34;0;2;1;1;1;
202000003940;154 735 311;B01;-1;7;0;2;5;15;1;
202000003941;154 735 309;A01;2;7;0;1;3;26;1;
202000003942;154 735 308;A01;2;7;2;0;1;1;1;
202000003943;154 735 306;A01;2;2;0;2;1;17;1;
202000003943;154 735 307;B01;2;7;0;2;8;15;1;
202000003944;154 735 305;A01;2;7;1;0;2;1;0;
202000003945;154 735 303;B01;1;2;0;9;1;1;6;
202000003945;154 735 304;A01;1;1;0;2;4;19;5;
202000003946;154 735 301;B01;2;33;0;2;6;26;0;
202000003946;154 735 302;A01;1;7;0;2;1;15;0;
202000003947;154 735 299;B01;1;7;0;2;3;1;1;
202000003947;154 735 300;A01;1;7;0;2;1;9;1;
202000003948;154 735 297;B01;1;7;0;2;4;23;0;
202000003948;154 735 298;A01;1;7;0;2;1;2;0;
202000003949;154 735 295;A01;2;10;0;2;3;2;3;
202000003949;154 735 296;B01;1;14;0;2;3;18;1;
202000003950;154 735 293;B01;1;7;12;0;2;1;1;
202000003950;154 735 294;A01;3;7;0;2;1;19;1;
202000003951;154 735 292;A01;2;33;0;0;9;26;1;
202000003952;154 735 290;A01;3;10;0;2;1;2;1;
202000003952;154 735 291;B01;3;1;0;2;4;2;5;
202000003953;154 735 288;A01;0;7;7;0;2;15;0;
202000003953;154 735 289;B01;0;7;0;2;3;1;0;
202000003954;154 735 286;A01;2;1;0;2;0;1;5;
202000003954;154 735 287;B01;1;21;0;2;8;1;1;
202000003955;154 735 285;A01;1;7;0;1;2;1;0;
202000003956;154 735 283;B01;3;7;0;2;3;15;1;
202000003956;154 735 284;A01;3;33;0;2;0;17;1;
202000003957;154 735 282;A01;1;7;3;0;1;2;0;
202000003958;154 735 281;A01;2;7;0;1;2;1;1;
202000003959;154 735 279;A01;2;7;0;0;8;10;1;
202000003959;154 735 280;B01;2;31;0;2;1;2;1;
202000003960;154 735 278;A01;1;2;7;0;3;1;1;
202000003961;154 735 276;A01;2;7;0;2;7;15;1;
202000003961;154 735 277;B01;1;7;0;2;1;1;1;
202000003962;154 735 274;B01;2;7;0;2;3;1;0;
202000003962;154 735 275;A01;3;7;0;2;3;1;0;
202000003963;154 735 273;A01;1;7;13;0;9;21;1;
202000003964;154 735 270;A01;1;7;0;0;4;1;1;
202000003964;154 735 271;C01;1;7;0;0;1;1;1;
202000003964;154 735 272;B01;1;7;0;0;4;1;1;
202000003965;154 735 268;A01;3;7;0;2;2;1;1;
202000003965;154 735 269;B01;3;1;0;2;1;19;5;
202000003966;154 735 267;A01;2;2;0;0;8;1;1;
202000003967;154 735 266;A01;3;7;6;0;1;0;1;
202000003968;154 735 264;B01;2;1;0;2;1;1;6;
202000003968;154 735 265;A01;1;7;0;9;2;15;0;
202000003969;154 735 263;A01;1;7;13;0;1;2;1;
202000003970;154 735 261;B01;1;1;0;2;1;1;5;
202000003970;154 735 262;A01;2;7;0;2;2;9;1;
202000003971;154 735 260;A01;1;7;11;0;9;5;1;
202000003972;154 735 259;A01;1;7;17;0;1;14;1;
202000003973;154 735 257;A01;1;34;0;2;3;13;1;
202000003973;154 735 258;B01;2;7;0;2;3;1;1;
202000003974;154 735 255;B01;1;17;0;2;2;21;1;
202000003974;154 735 256;A01;1;7;0;0;3;15;1;
202000003975;154 735 254;A01;2;7;3;0;3;1;1;
202000003976;154 735 251;B01;0;21;0;2;7;9;1;
202000003976;154 735 252;A01;0;31;0;2;1;1;1;
202000003977;154 735 249;A01;1;33;0;2;1;1;1;
202000003977;154 735 250;B01;1;7;0;2;2;9;1;
202000003978;154 735 247;A01;2;7;0;2;1;1;1;
202000003978;154 735 248;B01;1;7;0;0;1;17;0;
202000003979;154 735 245;A01;2;7;0;0;1;17;1;
202000003979;154 735 246;B01;1;7;0;2;1;1;1;
202000003980;154 735 243;A01;2;14;0;2;5;4;1;
202000003980;154 735 244;B01;2;7;0;2;1;1;1;
202000003981;154 735 241;A01;2;7;0;2;3;15;1;
202000003981;154 735 242;B01;1;33;1;2;8;1;1;
202000003982;154 735 239;B01;3;2;0;2;7;1;1;
202000003982;154 735 240;A01;3;7;0;2;2;1;1;
202000003983;154 735 238;A01;1;7;15;0;1;1;1;
202000003984;154 735 237;A01;3;7;0;1;6;4;1;
202000003985;154 735 235;B01;1;34;0;0;8;1;0;
202000003985;154 735 236;A01;1;7;0;2;1;19;1;
202000003986;154 735 234;A01;1;2;0;0;7;2;1;
202000003987;154 735 233;A01;2;2;0;0;0;0;1;
202000003988;154 735 231;A01;2;7;0;2;5;12;1;
202000003988;154 735 232;B01;2;7;0;2;3;1;3;
202000003989;154 735 228;C01;2;33;0;2;2;2;0;
202000003989;154 735 229;B01;2;7;0;2;2;2;0;
202000003989;154 735 230;A01;2;7;0;0;6;2;0;
202000003990;154 735 226;B01;2;17;0;2;3;1;1;
202000003990;154 735 227;A01;1;33;0;2;1;17;1;
202000003991;154 735 224;B01;1;1;0;2;1;1;5;
202000003991;154 735 225;A01;3;7;0;9;2;15;1;
202000003992;154 735 222;B01;2;2;0;2;8;26;1;
202000003992;154 735 223;A01;0;10;0;2;4;26;1;
202000003993;154 735 220;A01;2;33;0;2;1;1;1;
202000003993;154 735 221;B01;2;7;0;0;5;1;1;
202000003994;154 735 218;B01;3;7;6;2;1;2;1;
202000003994;154 735 219;A01;3;7;3;0;5;2;1;
202000003995;154 735 216;B01;2;7;0;2;1;19;1;
202000003995;154 735 217;A01;1;7;0;2;1;1;1;
202000003996;154 735 215;A01;2;2;0;6;0;0;1;
202000003997;154 735 214;A01;3;33;0;0;0;1;1;
202000003998;154 735 212;B01;1;2;0;2;1;1;1;
202000003998;154 735 213;A01;1;7;0;0;6;9;1;
202000003999;154 735 210;A01;3;2;0;2;2;1;1;
202000003999;154 735 211;B01;3;7;0;2;3;9;1;
202000004000;154 735 208;B01;1;7;0;2;1;19;1;
202000004000;154 735 209;A01;2;7;0;2;2;1;0;
202000004001;154 735 207;A01;3;31;7;0;1;14;1;
202000004002;154 735 205;B01;2;10;0;2;3;10;1;
202000004002;154 735 206;A01;2;33;0;2;1;1;1;
202000004003;154 735 203;A01;0;7;0;2;3;15;1;
202000004003;154 735 204;B01;1;33;0;2;1;1;1;
202000004004;154 735 202;A01;1;33;6;0;8;13;1;
202000004005;154 735 200;B01;1;43;0;2;1;18;1;
202000004005;154 735 201;A01;1;10;0;2;7;14;1;
202000004006;154 735 198;B01;1;7;0;2;3;2;1;
202000004006;154 735 199;A01;1;7;0;2;5;1;1;
202000004007;154 735 196;A01;2;7;0;2;4;1;1;
202000004007;154 735 197;B01;2;7;0;2;1;2;1;
202000004008;154 735 193;A01;2;7;0;2;1;1;1;
202000004008;154 735 194;C01;2;7;0;2;0;1;1;
202000004008;154 735 195;B01;2;7;0;2;6;1;1;
202000004009;154 735 192;A01;1;32;3;0;1;0;1;
202000004010;154 735 191;A01;1;33;0;0;0;3;1;
202000004011;154 735 188;C01;1;7;0;2;1;2;1;
202000004011;154 735 189;B01;1;7;0;2;1;2;1;
202000004011;154 735 190;A01;1;7;0;2;4;2;1;
202000004012;154 735 184;D01;2;7;0;2;4;1;1;
202000004012;154 735 185;C01;2;7;0;2;3;1;1;
202000004012;154 735 186;B01;2;33;0;2;7;3;1;
202000004012;154 735 187;A01;2;7;0;2;2;12;1;
202000004013;154 735 181;C01;1;10;0;2;1;1;1;
202000004013;154 735 182;A01;1;10;0;2;4;2;6;
202000004013;154 735 183;B01;1;7;0;2;4;2;1;
202000004014;154 735 178;C01;2;7;0;2;1;1;1;
202000004014;154 735 179;A01;2;7;0;2;4;1;1;
202000004014;154 735 180;B01;2;7;0;2;4;1;1;
202000004015;154 735 176;B01;2;7;0;2;2;12;1;
202000004015;154 735 177;A01;2;33;0;2;1;3;1;
202000004016;154 735 174;A01;2;33;0;2;7;1;1;
202000004016;154 735 175;B01;2;10;0;2;3;11;1;
202000004017;154 735 171;A01;1;7;0;2;4;2;1;
202000004017;154 735 172;B01;1;7;0;2;1;2;1;
202000004017;154 735 173;Z01;1;7;0;9;4;2;1;
202000004018;154 735 169;B01;2;31;0;2;1;1;1;
202000004018;154 735 170;A01;1;7;0;2;2;15;1;
202000004019;154 735 166;A01;1;7;0;2;2;11;1;
202000004019;154 735 167;B01;1;7;0;2;1;17;1;
202000004019;154 735 168;C01;1;13;0;2;6;1;1;
202000004020;154 735 165;A01;3;33;0;0;7;16;1;
202000004021;154 735 163;B01;1;15;0;2;6;23;0;
202000004021;154 735 164;A01;1;2;0;5;1;21;1;
202000004022;154 735 161;Z01;0;99;0;2;7;16;6;
202000004022;154 735 162;B01;0;30;0;2;8;1;6;
202000004023;154 735 158;A01;1;7;3;0;1;1;1;
202000004024;154 735 156;A01;2;7;0;2;1;15;1;
202000004024;154 735 157;B01;1;33;0;2;1;1;1;
202000004025;154 735 154;A01;1;7;0;2;1;1;1;
202000004025;154 735 155;B01;2;1;0;2;1;5;5;
202000004026;154 735 153;A01;3;7;0;1;1;1;1;
202000004027;154 735 152;A01;1;30;12;2;7;1;1;
202000004028;154 735 151;A01;1;7;6;0;2;0;1;
202000004029;154 735 150;A01;3;7;0;1;7;1;1;
202000004030;154 735 148;B01;1;32;0;2;1;3;1;
202000004030;154 735 149;A01;1;7;0;2;3;15;3;
202000004031;154 735 146;A01;1;31;0;2;1;2;1;
202000004031;154 735 147;B01;1;7;0;2;6;2;1;
202000004032;154 735 143;C01;1;7;0;2;1;2;1;
202000004032;154 735 144;B01;1;7;0;2;9;2;1;
202000004032;154 735 145;A01;1;7;0;2;4;2;1;
202000004033;154 735 141;A01;2;7;0;2;4;2;1;
202000004033;154 735 142;B01;2;7;0;2;1;2;1;
202000004034;154 735 139;A01;2;10;0;2;8;11;1;
202000004034;154 735 140;B01;2;33;0;2;1;17;1;
202000004035;154 735 138;A01;2;7;7;0;3;12;1;
202000004036;154 735 135;C01;2;7;0;2;4;23;1;
202000004036;154 735 136;B01;2;7;0;2;5;23;1;
202000004036;154 735 137;A01;2;7;0;2;3;21;1;
202000004037;154 735 134;A01;1;7;5;0;2;14;1;
202000004038;154 735 132;A01;1;7;0;2;3;11;1;
202000004038;154 735 133;B01;1;34;0;2;1;1;1;
202000004039;154 735 130;A01;1;33;0;2;1;3;1;
202000004039;154 735 131;B01;1;7;0;2;0;12;1;
202000004040;154 735 129;A01;1;33;4;0;8;1;1;
202000004041;154 735 127;A01;2;33;0;2;6;1;1;
202000004041;154 735 128;Z01;2;10;0;2;1;3;0;
202000004042;154 735 125;B01;2;7;0;2;4;0;1;
202000004042;154 735 126;A01;2;10;0;2;1;11;1;
202000004043;154 735 123;B01;1;33;0;2;8;3;1;
202000004043;154 735 124;A01;1;7;0;2;7;12;1;
202000004044;154 735 118;B01;1;7;0;2;4;1;0;
202000004044;154 735 119;A01;1;7;0;2;4;1;0;
202000004044;154 735 120;E01;1;7;0;2;1;1;1;
202000004044;154 735 121;D01;1;7;0;2;4;1;1;
202000004044;154 735 122;C01;1;7;0;2;4;1;1;
202000004045;154 735 116;B01;2;7;0;2;8;1;1;
202000004045;154 735 117;A01;3;7;0;2;1;19;1;
202000004046;154 735 115;A01;2;7;12;1;1;13;1;
202000004047;154 735 113;B01;1;7;0;2;3;15;1;
202000004047;154 735 114;A01;2;2;0;2;1;3;1;
202000004048;154 735 112;A01;3;10;0;1;2;1;1;
202000004049;154 735 111;Z01;1;7;0;1;0;1;-1;
202000004050;154 735 109;A01;1;7;4;2;3;14;1;
202000004050;154 735 110;B01;1;7;0;2;5;1;1;
202000004051;154 735 107;A01;2;7;1;0;1;0;1;
202000004051;154 735 108;B01;2;7;1;0;8;0;1;
202000004052;154 735 106;A01;0;7;0;1;1;26;6;
202000004053;154 735 104;B01;1;7;2;2;6;1;1;
202000004053;154 735 105;A01;1;7;0;2;2;12;1;
202000004054;154 735 101;C01;2;7;0;2;1;23;1;
202000004054;154 735 102;B01;1;33;0;2;1;1;1;
202000004054;154 735 103;A01;2;7;0;2;7;15;1;
202000004055;154 735 100;A01;1;33;4;0;1;18;1;
202000004056;154 735 096;B01;2;10;0;2;5;15;1;
202000004056;154 735 097;A01;2;7;0;2;1;1;1;
202000004057;154 735 090;B01;1;7;0;2;3;1;1;
202000004057;154 735 091;A01;1;7;0;2;1;9;1;
202000004058;154 735 089;A01;1;33;0;0;8;13;1;
202000004059;154 735 087;A01;1;7;0;2;3;9;1;
202000004059;154 735 088;B01;1;7;0;2;1;1;1;
202000004060;154 735 085;A01;2;7;0;2;3;1;1;
202000004060;154 735 086;B01;1;50;0;2;3;5;3;
202000004061;154 735 083;B01;1;7;0;2;1;2;1;
202000004061;154 735 084;A01;1;7;0;2;4;2;1;
202000004062;154 735 080;A01;1;7;1;2;2;17;1;
202000004062;154 735 081;C01;2;7;1;2;1;1;1;
202000004062;154 735 082;B01;1;7;1;2;3;1;1;
202000004063;154 735 078;B01;2;1;0;2;3;1;5;
202000004063;154 735 079;A01;1;7;0;2;2;15;1;
202000004064;154 735 076;A01;1;7;0;2;3;15;1;
202000004064;154 735 077;B01;2;32;0;2;3;1;1;
202000004065;154 735 074;A01;1;1;0;2;1;1;5;
202000004065;154 735 075;Z01;2;1;0;2;1;5;5;
202000004066;154 735 073;A01;2;30;0;0;8;1;1;
202000004067;154 735 071;A01;2;32;0;2;2;17;1;
202000004067;154 735 072;B01;3;7;0;2;3;15;1;
202000004068;154 735 069;B01;1;7;0;2;4;2;1;
202000004068;154 735 070;A01;1;7;0;2;1;2;1;
202000004069;154 735 067;B01;2;7;0;2;3;1;1;
202000004069;154 735 068;A01;1;7;0;2;3;1;1;
202000004070;154 735 065;B01;1;20;0;0;4;2;1;
202000004070;154 735 066;Z01;1;7;0;2;1;26;1;
202000004071;154 735 063;A01;3;7;0;2;7;19;1;
202000004071;154 735 064;B01;2;42;0;2;1;1;1;
202000004072;154 735 062;A01;1;7;0;1;1;16;1;
202000004073;154 735 060;A01;2;33;0;2;1;17;1;
202000004073;154 735 061;B01;1;7;0;2;3;15;1;
202000004074;154 735 059;A01;1;7;11;0;1;13;1;
202000004075;154 735 058;A01;1;7;0;1;1;1;1;
202000004076;154 735 055;A01;1;7;0;2;1;2;1;
202000004076;154 735 056;B01;1;7;0;2;4;2;1;
202000004076;154 735 057;C01;1;7;0;2;4;2;1;
202000004077;154 735 053;A01;1;7;0;2;1;9;1;
202000004077;154 735 054;B01;1;7;0;2;2;1;1;
202000004078;154 735 052;A01;0;7;0;1;2;1;1;
202000004079;154 735 051;A01;2;7;0;1;1;1;1;
202000004080;154 735 049;B01;2;2;0;2;8;15;1;
202000004080;154 735 050;A01;2;7;0;2;7;17;1;
202000004081;154 735 048;A01;2;7;0;1;2;1;2;
202000004082;154 735 046;B01;1;14;0;2;4;2;1;
202000004082;154 735 047;A01;1;7;0;2;1;2;1;
202000004083;154 735 043;A01;0;43;0;2;3;26;1;
202000004083;154 735 045;B01;0;7;0;0;0;0;1;
202000004084;154 735 044;A01;2;30;0;0;8;16;1;
202000004085;154 735 040;B01;1;32;0;2;5;1;1;
202000004085;154 735 041;A01;1;7;0;2;3;15;1;
202000004086;154 735 042;A01;0;7;8;0;1;26;1;
202000004087;154 735 039;A01;2;30;0;1;0;1;1;
202000004088;154 735 036;A01;1;7;15;1;1;16;1;
202000004089;154 735 034;A01;2;7;0;2;1;2;1;
202000004089;154 735 035;B01;2;7;14;0;4;2;1;
202000004089;154 735 037;C01;2;7;14;0;0;1;1;
202000004089;154 735 038;D01;2;7;0;2;4;0;1;
202000004090;154 735 032;A01;1;7;0;2;3;23;3;
202000004090;154 735 033;B01;1;99;0;2;8;25;0;
202000004091;154 735 030;A01;1;7;0;2;4;4;1;
202000004091;154 735 031;B01;1;1;0;2;1;1;5;
202000004092;154 735 028;A01;1;7;0;2;3;15;1;
202000004092;154 735 029;B01;1;7;0;2;2;17;1;
202000004093;154 735 027;A01;1;50;0;0;0;1;3;
202000004094;154 735 024;A01;1;7;0;2;1;13;1;
202000004094;154 735 026;B01;2;7;0;2;1;1;1;
202000004095;154 735 025;A01;1;2;0;0;1;26;1;
202000004096;154 735 023;A01;1;31;0;1;1;1;1;
202000004097;154 735 020;A01;1;50;0;2;1;19;3;
202000004097;154 735 022;B01;2;32;0;2;8;1;1;
202000004098;154 735 019;A01;1;7;0;2;1;2;1;
202000004098;154 735 021;B01;1;7;0;2;4;2;1;
202000004099;154 735 017;A01;1;7;12;0;2;14;6;
202000004100;154 735 018;A01;2;31;0;0;0;1;3;
202000004101;154 735 015;A01;0;7;0;1;3;1;1;
202000004102;154 735 014;B01;2;7;0;2;4;2;1;
202000004102;154 735 016;A01;2;2;0;2;1;2;1;
202000004103;154 735 012;A01;2;10;0;1;3;26;1;
202000004104;154 735 011;A01;1;7;0;2;7;9;1;
202000004104;154 735 013;B01;0;1;0;2;7;15;0;
202000004105;154 735 010;A01;3;7;12;0;1;26;1;
202000004106;154 735 006;C01;2;7;0;2;1;23;1;
202000004106;154 735 008;B01;1;7;12;2;1;1;1;
202000004106;154 735 009;A01;3;7;0;2;0;26;0;
202000004107;154 735 005;A01;1;7;0;2;7;26;0;
202000004107;154 735 007;B01;1;37;0;2;3;1;0;3
202000004108;154 735 003;A01;1;10;0;1;1;1;1;
202000004109;154 735 002;B01;3;7;0;9;2;23;0;
202000004109;154 735 004;A01;3;1;0;2;1;1;5;
202000004110;154 735 000;A01;2;7;0;1;1;15;1;
202000004111;154 734 999;A01;1;1;1;2;3;21;5;
202000004111;154 735 001;B01;1;7;0;2;2;1;1;
202000004112;154 734 997;A01;-1;31;0;0;1;1;1;
202000004112;154 734 998;B01;-1;7;0;2;0;0;1;
202000004113;154 734 994;A01;1;33;0;1;1;1;1;
202000004113;154 734 996;B01;1;37;0;2;8;23;4;1
202000004114;154 734 993;B01;1;7;0;2;3;15;1;
202000004114;154 734 995;A01;1;43;0;2;2;17;1;
202000004115;154 734 990;B01;0;80;0;2;1;1;3;
202000004115;154 734 992;A01;0;7;0;2;3;15;1;
202000004116;154 734 987;C01;1;10;0;2;4;1;1;
202000004116;154 734 988;B01;1;10;0;2;4;1;1;
202000004116;154 734 989;A01;1;10;0;2;4;23;1;
202000004116;154 734 991;D01;1;10;0;2;1;1;0;
202000004117;154 734 985;Z01;1;2;0;2;0;1;0;
202000004117;154 734 986;A01;1;10;0;2;3;16;1;
202000004118;154 734 983;A01;2;7;13;0;1;1;1;
202000004119;154 734 980;A01;1;7;0;2;3;1;1;
202000004119;154 734 981;B01;2;7;0;2;3;15;1;
202000004120;154 734 978;A01;2;7;0;2;1;15;1;
202000004120;154 734 979;B01;1;7;0;2;7;1;1;
202000004121;154 734 976;A01;2;7;0;2;1;13;1;
202000004121;154 734 977;B01;2;7;0;2;4;1;1;
202000004122;154 734 982;B01;0;7;0;2;3;1;1;
202000004122;154 734 984;A01;0;7;0;2;2;9;1;
202000004123;154 734 974;A01;2;37;0;2;8;2;0;1
202000004123;154 734 975;B01;1;1;0;2;7;2;0;
202000004124;154 734 972;B01;1;7;0;2;8;16;1;
202000004124;154 734 973;A01;1;30;0;2;1;1;1;
202000004125;154 734 970;A01;1;7;0;2;4;2;0;
202000004125;154 734 971;B01;2;7;0;2;1;2;0;
202000004126;154 734 966;B01;1;7;0;2;4;1;1;
202000004126;154 734 967;A01;1;7;0;2;1;1;1;
202000004127;154 734 962;A01;1;7;0;2;2;15;0;
202000004127;154 734 965;B01;2;2;0;2;1;2;0;
202000004128;154 734 961;C01;1;10;0;2;4;1;0;
202000004128;154 734 963;B01;1;7;0;2;4;1;1;
202000004128;154 734 964;A01;1;7;0;2;1;1;1;
202000004129;154 734 958;B01;2;33;0;2;2;1;1;
202000004129;154 734 960;A01;1;7;0;2;3;15;3;
202000004130;154 734 957;B01;2;7;0;2;3;1;0;
202000004130;154 734 959;A01;1;33;0;2;3;1;0;
202000004131;154 734 955;B01;1;7;0;2;6;1;1;
202000004131;154 734 956;A01;2;31;0;2;1;1;1;
202000004132;154 734 953;B01;1;7;0;2;2;15;0;
202000004132;154 734 954;A01;2;34;0;2;1;7;0;
202000004133;154 734 951;A01;2;99;13;0;1;14;1;
202000004134;154 734 950;B01;0;32;0;2;1;0;0;
202000004134;154 734 952;A01;0;7;0;2;6;15;0;
202000004135;154 734 948;A01;1;7;0;1;1;2;1;
202000004136;154 734 947;B01;1;7;0;2;2;17;1;
202000004136;154 734 949;A01;1;1;0;2;0;10;5;
202000004137;154 734 945;A01;1;7;0;1;1;1;1;
202000004138;154 734 944;B01;1;7;0;0;4;2;1;
202000004138;154 734 946;A01;2;7;0;2;1;2;1;
202000004139;154 734 943;A01;1;33;13;0;2;14;0;
202000004140;154 734 941;A01;1;99;0;2;1;19;1;
202000004140;154 734 942;B01;2;7;0;2;8;1;1;
202000004141;154 734 939;B01;1;31;0;2;1;1;1;
202000004141;154 734 940;A01;2;7;0;2;2;15;1;
202000004142;154 734 938;A01;1;34;13;0;1;1;1;
202000004143;154 734 936;A01;2;7;0;2;2;1;1;
202000004143;154 734 937;B01;3;7;0;2;3;1;1;
202000004144;154 734 934;B01;2;7;3;2;3;1;1;
202000004144;154 734 935;A01;1;7;3;2;3;13;1;
202000004145;154 734 932;A01;2;7;0;2;3;13;1;
202000004145;154 734 933;B01;2;31;0;2;7;1;1;
202000004146;154 734 930;A01;2;7;0;2;3;5;1;
202000004146;154 734 931;B01;1;7;0;2;3;0;1;
202000004147;154 734 928;A01;3;7;0;1;2;1;1;
202000004148;154 734 927;A01;2;30;0;2;1;25;1;
202000004148;154 734 929;B01;3;7;0;2;2;1;1;
202000004149;154 734 924;B01;2;31;0;2;7;1;1;
202000004149;154 734 925;A01;2;7;0;2;1;9;1;
202000004150;154 734 922;A01;1;7;0;2;1;13;1;
202000004150;154 734 923;B01;2;7;0;2;1;1;1;
202000004150;154 734 926;C01;2;7;0;2;1;1;1;
202000004151;154 734 921;A01;3;7;0;1;2;1;1;
202000004152;154 734 919;B01;3;7;0;2;1;5;1;
202000004152;154 734 920;A01;3;7;0;2;1;1;1;
202000004153;154 734 918;A01;0;7;0;1;1;1;1;
202000004154;154 734 916;B01;1;7;0;2;1;1;1;
202000004154;154 734 917;A01;2;33;0;2;0;1;1;
202000004155;154 734 915;A01;2;7;11;0;9;26;1;
202000004156;154 734 912;A01;1;7;0;2;2;21;0;
202000004156;154 734 914;B01;1;99;0;2;3;1;0;
202000004157;154 734 911;A01;2;10;0;2;1;2;1;
202000004157;154 734 913;B01;2;7;0;2;4;1;1;
202000004158;154 734 910;A01;2;7;6;0;1;0;0;
202000004159;154 734 904;B01;1;33;0;2;8;1;1;
202000004159;154 734 905;A01;1;7;0;2;7;12;1;
202000004160;154 734 899;C01;2;7;0;2;1;1;1;
202000004160;154 734 901;B01;2;7;0;2;3;1;1;
202000004160;154 734 903;A01;1;7;6;2;3;13;1;
202000004161;154 734 898;A01;2;7;0;2;2;12;3;
202000004161;154 734 900;B01;2;31;0;2;3;3;1;
202000004161;154 734 902;C01;2;10;0;2;6;1;1;
202000004162;154 734 896;A01;3;7;0;0;1;1;1;
202000004162;154 734 897;B01;3;7;0;0;2;15;1;
202000004163;154 734 894;B01;1;7;0;2;5;16;1;
202000004163;154 734 895;A01;1;31;0;2;1;2;1;
202000004164;154 734 890;B01;1;7;0;2;3;2;1;
202000004164;154 734 893;A01;1;33;0;2;2;19;1;
202000004165;154 734 891;B01;1;10;0;2;3;15;1;
202000004165;154 734 892;A01;1;30;0;2;1;17;1;
202000004166;154 734 889;A01;1;33;0;0;7;0;0;
202000004167;154 734 888;A01;1;1;9;0;1;1;5;
202000004168;154 734 887;A01;2;33;0;0;0;1;1;
202000004169;154 734 884;B01;3;7;0;2;6;24;1;
202000004169;154 734 886;A01;3;7;0;2;3;13;1;
202000004170;154 734 883;A01;1;7;0;2;1;13;1;
202000004170;154 734 885;B01;2;7;0;2;1;1;1;
202000004171;154 734 881;A01;1;2;0;2;2;17;1;
202000004171;154 734 882;B01;1;7;0;2;1;15;1;
202000004172;154 734 879;A01;2;10;0;2;3;13;1;
202000004172;154 734 880;B01;1;7;0;2;3;14;1;
202000004173;154 734 877;B01;2;7;0;2;1;1;0;
202000004173;154 734 878;A01;2;7;0;2;7;19;0;
202000004174;154 734 875;A01;1;30;0;2;1;13;1;
202000004174;154 734 876;B01;2;7;0;2;3;23;2;
202000004175;154 734 874;A01;1;7;4;0;3;1;1;
202000004176;154 734 873;A01;2;1;0;0;7;1;5;
202000004177;154 734 870;B01;1;13;0;2;7;1;1;
202000004177;154 734 871;A01;2;7;0;2;7;1;1;
202000004178;154 734 872;A01;2;7;0;1;2;1;1;
202000004179;154 734 869;A01;0;1;0;1;1;1;5;
202000004180;154 734 865;B01;3;2;0;2;1;1;1;
202000004180;154 734 867;A01;3;7;0;2;3;1;1;
202000004181;154 734 862;B01;2;7;13;2;3;1;1;
202000004181;154 734 864;A01;1;7;10;2;3;5;1;
202000004182;154 734 861;B01;1;1;0;2;3;1;5;
202000004182;154 734 863;A01;1;3;0;9;7;2;1;
202000004183;154 734 860;A01;0;7;1;0;1;1;1;
202000004184;154 734 857;B01;2;10;0;2;2;1;1;
202000004184;154 734 859;A01;2;33;0;2;1;1;1;
202000004185;154 734 856;B01;2;33;0;2;1;14;1;
202000004185;154 734 858;A01;2;33;0;2;4;16;1;
202000004186;154 734 854;A01;1;7;0;2;5;21;1;
202000004186;154 734 855;B01;1;2;0;2;1;2;1;
202000004187;154 734 853;A01;3;7;6;0;1;0;1;
202000004188;154 734 851;A01;2;33;13;0;1;1;1;
202000004189;154 734 849;A01;3;7;8;0;1;0;1;
202000004190;154 734 848;A01;0;7;0;2;2;13;1;
202000004190;154 734 850;C01;0;7;0;2;0;0;1;
202000004190;154 734 852;B01;0;50;0;2;2;13;3;
202000004191;154 734 847;A01;3;33;1;0;1;14;1;
202000004192;154 734 845;B01;1;30;0;2;1;0;0;
202000004192;154 734 846;A01;1;7;0;2;2;16;1;
202000004193;154 734 844;A01;2;7;0;1;1;9;1;
202000004194;154 734 843;A01;3;31;2;0;1;1;1;
202000004195;154 734 840;A01;2;7;0;2;7;19;1;
202000004195;154 734 842;B01;2;1;0;2;6;1;5;
202000004196;154 734 839;B01;2;7;3;2;5;17;1;
202000004196;154 734 841;A01;2;7;0;2;3;13;1;
202000004197;154 734 838;A01;1;7;0;1;2;1;1;
202000004198;154 734 836;A01;1;7;0;2;2;13;1;
202000004198;154 734 837;B01;2;1;0;2;1;1;5;
202000004199;154 734 835;A01;3;7;0;1;1;1;1;
202000004200;154 734 832;A01;3;7;8;0;1;1;1;
202000004201;154 734 833;B01;1;7;0;2;1;2;1;
202000004201;154 734 834;A01;1;7;0;0;4;23;1;
202000004202;154 734 829;A01;3;7;0;2;2;26;1;
202000004202;154 734 831;B01;3;7;0;0;3;1;1;
202000004203;154 734 830;A01;2;7;4;0;1;26;1;
202000004204;154 734 826;A01;2;30;0;2;1;17;1;
202000004204;154 734 828;B01;2;16;0;2;3;15;1;
202000004205;154 734 824;A01;2;7;0;2;6;2;1;
202000004205;154 734 825;B01;2;33;0;2;1;2;1;
202000004206;154 734 823;B01;2;10;0;2;4;1;1;