num_acc;id_vehicule;num_veh;senc;catv;obs;obsm;choc;manv;motor;occutc
202000004206;154 734 827;A01;2;7;0;2;1;1;1;
202000004207;154 734 821;A01;2;33;0;0;7;1;1;
202000004208;154 734 819;C01;3;13;1;0;3;0;1;
202000004208;154 734 820;B01;3;7;1;2;3;2;1;
202000004208;154 734 822;A01;3;7;0;2;1;15;1;
202000004209;154 734 817;B01;1;2;0;2;1;1;0;
202000004209;154 734 818;A01;1;7;0;2;2;15;0;
202000004210;154 734 814;C01;1;7;0;2;4;2;1;
202000004210;154 734 815;B01;1;7;0;2;4;1;0;
202000004210;154 734 816;A01;1;7;0;2;1;2;1;
202000004211;154 734 813;A01;1;31;0;1;1;11;1;
202000004212;154 734 811;B01;0;33;0;0;4;2;1;
202000004212;154 734 812;A01;0;7;0;2;1;2;1;
202000004213;154 734 809;A01;1;7;0;2;2;10;0;
202000004213;154 734 810;B01;1;2;0;2;1;1;0;
202000004214;154 734 808;A01;1;10;0;1;2;0;0;
202000004215;154 734 807;A01;-1;7;0;1;1;1;1;
202000004216;154 734 806;A01;2;7;13;0;1;0;1;
202000004217;154 734 804;B01;2;2;0;2;3;1;0;
202000004217;154 734 805;A01;-1;7;0;2;2;16;0;
202000004218;154 734 801;A01;1;7;0;2;1;1;1;
202000004218;154 734 803;B01;1;2;0;0;4;1;1;
202000004219;154 734 800;B01;1;7;0;2;1;1;0;
202000004219;154 734 802;A01;2;7;0;2;3;10;0;
202000004220;154 734 798;B01;2;7;0;2;1;1;1;
202000004220;154 734 799;A01;1;7;0;2;5;0;1;
202000004221;154 734 796;A01;0;7;0;2;5;16;1;
202000004221;154 734 797;B01;0;34;0;2;0;0;1;
202000004222;154 734 794;A01;1;7;0;1;1;1;0;
202000004223;154 734 793;B01;3;7;0;2;1;1;1;
202000004223;154 734 795;A01;3;7;0;2;1;1;1;
202000004224;154 734 790;A01;2;50;0;2;1;25;3;
202000004224;154 734 791;B01;1;7;0;2;3;23;1;
202000004225;154 734 789;A01;1;7;0;1;2;9;1;
202000004226;154 734 787;B01;1;15;0;2;5;1;1;
202000004226;154 734 788;A01;1;7;0;0;5;1;1;
202000004227;154 734 785;B01;1;0;0;2;1;1;1;
202000004227;154 734 786;A01;1;10;0;2;8;10;1;
202000004228;154 734 782;C01;1;7;1;2;1;2;1;
202000004228;154 734 783;B01;1;7;0;2;4;23;1;
202000004228;154 734 784;A01;1;7;0;2;4;23;1;
202000004229;154 734 780;B01;3;7;0;2;4;24;1;
202000004229;154 734 781;A01;2;33;1;0;8;1;1;
202000004230;154 734 778;A01;1;33;0;2;3;16;1;
202000004230;154 734 779;B01;1;10;0;2;7;16;0;
202000004231;154 734 776;B01;1;1;1;0;1;2;0;
202000004231;154 734 777;A01;1;7;0;9;3;24;1;
202000004232;154 734 775;Y01;1;60;0;0;1;1;5;
202000004233;154 734 792;A01;2;7;2;0;1;14;1;
202000004234;154 734 774;A01;2;33;3;0;7;1;1;
202000004235;154 734 772;B01;1;7;0;2;1;1;1;
202000004235;154 734 773;A01;1;7;0;2;3;9;1;
202000004236;154 734 770;A01;2;7;0;2;3;1;1;
202000004236;154 734 771;B01;1;50;0;0;0;1;3;
202000004237;154 734 769;A01;2;33;0;0;0;1;1;
202000004238;154 734 768;A01;1;1;0;0;1;1;5;
202000004239;154 734 766;A01;2;33;0;1;0;1;1;
202000004240;154 734 763;Z01;0;7;0;9;0;0;0;
202000004240;154 734 764;B01;1;99;0;2;1;1;3;
202000004241;154 734 762;A01;1;7;13;0;1;1;1;
202000004242;154 734 761;A01;2;7;2;0;1;1;1;
202000004243;154 734 765;B01;1;7;0;2;1;26;0;
202000004243;154 734 767;A01;1;31;0;2;4;26;1;
202000004244;154 734 759;A01;0;7;1;0;2;0;0;
202000004244;154 734 760;B01;0;7;0;1;4;22;0;
202000004245;154 734 756;A01;2;7;0;2;5;26;1;
202000004245;154 734 757;B01;1;31;0;2;1;26;1;
202000004246;154 734 754;A01;2;7;0;2;2;1;1;
202000004246;154 734 755;B01;2;17;0;2;6;1;1;
202000004247;154 734 752;B01;1;7;0;2;1;1;1;
202000004247;154 734 753;A01;2;7;0;2;1;5;1;
202000004248;154 734 751;A01;2;17;0;2;2;12;1;
202000004248;154 734 758;B01;2;7;0;2;6;1;1;
202000004249;154 734 749;A01;2;32;0;2;1;13;1;
202000004249;154 734 750;B01;1;7;0;2;1;1;1;
202000004250;154 734 746;A01;1;7;0;0;6;1;0;
202000004250;154 734 747;B01;1;33;7;2;1;6;0;
202000004251;154 734 744;B01;1;7;0;2;3;2;1;
202000004251;154 734 748;A01;1;7;0;2;2;17;2;
202000004252;154 734 742;B01;1;7;0;2;4;23;1;
202000004252;154 734 743;A01;1;7;0;2;1;2;1;
202000004253;154 734 740;B01;2;7;0;2;5;1;1;
202000004253;154 734 741;A01;2;7;0;2;3;13;1;
202000004254;154 734 739;A01;2;7;3;2;1;1;1;
202000004255;154 734 738;A01;2;7;4;0;2;12;1;
202000004256;154 734 745;A01;1;7;0;0;2;2;1;
202000004257;154 734 737;A01;1;7;0;0;3;1;1;
202000004258;154 734 736;A01;1;7;4;0;1;14;1;
202000004259;154 734 733;A01;2;7;4;2;2;12;1;
202000004259;154 734 734;C01;2;7;0;2;6;1;1;
202000004259;154 734 735;B01;2;7;4;2;6;1;1;
202000004260;154 734 730;B01;1;34;1;0;0;1;1;
202000004260;154 734 732;A01;1;17;0;2;0;23;1;
202000004261;154 734 729;A01;3;33;0;2;8;1;1;
202000004262;154 734 727;B01;2;7;1;0;1;1;1;
202000004262;154 734 728;A01;2;7;0;2;4;23;1;
202000004263;154 734 725;B01;1;33;0;2;1;17;1;
202000004263;154 734 726;A01;1;7;0;2;4;15;1;
202000004264;154 734 731;A01;1;7;0;1;1;1;1;
202000004265;154 734 723;Z01;1;32;0;1;1;1;0;
202000004266;154 734 721;A01;1;7;0;2;1;1;1;
202000004266;154 734 722;B01;2;7;0;2;1;17;1;
202000004267;154 734 719;A01;1;7;0;2;2;15;1;
202000004267;154 734 720;B01;2;7;0;2;1;1;1;
202000004268;154 734 717;B01;2;7;0;2;3;1;1;
202000004268;154 734 718;A01;1;7;0;2;1;13;1;
202000004269;154 734 714;A01;3;36;13;0;1;1;1;
202000004270;154 734 715;B01;1;2;0;2;1;1;1;
202000004270;154 734 716;A01;2;7;0;2;8;15;1;
202000004271;154 734 713;A01;3;33;0;5;1;1;1;
202000004272;154 734 711;A01;3;7;0;2;1;2;1;
202000004272;154 734 712;B01;3;33;0;2;4;2;1;
202000004273;154 734 709;A01;2;7;0;2;3;1;1;
202000004273;154 734 710;B01;1;7;0;2;7;1;1;
202000004274;154 734 706;A01;3;7;0;2;1;1;1;
202000004274;154 734 708;B01;3;7;0;2;3;11;1;
202000004275;154 734 705;A01;2;7;0;2;2;1;1;
202000004275;154 734 707;B01;2;2;0;2;4;1;1;
202000004276;154 734 702;A01;2;7;0;2;1;2;1;
202000004276;154 734 703;B01;2;7;0;2;4;23;1;
202000004276;154 734 704;C01;2;7;0;2;4;23;1;
202000004277;154 734 701;A01;3;7;4;0;0;1;1;
202000004278;154 734 700;A01;1;33;1;0;0;1;1;
202000004279;154 734 698;A01;1;7;0;2;3;1;1;
202000004279;154 734 699;B01;2;50;0;2;1;1;3;
202000004280;154 734 697;A01;1;21;0;1;6;1;1;
202000004281;154 734 696;A01;1;34;0;2;7;21;1;
202000004282;154 734 694;B01;1;7;0;2;1;1;1;
202000004282;154 734 695;A01;2;10;0;2;8;19;1;
202000004283;154 734 692;B01;1;33;0;2;1;1;1;
202000004283;154 734 693;A01;1;10;0;2;7;15;1;
202000004284;154 734 691;A01;2;2;0;1;1;1;1;
202000004285;154 734 688;B01;1;7;0;2;1;0;1;
202000004285;154 734 690;A01;2;7;0;2;1;13;1;
202000004286;154 734 687;A01;1;7;0;2;1;13;1;
202000004286;154 734 689;B01;2;7;0;2;1;1;1;
202000004287;154 734 686;A01;1;7;4;0;1;21;1;
202000004288;154 734 682;B01;1;7;0;2;3;21;1;
202000004288;154 734 684;A01;1;7;0;2;2;0;1;
202000004289;154 734 681;A01;2;7;0;2;4;1;1;
202000004289;154 734 683;B01;2;7;0;2;1;2;1;
202000004289;154 734 685;C01;2;7;0;2;1;2;1;
202000004290;154 734 678;A01;2;7;6;0;3;11;1;
202000004291;154 734 679;A01;2;10;0;2;2;15;1;
202000004291;154 734 680;B01;1;34;0;2;1;1;1;
202000004292;154 734 677;A01;2;7;0;0;1;1;1;
202000004293;154 734 675;B01;1;33;0;2;3;9;0;
202000004293;154 734 676;A01;1;7;0;2;5;17;0;
202000004294;154 734 674;A01;1;17;0;0;0;13;1;
202000004295;154 734 672;B01;2;7;0;2;2;0;1;
202000004295;154 734 673;A01;2;7;0;2;3;0;1;
202000004296;154 734 670;A01;2;10;0;2;3;15;1;
202000004296;154 734 671;B01;1;2;0;2;1;1;1;
202000004297;154 734 668;B01;2;32;0;2;3;1;1;
202000004297;154 734 669;A01;1;7;0;2;3;15;1;
202000004298;154 734 667;A01;1;34;0;0;0;1;1;
202000004299;154 734 666;A01;3;7;0;1;7;26;1;
202000004300;154 734 664;B01;2;7;0;0;3;1;1;
202000004300;154 734 665;A01;1;7;0;2;3;0;1;
202000004301;154 734 663;A01;1;7;0;0;9;1;1;
202000004302;154 734 662;A01;2;7;0;0;9;21;1;
202000004303;154 734 659;B01;3;2;0;2;1;1;1;
202000004303;154 734 661;A01;3;7;0;2;1;13;1;
202000004304;154 734 660;A01;2;7;17;0;7;16;0;
202000004305;154 734 657;A01;0;2;0;0;0;0;0;
202000004306;154 734 654;A01;2;7;0;2;3;15;1;
202000004306;154 734 656;B01;2;33;0;2;1;1;1;
202000004307;154 734 653;A01;2;7;8;2;7;1;1;
202000004307;154 734 655;B01;1;7;0;2;1;19;1;
202000004308;154 734 651;A01;2;7;0;2;8;19;1;
202000004308;154 734 652;B01;1;7;0;2;1;1;1;
202000004309;154 734 647;B01;1;7;0;2;7;11;0;
202000004309;154 734 650;A01;1;32;0;2;1;1;0;
202000004310;154 734 648;B01;2;14;0;2;5;15;1;
202000004310;154 734 649;A01;2;33;0;2;4;17;1;
202000004311;154 734 646;A01;3;7;0;1;1;16;1;
202000004312;154 734 644;A01;3;31;0;2;1;1;1;
202000004312;154 734 645;B01;3;7;0;2;1;1;1;
202000004313;154 734 643;A01;2;31;0;1;1;1;1;
202000004314;154 734 642;A01;2;7;13;0;1;13;1;
202000004315;154 734 638;A01;3;2;0;2;7;2;1;
202000004315;154 734 640;B01;3;7;0;2;3;15;1;
202000004316;154 734 639;A01;1;7;0;2;2;1;1;
202000004316;154 734 641;B01;1;7;0;2;6;15;1;
202000004317;154 734 634;B01;3;33;0;2;1;2;1;
202000004317;154 734 636;A01;0;7;0;2;8;15;1;
202000004318;154 734 632;A01;1;2;0;0;1;17;1;
202000004318;154 734 633;B01;1;7;0;0;3;15;1;
202000004319;154 734 629;A01;1;80;0;2;3;2;3;
202000004319;154 734 631;Z01;1;7;0;9;1;9;0;
202000004320;154 734 630;A01;2;99;0;0;0;2;1;
202000004321;154 734 628;A01;1;10;1;0;3;1;1;
202000004322;154 734 627;A01;2;7;7;0;1;0;1;
202000004323;154 734 625;A01;1;2;0;4;8;15;1;
202000004323;154 734 626;B01;2;40;0;2;0;1;3;
202000004324;154 734 624;A01;3;7;0;9;1;1;1;
202000004325;154 734 623;A01;1;40;0;1;3;1;3;
202000004326;154 734 620;A01;1;7;1;1;1;5;1;
202000004326;154 734 622;B01;2;7;0;2;1;23;1;
202000004327;154 734 618;A01;1;7;0;0;0;1;1;
202000004328;154 734 619;B01;1;7;0;2;3;19;0;
202000004328;154 734 621;A01;2;7;0;2;1;21;0;
202000004329;154 734 617;A01;2;7;0;1;2;1;1;
202000004330;154 734 613;A01;2;7;8;2;3;9;1;
202000004330;154 734 615;B01;2;15;0;2;2;14;1;
202000004331;154 734 614;A01;3;7;0;2;8;6;1;
202000004331;154 734 616;B01;2;7;0;2;1;1;1;
202000004332;154 734 612;A01;1;33;15;0;1;1;1;
202000004333;154 734 611;A01;1;7;0;1;1;20;1;
202000004334;154 734 608;B01;0;7;0;2;8;0;1;
202000004334;154 734 610;A01;0;31;0;2;1;17;1;
202000004335;154 734 606;B01;3;1;0;2;3;14;5;
202000004335;154 734 607;A01;2;7;0;2;3;14;1;
202000004336;154 734 609;A01;3;36;0;0;3;0;1;
202000004337;154 734 604;A01;2;7;0;2;7;13;1;
202000004337;154 734 605;B01;1;7;0;2;1;1;2;
202000004338;154 734 601;A01;2;7;0;2;1;13;1;
202000004338;154 734 603;B01;1;7;0;2;1;1;1;
202000004339;154 734 600;B01;1;2;0;2;5;15;1;
202000004339;154 734 602;A01;1;7;0;2;2;1;1;
202000004340;154 734 597;A01;0;7;13;0;9;1;1;
202000004341;154 734 596;C01;1;7;0;2;4;2;1;
202000004341;154 734 598;A01;1;7;0;2;1;2;1;
202000004341;154 734 599;B01;1;7;0;2;4;2;1;
202000004342;154 734 592;B01;1;1;0;2;1;1;5;
202000004342;154 734 594;A01;1;7;0;2;1;9;1;
202000004343;154 734 593;B01;1;2;0;0;4;1;1;
202000004343;154 734 595;A01;1;7;0;2;1;1;1;
202000004344;154 734 591;A01;0;7;0;1;1;1;1;
202000004345;154 734 589;B01;1;7;0;2;1;1;1;
202000004345;154 734 590;A01;2;7;0;2;1;13;1;
202000004346;154 734 588;A01;1;40;0;1;2;1;3;
202000004347;154 734 586;A01;3;2;0;2;1;5;1;
202000004347;154 734 587;B01;3;7;0;2;1;1;1;
202000004348;154 734 585;A01;1;7;15;1;2;21;1;
202000004349;154 734 584;A01;2;7;6;0;1;26;1;
202000004350;154 734 582;B01;1;2;0;2;2;1;1;
202000004350;154 734 583;A01;2;7;0;2;3;9;1;
202000004351;154 734 580;B01;1;1;0;2;2;1;5;
202000004351;154 734 581;A01;1;7;0;2;1;1;1;
202000004352;154 734 579;A01;2;7;8;0;1;1;1;
202000004353;154 734 578;A01;3;1;0;0;0;1;5;
202000004354;154 734 577;A01;1;7;6;0;1;1;0;
202000004355;154 734 575;A01;2;1;0;1;1;17;5;
202000004356;154 734 574;B01;3;33;0;2;1;1;1;
202000004356;154 734 576;A01;3;7;0;2;6;10;1;
202000004357;154 734 573;A01;1;7;2;0;3;1;0;
202000004358;154 734 571;B01;3;7;0;2;3;11;1;
202000004358;154 734 572;A01;3;30;0;2;2;2;1;
202000004359;154 734 569;B01;1;2;0;2;1;17;1;
202000004359;154 734 570;A01;1;7;0;2;8;15;1;
202000004360;154 734 568;A01;1;7;0;1;3;26;1;
202000004361;154 734 566;A01;2;7;0;2;3;1;1;
202000004361;154 734 567;B01;2;10;0;2;2;16;1;
202000004362;154 734 564;B01;1;1;0;2;4;23;5;
202000004362;154 734 565;A01;1;37;0;2;1;1;1;1
202000004363;154 734 562;A01;2;33;0;2;1;13;1;
202000004363;154 734 563;B01;1;38;0;2;3;21;1;1
202000004364;154 734 560;B01;2;7;0;2;1;15;1;
202000004364;154 734 561;A01;1;32;0;2;1;1;1;
202000004365;154 734 558;B01;0;7;0;2;8;0;1;
202000004365;154 734 559;A01;0;7;0;2;2;1;1;
202000004366;154 734 557;A01;1;34;0;1;1;17;3;
202000004367;154 734 556;A01;2;7;0;1;1;1;1;
202000004368;154 734 555;A01;1;7;13;0;0;1;0;
202000004369;154 734 553;B01;0;33;0;2;4;1;1;
202000004369;154 734 554;A01;3;7;0;2;1;2;1;
202000004370;154 734 552;A01;2;33;3;0;8;13;1;
202000004371;154 734 551;A01;2;7;13;0;2;14;1;
202000004372;154 734 550;A01;1;7;11;0;0;1;1;
202000004373;154 734 548;B01;3;7;0;2;2;26;1;
202000004373;154 734 549;A01;3;30;0;2;1;1;1;
202000004374;154 734 546;A01;1;7;0;2;1;26;6;
202000004374;154 734 547;B01;1;7;0;2;0;9;0;
202000004375;154 734 543;C01;3;32;0;2;8;1;1;
202000004375;154 734 544;B01;3;33;0;2;8;1;0;
202000004375;154 734 545;A01;3;15;0;2;7;14;1;
202000004376;154 734 541;Z01;1;7;0;2;0;16;1;
202000004376;154 734 542;A01;0;7;0;1;8;1;1;
202000004377;154 734 539;A01;1;50;0;2;1;10;3;
202000004377;154 734 540;B01;1;7;0;2;3;17;1;
202000004378;154 734 538;Z01;1;2;0;1;1;25;1;
202000004379;154 734 536;A01;1;33;8;2;6;2;1;
202000004379;154 734 537;B01;1;34;0;2;2;12;1;
202000004380;154 734 534;A01;2;33;0;2;3;1;1;
202000004380;154 734 535;B01;2;1;0;2;1;13;5;
202000004381;154 734 532;A01;2;7;0;2;1;1;1;
202000004381;154 734 533;B01;2;32;0;2;4;23;1;
202000004382;154 734 531;A01;2;50;1;0;1;1;3;
202000004383;154 734 529;A01;2;1;0;2;1;19;5;
202000004383;154 734 530;Z01;1;30;0;2;1;1;1;
202000004384;154 734 528;A01;1;43;0;1;2;1;1;
202000004385;154 734 526;A01;1;7;0;2;3;15;1;
202000004385;154 734 527;B01;2;33;0;2;3;1;1;
202000004386;154 734 524;B01;1;32;0;2;1;1;3;
202000004386;154 734 525;A01;1;10;0;2;2;15;1;
202000004387;154 734 523;A01;1;10;1;0;3;1;1;
202000004388;154 734 522;A01;3;32;14;0;0;14;1;
202000004389;154 734 520;A01;1;33;0;2;1;2;1;
202000004389;154 734 521;Z01;1;7;0;0;4;1;0;
202000004390;154 734 518;B01;1;2;0;2;2;16;3;
202000004390;154 734 519;A01;1;7;0;2;8;15;1;
202000004391;154 734 517;A01;2;7;0;1;1;1;1;
202000004392;154 734 515;A01;1;7;0;2;8;22;2;
202000004392;154 734 516;B01;1;1;0;2;7;17;5;
202000004393;154 734 514;A01;2;7;1;0;3;13;1;
202000004394;154 734 513;A01;2;80;0;0;0;15;3;
202000004395;154 734 511;A01;2;7;0;2;2;17;0;
202000004395;154 734 512;B01;2;50;0;2;3;13;3;
202000004396;154 734 509;A01;3;10;0;2;3;13;1;
202000004396;154 734 510;B01;3;2;0;2;2;3;1;
202000004397;154 734 507;B01;1;1;0;2;8;1;5;
202000004397;154 734 508;A01;1;99;0;9;5;1;6;
202000004398;154 734 505;A01;1;7;0;0;4;0;1;
202000004398;154 734 506;B01;1;2;0;2;1;0;1;
202000004399;154 734 503;B01;3;10;0;2;1;1;1;
202000004399;154 734 504;A01;3;1;0;2;7;19;5;
202000004400;154 734 502;A01;1;7;0;1;1;19;1;
202000004401;154 734 500;A01;2;7;0;2;3;0;1;
202000004401;154 734 501;B01;2;32;0;2;1;1;3;
202000004402;154 734 498;A01;2;7;0;2;3;13;1;
202000004402;154 734 499;B01;2;2;0;2;7;17;3;
202000004403;154 734 496;A01;0;30;0;0;1;0;1;
202000004403;154 734 497;B01;0;37;0;2;8;15;1;1
202000004404;154 734 494;B01;2;2;0;0;4;1;1;
202000004404;154 734 495;Z01;2;10;0;0;0;0;0;
202000004405;154 734 492;A01;2;10;0;2;3;15;1;
202000004405;154 734 493;B01;2;31;0;2;1;19;1;
202000004406;154 734 490;B01;1;7;0;2;4;23;0;
202000004406;154 734 491;A01;1;33;0;2;1;1;0;
202000004407;154 734 488;B01;-1;37;0;2;4;0;0;1
202000004407;154 734 489;A01;-1;10;0;2;1;2;1;
202000004408;154 734 486;B01;3;7;0;2;3;1;1;
202000004408;154 734 487;A01;3;2;0;2;3;13;1;
202000004409;154 734 484;B01;1;32;0;2;2;16;1;
202000004409;154 734 485;A01;1;7;0;2;6;1;1;
202000004410;154 734 483;A01;2;1;8;0;7;26;5;
202000004411;154 734 481;B01;0;7;0;2;3;2;1;
202000004411;154 734 482;A01;1;7;8;2;2;15;1;
202000004412;154 734 480;A01;2;7;0;1;1;15;1;
202000004413;154 734 478;B01;1;10;0;2;4;1;0;
202000004413;154 734 479;A01;1;7;0;2;1;0;0;
202000004414;154 734 476;A01;2;7;0;2;2;2;1;
202000004414;154 734 477;B01;2;7;0;0;6;2;1;
202000004415;154 734 475;A01;1;7;4;0;1;1;6;
202000004416;154 734 469;A01;1;7;3;0;1;0;1;
202000004417;154 734 467;A01;2;7;0;2;1;19;1;
202000004417;154 734 468;B01;2;7;0;2;3;1;1;
202000004418;154 734 466;A01;1;7;0;0;3;1;1;
202000004419;154 734 464;B01;2;17;0;0;4;24;1;
202000004419;154 734 465;A01;2;7;1;0;1;2;1;
202000004420;154 734 462;B01;2;33;0;2;5;9;1;
202000004420;154 734 463;A01;1;7;0;2;1;26;1;
202000004421;154 734 461;A01;1;0;0;1;1;1;0;
202000004422;154 734 459;B01;0;99;0;2;1;1;-1;
202000004422;154 734 460;A01;0;30;0;2;4;1;-1;
202000004423;154 734 457;B01;1;2;0;2;1;11;1;
202000004423;154 734 458;A01;2;7;0;2;4;26;1;
202000004424;154 734 455;B01;3;1;0;2;1;5;5;
202000004424;154 734 456;A01;3;7;0;2;1;16;1;
202000004425;154 734 454;A01;1;7;4;0;1;0;1;
202000004426;154 734 453;A01;2;37;0;1;7;1;1;1
202000004427;154 734 450;A01;1;7;0;2;3;2;1;
202000004427;154 734 451;B01;1;30;0;2;4;2;1;
202000004427;154 734 452;C01;2;7;0;2;1;5;1;
202000004428;154 734 449;A01;3;50;0;0;0;1;3;
202000004429;154 734 448;A01;2;7;0;1;1;1;1;
202000004430;154 734 447;A01;2;7;0;1;2;1;0;
202000004431;154 734 446;A01;0;7;0;1;1;1;1;
202000004432;154 734 444;A01;1;1;0;0;0;1;5;
202000004433;154 734 442;A01;2;7;0;2;3;1;1;
202000004433;154 734 443;B01;1;1;0;2;1;1;5;
202000004434;154 734 441;A01;2;7;2;0;1;14;0;
202000004435;154 734 440;A01;1;7;8;0;7;19;1;
202000004436;154 734 438;A01;1;34;1;2;1;17;1;
202000004436;154 734 439;B01;1;7;0;2;3;16;1;
202000004437;154 734 433;B01;3;7;0;2;1;1;1;
202000004437;154 734 434;A01;1;7;1;2;5;1;1;
202000004438;154 734 431;A01;3;7;0;1;7;21;1;
202000004439;154 734 429;A01;1;7;0;2;2;16;1;
202000004439;154 734 430;B01;1;1;0;2;8;1;5;
202000004440;154 734 428;A01;0;7;2;0;9;1;1;
202000004441;154 734 426;B01;3;1;0;2;7;19;0;
202000004441;154 734 427;A01;2;7;0;9;0;0;1;
202000004442;154 734 424;A01;2;7;0;2;1;1;1;
202000004442;154 734 425;B01;3;7;0;2;7;10;1;
202000004443;154 734 423;A01;1;10;0;1;4;4;1;
202000004444;154 734 422;A01;2;7;0;1;1;26;1;
202000004445;154 734 421;A01;1;7;0;1;1;26;0;
202000004446;154 734 419;Z01;3;33;0;2;0;0;0;
202000004446;154 734 420;A01;1;32;0;2;7;2;1;
202000004447;154 734 418;A01;3;7;0;1;1;1;1;
202000004448;154 734 417;A01;1;7;0;1;2;1;1;
202000004449;154 734 415;A01;0;7;0;2;1;1;1;
202000004449;154 734 416;B01;0;7;0;2;0;17;1;
202000004450;154 734 413;A01;3;7;0;2;3;16;1;
202000004450;154 734 414;B01;3;7;0;2;3;1;1;
202000004451;154 734 409;B01;3;31;0;2;1;1;1;
202000004451;154 734 410;A01;3;10;0;2;4;23;1;
202000004452;154 734 407;A01;1;1;0;2;1;1;5;
202000004452;154 734 408;B01;1;10;0;9;2;19;1;
202000004453;154 734 405;B01;0;10;0;2;1;0;0;
202000004453;154 734 406;A01;0;10;0;2;2;9;1;
202000004454;154 734 403;B01;1;1;0;2;1;1;5;
202000004454;154 734 404;A01;1;7;0;2;3;20;1;
202000004455;154 734 401;B01;1;7;0;9;1;23;0;
202000004455;154 734 402;A01;1;1;1;0;1;16;5;
202000004456;154 734 396;A01;1;7;0;2;1;1;1;
202000004456;154 734 397;B01;1;7;0;2;3;1;1;
202000004456;154 734 398;C01;1;7;0;2;1;1;1;
202000004456;154 734 399;D01;1;7;0;2;1;1;1;
202000004457;154 734 395;A01;3;32;0;0;7;1;1;
202000004458;154 734 393;B01;1;37;0;-1;7;1;1;1
202000004458;154 734 394;A01;2;40;0;2;1;1;3;
202000004459;154 734 392;A01;1;33;7;0;1;13;6;
202000004460;154 734 391;A01;0;7;1;1;1;1;1;
202000004461;154 734 390;A01;1;7;0;1;2;1;1;
202000004462;154 734 388;A01;1;7;0;2;8;26;1;
202000004462;154 734 389;B01;2;30;0;2;1;1;1;
202000004463;154 734 385;A01;2;7;14;0;1;2;1;
202000004463;154 734 386;B01;2;37;0;2;6;24;1;2
202000004464;154 734 383;A01;2;32;0;1;3;19;0;
202000004465;154 734 381;A01;1;7;12;2;1;1;1;
202000004465;154 734 382;B01;1;7;0;2;1;1;1;
202000004466;154 734 379;A01;1;7;0;2;3;1;1;
202000004466;154 734 380;B01;1;1;0;2;4;1;5;
202000004467;154 734 377;A01;0;7;1;0;9;26;1;
202000004467;154 734 378;C01;1;7;1;0;6;0;1;
202000004468;154 734 375;A01;1;7;0;2;3;1;1;
202000004468;154 734 376;B01;1;7;0;2;2;1;1;
202000004469;154 734 373;B01;1;99;0;2;2;1;1;
202000004469;154 734 374;A01;1;99;0;2;3;19;1;
202000004470;154 734 372;A01;2;7;10;0;1;13;1;
202000004471;154 734 370;A01;1;7;0;2;2;12;1;
202000004471;154 734 371;B01;1;1;0;2;3;1;5;
202000004472;154 734 369;A01;2;7;0;1;3;1;1;
202000004473;154 734 368;A01;3;3;0;1;4;20;3;
202000004474;154 734 367;Z01;1;7;0;1;1;19;1;
202000004475;154 734 365;B01;2;2;0;2;8;13;1;
202000004475;154 734 366;A01;1;7;0;0;3;1;1;
202000004476;154 734 364;A01;0;7;6;1;1;26;1;
202000004477;154 734 363;A01;0;7;0;1;2;1;1;
202000004478;154 734 361;A01;2;1;0;2;1;3;1;
202000004478;154 734 362;B01;2;7;0;2;0;12;1;
202000004479;154 734 359;B01;0;7;0;0;1;2;1;
202000004479;154 734 360;A01;0;7;0;0;1;2;1;
202000004480;154 734 358;A01;1;7;0;1;1;9;1;
202000004481;154 734 356;B01;2;7;0;2;6;1;1;
202000004481;154 734 357;A01;1;2;0;2;1;1;1;
202000004482;154 734 354;B01;2;7;0;2;4;2;1;
202000004482;154 734 355;A01;2;7;0;2;1;2;1;
202000004483;154 734 353;A01;1;10;0;1;1;9;1;
202000004484;154 734 352;A01;3;30;0;0;0;14;1;
202000004485;154 734 349;A01;0;7;0;2;1;1;1;
202000004485;154 734 350;B01;3;2;0;2;9;1;1;
202000004485;154 734 351;C01;3;7;0;2;4;1;1;
202000004486;154 734 348;A01;2;30;1;2;0;21;1;
202000004487;154 734 346;A01;3;7;0;9;2;16;1;
202000004487;154 734 347;B01;0;1;0;2;1;0;0;
202000004488;154 734 344;A01;1;7;0;0;0;0;0;
202000004488;154 734 345;B01;2;33;0;0;0;0;0;
202000004489;154 734 342;A01;1;7;0;2;3;11;1;
202000004489;154 734 343;B01;1;2;0;2;1;1;1;
202000004490;154 734 340;B01;3;7;0;2;1;2;1;
202000004490;154 734 341;A01;3;7;0;2;4;2;1;
202000004491;154 734 338;B01;3;1;0;2;1;15;5;
202000004491;154 734 339;A01;3;7;0;9;1;26;0;
202000004492;154 734 336;A01;1;7;0;2;1;1;1;
202000004492;154 734 337;B01;3;7;0;2;8;15;1;
202000004493;154 734 335;Z01;1;30;0;1;1;18;0;
202000004494;154 734 333;A01;1;2;0;2;6;9;1;
202000004494;154 734 334;B01;1;7;0;2;3;1;0;
202000004495;154 734 332;A01;1;32;0;0;0;0;1;
202000004496;154 734 331;A01;0;7;0;1;4;4;1;
202000004497;154 734 329;A01;1;30;0;2;6;14;1;
202000004497;154 734 330;B01;2;10;0;2;6;1;1;
202000004498;154 734 327;A01;3;7;0;2;1;2;1;
202000004498;154 734 328;B01;3;7;0;2;4;2;1;
202000004499;154 734 326;A01;3;7;13;0;1;19;1;