num_acc;id_vehicule;num_veh;senc;catv;obs;obsm;choc;manv;motor;occutc
202000004500;154 734 325;A01;0;10;0;1;6;1;1;
202000004501;154 734 323;A01;3;7;0;1;3;1;1;
202000004502;154 734 321;B01;1;7;0;2;3;15;1;
202000004502;154 734 322;A01;2;7;0;2;1;13;1;
202000004503;154 734 320;A01;3;7;0;1;6;26;1;
202000004504;154 734 318;A01;1;7;0;2;1;1;1;
202000004504;154 734 319;B01;1;7;6;2;8;1;1;
202000004505;154 734 316;A01;2;33;0;2;1;19;1;
202000004505;154 734 317;B01;2;7;0;2;7;1;1;
202000004506;154 734 314;B01;1;31;0;2;1;2;1;
202000004506;154 734 315;A01;1;7;0;2;2;1;1;
202000004507;154 734 312;A01;1;1;0;2;8;19;5;
202000004507;154 734 313;B01;1;7;0;2;1;1;1;
202000004508;154 734 311;A01;1;7;0;1;1;1;1;
202000004509;154 734 309;B01;3;1;0;2;1;1;5;
202000004509;154 734 310;A01;3;7;0;9;8;0;1;
202000004510;154 734 308;A01;1;7;0;1;0;1;1;
202000004511;154 734 307;A01;0;7;0;1;1;16;1;
202000004512;154 734 305;A01;2;7;0;2;3;13;1;
202000004512;154 734 306;B01;1;7;0;2;3;1;1;
202000004513;154 734 303;A01;1;7;0;2;3;19;1;
202000004513;154 734 304;B01;2;7;0;2;3;1;1;
202000004514;154 734 302;A01;1;7;0;0;1;26;0;
202000004515;154 734 299;C01;2;7;0;2;3;1;1;
202000004515;154 734 300;B01;2;7;0;2;2;15;1;
202000004515;154 734 301;Z01;2;7;0;2;1;1;1;
202000004516;154 734 297;B01;2;1;0;2;7;2;5;
202000004516;154 734 298;A01;2;1;0;2;8;2;5;
202000004517;154 734 296;A01;1;7;0;1;1;15;1;
202000004518;154 734 295;A01;1;10;0;1;1;15;1;
202000004519;154 734 293;A01;0;7;9;0;0;1;0;
202000004519;154 734 294;B01;3;7;0;0;0;0;0;
202000004520;154 734 292;A01;0;30;15;0;1;0;1;
202000004521;154 734 290;A01;3;7;0;2;2;26;1;
202000004521;154 734 291;B01;0;7;0;0;0;0;1;
202000004522;154 734 289;A01;2;30;0;1;1;1;1;
202000004523;154 734 288;A01;2;7;0;1;3;1;1;
202000004524;154 734 287;A01;3;10;0;1;2;1;0;
202000004525;154 734 285;B01;1;7;0;2;4;23;1;
202000004525;154 734 286;A01;1;31;0;2;1;2;1;
202000004526;154 734 284;A01;2;7;15;0;1;1;1;
202000004527;154 734 283;A01;1;7;0;1;1;1;0;
202000004528;154 734 281;B01;3;7;0;2;7;15;1;
202000004528;154 734 282;A01;0;33;0;2;8;26;1;
202000004529;154 734 280;Z01;3;7;0;1;0;15;1;
202000004530;154 734 279;Z01;3;32;0;1;1;25;1;
202000004531;154 734 277;B01;1;7;0;0;0;0;1;
202000004531;154 734 278;A01;1;7;0;0;0;26;1;
202000004532;154 734 276;A01;1;7;6;0;7;14;1;
202000004533;154 734 275;A01;3;7;0;1;1;26;1;
202000004534;154 734 274;A01;2;33;0;2;3;2;1;
202000004535;154 734 272;A01;-1;17;0;2;5;1;1;
202000004535;154 734 273;B01;-1;1;0;2;0;19;5;
202000004536;154 734 270;A01;1;10;0;2;3;1;-1;
202000004536;154 734 271;B01;2;33;0;2;1;1;-1;
202000004537;154 734 268;A01;0;7;0;2;1;2;1;
202000004537;154 734 269;B01;0;7;0;4;4;1;1;
202000004538;154 734 266;B01;1;33;0;2;4;1;1;
202000004538;154 734 267;A01;1;7;0;2;1;2;1;
202000004539;154 734 264;A01;1;7;0;2;1;1;1;
202000004539;154 734 265;B01;2;7;0;2;3;1;1;
202000004540;154 734 261;A01;1;10;0;2;1;1;1;
202000004540;154 734 262;B01;1;7;0;2;4;2;1;
202000004540;154 734 263;C01;1;7;0;2;4;0;0;
202000004541;154 734 260;A01;1;7;0;1;1;1;1;
202000004542;154 734 259;A01;2;7;0;1;1;15;1;
202000004543;154 734 258;A01;1;1;0;1;0;0;5;
202000004544;154 734 256;B01;2;2;0;2;1;1;1;
202000004544;154 734 257;A01;0;14;0;2;0;0;0;
202000004545;154 734 255;A01;1;7;0;1;1;15;1;
202000004546;154 734 253;B01;2;7;0;2;1;1;1;
202000004546;154 734 254;A01;1;7;0;2;1;13;1;
202000004547;154 734 251;A01;2;30;0;9;8;1;1;
202000004547;154 734 252;B01;1;7;0;2;6;1;1;
202000004548;154 734 249;B01;1;7;0;2;3;1;1;
202000004548;154 734 250;A01;2;7;0;2;3;13;1;
202000004549;154 734 248;A01;1;7;4;0;3;1;1;
202000004550;154 734 247;A01;1;7;0;1;1;1;1;
202000004551;154 734 246;B01;0;7;0;1;1;9;1;
202000004552;154 734 245;A01;2;7;4;0;1;1;1;
202000004553;154 734 243;B01;2;7;0;2;2;9;1;
202000004553;154 734 244;A01;2;7;0;2;3;19;1;
202000004554;154 734 242;Z01;0;7;0;1;1;2;0;
202000004555;154 734 241;A01;3;7;0;1;1;1;1;
202000004556;154 734 239;B01;2;30;0;2;8;1;1;
202000004556;154 734 240;A01;2;7;0;2;7;17;1;
202000004557;154 734 237;A01;3;7;0;1;2;21;1;
202000004558;154 734 235;A01;2;7;0;2;3;10;1;
202000004558;154 734 236;B01;2;31;0;2;1;17;1;
202000004559;154 734 234;A01;1;3;0;1;1;15;0;
202000004560;154 734 232;A01;1;7;0;2;2;15;1;
202000004560;154 734 233;B01;2;31;0;2;5;1;1;
202000004561;154 734 229;A01;2;7;0;1;8;1;1;
202000004562;154 734 228;A01;3;0;0;1;4;4;0;
202000004563;154 734 226;A01;2;7;2;1;1;1;1;
202000004563;154 734 227;B01;2;7;0;2;4;1;1;
202000004564;154 734 223;B01;1;1;0;1;3;16;5;
202000004564;154 734 224;A01;1;7;16;0;7;16;1;
202000004565;154 734 222;A01;1;7;2;0;1;14;1;
202000004566;154 734 219;A01;2;7;6;0;1;13;1;
202000004567;154 734 218;Z01;2;7;0;1;1;1;1;
202000004568;154 734 216;A01;3;2;0;2;4;2;1;
202000004568;154 734 217;Z01;3;7;0;2;1;2;1;
202000004569;154 734 213;A01;3;7;0;2;3;1;1;
202000004569;154 734 214;B01;3;7;0;2;1;1;1;
202000004569;154 734 215;C01;3;7;0;2;3;1;1;
202000004570;154 734 210;A01;3;7;0;1;1;1;1;
202000004571;154 734 209;A01;0;7;0;1;1;0;1;
202000004572;154 734 207;A01;1;7;0;2;3;19;0;
202000004572;154 734 208;B01;1;10;0;2;1;1;0;
202000004573;154 734 206;A01;3;37;0;1;2;9;6;1
202000004574;154 734 202;A01;3;30;0;2;1;17;1;
202000004574;154 734 203;B01;0;7;0;0;0;0;0;
202000004575;154 734 200;B01;2;7;0;2;1;23;0;
202000004575;154 734 201;A01;1;7;0;2;1;13;0;
202000004576;154 734 199;A01;0;7;8;0;2;2;1;
202000004577;154 734 197;A01;2;7;0;2;1;15;1;
202000004577;154 734 198;B01;1;7;0;0;0;0;1;
202000004578;154 734 196;A01;2;10;8;0;1;14;1;
202000004579;154 734 195;A01;1;50;16;0;0;1;3;
202000004580;154 734 194;A01;2;7;3;0;1;16;1;
202000004581;154 734 192;A01;2;37;1;0;1;9;1;3
202000004581;154 734 193;B01;2;21;0;2;4;2;1;
202000004582;154 734 191;A01;0;30;1;0;3;13;1;
202000004583;154 734 190;A01;2;37;0;1;3;15;1;1
202000004584;154 734 189;A01;0;7;0;1;1;15;1;
202000004585;154 734 188;A01;0;7;0;0;9;1;1;
202000004586;154 734 186;A01;2;7;0;2;1;2;1;
202000004586;154 734 187;B01;2;7;4;9;4;2;1;
202000004587;154 734 185;A01;3;2;0;1;1;1;1;
202000004588;154 734 183;A01;0;7;0;2;1;9;1;
202000004588;154 734 184;B01;0;1;0;2;4;1;5;
202000004589;154 734 181;B01;2;7;0;2;8;15;1;
202000004589;154 734 182;A01;2;30;0;2;1;17;1;
202000004590;154 734 180;A01;3;7;0;1;2;1;1;
202000004591;154 734 179;A01;0;7;0;1;1;1;1;
202000004592;154 734 177;B01;1;2;0;2;1;1;1;
202000004592;154 734 178;A01;1;7;0;2;2;16;1;
202000004593;154 734 176;A01;1;1;0;1;1;1;5;
202000004594;154 734 174;A01;3;7;0;2;4;15;1;
202000004594;154 734 175;B01;3;7;0;2;1;15;1;
202000004595;154 734 173;A01;2;7;0;1;2;1;6;
202000004596;154 734 169;Z01;2;14;0;2;0;0;0;
202000004596;154 734 170;B01;2;7;0;2;6;1;1;
202000004597;154 734 168;A01;1;10;0;1;1;0;1;
202000004598;154 734 166;A01;3;7;0;2;9;1;1;
202000004598;154 734 167;B01;3;7;0;2;1;16;1;
202000004599;154 734 165;A01;2;37;0;1;2;9;1;1
202000004600;154 734 163;B01;2;7;0;2;4;15;1;
202000004600;154 734 164;A01;2;7;0;2;1;1;1;
202000004601;154 734 162;A01;1;7;0;1;2;1;1;
202000004602;154 734 160;A01;3;1;0;2;1;1;5;
202000004602;154 734 161;B01;3;7;0;2;4;2;1;
202000004603;154 734 158;A01;1;34;0;2;1;5;1;
202000004603;154 734 159;B01;2;7;0;2;3;1;1;
202000004604;154 734 157;A01;0;31;0;0;7;13;1;
202000004605;154 734 155;B01;1;2;0;2;8;1;1;
202000004605;154 734 156;A01;1;7;0;2;1;15;1;
202000004606;154 734 154;A01;2;7;0;1;3;15;1;
202000004607;154 734 152;A01;1;7;0;2;3;19;1;
202000004607;154 734 153;B01;2;31;0;2;0;1;1;
202000004608;154 734 150;B01;3;2;0;2;8;1;0;
202000004608;154 734 151;A01;2;7;0;2;2;1;1;
202000004609;154 734 149;A01;1;7;1;0;2;21;1;
202000004610;154 734 147;B01;0;10;0;0;3;1;1;
202000004610;154 734 148;A01;3;1;0;2;1;16;5;
202000004611;154 734 145;A01;1;7;0;2;3;15;1;
202000004611;154 734 146;B01;2;31;0;2;1;1;1;
202000004612;154 734 143;A01;3;33;0;2;7;1;1;
202000004612;154 734 144;B01;3;7;0;2;1;15;1;
202000004613;154 734 139;A01;1;10;0;2;3;9;1;
202000004613;154 734 140;B01;1;50;0;2;1;1;3;
202000004614;154 734 138;A01;2;7;0;1;1;15;1;
202000004615;154 734 137;A01;1;7;4;0;1;1;1;
202000004616;154 734 135;Z01;1;7;0;2;1;15;1;
202000004616;154 734 136;B01;2;1;0;2;8;1;5;
202000004617;154 734 133;A01;1;7;0;2;3;15;1;
202000004617;154 734 134;B01;1;1;0;2;1;1;5;
202000004618;154 734 132;A01;3;30;14;0;2;9;1;
202000004619;154 734 131;A01;3;2;14;0;2;16;1;
202000004620;154 734 128;C01;1;7;0;2;4;23;2;
202000004620;154 734 129;B01;1;7;0;2;4;23;1;
202000004620;154 734 130;A01;1;7;0;2;1;2;1;
202000004621;154 734 126;A01;3;7;0;0;0;0;0;
202000004621;154 734 127;B01;2;30;0;2;4;1;1;
202000004622;154 734 125;A01;2;17;0;1;2;1;1;
202000004623;154 734 123;B01;1;31;0;2;1;1;1;
202000004623;154 734 124;A01;1;10;0;2;2;19;1;
202000004624;154 734 122;A01;1;7;6;0;8;26;1;
202000004625;154 734 121;A01;1;7;0;1;7;1;1;
202000004626;154 734 119;B01;2;7;0;2;1;1;1;
202000004626;154 734 120;A01;3;7;0;2;8;1;1;
202000004627;154 734 118;A01;1;7;13;0;1;1;1;
202000004628;154 734 116;A01;1;7;0;2;1;1;1;
202000004628;154 734 117;B01;1;1;0;2;1;1;5;
202000004629;154 734 114;A01;1;33;0;2;8;17;1;
202000004629;154 734 115;B01;2;7;0;2;8;1;1;
202000004630;154 734 113;A01;1;7;0;1;3;15;1;
202000004631;154 734 111;A01;2;7;0;2;3;15;1;
202000004631;154 734 112;B01;1;7;0;2;3;1;3;
202000004632;154 734 109;A01;2;7;0;2;4;1;1;
202000004632;154 734 110;B01;2;7;0;2;1;1;1;
202000004633;154 734 107;A01;1;7;0;2;6;15;1;
202000004633;154 734 108;B01;1;1;0;2;1;15;5;
202000004634;154 734 105;B01;3;99;0;2;3;1;3;
202000004634;154 734 106;A01;3;7;0;2;0;1;1;
202000004635;154 734 102;A01;2;7;0;2;1;1;1;
202000004635;154 734 103;C01;2;7;0;2;4;1;1;
202000004635;154 734 104;B01;2;7;3;2;1;1;1;
202000004636;154 734 100;B01;1;7;0;2;5;15;1;
202000004636;154 734 101;A01;2;50;0;2;2;1;3;
202000004637;154 734 098;A01;2;30;0;2;1;5;0;
202000004637;154 734 099;B01;2;7;0;2;7;1;1;
202000004638;154 734 097;A01;0;7;1;0;2;1;1;
202000004639;154 734 095;B01;2;1;0;2;8;0;5;
202000004639;154 734 096;A01;2;1;0;2;0;2;5;
202000004640;154 734 092;A01;1;7;0;2;4;1;1;
202000004640;154 734 093;Z01;1;7;0;0;0;0;0;
202000004640;154 734 094;B01;1;7;0;2;8;1;1;
202000004641;154 734 090;A01;1;7;0;2;2;1;1;
202000004641;154 734 091;B01;1;7;0;2;6;11;1;
202000004642;154 734 089;A01;1;7;13;0;2;13;1;
202000004643;154 734 087;B01;1;33;0;2;1;2;1;
202000004643;154 734 088;A01;1;7;0;2;2;15;1;
202000004644;154 734 085;A01;3;7;0;2;0;0;0;
202000004644;154 734 086;B01;3;33;0;2;1;1;1;
202000004645;154 734 083;A01;1;7;0;2;3;19;1;
202000004645;154 734 084;B01;1;2;0;2;1;1;1;
202000004646;154 734 080;B01;3;1;0;2;4;1;5;
202000004646;154 734 081;A01;3;7;0;2;3;9;1;
202000004647;154 734 077;B01;1;10;0;2;4;2;1;
202000004647;154 734 078;A01;1;10;0;2;1;2;1;
202000004647;154 734 079;C01;1;7;0;2;4;2;1;
202000004648;154 734 075;B01;1;33;0;2;7;1;0;
202000004648;154 734 076;A01;1;10;0;2;6;10;1;
202000004649;154 734 073;B01;3;7;9;2;2;1;0;
202000004649;154 734 074;A01;3;7;9;2;3;15;0;
202000004650;154 734 070;A01;1;7;0;2;1;2;1;
202000004650;154 734 071;B01;1;7;0;2;1;1;1;
202000004650;154 734 072;C01;1;10;0;2;1;16;1;
202000004651;154 734 069;A01;0;7;0;1;1;1;1;
202000004652;154 734 067;A01;1;30;0;2;2;3;1;
202000004652;154 734 068;B01;2;7;0;2;3;9;1;
202000004653;154 734 065;A01;0;7;0;0;0;0;1;
202000004653;154 734 066;B01;1;33;0;2;1;1;1;
202000004654;154 734 064;A01;2;7;4;0;3;13;1;
202000004655;154 734 062;A01;2;33;0;2;3;1;1;
202000004655;154 734 063;B01;2;7;0;2;5;12;1;
202000004656;154 734 060;A01;2;7;0;2;2;15;1;
202000004656;154 734 061;B01;1;32;0;2;1;1;1;
202000004657;154 734 058;B01;2;33;0;2;1;1;1;
202000004657;154 734 059;A01;1;7;0;2;5;15;2;
202000004658;154 734 057;A01;1;7;0;1;2;1;1;
202000004659;154 734 055;A01;1;30;0;2;1;2;1;
202000004659;154 734 056;B01;1;7;0;2;6;23;1;
202000004660;154 734 053;A01;1;7;0;2;6;15;1;
202000004660;154 734 054;B01;1;30;0;2;1;1;1;
202000004661;154 734 052;A01;1;33;14;0;1;13;1;
202000004662;154 734 049;A01;2;50;0;2;2;18;3;
202000004662;154 734 050;B01;2;7;0;2;6;24;2;
202000004662;154 734 051;C01;2;7;0;2;2;23;3;
202000004663;154 734 048;A01;1;1;0;1;1;1;5;
202000004664;154 734 047;A01;2;80;0;0;0;1;3;
202000004665;154 734 045;B01;2;1;0;2;0;1;5;
202000004665;154 734 046;A01;2;7;0;2;3;1;1;
202000004666;154 734 044;A01;1;37;0;1;2;15;0;1
202000004667;154 734 043;A01;3;7;0;1;3;15;1;
202000004668;154 734 041;A01;1;32;0;2;6;1;1;
202000004668;154 734 042;B01;2;7;0;2;3;15;1;
202000004669;154 734 039;B01;2;2;0;2;1;1;1;
202000004669;154 734 040;A01;2;7;0;2;0;15;1;
202000004670;154 734 038;A01;2;7;0;1;1;1;1;
202000004671;154 734 036;B01;2;33;0;2;1;1;1;
202000004671;154 734 037;A01;2;10;0;2;3;15;1;
202000004672;154 734 034;A01;1;7;0;2;7;1;0;
202000004672;154 734 035;B01;1;7;0;2;2;1;0;
202000004673;154 734 032;B01;1;7;0;9;3;1;1;
202000004673;154 734 033;A01;1;1;0;2;1;19;5;
202000004674;154 734 030;A01;1;10;0;2;8;1;1;
202000004674;154 734 031;B01;1;10;0;2;1;15;1;
202000004675;154 734 028;A01;-1;7;0;2;1;1;1;
202000004675;154 734 029;B01;3;42;0;2;2;1;1;
202000004676;154 734 026;A01;2;3;0;2;1;26;0;
202000004676;154 734 027;B01;2;33;0;2;4;26;0;
202000004677;154 734 025;A01;1;60;0;0;3;1;5;
202000004678;154 734 024;A01;2;30;0;0;8;1;1;
202000004679;154 734 022;B01;1;7;0;1;1;1;1;
202000004679;154 734 023;A01;1;7;0;1;1;1;1;
202000004680;154 734 020;B01;1;50;0;2;1;2;3;
202000004680;154 734 021;A01;1;10;1;2;1;16;1;
202000004681;154 734 019;A01;1;10;2;1;6;4;1;
202000004682;154 734 017;B01;1;15;0;0;3;1;0;
202000004682;154 734 018;A01;2;7;0;2;3;1;6;
202000004683;154 734 015;B01;1;7;0;2;1;1;1;
202000004683;154 734 016;A01;2;7;0;2;1;13;0;
202000004684;154 734 013;B01;2;7;0;2;3;1;1;
202000004684;154 734 014;C01;1;7;0;2;3;13;1;
202000004685;154 734 012;A01;0;7;6;0;1;0;2;
202000004686;154 734 011;A01;1;7;2;0;2;0;1;
202000004687;154 734 010;A01;1;7;6;0;2;1;1;
202000004688;154 734 008;A01;1;17;1;0;2;14;1;
202000004688;154 734 009;B01;1;7;0;0;4;24;1;
202000004689;154 734 006;A01;2;7;0;2;1;2;1;
202000004689;154 734 007;B01;2;7;0;0;6;2;1;
202000004690;154 734 005;A01;1;7;2;0;7;1;1;
202000004691;154 734 004;A01;1;2;0;0;0;1;1;
202000004692;154 734 003;A01;2;7;2;0;1;21;0;
202000004693;154 734 000;B01;2;21;0;2;6;19;1;
202000004693;154 734 001;D01;2;7;0;2;2;23;1;
202000004693;154 734 002;A01;1;7;0;2;1;1;1;
202000004694;154 733 998;B01;2;31;0;2;1;21;1;
202000004694;154 733 999;A01;2;7;0;2;1;15;1;
202000004695;154 733 996;A01;2;7;0;2;3;13;1;
202000004695;154 733 997;B01;1;10;0;2;3;1;1;
202000004696;154 733 994;A01;1;7;0;2;1;17;1;
202000004696;154 733 995;B01;2;7;0;2;1;1;1;
202000004697;154 733 993;A01;1;7;0;1;3;15;1;
202000004698;154 733 992;A01;1;2;0;0;0;1;1;
202000004699;154 733 991;A01;1;33;0;0;1;1;1;
202000004700;154 733 989;B01;2;7;0;2;1;1;1;
202000004700;154 733 990;A01;1;7;0;2;6;9;1;
202000004701;154 733 987;A01;1;7;0;2;1;1;1;
202000004701;154 733 988;B01;1;1;0;2;1;11;6;
202000004702;154 733 985;B01;3;7;0;2;0;9;0;
202000004702;154 733 986;A01;1;2;0;2;0;1;0;
202000004703;154 733 983;A01;0;33;0;2;1;1;1;
202000004703;154 733 984;B01;0;10;0;2;3;15;1;
202000004704;154 733 982;A01;2;7;8;0;8;0;1;
202000004705;154 733 979;A01;2;33;2;0;0;0;1;
202000004706;154 733 977;B01;2;31;0;2;1;1;1;
202000004706;154 733 978;A01;1;7;0;0;3;1;1;
202000004707;154 733 975;B01;2;10;0;2;1;1;1;
202000004707;154 733 976;A01;1;10;0;2;1;13;1;
202000004708;154 733 974;A01;2;33;13;0;1;1;1;
202000004709;154 733 973;A01;1;7;0;1;3;1;1;
202000004710;154 733 971;A01;1;33;0;2;3;2;1;
202000004710;154 733 972;B01;1;1;0;0;4;1;0;
202000004711;154 733 970;A01;3;7;0;0;9;1;1;
202000004712;154 733 968;B01;1;7;0;2;3;9;1;
202000004712;154 733 969;A01;2;30;0;2;1;17;1;
202000004713;154 733 966;A01;3;7;0;9;3;1;0;
202000004713;154 733 967;B01;3;1;0;2;5;14;5;
202000004714;154 733 964;A01;2;7;1;2;8;22;0;
202000004714;154 733 965;B01;2;33;1;2;7;17;0;
202000004715;154 733 963;A01;2;7;3;0;3;2;1;
202000004716;154 733 960;A01;2;7;0;0;6;1;1;
202000004716;154 733 961;B01;2;33;0;2;1;1;1;
202000004717;154 733 958;B01;2;7;0;1;1;1;1;
202000004717;154 733 959;A01;2;7;0;1;3;1;1;
202000004718;154 733 957;A01;3;7;0;1;1;1;0;
202000004719;154 733 956;A01;1;7;0;1;0;0;1;
202000004720;154 733 954;B01;1;10;0;2;1;1;0;
202000004720;154 733 955;A01;1;7;0;2;9;13;1;
202000004721;154 733 952;A01;1;7;0;2;2;16;1;
202000004721;154 733 953;B01;1;1;0;2;8;26;5;
202000004722;154 733 951;A01;1;7;13;0;0;14;1;
202000004723;154 733 949;B01;2;33;0;2;1;1;1;
202000004723;154 733 950;A01;1;7;0;2;7;15;1;
202000004724;154 733 948;A01;1;7;13;0;1;1;1;
202000004725;154 733 947;A01;0;7;0;1;1;1;1;
202000004726;154 733 942;E01;1;7;0;2;1;1;1;
202000004726;154 733 943;D01;1;7;0;2;1;1;1;
202000004726;154 733 944;C01;1;7;0;2;1;1;1;
202000004726;154 733 945;B01;1;7;0;2;1;2;1;
202000004726;154 733 946;A01;1;7;0;2;4;1;1;
202000004727;154 733 941;A01;1;17;4;9;1;12;1;
202000004728;154 733 939;B01;2;10;0;2;4;1;1;
202000004728;154 733 940;A01;2;33;0;2;1;14;1;
202000004729;154 733 938;A01;1;7;4;0;2;14;1;
202000004730;154 733 936;A01;2;10;0;2;6;13;1;
202000004730;154 733 937;B01;2;7;0;2;7;1;1;
202000004731;154 733 934;B01;1;7;0;2;2;0;1;
202000004731;154 733 935;A01;1;10;0;2;8;0;1;
202000004732;154 733 932;B01;2;15;0;2;5;2;1;
202000004732;154 733 933;A01;2;7;0;2;1;2;1;
202000004733;154 733 929;C01;1;7;0;2;4;1;1;
202000004733;154 733 930;B01;1;7;0;2;4;1;1;
202000004733;154 733 931;Z01;1;7;0;2;0;0;0;
202000004734;154 733 926;C01;2;7;0;2;5;1;1;
202000004734;154 733 927;B01;2;15;0;2;2;12;1;
202000004734;154 733 928;A01;2;7;0;2;5;11;1;
202000004735;154 733 922;D01;2;7;0;2;0;0;1;
202000004735;154 733 923;C01;2;7;0;2;4;1;0;
202000004735;154 733 924;B01;2;7;0;2;1;0;1;
202000004735;154 733 925;A01;2;17;0;2;1;1;1;
202000004736;154 733 921;A01;2;43;0;0;0;1;1;
202000004737;154 733 916;E01;1;33;0;2;1;2;1;
202000004737;154 733 917;D01;1;7;0;2;4;2;1;
202000004737;154 733 918;C01;1;7;0;2;4;2;1;
202000004737;154 733 919;A01;1;10;0;2;1;2;1;
202000004737;154 733 920;B01;1;7;0;2;4;2;1;
202000004738;154 733 914;B01;2;7;0;2;4;2;1;
202000004738;154 733 915;A01;2;33;0;2;1;2;1;
202000004739;154 733 911;A01;1;30;1;2;1;2;1;
202000004739;154 733 912;B01;1;7;0;2;3;1;1;
202000004739;154 733 913;C01;1;7;0;2;5;24;1;
202000004740;154 733 909;B01;1;7;0;2;5;2;1;
202000004740;154 733 910;A01;1;7;0;2;3;1;1;
202000004741;154 733 907;B01;1;7;0;2;1;1;1;
202000004741;154 733 908;A01;1;7;0;2;1;5;1;
202000004742;154 733 905;A01;3;7;0;2;1;2;1;
202000004742;154 733 906;B01;3;7;0;2;4;1;1;
202000004743;154 733 903;A01;2;30;0;2;1;17;1;
202000004743;154 733 904;B01;1;7;0;2;1;1;1;
202000004744;154 733 902;A01;1;7;0;1;7;0;1;
202000004745;154 733 898;A01;1;33;0;2;3;3;1;
202000004745;154 733 899;B01;1;34;0;2;3;3;1;
202000004745;154 733 900;C01;2;7;0;2;8;1;1;
202000004745;154 733 901;D01;1;7;0;2;3;1;1;
202000004746;154 733 896;B01;2;7;0;2;4;1;1;
202000004746;154 733 897;A01;2;7;0;2;1;9;1;
202000004747;154 733 894;A01;1;7;0;2;1;1;1;
202000004747;154 733 895;B01;1;31;0;2;4;23;1;
202000004748;154 733 892;B01;3;7;0;2;1;1;1;
202000004748;154 733 893;A01;3;10;0;2;7;1;1;
202000004749;154 733 890;B01;3;31;0;2;0;1;1;
202000004749;154 733 891;A01;3;7;0;2;8;11;1;
202000004750;154 733 888;A01;-1;7;0;2;1;-1;-1;
202000004750;154 733 889;B01;-1;1;0;2;1;-1;-1;
202000004751;154 733 886;A01;2;7;0;2;7;17;1;
202000004751;154 733 887;B01;1;7;0;2;3;15;1;
202000004752;154 733 884;A01;0;7;0;2;8;19;5;
202000004752;154 733 885;B01;0;7;0;2;1;1;5;
202000004753;154 733 882;A01;2;7;0;2;4;16;1;
202000004753;154 733 883;B01;1;1;0;2;1;0;5;
202000004754;154 733 880;A01;1;7;0;2;1;2;1;
202000004754;154 733 881;B01;1;43;0;2;5;23;1;
202000004755;154 733 878;B01;3;1;0;2;3;1;0;
202000004755;154 733 879;A01;3;7;0;2;2;1;1;
202000004756;154 733 876;A01;2;30;0;2;8;5;1;
202000004756;154 733 877;B01;1;7;0;2;1;1;1;
202000004757;154 733 874;B01;2;7;0;2;1;1;1;
202000004757;154 733 875;A01;1;7;0;2;1;13;1;
202000004758;154 733 873;Z01;2;7;0;1;7;1;0;
202000004759;154 733 872;A01;2;7;0;1;1;16;1;
202000004760;154 733 871;A01;1;7;0;1;1;1;1;
202000004761;154 733 869;B01;2;2;0;2;1;1;1;
202000004761;154 733 870;A01;2;10;0;2;2;1;1;
202000004762;154 733 867;B01;1;30;0;2;7;1;1;
202000004762;154 733 868;A01;2;33;0;2;1;11;1;
202000004763;154 733 864;A01;3;7;0;1;0;1;0;
202000004764;154 733 862;A01;3;7;0;2;1;19;1;
202000004764;154 733 863;B01;3;7;0;2;2;1;1;
202000004765;154 733 861;A01;2;7;13;0;9;26;1;
202000004766;154 733 859;B01;1;33;0;2;1;1;1;
202000004766;154 733 860;A01;2;7;0;2;8;9;1;
202000004767;154 733 857;B01;2;2;0;2;1;1;1;
202000004767;154 733 858;A01;1;7;0;2;7;15;1;
202000004768;154 733 855;B01;3;7;0;2;3;1;1;
202000004768;154 733 856;A01;3;7;0;2;7;15;1;
202000004769;154 733 853;A01;2;7;0;2;1;2;1;
202000004769;154 733 854;B01;2;7;0;2;4;2;1;
202000004770;154 733 850;A01;3;7;0;2;1;2;1;
202000004770;154 733 851;C01;3;99;0;0;4;0;1;
202000004770;154 733 852;B01;3;7;0;2;1;2;1;
202000004771;154 733 848;A01;1;10;0;2;7;2;1;
202000004771;154 733 849;B01;1;1;0;0;8;1;0;
202000004772;154 733 847;B01;3;2;0;0;4;16;0;
202000004773;154 733 845;A01;2;7;0;2;2;14;1;
202000004773;154 733 846;B01;2;1;0;2;8;19;5;
202000004774;154 733 844;A01;2;17;0;0;0;1;1;
202000004775;154 733 842;A01;1;7;0;2;7;15;1;
202000004775;154 733 843;B01;2;10;0;2;1;1;1;
202000004776;154 733 841;A01;2;10;8;0;1;14;1;
202000004777;154 733 840;A01;3;7;0;1;2;1;0;
202000004778;154 733 839;A01;0;7;0;1;6;26;1;
202000004779;154 733 837;A01;3;7;0;2;2;15;1;
202000004779;154 733 838;B01;1;2;0;2;7;1;1;
202000004780;154 733 835;B01;1;7;0;0;6;23;1;
202000004780;154 733 836;A01;1;2;0;2;2;2;1;
202000004781;154 733 833;B01;3;10;0;2;1;1;1;
202000004781;154 733 834;A01;3;7;0;2;1;13;1;
202000004782;154 733 832;Z01;0;7;0;1;1;1;1;
202000004783;154 733 830;A01;3;7;0;2;1;19;1;
202000004783;154 733 831;B01;3;7;0;2;3;1;1;
202000004784;154 733 828;A01;1;7;0;2;0;0;6;
202000004784;154 733 829;B01;1;2;0;2;1;2;6;
202000004785;154 733 827;A01;1;7;0;1;8;11;1;
202000004786;154 733 826;A01;3;7;13;0;2;1;1;
202000004787;154 733 824;A01;3;50;0;2;1;1;3;
202000004787;154 733 825;B01;3;10;0;2;6;1;1;