num_acc;id_vehicule;num_veh;senc;catv;obs;obsm;choc;manv;motor;occutc
202000005076;154 733 332;A01;2;7;0;2;4;1;1;
202000005077;154 733 329;A01;2;7;0;2;1;1;1;
202000005077;154 733 330;B01;2;33;0;2;4;2;1;
202000005078;154 733 327;A01;1;10;0;2;1;2;1;
202000005078;154 733 328;B01;1;15;0;2;4;2;0;
202000005079;154 733 324;C01;2;7;0;2;3;1;1;
202000005079;154 733 325;B01;2;33;0;2;1;3;1;
202000005079;154 733 326;A01;2;7;0;2;3;11;1;
202000005080;154 733 321;C01;2;7;0;2;6;1;1;
202000005080;154 733 322;A01;2;7;0;2;2;12;1;
202000005080;154 733 323;B01;2;31;0;2;8;3;1;
202000005081;154 733 319;B01;2;31;0;2;3;3;1;
202000005081;154 733 320;A01;2;7;0;2;6;12;1;
202000005082;154 733 317;B01;1;7;0;2;6;1;1;
202000005082;154 733 318;A01;1;7;0;2;2;12;1;
202000005083;154 733 313;C01;1;7;0;2;4;2;1;
202000005083;154 733 314;D01;1;7;0;2;4;2;1;
202000005083;154 733 315;B01;1;7;0;2;4;2;1;
202000005083;154 733 316;A01;1;7;0;2;1;2;1;
202000005084;154 733 312;A01;1;33;0;0;9;21;1;
202000005085;154 733 310;A01;1;7;0;2;7;14;1;
202000005085;154 733 311;B01;1;7;0;2;8;1;1;
202000005086;154 733 308;A01;2;7;4;2;3;18;1;
202000005086;154 733 309;B01;2;14;0;2;2;1;1;
202000005087;154 733 307;A01;2;7;4;0;1;13;1;
202000005088;154 733 306;A01;2;33;0;0;9;1;1;
202000005089;154 733 305;A01;2;7;4;0;3;1;1;
202000005090;154 733 304;A01;1;7;0;0;0;9;1;
202000005091;154 733 303;A01;1;7;4;0;1;0;1;
202000005092;154 733 302;A01;1;7;0;1;6;26;1;
202000005093;154 733 300;A01;1;7;0;2;1;15;0;
202000005093;154 733 301;B01;2;33;5;0;1;21;1;
202000005094;154 733 298;B01;1;2;0;2;5;17;1;
202000005094;154 733 299;A01;1;7;0;2;3;26;1;
202000005095;154 733 296;B01;3;7;0;2;6;16;1;
202000005095;154 733 297;A01;2;31;0;2;1;1;1;
202000005096;154 733 294;B01;3;32;0;2;7;17;1;
202000005096;154 733 295;A01;3;7;0;2;8;17;1;
202000005097;154 733 293;A01;1;0;0;1;1;0;0;
202000005098;154 733 290;A01;3;7;0;2;3;10;1;
202000005098;154 733 291;B01;3;7;0;2;2;1;1;
202000005098;154 733 292;C01;3;7;0;2;1;1;1;
202000005099;154 733 288;B01;1;2;0;2;0;1;1;
202000005099;154 733 289;A01;1;7;0;2;0;15;1;
202000005100;154 733 286;A01;2;10;0;2;7;15;1;
202000005100;154 733 287;B01;2;2;0;2;1;1;1;
202000005101;154 733 284;A01;1;7;0;2;8;1;0;
202000005101;154 733 285;B01;1;7;0;2;0;1;0;
202000005102;154 733 282;A01;2;10;0;9;4;26;0;
202000005102;154 733 283;B01;1;1;0;2;0;0;0;
202000005103;154 733 280;B01;3;7;0;2;1;1;1;
202000005103;154 733 281;A01;3;7;0;2;6;9;1;
202000005104;154 733 277;A01;3;7;0;2;1;2;0;
202000005104;154 733 278;B01;3;7;0;9;5;23;0;
202000005104;154 733 279;C01;3;7;0;2;6;23;0;
202000005105;154 733 275;A01;1;7;0;2;1;5;1;
202000005105;154 733 276;B01;1;7;0;2;8;23;1;
202000005106;154 733 273;B01;2;7;0;2;8;9;0;
202000005106;154 733 274;A01;2;33;0;2;1;17;0;
202000005107;154 733 272;A01;2;33;1;0;1;13;1;
202000005108;154 733 270;A01;1;7;0;2;3;15;1;
202000005108;154 733 271;B01;2;33;0;2;2;1;1;
202000005109;154 733 268;A01;3;30;0;2;1;2;1;
202000005109;154 733 269;B01;3;10;0;2;0;23;1;
202000005110;154 733 266;A01;1;2;0;2;1;1;1;
202000005110;154 733 267;B01;1;7;0;2;6;1;1;
202000005111;154 733 263;C01;2;7;0;2;8;23;1;
202000005111;154 733 264;B01;2;7;0;2;7;16;1;
202000005111;154 733 265;A01;1;2;0;2;3;3;1;
202000005112;154 733 260;B01;3;7;0;2;6;1;1;
202000005112;154 733 261;A01;3;7;0;2;1;17;1;
202000005112;154 733 262;C01;2;7;0;2;1;1;1;
202000005113;154 733 259;A01;3;7;0;1;1;13;1;
202000005114;154 733 258;A01;1;7;0;1;1;11;0;
202000005115;154 733 257;A01;3;7;0;1;3;1;1;
202000005116;154 733 256;SA01;3;7;0;1;1;1;1;
202000005117;154 733 255;A01;3;7;0;1;2;16;1;
202000005118;154 733 254;A01;3;7;0;1;8;15;1;
202000005119;154 733 253;A01;1;7;0;1;2;21;1;
202000005120;154 733 252;A01;2;7;9;0;2;14;1;
202000005121;154 733 251;A01;2;33;0;0;8;1;1;
202000005122;154 733 250;A01;3;2;0;0;0;1;1;
202000005123;154 733 248;B01;1;7;0;2;4;1;1;
202000005123;154 733 249;A01;1;7;0;2;1;1;1;
202000005124;154 733 246;A01;1;7;0;2;1;1;1;
202000005124;154 733 247;B01;1;7;0;2;4;2;1;
202000005125;154 733 243;A01;2;33;0;1;1;1;1;
202000005126;154 733 242;A01;3;10;0;1;6;26;1;
202000005127;154 733 241;A01;3;7;0;1;2;20;3;
202000005128;154 733 239;B01;0;7;0;2;1;1;1;
202000005128;154 733 240;A01;0;1;0;2;1;19;5;
202000005129;154 733 237;A01;1;1;0;2;0;9;5;
202000005129;154 733 238;B01;2;10;0;2;2;1;1;
202000005130;154 733 233;A01;1;7;0;2;7;15;1;
202000005130;154 733 234;B01;2;33;0;0;0;0;1;
202000005131;154 733 228;A01;0;34;0;2;1;18;1;
202000005131;154 733 229;B01;0;7;0;2;7;1;1;
202000005132;154 733 226;B01;1;7;0;2;3;1;1;
202000005132;154 733 227;A01;1;7;0;2;2;14;1;
202000005133;154 733 225;A01;2;7;5;0;9;1;1;
202000005134;154 733 221;B01;0;7;0;0;5;0;1;
202000005134;154 733 222;A01;0;7;0;2;1;0;1;
202000005135;154 733 220;A01;2;7;1;1;1;17;1;
202000005136;154 733 219;A01;1;7;0;1;1;2;1;
202000005137;154 733 217;B01;1;33;0;2;7;17;1;
202000005137;154 733 218;A01;2;7;0;2;1;15;1;
202000005138;154 733 216;A01;3;7;1;1;2;2;1;
202000005139;154 733 214;B01;2;7;0;2;3;16;1;
202000005139;154 733 215;A01;2;7;0;2;2;1;1;
202000005140;154 733 212;B01;3;7;0;2;8;0;1;
202000005140;154 733 213;A01;3;7;0;2;3;0;1;
202000005141;154 733 210;B01;3;7;0;2;4;2;0;
202000005141;154 733 211;A01;1;7;0;2;4;2;0;
202000005142;154 733 208;A01;1;7;0;2;0;9;0;
202000005142;154 733 209;B01;1;30;0;2;1;1;1;
202000005143;154 733 207;A01;3;7;0;1;3;1;1;
202000005144;154 733 205;A01;3;1;0;2;8;1;5;
202000005144;154 733 206;B01;3;7;0;9;6;1;1;
202000005145;154 733 203;A01;1;1;0;1;1;1;5;
202000005146;154 733 202;A01;1;7;9;0;1;14;1;
202000005147;154 733 200;A01;2;33;0;2;1;2;1;
202000005147;154 733 201;B01;2;7;0;2;4;2;1;
202000005148;154 733 196;A01;1;3;0;2;3;26;1;
202000005148;154 733 197;B01;1;7;0;2;4;2;1;
202000005148;154 733 198;D01;1;13;0;2;4;2;1;
202000005148;154 733 199;C01;1;7;0;2;4;2;1;
202000005149;154 733 194;A01;2;7;0;2;1;19;1;
202000005149;154 733 195;B01;2;7;0;2;8;1;1;
202000005150;154 733 193;A01;2;7;0;1;1;1;1;
202000005151;154 733 192;A01;3;7;8;0;1;13;1;
202000005152;154 733 190;B01;2;7;0;2;3;1;1;
202000005152;154 733 191;A01;1;30;0;2;1;5;1;
202000005153;154 733 188;A01;2;7;0;2;3;1;1;
202000005153;154 733 189;B01;2;7;0;2;2;2;1;
202000005154;154 733 186;B01;2;7;0;2;2;1;1;
202000005154;154 733 187;A01;3;7;8;2;8;19;1;
202000005155;154 733 185;A01;3;7;0;1;0;16;0;
202000005156;154 733 183;A01;1;7;0;2;3;1;1;
202000005156;154 733 184;B01;1;31;0;2;1;1;1;
202000005157;154 733 182;A01;3;31;0;1;1;21;0;
202000005158;154 733 180;B01;2;1;0;2;0;2;6;
202000005158;154 733 181;A01;2;7;0;2;8;15;1;
202000005159;154 733 178;B01;1;33;0;2;2;17;1;
202000005159;154 733 179;A01;1;7;0;2;8;15;1;
202000005160;154 733 176;A01;1;7;0;2;3;9;1;
202000005160;154 733 177;B01;2;33;0;2;7;1;1;
202000005161;154 733 175;A01;1;7;0;1;2;1;1;
202000005162;154 733 173;A01;1;7;0;2;6;19;1;
202000005162;154 733 174;B01;2;7;0;2;1;2;1;
202000005163;154 733 172;A01;3;7;0;1;4;20;1;
202000005164;154 733 170;B01;2;1;0;2;8;1;5;
202000005164;154 733 171;A01;2;7;0;2;7;17;0;
202000005165;154 733 167;B01;2;7;0;2;4;1;1;
202000005165;154 733 168;C01;0;7;0;2;6;1;1;
202000005165;154 733 169;A01;2;7;0;2;1;11;1;
202000005166;154 733 165;B01;1;2;0;2;8;1;1;
202000005166;154 733 166;A01;2;7;0;2;3;9;1;
202000005167;154 733 162;B01;1;7;0;2;8;0;1;
202000005167;154 733 163;C01;1;7;0;2;6;0;1;
202000005167;154 733 164;A01;1;7;0;2;1;0;1;
202000005168;154 733 160;B01;1;1;0;2;0;0;5;
202000005168;154 733 161;A01;1;7;0;2;0;0;1;
202000005169;154 733 158;A01;1;1;0;2;9;0;5;
202000005169;154 733 159;B01;1;7;0;2;1;0;1;
202000005170;154 733 157;A01;1;7;1;0;9;0;1;
202000005171;154 733 156;A01;1;7;1;2;9;0;1;
202000005172;154 733 154;B01;2;7;0;2;4;1;1;
202000005172;154 733 155;A01;2;7;0;2;1;9;1;
202000005173;154 733 153;A01;2;7;1;0;1;13;1;
202000005174;154 733 151;B01;2;7;0;2;1;2;1;
202000005174;154 733 152;A01;1;7;0;2;3;15;1;
202000005175;154 733 149;B01;2;99;0;2;3;1;1;
202000005175;154 733 150;A01;0;7;0;2;2;19;1;
202000005176;154 733 148;A01;1;7;12;0;1;13;1;
202000005177;154 733 147;A01;0;7;8;0;2;1;1;
202000005178;154 733 146;A01;2;7;17;0;2;14;1;
202000005179;154 733 145;A01;1;7;12;0;3;0;1;
202000005180;154 733 144;A01;1;7;0;1;1;1;1;
202000005181;154 733 142;A01;2;7;0;2;3;1;1;
202000005181;154 733 143;B01;1;7;0;2;3;1;1;
202000005182;154 733 140;A01;1;7;0;2;2;1;1;
202000005182;154 733 141;B01;2;1;0;2;1;19;5;
202000005183;154 733 139;A01;0;7;0;1;1;1;1;
202000005184;154 733 137;B01;1;7;0;2;7;1;1;
202000005184;154 733 138;A01;1;30;0;2;8;18;1;
202000005185;154 733 134;C01;0;7;0;2;8;1;1;
202000005185;154 733 135;A01;0;7;0;2;1;9;1;
202000005185;154 733 136;B01;1;2;0;2;8;1;1;
202000005186;154 733 132;B01;1;7;0;2;2;16;1;
202000005186;154 733 133;A01;1;31;0;2;8;7;1;
202000005187;154 733 131;A01;2;1;0;0;0;0;5;
202000005188;154 733 129;B01;1;7;0;2;7;1;1;
202000005188;154 733 130;A01;1;7;0;2;1;9;1;
202000005189;154 733 127;B01;2;1;0;2;1;1;5;
202000005189;154 733 128;A01;1;7;0;9;2;15;2;
202000005190;154 733 125;B01;3;37;0;9;3;1;1;1
202000005190;154 733 126;A01;3;50;0;2;1;17;3;
202000005191;154 733 123;A01;3;10;0;2;7;17;0;
202000005191;154 733 124;B01;3;1;0;2;8;1;0;
202000005192;154 733 121;B01;1;50;0;2;7;17;3;
202000005192;154 733 122;A01;2;10;0;9;3;1;1;
202000005193;154 733 119;B01;2;7;0;2;4;23;1;
202000005193;154 733 120;A01;2;33;0;2;1;1;1;
202000005194;154 733 118;A01;2;7;0;1;3;1;1;
202000005195;154 733 116;A01;2;34;0;2;1;1;1;
202000005195;154 733 117;B01;2;10;0;2;3;15;0;
202000005196;154 733 114;A01;3;30;0;2;1;1;1;
202000005196;154 733 115;B01;3;7;0;2;3;1;1;
202000005197;154 733 111;A01;1;7;2;0;1;1;1;
202000005198;154 733 110;A01;3;7;8;0;7;21;0;
202000005199;154 733 108;A01;1;7;0;2;7;19;0;
202000005199;154 733 109;B01;1;7;0;2;1;1;1;
202000005200;154 733 105;A01;2;7;9;0;1;14;1;
202000005201;154 733 103;A01;1;7;0;2;2;15;1;
202000005201;154 733 104;B01;2;2;0;2;1;1;1;
202000005202;154 733 101;A01;1;7;0;2;3;9;1;
202000005202;154 733 102;B01;3;80;0;2;4;1;3;
202000005203;154 733 099;B01;0;1;0;2;7;19;5;
202000005203;154 733 100;A01;0;7;0;2;1;1;1;
202000005204;154 733 097;B01;3;7;0;2;2;15;1;
202000005204;154 733 098;A01;2;34;0;2;1;17;1;
202000005205;154 733 096;A01;2;7;0;1;1;1;1;
202000005206;154 733 095;A01;3;33;8;0;1;16;1;
202000005207;154 733 092;C01;3;7;0;2;1;2;1;
202000005207;154 733 093;B01;3;7;0;2;4;2;1;
202000005207;154 733 094;A01;3;7;0;2;4;2;1;
202000005208;154 733 090;B01;3;31;0;2;7;17;1;
202000005208;154 733 091;A01;3;7;0;2;8;15;1;
202000005209;154 733 087;C01;3;38;0;2;0;0;1;1
202000005209;154 733 088;A01;1;7;0;2;4;26;1;
202000005209;154 733 089;B01;1;7;0;2;1;2;1;
202000005210;154 733 085;A01;3;7;0;1;6;26;0;
202000005211;154 733 084;Z01;2;7;0;1;0;1;0;
202000005212;154 733 081;C01;1;10;1;0;6;1;1;
202000005212;154 733 082;A01;2;33;0;2;1;13;1;
202000005212;154 733 083;B01;2;7;1;0;3;23;1;
202000005213;154 733 079;A01;1;7;0;2;3;20;1;
202000005213;154 733 080;B01;2;30;0;2;0;1;1;
202000005214;154 733 077;A01;0;1;0;2;1;19;5;
202000005214;154 733 078;B01;0;7;0;2;8;1;1;
202000005215;154 733 076;A01;3;7;0;1;2;1;1;
202000005216;154 733 074;Z01;2;7;0;2;0;15;0;
202000005216;154 733 075;B01;1;33;0;2;8;1;1;
202000005217;154 733 072;B01;2;7;0;2;3;15;1;
202000005217;154 733 073;A01;1;2;0;2;1;1;1;
202000005218;154 733 071;A01;2;31;0;6;1;1;1;
202000005219;154 733 070;A01;2;7;0;1;3;16;1;
202000005220;154 733 069;A01;2;7;0;1;1;1;-1;
202000005221;154 733 066;A01;1;7;3;0;3;1;1;
202000005221;154 733 067;B01;1;7;0;2;4;1;1;
202000005221;154 733 068;C01;1;7;0;2;1;1;1;
202000005222;154 733 064;A01;1;7;0;0;3;13;1;
202000005222;154 733 065;B01;2;7;0;0;3;1;1;
202000005223;154 733 062;B01;0;7;0;2;2;1;1;
202000005223;154 733 063;A01;0;50;0;2;1;1;3;
202000005224;154 733 060;B01;1;1;0;2;1;1;5;
202000005224;154 733 061;A01;1;7;0;2;6;9;1;
202000005225;154 733 059;A01;3;30;15;0;2;26;1;
202000005226;154 733 057;B01;2;7;0;2;7;21;1;
202000005226;154 733 058;A01;1;7;0;2;3;16;1;
202000005227;154 733 055;A01;3;7;0;2;8;22;0;
202000005227;154 733 056;B01;3;50;1;0;1;1;3;
202000005228;154 733 053;B01;2;33;0;2;7;1;1;
202000005228;154 733 054;A01;1;7;0;2;3;15;1;
202000005229;154 733 051;B01;1;10;0;2;1;1;1;
202000005229;154 733 052;A01;1;7;0;2;2;1;1;
202000005230;154 733 049;B01;3;1;0;2;0;1;5;
202000005230;154 733 050;A01;3;7;0;2;4;4;1;
202000005231;154 733 047;B01;1;1;0;2;7;19;5;
202000005231;154 733 048;A01;1;7;0;9;1;1;1;
202000005232;154 733 045;B01;1;7;0;2;3;1;1;
202000005232;154 733 046;Z01;1;7;0;2;0;0;1;
202000005233;154 733 043;B01;1;34;0;2;4;1;1;
202000005233;154 733 044;A01;1;7;0;2;2;1;1;
202000005234;154 733 041;A01;2;7;0;2;1;2;1;
202000005234;154 733 042;B01;2;7;0;2;4;2;1;
202000005235;154 733 035;A01;1;7;0;2;8;1;1;
202000005235;154 733 036;B01;2;1;0;2;1;1;5;
202000005235;154 733 037;C01;2;1;0;2;1;1;5;
202000005235;154 733 038;D01;2;1;0;2;1;1;5;
202000005235;154 733 039;E01;2;1;0;2;1;1;5;
202000005235;154 733 040;F01;2;1;0;2;1;1;5;
202000005236;154 733 034;A01;0;30;4;0;7;1;1;
202000005237;154 733 032;A01;2;7;0;2;1;1;1;
202000005237;154 733 033;B01;1;32;0;2;8;1;1;
202000005238;154 733 030;B01;3;43;0;2;2;1;1;
202000005238;154 733 031;A01;3;7;0;2;1;19;1;
202000005239;154 733 028;B01;2;7;0;2;4;15;1;
202000005239;154 733 029;A01;2;33;0;2;4;17;1;
202000005240;154 733 027;A01;3;32;0;0;7;16;1;
202000005241;154 733 025;B01;3;7;1;1;8;0;1;
202000005241;154 733 026;A01;1;33;4;0;7;1;1;
202000005242;154 733 023;A01;2;7;0;2;2;1;1;
202000005242;154 733 024;B01;2;7;0;2;1;1;1;
202000005243;154 733 021;A01;1;7;0;2;8;15;1;
202000005243;154 733 022;B01;1;34;0;2;7;2;1;
202000005244;154 733 019;A01;2;1;0;2;1;17;5;
202000005244;154 733 020;B01;2;7;0;2;8;1;1;
202000005245;154 733 018;A01;2;31;0;0;8;1;1;
202000005246;154 733 016;B01;3;1;0;2;7;1;5;
202000005246;154 733 017;A01;3;7;0;2;1;9;1;
202000005247;154 733 014;A01;2;1;0;2;1;5;5;
202000005247;154 733 015;B01;2;7;0;2;3;1;1;
202000005248;154 733 013;A01;2;7;0;1;1;16;1;
202000005249;154 733 012;A01;2;7;0;1;3;15;1;
202000005250;154 733 009;C01;2;7;0;2;7;1;1;
202000005250;154 733 010;B01;2;31;0;2;2;3;1;
202000005250;154 733 011;A01;2;43;0;2;3;11;1;
202000005251;154 733 007;B01;1;7;0;2;5;1;1;
202000005251;154 733 008;A01;1;7;0;2;3;13;1;
202000005252;154 733 006;A01;2;7;0;1;2;16;1;
202000005253;154 733 004;B01;2;33;0;2;1;17;1;
202000005253;154 733 005;A01;2;7;0;2;3;15;1;
202000005254;154 733 002;A01;2;10;0;2;1;2;1;
202000005254;154 733 003;B01;2;7;0;2;4;2;1;
202000005255;154 733 001;A01;1;50;0;0;8;25;3;
202000005256;154 732 999;A01;2;1;0;2;1;5;5;
202000005256;154 733 000;Z01;1;30;0;2;1;7;0;
202000005257;154 732 998;A01;2;80;0;0;8;13;3;
202000005258;154 732 996;B01;3;33;0;2;3;9;1;
202000005258;154 732 997;A01;3;7;0;2;2;1;1;
202000005259;154 732 994;B01;1;7;0;2;5;15;1;
202000005259;154 732 995;A01;1;30;0;2;3;2;1;
202000005260;154 732 990;B01;1;1;0;2;1;2;5;
202000005260;154 732 991;A01;1;7;0;2;4;20;1;
202000005261;154 732 989;A01;2;50;0;0;0;21;3;
202000005262;154 732 987;A01;2;7;0;2;1;2;1;
202000005262;154 732 988;B01;2;7;0;2;4;23;1;
202000005263;154 732 986;A01;3;7;0;1;1;4;2;
202000005264;154 732 985;A01;2;50;0;1;1;1;3;
202000005265;154 732 984;A01;1;10;0;1;2;1;1;
202000005266;154 732 982;B01;1;43;0;2;8;9;1;
202000005266;154 732 983;A01;3;32;0;2;1;1;1;
202000005267;154 732 980;A01;1;1;0;2;1;1;5;
202000005267;154 732 981;B01;0;33;0;2;1;1;1;
202000005268;154 732 978;A01;1;7;0;2;5;17;3;
202000005268;154 732 979;B01;1;1;0;2;3;11;5;
202000005269;154 732 977;A01;1;33;0;1;1;1;1;
202000005270;154 732 975;B01;2;7;0;2;3;1;1;
202000005270;154 732 976;A01;3;32;0;2;7;1;1;
202000005271;154 732 973;Z01;2;7;0;2;1;2;1;
202000005271;154 732 974;A01;2;1;0;2;4;2;5;
202000005272;154 732 972;A01;0;43;12;0;7;14;1;
202000005273;154 732 970;B01;2;1;0;2;3;1;5;
202000005273;154 732 971;A01;1;10;0;2;1;15;1;
202000005274;154 732 968;A01;1;7;0;2;3;17;1;
202000005274;154 732 969;B01;1;1;0;2;3;7;5;
202000005275;154 732 967;A01;1;80;12;0;7;1;3;
202000005276;154 732 966;A01;1;7;0;1;1;13;1;
202000005277;154 732 965;A01;2;7;0;1;2;15;0;
202000005278;154 732 964;A01;0;7;0;1;1;1;1;
202000005279;154 732 962;A01;2;7;0;2;3;15;1;
202000005279;154 732 963;B01;1;31;0;2;3;1;1;
202000005280;154 732 959;C01;3;10;0;2;4;2;1;
202000005280;154 732 960;B01;3;7;0;2;4;2;1;
202000005280;154 732 961;A01;3;7;0;2;1;2;1;
202000005281;154 732 957;A01;0;7;0;2;2;19;1;
202000005281;154 732 958;B01;3;1;0;2;6;19;5;
202000005282;154 732 955;A01;3;15;0;2;7;19;0;
202000005282;154 732 956;B01;0;1;0;2;7;2;0;
202000005283;154 732 954;A01;3;32;9;0;1;0;1;
202000005284;154 732 952;A01;3;10;0;2;1;16;1;
202000005284;154 732 953;B01;1;31;0;2;1;2;1;
202000005285;154 732 950;A01;1;7;0;2;7;17;1;
202000005285;154 732 951;Y01;1;1;0;2;5;0;5;
202000005286;154 732 948;B01;3;7;0;2;3;1;1;
202000005286;154 732 949;A01;3;7;0;2;3;21;1;
202000005287;154 732 944;A01;1;7;0;2;4;23;1;
202000005287;154 732 945;B01;1;10;0;2;4;23;1;
202000005287;154 732 946;C01;1;7;0;2;4;23;1;
202000005287;154 732 947;D01;1;10;0;2;1;2;1;
202000005288;154 732 943;A01;1;7;0;1;2;1;2;
202000005289;154 732 941;A01;1;34;0;2;1;7;1;
202000005289;154 732 942;B01;1;7;0;2;7;16;1;
202000005290;154 732 939;B01;1;7;0;2;2;1;0;
202000005290;154 732 940;A01;3;30;0;2;8;19;0;
202000005291;154 732 938;A01;1;7;6;0;3;1;0;
202000005292;154 732 937;A01;-1;7;0;1;-1;-1;-1;
202000005293;154 732 935;A01;1;7;0;1;2;1;1;
202000005294;154 732 933;B01;1;34;0;2;2;17;1;
202000005294;154 732 934;A01;1;7;0;2;3;13;1;
202000005295;154 732 931;B01;2;10;0;2;1;1;1;
202000005295;154 732 932;A01;3;10;8;2;2;1;1;
202000005296;154 732 930;A01;2;7;2;0;1;21;1;
202000005297;154 732 929;A01;1;30;0;1;2;2;0;
202000005298;154 732 926;B01;3;1;0;2;8;3;5;
202000005298;154 732 927;C01;3;10;0;9;8;2;1;
202000005298;154 732 928;A01;3;7;0;9;2;14;1;
202000005299;154 732 925;A01;2;30;0;1;2;1;1;
202000005300;154 732 924;A01;3;30;12;0;0;1;1;
202000005301;154 732 922;A01;2;7;0;2;3;1;1;
202000005301;154 732 923;B01;2;60;0;2;1;0;5;
202000005302;154 732 920;B01;2;7;0;2;7;2;1;
202000005302;154 732 921;A01;2;33;0;2;1;1;1;
202000005303;154 732 918;A01;1;10;1;0;3;15;1;
202000005303;154 732 919;T01;1;50;0;9;1;0;3;
202000005304;154 732 917;A01;2;7;13;0;9;1;1;
202000005305;154 732 915;B01;1;21;0;2;3;1;0;
202000005305;154 732 916;A01;2;10;0;2;1;13;0;
202000005306;154 732 914;A01;0;1;0;1;1;0;0;
202000005307;154 732 912;A01;3;7;0;0;3;13;0;
202000005307;154 732 913;B01;0;31;0;2;1;13;0;
202000005308;154 732 911;A01;3;33;8;0;1;14;1;
202000005309;154 732 910;A01;2;7;0;1;7;16;1;
202000005310;154 732 909;A01;1;33;0;1;2;1;0;
202000005311;154 732 908;A01;2;7;0;0;2;0;0;
202000005312;154 732 906;B01;2;33;0;2;3;1;1;
202000005312;154 732 907;A01;2;7;0;2;1;1;1;
202000005313;154 732 904;A01;3;7;0;2;8;1;1;
202000005313;154 732 905;B01;3;31;0;2;8;1;1;
202000005314;154 732 902;B01;2;10;0;0;3;5;1;
202000005314;154 732 903;A01;1;7;0;0;0;5;1;
202000005315;154 732 900;B01;2;21;0;2;8;1;1;
202000005315;154 732 901;A01;1;33;0;2;8;13;1;
202000005316;154 732 899;A01;1;7;2;0;1;1;1;
202000005317;154 732 897;A01;1;1;0;2;1;5;5;
202000005317;154 732 898;B01;2;7;0;9;2;21;1;
202000005318;154 732 896;A01;3;7;0;1;3;15;1;
202000005319;154 732 894;A01;1;7;0;9;3;9;1;
202000005319;154 732 895;B01;1;1;0;0;7;1;5;
202000005320;154 732 893;A01;3;2;13;0;1;1;1;
202000005321;154 732 891;A01;2;7;0;2;5;13;1;
202000005321;154 732 892;B01;1;7;0;2;1;1;1;
202000005322;154 732 889;A01;2;10;0;2;3;9;1;
202000005322;154 732 890;B01;2;1;0;2;7;9;5;
202000005323;154 732 888;A01;0;2;1;0;1;17;1;
202000005324;154 732 886;B01;1;7;0;2;3;1;1;
202000005324;154 732 887;A01;2;7;0;2;3;5;1;
202000005325;154 732 883;C01;1;7;0;2;6;1;1;
202000005325;154 732 884;A01;2;33;0;2;3;13;1;
202000005325;154 732 885;B01;1;7;0;2;8;21;1;
202000005326;154 732 881;B01;2;31;0;2;1;1;0;
202000005326;154 732 882;A01;1;7;0;2;1;5;0;
202000005327;154 732 880;A01;1;7;0;1;2;1;1;
202000005328;154 732 878;B01;0;7;0;2;2;15;1;
202000005328;154 732 879;A01;2;7;0;2;3;1;1;
202000005329;154 732 876;B01;0;2;0;2;3;1;1;
202000005329;154 732 877;A01;0;7;0;2;3;17;1;
202000005330;154 732 875;A01;1;7;13;0;1;13;1;
202000005331;154 732 873;B01;2;2;0;2;1;17;1;
202000005331;154 732 874;A01;2;7;0;2;3;15;1;
202000005332;154 732 872;A01;1;7;0;1;2;1;1;
202000005333;154 732 871;A01;2;3;0;0;9;13;1;
202000005334;154 732 869;A01;2;33;0;2;2;1;1;
202000005334;154 732 870;B01;2;7;0;2;3;1;1;
202000005335;154 732 867;A01;2;7;0;2;1;15;0;
202000005335;154 732 868;B01;0;7;13;2;8;1;0;
202000005336;154 732 865;A01;1;33;0;2;1;1;1;
202000005336;154 732 866;B01;2;10;0;2;3;1;1;
202000005337;154 732 864;A01;3;7;0;1;0;1;0;
202000005338;154 732 862;B01;2;14;0;2;1;1;1;
202000005338;154 732 863;A01;1;7;0;2;1;13;1;
202000005339;154 732 858;A01;0;7;0;2;1;15;1;
202000005339;154 732 859;B01;0;34;0;2;1;1;1;
202000005340;154 732 856;B01;2;7;0;2;3;13;1;
202000005340;154 732 857;A01;1;7;0;2;3;23;1;
202000005341;154 732 855;A01;1;33;9;0;1;1;1;
202000005342;154 732 854;A01;2;7;13;0;7;1;1;
202000005343;154 732 853;A01;3;10;8;0;7;13;1;
202000005344;154 732 851;B01;2;13;0;2;1;13;1;
202000005344;154 732 852;A01;1;7;1;0;1;1;1;
202000005345;154 732 850;A01;3;0;0;1;1;1;0;
202000005346;154 732 848;A01;2;7;0;2;8;2;0;
202000005346;154 732 849;B01;1;7;0;2;2;15;6;
202000005347;154 732 845;A01;1;7;0;0;2;2;1;
202000005347;154 732 846;B01;1;1;0;0;3;1;5;
202000005347;154 732 847;C01;1;1;0;0;3;1;5;
202000005348;154 732 842;A01;3;7;0;2;1;5;1;
202000005348;154 732 843;B01;3;7;0;2;1;2;1;
202000005348;154 732 844;C01;3;7;0;2;1;21;1;
202000005349;154 732 840;A01;2;7;0;2;3;5;1;
202000005349;154 732 841;B01;1;7;0;2;3;1;1;
202000005350;154 732 839;A01;2;33;2;0;0;1;1;
202000005351;154 732 838;A01;3;1;0;0;7;1;5;
202000005352;154 732 835;C01;2;7;14;0;3;1;1;
202000005352;154 732 836;B01;1;17;0;2;3;1;1;
202000005352;154 732 837;A01;2;7;0;2;3;13;1;
202000005353;154 732 833;B01;1;33;0;0;1;2;1;
202000005353;154 732 834;A01;1;7;0;0;5;15;1;
202000005354;154 732 831;A01;3;7;0;2;2;15;1;