num_acc;id_vehicule;num_veh;senc;catv;obs;obsm;choc;manv;motor;occutc
202000005354;154 732 832;B01;3;2;0;2;1;1;1;
202000005355;154 732 828;C01;1;37;0;0;0;17;0;1
202000005355;154 732 829;B01;2;2;0;2;1;2;1;
202000005355;154 732 830;A01;2;7;0;2;6;1;1;
202000005356;154 732 827;A01;2;99;13;0;9;19;1;
202000005357;154 732 826;A01;2;7;2;0;9;1;1;
202000005358;154 732 824;A01;1;7;0;2;8;17;1;
202000005358;154 732 825;B01;2;31;0;2;8;1;1;
202000005359;154 732 822;B01;1;33;0;2;1;1;1;
202000005359;154 732 823;A01;2;10;0;2;7;15;1;
202000005360;154 732 821;A01;3;1;0;2;1;1;5;
202000005361;154 732 820;A01;1;7;0;1;1;9;1;
202000005362;154 732 819;A01;1;7;0;1;1;1;1;
202000005363;154 732 818;A01;1;1;0;0;0;1;5;
202000005364;154 732 817;A01;0;7;0;1;1;1;1;
202000005365;154 732 815;A01;1;10;0;2;2;1;1;
202000005365;154 732 816;B01;1;15;0;0;6;1;1;
202000005366;154 732 814;A01;2;7;13;0;2;1;1;
202000005367;154 732 811;C01;1;7;0;2;1;2;1;
202000005367;154 732 812;B01;1;10;0;2;4;2;1;
202000005367;154 732 813;A01;1;10;0;2;4;2;1;
202000005368;154 732 809;B01;1;32;6;2;1;2;1;
202000005368;154 732 810;A01;1;10;6;2;4;2;1;
202000005369;154 732 808;A01;1;7;3;0;1;2;1;
202000005370;154 732 804;C01;2;7;0;9;1;1;1;
202000005370;154 732 805;A01;1;7;0;2;1;14;1;
202000005370;154 732 806;D01;1;7;0;0;0;1;0;
202000005370;154 732 807;B01;1;15;0;2;4;1;0;
202000005371;154 732 802;A01;1;10;0;2;8;2;1;
202000005371;154 732 803;B01;1;31;0;2;7;17;1;
202000005372;154 732 800;A01;2;10;0;2;2;3;1;
202000005372;154 732 801;B01;2;15;0;2;6;1;1;
202000005373;154 732 798;A01;2;7;0;2;1;1;1;
202000005373;154 732 799;B01;2;15;0;2;4;1;1;
202000005374;154 732 795;Z01;2;7;0;2;1;2;1;
202000005374;154 732 796;B01;2;10;0;2;4;2;1;
202000005374;154 732 797;A01;2;7;0;2;4;2;1;
202000005375;154 732 794;A01;1;33;6;0;3;1;1;
202000005376;154 732 792;B01;2;7;0;2;5;2;0;
202000005376;154 732 793;A01;2;33;0;2;3;2;1;
202000005377;154 732 788;A01;1;33;4;0;3;0;1;
202000005378;154 732 786;B01;1;15;0;0;5;1;1;
202000005378;154 732 787;A01;1;10;0;2;1;17;1;
202000005379;154 732 784;B01;3;1;0;2;0;0;5;
202000005379;154 732 785;A01;3;7;0;2;3;1;1;
202000005380;154 732 782;A01;2;7;0;2;4;4;1;
202000005380;154 732 783;B01;2;2;0;2;1;2;1;
202000005381;154 732 780;A01;3;33;1;0;1;1;0;
202000005381;154 732 781;B01;0;7;0;1;4;26;0;
202000005382;154 732 778;B01;3;7;0;2;3;1;1;
202000005382;154 732 779;A01;3;7;0;2;3;19;1;
202000005383;154 732 777;A01;1;10;0;1;3;1;0;
202000005384;154 732 775;B01;1;0;0;2;5;17;-1;
202000005384;154 732 776;A01;1;33;0;2;1;1;1;
202000005385;154 732 773;B01;3;7;0;9;3;1;1;
202000005385;154 732 774;A01;3;1;0;2;1;16;5;
202000005386;154 732 771;A01;2;7;0;2;1;1;1;
202000005386;154 732 772;B01;0;7;0;0;3;1;1;
202000005387;154 732 769;B01;2;7;0;2;1;2;1;
202000005387;154 732 770;A01;1;7;0;2;3;13;1;
202000005388;154 732 767;B01;1;31;0;2;1;26;1;
202000005388;154 732 768;A01;1;7;0;2;7;15;1;
202000005389;154 732 766;A01;2;7;0;1;2;1;1;
202000005390;154 732 764;A01;1;7;0;2;2;1;1;
202000005390;154 732 765;B01;3;1;0;2;1;19;5;
202000005391;154 732 762;A01;1;10;0;2;2;17;1;
202000005391;154 732 763;B01;1;21;0;2;6;1;1;
202000005392;154 732 760;B01;1;2;0;0;3;1;1;
202000005392;154 732 761;A01;1;7;0;0;5;17;1;
202000005393;154 732 759;A01;1;33;0;0;1;14;1;
202000005394;154 732 758;A01;1;7;13;0;1;1;1;
202000005395;154 732 755;C01;2;7;0;2;1;2;1;
202000005395;154 732 756;B01;2;7;3;2;3;1;1;
202000005395;154 732 757;A01;1;7;4;2;2;5;1;
202000005396;154 732 753;A01;3;7;0;2;7;19;1;
202000005396;154 732 754;B01;0;7;0;2;1;19;1;
202000005397;154 732 752;A01;1;33;0;0;0;1;0;
202000005398;154 732 750;B01;3;7;0;2;8;19;1;
202000005398;154 732 751;A01;0;7;0;2;2;26;1;
202000005399;154 732 747;B01;2;14;3;2;3;21;1;
202000005399;154 732 748;A01;1;7;0;2;1;13;1;
202000005399;154 732 749;C01;1;7;0;2;6;5;1;
202000005400;154 732 744;A01;1;10;0;2;0;1;1;
202000005400;154 732 745;B01;2;7;0;9;3;1;1;
202000005400;154 732 746;C01;1;33;0;0;0;1;1;
202000005401;154 732 743;A01;1;7;15;0;9;14;1;
202000005402;154 732 742;A01;2;7;3;0;0;17;1;
202000005403;154 732 740;B01;1;2;0;2;1;1;1;
202000005403;154 732 741;A01;2;7;0;2;2;1;1;
202000005404;154 732 739;A01;1;7;8;0;2;14;1;
202000005405;154 732 737;A01;1;2;0;0;4;1;1;
202000005405;154 732 738;B01;1;2;0;0;1;1;1;
202000005406;154 732 735;A01;2;2;0;2;1;1;1;
202000005406;154 732 736;B01;2;7;0;2;5;4;1;
202000005407;154 732 732;B01;1;33;0;2;5;2;1;
202000005407;154 732 733;C01;1;7;0;2;4;2;1;
202000005407;154 732 734;A01;1;7;0;2;1;2;1;
202000005408;154 732 729;C01;1;7;0;2;1;2;1;
202000005408;154 732 730;B01;1;7;0;2;5;2;1;
202000005408;154 732 731;A01;1;7;0;2;4;2;1;
202000005409;154 732 726;C01;1;7;6;2;4;2;1;
202000005409;154 732 727;B01;1;7;6;2;4;2;1;
202000005409;154 732 728;A01;1;7;6;2;1;2;1;
202000005410;154 732 724;B01;2;7;0;2;8;11;1;
202000005410;154 732 725;A01;2;33;12;2;7;1;1;
202000005411;154 732 722;A01;2;7;0;2;1;1;1;
202000005411;154 732 723;B01;2;7;0;2;4;2;1;
202000005412;154 732 718;D01;2;7;4;0;1;21;1;
202000005412;154 732 719;A01;2;7;4;0;1;13;1;
202000005412;154 732 720;B01;2;7;0;2;1;1;1;
202000005412;154 732 721;C01;2;7;0;2;1;1;1;
202000005413;154 732 716;A01;1;7;3;2;1;17;1;
202000005413;154 732 717;B01;1;7;0;2;6;1;1;
202000005414;154 732 712;B01;2;7;0;2;5;1;1;
202000005414;154 732 713;D01;2;7;4;2;2;0;1;
202000005414;154 732 714;A01;2;7;0;2;4;2;1;
202000005414;154 732 715;C01;2;7;0;2;6;2;1;
202000005415;154 732 711;A01;1;7;3;0;1;14;1;
202000005416;154 732 703;B01;1;7;8;2;1;2;1;
202000005416;154 732 704;A01;1;7;0;2;4;2;1;
202000005417;154 732 701;A01;1;7;0;2;2;14;1;
202000005417;154 732 702;B01;1;7;0;2;8;1;1;
202000005418;154 732 700;A01;2;7;4;0;9;1;1;
202000005419;154 732 697;C01;2;7;0;2;5;1;1;
202000005419;154 732 698;B01;2;7;0;2;8;11;1;
202000005419;154 732 699;A01;2;33;0;2;1;3;0;
202000005420;154 732 695;B01;1;7;0;2;5;1;1;
202000005420;154 732 696;A01;1;7;0;2;3;1;1;
202000005421;154 732 694;A01;3;20;2;0;2;13;1;
202000005422;154 732 693;A01;1;7;15;0;1;13;1;
202000005423;154 732 692;A01;2;32;0;0;0;14;1;
202000005424;154 732 691;A01;1;7;0;1;1;16;1;
202000005425;154 732 688;C01;2;1;0;2;4;2;5;
202000005425;154 732 689;A01;2;7;0;2;0;0;0;
202000005425;154 732 690;B01;2;7;0;2;2;2;1;
202000005426;154 732 686;B01;3;7;0;2;1;1;1;
202000005426;154 732 687;A01;3;7;0;2;3;15;1;
202000005427;154 732 684;B01;1;7;0;2;4;0;0;
202000005427;154 732 685;A01;1;10;0;2;1;0;0;
202000005428;154 732 682;B01;3;7;1;2;1;9;1;
202000005428;154 732 683;A01;3;7;0;2;1;1;1;
202000005429;154 732 680;B01;1;32;0;2;1;1;1;
202000005429;154 732 681;A01;1;10;0;2;4;1;1;
202000005430;154 732 678;A01;1;7;0;2;6;1;1;
202000005430;154 732 679;B01;1;30;0;2;1;1;1;
202000005431;154 732 676;B01;0;7;0;2;6;21;1;
202000005431;154 732 677;A01;0;7;0;2;1;26;1;
202000005432;154 732 674;B01;1;7;0;2;5;15;1;
202000005432;154 732 675;A01;2;7;0;2;1;26;1;
202000005433;154 732 672;B01;2;32;0;2;1;1;1;
202000005433;154 732 673;A01;2;7;0;2;2;20;1;
202000005434;154 732 669;B01;1;7;0;2;0;21;0;
202000005434;154 732 670;C01;1;7;0;2;6;24;0;
202000005434;154 732 671;A01;2;7;0;2;0;15;0;
202000005435;154 732 667;B01;2;7;0;2;3;2;1;
202000005435;154 732 668;A01;2;7;0;2;2;15;1;
202000005436;154 732 665;B01;1;1;0;2;7;1;5;
202000005436;154 732 666;A01;1;7;0;2;8;1;1;
202000005437;154 732 663;A01;1;7;0;2;3;9;1;
202000005437;154 732 664;B01;1;1;0;2;1;19;5;
202000005438;154 732 661;B01;3;7;0;2;2;15;1;
202000005438;154 732 662;A01;3;30;0;2;1;1;1;
202000005439;154 732 659;B01;2;10;0;0;5;23;1;
202000005439;154 732 660;A01;2;33;0;2;1;2;1;
202000005440;154 732 657;B01;0;7;0;2;8;1;1;
202000005440;154 732 658;A01;0;7;0;2;3;1;1;
202000005441;154 732 650;B01;3;33;0;2;1;1;1;
202000005441;154 732 651;A01;3;7;0;2;7;19;1;
202000005442;154 732 647;C01;1;7;0;2;1;1;1;
202000005442;154 732 648;B01;1;7;0;2;1;2;1;
202000005442;154 732 649;A01;1;10;0;2;1;2;1;
202000005443;154 732 645;A01;1;2;0;2;1;1;1;
202000005443;154 732 646;B01;1;10;0;2;6;1;1;
202000005444;154 732 642;A01;2;7;0;2;1;2;1;
202000005444;154 732 643;C01;2;7;0;2;8;2;1;
202000005444;154 732 644;B01;2;7;0;2;4;2;1;
202000005445;154 732 641;A01;2;7;0;1;5;1;1;
202000005446;154 732 640;A01;1;7;0;1;3;1;0;
202000005447;154 732 639;A01;2;2;0;2;1;1;1;
202000005448;154 732 637;B01;0;7;0;2;4;23;0;
202000005448;154 732 638;A01;0;7;0;2;1;0;0;
202000005449;154 732 636;A01;0;7;9;0;2;14;1;
202000005450;154 732 634;B01;1;7;0;2;1;15;1;
202000005450;154 732 635;A01;2;7;0;2;1;16;1;
202000005451;154 732 632;A01;1;99;0;2;1;15;3;
202000005451;154 732 633;B01;1;7;0;2;2;1;1;
202000005452;154 732 631;A01;3;7;0;1;4;4;1;
202000005453;154 732 629;B01;1;7;1;0;0;0;0;
202000005453;154 732 630;A01;1;30;0;2;4;23;1;
202000005454;154 732 628;A01;1;7;0;1;1;15;1;
202000005455;154 732 627;A01;2;33;8;0;0;1;1;
202000005456;154 732 625;B01;1;7;0;2;6;1;1;
202000005456;154 732 626;A01;1;33;0;2;1;12;1;
202000005457;154 732 624;Z01;3;7;4;0;1;15;1;
202000005458;154 732 622;A01;2;30;0;2;2;1;1;
202000005458;154 732 623;B01;2;1;0;2;8;1;5;
202000005459;154 732 621;Z01;2;7;0;1;0;15;1;
202000005460;154 732 619;B01;1;30;0;2;1;1;1;
202000005460;154 732 620;A01;1;7;0;2;5;4;1;
202000005461;154 732 617;A01;1;32;0;2;1;1;1;
202000005461;154 732 618;B01;2;7;0;2;3;9;1;
202000005462;154 732 615;B01;2;1;0;2;7;1;5;
202000005462;154 732 616;A01;2;10;0;2;8;22;1;
202000005463;154 732 613;A01;2;7;0;2;5;15;1;
202000005463;154 732 614;B01;1;33;0;2;1;1;1;
202000005464;154 732 612;A01;2;1;0;1;1;1;5;
202000005465;154 732 609;A01;2;37;0;2;2;15;1;1
202000005465;154 732 610;C01;2;7;0;2;6;1;2;
202000005465;154 732 611;B01;2;34;0;2;8;1;1;
202000005466;154 732 607;B01;1;50;0;2;1;1;3;
202000005466;154 732 608;A01;1;37;0;9;3;15;2;1
202000005467;154 732 605;A01;1;34;0;2;0;1;1;
202000005467;154 732 606;B01;1;33;0;0;0;16;6;
202000005468;154 732 603;B01;1;33;0;2;1;1;0;
202000005468;154 732 604;A01;2;10;0;2;7;15;0;
202000005469;154 732 601;A01;3;33;0;2;8;9;1;
202000005469;154 732 602;B01;0;7;0;2;3;9;1;
202000005470;154 732 599;B01;3;30;16;0;1;1;1;
202000005470;154 732 600;A01;3;30;16;0;1;1;1;
202000005471;154 732 598;A01;1;7;4;2;1;21;1;
202000005472;154 732 595;B01;0;7;0;2;3;1;0;
202000005472;154 732 597;A01;1;31;0;2;1;1;0;
202000005473;154 732 596;A01;1;7;4;0;1;1;1;
202000005474;154 732 592;A01;2;7;0;2;1;1;1;
202000005474;154 732 593;B01;2;7;0;2;4;1;1;
202000005475;154 732 590;A01;1;7;0;2;5;15;1;
202000005475;154 732 591;B01;1;33;0;2;1;1;1;
202000005476;154 732 594;A01;0;20;1;0;3;0;0;
202000005477;154 732 589;A01;3;7;12;2;2;14;1;
202000005478;154 732 587;B01;1;7;0;2;3;15;1;
202000005478;154 732 588;A01;2;1;0;2;1;1;5;
202000005479;154 732 584;B01;0;33;0;2;1;2;1;
202000005479;154 732 585;A01;0;10;0;2;5;15;1;
202000005479;154 732 586;C01;0;7;0;2;3;23;1;
202000005480;154 732 582;A01;1;10;0;2;3;15;1;
202000005480;154 732 583;B01;2;33;0;2;7;1;1;
202000005481;154 732 580;A01;1;30;0;2;1;17;1;
202000005481;154 732 581;B01;1;7;0;0;0;0;1;
202000005482;154 732 579;A01;3;7;2;0;1;1;0;
202000005483;154 732 577;B01;1;32;0;2;1;1;0;
202000005483;154 732 578;A01;1;7;0;2;3;9;0;
202000005484;154 732 576;A01;1;7;15;0;0;1;1;
202000005485;154 732 575;A01;1;7;0;1;4;4;1;
202000005486;154 732 574;A01;3;7;2;0;1;1;1;
202000005487;154 732 573;A01;1;40;0;1;2;1;3;
202000005488;154 732 572;A01;0;7;0;1;2;0;0;
202000005489;154 732 570;A01;1;7;0;2;3;9;1;
202000005489;154 732 571;B01;2;7;0;2;7;16;1;
202000005490;154 732 569;A01;1;7;0;1;1;1;1;
202000005491;154 732 567;B01;2;33;0;2;1;1;1;
202000005491;154 732 568;A01;1;10;0;2;1;9;1;
202000005492;154 732 562;C01;0;7;0;2;4;2;1;
202000005492;154 732 563;B01;0;7;0;2;4;1;1;
202000005492;154 732 564;A01;1;7;0;2;1;2;1;
202000005492;154 732 565;D01;1;7;0;2;4;2;1;
202000005493;154 732 566;A01;1;7;6;0;1;13;0;
202000005494;154 732 561;A01;2;33;0;0;9;1;1;
202000005495;154 732 560;A01;1;7;0;1;1;1;0;
202000005496;154 732 558;A01;2;7;15;0;5;1;1;
202000005497;154 732 557;A01;3;10;0;2;1;1;1;
202000005497;154 732 559;B01;3;7;0;2;7;1;1;
202000005498;154 732 555;A01;1;7;0;2;3;15;1;
202000005498;154 732 556;B01;2;31;4;2;1;1;1;
202000005499;154 732 553;A01;3;14;0;2;6;16;1;
202000005499;154 732 554;B01;3;1;0;2;1;1;0;
202000005500;154 732 551;A01;2;3;0;1;1;1;1;
202000005501;154 732 550;A01;0;7;0;1;2;16;1;
202000005502;154 732 549;A01;1;33;0;0;8;1;1;
202000005503;154 732 548;A01;1;7;9;0;1;15;1;
202000005504;154 732 545;C01;1;7;0;2;6;1;1;
202000005504;154 732 546;B01;2;7;0;2;3;1;0;
202000005504;154 732 547;A01;1;7;0;2;1;5;1;
202000005505;154 732 543;A01;1;7;0;2;3;20;1;
202000005505;154 732 544;B01;1;33;0;2;1;1;1;
202000005506;154 732 541;B01;1;33;0;2;1;2;0;
202000005506;154 732 542;A01;1;2;0;2;3;2;0;
202000005507;154 732 540;A01;2;7;13;0;1;14;1;
202000005508;154 732 536;A01;1;7;4;2;1;1;1;
202000005508;154 732 538;B01;1;7;0;2;1;1;1;
202000005509;154 732 535;A01;1;7;0;2;4;23;1;
202000005509;154 732 537;B01;1;7;0;2;4;23;1;
202000005509;154 732 539;C01;1;10;0;2;1;2;1;
202000005510;154 732 533;A01;2;7;0;2;2;15;1;
202000005510;154 732 534;B01;2;30;0;2;7;1;1;
202000005511;154 732 532;A01;3;3;0;0;0;1;3;
202000005512;154 732 531;A01;1;7;0;1;3;19;1;
202000005513;154 732 528;A01;3;10;0;1;1;9;1;
202000005514;154 732 529;A01;1;33;0;0;0;1;1;
202000005514;154 732 530;B01;3;7;0;0;0;1;1;
202000005515;154 732 525;A01;2;7;0;2;2;15;1;
202000005515;154 732 527;B01;1;33;0;2;1;1;1;
202000005516;154 732 524;A01;3;31;0;2;3;0;1;
202000005516;154 732 526;B01;3;33;0;2;1;0;1;
202000005517;154 732 522;A01;3;99;0;0;0;1;0;
202000005518;154 732 521;B01;1;7;0;0;4;23;1;
202000005518;154 732 523;A01;1;7;14;0;1;1;1;
202000005519;154 732 520;A01;1;7;7;0;9;1;1;
202000005520;154 732 517;A01;2;2;12;0;3;1;1;
202000005521;154 732 518;B01;3;7;0;2;3;15;1;
202000005521;154 732 519;A01;3;33;0;2;1;1;1;
202000005522;154 732 516;A01;1;7;1;0;1;1;1;
202000005523;154 732 514;B01;3;1;0;2;1;1;5;
202000005523;154 732 515;Z01;0;7;0;2;7;16;1;
202000005524;154 732 513;A01;2;7;6;0;1;14;1;
202000005525;154 732 511;A01;3;1;0;0;0;0;5;
202000005526;154 732 510;A01;1;7;1;0;7;26;1;
202000005527;154 732 509;A01;3;2;13;0;0;0;0;
202000005528;154 732 506;A01;1;33;7;0;2;1;1;
202000005529;154 732 505;A01;0;7;0;1;1;15;1;
202000005530;154 732 503;B01;2;7;0;2;1;1;1;
202000005530;154 732 504;A01;1;3;0;2;2;15;1;
202000005531;154 732 502;A01;1;7;0;1;1;1;1;
202000005532;154 732 501;A01;1;7;0;1;2;1;1;
202000005533;154 732 500;A01;2;7;2;0;2;0;0;
202000005534;154 732 498;B01;1;7;0;0;6;23;1;
202000005534;154 732 499;A01;1;7;0;2;2;18;1;
202000005535;154 732 497;A01;1;7;13;0;1;1;1;
202000005536;154 732 495;B01;1;50;0;2;1;15;3;
202000005536;154 732 496;A01;2;7;0;2;3;1;1;
202000005537;154 732 494;A01;3;7;0;1;0;1;1;
202000005538;154 732 492;B01;2;7;0;2;1;1;1;
202000005538;154 732 493;A01;1;7;0;2;1;13;1;
202000005539;154 732 490;A01;1;1;0;1;1;1;5;
202000005540;154 732 489;B01;1;7;0;2;3;13;1;
202000005540;154 732 491;A01;2;7;0;2;3;1;1;
202000005541;154 732 488;A01;1;7;0;1;4;4;1;
202000005542;154 732 487;A01;0;7;0;1;2;1;1;
202000005543;154 732 485;Z01;2;7;0;2;6;13;0;
202000005543;154 732 486;A01;2;33;0;2;2;17;1;
202000005544;154 732 484;A01;1;33;0;1;2;17;1;
202000005545;154 732 483;A01;2;1;1;0;6;14;5;
202000005546;154 732 482;A01;3;7;13;0;9;1;1;
202000005547;154 732 479;A01;0;7;6;0;1;1;1;
202000005548;154 732 480;B01;1;1;0;2;1;19;5;
202000005548;154 732 481;A01;2;7;0;2;1;1;1;
202000005549;154 732 478;A01;2;7;0;0;9;1;1;
202000005550;154 732 475;A01;2;33;13;0;1;0;1;
202000005551;154 732 476;A01;1;16;0;2;2;13;1;
202000005551;154 732 477;B01;2;32;0;2;1;1;1;
202000005552;154 732 473;A01;1;20;0;0;9;26;0;
202000005553;154 732 472;A01;1;36;0;0;0;2;1;
202000005554;154 732 468;A01;3;7;16;2;7;1;1;
202000005554;154 732 471;B01;3;7;0;2;1;1;1;
202000005555;154 732 467;C01;2;33;0;2;5;21;1;
202000005555;154 732 469;B01;2;33;0;2;2;21;1;
202000005555;154 732 470;A01;1;7;0;2;3;15;1;
202000005556;154 732 466;A01;1;33;7;0;1;1;1;
202000005557;154 732 465;A01;1;7;0;1;1;15;0;
202000005558;154 732 462;B01;2;99;0;2;5;17;1;
202000005558;154 732 464;A01;2;1;0;2;3;2;5;
202000005559;154 732 460;A01;3;7;13;0;2;0;1;
202000005560;154 732 461;B01;0;7;0;2;4;1;1;
202000005560;154 732 463;A01;0;7;0;2;1;1;1;
202000005561;154 732 459;A01;1;7;4;0;7;1;1;
202000005562;154 732 456;A01;2;7;0;2;2;19;1;
202000005562;154 732 458;B01;2;7;0;2;3;1;1;
202000005563;154 732 455;A01;3;7;8;2;1;15;1;
202000005563;154 732 457;B01;1;7;0;2;1;1;1;
202000005564;154 732 454;A01;0;7;0;1;2;9;1;
202000005565;154 732 452;A01;1;2;0;2;3;13;1;
202000005565;154 732 453;B01;2;7;0;2;3;1;1;
202000005566;154 732 450;A01;1;50;0;2;7;1;3;
202000005566;154 732 451;B01;1;7;0;2;1;1;1;
202000005567;154 732 449;A01;1;7;0;1;5;1;1;
202000005568;154 732 446;A01;2;7;4;0;2;26;1;
202000005569;154 732 447;A01;2;7;0;2;8;11;1;
202000005569;154 732 448;B01;2;33;0;2;7;3;0;
202000005570;154 732 444;A01;1;7;4;0;2;1;1;
202000005571;154 732 443;A01;2;30;0;2;1;1;1;
202000005571;154 732 445;B01;2;7;1;2;6;1;0;
202000005572;154 732 441;B01;0;33;0;2;1;1;1;
202000005572;154 732 442;A01;0;10;0;2;3;15;1;
202000005573;154 732 439;B01;1;30;0;2;6;2;1;
202000005573;154 732 440;A01;1;7;0;2;0;0;1;
202000005574;154 732 436;A01;3;7;8;0;1;2;1;
202000005575;154 732 437;B01;2;33;0;2;4;2;1;
202000005575;154 732 438;A01;2;7;0;2;1;1;1;
202000005576;154 732 434;A01;1;7;13;0;9;13;1;
202000005577;154 732 433;B01;2;7;0;2;4;0;1;
202000005577;154 732 435;A01;2;15;0;2;1;1;1;
202000005578;154 732 431;B01;0;1;0;2;0;0;5;
202000005578;154 732 432;A01;1;10;0;2;3;0;1;
202000005579;154 732 430;A01;1;7;0;1;3;1;1;
202000005580;154 732 427;A01;2;33;0;2;8;13;1;
202000005580;154 732 429;B01;1;7;0;2;3;1;1;
202000005581;154 732 426;A01;0;7;0;2;1;16;1;
202000005581;154 732 428;B01;2;7;0;2;3;1;1;
202000005582;154 732 423;Z01;1;7;0;1;0;1;1;
202000005583;154 732 424;B01;2;35;0;2;3;9;0;
202000005583;154 732 425;A01;2;7;0;2;2;1;0;
202000005584;154 732 420;B01;1;7;0;2;8;11;1;
202000005584;154 732 422;A01;1;33;0;2;1;3;1;
202000005585;154 732 419;B01;0;31;0;2;1;1;1;
202000005585;154 732 421;A01;0;7;0;2;3;26;1;
202000005586;154 732 414;I01;0;7;1;2;0;0;1;
202000005586;154 732 415;G01;0;7;1;2;7;0;1;
202000005586;154 732 416;A01;1;7;0;2;0;17;1;
202000005586;154 732 417;C01;1;7;0;2;8;23;1;
202000005586;154 732 418;B01;1;7;0;2;0;11;1;
202000005587;154 732 413;A01;0;2;13;0;8;1;1;
202000005588;154 732 410;B01;2;33;0;2;1;15;1;
202000005588;154 732 411;A01;1;7;0;2;3;16;1;
202000005589;154 732 409;B01;1;2;0;2;7;1;1;
202000005589;154 732 412;A01;1;7;0;2;3;1;1;
202000005590;154 732 407;A01;1;7;0;1;3;1;1;
202000005591;154 732 406;A01;2;7;0;2;3;13;2;
202000005591;154 732 408;B01;1;7;0;2;3;23;1;
202000005592;154 732 405;A01;0;10;0;1;4;20;1;
202000005593;154 732 402;A01;2;7;6;0;3;13;1;
202000005594;154 732 403;B01;1;33;0;2;3;1;1;
202000005594;154 732 404;A01;2;7;0;2;1;15;1;
202000005595;154 732 401;A01;2;7;3;0;1;14;1;
202000005596;154 732 399;B01;2;1;0;2;1;5;5;
202000005596;154 732 400;A01;2;14;0;2;5;1;1;
202000005597;154 732 395;A01;1;7;13;0;9;26;1;
202000005598;154 732 394;A01;2;33;0;2;0;2;1;
202000005598;154 732 396;B01;2;10;0;2;8;2;1;
202000005598;154 732 397;C01;1;7;0;9;1;1;1;
202000005599;154 732 392;A01;1;7;0;2;6;15;1;
202000005599;154 732 393;B01;1;33;0;2;1;1;1;
202000005600;154 732 391;A01;3;7;6;0;2;1;0;
202000005601;154 732 388;A01;1;7;0;0;3;2;1;
202000005602;154 732 389;A01;3;50;0;4;1;19;3;
202000005602;154 732 390;B01;2;40;0;2;2;1;3;
202000005603;154 732 386;A01;1;7;0;2;1;1;1;
202000005603;154 732 387;B01;3;33;0;2;3;15;1;
202000005604;154 732 385;A01;0;7;8;0;3;1;1;
202000005605;154 732 383;A01;0;30;0;1;1;25;1;
202000005606;154 732 380;A01;1;7;0;1;7;1;1;
202000005607;154 732 379;A01;0;7;0;2;7;13;1;
202000005607;154 732 381;B01;0;7;0;2;1;1;1;
202000005608;154 732 377;B01;2;2;0;2;3;2;1;
202000005608;154 732 378;A01;1;7;0;2;3;15;1;
202000005609;154 732 375;B01;0;33;0;2;0;21;1;
202000005609;154 732 376;A01;0;1;0;2;6;19;5;
202000005610;154 732 374;A01;2;30;0;1;1;1;1;
202000005611;154 732 372;B01;2;7;0;2;3;21;1;
202000005611;154 732 373;A01;2;7;0;2;5;1;1;
202000005612;154 732 371;A01;1;7;13;0;2;14;-1;
202000005613;154 732 368;A01;2;7;0;2;4;1;0;
202000005613;154 732 370;B01;2;7;0;2;1;1;1;
202000005614;154 732 367;B01;1;7;3;2;6;15;1;
202000005614;154 732 369;A01;1;7;0;2;1;17;1;
202000005615;154 732 365;A01;2;7;0;2;1;1;1;
202000005615;154 732 366;B01;2;10;0;2;8;9;1;
202000005616;154 732 363;B01;2;7;0;2;4;1;1;
202000005616;154 732 364;A01;2;7;0;2;1;0;1;
202000005617;154 732 362;A01;2;33;0;1;3;17;6;
202000005618;154 732 359;A01;1;7;0;2;2;2;1;
202000005618;154 732 361;B01;1;7;0;2;4;2;1;
202000005619;154 732 358;B01;2;7;0;2;4;1;1;
202000005619;154 732 360;A01;2;33;0;2;1;2;1;
202000005620;154 732 355;A01;2;10;0;2;3;13;2;
202000005620;154 732 357;B01;1;14;0;2;3;1;1;
202000005621;154 732 354;A01;2;33;0;2;2;17;1;
202000005621;154 732 356;B01;2;10;0;2;0;0;1;
202000005622;154 732 351;B01;2;7;0;2;1;2;1;
202000005622;154 732 353;A01;2;7;0;2;4;1;1;
202000005623;154 732 350;B01;3;7;0;2;7;9;1;
202000005623;154 732 352;A01;2;31;0;2;1;21;1;
202000005624;154 732 349;A01;2;7;3;0;1;14;1;
202000005625;154 732 347;B01;1;33;0;2;4;0;0;
202000005625;154 732 348;A01;1;3;0;2;4;1;1;
202000005626;154 732 346;A01;2;7;4;0;9;1;1;
202000005627;154 732 343;A01;2;7;0;2;1;1;1;
202000005627;154 732 345;B01;2;1;0;2;4;2;5;
202000005628;154 732 344;A01;1;20;0;1;2;15;1;
202000005629;154 732 341;B01;1;2;0;2;8;1;6;
202000005629;154 732 342;A01;1;7;0;2;1;19;6;
202000005630;154 732 339;A01;3;7;0;2;8;15;0;
202000005630;154 732 340;B01;1;34;0;2;1;1;0;
202000005631;154 732 337;A01;2;7;0;2;7;15;1;
202000005631;154 732 338;B01;1;1;0;2;1;1;0;
202000005632;154 732 336;A01;2;30;11;0;1;0;1;
202000005633;154 732 334;A01;1;7;0;2;6;21;0;
202000005633;154 732 335;B01;1;7;0;2;6;9;0;
202000005634;154 732 332;A01;2;7;0;2;4;2;1;
202000005634;154 732 333;B01;2;7;0;2;1;2;1;
202000005635;154 732 330;A01;2;30;0;0;3;1;1;
202000005636;154 732 329;B01;1;7;0;2;1;2;1;