num_acc;id_vehicule;num_veh;senc;catv;obs;obsm;choc;manv;motor;occutc
202000005636;154 732 331;A01;1;7;0;2;4;2;1;
202000005637;154 732 326;A01;3;1;0;9;1;1;0;
202000005637;154 732 328;B01;3;1;0;9;3;0;0;
202000005638;154 732 327;A01;2;34;0;1;1;1;1;
202000005639;154 732 324;B01;2;37;0;2;7;1;1;1
202000005639;154 732 325;Z01;1;7;0;2;0;0;0;
202000005640;154 732 323;A01;1;33;12;2;3;18;1;
202000005641;154 732 321;A01;1;7;0;1;1;1;1;
202000005642;154 732 322;A01;3;7;0;1;0;26;0;
202000005643;154 732 319;A01;2;1;0;2;1;13;5;
202000005643;154 732 320;Z01;1;1;0;2;1;1;5;
202000005644;154 732 317;A01;1;7;0;2;8;26;1;
202000005644;154 732 318;B01;1;37;0;2;2;1;1;2
202000005645;154 732 316;A01;2;7;0;1;2;1;1;
202000005646;154 732 315;A01;2;7;0;1;2;26;1;
202000005647;154 732 313;A01;1;50;0;1;1;1;3;
202000005648;154 732 312;B01;0;7;0;2;5;1;1;
202000005648;154 732 314;A01;0;30;0;2;3;3;1;
202000005649;154 732 310;A01;0;7;0;1;1;26;0;
202000005650;154 732 309;A01;1;43;1;2;7;17;1;
202000005650;154 732 311;B01;1;10;0;2;3;13;1;
202000005651;154 732 307;A01;1;7;0;2;6;13;1;
202000005651;154 732 308;B01;2;7;0;2;3;1;1;
202000005652;154 732 305;B01;1;7;0;2;4;2;1;
202000005652;154 732 306;A01;1;7;0;2;1;2;1;
202000005653;154 732 302;C01;2;7;0;2;4;0;0;
202000005653;154 732 303;B01;2;7;0;2;4;0;1;
202000005653;154 732 304;A01;2;7;0;2;1;0;1;
202000005654;154 732 301;A01;2;7;0;1;1;15;1;
202000005655;154 732 300;A01;0;33;16;0;1;1;1;
202000005656;154 732 298;A01;2;30;0;0;0;1;1;
202000005657;154 732 297;B01;1;33;0;2;3;1;1;
202000005657;154 732 299;A01;1;7;0;2;2;15;1;
202000005658;154 732 296;A01;3;7;0;1;5;20;0;
202000005659;154 732 294;B01;2;10;0;2;2;1;1;
202000005659;154 732 295;A01;2;1;0;2;3;15;5;
202000005660;154 732 293;A01;3;7;3;0;1;1;1;
202000005661;154 732 291;B01;3;7;0;2;8;1;1;
202000005661;154 732 292;A01;3;7;0;2;1;1;1;
202000005662;154 732 287;D01;3;7;0;9;8;23;1;
202000005662;154 732 288;C01;2;7;0;9;3;23;1;
202000005662;154 732 289;B01;1;34;0;2;1;1;1;
202000005662;154 732 290;A01;2;99;0;2;3;15;1;
202000005663;154 732 286;A01;1;34;0;0;4;1;1;
202000005664;154 732 285;A01;1;30;12;0;3;17;1;
202000005665;154 732 284;A01;2;0;0;1;0;0;0;
202000005666;154 732 282;Y01;2;50;0;2;1;1;3;
202000005666;154 732 283;A01;1;7;0;2;2;15;3;
202000005667;154 732 280;A01;1;50;0;2;1;14;3;
202000005667;154 732 281;B01;2;1;0;2;1;1;5;
202000005668;154 732 277;B01;2;10;0;2;4;23;0;
202000005668;154 732 278;A01;2;10;0;2;1;26;0;
202000005668;154 732 279;C01;2;10;0;2;4;23;0;
202000005669;154 732 275;A01;1;33;0;2;7;21;1;
202000005669;154 732 276;B01;2;7;0;2;2;5;1;
202000005670;154 732 273;B01;2;7;0;2;1;13;1;
202000005670;154 732 274;A01;1;38;0;2;3;23;0;1
202000005671;154 732 271;A01;2;10;1;2;7;1;1;
202000005671;154 732 272;B01;2;7;0;2;1;1;1;
202000005672;154 732 269;A01;2;7;0;2;7;10;0;
202000005672;154 732 270;B01;2;32;0;2;1;1;0;
202000005673;154 732 267;A01;1;7;0;2;1;2;1;
202000005673;154 732 268;B01;1;2;0;2;4;2;1;
202000005674;154 732 266;A01;1;7;1;1;1;17;1;
202000005675;154 732 264;B01;2;7;0;2;7;15;0;
202000005675;154 732 265;A01;1;33;0;2;1;1;0;
202000005676;154 732 262;A01;1;7;0;2;3;10;1;
202000005676;154 732 263;B01;1;33;0;2;1;17;1;
202000005677;154 732 260;B01;2;7;0;2;1;1;1;
202000005677;154 732 261;A01;2;7;0;2;3;14;1;
202000005678;154 732 259;A01;0;0;0;1;0;0;-1;
202000005679;154 732 257;A01;1;7;0;2;7;15;1;
202000005679;154 732 258;B01;1;7;0;2;1;1;1;
202000005680;154 732 256;A01;-1;31;0;1;1;2;1;
202000005681;154 732 255;A01;3;7;0;1;2;19;1;
202000005682;154 732 254;A01;3;7;0;1;3;1;1;
202000005683;154 732 253;A01;1;7;0;1;2;17;1;
202000005684;154 732 252;A01;3;7;0;1;3;1;1;
202000005685;154 732 250;A01;1;7;0;2;3;13;1;
202000005685;154 732 251;B01;1;7;0;2;2;2;1;
202000005686;154 732 249;A01;0;10;0;1;5;20;1;
202000005687;154 732 247;B01;0;7;0;2;2;15;0;
202000005687;154 732 248;A01;0;7;0;2;3;5;0;
202000005688;154 732 245;B01;3;7;0;2;2;17;0;
202000005688;154 732 246;A01;1;7;0;2;3;11;0;
202000005689;154 732 244;A01;1;7;0;1;1;16;1;
202000005690;154 732 242;B01;1;7;1;2;3;20;1;
202000005690;154 732 243;A01;1;7;1;2;2;1;1;
202000005691;154 732 241;A01;2;7;0;1;1;1;1;
202000005692;154 732 240;A01;1;32;0;0;0;26;1;
202000005693;154 732 238;A01;1;7;0;2;2;15;1;
202000005693;154 732 239;B01;1;7;0;2;1;1;2;
202000005694;154 732 236;B01;1;31;0;2;4;1;1;
202000005694;154 732 237;A01;2;7;0;2;3;1;1;
202000005695;154 732 234;A01;2;7;0;2;3;1;0;
202000005695;154 732 235;B01;1;31;0;2;0;15;0;
202000005696;154 732 232;B01;1;7;0;9;3;1;1;
202000005696;154 732 233;A01;2;33;0;0;0;1;1;
202000005697;154 732 231;A01;2;7;6;0;1;5;1;
202000005698;154 732 229;A01;2;7;0;2;2;1;1;
202000005698;154 732 230;B01;1;15;0;2;2;1;1;
202000005699;154 732 226;A01;2;7;0;2;1;1;1;
202000005699;154 732 227;C01;2;7;0;0;4;16;1;
202000005699;154 732 228;B01;2;7;0;2;4;1;1;
202000005700;154 732 225;A01;2;7;6;0;3;0;0;
202000005701;154 732 223;B01;1;33;0;2;1;1;1;
202000005701;154 732 224;A01;1;7;0;0;4;1;1;
202000005702;154 732 222;A01;1;10;13;0;2;1;1;
202000005703;154 732 220;A01;1;7;0;2;1;2;1;
202000005703;154 732 221;B01;1;7;0;0;4;2;1;
202000005704;154 732 218;B01;0;10;6;2;3;19;1;
202000005704;154 732 219;A01;2;7;6;2;7;1;1;
202000005705;154 732 217;A01;2;2;13;0;0;21;1;
202000005706;154 732 215;B01;2;7;0;2;1;1;1;
202000005706;154 732 216;A01;1;7;0;2;1;13;1;
202000005707;154 732 213;A01;1;7;0;2;1;16;1;
202000005707;154 732 214;B01;1;7;0;2;7;1;1;
202000005708;154 732 211;A01;1;7;0;2;3;1;1;
202000005708;154 732 212;B01;2;14;0;2;3;1;1;
202000005709;154 732 209;A01;2;7;0;2;2;1;1;
202000005709;154 732 210;B01;1;1;0;2;1;26;5;
202000005710;154 732 208;A01;1;7;1;0;2;1;1;
202000005711;154 732 207;A01;1;7;2;0;1;0;1;
202000005712;154 732 206;A01;2;30;0;0;9;1;1;
202000005713;154 732 205;A01;1;7;2;0;3;1;1;
202000005714;154 732 204;A01;3;10;0;1;3;1;1;
202000005715;154 732 202;B01;1;34;0;2;8;19;1;
202000005715;154 732 203;A01;1;7;0;2;2;26;1;
202000005716;154 732 200;A01;1;7;7;0;1;14;1;
202000005717;154 732 198;B01;2;7;0;2;3;1;1;
202000005717;154 732 199;A01;1;7;0;2;3;13;1;
202000005718;154 732 196;A01;2;7;0;2;2;15;1;
202000005718;154 732 197;B01;1;7;0;2;3;1;1;
202000005719;154 732 194;A01;0;7;0;2;3;15;1;
202000005719;154 732 195;B01;0;2;0;2;1;1;1;
202000005720;154 732 192;B01;1;30;0;2;1;1;1;
202000005720;154 732 193;A01;2;7;0;2;3;15;1;
202000005721;154 732 190;B01;1;7;0;0;4;2;0;
202000005721;154 732 191;A01;1;7;0;2;1;2;0;
202000005722;154 732 189;A01;1;7;15;0;1;13;1;
202000005723;154 732 187;B01;1;33;0;2;1;1;1;
202000005723;154 732 188;A01;1;7;0;2;7;9;1;
202000005724;154 732 185;A01;1;7;3;2;2;0;1;
202000005724;154 732 186;B01;2;7;0;2;1;1;1;
202000005725;154 732 183;A01;1;7;0;2;3;13;1;
202000005725;154 732 184;B01;2;14;0;2;3;1;1;
202000005726;154 732 180;A01;2;14;0;2;1;1;1;
202000005726;154 732 181;B01;2;7;10;2;4;11;1;
202000005726;154 732 182;C01;1;38;0;2;1;1;1;1
202000005727;154 732 178;B01;2;7;0;2;1;1;0;
202000005727;154 732 179;A01;2;7;0;2;2;15;0;
202000005728;154 732 176;B01;2;7;0;2;1;1;1;
202000005728;154 732 177;A01;1;7;0;2;1;13;1;
202000005729;154 732 175;A01;0;7;0;1;3;1;0;
202000005730;154 732 173;A01;1;7;0;2;1;2;1;
202000005730;154 732 174;B01;1;7;0;0;4;2;1;
202000005731;154 732 172;A01;2;7;4;0;0;2;1;
202000005732;154 732 171;A01;2;7;0;1;1;1;2;
202000005733;154 732 169;A01;2;7;0;2;1;5;1;
202000005733;154 732 170;B01;1;7;0;2;1;1;1;
202000005734;154 732 167;B01;2;10;0;2;1;1;1;
202000005734;154 732 168;A01;3;7;13;2;7;1;1;
202000005735;154 732 166;A01;1;7;13;0;2;1;1;
202000005736;154 732 164;A01;2;7;0;2;0;0;1;
202000005736;154 732 165;B01;1;7;0;2;0;0;1;
202000005737;154 732 162;A01;1;7;0;2;1;19;1;
202000005737;154 732 163;B01;2;7;0;2;3;1;1;
202000005738;154 732 160;B01;2;21;0;2;0;15;0;
202000005738;154 732 161;A01;2;7;0;2;1;17;6;
202000005739;154 732 159;A01;1;7;15;0;1;1;1;
202000005740;154 732 157;B01;2;7;0;2;2;17;1;
202000005740;154 732 158;A01;2;1;0;0;4;13;5;
202000005741;154 732 156;A01;2;7;0;1;1;1;1;
202000005742;154 732 155;A01;1;7;2;0;1;0;1;
202000005743;154 732 152;C01;2;7;0;2;4;2;1;
202000005743;154 732 153;B01;2;10;0;2;4;2;1;
202000005743;154 732 154;A01;2;7;0;2;1;1;1;
202000005744;154 732 149;C01;2;7;0;2;1;1;1;
202000005744;154 732 150;B01;2;7;0;2;8;1;1;
202000005744;154 732 151;A01;2;17;0;2;2;12;1;
202000005745;154 732 148;A01;1;7;13;0;9;14;1;
202000005746;154 732 147;A01;1;33;0;0;0;26;1;
202000005747;154 732 144;B01;1;7;3;2;3;1;1;
202000005747;154 732 145;C01;1;7;0;2;8;1;3;
202000005747;154 732 146;Z01;1;7;0;2;2;12;0;
202000005748;154 732 142;A01;1;10;0;2;3;9;1;
202000005748;154 732 143;B01;1;17;0;2;7;1;1;
202000005749;154 732 141;A01;2;7;4;0;1;1;1;
202000005750;154 732 140;A01;1;7;4;0;1;14;1;
202000005751;154 732 139;A01;2;7;4;0;1;14;1;
202000005752;154 732 138;A01;2;7;3;0;1;13;1;
202000005753;154 732 136;A01;2;7;0;2;3;11;1;
202000005753;154 732 137;B01;2;34;0;2;7;3;1;
202000005754;154 732 133;C01;2;10;0;2;6;2;1;
202000005754;154 732 134;B01;2;7;0;2;6;2;1;
202000005754;154 732 135;A01;2;7;0;2;3;2;1;
202000005755;154 732 131;B01;1;33;0;2;7;3;1;
202000005755;154 732 132;A01;1;7;0;2;8;11;1;
202000005756;154 732 129;A01;1;15;0;2;2;12;1;
202000005756;154 732 130;B01;2;7;0;0;8;1;1;
202000005757;154 732 124;A01;2;7;0;2;1;2;1;
202000005757;154 732 125;B01;2;7;0;2;9;2;1;
202000005757;154 732 126;C01;0;7;0;2;4;2;1;
202000005758;154 732 122;A01;1;7;3;2;2;2;1;
202000005758;154 732 123;B01;1;21;3;0;6;0;0;
202000005759;154 732 120;B01;1;7;0;0;4;1;1;
202000005759;154 732 121;A01;1;2;0;2;1;2;1;
202000005760;154 732 119;A01;1;7;0;1;1;1;0;
202000005761;154 732 118;A01;1;2;15;0;0;0;0;
202000005762;154 732 116;B01;2;7;0;2;4;2;1;
202000005762;154 732 117;A01;2;33;0;2;1;2;1;
202000005763;154 732 114;A01;2;7;0;2;1;0;1;
202000005763;154 732 115;B01;2;7;0;2;4;0;1;
202000005764;154 732 112;A01;3;33;0;2;1;17;1;
202000005764;154 732 113;B01;0;7;0;0;8;15;1;
202000005765;154 732 110;B01;1;7;0;2;7;1;1;
202000005765;154 732 111;A01;1;10;0;2;2;9;1;
202000005766;154 732 109;A01;1;7;4;0;7;14;1;
202000005767;154 732 108;A01;3;10;0;1;2;16;1;
202000005768;154 732 107;A01;0;7;0;0;0;0;1;
202000005769;154 732 106;A01;2;3;1;0;1;1;1;
202000005770;154 732 104;A01;3;14;1;0;3;26;1;
202000005770;154 732 105;B01;3;15;1;0;5;24;1;
202000005771;154 732 102;A01;2;7;0;2;1;2;1;
202000005771;154 732 103;B01;2;7;0;2;4;2;1;
202000005772;154 732 100;B01;1;7;0;2;4;23;1;
202000005772;154 732 101;A01;1;7;0;2;1;2;1;
202000005773;154 732 099;A01;1;37;0;1;7;7;1;1
202000005774;154 732 097;A01;2;7;0;2;7;1;1;
202000005774;154 732 098;B01;2;7;0;2;1;1;1;
202000005775;154 732 095;A01;2;33;0;2;1;17;1;
202000005775;154 732 096;B01;1;7;0;2;2;15;1;
202000005776;154 732 094;A01;2;7;0;1;1;1;1;
202000005777;154 732 092;B01;0;7;0;2;4;1;1;
202000005777;154 732 093;A01;0;7;0;2;1;1;1;
202000005778;154 732 091;A01;2;7;0;1;2;1;1;
202000005779;154 732 090;A01;1;7;0;1;7;26;1;
202000005780;154 732 088;B01;3;1;0;2;4;2;5;
202000005780;154 732 089;A01;3;10;0;9;1;2;1;
202000005781;154 732 086;A01;1;7;8;2;0;13;1;
202000005781;154 732 087;B01;1;7;0;2;6;21;1;
202000005782;154 732 085;A01;1;7;0;0;2;1;1;
202000005783;154 732 084;A01;0;7;0;1;1;1;1;
202000005784;154 732 079;B01;1;1;0;2;8;14;5;
202000005784;154 732 080;A01;1;7;0;2;7;22;1;
202000005785;154 732 076;A01;1;15;0;2;0;26;1;
202000005785;154 732 077;B01;2;10;0;2;8;1;1;
202000005785;154 732 078;C01;2;10;0;2;5;1;1;
202000005786;154 732 074;A01;1;7;0;9;1;2;1;
202000005786;154 732 075;B01;3;1;0;2;7;19;5;
202000005787;154 732 072;Z01;1;7;0;0;0;14;0;
202000005787;154 732 073;A01;1;32;0;0;8;13;1;
202000005788;154 732 070;A01;1;7;0;2;1;2;1;
202000005788;154 732 071;B01;1;7;0;2;4;0;0;
202000005789;154 732 069;A01;1;7;1;0;2;14;1;
202000005790;154 732 068;A01;1;30;0;0;8;1;1;
202000005791;154 732 066;A01;3;7;0;2;1;1;1;
202000005791;154 732 067;B01;3;7;0;2;4;2;1;
202000005792;154 732 065;A01;3;2;0;1;0;21;1;
202000005793;154 732 063;B01;1;15;0;2;4;2;6;
202000005793;154 732 064;A01;1;30;0;2;1;2;1;
202000005794;154 732 062;A01;2;31;12;0;1;1;1;
202000005795;154 732 060;B01;1;50;0;2;8;1;3;
202000005795;154 732 061;A01;1;3;0;2;2;1;1;
202000005796;154 732 058;A01;1;7;0;9;3;15;1;
202000005796;154 732 059;B01;2;1;0;2;1;1;0;
202000005797;154 732 055;B01;1;37;0;2;2;1;1;4
202000005797;154 732 056;C01;1;7;0;0;5;1;1;
202000005797;154 732 057;A01;1;7;0;2;6;9;1;
202000005798;154 732 053;B01;2;7;0;2;1;1;1;
202000005798;154 732 054;A01;1;7;0;2;2;15;1;
202000005799;154 732 051;B01;1;7;0;2;2;16;1;
202000005799;154 732 052;A01;1;1;0;2;3;5;0;
202000005800;154 732 050;A01;1;7;0;0;1;13;1;
202000005801;154 732 049;A01;3;1;0;1;8;26;5;
202000005802;154 732 047;A01;1;33;0;2;1;0;1;
202000005802;154 732 048;B01;1;7;0;2;8;0;1;
202000005803;154 732 045;A01;1;2;0;2;1;0;1;
202000005803;154 732 046;B01;1;7;0;2;4;0;1;
202000005804;154 732 043;A01;1;1;0;2;1;0;5;
202000005804;154 732 044;B01;1;7;0;2;4;0;1;
202000005805;154 732 042;A01;1;33;0;0;7;26;1;
202000005806;154 732 040;B01;1;7;0;2;1;1;1;
202000005806;154 732 041;A01;2;1;0;2;8;19;5;
202000005807;154 732 038;A01;2;7;0;2;8;15;1;
202000005807;154 732 039;B01;3;33;0;2;2;2;1;
202000005808;154 732 037;A01;0;7;0;1;1;1;1;
202000005809;154 732 036;A01;3;7;8;0;3;1;1;
202000005810;154 732 034;B01;3;30;0;0;6;1;1;
202000005810;154 732 035;A01;3;7;0;2;2;12;1;
202000005811;154 732 031;A01;2;7;0;2;1;1;1;
202000005811;154 732 032;C01;2;7;0;0;4;1;1;
202000005811;154 732 033;B01;2;7;0;2;1;1;1;
202000005812;154 732 030;A01;2;33;0;0;8;1;1;
202000005813;154 732 029;A01;3;7;5;0;3;14;0;
202000005814;154 732 027;A01;1;7;0;2;2;9;1;
202000005814;154 732 028;B01;0;1;0;0;0;0;0;
202000005815;154 732 025;A01;3;7;0;2;3;9;1;
202000005815;154 732 026;B01;0;1;0;2;4;1;5;
202000005816;154 732 023;B01;2;7;0;2;1;9;1;
202000005816;154 732 024;A01;2;7;8;2;6;1;1;
202000005817;154 732 022;Z01;1;7;0;1;0;1;1;
202000005818;154 732 020;A01;2;7;0;2;3;10;1;
202000005818;154 732 021;B01;2;33;0;2;1;17;1;
202000005819;154 732 019;A01;3;7;6;0;1;13;1;
202000005820;154 732 017;B01;2;10;0;2;5;23;1;
202000005820;154 732 018;A01;2;7;0;2;1;1;1;
202000005821;154 732 015;B01;0;10;0;2;1;1;1;
202000005821;154 732 016;A01;0;7;0;2;1;1;1;
202000005822;154 732 013;B01;3;2;0;2;8;0;1;
202000005822;154 732 014;A01;0;7;0;2;3;1;1;
202000005823;154 732 009;A01;1;7;0;2;6;2;1;
202000005823;154 732 010;B01;1;33;0;2;2;26;1;
202000005824;154 732 008;A01;3;7;0;1;1;1;1;
202000005825;154 732 006;B01;3;1;0;2;1;9;5;
202000005825;154 732 007;A01;3;7;0;9;3;0;1;
202000005826;154 732 005;A01;2;30;0;0;8;1;1;
202000005827;154 732 001;D01;0;10;0;2;4;24;1;
202000005827;154 732 002;C01;0;10;0;2;4;0;1;
202000005827;154 732 003;B01;2;7;0;2;4;10;1;
202000005827;154 732 004;A01;2;33;0;0;0;0;0;
202000005828;154 731 999;A01;3;7;0;2;6;15;1;
202000005828;154 732 000;B01;2;32;0;2;1;1;1;
202000005829;154 731 997;B01;0;7;0;2;8;1;-1;
202000005829;154 731 998;A01;0;33;0;2;1;17;-1;
202000005830;154 731 996;A01;1;7;1;0;1;1;1;
202000005831;154 731 994;A01;1;32;0;2;1;3;1;
202000005831;154 731 995;B01;1;10;0;2;6;1;1;
202000005832;154 731 992;B01;3;32;0;2;2;1;1;
202000005832;154 731 993;A01;3;7;0;2;8;18;1;
202000005833;154 731 990;Z01;1;30;0;2;7;14;1;
202000005833;154 731 991;A01;1;1;0;2;8;1;5;
202000005834;154 731 988;A01;1;33;0;2;3;9;1;
202000005834;154 731 989;B01;1;32;0;2;1;1;1;
202000005835;154 731 987;A01;2;10;0;1;2;1;1;
202000005836;154 731 985;A01;2;30;0;2;1;18;1;
202000005836;154 731 986;B01;2;10;0;2;5;16;1;
202000005837;154 731 983;B01;1;1;0;2;8;1;5;
202000005837;154 731 984;A01;2;7;0;2;3;1;1;
202000005838;154 731 981;A01;1;1;0;2;1;17;5;
202000005838;154 731 982;B01;1;7;0;2;2;22;1;
202000005839;154 731 979;A01;3;7;0;2;5;1;1;
202000005839;154 731 980;B01;3;43;0;2;2;1;1;
202000005840;154 731 977;B01;1;7;0;2;8;15;1;
202000005840;154 731 978;A01;1;30;0;2;7;17;1;
202000005841;154 731 975;A01;1;33;0;2;1;1;1;
202000005841;154 731 976;Z01;1;7;0;2;3;15;1;
202000005842;154 731 973;A01;1;1;0;2;1;9;5;
202000005842;154 731 974;B01;1;1;0;2;1;1;5;
202000005843;154 731 972;A01;1;1;0;0;1;16;5;
202000005844;154 731 970;A01;3;7;0;2;1;15;1;
202000005844;154 731 971;B01;3;32;0;2;1;1;1;
202000005845;154 731 968;A01;2;50;0;2;1;1;3;
202000005845;154 731 969;B01;2;7;0;2;2;1;1;
202000005846;154 731 966;B01;1;7;0;2;1;19;1;
202000005846;154 731 967;A01;1;80;0;2;1;1;3;
202000005847;154 731 964;A01;1;32;12;0;4;2;1;
202000005847;154 731 965;Z01;1;99;0;2;0;0;1;
202000005848;154 731 963;A01;1;7;0;1;2;16;1;
202000005849;154 731 962;A01;3;7;4;0;3;1;1;
202000005850;154 731 960;A01;3;33;0;2;1;16;6;
202000005850;154 731 961;B01;3;10;0;2;3;1;6;
202000005851;154 731 958;A01;2;7;0;2;0;0;1;
202000005851;154 731 959;B01;1;33;0;2;2;1;1;
202000005852;154 731 957;A01;1;7;4;0;1;1;1;
202000005853;154 731 955;B01;3;31;0;2;8;15;1;
202000005853;154 731 956;A01;0;7;0;2;3;19;1;
202000005854;154 731 953;B01;-1;7;0;0;0;0;1;
202000005854;154 731 954;A01;-1;7;15;0;2;1;1;
202000005855;154 731 951;B01;-1;7;0;2;3;10;1;
202000005855;154 731 952;A01;-1;34;3;2;3;13;0;
202000005856;154 731 950;A01;1;7;0;1;1;2;1;
202000005857;154 731 948;A01;1;37;0;2;8;1;0;1
202000005857;154 731 949;B01;3;1;0;2;1;9;0;
202000005858;154 731 946;A01;1;7;0;2;3;10;0;
202000005858;154 731 947;B01;1;32;0;2;7;1;0;
202000005859;154 731 945;A01;2;7;0;1;7;1;1;
202000005860;154 731 942;D01;-1;7;8;0;0;0;0;
202000005860;154 731 943;A01;2;7;0;2;1;2;0;
202000005860;154 731 944;B01;2;7;8;0;0;0;0;
202000005861;154 731 941;A01;-1;3;0;1;1;15;0;
202000005862;154 731 939;B01;1;50;1;0;0;1;3;
202000005862;154 731 940;CA01;3;7;0;2;3;22;1;
202000005863;154 731 938;A01;1;10;15;0;1;1;1;
202000005864;154 731 936;B01;2;50;0;2;1;2;3;
202000005864;154 731 937;A01;2;7;0;2;0;14;1;
202000005865;154 731 935;B01;2;2;0;4;3;2;1;
202000005866;154 731 933;A01;1;32;0;0;2;2;0;
202000005866;154 731 934;B01;1;1;0;0;6;14;0;
202000005867;154 731 932;A01;1;7;0;1;1;1;1;
202000005868;154 731 928;C01;2;1;14;0;1;1;5;
202000005868;154 731 929;B01;2;1;14;0;1;1;5;
202000005868;154 731 930;A01;1;7;0;0;0;1;1;
202000005868;154 731 931;D01;2;1;0;9;1;1;5;
202000005869;154 731 925;C01;2;14;0;2;6;1;0;
202000005869;154 731 926;B01;2;7;0;0;3;1;0;
202000005869;154 731 927;A01;1;7;0;2;3;13;0;
202000005870;154 731 923;B01;2;1;0;2;1;1;5;
202000005870;154 731 924;A01;1;7;0;2;3;19;1;
202000005871;154 731 921;B01;2;31;0;2;7;1;1;
202000005871;154 731 922;A01;1;7;0;2;1;9;3;
202000005872;154 731 919;A01;1;7;8;2;1;1;0;
202000005872;154 731 920;B01;2;7;0;2;3;1;0;
202000005873;154 731 918;A01;2;31;0;0;2;0;1;
202000005874;154 731 916;A01;1;7;0;0;5;2;1;
202000005874;154 731 917;B01;1;33;0;2;2;2;1;
202000005875;154 731 914;B01;1;7;0;2;2;6;1;
202000005875;154 731 915;A01;1;1;0;2;1;1;5;
202000005876;154 731 911;A01;1;7;2;0;1;1;1;
202000005877;154 731 909;A01;2;7;0;2;2;19;1;
202000005877;154 731 910;B01;1;7;0;2;7;1;1;
202000005878;154 731 907;A01;2;7;0;9;2;15;1;
202000005878;154 731 908;B01;2;1;0;0;1;26;6;
202000005879;154 731 905;B01;2;33;0;2;1;21;1;
202000005879;154 731 906;A01;2;7;0;2;3;10;1;
202000005880;154 731 904;A01;1;7;6;0;2;1;1;
202000005881;154 731 903;A01;1;7;0;0;0;1;0;
202000005882;154 731 901;A01;1;10;0;2;7;15;0;
202000005882;154 731 902;B01;2;7;0;2;2;1;0;
202000005883;154 731 900;A01;2;10;0;1;2;1;1;
202000005884;154 731 899;A01;1;7;13;0;2;0;0;
202000005885;154 731 898;A01;1;33;0;6;1;1;1;
202000005886;154 731 896;B01;1;33;0;2;2;17;1;
202000005886;154 731 897;A01;1;7;0;2;3;15;1;
202000005887;154 731 893;C01;1;7;0;2;4;23;1;
202000005887;154 731 894;B01;1;7;0;2;4;23;1;
202000005887;154 731 895;A01;1;7;0;2;1;1;1;
202000005888;154 731 892;A01;1;1;0;0;0;1;5;
202000005889;154 731 890;B01;2;33;0;2;1;1;1;
202000005889;154 731 891;A01;3;7;0;2;3;19;1;
202000005890;154 731 887;B01;1;7;0;2;3;1;1;
202000005890;154 731 888;A01;2;7;0;2;3;17;1;
202000005890;154 731 889;C01;1;33;0;2;1;1;1;
202000005891;154 731 885;B01;0;7;0;2;3;1;6;
202000005891;154 731 886;A01;0;2;0;2;1;1;1;
202000005892;154 731 883;B01;2;1;0;2;1;1;5;
202000005892;154 731 884;A01;3;10;0;2;2;19;1;
202000005893;154 731 882;A01;0;33;0;0;7;1;0;
202000005894;154 731 881;A01;1;7;0;0;9;2;1;
202000005895;154 731 879;A01;2;10;0;2;7;13;1;
202000005895;154 731 880;B01;2;33;0;2;2;17;1;
202000005896;154 731 878;A01;1;1;0;9;1;1;5;
202000005897;154 731 876;A01;2;7;0;2;3;19;1;
202000005897;154 731 877;B01;1;10;0;2;1;1;1;
202000005898;154 731 870;A01;1;7;2;0;1;13;1;
202000005899;154 731 869;A01;2;1;0;0;1;0;5;
202000005900;154 731 867;A01;0;7;0;2;2;9;1;
202000005900;154 731 868;B01;0;7;0;2;1;1;1;
202000005901;154 731 866;A01;1;7;13;0;2;21;0;
202000005902;154 731 864;B01;3;33;0;2;8;20;1;
202000005902;154 731 865;A01;3;10;0;0;5;26;1;
202000005903;154 731 862;B01;1;10;6;2;8;1;1;
202000005903;154 731 863;A01;1;7;0;2;1;19;1;
202000005904;154 731 861;A01;2;7;13;0;0;13;1;
202000005905;154 731 859;A01;1;7;0;2;1;1;1;
202000005905;154 731 860;B01;1;7;0;2;4;1;1;
202000005906;154 731 858;A01;2;7;2;0;1;1;1;
202000005907;154 731 857;A01;3;7;16;0;3;1;1;
202000005908;154 731 856;A01;0;7;15;1;3;1;1;
202000005909;154 731 854;B01;2;7;0;0;4;23;1;
202000005909;154 731 855;A01;2;7;1;0;1;14;1;
202000005910;154 731 852;A01;2;2;0;2;1;2;1;
202000005910;154 731 853;B01;2;7;0;0;4;2;1;
202000005911;154 731 849;B01;2;7;0;2;3;1;1;
202000005911;154 731 850;C01;1;7;0;2;3;23;1;
202000005911;154 731 851;A01;1;7;0;2;3;1;1;
202000005912;154 731 847;A01;2;7;0;2;1;2;1;
202000005912;154 731 848;B01;2;37;0;0;4;23;1;1
202000005913;154 731 845;B01;1;17;0;0;5;1;1;
202000005913;154 731 846;A01;1;7;4;2;3;17;1;
202000005914;154 731 843;B01;1;33;0;2;1;1;1;
202000005914;154 731 844;A01;1;7;0;2;8;19;1;
202000005915;154 731 842;A01;2;7;16;0;8;13;1;
202000005916;154 731 840;B01;1;7;0;2;1;2;1;
202000005916;154 731 841;A01;1;15;0;0;0;1;1;
202000005917;154 731 838;A01;1;7;0;2;8;13;1;
202000005917;154 731 839;B01;2;33;0;2;8;1;1;
202000005918;154 731 837;A01;1;7;0;1;1;1;1;
202000005919;154 731 836;A01;1;3;1;0;1;1;1;