num_acc;id_vehicule;num_veh;senc;catv;obs;obsm;choc;manv;motor;occutc
202000005920;154 731 834;B01;2;21;0;2;7;1;1;
202000005920;154 731 835;A01;2;7;0;2;6;4;1;
202000005921;154 731 832;A01;1;7;0;2;4;4;1;
202000005921;154 731 833;B01;1;7;0;2;1;23;1;
202000005922;154 731 831;A01;1;7;0;0;2;26;1;
202000005923;154 731 827;B01;1;7;0;2;3;1;1;
202000005923;154 731 828;A01;1;7;0;2;5;1;1;
202000005923;154 731 829;D01;1;34;0;2;1;14;1;
202000005923;154 731 830;C01;1;10;0;2;8;1;1;
202000005924;154 731 823;D01;1;7;0;2;5;2;1;
202000005924;154 731 824;C01;1;7;0;2;4;2;1;
202000005924;154 731 825;B01;1;10;0;2;4;2;1;
202000005924;154 731 826;A01;2;10;0;2;1;2;1;
202000005925;154 731 821;A01;2;10;0;1;3;1;1;
202000005925;154 731 822;B01;2;7;0;1;1;11;1;
202000005926;154 731 819;B01;1;33;0;0;0;1;1;
202000005926;154 731 820;A01;1;7;0;0;0;11;1;
202000005927;154 731 817;B01;2;33;0;2;1;3;1;
202000005927;154 731 818;A01;2;7;0;2;4;11;1;
202000005928;154 731 815;A01;1;7;0;2;7;12;1;
202000005928;154 731 816;B01;1;33;0;2;8;1;1;
202000005929;154 731 814;A01;1;33;0;0;9;3;1;
202000005930;154 731 812;B01;2;33;0;2;8;3;1;
202000005930;154 731 813;A01;2;7;0;2;7;14;1;
202000005931;154 731 810;B01;2;34;0;2;2;3;1;
202000005931;154 731 811;A01;2;7;0;2;3;11;1;
202000005932;154 731 808;A01;2;14;0;2;1;1;1;
202000005932;154 731 809;B01;2;14;0;2;4;1;1;
202000005933;154 731 806;A01;2;7;0;2;5;11;1;
202000005933;154 731 807;B01;2;43;0;2;1;3;1;
202000005934;154 731 804;A01;1;32;0;2;1;1;1;
202000005934;154 731 805;B01;1;7;0;0;4;2;1;
202000005935;154 731 800;B01;2;7;0;2;2;15;0;
202000005935;154 731 801;A01;2;7;8;0;3;15;0;
202000005936;154 731 799;A01;1;7;0;1;1;7;1;
202000005937;154 731 796;B01;2;7;0;2;7;23;1;
202000005937;154 731 797;A01;2;7;0;2;1;26;1;
202000005937;154 731 798;C01;2;7;0;2;6;23;1;
202000005938;154 731 794;B01;1;7;0;2;4;1;1;
202000005938;154 731 795;A01;1;30;0;2;1;1;1;
202000005939;154 731 792;A01;1;32;0;2;1;0;1;
202000005939;154 731 793;B01;1;7;0;2;8;9;1;
202000005940;154 731 790;A01;3;7;0;2;3;17;1;
202000005940;154 731 791;B01;2;80;0;2;1;1;3;
202000005941;154 731 788;B01;3;1;0;2;1;7;5;
202000005941;154 731 789;A01;3;7;0;2;2;1;1;
202000005942;154 731 787;A01;1;7;0;1;3;1;1;
202000005943;154 731 785;A01;2;7;0;2;1;15;1;
202000005943;154 731 786;B01;1;10;0;2;3;1;1;
202000005944;154 731 782;A01;1;17;0;2;1;2;1;
202000005944;154 731 783;B01;1;7;0;2;4;2;1;
202000005944;154 731 784;C01;1;10;0;2;6;1;1;
202000005945;154 731 780;A01;1;32;0;2;3;19;1;
202000005945;154 731 781;B01;1;7;0;2;3;19;1;
202000005946;154 731 778;B01;-1;99;-1;-1;-1;-1;-1;
202000005946;154 731 779;A01;-1;7;-1;2;-1;0;-1;
202000005947;154 731 775;C01;0;10;0;2;1;1;1;
202000005947;154 731 776;B01;0;7;0;2;1;1;1;
202000005947;154 731 777;A01;0;7;0;2;1;17;1;
202000005948;154 731 774;A01;1;33;0;2;7;21;1;
202000005949;154 731 769;B01;2;7;0;2;4;23;1;
202000005949;154 731 770;A01;2;7;0;2;1;1;1;
202000005950;154 731 767;B01;2;7;0;2;3;1;1;
202000005950;154 731 768;A01;1;31;0;2;1;13;1;
202000005951;154 731 765;B01;1;7;0;9;3;9;1;
202000005951;154 731 766;A01;1;1;0;9;1;26;5;
202000005952;154 731 763;B01;2;7;0;2;3;15;1;
202000005952;154 731 764;A01;2;33;1;2;5;2;1;
202000005953;154 731 761;B01;3;7;0;2;5;20;1;
202000005953;154 731 762;Z01;1;7;0;2;0;1;1;
202000005954;154 731 759;B01;2;1;0;2;1;1;5;
202000005954;154 731 760;A01;2;7;0;9;5;4;1;
202000005955;154 731 758;A01;3;30;0;0;8;1;1;
202000005956;154 731 757;A01;2;7;0;1;3;15;1;
202000005957;154 731 756;A01;3;7;14;1;5;16;1;
202000005958;154 731 754;B01;2;7;0;2;4;1;1;
202000005958;154 731 755;A01;2;7;0;2;2;2;1;
202000005959;154 731 752;B01;1;10;0;2;8;11;0;
202000005959;154 731 753;A01;1;33;0;2;2;1;1;
202000005960;154 731 750;A01;1;7;0;2;7;11;1;
202000005960;154 731 751;B01;1;31;0;2;1;2;1;
202000005961;154 731 748;B01;1;33;0;2;1;2;1;
202000005961;154 731 749;A01;1;33;0;2;6;1;1;
202000005962;154 731 746;A01;1;10;0;2;1;0;1;
202000005962;154 731 747;B01;1;7;0;0;4;0;1;
202000005963;154 731 744;A01;2;10;0;2;4;2;1;
202000005963;154 731 745;B01;2;10;0;2;1;2;1;
202000005964;154 731 741;A01;2;7;0;2;4;1;1;
202000005964;154 731 742;C01;2;7;0;2;1;1;1;
202000005964;154 731 743;B01;2;7;0;2;4;1;1;
202000005965;154 731 739;B01;2;7;0;0;6;1;1;
202000005965;154 731 740;A01;2;7;0;2;5;26;1;
202000005966;154 731 737;A01;2;10;0;2;6;11;1;
202000005966;154 731 738;B01;2;33;0;2;1;3;1;
202000005967;154 731 735;B01;1;33;0;2;2;3;1;
202000005967;154 731 736;A01;1;7;0;2;5;11;1;
202000005968;154 731 733;A01;1;17;0;2;7;2;1;
202000005968;154 731 734;B01;1;33;0;2;4;2;1;
202000005969;154 731 732;A01;1;7;0;0;1;1;1;
202000005970;154 731 729;B01;1;7;0;2;7;12;1;
202000005970;154 731 730;A01;1;33;0;2;8;3;1;
202000005970;154 731 731;C01;1;7;0;2;4;1;1;
202000005971;154 731 728;A01;2;34;0;1;1;1;1;
202000005972;154 731 726;B01;2;7;0;2;1;1;1;
202000005972;154 731 727;A01;1;99;0;2;3;15;1;
202000005973;154 731 725;A01;2;7;0;1;1;1;1;
202000005974;154 731 723;A01;1;7;0;0;1;9;1;
202000005974;154 731 724;B01;1;33;0;2;7;1;1;
202000005975;154 731 721;B01;3;33;0;2;8;2;0;
202000005975;154 731 722;A01;3;7;0;2;7;9;0;
202000005976;154 731 719;Y01;1;1;0;0;0;1;-1;
202000005976;154 731 720;A01;2;7;0;2;8;1;0;
202000005977;154 731 717;B01;1;1;0;2;1;23;5;
202000005977;154 731 718;A01;2;7;0;2;3;15;1;
202000005978;154 731 715;A01;1;50;0;2;7;1;3;
202000005978;154 731 716;B01;2;7;0;2;1;1;1;
202000005979;154 731 713;A01;2;7;0;0;0;11;1;
202000005979;154 731 714;B01;2;33;0;2;0;2;1;
202000005980;154 731 712;A01;2;7;0;1;2;9;1;
202000005981;154 731 711;A01;1;7;13;0;1;14;1;
202000005982;154 731 710;A01;3;0;0;1;1;1;0;
202000005983;154 731 706;A01;3;7;0;2;1;13;1;
202000005983;154 731 707;B01;3;7;0;2;1;1;1;
202000005983;154 731 708;C01;3;7;6;0;2;21;2;
202000005984;154 731 704;B01;3;7;0;2;4;2;1;
202000005984;154 731 705;A01;3;7;0;2;1;2;1;
202000005985;154 731 702;B01;2;7;0;2;6;12;1;
202000005985;154 731 703;A01;2;7;0;2;2;1;1;
202000005986;154 731 701;A01;3;33;0;1;1;18;1;
202000005987;154 731 699;B01;3;7;0;2;2;1;1;
202000005987;154 731 700;A01;3;7;0;2;1;16;1;
202000005988;154 731 696;A01;1;7;0;2;1;2;1;
202000005988;154 731 697;B01;1;7;0;2;4;23;1;
202000005988;154 731 698;C01;1;7;0;2;4;23;1;
202000005989;154 731 695;A01;2;7;13;0;9;15;1;
202000005990;154 731 694;A01;2;17;4;0;3;1;1;
202000005991;154 731 692;A01;1;7;0;2;2;14;1;
202000005991;154 731 693;B01;2;7;0;0;0;0;1;
202000005992;154 731 689;A01;0;7;0;2;1;1;1;
202000005992;154 731 690;B01;0;7;0;2;4;23;1;
202000005993;154 731 688;A01;1;1;0;1;4;1;5;
202000005994;154 731 686;Z01;0;7;0;2;3;15;0;
202000005994;154 731 687;A01;1;30;0;2;5;17;1;
202000005995;154 731 684;A01;1;33;0;2;8;1;0;
202000005995;154 731 685;B01;0;7;0;0;0;15;6;
202000005996;154 731 682;A01;0;7;0;2;1;9;1;
202000005996;154 731 683;B01;0;7;0;2;3;1;1;
202000005997;154 731 680;B01;2;7;0;2;5;15;0;
202000005997;154 731 681;A01;2;1;0;2;1;18;0;
202000005998;154 731 678;A01;1;1;0;2;1;13;5;
202000005998;154 731 679;B01;2;1;0;2;1;13;5;
202000005999;154 731 676;A01;2;7;0;2;3;1;1;
202000005999;154 731 677;B01;2;7;0;2;3;15;1;
202000006000;154 731 674;B01;1;1;0;2;5;1;5;
202000006000;154 731 675;A01;3;7;0;2;1;9;1;
202000006001;154 731 672;A01;3;7;0;9;6;9;1;
202000006001;154 731 673;B01;3;1;0;2;1;1;5;
202000006002;154 731 671;A01;1;7;0;1;3;15;1;
202000006003;154 731 670;A01;2;7;0;1;1;0;1;
202000006004;154 731 668;A01;1;33;0;2;7;17;1;
202000006004;154 731 669;B01;1;7;0;2;3;11;1;
202000006005;154 731 666;A01;3;7;0;2;4;23;1;
202000006005;154 731 667;B01;3;7;14;2;1;0;1;
202000006006;154 731 664;B01;3;7;0;2;8;1;1;
202000006006;154 731 665;A01;3;7;0;2;1;19;1;
202000006007;154 731 663;A01;1;7;6;0;1;14;1;
202000006008;154 731 661;B01;1;1;0;2;1;1;5;
202000006008;154 731 662;A01;2;7;0;2;1;16;1;
202000006009;154 731 659;B01;2;2;0;2;1;17;1;
202000006009;154 731 660;A01;2;7;0;2;8;15;1;
202000006010;154 731 657;B01;1;1;0;2;2;1;5;
202000006010;154 731 658;A01;1;7;0;9;2;15;1;
202000006011;154 731 656;A01;1;1;0;1;0;1;5;
202000006012;154 731 654;B01;1;33;0;2;1;1;1;
202000006012;154 731 655;A01;1;7;0;9;7;15;1;
202000006013;154 731 651;A01;3;7;1;0;1;1;1;
202000006013;154 731 652;B01;3;7;0;2;1;1;1;
202000006013;154 731 653;C01;3;10;0;2;4;1;1;
202000006014;154 731 650;A01;1;7;0;1;2;15;3;
202000006015;154 731 649;A01;0;7;0;1;0;1;1;
202000006016;154 731 647;A01;0;50;0;2;7;1;3;
202000006016;154 731 648;B01;2;7;0;9;1;16;0;
202000006017;154 731 645;B01;2;1;0;2;2;17;5;
202000006017;154 731 646;A01;2;7;0;2;3;15;1;
202000006018;154 731 641;D01;2;7;0;2;0;0;1;
202000006018;154 731 642;C01;2;7;0;2;0;0;1;
202000006018;154 731 643;B01;2;7;0;2;0;0;1;
202000006018;154 731 644;A01;2;7;0;2;1;1;1;
202000006019;154 731 639;B01;1;1;0;2;1;0;5;
202000006019;154 731 640;A01;1;7;0;2;8;1;1;
202000006020;154 731 638;A01;3;7;0;1;1;1;1;
202000006021;154 731 636;B01;0;2;0;2;1;0;1;
202000006021;154 731 637;A01;0;7;0;2;4;4;1;
202000006022;154 731 634;B01;3;33;0;2;1;1;1;
202000006022;154 731 635;A01;3;7;0;2;2;15;1;
202000006023;154 731 633;A01;3;7;13;0;1;1;1;
202000006024;154 731 631;B01;3;10;0;2;6;1;1;
202000006024;154 731 632;A01;3;30;0;2;2;12;1;
202000006025;154 731 630;A01;3;10;0;1;2;26;0;
202000006026;154 731 628;A01;3;14;0;2;7;16;1;
202000006026;154 731 629;B01;3;1;0;2;8;1;5;
202000006027;154 731 626;B01;2;2;0;2;7;1;1;
202000006027;154 731 627;A01;2;7;0;2;3;9;1;
202000006028;154 731 624;A01;1;1;0;2;1;1;5;
202000006028;154 731 625;B01;0;7;0;2;0;0;1;
202000006029;154 731 622;A01;1;7;0;2;1;0;1;
202000006029;154 731 623;B01;1;7;0;2;2;1;1;
202000006030;154 731 615;B01;1;7;0;2;5;2;1;
202000006030;154 731 616;G01;1;10;0;2;4;2;1;
202000006030;154 731 617;F01;1;7;0;2;0;2;1;
202000006030;154 731 618;E01;1;7;0;2;7;2;1;
202000006030;154 731 619;A01;1;7;0;2;1;2;1;
202000006030;154 731 620;C01;1;7;0;2;1;2;1;
202000006030;154 731 621;D01;1;10;0;2;4;2;1;
202000006031;154 731 613;B01;1;1;0;2;7;1;5;
202000006031;154 731 614;A01;1;7;0;2;3;15;1;
202000006032;154 731 611;B01;1;31;0;2;1;1;1;
202000006032;154 731 612;A01;1;1;0;2;8;11;5;
202000006033;154 731 609;A01;1;32;0;2;2;19;1;
202000006033;154 731 610;B01;2;7;0;2;3;1;1;
202000006034;154 731 607;A01;1;14;0;2;1;1;1;
202000006034;154 731 608;B01;1;7;0;2;4;1;1;
202000006035;154 731 605;A01;0;7;0;2;2;2;1;
202000006035;154 731 606;B01;0;2;0;2;6;1;1;
202000006036;154 731 603;A01;3;7;0;2;0;19;1;
202000006036;154 731 604;B01;3;2;0;2;1;1;1;
202000006037;154 731 601;A01;3;7;0;2;1;26;1;
202000006037;154 731 602;B01;3;32;0;2;4;2;1;
202000006038;154 731 597;A01;2;7;0;2;1;5;1;
202000006038;154 731 598;B01;2;7;0;2;1;1;1;
202000006038;154 731 599;C01;2;7;0;2;2;14;1;
202000006038;154 731 600;D01;3;7;0;2;3;1;1;
202000006039;154 731 596;A01;2;99;8;0;1;14;1;
202000006040;154 731 594;A01;1;10;0;2;8;10;1;
202000006040;154 731 595;B01;1;33;0;2;1;1;1;
202000006041;154 731 592;A01;2;7;0;2;3;15;1;
202000006041;154 731 593;B01;2;2;0;2;5;1;1;
202000006042;154 731 590;B01;1;34;0;2;1;2;1;
202000006042;154 731 591;A01;0;7;0;2;2;10;1;
202000006043;154 731 588;B01;1;32;0;2;3;2;1;
202000006043;154 731 589;A01;1;7;0;2;2;13;1;
202000006044;154 731 586;A01;3;7;0;2;1;1;1;
202000006044;154 731 587;B01;3;7;0;2;8;1;1;
202000006045;154 731 585;A01;1;7;13;0;3;1;1;
202000006046;154 731 582;C01;1;7;0;2;8;23;1;
202000006046;154 731 583;B01;1;10;0;2;6;23;1;
202000006046;154 731 584;A01;1;33;0;2;9;26;1;
202000006047;154 731 580;B01;1;33;0;2;8;1;0;
202000006047;154 731 581;A01;2;7;0;2;1;15;0;
202000006048;154 731 579;A01;1;7;0;1;1;1;0;
202000006049;154 731 577;B01;1;7;0;2;1;1;1;
202000006049;154 731 578;A01;1;7;0;2;1;15;1;
202000006050;154 731 575;A01;1;33;0;2;3;12;1;
202000006050;154 731 576;B01;1;7;0;2;5;1;2;
202000006051;154 731 574;A01;1;32;0;1;4;17;1;
202000006052;154 731 572;A01;1;7;0;2;2;15;1;
202000006052;154 731 573;B01;2;1;0;2;1;1;5;
202000006053;154 731 571;A01;2;30;0;0;0;21;1;
202000006054;154 731 570;Z01;1;1;0;1;5;25;5;
202000006055;154 731 569;A01;2;32;0;1;1;1;1;
202000006056;154 731 568;A01;2;1;0;0;1;1;5;
202000006057;154 731 567;A01;1;32;0;1;1;1;1;
202000006058;154 731 565;A01;1;30;0;2;0;21;3;
202000006058;154 731 566;Z01;2;7;0;2;7;12;0;
202000006059;154 731 563;A01;2;30;0;2;1;1;1;
202000006059;154 731 564;B01;1;7;0;2;2;15;1;
202000006060;154 731 561;B01;1;7;0;2;3;15;1;
202000006060;154 731 562;A01;1;32;0;2;1;17;1;
202000006061;154 731 559;A01;3;10;0;2;2;12;1;
202000006061;154 731 560;B01;3;32;0;2;2;1;1;
202000006062;154 731 557;A01;2;30;0;2;1;2;1;
202000006062;154 731 558;Z01;1;30;0;2;4;2;0;
202000006063;154 731 555;A01;2;7;0;2;2;16;1;
202000006063;154 731 556;B01;2;50;0;2;3;1;3;
202000006064;154 731 554;A01;2;10;9;0;1;14;1;
202000006065;154 731 553;A01;1;32;0;1;1;1;1;
202000006066;154 731 552;A01;2;80;0;0;0;5;3;
202000006067;154 731 551;A01;1;32;0;1;1;1;1;
202000006068;154 731 550;A01;1;30;0;1;1;1;3;
202000006069;154 731 548;B01;2;32;0;2;8;2;1;
202000006069;154 731 549;A01;2;10;0;2;2;12;1;
202000006070;154 731 546;A01;1;7;0;2;8;22;2;
202000006070;154 731 547;B01;1;80;0;2;2;1;3;
202000006071;154 731 544;B01;1;60;0;2;1;19;5;
202000006071;154 731 545;A01;1;30;0;2;1;16;3;
202000006072;154 731 543;Z01;1;30;0;1;0;1;0;
202000006073;154 731 542;A01;2;1;0;0;8;1;5;
202000006074;154 731 540;B01;1;1;0;2;1;23;5;
202000006074;154 731 541;A01;1;1;0;2;1;1;5;
202000006075;154 731 538;A01;2;2;0;2;2;1;0;
202000006075;154 731 539;B01;2;7;0;2;3;9;0;
202000006076;154 731 536;B01;2;33;0;2;2;1;0;
202000006076;154 731 537;A01;2;7;0;2;3;13;0;
202000006077;154 731 534;A01;1;7;0;2;2;15;1;
202000006077;154 731 535;B01;2;33;0;2;1;1;1;
202000006078;154 731 533;A01;3;7;0;1;2;19;0;
202000006079;154 731 531;A01;3;7;0;2;1;5;1;
202000006079;154 731 532;B01;3;17;0;2;1;1;1;
202000006080;154 731 530;A01;2;32;0;2;0;21;1;
202000006081;154 731 528;B01;2;1;0;9;1;1;5;
202000006081;154 731 529;A01;1;7;0;9;3;9;1;
202000006082;154 731 526;B01;1;34;0;2;4;23;1;
202000006082;154 731 527;A01;1;33;0;2;1;26;1;
202000006083;154 731 525;A01;1;7;9;0;1;15;1;
202000006084;154 731 523;A01;3;33;0;2;1;1;0;
202000006084;154 731 524;B01;0;7;0;2;3;15;0;
202000006085;154 731 521;BA01;2;7;0;2;1;0;1;
202000006085;154 731 522;B01;1;32;0;2;2;0;1;
202000006086;154 731 519;B01;1;31;0;2;1;2;1;
202000006086;154 731 520;A01;1;7;0;2;3;10;1;
202000006087;154 731 516;C01;1;7;0;2;3;2;0;
202000006087;154 731 517;B01;1;34;0;2;1;3;1;
202000006087;154 731 518;A01;1;7;0;2;5;2;0;
202000006088;154 731 514;B01;1;2;0;0;0;0;0;
202000006088;154 731 515;A01;1;7;0;2;0;24;0;
202000006089;154 731 512;B01;3;7;0;2;2;15;0;
202000006089;154 731 513;A01;3;99;0;2;1;26;3;
202000006090;154 731 510;A01;1;7;0;2;5;9;1;
202000006090;154 731 511;B01;2;1;0;2;4;1;5;
202000006091;154 731 508;B01;2;1;0;2;1;1;5;
202000006091;154 731 509;A01;1;7;0;2;5;15;1;
202000006092;154 731 507;A01;0;50;0;1;8;26;3;
202000006093;154 731 505;A01;1;10;0;1;3;26;1;
202000006094;154 731 504;A01;2;34;0;1;1;1;1;
202000006095;154 731 502;A01;1;13;16;2;3;9;1;
202000006095;154 731 503;B01;3;7;0;2;7;9;1;
202000006096;154 731 501;A01;2;7;2;0;1;1;1;
202000006097;154 731 499;B01;3;7;0;2;3;1;1;
202000006097;154 731 500;A01;3;7;0;2;1;11;1;
202000006098;154 731 497;B01;1;7;0;2;2;15;1;
202000006098;154 731 498;A01;2;33;4;2;1;5;1;
202000006099;154 731 496;A01;0;7;0;1;7;1;1;
202000006100;154 731 495;A01;2;15;16;0;2;14;1;
202000006101;154 731 493;B01;1;7;5;2;3;1;1;
202000006101;154 731 494;A01;2;7;13;2;8;13;1;
202000006102;154 731 492;A01;2;7;2;0;1;1;0;
202000006103;154 731 491;A01;2;2;0;0;0;9;1;
202000006104;154 731 489;A01;2;32;0;2;3;1;0;
202000006104;154 731 490;B01;1;31;0;2;3;1;0;
202000006105;154 731 488;A01;1;2;12;0;1;0;1;
202000006106;154 731 487;A01;1;7;2;0;0;2;0;
202000006107;154 731 486;A01;1;7;13;0;8;1;1;
202000006108;154 731 484;A01;2;7;0;2;1;1;1;
202000006108;154 731 485;B01;1;7;0;2;1;1;1;
202000006109;154 731 483;A01;2;7;0;1;2;1;1;
202000006110;154 731 482;A01;2;10;0;1;2;1;1;
202000006111;154 731 480;B01;2;7;0;9;4;23;6;
202000006111;154 731 481;A01;2;1;1;0;1;1;5;
202000006112;154 731 478;A01;0;7;0;2;2;15;1;
202000006112;154 731 479;B01;0;7;0;2;1;1;1;
202000006113;154 731 476;A01;3;7;0;0;4;15;1;
202000006113;154 731 477;B01;3;10;0;2;1;17;1;
202000006114;154 731 474;B01;1;7;0;2;1;1;1;
202000006114;154 731 475;A01;2;7;0;2;1;15;1;
202000006115;154 731 470;A01;1;7;0;2;1;15;1;
202000006115;154 731 471;B01;2;7;0;2;2;21;1;
202000006116;154 731 469;A01;2;33;0;6;1;1;1;
202000006117;154 731 468;A01;1;7;6;0;1;1;1;
202000006118;154 731 466;A01;1;7;0;2;1;17;1;
202000006118;154 731 467;B01;2;7;0;2;1;1;1;
202000006119;154 731 464;A01;1;7;5;0;1;1;0;
202000006120;154 731 463;A01;1;7;13;0;2;1;1;
202000006121;154 731 461;A01;1;7;0;2;8;9;1;
202000006121;154 731 462;B01;1;31;0;2;1;17;1;
202000006122;154 731 458;B01;1;7;1;0;2;26;1;
202000006122;154 731 459;C01;1;7;1;0;1;26;1;
202000006122;154 731 460;A01;1;7;0;0;4;24;1;
202000006123;154 731 456;B01;2;7;0;2;3;2;1;
202000006123;154 731 457;A01;2;33;0;2;2;3;1;
202000006124;154 731 454;A01;1;10;0;0;6;2;1;
202000006124;154 731 455;B01;1;7;0;2;3;14;1;
202000006125;154 731 452;B01;2;7;0;2;3;1;1;
202000006125;154 731 453;A01;2;2;0;2;0;19;1;
202000006126;154 731 451;A01;3;7;0;1;2;17;1;
202000006127;154 731 449;B01;1;7;0;2;7;9;1;
202000006127;154 731 450;A01;1;7;0;2;1;2;1;
202000006128;154 731 447;A01;2;7;0;2;8;15;1;
202000006128;154 731 448;B01;2;33;0;2;1;1;1;
202000006129;154 731 444;A01;1;7;0;0;4;2;6;
202000006129;154 731 445;B01;1;7;0;2;9;2;0;
202000006129;154 731 446;C01;1;10;0;2;1;2;0;
202000006130;154 731 443;A01;2;10;13;0;0;1;1;
202000006131;154 731 441;A01;1;7;0;2;8;13;1;
202000006131;154 731 442;B01;2;33;0;2;3;13;1;
202000006132;154 731 439;B01;1;10;0;2;3;15;1;
202000006132;154 731 440;A01;1;33;0;2;7;17;1;
202000006133;154 731 437;A01;2;7;0;2;6;23;1;
202000006133;154 731 438;B01;1;7;14;2;1;16;1;
202000006134;154 731 435;B01;2;7;0;2;3;1;1;
202000006134;154 731 436;A01;1;7;0;2;2;13;1;
202000006135;154 731 434;A01;3;7;17;0;1;1;1;
202000006136;154 731 432;B01;2;7;0;2;1;5;0;
202000006136;154 731 433;A01;1;7;0;2;1;18;0;
202000006137;154 731 429;B01;2;10;0;2;6;14;1;
202000006137;154 731 430;A01;1;31;0;2;8;13;1;
202000006138;154 731 428;A01;0;33;0;0;0;0;1;
202000006139;154 731 426;B01;1;7;0;0;3;15;1;
202000006139;154 731 427;A01;1;7;0;0;1;17;1;
202000006140;154 731 425;A01;0;33;0;0;0;0;1;
202000006141;154 731 424;A01;2;33;13;0;1;17;1;
202000006142;154 731 422;B01;3;31;0;9;3;13;1;
202000006142;154 731 423;A01;3;1;0;2;2;1;5;
202000006143;154 731 419;C01;2;7;0;2;1;2;1;
202000006143;154 731 420;B01;2;7;0;2;4;1;1;
202000006143;154 731 421;A01;2;7;0;2;4;1;1;
202000006144;154 731 418;A01;1;31;4;0;3;13;1;
202000006145;154 731 417;A01;2;7;3;0;1;2;1;
202000006146;154 731 415;A01;2;7;0;0;6;13;1;
202000006146;154 731 416;B01;2;32;0;2;2;3;1;
202000006147;154 731 413;B01;3;7;0;2;3;1;1;
202000006147;154 731 414;A01;3;7;0;2;5;4;1;
202000006148;154 731 411;B01;2;7;0;2;4;1;1;
202000006148;154 731 412;A01;2;33;0;2;1;2;1;
202000006149;154 731 409;A01;2;7;0;2;1;2;1;
202000006149;154 731 410;B01;2;7;0;2;4;0;1;
202000006150;154 731 408;A01;2;7;0;6;1;1;1;
202000006151;154 731 405;A01;2;7;0;2;1;2;0;
202000006151;154 731 406;B01;2;7;0;2;4;2;0;
202000006151;154 731 407;C01;2;7;0;2;4;2;0;
202000006152;154 731 403;B01;1;33;0;2;3;1;1;
202000006152;154 731 404;A01;1;7;0;2;5;14;1;
202000006153;154 731 402;A01;2;7;0;1;2;2;1;
202000006154;154 731 401;A01;2;2;12;0;1;1;1;
202000006155;154 731 399;A01;1;17;0;9;6;19;1;
202000006155;154 731 400;B01;1;10;0;2;3;1;1;
202000006156;154 731 398;A01;3;2;0;0;8;1;6;
202000006157;154 731 397;A01;1;7;0;1;3;0;0;
202000006158;154 731 395;B01;2;30;0;0;7;2;1;
202000006158;154 731 396;A01;2;33;0;9;1;2;1;
202000006159;154 731 393;B01;1;7;0;2;3;1;1;
202000006159;154 731 394;A01;1;33;0;2;1;17;1;
202000006160;154 731 391;A01;1;7;1;0;2;2;1;
202000006160;154 731 392;B01;1;7;4;0;2;1;1;
202000006161;154 731 389;B01;1;7;0;0;4;23;2;
202000006161;154 731 390;A01;1;2;0;2;1;1;1;
202000006162;154 731 388;A01;2;7;0;1;2;16;1;
202000006163;154 731 386;A01;3;1;0;9;0;1;5;
202000006163;154 731 387;B01;3;1;0;9;6;2;5;
202000006164;154 731 385;A01;2;33;13;0;3;14;1;
202000006165;154 731 383;A01;2;1;0;2;2;1;5;
202000006165;154 731 384;B01;1;21;0;2;1;19;1;
202000006166;154 731 382;A01;1;7;3;0;9;1;1;
202000006167;154 731 381;A01;2;7;6;0;2;0;0;
202000006168;154 731 379;B01;1;31;0;2;1;1;1;
202000006168;154 731 380;A01;2;7;0;2;3;13;1;
202000006169;154 731 377;A01;2;7;0;2;6;9;1;
202000006169;154 731 378;B01;2;33;0;2;1;1;1;
202000006170;154 731 375;B01;3;2;0;2;1;1;1;
202000006170;154 731 376;A01;3;7;0;2;3;10;1;
202000006171;154 731 372;A01;1;7;3;0;2;1;1;
202000006172;154 731 370;A01;2;7;6;2;1;19;1;
202000006172;154 731 371;B01;1;7;0;2;2;1;1;
202000006173;154 731 368;A01;1;10;0;2;4;1;1;
202000006173;154 731 369;B01;1;7;0;2;1;2;1;
202000006174;154 731 366;A01;1;7;0;2;1;2;1;
202000006174;154 731 367;B01;1;7;0;2;4;1;1;
202000006175;154 731 365;A01;1;31;13;0;1;13;1;
202000006176;154 731 363;A01;1;7;0;2;3;15;1;
202000006176;154 731 364;B01;1;2;0;2;1;1;1;
202000006177;154 731 360;A01;1;7;13;0;2;0;1;
202000006178;154 731 358;B01;3;7;0;2;3;1;1;
202000006178;154 731 359;A01;3;2;0;2;3;1;1;
202000006179;154 731 356;B01;2;7;0;2;3;15;2;
202000006179;154 731 357;A01;2;33;0;2;1;17;1;
202000006180;154 731 353;A01;2;33;0;2;3;3;1;
202000006180;154 731 354;B01;2;7;0;2;6;2;1;
202000006180;154 731 355;C01;2;7;0;2;7;1;1;
202000006181;154 731 352;A01;2;33;13;0;1;14;1;
202000006182;154 731 351;A01;1;7;16;0;9;1;1;
202000006183;154 731 350;A01;3;7;13;6;6;1;1;
202000006184;154 731 348;A01;1;7;0;2;1;13;1;
202000006184;154 731 349;B01;2;7;0;2;1;1;1;
202000006185;154 731 346;A01;2;7;0;2;2;21;1;
202000006185;154 731 347;B01;1;10;0;2;1;1;1;
202000006186;154 731 345;A01;0;7;13;0;9;2;1;
202000006187;154 731 343;B01;1;33;0;2;1;1;1;
202000006187;154 731 344;A01;1;7;0;2;3;19;1;
202000006188;154 731 342;A01;1;7;6;0;7;2;6;
202000006189;154 731 341;A01;1;10;3;0;1;13;1;