num_acc;id_vehicule;num_veh;senc;catv;obs;obsm;choc;manv;motor;occutc
202000006476;154 730 847;B01;1;7;0;2;4;1;1;
202000006476;154 730 848;A01;1;31;0;2;1;1;1;
202000006477;154 730 845;B01;3;33;0;2;7;1;1;
202000006477;154 730 846;A01;3;7;0;2;7;10;1;
202000006478;154 730 844;A01;2;7;0;1;3;1;1;
202000006479;154 730 843;A01;3;7;12;0;1;14;1;
202000006480;154 730 842;Z01;2;7;0;1;2;26;0;
202000006481;154 730 841;A01;1;7;0;1;1;16;1;
202000006482;154 730 839;B01;1;7;0;2;0;0;0;
202000006482;154 730 840;A01;1;2;0;2;8;19;1;
202000006483;154 730 837;A01;1;7;0;9;3;13;1;
202000006483;154 730 838;B01;2;80;0;2;1;1;3;
202000006484;154 730 836;A01;2;2;13;0;2;1;1;
202000006485;154 730 834;A01;2;7;0;2;1;1;1;
202000006485;154 730 835;B01;2;7;0;2;4;2;1;
202000006486;154 730 832;Y01;1;60;0;2;8;19;5;
202000006486;154 730 833;A01;1;7;0;2;2;1;1;
202000006487;154 730 830;A01;2;2;1;2;1;1;1;
202000006487;154 730 831;Z01;1;7;0;2;1;13;1;
202000006488;154 730 829;A01;2;7;0;1;4;4;1;
202000006489;154 730 828;A01;2;7;0;1;1;1;1;
202000006490;154 730 826;B01;0;32;0;2;1;3;1;
202000006490;154 730 827;A01;3;7;0;0;0;0;1;
202000006491;154 730 824;B01;0;7;0;2;1;1;1;
202000006491;154 730 825;A01;0;7;0;2;4;4;1;
202000006492;154 730 822;B01;0;41;0;2;1;1;3;
202000006492;154 730 823;A01;0;7;0;2;3;9;3;
202000006493;154 730 820;B01;3;7;0;2;1;1;1;
202000006493;154 730 821;A01;1;7;0;2;3;1;1;
202000006494;154 730 818;B01;1;1;0;2;0;2;5;
202000006494;154 730 819;A01;1;10;0;9;0;17;1;
202000006495;154 730 816;B01;3;7;0;2;1;1;0;
202000006495;154 730 817;A01;3;7;0;2;1;1;0;
202000006496;154 730 815;A01;0;30;8;0;1;16;1;
202000006497;154 730 813;A01;1;7;0;2;1;12;1;
202000006497;154 730 814;B01;1;7;0;2;4;1;1;
202000006498;154 730 811;A01;2;7;0;2;2;15;6;
202000006498;154 730 812;B01;1;2;0;2;1;21;6;
202000006499;154 730 809;B01;1;1;0;2;8;13;5;
202000006499;154 730 810;A01;1;7;0;2;2;17;1;
202000006500;154 730 807;A01;1;7;0;2;2;19;0;
202000006500;154 730 808;B01;3;34;0;0;0;0;0;
202000006501;154 730 806;A01;2;37;0;1;0;16;1;1
202000006502;154 730 804;A01;1;33;0;2;1;17;1;
202000006502;154 730 805;B01;1;7;0;2;6;13;0;
202000006503;154 730 803;A01;2;7;0;1;3;15;1;
202000006504;154 730 802;A01;1;33;12;0;8;1;1;
202000006505;154 730 800;A01;2;7;0;2;1;13;1;
202000006505;154 730 801;B01;1;7;0;2;1;1;1;
202000006506;154 730 798;B01;0;7;0;1;6;26;1;
202000006506;154 730 799;A01;2;7;1;0;2;2;1;
202000006507;154 730 796;B01;0;7;0;2;1;1;1;
202000006507;154 730 797;A01;3;7;0;2;1;13;1;
202000006508;154 730 794;B01;2;7;0;2;3;1;1;
202000006508;154 730 795;A01;2;7;0;2;3;26;1;
202000006509;154 730 792;A01;1;7;11;2;1;1;1;
202000006509;154 730 793;B01;2;7;0;2;1;1;1;
202000006510;154 730 791;A01;0;1;0;0;0;0;5;
202000006511;154 730 789;A01;1;7;0;2;1;1;1;
202000006511;154 730 790;B01;2;7;0;2;1;1;1;
202000006512;154 730 787;A01;1;15;0;0;4;23;1;
202000006512;154 730 788;B01;1;14;0;2;1;2;1;
202000006513;154 730 786;A01;3;7;0;0;9;1;0;
202000006514;154 730 784;A01;2;7;0;2;7;15;1;
202000006514;154 730 785;B01;1;7;0;2;3;1;1;
202000006515;154 730 782;A01;1;36;0;2;5;19;1;
202000006515;154 730 783;B01;2;7;0;2;2;1;1;
202000006516;154 730 781;A01;3;7;0;1;7;9;1;
202000006517;154 730 779;B01;2;35;0;2;4;1;1;
202000006517;154 730 780;A01;2;30;0;2;1;1;1;
202000006518;154 730 777;A01;1;7;0;2;6;13;1;
202000006518;154 730 778;B01;1;33;0;2;2;1;1;
202000006519;154 730 775;A01;2;7;0;2;7;1;1;
202000006519;154 730 776;B01;2;30;0;2;1;1;1;
202000006520;154 730 774;A01;3;7;0;1;2;1;1;
202000006521;154 730 772;A01;3;7;0;2;7;13;1;
202000006521;154 730 773;B01;3;7;0;2;8;26;1;
202000006522;154 730 771;A01;2;7;0;1;1;16;1;
202000006523;154 730 770;A01;1;7;6;0;1;1;1;
202000006524;154 730 769;A01;1;7;0;1;2;26;1;
202000006525;154 730 768;A01;3;7;1;1;3;9;1;
202000006526;154 730 766;A01;2;1;0;2;0;16;5;
202000006526;154 730 767;B01;2;0;0;2;7;16;-1;
202000006527;154 730 764;A01;1;32;0;2;2;17;1;
202000006527;154 730 765;B01;1;7;0;2;3;15;1;
202000006528;154 730 762;B01;1;7;0;2;0;9;1;
202000006528;154 730 763;A01;1;30;0;2;0;1;1;
202000006529;154 730 760;A01;1;30;0;2;8;23;1;
202000006529;154 730 761;Z01;1;7;0;2;0;2;0;
202000006530;154 730 759;A01;1;7;1;0;2;14;1;
202000006531;154 730 758;A01;3;7;0;1;1;2;1;
202000006532;154 730 757;A01;3;37;0;1;7;16;0;1
202000006533;154 730 755;B01;2;7;0;2;3;15;1;
202000006533;154 730 756;A01;2;30;0;2;7;26;1;
202000006534;154 730 752;C01;2;7;0;0;2;0;1;
202000006534;154 730 753;B01;2;14;0;2;6;1;1;
202000006534;154 730 754;A01;2;7;0;2;1;11;1;
202000006535;154 730 750;B01;1;7;0;2;3;1;1;
202000006535;154 730 751;A01;2;7;0;2;3;13;1;
202000006536;154 730 748;B01;1;1;0;2;7;1;5;
202000006536;154 730 749;A01;1;7;0;9;2;16;1;
202000006537;154 730 747;A01;3;7;9;0;0;21;0;
202000006538;154 730 745;B01;1;7;0;2;1;1;1;
202000006538;154 730 746;A01;2;7;0;2;1;15;1;
202000006539;154 730 744;A01;3;7;0;1;0;0;1;
202000006540;154 730 743;A01;1;7;2;0;1;1;1;
202000006541;154 730 741;B01;1;7;3;0;6;1;1;
202000006541;154 730 742;A01;1;7;0;2;2;12;6;
202000006542;154 730 740;A01;2;7;15;1;3;15;1;
202000006543;154 730 738;A01;2;7;0;2;8;11;2;
202000006543;154 730 739;B01;2;33;0;2;7;3;1;
202000006544;154 730 735;A01;1;33;0;2;3;3;1;
202000006544;154 730 736;C01;1;10;0;2;3;1;1;
202000006544;154 730 737;B01;1;7;0;2;5;12;2;
202000006545;154 730 734;A01;1;30;5;0;1;12;1;
202000006546;154 730 733;A01;1;32;0;1;1;1;1;
202000006547;154 730 731;A01;1;30;0;2;2;1;1;
202000006547;154 730 732;Z01;2;1;0;2;3;16;5;
202000006548;154 730 729;Z01;1;13;0;2;6;13;0;
202000006548;154 730 730;A01;1;30;0;2;2;17;1;
202000006549;154 730 728;A01;1;30;0;0;0;1;1;
202000006550;154 730 726;Z01;2;10;0;2;1;2;1;
202000006550;154 730 727;A01;2;50;0;2;4;2;3;
202000006551;154 730 724;B01;1;1;0;2;4;23;5;
202000006551;154 730 725;A01;1;14;0;2;1;15;1;
202000006552;154 730 723;A01;1;30;0;1;7;1;1;
202000006553;154 730 722;A01;1;1;0;1;1;1;5;
202000006554;154 730 720;B01;2;7;0;2;2;1;1;
202000006554;154 730 721;A01;2;33;14;2;5;17;1;
202000006555;154 730 718;B01;2;33;0;2;4;23;1;
202000006555;154 730 719;A01;2;10;0;2;3;2;1;
202000006556;154 730 716;B01;1;43;0;2;4;23;1;
202000006556;154 730 717;A01;1;31;0;2;1;2;1;
202000006557;154 730 715;A01;2;10;0;1;5;4;1;
202000006558;154 730 713;A01;1;7;0;2;3;1;0;
202000006558;154 730 714;B01;2;1;0;2;1;1;5;
202000006559;154 730 712;A01;3;2;0;2;1;14;1;
202000006560;154 730 710;A01;1;10;0;2;1;2;1;
202000006560;154 730 711;B01;1;7;0;2;4;23;1;
202000006561;154 730 709;A01;3;50;14;0;1;26;3;
202000006562;154 730 708;A01;2;7;0;1;1;0;0;
202000006563;154 730 706;B01;1;7;0;2;4;2;0;
202000006563;154 730 707;A01;1;7;0;2;1;2;0;
202000006564;154 730 704;B01;3;0;0;2;0;0;0;
202000006564;154 730 705;A01;3;37;0;2;8;1;1;1
202000006565;154 730 703;A01;1;7;0;1;1;2;0;
202000006566;154 730 701;B01;1;1;0;2;1;10;0;
202000006566;154 730 702;A01;3;7;0;2;1;1;1;
202000006567;154 730 699;B01;1;1;0;2;6;0;0;
202000006567;154 730 700;A01;2;10;0;2;2;16;1;
202000006568;154 730 697;AB01;1;2;0;2;2;1;0;
202000006568;154 730 698;SA01;1;10;0;2;4;1;0;
202000006569;154 730 696;A01;1;7;0;1;3;16;0;
202000006570;154 730 695;A01;0;7;0;1;3;15;1;
202000006571;154 730 693;B01;1;7;0;2;0;0;0;
202000006571;154 730 694;A01;1;7;0;2;0;0;0;
202000006572;154 730 691;A01;3;32;0;2;1;1;1;
202000006572;154 730 692;B01;3;7;0;2;4;1;1;
202000006573;154 730 690;A01;2;7;0;1;3;1;1;
202000006574;154 730 689;A01;1;7;0;1;2;19;1;
202000006575;154 730 687;A01;2;7;0;2;2;16;0;
202000006575;154 730 688;B01;2;43;0;0;4;16;1;
202000006576;154 730 685;A01;1;7;0;2;3;13;1;
202000006576;154 730 686;B01;2;10;0;2;3;1;1;
202000006577;154 730 681;B01;1;7;0;0;3;1;1;
202000006577;154 730 682;C01;2;7;0;2;1;23;1;
202000006577;154 730 683;A01;2;7;8;2;1;19;1;
202000006577;154 730 684;D01;1;7;0;0;1;23;1;
202000006578;154 730 679;A01;2;7;0;2;1;1;1;
202000006578;154 730 680;B01;1;7;0;2;1;1;1;
202000006579;154 730 678;A01;3;10;0;1;4;4;1;
202000006580;154 730 677;A01;2;7;13;0;1;1;1;
202000006581;154 730 675;B01;1;2;0;2;1;1;1;
202000006581;154 730 676;A01;3;35;0;2;3;9;3;
202000006582;154 730 673;B01;1;7;0;2;1;2;1;
202000006582;154 730 674;A01;2;7;0;2;3;15;1;
202000006583;154 730 671;B01;1;7;15;2;1;1;1;
202000006583;154 730 672;A01;1;7;0;0;3;9;1;
202000006584;154 730 664;A01;1;21;0;0;2;2;0;
202000006584;154 730 665;B01;1;7;0;0;1;2;0;
202000006585;154 730 663;A01;1;7;13;0;1;0;1;
202000006586;154 730 662;A01;2;7;2;0;7;1;1;
202000006587;154 730 661;A01;2;10;0;1;1;2;1;
202000006588;154 730 660;A01;2;38;6;0;3;13;1;1
202000006589;154 730 659;A01;1;7;8;0;9;0;1;
202000006590;154 730 657;A01;3;10;0;2;7;15;1;
202000006590;154 730 658;B01;3;2;0;2;1;1;1;
202000006591;154 730 655;B01;2;2;0;0;1;5;1;
202000006591;154 730 656;A01;1;7;0;0;1;1;1;
202000006592;154 730 654;A01;1;7;0;1;1;1;1;
202000006593;154 730 652;B01;2;38;0;2;8;1;1;34
202000006593;154 730 653;A01;1;99;0;2;8;1;1;
202000006594;154 730 650;B01;1;17;0;2;3;1;1;
202000006594;154 730 651;A01;2;7;0;2;1;13;1;
202000006595;154 730 648;A01;3;7;0;2;6;1;1;
202000006595;154 730 649;B01;1;7;0;2;3;1;1;
202000006596;154 730 644;A01;1;7;4;0;3;21;1;
202000006597;154 730 642;B01;1;1;0;2;1;18;0;
202000006597;154 730 643;A01;1;3;0;0;5;15;0;
202000006598;154 730 640;A01;3;7;0;2;1;26;1;
202000006598;154 730 641;B01;3;1;0;2;1;13;5;
202000006599;154 730 638;A01;3;15;0;2;1;2;1;
202000006599;154 730 639;B01;3;15;0;0;4;2;1;
202000006600;154 730 636;A01;2;31;0;2;7;1;1;
202000006600;154 730 637;B01;1;7;0;2;5;15;1;
202000006601;154 730 634;B01;3;33;0;0;6;23;1;
202000006601;154 730 635;A01;3;20;0;2;2;15;1;
202000006602;154 730 632;A01;2;7;0;0;3;13;0;
202000006602;154 730 633;B01;1;10;2;0;3;1;0;
202000006603;154 730 631;A01;1;7;0;1;2;1;0;
202000006604;154 730 630;A01;3;7;13;0;2;1;1;
202000006605;154 730 627;C01;2;10;0;2;1;1;1;
202000006605;154 730 628;B01;2;17;0;2;4;1;1;
202000006605;154 730 629;A01;2;17;0;2;4;1;1;
202000006606;154 730 626;A01;2;7;4;0;1;2;1;
202000006607;154 730 624;B01;2;7;0;2;4;23;1;
202000006607;154 730 625;A01;2;7;1;0;1;1;1;
202000006608;154 730 623;A01;1;7;4;0;1;1;1;
202000006609;154 730 621;B01;1;7;0;2;4;2;1;
202000006609;154 730 622;A01;1;7;0;2;1;2;1;
202000006610;154 730 619;B01;2;7;0;2;4;1;1;
202000006610;154 730 620;A01;2;14;0;2;2;1;1;
202000006611;154 730 616;B01;1;7;0;2;4;1;1;
202000006611;154 730 617;A01;1;7;0;2;4;1;1;
202000006611;154 730 618;C01;1;7;0;2;1;2;1;
202000006612;154 730 614;A01;2;7;0;2;3;13;1;
202000006612;154 730 615;B01;2;7;0;2;7;1;6;
202000006613;154 730 612;B01;2;7;0;2;0;12;0;
202000006613;154 730 613;A01;2;33;0;2;5;3;1;
202000006614;154 730 611;A01;2;7;0;1;1;1;1;
202000006615;154 730 609;A01;2;2;0;2;1;19;1;
202000006615;154 730 610;B01;1;7;0;2;7;15;3;
202000006616;154 730 608;A01;2;7;0;1;0;9;1;
202000006617;154 730 606;B01;1;2;0;2;1;1;1;
202000006617;154 730 607;A01;1;7;0;2;4;16;1;
202000006618;154 730 605;A01;1;31;0;0;0;26;1;
202000006619;154 730 604;A01;2;7;0;1;1;16;1;
202000006620;154 730 603;Z01;1;7;0;1;0;1;1;
202000006621;154 730 602;A01;1;7;0;1;1;26;1;
202000006622;154 730 600;B01;1;2;0;2;9;15;1;
202000006622;154 730 601;A01;2;7;0;2;3;0;1;
202000006623;154 730 598;A01;3;10;8;2;1;7;0;
202000006623;154 730 599;B01;3;7;8;2;7;7;0;
202000006624;154 730 597;A01;2;50;14;0;0;1;3;
202000006625;154 730 596;Z01;1;30;0;1;3;14;3;
202000006626;154 730 595;A01;1;7;0;1;3;1;1;
202000006627;154 730 594;A01;1;7;0;1;0;0;0;
202000006628;154 730 593;A01;1;7;4;0;3;13;1;
202000006629;154 730 592;A01;0;7;0;1;1;1;1;
202000006630;154 730 590;A01;1;33;0;2;1;1;1;
202000006630;154 730 591;B01;1;10;0;2;4;23;1;
202000006631;154 730 589;A01;1;7;0;1;7;1;1;
202000006632;154 730 587;A01;2;7;0;2;2;15;1;
202000006632;154 730 588;B01;1;33;0;2;1;1;1;
202000006633;154 730 586;A01;3;7;0;1;1;26;1;
202000006634;154 730 584;B01;1;1;0;2;7;1;5;
202000006634;154 730 585;A01;1;7;0;2;1;9;1;
202000006635;154 730 583;A01;1;7;0;1;8;1;1;
202000006636;154 730 581;A01;3;7;0;2;1;2;0;
202000006636;154 730 582;B01;3;7;0;2;4;2;0;
202000006637;154 730 580;A01;2;7;0;1;6;26;1;
202000006638;154 730 578;B01;3;2;0;2;8;1;1;
202000006638;154 730 579;A01;3;7;0;2;2;15;1;
202000006639;154 730 577;A01;3;10;9;0;1;1;1;
202000006640;154 730 575;B01;3;7;0;2;7;15;1;
202000006640;154 730 576;A01;3;7;0;2;1;1;1;
202000006641;154 730 574;A01;3;7;0;1;4;20;0;
202000006642;154 730 572;A01;1;7;0;2;7;1;1;
202000006642;154 730 573;B01;1;7;0;2;2;0;1;
202000006643;154 730 570;A01;1;7;0;2;6;1;1;
202000006643;154 730 571;B01;2;2;0;2;1;1;1;
202000006644;154 730 568;B01;3;33;0;2;4;16;1;
202000006644;154 730 569;A01;3;7;0;2;1;1;2;
202000006645;154 730 567;A01;2;32;0;0;7;1;1;
202000006646;154 730 565;B01;1;1;0;2;0;1;5;
202000006646;154 730 566;A01;2;7;0;2;1;16;1;
202000006647;154 730 564;A01;1;7;2;0;8;1;1;
202000006648;154 730 562;A01;1;1;0;2;1;1;5;
202000006648;154 730 563;B01;1;13;0;2;2;16;1;
202000006649;154 730 560;A01;2;1;0;2;3;1;5;
202000006649;154 730 561;Z01;1;7;0;0;0;0;0;
202000006650;154 730 559;A01;1;31;14;0;0;1;1;
202000006651;154 730 557;A01;1;7;0;2;2;19;1;
202000006651;154 730 558;B01;1;31;0;2;1;1;1;
202000006652;154 730 554;A01;1;7;0;1;2;1;0;
202000006653;154 730 552;B01;2;10;0;9;0;1;1;
202000006653;154 730 553;A01;2;30;0;2;1;19;1;
202000006654;154 730 550;A01;1;7;0;2;3;10;1;
202000006654;154 730 551;B01;3;1;0;2;1;1;5;
202000006655;154 730 548;B01;1;2;0;2;1;1;1;
202000006655;154 730 549;A01;1;7;0;2;6;9;1;
202000006656;154 730 546;A01;2;7;0;2;2;9;0;
202000006656;154 730 547;B01;2;7;0;2;8;1;0;
202000006657;154 730 544;B01;0;7;0;0;5;0;1;
202000006657;154 730 545;A01;0;33;0;2;1;2;1;
202000006658;154 730 542;A01;0;10;0;2;1;15;1;
202000006658;154 730 543;B01;0;10;0;2;7;1;0;
202000006659;154 730 539;C01;1;10;0;2;5;1;0;
202000006659;154 730 540;A01;1;14;0;2;3;14;0;
202000006659;154 730 541;B01;1;33;0;2;1;1;0;
202000006660;154 730 537;B01;2;7;0;9;1;1;1;
202000006660;154 730 538;A01;1;10;0;0;0;0;1;
202000006661;154 730 535;A01;3;32;0;9;3;26;1;
202000006661;154 730 536;B01;3;99;0;2;1;19;3;
202000006662;154 730 533;A01;1;33;0;2;1;3;1;
202000006662;154 730 534;B01;1;7;0;2;6;12;1;
202000006663;154 730 531;A01;2;33;0;2;1;11;1;
202000006663;154 730 532;B01;2;10;0;2;6;1;1;
202000006664;154 730 529;B01;1;33;0;2;7;12;1;
202000006664;154 730 530;A01;1;32;0;2;8;18;3;
202000006665;154 730 527;B01;1;33;0;2;2;3;1;
202000006665;154 730 528;A01;1;7;0;2;6;11;1;
202000006666;154 730 525;B01;2;1;0;2;1;18;5;
202000006666;154 730 526;A01;1;10;0;2;7;22;1;
202000006667;154 730 523;A01;2;7;0;2;7;16;1;
202000006667;154 730 524;B01;2;1;0;2;1;1;5;
202000006668;154 730 521;B01;1;7;0;2;5;14;1;
202000006668;154 730 522;A01;1;33;12;2;1;2;1;
202000006669;154 730 519;B01;2;14;0;2;7;1;6;
202000006669;154 730 520;A01;2;30;8;2;8;18;1;
202000006670;154 730 517;A01;1;30;0;2;1;1;3;
202000006670;154 730 518;Z01;2;30;0;2;0;5;0;
202000006671;154 730 515;A01;2;7;0;2;3;13;1;
202000006671;154 730 516;B01;2;1;0;2;0;1;5;
202000006672;154 730 513;B01;1;7;0;2;3;15;1;
202000006672;154 730 514;A01;1;32;0;2;1;17;1;
202000006673;154 730 511;B01;2;7;0;2;3;22;1;
202000006673;154 730 512;A01;2;1;0;2;7;1;5;
202000006674;154 730 510;A01;1;1;0;1;1;1;5;
202000006675;154 730 508;B01;3;50;0;2;4;26;3;
202000006675;154 730 509;A01;1;33;0;2;1;21;1;
202000006676;154 730 507;A01;3;7;0;1;4;4;1;
202000006677;154 730 505;A01;1;7;0;2;1;15;1;
202000006677;154 730 506;B01;2;33;0;2;8;1;1;
202000006678;154 730 503;B01;0;2;0;2;7;1;1;
202000006678;154 730 504;A01;0;10;0;2;1;1;1;
202000006679;154 730 502;A01;-1;7;0;1;2;9;0;
202000006680;154 730 501;A01;3;7;0;1;2;2;6;
202000006681;154 730 498;B01;2;7;0;2;7;1;1;
202000006681;154 730 499;A01;2;7;0;2;1;1;1;
202000006682;154 730 496;A01;2;33;0;2;1;5;1;
202000006682;154 730 497;B01;1;10;0;2;1;2;1;
202000006683;154 730 494;A01;1;34;0;2;0;21;1;
202000006683;154 730 495;B01;1;10;0;0;0;9;1;
202000006684;154 730 492;B01;3;7;0;2;4;23;1;
202000006684;154 730 493;A01;3;7;0;2;1;1;1;
202000006685;154 730 490;B01;1;7;0;2;6;15;1;
202000006685;154 730 491;A01;1;31;0;2;1;17;1;
202000006686;154 730 488;A01;2;7;6;2;2;17;1;
202000006686;154 730 489;B01;1;13;0;2;6;1;1;
202000006687;154 730 486;A01;1;7;3;0;4;1;1;
202000006687;154 730 487;B01;2;10;0;2;1;1;1;
202000006688;154 730 485;A01;3;7;13;0;3;14;1;
202000006689;154 730 483;A01;2;7;0;2;1;2;1;
202000006689;154 730 484;B01;2;7;0;2;4;2;1;
202000006690;154 730 482;A01;0;1;0;0;0;0;5;
202000006691;154 730 480;A01;1;10;0;2;7;1;1;
202000006691;154 730 481;B01;1;1;0;2;1;9;5;
202000006692;154 730 479;A01;1;7;2;0;8;1;1;
202000006693;154 730 477;A01;1;7;0;2;3;13;1;
202000006693;154 730 478;B01;2;7;0;2;8;21;1;
202000006694;154 730 475;B01;2;7;0;2;1;1;1;
202000006694;154 730 476;A01;1;7;0;2;3;15;1;
202000006695;154 730 473;B01;2;7;0;2;1;1;1;
202000006695;154 730 474;A01;1;7;0;2;7;1;1;
202000006696;154 730 471;A01;1;10;0;2;3;1;0;
202000006696;154 730 472;B01;2;7;0;2;1;13;1;
202000006697;154 730 470;A01;2;33;0;0;4;1;1;
202000006698;154 730 468;B01;1;7;0;2;2;1;1;
202000006698;154 730 469;A01;1;7;0;2;3;9;1;
202000006699;154 730 467;A01;1;7;2;0;8;1;1;
202000006700;154 730 465;A01;1;7;0;2;1;17;1;
202000006700;154 730 466;B01;1;7;0;2;6;15;1;
202000006701;154 730 464;A01;2;7;15;0;2;13;1;
202000006702;154 730 462;B01;2;7;0;2;3;1;1;
202000006702;154 730 463;A01;1;7;0;2;3;13;1;
202000006703;154 730 461;A01;1;7;13;0;1;1;1;
202000006704;154 730 460;A01;1;2;12;0;2;1;1;
202000006705;154 730 459;A01;1;13;6;0;1;1;1;
202000006706;154 730 456;A01;3;1;0;1;1;2;5;
202000006707;154 730 455;A01;1;7;2;0;1;1;1;
202000006708;154 730 453;A01;2;7;0;2;1;16;1;
202000006708;154 730 454;B01;1;1;0;2;4;1;5;
202000006709;154 730 452;A01;1;15;0;1;4;4;1;
202000006710;154 730 451;A01;2;7;2;0;3;13;1;
202000006711;154 730 449;B01;2;32;0;2;2;17;1;
202000006711;154 730 450;A01;2;7;0;2;8;10;1;
202000006712;154 730 447;B01;3;10;0;2;1;2;1;
202000006712;154 730 448;A01;3;20;0;0;4;1;1;
202000006713;154 730 445;B01;0;7;0;0;2;1;1;
202000006713;154 730 446;A01;0;1;0;2;1;9;6;
202000006714;154 730 443;B01;1;10;0;2;1;15;1;
202000006714;154 730 444;A01;2;31;0;2;1;1;1;
202000006715;154 730 442;A01;2;7;0;1;2;14;1;
202000006716;154 730 440;A01;2;7;0;0;4;2;0;
202000006716;154 730 441;B01;2;33;0;2;1;0;0;
202000006717;154 730 439;A01;0;1;0;0;0;1;5;
202000006718;154 730 437;A01;1;7;0;2;1;15;1;
202000006718;154 730 438;B01;2;2;0;2;3;1;1;
202000006719;154 730 436;A01;0;7;15;0;1;0;1;
202000006720;154 730 433;C01;3;7;0;2;4;1;1;
202000006720;154 730 434;B01;3;7;0;2;4;1;1;
202000006720;154 730 435;A01;3;7;0;2;1;1;1;
202000006721;154 730 431;B01;2;2;0;2;1;1;1;
202000006721;154 730 432;A01;2;10;0;2;3;15;1;
202000006722;154 730 430;A01;3;7;0;1;1;19;1;
202000006723;154 730 429;A01;1;7;0;1;1;1;1;
202000006724;154 730 427;B01;1;30;0;2;1;0;1;
202000006724;154 730 428;A01;1;30;0;2;8;15;1;
202000006725;154 730 425;A01;1;30;0;2;3;1;1;
202000006725;154 730 426;B01;2;10;0;2;2;1;1;
202000006726;154 730 424;A01;1;7;0;1;2;2;1;
202000006727;154 730 423;A01;2;7;0;1;8;15;1;
202000006728;154 730 422;A01;1;7;0;1;1;1;1;
202000006729;154 730 420;A01;1;7;0;2;8;13;1;
202000006729;154 730 421;B01;1;7;0;2;7;1;1;
202000006730;154 730 417;B01;1;7;0;2;7;9;0;
202000006730;154 730 418;A01;1;7;0;2;1;9;1;
202000006730;154 730 419;C01;1;7;0;2;3;1;0;
202000006731;154 730 416;A01;1;20;0;1;3;15;1;
202000006732;154 730 414;A01;1;2;0;2;8;1;1;
202000006732;154 730 415;B01;1;7;0;2;3;1;1;
202000006733;154 730 412;B01;1;31;0;2;0;0;1;
202000006733;154 730 413;A01;1;7;0;2;1;19;1;
202000006734;154 730 411;A01;3;13;0;1;3;15;1;
202000006735;154 730 410;A01;1;10;0;1;3;1;0;
202000006736;154 730 406;A01;3;7;2;0;1;14;1;
202000006737;154 730 403;A01;2;7;0;0;7;1;1;
202000006737;154 730 404;C01;1;7;0;0;1;23;1;
202000006737;154 730 405;B01;3;7;0;0;1;1;1;
202000006738;154 730 402;A01;1;30;6;0;1;0;1;
202000006739;154 730 400;B01;2;30;0;2;1;1;1;
202000006739;154 730 401;A01;1;7;0;2;2;15;1;
202000006740;154 730 399;A01;2;31;9;0;1;13;1;
202000006741;154 730 397;A01;1;7;0;2;2;1;1;
202000006741;154 730 398;B01;3;1;0;2;2;15;5;
202000006742;154 730 395;B01;1;7;0;9;0;0;1;
202000006742;154 730 396;A01;1;1;0;2;3;15;5;
202000006743;154 730 394;A01;0;7;1;0;2;1;1;
202000006744;154 730 393;A01;3;2;0;0;4;26;1;
202000006745;154 730 391;A01;3;2;0;2;8;16;1;
202000006745;154 730 392;B01;3;2;0;2;2;1;1;
202000006746;154 730 389;A01;3;7;0;2;2;15;1;
202000006746;154 730 390;B01;3;32;0;2;1;7;1;
202000006747;154 730 388;A01;3;7;0;0;3;9;1;
202000006748;154 730 386;CA01;1;10;0;2;0;26;1;
202000006748;154 730 387;B01;1;2;0;2;0;0;0;
202000006749;154 730 385;A01;1;7;8;0;9;14;1;
202000006750;154 730 384;A01;2;7;15;0;2;1;1;
202000006751;154 730 383;A01;3;50;0;0;0;1;3;
202000006752;154 730 381;A01;0;7;0;2;5;15;1;
202000006752;154 730 382;B01;0;32;0;2;1;1;1;
202000006753;154 730 380;A01;1;7;0;1;3;1;0;
202000006754;154 730 378;B01;1;40;0;2;2;1;3;
202000006754;154 730 379;A01;1;7;0;4;3;19;1;
202000006755;154 730 377;A01;1;7;8;0;1;1;1;
202000006756;154 730 375;Z01;1;7;0;2;8;14;1;
202000006756;154 730 376;A01;1;30;0;2;7;1;1;
202000006757;154 730 374;A01;1;7;0;1;7;1;1;
202000006758;154 730 372;A01;2;7;0;2;2;15;1;
202000006758;154 730 373;B01;1;30;0;2;1;1;1;
202000006759;154 730 370;A01;2;7;0;2;1;1;1;
202000006759;154 730 371;B01;1;7;0;2;8;1;1;
202000006760;154 730 368;B01;1;1;0;2;3;15;0;
202000006760;154 730 369;A01;1;7;0;2;2;17;2;
202000006761;154 730 366;A01;3;1;0;2;3;1;5;
202000006761;154 730 367;B01;2;7;0;2;3;1;3;
202000006762;154 730 364;B01;2;34;0;2;7;17;1;
202000006762;154 730 365;A01;2;7;0;2;3;13;1;
202000006763;154 730 363;A01;1;34;1;0;1;1;1;
202000006764;154 730 361;Z01;1;7;0;2;1;1;0;
202000006764;154 730 362;A01;2;7;0;0;4;23;0;
202000006765;154 730 359;B01;1;3;12;0;4;0;1;
202000006765;154 730 360;A01;1;3;0;2;1;23;1;
202000006766;154 730 358;A01;1;34;1;2;1;1;1;
202000006767;154 730 357;A01;0;7;2;0;9;13;1;
202000006768;154 730 355;B01;1;7;0;2;6;1;1;
202000006768;154 730 356;A01;2;7;0;2;3;6;1;
202000006769;154 730 353;A01;1;7;0;0;2;19;1;