num_acc;id_vehicule;num_veh;senc;catv;obs;obsm;choc;manv;motor;occutc
202000006769;154 730 354;B01;2;2;0;2;1;1;1;
202000006770;154 730 348;E01;1;7;0;2;4;2;1;
202000006770;154 730 349;D01;1;7;0;2;4;2;1;
202000006770;154 730 350;C01;1;7;0;2;4;2;1;
202000006770;154 730 351;B01;1;10;0;2;4;2;1;
202000006770;154 730 352;A01;1;7;0;2;1;2;1;
202000006771;154 730 346;B01;1;33;0;2;1;1;1;
202000006771;154 730 347;A01;2;7;0;2;6;19;1;
202000006772;154 730 343;C01;2;33;0;2;1;26;1;
202000006772;154 730 344;B01;2;33;0;2;1;26;1;
202000006772;154 730 345;A01;2;33;0;2;4;16;1;
202000006773;154 730 339;B01;2;7;0;2;8;15;0;
202000006773;154 730 340;A01;2;33;0;2;1;17;0;
202000006774;154 730 338;A01;3;7;0;1;2;1;1;
202000006775;154 730 337;A01;2;7;2;0;1;1;1;
202000006776;154 730 336;A01;0;35;2;0;2;0;0;
202000006777;154 730 335;A01;1;33;13;0;1;15;1;
202000006778;154 730 334;A01;2;7;13;0;1;0;0;
202000006779;154 730 332;B01;0;33;0;2;1;1;1;
202000006779;154 730 333;A01;0;7;0;2;6;15;1;
202000006780;154 730 331;A01;0;30;0;0;2;1;0;
202000006781;154 730 329;A01;2;7;0;2;3;1;1;
202000006781;154 730 330;B01;1;7;0;2;3;1;1;
202000006782;154 730 328;A01;2;7;13;0;2;1;1;
202000006783;154 730 327;A01;1;31;0;1;1;1;1;
202000006784;154 730 326;A01;1;1;0;0;0;2;5;
202000006785;154 730 325;A01;1;99;1;0;2;14;1;
202000006786;154 730 324;A01;3;7;6;0;1;2;1;
202000006787;154 730 323;A01;1;33;3;0;7;14;1;
202000006788;154 730 322;A01;1;7;6;1;1;1;1;
202000006789;154 730 320;A01;1;7;0;2;7;15;0;
202000006789;154 730 321;B01;2;32;0;2;1;1;1;
202000006790;154 730 319;A01;2;7;7;0;7;1;0;
202000006791;154 730 318;A01;1;7;7;0;1;13;1;
202000006792;154 730 317;A01;3;7;16;0;2;1;0;
202000006793;154 730 316;A01;2;7;2;0;1;1;1;
202000006794;154 730 314;A01;2;7;0;2;2;17;1;
202000006794;154 730 315;B01;2;1;0;2;8;10;0;
202000006795;154 730 313;A01;0;7;0;0;0;0;1;
202000006796;154 730 312;A01;2;1;0;0;1;1;5;
202000006797;154 730 310;B01;3;2;0;2;1;0;1;
202000006797;154 730 311;A01;3;7;0;2;2;1;1;
202000006798;154 730 309;A01;3;2;0;0;2;26;1;
202000006799;154 730 306;C01;2;7;0;2;5;1;1;
202000006799;154 730 307;A01;2;33;0;2;1;12;1;
202000006799;154 730 308;B01;2;33;0;2;4;1;1;
202000006800;154 730 305;A01;2;33;2;0;1;26;1;
202000006801;154 730 304;A01;1;33;0;6;2;1;1;
202000006802;154 730 302;B01;2;33;0;2;1;1;1;
202000006802;154 730 303;A01;1;10;0;2;5;15;1;
202000006803;154 730 300;B01;1;7;16;0;4;16;1;
202000006803;154 730 301;A01;1;7;0;2;1;2;1;
202000006804;154 730 299;A01;1;33;16;0;1;1;1;
202000006805;154 730 297;A01;1;7;0;2;1;0;1;
202000006805;154 730 298;B01;1;7;0;2;3;0;1;
202000006806;154 730 293;A01;3;7;0;2;2;15;1;
202000006806;154 730 294;B01;2;33;0;2;1;1;1;
202000006807;154 730 292;A01;0;7;2;0;8;1;1;
202000006808;154 730 290;A01;1;7;0;2;2;15;1;
202000006808;154 730 291;B01;1;7;0;2;1;1;1;
202000006809;154 730 289;A01;1;7;6;0;9;14;1;
202000006810;154 730 287;A01;2;10;0;2;2;17;1;
202000006810;154 730 288;B01;2;80;0;2;3;13;3;
202000006811;154 730 285;A01;2;7;0;2;8;19;1;
202000006811;154 730 286;B01;1;33;0;2;1;1;1;
202000006812;154 730 284;A01;1;7;0;1;4;4;1;
202000006813;154 730 282;B01;1;2;0;0;4;2;1;
202000006813;154 730 283;A01;1;7;0;2;2;2;1;
202000006814;154 730 280;B01;3;33;0;2;1;1;1;
202000006814;154 730 281;A01;3;33;0;2;1;5;1;
202000006815;154 730 278;B01;2;33;0;2;1;1;1;
202000006815;154 730 279;A01;1;7;0;2;2;15;1;
202000006816;154 730 277;A01;2;7;13;0;3;19;1;
202000006817;154 730 275;B01;1;7;0;0;5;2;1;
202000006817;154 730 276;A01;1;33;0;2;1;2;1;
202000006818;154 730 273;A01;1;7;0;0;4;4;1;
202000006818;154 730 274;B01;1;43;0;2;1;1;1;
202000006819;154 730 271;B01;2;14;0;2;1;1;1;
202000006819;154 730 272;A01;1;7;0;2;1;13;1;
202000006820;154 730 270;A01;1;1;0;0;7;1;5;
202000006821;154 730 267;A01;1;33;0;2;1;17;1;
202000006821;154 730 268;B01;1;7;0;2;6;11;1;
202000006821;154 730 269;C01;1;7;0;2;1;1;1;
202000006822;154 730 265;B01;1;7;0;2;1;1;1;
202000006822;154 730 266;A01;2;7;0;2;7;1;1;
202000006823;154 730 262;C01;1;33;0;0;1;1;1;
202000006823;154 730 263;B01;1;7;0;0;6;1;1;
202000006823;154 730 264;A01;2;7;0;2;3;1;1;
202000006824;154 730 260;A01;1;7;0;0;2;15;1;
202000006824;154 730 261;B01;2;1;0;2;1;1;5;
202000006825;154 730 259;A01;3;36;0;0;8;15;1;
202000006826;154 730 257;A01;2;7;0;2;3;1;1;
202000006826;154 730 258;B01;2;1;0;2;1;1;5;
202000006827;154 730 255;A01;0;7;0;2;6;9;1;
202000006827;154 730 256;B01;0;33;0;2;1;1;1;
202000006828;154 730 253;B01;1;33;0;2;7;1;1;
202000006828;154 730 254;A01;2;7;3;2;6;13;1;
202000006829;154 730 251;B01;1;7;0;2;3;0;0;
202000006829;154 730 252;A01;2;2;0;2;1;13;1;
202000006830;154 730 249;A01;2;33;0;2;2;17;1;
202000006830;154 730 250;B01;2;7;0;2;8;1;1;
202000006831;154 730 247;B01;1;7;0;2;3;1;1;
202000006831;154 730 248;A01;2;7;0;2;1;13;1;
202000006832;154 730 245;B01;2;33;0;2;1;1;1;
202000006832;154 730 246;A01;2;33;0;2;4;1;1;
202000006833;154 730 242;A01;3;7;0;0;3;16;1;
202000006833;154 730 243;B01;3;7;0;2;1;16;1;
202000006834;154 730 241;A01;3;33;16;0;8;1;1;
202000006835;154 730 240;A01;2;7;4;0;1;0;1;
202000006836;154 730 239;A01;1;20;0;0;9;26;1;
202000006837;154 730 238;A01;2;33;0;0;7;1;1;
202000006838;154 730 235;B01;2;7;0;2;8;9;1;
202000006838;154 730 236;C01;2;33;0;2;0;2;1;
202000006838;154 730 237;A01;2;15;0;2;2;2;1;
202000006839;154 730 234;A01;1;33;14;0;8;26;1;
202000006840;154 730 232;B01;1;7;0;9;2;15;1;
202000006840;154 730 233;A01;1;31;0;2;1;1;1;
202000006841;154 730 230;A01;3;99;0;2;5;1;6;
202000006841;154 730 231;B01;3;33;0;2;1;1;6;
202000006842;154 730 228;B01;0;30;0;2;2;1;6;
202000006842;154 730 229;A01;0;7;0;2;6;15;0;
202000006843;154 730 226;B01;1;7;0;2;4;1;1;
202000006843;154 730 227;A01;1;7;0;2;1;2;1;
202000006844;154 730 225;A01;2;41;0;1;1;26;1;
202000006845;154 730 224;A01;2;1;0;2;1;26;5;
202000006846;154 730 222;B01;2;50;0;2;4;2;3;
202000006846;154 730 223;A01;2;7;0;2;1;2;0;
202000006847;154 730 220;A01;1;7;1;0;2;26;0;
202000006847;154 730 221;B01;1;2;1;0;1;0;0;
202000006848;154 730 218;B01;0;31;0;0;0;0;0;
202000006848;154 730 219;A01;3;7;0;2;3;0;0;
202000006849;154 730 217;A01;3;7;0;1;2;17;1;
202000006850;154 730 216;A01;1;99;8;0;0;14;0;
202000006851;154 730 215;A01;1;7;0;1;0;1;1;
202000006852;154 730 212;C01;1;7;0;2;1;2;1;
202000006852;154 730 213;A01;1;7;0;2;4;2;2;
202000006852;154 730 214;B01;1;7;0;2;1;2;1;
202000006853;154 730 210;B01;2;1;0;0;0;0;0;
202000006853;154 730 211;A01;1;7;0;0;3;13;1;
202000006854;154 730 206;A01;1;7;0;9;2;11;1;
202000006854;154 730 207;B01;1;1;0;2;1;1;5;
202000006855;154 730 204;B01;2;1;0;2;1;1;5;
202000006855;154 730 205;A01;1;7;0;2;1;15;1;
202000006856;154 730 202;A01;1;7;0;2;0;14;1;
202000006856;154 730 203;B01;0;7;0;2;0;1;1;
202000006857;154 730 201;A01;1;7;0;1;7;1;1;
202000006858;154 730 200;A01;3;7;0;1;2;9;0;
202000006859;154 730 198;A01;3;7;0;2;3;10;1;
202000006859;154 730 199;B01;3;33;0;2;7;17;1;
202000006860;154 730 196;A01;1;7;0;2;3;15;1;
202000006860;154 730 197;B01;2;7;8;2;8;1;1;
202000006861;154 730 194;B01;3;7;0;9;3;2;1;
202000006861;154 730 195;A01;0;60;0;2;1;26;5;
202000006862;154 730 193;A01;2;7;0;1;1;1;1;
202000006863;154 730 192;A01;3;33;0;0;3;1;1;
202000006864;154 730 191;A01;3;7;2;0;1;1;1;
202000006865;154 730 189;B01;3;1;0;2;1;1;5;
202000006865;154 730 190;A01;3;7;0;2;2;16;1;
202000006866;154 730 186;C01;0;7;0;2;4;1;1;
202000006866;154 730 187;B01;0;7;0;2;1;2;1;
202000006866;154 730 188;A01;3;7;0;2;1;1;1;
202000006867;154 730 184;B01;1;7;0;2;3;1;1;
202000006867;154 730 185;A01;1;30;0;2;1;1;1;
202000006868;154 730 183;A01;1;1;0;0;1;1;5;
202000006869;154 730 181;B01;3;7;0;2;3;1;1;
202000006869;154 730 182;A01;3;31;0;2;1;17;1;
202000006870;154 730 177;A01;2;7;1;2;2;1;0;
202000006870;154 730 178;B01;1;7;1;2;3;0;0;
202000006870;154 730 179;D01;1;10;1;2;3;0;0;
202000006870;154 730 180;C01;1;7;1;2;2;0;0;
202000006871;154 730 175;B01;3;32;0;2;8;1;0;
202000006871;154 730 176;A01;3;10;0;2;3;15;1;
202000006872;154 730 174;A01;1;7;6;0;8;1;1;
202000006873;154 730 173;A01;1;7;0;1;2;15;1;
202000006874;154 730 171;A01;3;7;0;2;1;19;0;
202000006874;154 730 172;B01;1;7;0;2;3;1;0;
202000006875;154 730 167;A01;2;7;0;2;1;2;1;
202000006875;154 730 168;C01;2;7;0;2;2;11;1;
202000006875;154 730 169;D01;2;7;0;2;3;2;1;
202000006875;154 730 170;B01;2;7;0;2;4;2;1;
202000006876;154 730 165;A01;1;2;0;2;1;1;1;
202000006876;154 730 166;B01;1;37;0;2;5;1;2;1
202000006877;154 730 164;A01;2;30;0;1;2;1;3;
202000006878;154 730 162;B01;3;1;0;2;8;1;5;
202000006878;154 730 163;A01;2;7;0;2;2;1;3;
202000006879;154 730 161;A01;2;30;14;0;7;14;3;
202000006880;154 730 159;A01;3;1;0;2;1;19;5;
202000006880;154 730 160;Z01;3;7;0;2;6;1;0;
202000006881;154 730 157;A01;1;7;0;2;7;22;1;
202000006881;154 730 158;B01;2;1;0;2;1;5;5;
202000006882;154 730 155;B01;1;30;0;2;8;1;1;
202000006882;154 730 156;A01;0;7;0;2;2;15;1;
202000006883;154 730 153;B01;3;1;0;2;1;1;5;
202000006883;154 730 154;A01;3;7;0;2;3;10;1;
202000006884;154 730 152;A01;1;1;12;0;1;1;5;
202000006885;154 730 151;A01;2;1;0;1;1;25;5;
202000006886;154 730 150;A01;1;7;0;1;2;16;1;
202000006887;154 730 148;B01;2;1;0;2;2;1;5;
202000006887;154 730 149;A01;2;10;0;2;3;22;1;
202000006888;154 730 147;Z01;2;2;0;1;0;1;0;
202000006889;154 730 145;B01;2;7;0;2;5;23;1;
202000006889;154 730 146;A01;2;30;0;2;1;1;1;
202000006890;154 730 143;A01;2;10;0;2;2;10;1;
202000006890;154 730 144;B01;1;1;0;2;1;1;5;
202000006891;154 730 142;A01;2;33;8;0;3;13;1;
202000006892;154 730 140;B01;2;7;0;2;4;1;0;
202000006892;154 730 141;A01;2;7;0;2;1;1;1;
202000006893;154 730 138;A01;2;2;0;9;3;2;0;
202000006893;154 730 139;B01;1;50;0;0;4;1;3;
202000006894;154 730 136;A01;1;30;0;2;3;18;1;
202000006894;154 730 137;B01;1;7;0;2;2;16;1;
202000006895;154 730 134;A01;2;30;0;2;1;18;1;
202000006895;154 730 135;B01;2;7;0;2;2;16;1;
202000006896;154 730 132;B01;2;7;0;2;1;1;1;
202000006896;154 730 133;A01;1;7;0;2;2;13;1;
202000006897;154 730 130;A01;1;7;0;2;1;26;0;
202000006897;154 730 131;B01;1;33;0;2;4;1;1;
202000006898;154 730 128;A01;3;10;0;2;1;1;1;
202000006898;154 730 129;B01;3;32;0;2;8;16;1;
202000006899;154 730 127;A01;1;7;1;0;2;14;1;
202000006900;154 730 125;A01;3;33;16;0;3;16;1;
202000006900;154 730 126;B01;3;7;12;0;3;15;1;
202000006901;154 730 123;A01;-1;7;1;0;4;23;1;
202000006901;154 730 124;B01;-1;7;1;0;1;2;1;
202000006902;154 730 121;B01;1;7;0;2;3;1;1;
202000006902;154 730 122;A01;1;7;0;2;8;15;1;
202000006903;154 730 117;D01;1;7;0;0;0;0;1;
202000006903;154 730 118;C01;1;7;0;0;4;24;1;
202000006903;154 730 119;B01;2;7;0;2;6;1;1;
202000006903;154 730 120;A01;1;7;1;2;1;21;1;
202000006904;154 730 115;B01;2;1;0;2;3;2;0;
202000006904;154 730 116;A01;2;1;0;2;2;2;0;
202000006905;154 730 113;B01;2;32;0;2;1;1;1;
202000006905;154 730 114;A01;1;7;0;2;3;15;1;
202000006906;154 730 112;A01;1;7;0;1;6;4;1;
202000006907;154 730 111;A01;0;33;12;0;0;1;1;
202000006908;154 730 110;A01;2;7;13;0;3;1;1;
202000006909;154 730 108;A01;0;10;0;2;3;9;1;
202000006909;154 730 109;B01;0;31;0;2;1;1;1;
202000006910;154 730 106;B01;3;33;0;0;4;2;1;
202000006910;154 730 107;A01;3;33;0;2;1;2;1;
202000006911;154 730 105;A01;1;7;2;0;1;1;1;
202000006912;154 730 104;A01;1;7;13;0;2;14;1;
202000006913;154 730 103;A01;2;33;6;0;1;13;1;
202000006914;154 730 102;A01;1;7;13;0;3;1;1;
202000006915;154 730 100;B01;1;7;0;2;3;13;0;
202000006915;154 730 101;A01;2;33;13;2;3;1;1;
202000006916;154 730 097;A01;0;2;0;0;2;13;1;
202000006917;154 730 096;A01;2;33;13;0;1;1;1;
202000006918;154 730 095;A01;2;7;0;0;9;14;1;
202000006919;154 730 094;A01;3;33;0;0;0;1;1;
202000006920;154 730 092;A01;2;7;2;0;1;16;1;
202000006921;154 730 090;B01;2;7;0;2;8;9;1;
202000006921;154 730 091;A01;2;33;0;2;1;1;1;
202000006922;154 730 089;A01;0;1;0;0;0;1;5;
202000006923;154 730 087;A01;2;7;0;2;2;15;1;
202000006923;154 730 088;B01;1;33;0;2;1;1;1;
202000006924;154 730 086;A01;1;7;13;0;3;14;1;
202000006925;154 730 084;A01;3;7;0;9;2;1;0;
202000006925;154 730 085;B01;3;1;0;2;1;1;5;
202000006926;154 730 082;B01;1;7;0;0;3;1;1;
202000006926;154 730 083;A01;2;33;0;0;8;15;1;
202000006927;154 730 081;A01;1;33;12;0;7;1;1;
202000006928;154 730 079;B01;1;33;0;2;2;2;1;
202000006928;154 730 080;A01;1;33;0;0;3;15;1;
202000006929;154 730 078;A01;2;7;6;0;1;1;1;
202000006930;154 730 076;B01;2;30;0;2;1;1;1;
202000006930;154 730 077;A01;2;7;0;2;3;6;1;
202000006931;154 730 073;A01;3;37;0;2;1;2;1;1
202000006931;154 730 074;C01;3;7;0;2;4;1;1;
202000006931;154 730 075;B01;3;7;0;2;4;1;1;
202000006932;154 730 072;A01;2;7;0;1;1;1;1;
202000006933;154 730 070;B01;2;2;0;2;8;1;1;
202000006933;154 730 071;A01;1;7;0;2;1;15;1;
202000006934;154 730 068;B01;2;33;0;2;1;1;1;
202000006934;154 730 069;A01;1;7;0;2;3;15;1;
202000006935;154 730 065;A01;1;7;0;2;1;2;1;
202000006935;154 730 066;B01;1;7;0;2;4;1;1;
202000006935;154 730 067;C01;1;7;0;2;4;23;1;
202000006936;154 730 063;A01;0;30;0;2;1;1;1;
202000006936;154 730 064;B01;2;7;0;2;5;2;1;
202000006937;154 730 062;A01;2;7;0;0;0;1;1;
202000006938;154 730 061;A01;1;33;0;0;8;2;1;
202000006939;154 730 060;A01;0;7;0;1;2;17;1;
202000006940;154 730 057;C01;2;7;0;2;4;2;1;
202000006940;154 730 058;B01;2;10;0;2;4;2;1;
202000006940;154 730 059;A01;2;10;0;2;1;2;1;
202000006941;154 730 055;A01;1;7;0;2;8;11;1;
202000006941;154 730 056;B01;1;33;0;2;2;1;1;
202000006942;154 730 053;A01;3;33;0;2;1;2;1;
202000006942;154 730 054;B01;3;7;0;2;3;15;1;
202000006943;154 730 052;A01;1;10;0;1;2;19;1;
202000006944;154 730 051;A01;3;7;8;0;7;16;1;
202000006945;154 730 050;A01;0;43;11;0;1;1;1;
202000006946;154 730 048;A01;0;32;0;2;1;1;1;
202000006946;154 730 049;B01;0;7;0;2;2;1;1;
202000006947;154 730 046;B01;0;7;0;2;2;1;1;
202000006947;154 730 047;A01;0;7;0;2;3;13;1;
202000006948;154 730 043;C01;2;7;0;2;4;1;1;
202000006948;154 730 044;B01;2;14;0;2;1;1;1;
202000006948;154 730 045;A01;2;7;0;2;1;1;1;
202000006949;154 730 042;A01;1;7;0;1;1;9;1;
202000006950;154 730 040;B01;2;7;0;2;3;1;1;
202000006950;154 730 041;A01;1;7;0;2;2;15;1;
202000006951;154 730 038;A01;0;7;0;2;2;14;1;
202000006951;154 730 039;B01;0;80;0;2;3;1;3;
202000006952;154 730 036;A01;1;50;0;2;1;9;3;
202000006952;154 730 037;B01;2;7;0;2;3;1;1;
202000006953;154 730 034;B01;0;50;0;2;0;0;3;
202000006953;154 730 035;A01;0;7;0;2;0;17;1;
202000006954;154 730 032;A01;1;7;0;2;2;15;1;
202000006954;154 730 033;B01;2;2;0;2;1;1;1;
202000006955;154 730 031;A01;0;7;0;1;1;9;1;
202000006956;154 730 029;A01;1;7;0;2;1;13;1;
202000006956;154 730 030;B01;2;7;0;2;1;1;1;
202000006957;154 730 027;B01;2;7;0;2;1;1;1;
202000006957;154 730 028;A01;1;7;0;2;1;13;1;
202000006958;154 730 025;A01;1;33;0;2;1;1;1;
202000006958;154 730 026;B01;2;7;0;2;1;10;1;
202000006959;154 730 023;A01;1;7;0;2;1;2;1;
202000006959;154 730 024;B01;1;15;0;0;4;1;1;
202000006960;154 730 022;A01;1;7;6;0;1;1;1;
202000006961;154 730 020;B01;0;1;0;0;8;2;0;
202000006961;154 730 021;A01;3;7;0;2;7;17;0;
202000006962;154 730 018;A01;1;7;0;2;1;1;1;
202000006962;154 730 019;B01;1;7;0;2;4;1;1;
202000006963;154 730 016;B01;3;7;0;2;4;1;1;
202000006963;154 730 017;A01;3;7;0;2;2;1;1;
202000006964;154 730 014;A01;1;10;10;0;1;1;1;
202000006964;154 730 015;B01;1;7;0;2;1;2;1;
202000006965;154 730 013;A01;1;7;0;1;1;0;1;
202000006966;154 730 012;A01;2;7;0;1;1;15;1;
202000006967;154 730 010;A01;2;7;0;2;1;0;1;
202000006967;154 730 011;B01;2;7;0;2;4;1;1;
202000006968;154 730 009;A01;3;7;8;1;1;26;1;
202000006969;154 730 007;A01;2;7;13;0;3;1;1;
202000006970;154 730 006;A01;1;7;0;1;4;4;1;
202000006971;154 730 005;A01;0;14;0;1;7;1;1;
202000006972;154 730 004;A01;1;7;0;1;1;1;1;
202000006973;154 730 003;A01;1;7;15;0;2;14;1;
202000006974;154 730 001;A01;1;7;0;2;3;10;1;
202000006974;154 730 002;B01;2;7;0;2;1;21;1;
202000006975;154 729 999;Z01;1;7;0;2;1;1;1;
202000006975;154 730 000;B01;2;7;0;2;8;1;1;
202000006976;154 729 997;B01;1;2;0;2;1;1;1;
202000006976;154 729 998;A01;2;7;0;2;2;15;1;
202000006977;154 729 995;A01;1;7;0;2;1;1;1;
202000006977;154 729 996;B01;1;7;0;2;3;15;1;
202000006978;154 729 993;A01;1;7;0;2;1;2;1;
202000006978;154 729 994;B01;1;7;0;2;4;23;1;
202000006979;154 729 992;A01;3;7;0;1;1;15;0;
202000006980;154 729 991;A01;2;7;3;0;8;13;1;
202000006981;154 729 989;A01;1;7;0;2;3;26;1;
202000006981;154 729 990;B01;1;34;0;2;1;1;1;
202000006982;154 729 988;A01;3;30;0;0;0;26;1;
202000006983;154 729 986;A01;1;7;6;2;4;20;1;
202000006983;154 729 987;B01;1;7;0;0;0;0;1;
202000006984;154 729 984;B01;2;7;0;2;3;15;1;
202000006984;154 729 985;A01;2;32;0;2;7;17;1;
202000006985;154 729 982;B01;3;7;0;2;3;1;6;
202000006985;154 729 983;A01;0;7;0;2;3;16;6;
202000006986;154 729 980;B01;1;33;0;2;7;1;1;
202000006986;154 729 981;A01;3;7;0;2;8;6;1;
202000006987;154 729 979;A01;1;7;0;0;9;1;1;
202000006988;154 729 973;A01;3;7;0;2;0;0;1;
202000006988;154 729 974;B01;3;7;0;2;0;0;0;
202000006989;154 729 970;B01;1;7;0;2;4;1;1;
202000006989;154 729 971;C01;1;7;0;2;4;1;1;
202000006989;154 729 972;A01;1;7;0;2;1;2;1;
202000006990;154 729 968;A01;2;7;0;2;1;14;1;
202000006990;154 729 969;B01;2;7;0;2;7;1;1;
202000006991;154 729 967;A01;3;7;13;0;1;13;1;
202000006992;154 729 966;A01;2;33;12;0;1;13;1;
202000006993;154 729 965;A01;2;7;0;1;1;26;1;
202000006994;154 729 963;B01;2;31;0;2;3;1;1;
202000006994;154 729 964;Z01;1;7;0;2;5;1;1;
202000006995;154 729 961;A01;3;7;0;2;4;4;1;
202000006995;154 729 962;B01;3;1;0;2;7;1;5;
202000006996;154 729 959;B01;3;7;0;2;8;15;1;
202000006996;154 729 960;A01;3;2;0;2;7;17;1;
202000006997;154 729 957;B01;3;30;0;2;7;17;1;
202000006997;154 729 958;A01;3;7;0;2;3;15;1;
202000006998;154 729 955;B01;3;10;0;2;4;23;1;
202000006998;154 729 956;A01;3;10;0;2;1;1;1;
202000006999;154 729 954;A01;1;7;0;1;1;15;1;
202000007000;154 729 953;A01;1;99;0;0;0;1;1;
202000007001;154 729 952;A01;1;30;12;0;8;13;1;
202000007002;154 729 951;A01;1;7;15;0;2;15;1;
202000007003;154 729 949;A01;2;7;0;2;1;1;1;
202000007003;154 729 950;B01;2;7;0;2;4;1;1;
202000007004;154 729 947;B01;1;50;0;2;3;1;3;
202000007004;154 729 948;A01;3;7;0;2;2;1;1;
202000007005;154 729 945;B01;3;7;0;2;4;2;1;
202000007005;154 729 946;A01;3;7;0;2;1;2;1;
202000007006;154 729 943;B01;2;33;0;2;0;0;1;
202000007006;154 729 944;A01;2;7;0;2;0;0;1;
202000007007;154 729 941;B01;2;7;0;2;4;23;1;
202000007007;154 729 942;A01;2;10;0;2;1;1;1;
202000007008;154 729 939;A01;1;7;0;2;8;10;2;
202000007008;154 729 940;B01;1;33;0;2;1;1;1;
202000007009;154 729 938;A01;1;7;0;1;1;1;0;
202000007010;154 729 936;B01;1;2;0;2;8;1;1;
202000007010;154 729 937;A01;1;7;0;2;7;16;1;
202000007011;154 729 934;B01;1;7;0;2;2;14;1;
202000007011;154 729 935;A01;1;30;0;2;3;18;1;
202000007012;154 729 932;A01;2;7;8;1;7;19;1;
202000007012;154 729 933;B01;2;7;0;2;1;19;1;
202000007013;154 729 931;A01;0;7;0;1;1;1;1;
202000007014;154 729 930;A01;1;7;0;1;1;15;1;
202000007015;154 729 928;A01;1;1;0;2;7;19;6;
202000007015;154 729 929;B01;1;7;0;2;1;1;1;
202000007016;154 729 927;A01;1;10;0;1;1;15;1;
202000007017;154 729 926;A01;1;0;0;0;0;0;1;
202000007018;154 729 924;B01;1;0;0;2;8;1;0;
202000007018;154 729 925;A01;1;7;0;2;1;1;1;
202000007019;154 729 922;B01;2;99;0;2;0;0;0;
202000007019;154 729 923;A01;1;32;0;2;1;0;1;
202000007020;154 729 921;A01;1;7;0;1;0;0;0;
202000007021;154 729 920;A01;1;7;0;1;2;1;1;
202000007022;154 729 919;A01;1;7;0;1;5;1;1;
202000007023;154 729 918;A01;1;33;0;0;0;26;0;
202000007024;154 729 916;A01;2;7;0;2;3;15;1;
202000007024;154 729 917;B01;2;30;0;2;1;1;1;
202000007025;154 729 914;A01;1;50;0;2;1;19;3;
202000007025;154 729 915;B01;2;7;0;2;7;1;0;
202000007026;154 729 912;B01;2;2;0;2;1;1;0;
202000007026;154 729 913;A01;1;7;0;2;3;15;1;
202000007027;154 729 911;A01;0;7;8;0;4;25;1;
202000007028;154 729 910;A01;2;7;0;1;2;1;1;
202000007029;154 729 908;B01;1;33;0;2;2;1;1;
202000007029;154 729 909;A01;1;7;0;2;8;11;1;
202000007030;154 729 906;A01;1;7;0;2;2;26;1;
202000007030;154 729 907;B01;1;7;0;2;1;5;1;
202000007031;154 729 905;A01;3;7;0;1;3;15;1;
202000007032;154 729 904;Z01;2;0;0;1;0;26;0;
202000007033;154 729 902;B01;2;2;0;2;7;17;1;
202000007033;154 729 903;A01;2;7;0;2;3;15;1;
202000007034;154 729 900;B01;2;31;0;2;1;1;1;
202000007034;154 729 901;A01;1;10;0;2;2;15;3;
202000007035;154 729 898;A01;3;7;0;1;4;25;1;
202000007035;154 729 899;B01;3;7;0;2;6;1;1;
202000007036;154 729 897;A01;1;7;0;1;1;26;1;
202000007037;154 729 896;A01;1;10;0;1;5;25;0;
202000007038;154 729 895;A01;3;7;4;0;1;13;1;
202000007039;154 729 894;A01;2;10;0;1;2;1;0;
202000007040;154 729 893;A01;0;7;16;0;0;0;1;
202000007041;154 729 892;A01;1;99;0;1;4;26;1;
202000007042;154 729 890;B01;3;99;0;2;8;1;1;
202000007042;154 729 891;A01;2;99;0;2;1;19;2;
202000007043;154 729 888;B01;3;7;0;2;4;2;0;
202000007043;154 729 889;A01;3;7;0;2;1;2;0;
202000007044;154 729 887;A01;1;7;1;0;1;21;1;
202000007045;154 729 885;B01;3;21;0;2;8;15;0;
202000007045;154 729 886;A01;3;30;0;2;7;17;0;
202000007046;154 729 883;A01;2;7;0;2;1;2;1;
202000007046;154 729 884;B01;2;7;0;2;4;23;1;
202000007047;154 729 881;B01;2;7;0;2;6;16;1;
202000007047;154 729 882;A01;2;7;0;2;1;1;1;
202000007048;154 729 880;A01;2;33;3;0;9;1;1;
202000007049;154 729 878;A01;0;10;0;1;1;15;1;
202000007050;154 729 876;B01;1;7;0;2;6;15;1;
202000007050;154 729 877;A01;1;33;0;2;6;17;1;
202000007051;154 729 875;A01;3;7;0;1;1;1;1;
202000007052;154 729 873;B01;2;2;0;2;1;1;1;
202000007052;154 729 874;A01;2;7;0;2;3;1;1;
202000007053;154 729 872;MA01;3;33;0;0;0;2;1;
202000007054;154 729 871;Z01;1;7;0;1;6;19;0;
202000007055;154 729 869;A01;2;7;0;2;3;19;1;
202000007055;154 729 870;B01;2;1;0;2;0;0;0;
202000007056;154 729 867;B01;3;31;0;2;8;1;1;
202000007056;154 729 868;A01;3;7;0;2;2;19;1;
202000007057;154 729 866;A01;2;7;10;0;3;1;1;
202000007058;154 729 864;B01;1;7;0;0;6;23;1;
202000007058;154 729 865;A01;1;7;0;2;2;21;1;
202000007059;154 729 862;B01;0;1;0;2;1;16;0;
202000007059;154 729 863;A01;0;7;0;2;1;1;1;
202000007060;154 729 860;B01;0;1;0;2;4;15;5;
202000007060;154 729 861;A01;0;7;0;2;1;1;1;
202000007061;154 729 859;A01;1;7;0;1;3;15;1;