num_acc;id_vehicule;num_veh;senc;catv;obs;obsm;choc;manv;motor;occutc
202000007324;154 729 365;A01;1;99;0;1;0;16;0;
202000007325;154 729 363;A01;0;7;0;2;3;16;1;
202000007325;154 729 364;B01;2;1;0;2;0;19;5;
202000007326;154 729 361;B01;2;7;0;2;1;1;1;
202000007326;154 729 362;A01;1;50;0;2;7;1;3;
202000007327;154 729 360;A01;1;7;0;1;1;1;1;
202000007328;154 729 359;A01;1;7;0;1;7;21;1;
202000007329;154 729 358;A01;2;10;0;1;2;1;1;
202000007330;154 729 356;A01;2;7;0;2;1;1;1;
202000007330;154 729 357;B01;2;7;0;2;0;0;1;
202000007331;154 729 355;A01;1;7;0;1;6;20;1;
202000007332;154 729 353;A01;3;7;0;2;2;1;0;
202000007332;154 729 354;B01;3;36;0;2;3;1;0;
202000007333;154 729 352;A01;0;7;0;1;1;1;-1;
202000007334;154 729 350;A01;2;7;0;2;3;9;1;
202000007334;154 729 351;B01;3;30;0;2;7;1;1;
202000007335;154 729 347;C01;3;7;0;2;8;23;1;
202000007335;154 729 348;B01;3;1;0;2;8;19;5;
202000007335;154 729 349;A01;2;7;0;2;1;15;1;
202000007336;154 729 345;B01;1;7;0;2;4;1;1;
202000007336;154 729 346;A01;1;7;0;2;1;1;1;
202000007337;154 729 343;B01;1;7;0;2;2;1;1;
202000007337;154 729 344;A01;1;7;0;2;3;1;1;
202000007338;154 729 342;A01;1;7;0;1;1;1;1;
202000007339;154 729 339;A01;2;7;0;1;1;15;0;
202000007340;154 729 337;B01;1;1;0;2;1;0;5;
202000007340;154 729 338;A01;1;30;0;2;0;0;1;
202000007341;154 729 336;A01;2;7;0;1;2;9;1;
202000007342;154 729 334;B01;3;7;0;2;1;1;1;
202000007342;154 729 335;A01;3;7;0;2;1;1;1;
202000007343;154 729 333;A01;1;7;0;1;1;1;1;
202000007344;154 729 332;A01;3;10;2;0;1;0;1;
202000007345;154 729 331;A01;2;33;3;0;8;3;1;
202000007346;154 729 329;A01;2;7;0;2;2;1;1;
202000007346;154 729 330;B01;2;7;0;2;1;1;1;
202000007347;154 729 327;A01;2;7;0;2;1;2;1;
202000007347;154 729 328;B01;2;7;0;2;6;1;1;
202000007348;154 729 326;A01;1;7;0;1;2;26;1;
202000007349;154 729 323;A01;0;7;0;2;1;2;1;
202000007349;154 729 324;B01;0;7;0;2;4;2;1;
202000007349;154 729 325;C01;0;7;0;2;4;2;1;
202000007350;154 729 321;A01;2;7;0;2;2;1;1;
202000007350;154 729 322;B01;2;2;0;2;4;2;1;
202000007351;154 729 319;A01;1;30;0;2;7;15;1;
202000007351;154 729 320;B01;1;7;0;2;1;1;1;
202000007352;154 729 318;A01;2;7;0;1;1;15;1;
202000007353;154 729 316;B01;3;13;0;2;8;1;1;
202000007353;154 729 317;A01;3;7;0;2;3;26;1;
202000007354;154 729 314;B01;0;10;0;2;4;1;1;
202000007354;154 729 315;A01;0;33;0;2;1;1;1;
202000007355;154 729 312;A01;1;60;0;0;1;1;5;
202000007355;154 729 313;B01;1;7;0;0;0;1;1;
202000007356;154 729 310;A01;1;7;0;2;7;13;1;
202000007356;154 729 311;B01;2;10;0;2;1;1;1;
202000007357;154 729 308;B01;1;2;0;2;1;19;1;
202000007357;154 729 309;A01;1;10;0;2;8;19;1;
202000007358;154 729 306;B01;2;80;0;2;1;1;3;
202000007358;154 729 307;A01;2;7;0;2;8;24;0;
202000007359;154 729 304;B01;2;1;0;2;1;0;5;
202000007359;154 729 305;A01;2;7;0;2;1;9;1;
202000007360;154 729 302;A01;1;1;0;2;7;2;5;
202000007360;154 729 303;B01;1;14;0;2;7;2;1;
202000007361;154 729 300;A01;1;7;6;2;1;19;1;
202000007361;154 729 301;B01;1;7;0;2;2;1;1;
202000007362;154 729 299;A01;3;7;0;1;2;9;1;
202000007363;154 729 297;A01;2;32;0;2;1;3;1;
202000007363;154 729 298;B01;1;7;0;2;8;15;1;
202000007364;154 729 295;A01;1;33;0;2;1;19;1;
202000007364;154 729 296;B01;1;7;0;2;3;1;1;
202000007365;154 729 293;A01;3;7;0;2;2;5;0;
202000007365;154 729 294;B01;1;7;0;2;3;15;1;
202000007366;154 729 291;A01;3;7;0;2;8;26;1;
202000007366;154 729 292;Z01;3;7;0;2;1;15;0;
202000007367;154 729 289;B01;3;7;0;0;0;2;1;
202000007367;154 729 290;A01;3;7;0;0;1;2;1;
202000007368;154 729 287;B01;1;15;0;2;4;23;1;
202000007368;154 729 288;A01;1;7;0;2;1;26;1;
202000007369;154 729 285;A01;1;7;0;2;5;10;1;
202000007369;154 729 286;B01;2;7;0;2;1;1;1;
202000007370;154 729 279;B01;3;7;0;2;8;24;1;
202000007370;154 729 280;A01;3;7;1;0;1;24;1;
202000007371;154 729 277;A01;2;36;0;2;1;9;1;
202000007371;154 729 278;B01;1;7;0;2;5;15;1;
202000007372;154 729 275;B01;1;7;0;2;4;2;1;
202000007372;154 729 276;A01;1;31;0;2;1;2;1;
202000007373;154 729 274;A01;1;32;0;0;8;1;1;
202000007374;154 729 271;A01;1;7;0;2;1;2;1;
202000007374;154 729 272;C01;1;10;0;2;4;2;1;
202000007374;154 729 273;B01;1;7;0;2;4;2;1;
202000007375;154 729 270;A01;2;7;0;1;2;1;1;
202000007376;154 729 269;A01;0;7;0;1;2;1;1;
202000007377;154 729 267;A01;2;7;0;2;3;15;1;
202000007377;154 729 268;B01;1;30;0;2;3;1;1;
202000007378;154 729 265;B01;2;34;0;2;8;1;1;
202000007378;154 729 266;A01;1;7;0;2;1;15;1;
202000007379;154 729 263;B01;2;33;0;2;4;2;1;
202000007379;154 729 264;A01;2;7;0;2;1;2;1;
202000007380;154 729 261;A01;1;43;0;2;4;2;1;
202000007380;154 729 262;B01;1;7;0;2;4;23;1;
202000007381;154 729 259;B01;1;30;0;2;1;17;1;
202000007381;154 729 260;A01;1;10;0;2;6;15;1;
202000007382;154 729 257;A01;3;1;0;2;3;15;5;
202000007382;154 729 258;Z01;3;10;0;2;0;0;0;
202000007383;154 729 256;A01;2;7;0;1;1;15;1;
202000007384;154 729 255;A01;2;7;0;1;3;7;1;
202000007385;154 729 253;A01;2;7;0;2;1;15;1;
202000007385;154 729 254;B01;1;50;0;2;1;1;3;
202000007386;154 729 251;A01;2;7;0;2;3;15;1;
202000007386;154 729 252;B01;2;30;0;2;1;3;1;
202000007387;154 729 250;Z01;2;30;0;1;1;1;1;
202000007388;154 729 248;A01;2;34;0;2;1;2;1;
202000007388;154 729 249;B01;2;7;0;2;5;23;1;
202000007389;154 729 246;Z01;1;7;0;2;0;14;0;
202000007389;154 729 247;A01;1;33;0;2;3;3;1;
202000007390;154 729 244;B01;2;31;0;2;4;2;1;
202000007390;154 729 245;A01;2;31;0;2;1;2;1;
202000007391;154 729 242;A01;2;80;0;2;1;1;3;
202000007391;154 729 243;Z01;2;1;0;2;1;9;5;
202000007392;154 729 240;A01;3;10;0;2;7;1;1;
202000007392;154 729 241;B01;3;1;0;2;2;1;5;
202000007393;154 729 238;A01;2;10;0;2;2;1;1;
202000007393;154 729 239;B01;2;30;0;2;8;1;1;
202000007394;154 729 236;B01;1;1;0;2;4;2;5;
202000007394;154 729 237;A01;1;30;0;2;1;2;1;
202000007395;154 729 235;A01;2;50;0;1;1;1;3;
202000007396;154 729 233;A01;2;50;0;2;1;7;3;
202000007396;154 729 234;B01;2;7;0;2;7;16;1;
202000007397;154 729 231;B01;3;7;0;2;3;1;0;
202000007397;154 729 232;A01;1;7;0;2;1;1;0;
202000007398;154 729 230;A01;2;32;0;1;1;26;1;
202000007399;154 729 229;A01;2;7;0;1;2;1;1;
202000007400;154 729 227;B01;1;99;0;0;8;15;1;
202000007400;154 729 228;A01;1;14;0;2;1;17;1;
202000007401;154 729 225;B01;1;0;0;2;4;1;0;
202000007401;154 729 226;A01;1;32;4;2;1;2;0;
202000007402;154 729 224;A01;2;7;0;1;1;1;1;
202000007403;154 729 222;A01;2;7;0;2;2;9;1;
202000007403;154 729 223;B01;2;33;0;2;1;1;1;
202000007404;154 729 221;A01;2;37;0;1;2;26;0;1
202000007405;154 729 219;B01;1;34;0;2;4;26;1;
202000007405;154 729 220;A01;1;7;0;2;1;2;1;
202000007406;154 729 217;B01;3;7;0;2;6;0;1;
202000007406;154 729 218;A01;3;7;0;9;2;14;1;
202000007407;154 729 215;B01;1;10;0;2;3;23;1;
202000007407;154 729 216;A01;2;33;0;2;1;1;1;
202000007408;154 729 213;B01;3;1;0;2;2;19;5;
202000007408;154 729 214;A01;2;7;0;9;3;1;1;
202000007409;154 729 210;B01;1;7;0;2;1;9;1;
202000007409;154 729 211;C01;2;1;0;2;3;1;5;
202000007409;154 729 212;A01;1;10;0;2;5;17;1;
202000007410;154 729 209;A01;2;7;0;1;1;1;1;
202000007411;154 729 208;A01;2;7;0;1;3;1;1;
202000007412;154 729 206;A01;1;7;0;2;8;10;1;
202000007412;154 729 207;B01;1;30;0;2;1;1;3;
202000007413;154 729 205;A01;1;30;0;0;8;2;1;
202000007414;154 729 204;A01;1;7;13;0;2;1;1;
202000007415;154 729 202;B01;2;2;0;0;4;1;1;
202000007415;154 729 203;A01;2;7;0;2;1;2;1;
202000007416;154 729 200;A01;2;7;0;2;1;5;1;
202000007416;154 729 201;B01;1;14;0;2;1;1;1;
202000007417;154 729 198;B01;2;17;0;2;6;1;1;
202000007417;154 729 199;A01;2;7;0;2;1;0;1;
202000007418;154 729 197;A01;1;7;0;1;1;1;1;
202000007419;154 729 194;C01;2;17;0;2;6;2;1;
202000007419;154 729 195;A01;2;7;4;0;3;21;1;
202000007419;154 729 196;B01;2;7;3;2;8;17;1;
202000007420;154 729 192;A01;1;7;0;2;1;5;0;
202000007420;154 729 193;B01;2;7;0;2;3;1;0;
202000007421;154 729 190;A01;2;7;0;2;6;17;1;
202000007421;154 729 191;B01;2;33;0;2;1;17;1;
202000007422;154 729 188;A01;0;10;0;2;7;26;1;
202000007422;154 729 189;B01;0;7;3;2;1;9;1;
202000007423;154 729 187;A01;1;7;0;1;2;1;1;
202000007424;154 729 186;A01;1;7;0;1;1;1;1;
202000007425;154 729 183;A01;2;7;0;2;3;13;1;
202000007425;154 729 184;B01;1;14;0;2;3;1;1;
202000007426;154 729 181;B01;2;7;0;2;5;19;0;
202000007426;154 729 182;A01;1;7;0;2;1;21;6;
202000007427;154 729 180;A01;1;7;0;1;3;1;1;
202000007428;154 729 178;A01;3;7;0;2;2;16;0;
202000007428;154 729 179;B01;0;60;0;2;0;23;5;
202000007429;154 729 177;A01;3;7;2;0;1;0;1;
202000007430;154 729 175;B01;1;7;0;2;1;1;1;
202000007430;154 729 176;A01;2;7;0;2;1;13;1;
202000007431;154 729 171;A01;3;7;0;2;1;26;1;
202000007431;154 729 172;D01;3;1;0;2;8;1;5;
202000007431;154 729 173;C01;3;1;0;2;8;1;5;
202000007431;154 729 174;B01;3;1;0;2;1;1;5;
202000007432;154 729 169;A01;1;7;7;2;7;19;1;
202000007432;154 729 170;B01;2;7;0;2;1;1;1;
202000007433;154 729 167;A01;2;3;0;2;1;13;1;
202000007433;154 729 168;B01;1;7;0;2;1;1;1;
202000007434;154 729 162;E01;2;7;0;2;1;1;1;
202000007434;154 729 163;D01;2;7;0;2;8;1;1;
202000007434;154 729 164;C01;2;7;0;2;8;1;1;
202000007434;154 729 165;B01;2;7;0;2;8;1;1;
202000007434;154 729 166;A01;1;7;0;2;1;13;1;
202000007435;154 729 161;A01;0;7;8;0;8;0;1;
202000007436;154 729 160;A01;0;7;0;1;2;1;1;
202000007437;154 729 158;B01;3;7;0;2;1;1;1;
202000007437;154 729 159;A01;3;7;0;2;3;1;2;
202000007438;154 729 157;A01;1;7;13;0;1;15;1;
202000007439;154 729 153;C01;2;7;0;2;4;23;0;
202000007439;154 729 154;A01;2;7;0;2;4;15;0;
202000007439;154 729 155;D01;2;10;0;2;1;1;0;
202000007439;154 729 156;B01;2;7;0;2;4;23;0;
202000007440;154 729 152;A01;1;7;0;1;2;1;1;
202000007441;154 729 150;A01;1;7;0;2;1;1;1;
202000007441;154 729 151;B01;2;33;0;2;1;17;1;
202000007442;154 729 149;A01;2;7;13;0;2;14;0;
202000007443;154 729 148;A01;1;7;0;0;7;1;1;
202000007444;154 729 147;A01;1;7;0;0;9;1;1;
202000007445;154 729 146;A01;1;7;0;0;9;14;1;
202000007446;154 729 144;B01;2;30;0;2;1;1;1;
202000007446;154 729 145;A01;1;21;0;2;1;1;1;
202000007447;154 729 143;A01;2;10;15;0;0;1;1;
202000007448;154 729 142;A01;1;7;0;1;3;21;1;
202000007449;154 729 141;A01;1;7;13;0;3;1;1;
202000007450;154 729 139;B01;2;7;0;2;1;1;1;
202000007450;154 729 140;A01;1;7;0;2;5;10;1;
202000007451;154 729 138;A01;3;7;0;1;3;1;1;
202000007452;154 729 136;B01;2;15;0;2;8;1;1;
202000007452;154 729 137;A01;2;7;4;2;9;17;1;
202000007453;154 729 134;B01;0;7;0;9;3;13;1;
202000007453;154 729 135;A01;3;1;0;2;1;13;5;
202000007454;154 729 130;A01;1;33;0;2;9;3;1;
202000007454;154 729 131;B01;1;10;0;2;7;2;1;
202000007454;154 729 132;C01;1;38;0;2;8;0;1;1
202000007454;154 729 133;D01;1;7;0;2;4;1;1;
202000007455;154 729 128;A01;2;7;3;0;2;14;1;
202000007455;154 729 129;B01;2;7;1;2;1;1;1;
202000007456;154 729 127;A01;2;33;0;1;2;1;1;
202000007457;154 729 124;B01;2;7;0;2;1;9;1;
202000007457;154 729 125;A01;2;33;0;2;2;1;1;
202000007458;154 729 123;A01;1;7;13;0;2;1;1;
202000007459;154 729 121;B01;1;7;0;2;1;1;0;
202000007459;154 729 122;A01;2;7;0;2;3;1;0;
202000007460;154 729 119;A01;2;7;0;2;3;1;1;
202000007460;154 729 120;B01;2;7;2;0;5;2;0;
202000007461;154 729 117;B01;0;7;0;2;1;0;0;
202000007461;154 729 118;A01;0;2;0;2;1;0;1;
202000007462;154 729 116;A01;-1;7;15;0;1;6;1;
202000007463;154 729 115;A01;1;7;13;0;9;1;1;
202000007464;154 729 114;A01;3;7;0;1;2;1;1;
202000007465;154 729 112;B01;1;7;0;2;1;1;1;
202000007465;154 729 113;A01;1;7;0;2;4;23;1;
202000007466;154 729 110;A01;2;7;0;2;1;2;1;
202000007466;154 729 111;B01;2;7;0;2;6;1;1;
202000007467;154 729 108;A01;2;10;0;2;1;2;1;
202000007467;154 729 109;B01;2;7;0;2;4;2;1;
202000007468;154 729 106;B01;1;7;0;2;4;2;1;
202000007468;154 729 107;A01;1;7;0;2;3;2;1;
202000007469;154 729 102;B01;1;10;0;2;2;2;1;
202000007469;154 729 103;A01;1;33;0;2;1;3;1;
202000007469;154 729 104;C01;1;7;0;2;5;2;1;
202000007469;154 729 105;D01;1;7;0;2;7;2;1;
202000007470;154 729 100;A01;1;34;0;2;1;2;1;
202000007470;154 729 101;B01;1;7;0;2;2;12;1;
202000007471;154 729 097;C01;1;7;0;2;6;1;1;
202000007471;154 729 098;B01;1;32;0;2;1;3;1;
202000007471;154 729 099;A01;1;7;0;2;8;11;1;
202000007472;154 729 095;B01;2;31;3;2;7;1;1;
202000007472;154 729 096;A01;2;7;0;2;8;11;1;
202000007473;154 729 094;A01;2;7;4;0;3;21;1;
202000007474;154 729 092;A01;1;7;0;2;3;1;1;
202000007474;154 729 093;B01;1;7;0;2;5;12;1;
202000007475;154 729 090;B01;2;7;0;2;4;23;1;
202000007475;154 729 091;A01;2;7;1;0;1;2;1;
202000007476;154 729 084;A01;2;17;0;2;1;2;1;
202000007476;154 729 085;C01;2;7;0;2;4;1;1;
202000007476;154 729 086;D01;2;10;0;2;4;1;1;
202000007476;154 729 087;E01;2;7;0;2;4;1;1;
202000007476;154 729 088;F01;2;10;0;2;4;1;1;
202000007476;154 729 089;B01;2;7;0;2;4;1;1;
202000007477;154 729 082;A01;2;7;0;2;1;2;1;
202000007477;154 729 083;B01;2;7;0;2;4;2;1;
202000007478;154 729 079;A01;2;7;4;0;8;19;1;
202000007478;154 729 080;B01;2;7;0;2;1;1;1;
202000007478;154 729 081;C01;2;7;0;2;1;1;1;
202000007479;154 729 077;B01;2;7;0;2;2;2;1;
202000007479;154 729 078;A01;3;30;0;2;6;2;1;
202000007480;154 729 075;A01;2;7;0;2;3;9;1;
202000007480;154 729 076;B01;2;2;0;2;7;1;3;
202000007481;154 729 073;B01;1;32;0;2;1;5;1;
202000007481;154 729 074;A01;2;10;0;2;3;15;1;
202000007482;154 729 071;A01;2;7;0;2;3;26;1;
202000007482;154 729 072;B01;1;33;0;2;1;26;1;
202000007483;154 729 070;A01;1;7;0;1;1;15;1;
202000007484;154 729 069;A01;3;7;8;0;7;16;1;
202000007485;154 729 067;B01;3;2;0;2;1;1;1;
202000007485;154 729 068;A01;3;7;0;2;1;15;1;
202000007486;154 729 066;A01;3;7;0;1;1;16;1;
202000007487;154 729 064;A01;1;30;0;2;2;2;1;
202000007487;154 729 065;B01;1;7;0;2;3;15;1;
202000007488;154 729 063;A01;2;7;0;1;1;1;1;
202000007489;154 729 062;A01;2;7;3;0;3;13;1;
202000007490;154 729 061;A01;1;7;1;1;2;1;1;
202000007491;154 729 060;A01;1;31;14;0;2;17;1;
202000007492;154 729 058;B01;1;99;0;2;0;0;0;
202000007492;154 729 059;A01;1;31;0;2;1;17;0;
202000007493;154 729 056;A01;1;30;0;2;1;2;1;
202000007493;154 729 057;B01;1;7;0;2;4;2;1;
202000007494;154 729 054;B01;1;7;0;2;7;1;1;
202000007494;154 729 055;A01;3;10;0;2;1;19;1;
202000007495;154 729 053;A01;-1;7;-1;1;-1;0;-1;
202000007496;154 729 051;B01;1;2;1;0;1;1;1;
202000007496;154 729 052;A01;3;7;1;0;3;9;1;
202000007497;154 729 049;A01;1;7;0;2;1;13;1;
202000007497;154 729 050;B01;2;7;13;2;1;21;1;
202000007498;154 729 045;A01;3;10;0;0;3;10;6;
202000007498;154 729 046;B01;3;33;0;2;2;17;0;
202000007499;154 729 043;A01;3;7;0;2;5;9;0;
202000007499;154 729 044;B01;3;2;0;2;8;1;0;
202000007500;154 729 039;D01;3;10;0;2;1;2;1;
202000007500;154 729 040;C01;3;7;0;2;4;2;1;
202000007500;154 729 041;A01;3;7;0;2;0;23;1;
202000007500;154 729 042;B01;3;7;0;2;4;2;1;
202000007501;154 729 037;A01;1;30;0;2;2;1;1;
202000007501;154 729 038;B01;1;7;0;2;3;19;1;
202000007502;154 729 035;B01;1;33;0;2;8;1;1;
202000007502;154 729 036;A01;1;7;0;2;1;15;1;
202000007503;154 729 034;A01;2;10;0;1;1;1;1;
202000007504;154 729 032;A01;1;7;8;0;4;1;1;
202000007504;154 729 033;Z01;1;7;0;2;1;1;1;
202000007505;154 729 029;B01;2;7;0;2;1;19;2;
202000007505;154 729 030;C01;2;7;0;2;3;23;1;
202000007505;154 729 031;A01;1;7;0;2;7;1;1;
202000007506;154 729 028;A01;1;7;0;1;3;1;1;
202000007507;154 729 027;A01;1;7;0;1;2;1;1;
202000007508;154 729 025;B01;2;33;0;2;1;1;1;
202000007508;154 729 026;A01;2;7;0;2;3;15;1;
202000007509;154 729 024;A01;3;7;0;1;2;1;1;
202000007510;154 729 023;A01;2;10;0;1;2;1;1;
202000007511;154 729 021;B01;2;7;7;2;1;1;1;
202000007511;154 729 022;A01;3;7;0;2;8;15;1;
202000007512;154 729 019;A01;1;10;0;2;3;15;1;
202000007512;154 729 020;B01;1;34;0;2;0;0;0;
202000007513;154 729 018;A01;1;7;0;1;2;1;1;
202000007514;154 729 017;A01;1;1;0;1;1;1;5;
202000007515;154 729 016;A01;3;30;0;1;1;1;1;
202000007516;154 729 014;A01;1;1;0;2;1;19;5;
202000007516;154 729 015;B01;1;7;0;2;7;1;0;
202000007517;154 729 013;Z01;1;10;0;1;1;1;1;
202000007518;154 729 012;Z01;1;7;0;1;1;1;1;
202000007519;154 729 010;A01;2;10;0;2;8;10;1;
202000007519;154 729 011;B01;2;30;0;2;1;1;0;
202000007520;154 729 009;A01;3;7;15;1;2;26;1;
202000007521;154 729 008;A01;1;7;0;1;1;9;1;
202000007522;154 729 007;A01;1;30;11;0;9;19;1;
202000007523;154 729 006;A01;3;2;5;0;7;1;1;
202000007524;154 729 005;A01;2;15;0;1;3;1;0;
202000007525;154 729 003;B01;3;1;0;2;8;2;5;
202000007525;154 729 004;A01;3;33;0;2;0;2;1;
202000007526;154 729 001;Z01;2;7;0;2;1;2;1;
202000007526;154 729 002;B01;2;30;0;2;4;1;1;
202000007527;154 728 998;C01;2;10;0;2;4;1;1;
202000007527;154 728 999;B01;2;10;0;2;4;1;1;
202000007527;154 729 000;A01;2;15;0;2;2;2;1;
202000007528;154 728 995;A01;1;7;0;2;1;2;1;
202000007528;154 728 996;B01;1;7;0;2;4;1;1;
202000007528;154 728 997;C01;2;1;0;2;8;19;5;
202000007529;154 728 993;A01;1;7;0;2;1;9;1;
202000007529;154 728 994;B01;1;31;0;2;0;0;1;
202000007530;154 728 991;B01;1;1;0;2;8;1;5;
202000007530;154 728 992;Z01;1;0;0;2;1;17;0;
202000007531;154 728 989;B01;0;10;0;2;2;1;1;
202000007531;154 728 990;A01;0;38;0;2;3;1;1;1
202000007532;154 728 988;A01;2;7;0;1;7;26;1;
202000007533;154 728 986;B01;3;32;0;2;1;1;1;
202000007533;154 728 987;A01;3;7;0;2;5;15;1;
202000007534;154 728 985;A01;3;7;0;1;4;4;1;
202000007535;154 728 983;B01;1;1;0;9;5;1;5;
202000007535;154 728 984;A01;1;7;0;2;1;9;1;
202000007536;154 728 982;A01;2;33;13;0;0;26;1;
202000007537;154 728 981;A01;3;7;6;0;1;1;1;
202000007538;154 728 979;A01;1;7;0;1;1;1;1;
202000007539;154 728 978;A01;1;33;1;0;3;1;1;
202000007540;154 728 977;A01;2;7;0;1;4;4;1;
202000007541;154 728 976;A01;1;7;16;0;9;1;1;
202000007542;154 728 974;A01;1;10;0;2;1;9;1;
202000007542;154 728 975;B01;1;60;0;2;1;1;5;
202000007543;154 728 971;C01;1;7;0;2;3;23;1;
202000007543;154 728 972;B01;2;7;0;2;3;1;1;
202000007543;154 728 973;A01;1;7;0;2;1;17;1;
202000007544;154 728 970;A01;1;50;0;0;1;1;3;
202000007545;154 728 969;A01;1;7;0;1;2;1;1;
202000007546;154 728 967;A01;0;7;9;4;1;9;0;
202000007546;154 728 968;B01;3;40;0;2;1;15;0;
202000007547;154 728 965;Z01;1;7;1;0;0;0;1;
202000007547;154 728 966;A01;1;7;1;2;5;24;1;
202000007548;154 728 964;A01;2;7;6;0;1;1;1;
202000007549;154 728 963;A01;3;7;0;1;6;4;1;
202000007550;154 728 961;A01;1;7;0;2;0;17;0;
202000007550;154 728 962;B01;1;1;0;2;8;1;0;
202000007551;154 728 958;A01;1;7;0;2;5;1;1;
202000007551;154 728 960;B01;1;1;0;2;1;19;5;
202000007552;154 728 957;A01;2;50;0;2;1;5;3;
202000007552;154 728 959;B01;1;7;0;2;8;1;1;
202000007553;154 728 953;B01;1;7;0;2;3;1;0;
202000007553;154 728 955;A01;1;7;0;2;1;26;0;
202000007554;154 728 954;A01;0;7;0;2;7;1;1;
202000007554;154 728 956;B01;0;2;0;2;8;1;3;
202000007555;154 728 950;A01;3;7;0;2;3;26;0;
202000007555;154 728 952;B01;3;60;0;2;1;0;5;
202000007556;154 728 948;B01;2;7;0;0;0;0;1;
202000007556;154 728 949;A01;2;7;0;2;8;0;1;
202000007557;154 728 945;A01;2;33;0;1;1;1;1;
202000007558;154 728 946;B01;2;7;0;2;5;2;1;
202000007558;154 728 947;A01;2;32;0;2;1;2;1;
202000007559;154 728 943;B01;2;7;0;2;1;1;1;
202000007559;154 728 944;A01;1;31;0;2;1;13;1;
202000007560;154 728 938;A01;1;7;0;2;1;1;1;
202000007560;154 728 940;B01;1;7;0;2;4;1;1;
202000007561;154 728 939;B01;1;7;0;2;4;2;1;
202000007561;154 728 941;C01;1;7;0;2;4;2;1;
202000007561;154 728 942;A01;1;10;0;2;1;2;1;
202000007562;154 728 936;A01;2;7;0;1;3;15;1;
202000007563;154 728 934;A01;2;14;0;0;7;15;1;
202000007564;154 728 932;B01;3;7;0;0;0;0;0;
202000007564;154 728 933;A01;3;41;0;0;8;13;1;
202000007565;154 728 935;A01;1;7;0;2;8;11;1;
202000007565;154 728 937;B01;1;33;0;2;2;1;1;
202000007566;154 728 929;A01;1;1;0;2;8;1;5;
202000007566;154 728 931;Z01;0;7;0;2;0;0;1;
202000007567;154 728 928;B01;1;33;0;2;2;1;1;
202000007567;154 728 930;A01;1;7;0;2;3;11;2;
202000007568;154 728 925;A01;1;7;0;2;7;12;1;
202000007568;154 728 926;B01;1;33;0;2;8;3;1;
202000007569;154 728 924;A01;1;7;0;2;8;9;1;
202000007569;154 728 927;B01;1;7;0;2;1;1;1;
202000007570;154 728 922;A01;1;2;0;2;1;1;1;
202000007570;154 728 923;B01;1;7;0;2;4;1;1;
202000007571;154 728 921;A01;2;7;0;1;1;1;1;
202000007572;154 728 919;B01;1;7;0;2;7;17;1;
202000007572;154 728 920;A01;1;30;0;2;8;7;1;
202000007573;154 728 917;B01;3;1;0;2;8;2;5;
202000007573;154 728 918;A01;3;7;0;2;7;14;0;
202000007574;154 728 915;B01;1;32;0;2;0;18;1;
202000007574;154 728 916;A01;1;10;0;2;7;16;1;
202000007575;154 728 914;A01;2;7;0;1;1;1;2;
202000007576;154 728 912;A01;3;10;0;1;4;25;1;
202000007577;154 728 911;A01;2;10;0;2;3;9;1;
202000007577;154 728 913;Z01;2;30;0;2;2;1;0;
202000007578;154 728 909;Z01;2;0;0;0;0;0;0;
202000007578;154 728 910;A01;2;7;0;2;0;0;1;
202000007579;154 728 908;A01;1;30;0;1;1;1;1;
202000007580;154 728 906;A01;1;1;0;2;4;1;5;
202000007580;154 728 907;Z01;1;7;0;2;1;0;0;
202000007581;154 728 903;A01;1;7;0;2;8;22;1;
202000007581;154 728 905;B01;1;1;0;2;1;1;5;
202000007582;154 728 902;B01;1;33;0;2;1;1;1;
202000007582;154 728 904;A01;1;7;0;2;8;15;1;
202000007583;154 728 901;A01;1;7;13;0;3;0;1;
202000007584;154 728 899;B01;1;30;0;1;1;26;1;
202000007585;154 728 898;B01;1;7;0;2;8;15;1;
202000007585;154 728 900;A01;1;33;0;2;1;17;1;
202000007586;154 728 895;B01;1;10;0;2;2;1;1;
202000007586;154 728 897;A01;1;7;0;2;3;15;1;
202000007587;154 728 894;B01;1;1;0;2;5;1;5;
202000007587;154 728 896;A01;0;7;0;2;5;1;1;
202000007588;154 728 893;A01;1;32;12;0;7;14;1;
202000007589;154 728 892;A01;1;7;0;1;1;16;1;
202000007590;154 728 889;C01;1;7;0;2;2;23;1;
202000007590;154 728 890;B01;1;32;0;2;2;18;1;
202000007590;154 728 891;A01;1;7;0;2;8;22;1;
202000007591;154 728 887;Z01;1;7;0;2;0;2;0;
202000007591;154 728 888;A01;1;1;0;2;0;2;5;
202000007592;154 728 886;Z01;1;30;0;0;0;1;0;
202000007593;154 728 884;Z01;1;7;0;2;0;15;0;
202000007593;154 728 885;A01;1;30;0;2;8;1;1;
202000007594;154 728 883;A01;1;30;0;0;7;15;1;
202000007595;154 728 880;Z01;1;1;0;2;1;1;5;
202000007595;154 728 882;A01;1;31;0;2;2;1;1;
202000007596;154 728 879;B01;1;7;0;2;2;22;1;
202000007596;154 728 881;A01;1;30;0;2;3;18;1;
202000007597;154 728 876;B01;1;7;0;2;1;16;1;
202000007597;154 728 878;A01;1;10;0;1;7;16;1;
202000007598;154 728 875;B01;1;7;0;2;8;16;1;
202000007598;154 728 877;A01;1;7;0;2;2;1;1;
202000007599;154 728 872;B01;1;50;0;2;1;1;3;