num_acc;id_vehicule;num_veh;senc;catv;obs;obsm;choc;manv;motor;occutc
202000007599;154 728 874;A01;1;7;0;2;3;22;3;
202000007600;154 728 871;B01;1;50;0;2;3;18;3;
202000007600;154 728 873;A01;1;7;0;2;7;1;2;
202000007601;154 728 869;A01;1;1;0;2;8;15;5;
202000007601;154 728 870;B01;1;33;0;2;7;1;1;
202000007602;154 728 865;A01;1;50;0;2;1;13;3;
202000007602;154 728 868;B01;2;37;0;2;6;1;1;1
202000007603;154 728 866;A01;2;31;0;2;7;2;1;
202000007603;154 728 867;B01;2;34;0;2;8;2;1;
202000007604;154 728 863;A01;1;30;0;2;1;18;1;
202000007604;154 728 864;B01;1;7;0;2;7;16;1;
202000007605;154 728 862;A01;2;1;8;0;3;1;5;
202000007606;154 728 861;Z01;2;7;0;1;4;4;0;
202000007607;154 728 860;A01;1;1;0;1;2;1;5;
202000007608;154 728 859;A01;1;1;0;0;0;21;5;
202000007609;154 728 858;Z01;1;7;0;1;1;15;1;
202000007610;154 728 857;A01;1;1;0;0;0;25;5;
202000007611;154 728 854;B01;1;10;0;2;2;1;1;
202000007611;154 728 856;A01;1;50;0;2;3;1;3;
202000007612;154 728 853;A01;2;30;0;2;0;1;3;
202000007612;154 728 855;Z01;2;7;0;2;5;17;0;
202000007613;154 728 851;A01;2;7;0;2;7;19;1;
202000007613;154 728 852;B01;2;31;0;2;3;19;1;
202000007614;154 728 848;A01;1;7;0;2;4;23;1;
202000007614;154 728 850;B01;1;32;0;2;1;2;1;
202000007615;154 728 847;B01;3;7;0;2;7;15;1;
202000007615;154 728 849;A01;1;2;0;2;1;1;1;
202000007616;154 728 844;B01;1;7;0;2;2;10;1;
202000007616;154 728 846;A01;2;7;0;2;1;1;1;
202000007617;154 728 843;A01;1;33;0;2;1;2;1;
202000007617;154 728 845;B01;1;7;0;2;7;15;1;
202000007618;154 728 842;A01;2;33;0;1;7;1;0;
202000007619;154 728 841;A01;0;43;15;0;1;21;4;
202000007620;154 728 837;B01;2;2;9;0;1;1;1;
202000007620;154 728 839;A01;1;7;9;0;2;15;1;
202000007621;154 728 835;A01;1;7;0;2;1;1;1;
202000007621;154 728 836;B01;1;7;0;2;4;23;1;
202000007621;154 728 838;C01;2;7;0;2;4;23;1;
202000007621;154 728 840;D01;1;7;0;2;4;23;1;
202000007622;154 728 833;A01;1;30;11;0;1;1;1;
202000007623;154 728 832;B01;1;7;0;2;2;16;1;
202000007623;154 728 834;A01;1;7;0;2;2;18;1;
202000007624;154 728 830;B01;1;7;0;2;1;1;1;
202000007624;154 728 831;A01;2;7;0;2;3;1;1;
202000007625;154 728 826;B01;1;43;1;0;3;2;1;
202000007625;154 728 827;A01;1;7;0;2;5;23;1;
202000007626;154 728 824;A01;3;10;0;2;6;9;1;
202000007626;154 728 825;B01;3;10;0;2;3;13;1;
202000007627;154 728 828;A01;1;30;0;2;1;1;1;
202000007627;154 728 829;B01;1;7;0;2;2;15;1;
202000007628;154 728 822;A01;1;37;0;2;4;4;6;1
202000007628;154 728 823;B01;1;10;0;2;1;2;1;
202000007629;154 728 821;A01;1;99;0;1;1;9;3;
202000007630;154 728 820;A01;0;32;0;1;0;0;1;
202000007631;154 728 818;A01;2;7;0;2;1;17;0;
202000007631;154 728 819;B01;1;7;0;2;3;9;0;
202000007632;154 728 816;B01;2;10;0;2;8;15;0;
202000007632;154 728 817;A01;2;2;0;2;1;1;0;
202000007633;154 728 814;B01;2;2;0;2;1;1;1;
202000007633;154 728 815;A01;1;7;0;2;7;15;1;
202000007634;154 728 811;B01;1;30;0;2;8;1;1;
202000007634;154 728 813;A01;2;7;0;2;1;15;1;
202000007635;154 728 812;A01;-1;10;0;1;3;1;1;
202000007636;154 728 809;A01;1;37;0;1;2;1;1;1
202000007637;154 728 808;A01;1;7;0;0;5;1;0;
202000007637;154 728 810;B01;1;2;0;2;1;18;1;
202000007638;154 728 806;B01;1;7;0;0;0;19;1;
202000007638;154 728 807;A01;2;33;0;0;2;21;1;
202000007639;154 728 804;B01;0;7;0;2;3;15;1;
202000007639;154 728 805;A01;0;32;0;2;2;1;1;
202000007640;154 728 802;B01;1;7;0;2;1;1;1;
202000007640;154 728 803;A01;2;33;0;2;1;5;1;
202000007641;154 728 801;A01;2;34;0;0;0;1;0;
202000007642;154 728 800;A01;-1;7;12;0;2;14;0;
202000007643;154 728 798;B01;1;33;0;2;2;1;1;
202000007643;154 728 799;A01;1;7;0;2;3;16;1;
202000007644;154 728 796;A01;3;7;2;0;2;1;1;
202000007645;154 728 795;B01;2;7;0;2;5;23;1;
202000007645;154 728 797;A01;2;30;0;2;1;1;1;
202000007646;154 728 793;B01;1;7;0;2;3;1;1;
202000007646;154 728 794;A01;2;7;0;2;3;5;1;
202000007647;154 728 792;A01;1;7;0;1;1;1;1;
202000007648;154 728 790;B01;3;30;6;0;1;1;1;
202000007648;154 728 791;A01;3;7;0;0;0;13;0;
202000007649;154 728 788;B01;1;33;0;2;5;16;1;
202000007649;154 728 789;A01;1;7;0;0;6;1;1;
202000007650;154 728 785;A01;1;17;0;2;3;13;1;
202000007650;154 728 786;B01;2;7;0;2;3;1;1;
202000007651;154 728 784;B01;2;2;0;2;1;2;6;
202000007651;154 728 787;A01;2;7;0;2;2;16;6;
202000007652;154 728 782;B01;1;7;0;2;1;1;1;
202000007652;154 728 783;A01;2;7;0;2;1;13;1;
202000007653;154 728 779;A01;2;7;0;1;3;26;1;
202000007654;154 728 777;B01;2;2;0;0;4;1;1;
202000007654;154 728 778;A01;2;7;0;2;1;1;1;
202000007655;154 728 780;B01;2;1;0;2;4;23;5;
202000007655;154 728 781;A01;2;7;14;0;1;1;1;
202000007656;154 728 776;A01;1;33;0;6;1;19;1;
202000007657;154 728 773;A01;2;7;0;2;1;15;1;
202000007657;154 728 774;B01;2;1;0;2;8;14;5;
202000007658;154 728 771;A01;3;36;0;0;7;15;1;
202000007659;154 728 772;A01;1;7;0;2;8;15;1;
202000007659;154 728 775;B01;1;30;0;2;7;17;1;
202000007660;154 728 767;B01;1;7;0;2;3;1;1;
202000007660;154 728 769;A01;2;2;0;2;1;1;1;
202000007661;154 728 766;A01;1;1;12;0;7;1;5;
202000007662;154 728 764;A01;1;33;0;2;1;2;1;
202000007662;154 728 765;B01;1;33;0;0;8;2;1;
202000007663;154 728 768;A01;1;7;1;0;1;14;1;
202000007663;154 728 770;B01;1;2;0;0;4;24;1;
202000007664;154 728 761;B01;1;33;0;2;1;17;1;
202000007664;154 728 762;A01;1;7;0;2;8;10;1;
202000007665;154 728 760;A01;3;31;0;0;0;1;1;
202000007666;154 728 759;B01;1;33;0;2;1;1;1;
202000007666;154 728 763;A01;2;7;0;2;2;5;1;
202000007667;154 728 758;A01;2;7;15;0;9;1;1;
202000007668;154 728 757;A01;1;33;12;0;8;0;1;
202000007669;154 728 755;B01;1;2;16;0;4;2;1;
202000007669;154 728 756;A01;1;7;16;2;1;2;1;
202000007670;154 728 751;A01;1;7;0;2;2;5;1;
202000007670;154 728 752;B01;2;7;0;2;2;17;1;
202000007670;154 728 753;C01;2;7;3;0;5;21;1;
202000007670;154 728 754;D01;2;7;0;2;0;1;1;
202000007671;154 728 750;A01;1;7;8;0;2;1;1;
202000007672;154 728 748;B01;1;33;0;2;7;1;0;
202000007672;154 728 749;A01;1;7;0;2;3;1;0;
202000007673;154 728 747;A01;1;2;0;0;0;1;1;
202000007674;154 728 745;B01;2;7;0;0;8;15;1;
202000007674;154 728 746;A01;2;34;0;2;1;1;1;
202000007675;154 728 744;A01;1;7;17;0;9;0;1;
202000007676;154 728 743;A01;1;7;2;0;3;0;1;
202000007677;154 728 742;A01;1;10;2;0;1;1;1;
202000007678;154 728 741;A01;1;7;3;0;9;14;1;
202000007679;154 728 739;A01;1;33;13;0;1;1;1;
202000007680;154 728 736;A01;2;7;0;0;6;15;1;
202000007680;154 728 737;B01;2;33;0;2;1;2;1;
202000007681;154 728 733;A01;1;7;0;2;3;5;1;
202000007681;154 728 735;B01;2;7;0;2;3;1;1;
202000007682;154 728 734;A01;2;33;6;0;2;1;1;
202000007683;154 728 731;A01;2;7;16;0;1;1;1;
202000007684;154 728 730;A01;2;7;0;2;2;9;1;
202000007684;154 728 732;B01;1;1;0;2;3;1;5;
202000007685;154 728 725;B01;2;33;0;2;3;1;0;
202000007685;154 728 728;A01;2;15;0;0;8;9;0;
202000007686;154 728 726;C01;1;33;0;2;1;1;1;
202000007686;154 728 727;A01;1;7;0;2;1;15;1;
202000007686;154 728 729;B01;1;10;0;2;8;23;1;
202000007687;154 728 723;A01;3;7;0;2;3;9;1;
202000007687;154 728 724;B01;3;2;0;2;1;2;1;
202000007688;154 728 722;A01;2;31;6;0;1;1;1;
202000007689;154 728 721;A01;2;10;6;0;1;0;0;
202000007690;154 728 720;A01;3;36;0;0;0;0;1;
202000007691;154 728 719;A01;1;7;0;0;0;2;0;
202000007692;154 728 718;A01;1;3;17;0;2;1;0;
202000007693;154 728 717;A01;0;7;13;0;0;1;1;
202000007694;154 728 716;A01;3;7;0;0;9;1;1;
202000007695;154 728 714;B01;1;7;0;2;1;15;1;
202000007695;154 728 715;A01;2;7;0;2;3;1;1;
202000007696;154 728 712;A01;0;33;4;0;0;1;1;
202000007697;154 728 711;B01;1;33;0;2;1;2;1;
202000007697;154 728 713;A01;1;33;0;0;1;2;1;
202000007698;154 728 707;B01;1;30;0;2;1;1;1;
202000007698;154 728 709;A01;1;7;0;2;2;1;1;
202000007699;154 728 708;B01;1;7;0;0;6;15;1;
202000007699;154 728 710;A01;1;2;0;2;1;2;1;
202000007700;154 728 704;B01;1;7;0;0;6;2;1;
202000007700;154 728 706;A01;1;7;13;2;1;2;1;
202000007701;154 728 705;A01;2;33;12;0;1;1;1;
202000007702;154 728 702;A01;2;7;7;0;1;13;1;
202000007703;154 728 700;B01;1;7;0;2;3;15;1;
202000007703;154 728 703;A01;1;33;0;2;2;17;1;
202000007704;154 728 697;A01;1;7;3;0;1;19;1;
202000007705;154 728 698;A01;2;33;8;0;1;14;1;
202000007706;154 728 696;A01;1;7;13;0;3;13;1;
202000007707;154 728 692;B01;1;7;0;2;8;15;1;
202000007707;154 728 695;A01;1;33;0;2;1;17;1;
202000007708;154 728 691;C01;2;7;0;2;3;1;1;
202000007708;154 728 693;B01;2;7;16;0;0;1;1;
202000007708;154 728 694;A01;1;7;0;2;3;13;1;
202000007709;154 728 688;B01;2;33;0;2;8;1;1;
202000007709;154 728 690;A01;1;33;0;2;8;13;1;
202000007710;154 728 687;A01;0;7;0;4;2;13;1;
202000007710;154 728 689;B01;0;39;0;2;3;1;6;
202000007711;154 728 686;A01;2;7;2;0;1;13;1;
202000007712;154 728 685;A01;1;33;0;0;7;1;1;
202000007713;154 728 683;A01;1;7;13;0;3;1;1;
202000007713;154 728 684;B01;2;7;0;0;3;1;1;
202000007714;154 728 681;B01;2;7;3;2;3;1;1;
202000007714;154 728 682;A01;1;7;0;2;3;5;1;
202000007715;154 728 680;A01;1;33;16;0;7;1;1;
202000007716;154 728 677;A01;2;7;0;2;4;4;1;
202000007716;154 728 679;B01;2;1;0;2;1;2;5;
202000007717;154 728 675;A01;2;15;1;0;2;15;6;
202000007718;154 728 676;B01;1;33;0;2;1;2;1;
202000007718;154 728 678;A01;1;7;0;9;6;2;1;
202000007719;154 728 668;C01;2;16;0;0;0;11;0;
202000007719;154 728 669;B01;2;7;0;9;1;2;0;
202000007719;154 728 670;A01;2;7;0;0;0;1;0;
202000007719;154 728 671;D01;2;17;0;0;6;11;0;
202000007719;154 728 672;F01;2;7;0;2;1;2;0;
202000007719;154 728 674;E01;2;33;0;2;1;3;0;
202000007720;154 728 673;A01;2;33;14;0;1;0;0;
202000007721;154 728 665;A01;2;7;14;0;2;0;1;
202000007722;154 728 662;B01;2;7;0;2;6;15;1;
202000007722;154 728 664;A01;2;33;0;2;1;17;1;
202000007723;154 728 660;E01;2;7;0;2;4;2;1;
202000007723;154 728 661;D01;2;10;0;2;4;2;1;
202000007723;154 728 663;C01;2;7;0;2;4;2;1;
202000007723;154 728 666;B01;2;7;0;2;4;2;1;
202000007723;154 728 667;A01;2;7;0;2;1;2;1;
202000007724;154 728 658;A01;2;10;15;0;3;0;1;
202000007725;154 728 657;B01;0;7;0;2;8;15;0;
202000007725;154 728 659;A01;0;33;0;2;7;17;1;
202000007726;154 728 656;A01;0;7;0;0;0;0;1;
202000007727;154 728 654;A01;2;14;0;0;2;1;1;
202000007728;154 728 655;A01;2;7;13;0;1;1;1;
202000007729;154 728 651;A01;2;7;0;2;1;13;1;
202000007729;154 728 653;B01;1;10;0;2;1;1;1;
202000007730;154 728 649;C01;1;7;0;2;4;2;1;
202000007730;154 728 650;B01;1;7;14;2;4;2;1;
202000007730;154 728 652;A01;1;7;0;2;1;2;1;
202000007731;154 728 647;A01;2;7;13;2;3;13;1;
202000007731;154 728 648;B01;1;7;16;2;3;1;1;
202000007732;154 728 646;A01;3;-1;0;1;1;1;0;
202000007733;154 728 642;A01;2;7;0;2;3;15;0;
202000007733;154 728 643;B01;2;33;0;2;1;1;0;
202000007734;154 728 641;A01;3;7;0;2;1;19;1;
202000007734;154 728 644;B01;3;7;0;2;3;1;1;
202000007735;154 728 638;A01;1;32;0;2;1;2;1;
202000007735;154 728 640;B01;2;7;0;0;4;2;1;
202000007736;154 728 637;A01;2;7;0;2;2;12;1;
202000007736;154 728 639;B01;1;7;0;2;2;11;1;
202000007737;154 728 635;B01;1;33;0;2;3;1;1;
202000007737;154 728 636;A01;3;14;0;2;2;19;1;
202000007738;154 728 633;A01;2;7;0;0;9;14;1;
202000007739;154 728 632;B01;0;99;0;2;5;0;1;
202000007739;154 728 634;A01;3;7;0;2;2;13;1;
202000007740;154 728 627;A01;2;7;0;0;9;0;1;
202000007741;154 728 625;A01;2;7;0;2;1;9;1;
202000007741;154 728 626;B01;1;33;0;2;1;2;1;
202000007742;154 728 623;B01;1;7;0;2;1;1;1;
202000007742;154 728 624;A01;1;7;0;0;4;15;1;
202000007743;154 728 622;A01;2;7;0;1;2;1;0;
202000007744;154 728 628;D01;1;7;0;0;4;23;1;
202000007744;154 728 629;C01;1;7;0;0;1;23;1;
202000007744;154 728 630;A01;1;33;0;2;1;2;1;
202000007744;154 728 631;B01;1;7;0;0;1;23;1;
202000007745;154 728 620;A01;3;2;0;2;1;1;1;
202000007745;154 728 621;B01;3;7;0;2;1;1;1;
202000007746;154 728 616;A01;2;50;0;2;1;15;3;
202000007746;154 728 619;B01;1;10;0;2;2;1;1;
202000007747;154 728 615;A01;3;7;2;0;1;1;1;
202000007748;154 728 614;A01;1;7;15;0;1;1;1;
202000007749;154 728 613;A01;2;7;6;0;2;1;6;
202000007750;154 728 611;A01;2;7;0;0;3;2;1;
202000007750;154 728 612;B01;1;7;7;0;2;15;1;
202000007751;154 728 610;A01;2;33;12;0;1;1;1;
202000007752;154 728 609;A01;2;7;8;0;1;14;1;
202000007753;154 728 607;B01;2;33;0;2;1;1;1;
202000007753;154 728 608;A01;1;3;0;2;3;15;1;
202000007754;154 728 617;B01;1;7;0;2;3;1;1;
202000007754;154 728 618;A01;1;33;0;2;2;17;1;
202000007755;154 728 606;A01;1;7;2;0;3;9;1;
202000007756;154 728 604;B01;1;7;0;2;2;14;1;
202000007756;154 728 605;A01;1;1;0;0;3;1;5;
202000007757;154 728 603;A01;2;2;1;0;1;1;1;
202000007758;154 728 601;B01;2;10;0;0;3;0;1;
202000007758;154 728 602;A01;1;7;0;0;1;0;1;
202000007759;154 728 599;A01;2;33;1;0;1;1;0;
202000007760;154 728 597;A01;3;7;4;0;0;0;1;
202000007761;154 728 595;A01;1;7;0;0;3;13;6;
202000007761;154 728 596;B01;2;7;0;0;3;1;1;
202000007762;154 728 594;A01;2;7;4;0;6;15;1;
202000007763;154 728 591;A01;1;14;0;2;3;1;1;
202000007763;154 728 593;B01;1;33;0;2;1;3;1;
202000007764;154 728 590;B01;1;7;0;2;8;19;1;
202000007764;154 728 592;A01;1;33;0;2;1;17;1;
202000007765;154 728 589;A01;2;10;2;0;1;1;1;
202000007766;154 728 587;A01;0;2;0;2;7;1;1;
202000007766;154 728 588;B01;0;7;0;2;2;15;1;
202000007767;154 728 585;A01;2;7;0;2;4;1;1;
202000007767;154 728 586;B01;2;33;0;2;1;3;1;
202000007768;154 728 581;B01;2;7;0;2;6;1;0;
202000007768;154 728 583;A01;2;32;0;2;7;3;1;
202000007769;154 728 579;B01;1;17;1;0;3;1;1;
202000007769;154 728 580;A01;1;7;0;2;6;23;0;
202000007770;154 728 575;A01;2;33;0;2;1;9;6;
202000007770;154 728 576;B01;2;34;0;2;7;0;6;
202000007770;154 728 578;C01;2;7;0;2;7;9;6;
202000007771;154 728 573;B01;2;33;0;0;2;17;1;
202000007771;154 728 574;A01;2;7;0;0;8;10;0;
202000007772;154 728 572;A01;3;10;12;0;9;14;1;
202000007773;154 728 569;A01;3;7;0;1;3;15;1;
202000007774;154 728 570;B01;1;33;0;2;1;2;1;
202000007774;154 728 571;A01;1;7;0;0;4;1;1;
202000007775;154 728 567;A01;2;7;0;2;3;9;1;
202000007775;154 728 568;B01;2;32;0;2;1;21;1;
202000007776;154 728 565;A01;3;7;0;1;3;1;1;
202000007777;154 728 564;A01;3;31;12;0;1;1;6;
202000007778;154 728 563;A01;1;7;0;1;1;1;1;
202000007779;154 728 561;A01;1;7;0;2;6;2;1;
202000007779;154 728 562;B01;1;7;0;2;2;12;1;
202000007780;154 728 560;A01;1;7;9;0;1;14;1;
202000007781;154 728 558;B01;2;7;0;2;1;1;1;
202000007781;154 728 559;A01;2;15;0;2;4;1;1;
202000007782;154 728 556;A01;0;33;0;2;1;2;1;
202000007782;154 728 557;B01;0;7;0;2;8;2;1;
202000007783;154 728 551;D01;1;10;0;2;4;2;1;
202000007783;154 728 552;C01;1;10;0;2;4;2;1;
202000007783;154 728 554;B01;1;10;0;2;4;2;1;
202000007783;154 728 555;A01;1;7;0;2;1;2;1;
202000007784;154 728 550;A01;1;7;0;2;2;15;1;
202000007784;154 728 553;B01;1;31;0;2;1;1;1;
202000007785;154 728 548;B01;1;7;0;2;6;11;1;
202000007785;154 728 549;A01;1;33;0;2;2;3;1;
202000007786;154 728 545;B01;1;7;0;0;5;1;1;
202000007786;154 728 547;A01;2;30;0;2;1;1;1;
202000007787;154 728 544;A01;2;7;0;2;7;12;1;
202000007787;154 728 546;B01;2;32;0;2;3;3;1;
202000007788;154 728 543;A01;2;7;1;1;1;26;1;
202000007789;154 728 541;B01;1;7;0;2;4;2;1;
202000007789;154 728 542;A01;1;10;0;2;1;2;1;
202000007790;154 728 539;A01;1;7;0;2;3;15;0;
202000007790;154 728 540;B01;2;33;0;2;1;1;0;
202000007791;154 728 537;B01;2;7;0;2;4;2;1;
202000007791;154 728 538;A01;2;7;0;2;1;2;1;
202000007792;154 728 536;A01;2;7;9;1;1;1;1;
202000007793;154 728 534;A01;2;7;0;1;2;1;1;
202000007794;154 728 535;A01;1;33;0;0;0;1;1;
202000007795;154 728 533;A01;1;34;15;0;2;14;1;
202000007796;154 728 530;B01;2;7;0;2;2;15;1;
202000007796;154 728 532;A01;2;30;0;2;1;1;1;
202000007797;154 728 529;A01;3;0;0;1;4;4;0;
202000007798;154 728 528;A01;2;7;0;1;1;1;1;
202000007799;154 728 527;A01;3;7;16;0;0;1;1;
202000007800;154 728 526;A01;1;7;0;1;6;9;1;
202000007801;154 728 525;A01;3;7;15;0;1;13;1;
202000007802;154 728 524;A01;1;7;13;0;3;13;1;
202000007803;154 728 522;A01;2;10;0;2;3;15;1;
202000007803;154 728 523;B01;1;7;0;2;3;1;1;
202000007804;154 728 520;B01;2;7;0;2;8;15;1;
202000007804;154 728 521;A01;1;33;0;2;1;7;1;
202000007805;154 728 517;A01;1;7;8;0;1;1;1;
202000007806;154 728 515;A01;3;7;0;2;1;1;1;
202000007806;154 728 516;B01;3;1;0;2;7;19;5;
202000007807;154 728 518;A01;2;33;0;2;1;2;1;
202000007807;154 728 519;B01;2;1;0;2;4;15;0;
202000007808;154 728 514;A01;2;30;11;0;1;17;1;
202000007809;154 728 513;A01;3;7;1;0;3;1;0;
202000007810;154 728 512;A01;2;7;0;1;1;1;1;
202000007811;154 728 510;A01;2;10;0;0;9;26;1;
202000007812;154 728 509;A01;2;7;0;2;1;1;1;
202000007812;154 728 511;B01;3;1;0;2;1;5;0;
202000007813;154 728 506;B01;2;1;0;2;0;1;5;
202000007813;154 728 508;A01;2;7;0;2;0;9;1;
202000007814;154 728 504;C01;0;7;0;2;4;1;1;
202000007814;154 728 505;B01;0;7;0;2;1;1;1;
202000007814;154 728 507;A01;0;7;0;2;1;1;1;
202000007815;154 728 503;A01;3;34;0;1;1;1;1;
202000007816;154 728 500;A01;1;7;0;9;2;1;1;
202000007816;154 728 502;B01;2;50;0;2;1;1;3;
202000007817;154 728 499;A01;3;1;0;2;1;19;5;
202000007817;154 728 501;B01;3;7;0;2;2;1;1;
202000007818;154 728 496;A01;1;32;0;2;1;21;1;
202000007818;154 728 497;B01;1;32;0;2;4;1;1;
202000007818;154 728 498;C01;1;7;0;2;2;1;1;
202000007819;154 728 494;A01;1;10;8;0;1;14;1;
202000007820;154 728 492;A01;1;7;4;0;8;13;1;
202000007821;154 728 491;A01;0;7;0;2;2;15;1;
202000007821;154 728 493;B01;0;31;0;2;6;0;1;
202000007822;154 728 490;A01;2;32;11;0;3;21;1;
202000007823;154 728 487;C01;1;7;0;2;1;2;1;
202000007823;154 728 488;B01;1;7;0;2;3;2;1;
202000007823;154 728 489;A01;2;7;0;2;3;13;1;
202000007824;154 728 486;A01;0;7;6;0;1;1;1;
202000007825;154 728 483;A01;3;7;0;1;2;1;3;
202000007826;154 728 481;D01;1;7;0;0;0;0;1;
202000007826;154 728 482;C01;1;7;0;0;7;1;1;
202000007826;154 728 484;B01;1;7;0;0;5;0;1;
202000007826;154 728 485;A01;1;7;4;2;1;11;1;
202000007827;154 728 479;A01;2;7;0;1;8;1;1;
202000007828;154 728 476;B01;1;10;0;2;1;1;1;
202000007828;154 728 477;A01;1;7;0;2;2;15;1;
202000007829;154 728 474;B01;1;7;0;2;2;1;1;
202000007829;154 728 475;A01;1;7;0;2;5;1;1;
202000007830;154 728 472;A01;1;1;0;2;1;15;5;
202000007830;154 728 473;B01;2;1;0;2;1;1;5;
202000007831;154 728 470;B01;1;7;0;2;2;16;1;
202000007831;154 728 471;A01;1;33;0;2;3;18;1;
202000007832;154 728 468;B01;1;7;0;2;3;2;1;
202000007832;154 728 469;A01;1;2;0;2;1;13;1;
202000007833;154 728 466;B01;2;1;0;2;7;1;5;
202000007833;154 728 467;A01;2;32;0;2;7;17;1;
202000007834;154 728 464;Z01;2;7;1;1;2;14;1;
202000007835;154 728 461;A01;2;7;0;2;2;15;1;
202000007835;154 728 462;B01;1;32;0;2;1;19;1;
202000007835;154 728 463;C01;1;30;0;2;1;19;1;
202000007836;154 728 460;A01;2;7;1;1;1;14;1;
202000007837;154 728 458;B01;2;7;0;2;2;15;1;
202000007837;154 728 459;A01;1;30;0;2;0;1;1;
202000007838;154 728 457;A01;1;32;0;0;7;21;1;
202000007839;154 728 456;A01;2;37;0;1;2;1;1;1
202000007840;154 728 455;A01;2;7;1;0;6;14;1;
202000007841;154 728 452;C01;2;7;0;0;0;0;0;
202000007841;154 728 453;B01;2;7;0;2;5;1;1;
202000007841;154 728 454;A01;2;7;0;2;3;2;1;
202000007842;154 728 465;A01;1;7;0;1;3;1;1;
202000007843;154 728 450;A01;1;30;12;0;1;14;1;
202000007844;154 728 448;A01;2;7;0;2;6;9;0;
202000007844;154 728 449;B01;2;33;0;2;0;1;0;
202000007845;154 728 447;A01;3;7;0;1;1;1;1;
202000007846;154 728 451;A01;3;99;0;1;1;9;1;
202000007847;154 728 445;A01;3;7;0;2;1;13;1;
202000007847;154 728 446;B01;3;7;0;2;1;1;1;
202000007848;154 728 442;Z01;0;7;0;1;0;1;1;
202000007849;154 728 443;A01;2;7;0;2;3;10;1;
202000007849;154 728 444;B01;2;34;0;2;7;2;1;
202000007850;154 728 441;A01;2;50;0;1;1;1;3;
202000007851;154 728 440;A01;1;7;0;1;3;1;1;
202000007852;154 728 439;A01;2;7;0;1;2;1;1;
202000007853;154 728 438;A01;1;7;0;1;1;1;0;
202000007854;154 728 436;A01;1;7;0;2;0;0;1;
202000007854;154 728 437;B01;1;10;0;2;0;0;1;
202000007855;154 728 434;B01;1;7;0;2;4;0;1;
202000007855;154 728 435;A01;1;7;0;2;0;0;1;
202000007856;154 728 431;C01;3;7;0;2;3;1;0;
202000007856;154 728 432;B01;3;14;0;2;1;1;0;
202000007856;154 728 433;A01;3;7;0;2;8;26;0;
202000007857;154 728 429;A01;-1;7;0;1;-1;-1;-1;
202000007858;154 728 428;A01;1;7;0;2;7;0;1;
202000007858;154 728 430;B01;1;2;0;2;9;0;1;
202000007859;154 728 424;B01;3;1;0;2;1;3;5;
202000007859;154 728 425;A01;0;7;0;2;2;20;1;
202000007860;154 728 422;B01;1;32;0;0;0;0;1;
202000007860;154 728 423;A01;1;10;0;0;0;16;1;
202000007861;154 728 421;A01;2;13;0;0;3;21;1;
202000007862;154 728 417;A01;1;32;0;2;4;1;1;
202000007862;154 728 418;B01;1;7;0;2;3;15;1;
202000007863;154 728 415;B01;1;2;9;2;1;2;1;
202000007863;154 728 416;A01;1;2;0;2;6;13;1;
202000007864;154 728 412;A01;2;7;0;2;0;0;1;
202000007864;154 728 413;B01;1;7;0;2;3;1;1;
202000007864;154 728 414;C01;1;7;0;2;3;1;1;
202000007865;154 728 411;A01;3;37;9;0;2;14;0;1
202000007866;154 728 426;A01;1;7;0;2;0;1;0;
202000007866;154 728 427;B01;1;13;0;0;0;0;0;
202000007867;154 728 408;B01;0;7;0;2;1;1;1;
202000007867;154 728 409;A01;0;7;0;2;1;9;1;
202000007868;154 728 407;A01;0;10;0;1;4;4;1;
202000007869;154 728 405;A01;0;7;0;2;1;15;0;
202000007869;154 728 406;B01;0;1;0;2;7;1;5;
202000007870;154 728 403;A01;0;7;0;2;2;19;1;
202000007870;154 728 404;B01;1;7;0;2;2;1;1;
202000007871;154 728 402;A01;3;1;0;0;1;26;5;
202000007872;154 728 400;A01;3;7;0;2;8;19;1;
202000007872;154 728 410;B01;3;7;0;2;1;19;1;
202000007873;154 728 399;A01;2;32;0;1;8;26;1;
202000007874;154 728 398;A01;3;7;0;1;7;23;1;
202000007875;154 728 396;B01;2;7;0;0;4;1;1;
202000007875;154 728 397;A01;2;7;0;0;1;12;1;
202000007876;154 728 394;B01;1;10;0;2;6;1;1;
202000007876;154 728 395;A01;1;7;0;2;2;17;1;
202000007877;154 728 391;A01;2;7;0;2;3;1;1;
202000007877;154 728 392;B01;2;7;0;2;4;12;1;
202000007877;154 728 393;C01;2;7;0;2;1;1;1;
202000007878;154 728 390;A01;3;2;0;1;1;0;1;
202000007879;154 728 389;A01;1;7;13;0;1;0;1;
202000007880;154 728 387;A01;1;7;0;0;8;10;1;
202000007880;154 728 388;B01;1;17;0;2;2;1;1;
202000007881;154 728 385;B01;2;7;0;2;3;15;1;
202000007881;154 728 386;A01;2;7;0;2;0;17;1;
202000007882;154 728 383;A01;3;7;0;2;1;13;1;
202000007882;154 728 384;B01;3;7;0;2;1;1;1;
202000007883;154 728 381;B01;1;31;0;2;1;1;1;
202000007883;154 728 382;A01;2;7;0;2;2;5;1;
202000007884;154 728 380;A01;1;7;13;0;1;14;1;
202000007885;154 728 378;B01;1;33;0;2;1;26;1;
202000007885;154 728 379;A01;1;7;0;0;6;19;1;
202000007886;154 728 376;B01;1;7;0;2;3;26;1;