num_acc;id_vehicule;num_veh;senc;catv;obs;obsm;choc;manv;motor;occutc
202000007886;154 728 377;A01;2;33;1;0;3;13;1;
202000007887;154 728 374;B01;1;1;0;0;8;1;6;
202000007887;154 728 375;A01;1;36;0;9;4;17;1;
202000007888;154 728 373;A01;1;7;0;0;0;1;1;
202000007889;154 728 372;A01;2;33;0;0;8;1;1;
202000007890;154 728 371;A01;1;31;0;0;0;1;1;
202000007891;154 728 370;A01;1;7;2;0;3;1;1;
202000007892;154 728 368;B01;1;7;0;2;2;1;1;
202000007892;154 728 369;A01;1;7;0;2;3;19;1;
202000007893;154 728 367;A01;2;14;0;0;8;1;1;
202000007894;154 728 366;A01;2;7;0;0;0;1;1;
202000007895;154 728 363;A01;3;7;0;2;1;17;1;
202000007895;154 728 364;C01;3;1;0;9;4;2;5;
202000007895;154 728 365;B01;3;1;0;2;0;26;5;
202000007896;154 728 360;B01;1;7;0;2;1;2;1;
202000007896;154 728 361;C01;1;7;0;2;2;1;1;
202000007896;154 728 362;A01;1;7;0;2;4;26;1;
202000007897;154 728 357;A01;1;7;0;2;4;1;1;
202000007897;154 728 358;B01;1;7;0;2;1;1;1;
202000007897;154 728 359;C01;1;7;0;2;1;1;0;
202000007898;154 728 352;B01;2;7;0;2;4;2;0;
202000007898;154 728 353;A01;2;7;0;2;1;1;0;
202000007898;154 728 354;C01;2;7;0;2;1;2;0;
202000007898;154 728 355;E01;2;7;0;2;4;0;0;
202000007898;154 728 356;D01;2;10;0;2;4;0;0;
202000007899;154 728 348;A01;2;7;0;2;1;1;0;
202000007899;154 728 349;B01;2;10;0;2;4;2;0;
202000007899;154 728 350;C01;2;10;0;2;4;2;0;
202000007899;154 728 351;D01;2;10;0;2;4;2;0;
202000007900;154 728 346;B01;1;10;0;2;5;1;1;
202000007900;154 728 347;A01;1;33;0;2;1;3;1;
202000007901;154 728 344;A01;1;34;0;2;3;3;1;
202000007901;154 728 345;B01;1;10;0;2;5;1;1;
202000007902;154 728 341;A01;2;7;0;2;4;2;1;
202000007902;154 728 342;B01;2;33;0;2;8;3;1;
202000007902;154 728 343;C01;2;7;0;2;2;12;1;
202000007903;154 728 340;A01;2;33;8;0;1;1;1;
202000007904;154 728 338;Y01;0;60;0;2;2;1;5;
202000007904;154 728 339;A01;3;99;0;2;1;16;1;
202000007905;154 728 336;B01;1;2;0;2;4;15;1;
202000007905;154 728 337;A01;1;7;0;2;3;15;1;
202000007906;154 728 335;A01;1;7;0;1;1;1;1;
202000007907;154 728 334;A01;1;7;0;1;2;1;1;
202000007908;154 728 332;A01;3;1;0;2;8;1;5;
202000007908;154 728 333;B01;2;31;0;2;1;1;1;
202000007909;154 728 330;B01;1;7;0;2;2;1;1;
202000007909;154 728 331;A01;2;31;0;2;1;16;1;
202000007910;154 728 328;A01;1;7;0;9;2;1;1;
202000007910;154 728 329;B01;1;50;0;2;1;1;3;
202000007911;154 728 327;A01;3;7;1;1;2;1;1;
202000007912;154 728 326;A01;3;1;0;0;0;1;5;
202000007913;154 728 324;B01;0;7;0;2;1;1;-1;
202000007913;154 728 325;A01;0;7;0;2;1;1;-1;
202000007914;154 728 322;A01;2;33;0;2;1;1;1;
202000007914;154 728 323;B01;1;7;0;2;2;12;1;
202000007915;154 728 321;A01;3;37;0;1;3;15;1;1
202000007916;154 728 320;A01;2;10;0;1;1;1;3;
202000007917;154 728 319;A01;0;7;0;1;2;1;1;
202000007918;154 728 316;A01;0;7;1;0;1;26;1;
202000007918;154 728 317;B01;0;7;0;0;8;0;1;
202000007918;154 728 318;C01;0;7;0;0;6;0;1;
202000007919;154 728 315;A01;2;37;0;1;3;1;1;1
202000007920;154 728 313;B01;2;7;0;2;1;1;1;
202000007920;154 728 314;A01;1;7;0;2;6;1;1;
202000007921;154 728 311;A01;2;1;0;2;1;1;5;
202000007921;154 728 312;B01;2;7;0;2;4;23;1;
202000007922;154 728 310;A01;-1;7;-1;0;-1;-1;-1;
202000007923;154 728 309;A01;3;7;0;1;1;1;1;
202000007924;154 728 307;B01;2;7;0;2;4;1;1;
202000007924;154 728 308;A01;2;30;0;2;1;21;1;
202000007925;154 728 306;A01;3;33;0;0;7;1;1;
202000007926;154 728 304;A01;2;37;0;2;2;1;1;1
202000007926;154 728 305;B01;2;7;0;2;4;24;1;
202000007927;154 728 303;A01;3;7;0;1;1;1;1;
202000007928;154 728 302;A01;2;7;0;1;1;1;1;
202000007929;154 728 300;B01;1;40;0;2;2;1;3;
202000007929;154 728 301;A01;1;7;0;4;3;15;1;
202000007930;154 728 299;A01;3;7;0;1;7;26;1;
202000007931;154 728 297;B01;1;99;0;2;0;11;0;
202000007931;154 728 298;A01;2;7;0;2;3;9;1;
202000007932;154 728 296;A01;1;7;0;1;1;1;1;
202000007933;154 728 294;A01;2;7;0;2;1;26;1;
202000007933;154 728 295;B01;2;7;0;2;4;26;1;
202000007934;154 728 292;B01;1;7;0;2;1;1;1;
202000007934;154 728 293;A01;1;7;0;2;8;0;1;
202000007935;154 728 291;A01;3;7;0;1;1;2;1;
202000007936;154 728 289;B01;2;7;0;2;2;0;1;
202000007936;154 728 290;A01;1;7;0;2;1;17;1;
202000007937;154 728 288;A01;1;7;1;0;9;1;0;
202000007938;154 728 287;Z01;1;7;0;1;2;9;0;
202000007939;154 728 285;B01;1;1;0;2;1;13;5;
202000007939;154 728 286;A01;3;7;0;2;7;16;1;
202000007940;154 728 282;A01;2;7;0;2;1;1;1;
202000007940;154 728 283;B01;2;7;0;2;4;23;1;
202000007940;154 728 284;C01;2;7;0;2;4;23;1;
202000007941;154 728 280;A01;1;7;0;2;2;1;1;
202000007941;154 728 281;B01;1;7;0;2;3;9;1;
202000007942;154 728 279;A01;3;33;0;0;7;15;1;
202000007943;154 728 276;A01;3;7;0;2;2;15;1;
202000007943;154 728 277;C01;3;7;0;2;3;1;1;
202000007943;154 728 278;B01;3;7;0;2;3;1;1;
202000007944;154 728 274;B01;1;1;0;2;5;1;5;
202000007944;154 728 275;A01;2;7;0;2;1;1;1;
202000007945;154 728 273;A01;1;7;0;1;3;1;2;
202000007946;154 728 272;A01;1;10;0;1;8;1;1;
202000007947;154 728 270;A01;3;7;0;2;2;15;1;
202000007947;154 728 271;B01;1;30;0;2;2;1;1;
202000007948;154 728 268;A01;3;10;0;2;8;10;1;
202000007948;154 728 269;B01;1;2;0;2;2;1;1;
202000007949;154 728 267;A01;1;30;0;0;8;26;1;
202000007950;154 728 266;A01;1;7;0;1;7;16;1;
202000007951;154 728 264;B01;3;7;0;2;2;15;1;
202000007951;154 728 265;A01;3;7;0;2;3;26;1;
202000007952;154 728 262;B01;1;1;0;2;6;2;5;
202000007952;154 728 263;A01;1;7;0;2;6;22;1;
202000007953;154 728 260;A01;3;7;0;2;3;1;1;
202000007953;154 728 261;B01;3;2;0;2;1;1;1;
202000007954;154 728 258;B01;0;1;0;2;4;1;5;
202000007954;154 728 259;A01;0;7;0;9;1;1;1;
202000007955;154 728 256;A01;1;33;0;2;1;1;1;
202000007955;154 728 257;B01;2;7;0;2;3;15;1;
202000007956;154 728 255;Z01;3;0;0;1;0;16;0;
202000007957;154 728 253;A01;1;14;0;2;1;1;1;
202000007957;154 728 254;B01;2;7;0;2;8;19;1;
202000007958;154 728 251;A01;1;10;0;2;3;15;1;
202000007958;154 728 252;B01;1;80;0;2;1;1;3;
202000007959;154 728 246;B01;1;1;0;2;1;1;5;
202000007959;154 728 247;A01;2;14;0;2;3;15;1;
202000007960;154 728 244;B01;3;7;0;2;2;1;1;
202000007960;154 728 245;A01;3;30;0;2;1;1;1;
202000007961;154 728 243;A01;1;10;0;1;2;1;1;
202000007962;154 728 241;A01;0;7;0;2;1;1;0;
202000007962;154 728 242;B01;0;7;0;2;4;1;1;
202000007963;154 728 239;B01;0;7;0;2;2;15;1;
202000007963;154 728 240;A01;1;33;0;2;3;2;1;
202000007964;154 728 238;A01;1;30;0;1;1;1;0;
202000007965;154 728 236;A01;2;30;0;2;1;1;1;
202000007965;154 728 237;B01;1;7;0;2;1;16;1;
202000007966;154 728 235;A01;1;7;15;1;2;9;0;
202000007967;154 728 234;A01;1;32;0;0;8;1;1;
202000007968;154 728 232;B01;2;60;0;2;1;0;5;
202000007968;154 728 233;A01;1;7;0;2;5;1;1;
202000007969;154 728 231;A01;2;32;0;0;0;26;0;
202000007970;154 728 229;B01;1;33;0;2;1;1;1;
202000007970;154 728 230;A01;2;7;0;2;3;15;1;
202000007971;154 728 228;A01;1;7;0;1;7;1;-1;
202000007972;154 728 226;A01;2;43;0;2;1;3;1;
202000007972;154 728 227;Z01;2;7;0;2;3;11;0;
202000007973;154 728 224;A01;2;7;0;2;7;11;1;
202000007973;154 728 225;B01;2;32;0;2;7;3;1;
202000007974;154 728 223;A01;1;32;4;0;3;12;1;
202000007975;154 728 221;B01;1;32;0;2;1;1;1;
202000007975;154 728 222;A01;2;7;0;2;3;10;1;
202000007976;154 728 219;B01;1;33;0;2;7;23;1;
202000007976;154 728 220;A01;1;30;0;2;8;14;1;
202000007977;154 728 218;A01;1;30;1;0;1;14;3;
202000007978;154 728 216;Z01;1;31;0;2;8;5;1;
202000007978;154 728 217;A01;1;1;0;2;0;1;5;
202000007979;154 728 214;B01;2;1;0;2;1;1;5;
202000007979;154 728 215;A01;2;7;0;2;2;22;1;
202000007980;154 728 213;A01;1;30;0;1;1;1;3;
202000007981;154 728 212;Z01;1;31;0;1;1;1;0;
202000007982;154 728 210;A01;1;32;0;2;1;1;1;
202000007982;154 728 211;B01;2;7;0;2;2;15;1;
202000007983;154 728 208;A01;1;7;0;2;5;10;1;
202000007983;154 728 209;B01;2;33;0;2;1;1;1;
202000007984;154 728 206;B01;1;1;0;2;1;1;5;
202000007984;154 728 207;A01;1;7;0;2;5;17;1;
202000007985;154 728 204;A01;1;33;0;2;1;23;1;
202000007985;154 728 205;B01;1;10;0;2;7;16;1;
202000007986;154 728 202;A01;1;7;0;2;3;22;1;
202000007986;154 728 203;B01;1;1;0;2;1;1;5;
202000007987;154 728 201;A01;2;1;12;0;0;14;5;
202000007988;154 728 199;B01;2;30;0;2;7;1;1;
202000007988;154 728 200;A01;2;7;0;2;3;13;1;
202000007989;154 728 197;A01;1;7;0;2;2;15;1;
202000007989;154 728 198;B01;2;1;0;2;1;1;5;
202000007990;154 728 195;A01;2;30;0;2;7;17;1;
202000007990;154 728 196;B01;2;7;0;2;8;15;1;
202000007991;154 728 193;A01;1;1;0;2;0;1;5;
202000007991;154 728 194;B01;1;7;0;2;1;1;1;
202000007992;154 728 191;Z01;1;7;0;2;2;16;1;
202000007992;154 728 192;A01;1;1;0;2;1;7;5;
202000007993;154 728 190;A01;2;10;0;1;2;20;1;
202000007994;154 728 188;A01;3;1;0;2;7;9;5;
202000007994;154 728 189;B01;3;1;0;2;8;1;5;
202000007995;154 728 187;A01;1;32;0;0;0;1;1;
202000007996;154 728 186;A01;1;1;15;0;8;21;5;
202000007997;154 728 185;A01;2;7;0;1;1;26;1;
202000007998;154 728 184;A01;2;7;0;1;1;1;1;
202000007999;154 728 182;A01;2;7;0;2;3;16;1;
202000007999;154 728 183;B01;1;60;0;2;1;5;5;
202000008000;154 728 181;A01;1;99;0;1;1;26;3;
202000008001;154 728 180;A01;3;7;1;1;4;20;1;
202000008002;154 728 179;A01;3;10;0;1;1;1;3;
202000008003;154 728 177;B01;0;30;0;0;0;15;0;
202000008003;154 728 178;A01;3;10;0;0;3;0;1;
202000008004;154 728 176;A01;2;7;0;1;4;4;2;
202000008005;154 728 174;B01;-1;7;0;2;3;19;1;
202000008005;154 728 175;A01;-1;34;0;2;2;17;1;
202000008006;154 728 172;A01;2;10;0;2;1;1;1;
202000008006;154 728 173;B01;2;7;0;2;8;1;1;
202000008007;154 728 171;A01;1;33;0;0;8;1;1;
202000008008;154 728 168;A01;2;7;1;2;3;10;0;
202000008008;154 728 169;B01;1;34;1;0;2;1;0;
202000008008;154 728 170;C01;2;30;1;2;3;1;0;
202000008009;154 728 166;B01;0;34;0;2;2;1;1;
202000008009;154 728 167;A01;0;7;0;2;6;15;1;
202000008010;154 728 164;A01;3;10;0;2;1;16;1;
202000008010;154 728 165;B01;3;7;0;2;3;1;1;
202000008011;154 728 163;A01;2;1;0;1;1;1;5;
202000008012;154 728 162;A01;1;32;0;1;1;1;1;
202000008013;154 728 160;A01;1;30;0;2;1;1;1;
202000008013;154 728 161;B01;1;3;0;2;3;9;1;
202000008014;154 728 159;A01;1;15;0;0;0;14;1;
202000008015;154 728 157;A01;3;7;0;2;1;1;1;
202000008015;154 728 158;B01;3;7;0;2;4;16;1;
202000008016;154 728 155;B01;3;31;0;2;1;2;1;
202000008016;154 728 156;A01;3;7;0;2;4;2;1;
202000008017;154 728 153;B01;3;7;0;2;3;1;1;
202000008017;154 728 154;A01;2;7;0;2;2;1;1;
202000008018;154 728 151;B01;3;2;0;2;1;1;1;
202000008018;154 728 152;A01;3;7;0;2;3;11;1;
202000008019;154 728 150;A01;3;7;13;0;3;19;1;
202000008020;154 728 148;A01;1;7;0;2;2;9;1;
202000008020;154 728 149;C01;1;7;0;2;3;11;1;
202000008021;154 728 145;C01;2;17;0;2;8;1;1;
202000008021;154 728 146;A01;2;3;0;9;1;17;1;
202000008021;154 728 147;B01;1;21;0;2;8;1;1;
202000008022;154 728 143;B01;2;3;0;2;1;26;1;
202000008022;154 728 144;A01;1;7;13;2;9;17;1;
202000008023;154 728 141;A01;1;7;0;2;2;2;1;
202000008023;154 728 142;B01;1;2;3;2;6;2;1;
202000008024;154 728 140;A01;3;7;2;0;1;14;1;
202000008025;154 728 139;A01;1;7;6;0;1;1;1;
202000008026;154 728 138;A01;1;7;11;0;1;1;1;
202000008027;154 728 136;A01;1;7;0;0;8;19;1;
202000008027;154 728 137;B01;2;7;0;2;1;1;1;
202000008028;154 728 134;A01;1;7;0;2;1;2;1;
202000008028;154 728 135;B01;1;7;0;0;4;1;1;
202000008029;154 728 132;B01;1;7;2;2;1;1;1;
202000008029;154 728 133;A01;2;7;2;2;1;5;1;
202000008030;154 728 131;A01;2;1;0;0;6;1;5;
202000008031;154 728 128;C01;1;14;0;2;8;1;1;
202000008031;154 728 129;B01;1;7;0;2;3;1;1;
202000008031;154 728 130;A01;2;7;0;2;3;13;1;
202000008032;154 728 126;A01;2;7;0;2;1;2;1;
202000008032;154 728 127;B01;2;7;0;0;4;15;1;
202000008033;154 728 124;A01;1;7;0;2;1;17;1;
202000008033;154 728 125;B01;2;7;0;2;1;1;1;
202000008034;154 728 122;A01;2;30;0;2;1;1;1;
202000008034;154 728 123;B01;2;7;0;2;1;1;0;
202000008035;154 728 121;A01;0;1;0;0;9;0;5;
202000008036;154 728 120;A01;1;31;0;0;0;21;0;
202000008037;154 728 118;A01;2;2;0;2;3;13;1;
202000008037;154 728 119;B01;1;7;0;2;8;1;1;
202000008038;154 728 116;B01;1;7;0;2;2;21;1;
202000008038;154 728 117;A01;1;7;8;0;8;17;1;
202000008039;154 728 114;B01;1;10;0;2;3;1;1;
202000008039;154 728 115;A01;2;3;0;2;3;1;1;
202000008040;154 728 110;B01;1;7;0;2;1;1;1;
202000008040;154 728 111;A01;1;7;10;2;7;19;1;
202000008041;154 728 108;A01;1;7;0;2;1;19;1;
202000008041;154 728 109;B01;2;7;0;2;2;21;1;
202000008042;154 728 106;A01;2;7;0;2;1;13;1;
202000008042;154 728 107;B01;1;7;0;2;1;1;1;
202000008043;154 728 102;A01;1;80;0;2;5;1;3;
202000008043;154 728 103;B01;0;7;0;2;4;9;0;
202000008044;154 728 101;A01;1;7;6;0;1;1;1;
202000008045;154 728 100;A01;1;33;0;0;7;1;1;
202000008046;154 728 098;A01;1;7;0;2;5;2;1;
202000008046;154 728 099;B01;1;7;0;2;1;2;1;
202000008047;154 728 097;A01;1;7;0;1;1;1;1;
202000008048;154 728 095;A01;2;7;6;0;8;15;1;
202000008048;154 728 096;B01;1;7;0;2;3;1;1;
202000008049;154 728 093;A01;2;2;0;2;3;11;1;
202000008049;154 728 094;B01;2;7;0;0;5;1;1;
202000008050;154 728 092;A01;2;7;6;0;2;2;1;
202000008051;154 728 091;A01;2;7;0;1;2;1;0;
202000008052;154 728 090;A01;2;7;12;0;0;1;1;
202000008053;154 728 089;A01;2;7;0;1;2;1;0;
202000008054;154 728 085;D01;2;15;0;0;4;2;1;
202000008054;154 728 086;C01;2;15;0;2;4;2;1;
202000008054;154 728 087;B01;2;15;0;2;4;2;1;
202000008054;154 728 088;A01;2;15;0;2;1;2;1;
202000008055;154 728 084;A01;1;33;0;0;2;1;1;
202000008056;154 728 082;A01;1;33;0;2;3;13;1;
202000008056;154 728 083;B01;1;7;0;2;3;1;1;
202000008057;154 728 081;A01;1;7;0;1;0;0;0;
202000008058;154 728 079;B01;1;10;0;2;6;1;1;
202000008058;154 728 080;A01;2;33;0;2;2;1;1;
202000008059;154 728 077;A01;2;7;0;9;8;1;1;
202000008059;154 728 078;B01;2;1;0;2;1;1;5;
202000008060;154 728 076;A01;2;7;13;0;3;0;0;
202000008061;154 728 074;B01;0;33;0;2;3;1;1;
202000008061;154 728 075;A01;0;7;0;2;2;16;1;
202000008062;154 728 072;B01;2;7;0;2;7;15;1;
202000008062;154 728 073;A01;1;7;0;2;1;1;1;
202000008063;154 728 070;B01;3;10;0;2;2;15;1;
202000008063;154 728 071;A01;2;33;0;2;1;1;1;
202000008064;154 728 068;A01;1;2;0;0;5;2;1;
202000008064;154 728 069;B01;1;7;0;2;1;2;0;
202000008065;154 728 066;A01;1;7;0;2;3;15;1;
202000008065;154 728 067;B01;2;1;0;2;1;1;5;
202000008066;154 728 065;A01;2;7;0;1;1;0;1;
202000008067;154 728 061;A01;0;7;0;1;2;15;1;
202000008068;154 728 060;A01;0;37;0;1;2;26;1;1
202000008069;154 728 058;A01;0;7;0;0;2;11;1;
202000008069;154 728 059;B01;0;7;0;0;1;1;1;
202000008070;154 728 056;A01;0;7;0;2;1;17;1;
202000008070;154 728 057;B01;0;7;0;2;1;1;1;
202000008071;154 728 055;A01;1;7;13;0;9;0;1;
202000008072;154 728 052;A01;2;7;0;2;1;2;1;
202000008072;154 728 053;B01;2;7;0;2;5;23;1;
202000008072;154 728 054;C01;2;7;0;2;4;23;1;
202000008073;154 728 051;A01;2;33;0;0;8;21;1;
202000008074;154 728 050;A01;2;32;16;0;7;3;1;
202000008075;154 728 048;A01;1;7;0;2;1;2;1;
202000008075;154 728 049;B01;1;7;0;2;4;2;1;
202000008076;154 728 047;A01;1;7;3;0;9;2;1;
202000008077;154 728 045;B01;1;10;0;2;5;23;1;
202000008077;154 728 046;A01;1;33;1;0;1;2;1;
202000008078;154 728 043;B01;1;7;4;2;5;23;1;
202000008078;154 728 044;A01;1;31;3;2;3;3;1;
202000008079;154 728 042;A01;2;7;12;0;1;9;1;
202000008080;154 728 040;B01;1;7;0;0;4;1;1;
202000008080;154 728 041;A01;1;33;0;2;1;1;1;
202000008081;154 728 038;A01;1;33;0;2;1;14;1;
202000008081;154 728 039;B01;1;7;0;0;6;1;1;
202000008082;154 728 037;B01;2;32;0;2;3;1;1;
202000008083;154 728 035;B01;1;10;0;2;5;1;1;
202000008083;154 728 036;A01;1;7;0;2;1;1;1;
202000008084;154 728 033;B01;2;7;0;2;6;23;1;
202000008084;154 728 034;A01;2;33;1;0;1;3;1;
202000008085;154 728 029;A01;2;7;0;2;1;1;1;
202000008085;154 728 030;B01;2;7;0;2;6;1;1;
202000008085;154 728 031;C01;2;7;0;2;6;1;1;
202000008085;154 728 032;D01;2;7;0;2;4;1;1;
202000008086;154 728 027;A01;2;32;0;2;1;3;1;
202000008086;154 728 028;B01;2;14;0;2;6;1;1;
202000008087;154 728 025;B01;2;7;0;2;1;2;1;
202000008087;154 728 026;A01;2;7;0;2;4;2;1;
202000008088;154 728 024;A01;2;33;0;1;1;21;1;
202000008089;154 728 023;A01;1;35;9;0;0;0;0;
202000008090;154 728 020;A01;1;7;0;2;2;1;1;
202000008090;154 728 021;C01;1;7;0;2;4;0;0;
202000008090;154 728 022;B01;1;7;0;2;4;1;1;
202000008091;154 728 019;A01;2;7;2;0;3;1;1;
202000008092;154 728 017;B01;0;7;0;2;3;1;0;
202000008092;154 728 018;A01;0;33;0;2;3;13;0;
202000008093;154 728 015;A01;3;7;12;2;3;1;1;
202000008093;154 728 016;B01;3;7;0;2;3;13;1;
202000008094;154 728 013;A01;1;7;0;2;1;1;0;
202000008094;154 728 014;B01;1;32;0;2;3;1;0;
202000008095;154 728 012;A01;2;43;3;0;7;14;6;
202000008096;154 728 010;A01;2;7;0;2;4;2;1;
202000008096;154 728 011;B01;2;7;0;2;2;2;1;
202000008097;154 728 008;A01;2;15;0;2;7;12;1;
202000008097;154 728 009;B01;2;20;0;2;8;1;1;
202000008098;154 728 007;A01;2;7;0;1;3;1;1;
202000008099;154 728 006;A01;2;33;0;0;0;1;1;
202000008100;154 728 005;A01;1;10;4;5;3;13;1;
202000008101;154 728 001;D01;2;7;0;2;4;2;1;
202000008101;154 728 002;C01;2;7;0;2;4;2;1;
202000008101;154 728 003;B01;2;7;0;2;4;2;1;
202000008101;154 728 004;A01;2;7;0;2;1;2;1;
202000008102;154 728 000;A01;2;7;4;0;1;14;1;
202000008103;154 727 997;A01;2;7;0;2;3;2;1;
202000008103;154 727 998;B01;2;34;0;2;4;0;1;
202000008103;154 727 999;C01;2;7;0;2;4;2;1;
202000008104;154 727 996;A01;2;7;4;0;1;13;1;
202000008105;154 727 994;B01;2;10;0;2;4;2;1;
202000008105;154 727 995;A01;2;7;0;2;1;2;1;
202000008106;154 727 992;A01;2;7;4;2;1;19;1;
202000008106;154 727 993;B01;2;7;0;2;3;1;1;
202000008107;154 727 990;B01;2;7;0;2;6;1;1;
202000008107;154 727 991;A01;2;15;0;2;2;12;1;
202000008108;154 727 986;A01;1;33;8;0;1;1;1;
202000008109;154 727 985;A01;3;33;13;0;9;1;1;
202000008110;154 727 978;A01;1;7;0;2;8;15;1;
202000008110;154 727 979;B01;1;7;0;2;1;1;1;
202000008111;154 727 976;B01;3;1;0;2;1;19;5;
202000008111;154 727 977;A01;3;10;0;2;8;2;1;
202000008112;154 727 975;A01;1;7;0;1;2;1;1;
202000008113;154 727 973;A01;2;2;0;2;1;1;1;
202000008113;154 727 974;B01;2;7;0;2;8;15;1;
202000008114;154 727 971;B01;0;7;0;2;1;1;1;
202000008114;154 727 972;A01;0;7;0;2;8;9;1;
202000008115;154 727 969;B01;2;99;0;2;1;1;5;
202000008115;154 727 970;A01;1;7;0;9;5;15;1;
202000008116;154 727 967;B01;1;7;0;2;1;2;1;
202000008116;154 727 968;A01;1;7;0;2;4;2;1;
202000008117;154 727 966;A01;1;37;0;1;5;1;1;1
202000008118;154 727 964;B01;2;17;0;2;3;1;1;
202000008118;154 727 965;A01;1;7;0;2;3;13;1;
202000008119;154 727 962;B01;1;7;0;2;4;2;1;
202000008119;154 727 963;A01;1;10;0;2;1;2;1;
202000008120;154 727 960;B01;1;7;0;2;4;2;1;
202000008120;154 727 961;A01;1;7;0;2;1;2;1;
202000008121;154 727 957;C01;1;7;0;2;7;21;1;
202000008121;154 727 958;B01;1;7;0;2;4;1;1;
202000008121;154 727 959;A01;1;30;0;2;1;2;1;
202000008122;154 727 955;B01;2;1;0;2;3;1;5;
202000008122;154 727 956;A01;1;7;0;2;3;15;1;
202000008123;154 727 953;A01;1;10;0;2;3;9;1;
202000008123;154 727 954;B01;1;2;0;2;7;15;1;
202000008124;154 727 952;A01;1;10;0;1;3;1;1;
202000008125;154 727 950;A01;1;30;0;2;1;7;1;
202000008125;154 727 951;B01;1;7;0;2;7;16;1;
202000008126;154 727 948;B01;1;7;0;2;2;1;0;
202000008126;154 727 949;A01;1;32;0;2;0;1;0;
202000008127;154 727 946;B01;3;1;0;2;1;26;5;
202000008127;154 727 947;A01;3;7;0;9;5;15;1;
202000008128;154 727 944;B01;2;7;0;2;7;15;1;
202000008128;154 727 945;A01;1;7;0;2;1;1;1;
202000008129;154 727 942;A01;1;10;0;2;6;2;1;
202000008129;154 727 943;B01;1;7;1;0;1;2;1;
202000008130;154 727 940;B01;1;1;0;2;4;1;5;
202000008130;154 727 941;A01;1;7;0;2;3;9;1;
202000008131;154 727 938;B01;1;1;0;2;1;1;5;
202000008131;154 727 939;A01;1;7;0;2;3;9;1;
202000008132;154 727 937;A01;1;2;0;0;7;14;1;
202000008133;154 727 935;A01;2;7;0;0;0;9;1;
202000008133;154 727 936;B01;2;33;0;2;0;1;1;
202000008134;154 727 934;A01;1;7;2;0;9;13;1;
202000008135;154 727 932;B01;1;7;2;2;1;1;1;
202000008135;154 727 933;A01;2;7;0;2;1;13;1;
202000008136;154 727 930;A01;0;7;1;0;2;9;1;
202000008136;154 727 931;B01;3;7;0;2;6;23;1;
202000008137;154 727 928;B01;1;2;0;2;4;2;1;
202000008137;154 727 929;A01;1;32;0;2;1;17;1;
202000008138;154 727 927;A01;2;7;9;0;3;26;1;
202000008139;154 727 925;B01;3;7;0;2;1;1;1;
202000008139;154 727 926;A01;3;3;0;2;7;19;1;
202000008140;154 727 924;A01;1;50;15;0;1;1;3;
202000008141;154 727 923;A01;1;7;16;0;8;1;1;
202000008142;154 727 921;A01;1;7;0;2;3;26;1;
202000008142;154 727 922;B01;1;7;0;2;2;1;1;
202000008143;154 727 919;B01;3;7;0;-1;1;1;-1;
202000008143;154 727 920;A01;3;33;0;-1;1;1;-1;
202000008144;154 727 918;A01;3;7;0;1;1;2;0;
202000008145;154 727 917;A01;2;7;4;0;2;1;1;
202000008146;154 727 915;B01;1;10;0;2;3;1;1;
202000008146;154 727 916;A01;2;7;0;2;2;1;1;
202000008147;154 727 913;B01;2;7;0;2;4;1;1;
202000008147;154 727 914;A01;3;7;0;2;1;1;1;
202000008148;154 727 912;A01;3;1;0;1;2;2;5;
202000008149;154 727 911;A01;2;33;0;1;2;1;1;
202000008150;154 727 910;A01;3;7;1;1;2;14;1;
202000008151;154 727 908;B01;3;80;0;2;1;1;3;
202000008151;154 727 909;A01;3;7;0;2;8;15;1;
202000008152;154 727 907;A01;1;10;0;1;1;1;1;
202000008153;154 727 905;A01;0;7;0;2;1;0;1;
202000008153;154 727 906;B01;0;2;0;2;7;0;1;
202000008154;154 727 903;B01;1;32;0;0;0;0;1;
202000008154;154 727 904;Z01;1;7;0;2;2;15;1;
202000008155;154 727 901;A01;1;7;0;2;1;2;0;
202000008155;154 727 902;B01;1;7;0;2;6;2;0;
202000008156;154 727 899;B01;3;7;0;2;4;23;1;
202000008156;154 727 900;A01;3;7;0;2;1;2;1;
202000008157;154 727 897;A01;2;34;0;2;1;1;1;
202000008157;154 727 898;B01;3;7;0;2;8;9;1;
202000008158;154 727 895;B01;2;7;0;2;2;1;1;
202000008158;154 727 896;A01;2;1;0;2;8;9;5;
202000008159;154 727 893;B01;1;7;0;2;4;2;1;
202000008159;154 727 894;A01;1;2;0;2;1;2;1;
202000008160;154 727 892;A01;1;7;0;1;3;15;1;
202000008161;154 727 891;A01;2;10;0;1;1;15;1;
202000008162;154 727 889;B01;1;2;0;2;4;23;1;
202000008162;154 727 890;A01;1;7;0;2;1;1;1;
202000008163;154 727 887;B01;3;1;0;2;1;1;5;
202000008163;154 727 888;A01;1;7;0;2;2;16;1;
202000008164;154 727 885;B01;1;32;0;2;1;3;1;
202000008164;154 727 886;A01;1;7;0;2;1;5;1;
202000008165;154 727 883;Z01;1;43;0;2;1;1;1;
202000008165;154 727 884;A01;1;30;0;2;4;23;1;
202000008166;154 727 881;B01;3;32;0;2;7;1;1;
202000008166;154 727 882;A01;3;7;0;2;8;11;1;
202000008167;154 727 879;A01;1;32;0;2;1;1;1;