num_acc;id_vehicule;num_veh;senc;catv;obs;obsm;choc;manv;motor;occutc
202000008167;154 727 880;B01;1;7;0;2;3;1;1;
202000008168;154 727 877;B01;1;7;0;2;3;1;1;
202000008168;154 727 878;A01;1;50;0;2;1;1;3;
202000008169;154 727 876;A01;3;1;0;1;1;5;5;
202000008170;154 727 874;Z01;1;7;0;2;8;10;1;
202000008170;154 727 875;A01;1;32;0;2;2;1;1;
202000008171;154 727 873;A01;1;1;0;0;0;1;5;
202000008172;154 727 872;A01;1;1;0;0;0;1;5;
202000008173;154 727 870;B01;1;7;0;2;4;23;1;
202000008173;154 727 871;A01;1;30;0;2;1;1;1;
202000008174;154 727 868;A01;3;7;0;2;1;26;1;
202000008174;154 727 869;B01;3;3;0;2;2;1;1;
202000008175;154 727 866;B01;2;7;0;2;6;2;1;
202000008175;154 727 867;A01;2;33;14;0;1;2;1;
202000008176;154 727 864;B01;2;30;0;2;2;15;1;
202000008176;154 727 865;A01;1;7;0;2;3;9;1;
202000008177;154 727 863;A01;1;7;14;1;2;16;1;
202000008178;154 727 861;A01;1;7;0;2;1;13;1;
202000008178;154 727 862;B01;1;7;0;2;7;16;1;
202000008179;154 727 859;B01;3;1;0;2;1;25;6;
202000008179;154 727 860;A01;3;7;0;2;3;9;1;
202000008180;154 727 857;B01;1;14;1;0;7;12;0;
202000008180;154 727 858;A01;1;34;1;2;8;3;1;
202000008181;154 727 855;B01;2;50;15;0;2;1;3;
202000008181;154 727 856;A01;1;7;15;2;2;9;1;
202000008182;154 727 853;A01;1;99;0;2;1;2;6;
202000008182;154 727 854;B01;2;33;0;2;4;2;6;
202000008183;154 727 851;A01;3;99;0;2;1;19;1;
202000008183;154 727 852;B01;3;7;0;2;8;1;1;
202000008184;154 727 849;B01;0;50;0;2;1;9;3;
202000008184;154 727 850;A01;3;3;0;9;3;9;1;
202000008185;154 727 847;B01;0;7;0;2;2;1;1;
202000008185;154 727 848;A01;0;7;0;2;1;26;1;
202000008186;154 727 846;A01;1;7;2;0;2;14;1;
202000008187;154 727 843;C01;1;7;0;0;1;1;1;
202000008187;154 727 844;B01;2;7;3;0;8;1;1;
202000008187;154 727 845;A01;1;7;0;2;3;19;1;
202000008188;154 727 842;A01;1;7;0;1;2;1;1;
202000008189;154 727 840;A01;1;7;0;2;3;1;1;
202000008189;154 727 841;B01;1;1;0;2;5;1;5;
202000008190;154 727 838;A01;2;7;0;2;1;13;1;
202000008190;154 727 839;B01;1;7;0;2;1;1;1;
202000008191;154 727 837;A01;-1;33;0;0;1;1;1;
202000008192;154 727 835;B01;1;7;0;0;4;1;1;
202000008192;154 727 836;A01;1;31;0;2;1;2;1;
202000008193;154 727 834;A01;2;7;13;0;3;1;1;
202000008194;154 727 833;A01;2;7;17;0;1;12;1;
202000008195;154 727 832;A01;2;33;3;0;7;1;1;
202000008196;154 727 831;A01;2;7;4;0;3;13;1;
202000008197;154 727 828;B01;1;7;0;2;1;1;0;
202000008197;154 727 829;A01;2;7;0;2;3;15;1;
202000008198;154 727 827;A01;2;7;13;0;1;1;1;
202000008199;154 727 825;B01;0;7;0;2;1;1;1;
202000008199;154 727 826;A01;3;7;8;0;2;1;1;
202000008200;154 727 823;A01;2;7;0;2;5;12;1;
202000008200;154 727 824;B01;2;10;0;2;3;1;1;
202000008201;154 727 822;A01;1;33;7;0;1;1;0;
202000008202;154 727 820;B01;1;7;0;2;2;1;1;
202000008202;154 727 821;A01;1;33;0;2;4;9;1;
202000008203;154 727 818;A01;2;7;0;2;3;17;0;
202000008203;154 727 819;B01;2;33;0;2;9;17;0;
202000008204;154 727 816;B01;3;33;0;2;3;1;1;
202000008204;154 727 817;A01;3;10;0;0;2;19;0;
202000008205;154 727 810;A01;2;7;0;2;1;3;1;
202000008205;154 727 811;B01;2;7;0;2;7;17;1;
202000008205;154 727 812;C01;2;7;0;2;6;1;1;
202000008205;154 727 813;D01;2;7;1;2;4;1;1;
202000008206;154 727 809;A01;2;10;3;0;1;0;1;
202000008207;154 727 807;B01;2;7;3;2;5;17;1;
202000008207;154 727 808;A01;2;7;3;2;3;13;1;
202000008208;154 727 806;A01;2;7;13;0;0;1;1;
202000008209;154 727 805;A01;1;7;16;0;3;1;1;
202000008210;154 727 803;A01;1;7;0;0;3;15;1;
202000008210;154 727 804;B01;1;33;0;0;8;21;1;
202000008211;154 727 801;A01;1;7;0;2;2;21;0;
202000008211;154 727 802;B01;1;1;0;2;3;2;5;
202000008212;154 727 800;A01;0;2;0;0;1;0;1;
202000008213;154 727 799;A01;2;7;13;0;3;2;1;
202000008214;154 727 798;A01;1;7;13;0;1;1;1;
202000008215;154 727 796;B01;1;33;0;2;1;1;1;
202000008215;154 727 797;A01;1;7;0;2;4;1;1;
202000008216;154 727 794;A01;1;2;0;2;1;2;1;
202000008216;154 727 795;B01;1;7;0;2;5;15;1;
202000008217;154 727 792;A01;3;99;0;0;0;10;6;
202000008218;154 727 791;A01;1;7;0;0;1;0;1;
202000008219;154 727 789;A01;1;33;0;2;1;17;1;
202000008219;154 727 790;B01;2;7;0;2;1;1;1;
202000008220;154 727 788;A01;2;7;2;0;3;1;0;
202000008221;154 727 786;A01;2;33;0;0;4;23;0;
202000008221;154 727 787;B01;2;7;0;2;1;1;0;
202000008222;154 727 782;B01;1;7;0;2;1;1;1;
202000008222;154 727 783;A01;1;1;0;2;2;1;5;
202000008222;154 727 784;C01;1;7;0;9;4;1;1;
202000008222;154 727 785;D01;2;7;0;0;2;1;1;
202000008223;154 727 780;B01;1;14;0;2;8;1;1;
202000008223;154 727 781;A01;2;33;13;2;3;17;1;
202000008224;154 727 778;B01;2;10;0;2;1;1;1;
202000008224;154 727 779;A01;1;7;0;2;1;13;1;
202000008225;154 727 776;B01;1;32;0;2;1;17;1;
202000008225;154 727 777;A01;2;7;0;2;3;19;1;
202000008226;154 727 775;A01;1;7;0;1;2;1;1;
202000008227;154 727 773;A01;2;10;0;0;4;1;1;
202000008227;154 727 774;B01;2;7;0;2;1;1;1;
202000008228;154 727 772;A01;1;7;15;0;2;14;1;
202000008229;154 727 770;A01;3;7;0;2;1;19;1;
202000008229;154 727 771;B01;2;7;0;2;5;1;1;
202000008230;154 727 769;A01;1;10;0;0;9;1;0;
202000008231;154 727 768;A01;2;7;4;0;1;1;1;
202000008232;154 727 766;A01;0;7;0;2;2;19;1;
202000008232;154 727 767;B01;0;1;0;2;2;1;5;
202000008233;154 727 764;B01;3;7;0;2;1;1;1;
202000008233;154 727 765;A01;3;60;0;2;8;19;5;
202000008234;154 727 762;B01;2;21;0;2;6;1;1;
202000008234;154 727 763;A01;1;33;0;2;3;1;1;
202000008235;154 727 760;B01;1;7;0;2;8;15;1;
202000008235;154 727 761;A01;2;14;0;2;1;1;1;
202000008236;154 727 759;A01;3;1;0;0;1;0;5;
202000008237;154 727 758;A01;1;7;0;1;3;1;1;
202000008238;154 727 756;B01;2;7;0;2;6;2;1;
202000008238;154 727 757;A01;2;10;0;2;2;2;1;
202000008239;154 727 755;A01;2;7;0;1;1;1;0;
202000008240;154 727 753;B01;1;7;0;2;8;9;1;
202000008240;154 727 754;A01;1;30;0;2;7;1;1;
202000008241;154 727 750;A01;1;7;0;0;1;15;1;
202000008241;154 727 751;B01;2;1;0;2;1;1;5;
202000008241;154 727 752;C01;2;1;0;2;1;1;5;
202000008242;154 727 748;A01;1;7;0;1;4;24;1;
202000008242;154 727 749;B01;1;7;1;2;1;26;1;
202000008243;154 727 745;A01;3;7;0;2;3;13;1;
202000008243;154 727 746;B01;3;7;0;2;1;1;1;
202000008244;154 727 742;A01;3;2;0;0;3;0;1;
202000008245;154 727 741;A01;1;33;0;0;0;2;1;
202000008246;154 727 739;B01;3;31;0;2;3;1;1;
202000008246;154 727 740;A01;3;7;0;2;3;1;1;
202000008247;154 727 738;A01;1;33;0;0;7;1;0;
202000008248;154 727 737;A01;2;33;0;0;0;21;1;
202000008249;154 727 736;A01;2;7;2;0;1;14;1;
202000008250;154 727 734;A01;2;1;12;2;1;1;5;
202000008250;154 727 735;B01;1;10;0;2;3;17;1;
202000008251;154 727 732;B01;0;7;0;2;1;1;1;
202000008251;154 727 733;A01;0;7;0;2;7;19;1;
202000008252;154 727 731;A01;1;7;2;0;1;0;1;
202000008253;154 727 729;B01;1;1;0;0;6;2;5;
202000008253;154 727 730;A01;1;7;0;9;2;1;0;
202000008254;154 727 728;A01;1;33;11;0;7;1;1;
202000008255;154 727 726;A01;1;7;0;0;7;15;1;
202000008255;154 727 727;B01;2;33;0;2;1;1;1;
202000008256;154 727 725;A01;0;2;1;0;1;14;1;
202000008257;154 727 724;A01;3;7;6;1;2;26;1;
202000008258;154 727 723;A01;1;7;15;0;9;1;1;
202000008259;154 727 721;A01;0;7;0;2;3;15;0;
202000008259;154 727 722;B01;0;7;8;2;2;17;0;
202000008260;154 727 719;B01;2;2;0;0;1;5;1;
202000008260;154 727 720;A01;1;7;0;0;3;1;1;
202000008261;154 727 717;B01;2;7;0;0;6;1;0;
202000008261;154 727 718;A01;2;7;0;2;1;1;0;
202000008262;154 727 715;B01;3;33;0;2;1;1;0;
202000008262;154 727 716;A01;3;7;0;2;1;1;0;
202000008263;154 727 714;A01;1;7;2;0;1;13;1;
202000008264;154 727 712;A01;1;7;0;2;3;15;1;
202000008264;154 727 713;B01;1;15;0;2;1;1;1;
202000008265;154 727 711;A01;1;7;13;0;1;1;1;
202000008266;154 727 710;A01;1;15;3;0;1;1;1;
202000008267;154 727 709;A01;3;7;0;1;7;16;6;
202000008268;154 727 706;A01;1;7;17;0;1;12;1;
202000008269;154 727 704;A01;2;7;0;2;2;19;1;
202000008269;154 727 705;B01;2;33;0;0;8;1;0;
202000008270;154 727 703;A01;1;7;0;1;1;1;1;
202000008271;154 727 701;A01;0;31;0;2;1;13;1;
202000008271;154 727 702;B01;0;3;0;2;3;1;1;
202000008272;154 727 699;A01;2;7;0;0;8;0;1;
202000008272;154 727 700;B01;2;14;1;0;2;1;1;
202000008273;154 727 697;A01;2;14;0;2;5;15;1;
202000008273;154 727 698;B01;1;1;0;2;2;1;5;
202000008274;154 727 696;A01;1;10;13;0;3;0;1;
202000008275;154 727 694;B01;1;15;0;0;4;2;1;
202000008275;154 727 695;A01;1;7;0;2;4;2;1;
202000008276;154 727 691;C01;2;15;0;0;6;2;1;
202000008276;154 727 692;B01;2;7;0;2;1;2;1;
202000008276;154 727 693;A01;2;7;0;2;1;2;1;
202000008277;154 727 690;A01;0;15;0;1;1;1;6;
202000008278;154 727 688;B01;1;32;0;2;1;1;1;
202000008278;154 727 689;A01;2;7;0;2;3;9;1;
202000008279;154 727 687;A01;1;2;0;0;8;1;1;
202000008280;154 727 685;B01;1;7;0;2;3;9;1;
202000008280;154 727 686;A01;2;33;0;0;5;2;1;
202000008281;154 727 684;A01;2;7;0;1;2;0;1;
202000008282;154 727 682;B01;1;7;0;2;1;2;1;
202000008282;154 727 683;A01;1;7;0;2;4;2;1;
202000008283;154 727 681;A01;1;14;0;1;0;26;0;
202000008284;154 727 680;A01;1;2;1;0;1;1;1;
202000008285;154 727 678;B01;3;1;0;2;8;0;5;
202000008285;154 727 679;A01;3;32;0;9;1;0;1;
202000008286;154 727 677;A01;1;30;0;0;0;1;1;
202000008287;154 727 676;A01;1;30;0;1;1;1;1;
202000008288;154 727 674;A01;2;1;0;2;1;26;5;
202000008288;154 727 675;B01;3;7;0;2;3;0;1;
202000008289;154 727 672;A01;2;2;1;2;1;1;1;
202000008289;154 727 673;Z01;1;7;0;2;1;1;0;
202000008290;154 727 670;B01;1;7;0;9;8;15;1;
202000008290;154 727 671;A01;2;50;0;2;1;1;3;
202000008291;154 727 668;A01;2;7;6;0;1;9;0;
202000008291;154 727 669;B01;2;7;0;2;1;0;0;
202000008292;154 727 666;B01;1;1;0;2;6;19;5;
202000008292;154 727 667;A01;1;7;0;9;2;1;1;
202000008293;154 727 665;A01;2;36;12;0;1;15;1;
202000008294;154 727 662;A01;1;7;0;2;1;13;1;
202000008294;154 727 663;B01;2;7;0;2;8;21;1;
202000008294;154 727 664;C01;2;7;0;2;3;21;1;
202000008295;154 727 661;A01;3;7;0;1;1;1;0;
202000008296;154 727 659;B01;3;7;0;2;5;1;1;
202000008296;154 727 660;A01;3;10;0;2;3;9;1;
202000008297;154 727 657;A01;3;7;0;2;1;2;1;
202000008297;154 727 658;B01;3;7;0;2;4;2;1;
202000008298;154 727 655;B01;1;10;6;2;0;21;1;
202000008298;154 727 656;A01;1;10;0;2;1;1;1;
202000008299;154 727 653;B01;3;7;0;2;3;1;1;
202000008299;154 727 654;A01;3;7;0;2;2;1;1;
202000008300;154 727 652;A01;1;7;15;0;1;1;1;
202000008301;154 727 651;A01;2;7;0;1;1;1;1;
202000008302;154 727 649;B01;1;7;0;2;3;15;1;
202000008302;154 727 650;A01;1;30;0;2;5;17;1;
202000008303;154 727 647;A01;2;10;0;2;0;15;1;
202000008303;154 727 648;B01;1;2;0;2;0;18;1;
202000008304;154 727 644;A01;2;7;0;2;4;23;1;
202000008304;154 727 645;B01;2;7;1;2;4;23;1;
202000008304;154 727 646;C01;2;37;1;2;1;2;1;1
202000008305;154 727 642;A01;3;50;0;2;1;19;3;
202000008305;154 727 643;B01;3;7;0;9;8;1;1;
202000008306;154 727 640;B01;2;7;0;2;4;23;1;
202000008306;154 727 641;A01;2;30;0;2;1;1;1;
202000008307;154 727 639;A01;2;7;0;1;3;21;1;
202000008308;154 727 637;B01;3;7;0;2;2;2;1;
202000008308;154 727 638;A01;3;7;0;2;3;9;1;
202000008309;154 727 636;A01;2;7;0;1;1;1;1;
202000008310;154 727 635;A01;1;7;0;1;0;9;1;
202000008311;154 727 633;A01;3;7;0;2;3;1;1;
202000008311;154 727 634;B01;3;7;0;2;7;16;1;
202000008312;154 727 631;B01;1;1;0;2;8;9;5;
202000008312;154 727 632;A01;1;10;0;2;2;9;1;
202000008313;154 727 630;A01;1;7;0;1;4;20;1;
202000008314;154 727 629;A01;1;7;0;1;1;1;1;
202000008315;154 727 627;B01;1;7;0;2;7;15;1;
202000008315;154 727 628;A01;2;7;0;2;1;1;1;
202000008316;154 727 625;A01;1;7;0;2;3;9;1;
202000008316;154 727 626;B01;1;7;0;2;1;1;1;
202000008317;154 727 622;A01;2;7;0;2;3;9;1;
202000008317;154 727 623;B01;2;1;0;2;2;1;5;
202000008318;154 727 620;B01;1;1;0;2;1;1;5;
202000008318;154 727 621;A01;2;7;0;2;1;15;1;
202000008319;154 727 618;B01;3;14;0;2;1;1;1;
202000008319;154 727 619;A01;3;7;0;2;2;17;1;
202000008320;154 727 615;C01;2;7;0;2;0;1;1;
202000008320;154 727 616;B01;2;7;0;2;6;1;1;
202000008320;154 727 617;A01;2;7;0;2;1;17;1;
202000008321;154 727 613;A01;3;30;1;0;7;1;1;
202000008322;154 727 612;PA01;1;7;0;1;1;1;1;
202000008323;154 727 611;A01;1;7;0;1;1;1;1;
202000008324;154 727 609;B01;2;7;0;2;1;1;1;
202000008324;154 727 610;A01;1;33;0;2;1;13;1;
202000008325;154 727 607;B01;2;1;1;0;1;1;0;
202000008325;154 727 608;A01;2;7;0;2;3;24;1;
202000008326;154 727 605;B01;2;10;0;2;7;0;1;
202000008326;154 727 606;A01;2;33;0;2;8;2;1;
202000008327;154 727 603;B01;2;7;0;2;3;1;1;
202000008327;154 727 604;A01;1;7;0;2;8;2;1;
202000008328;154 727 601;A01;1;7;0;2;3;9;1;
202000008328;154 727 602;B01;1;1;0;2;1;1;5;
202000008329;154 727 599;Z01;2;7;0;2;3;9;0;
202000008329;154 727 600;B01;2;1;0;2;2;1;0;
202000008330;154 727 597;B01;1;32;0;2;0;0;1;
202000008330;154 727 598;A01;1;7;0;2;8;11;1;
202000008331;154 727 595;Z01;0;7;0;2;0;26;0;
202000008331;154 727 596;A01;1;1;0;2;4;1;5;
202000008332;154 727 593;B01;1;1;0;2;0;19;5;
202000008332;154 727 594;A01;1;7;0;2;2;15;1;
202000008333;154 727 592;A01;2;7;0;1;3;1;1;
202000008334;154 727 591;A01;1;30;0;0;0;1;1;
202000008335;154 727 589;Z01;0;7;0;2;7;0;1;
202000008335;154 727 590;B01;3;10;0;2;1;1;1;
202000008336;154 727 588;A01;1;7;9;0;1;1;1;
202000008337;154 727 587;Z01;1;30;0;1;1;1;0;
202000008338;154 727 586;A01;1;7;0;1;3;1;1;
202000008339;154 727 584;B01;3;10;0;2;4;2;1;
202000008339;154 727 585;A01;3;7;0;2;1;1;5;
202000008340;154 727 582;A01;3;7;0;2;1;1;1;
202000008340;154 727 583;B01;3;7;0;2;7;1;1;
202000008341;154 727 580;A01;1;33;0;2;1;1;1;
202000008341;154 727 581;B01;1;7;0;2;3;15;1;
202000008342;154 727 578;B01;1;7;0;2;3;0;6;
202000008342;154 727 579;A01;3;7;0;2;3;15;6;
202000008343;154 727 577;A01;1;7;4;0;4;14;1;
202000008344;154 727 575;B01;1;7;0;2;3;9;1;
202000008344;154 727 576;A01;1;7;0;2;2;1;1;
202000008345;154 727 573;B01;1;50;0;2;1;1;3;
202000008345;154 727 574;A01;1;7;0;2;5;16;1;
202000008346;154 727 571;A01;2;10;0;2;8;9;1;
202000008346;154 727 572;B01;2;30;0;2;2;1;1;
202000008347;154 727 570;A01;3;1;0;0;1;1;5;
202000008348;154 727 569;A01;2;34;14;1;1;17;6;
202000008349;154 727 566;C01;3;7;1;0;1;0;1;
202000008349;154 727 567;B01;3;7;16;0;5;26;1;
202000008349;154 727 568;A01;1;7;1;2;1;5;1;
202000008350;154 727 564;B01;2;30;1;0;1;17;0;
202000008350;154 727 565;A01;1;7;0;0;3;1;0;
202000008351;154 727 561;A01;1;10;1;2;3;1;0;
202000008351;154 727 562;C01;2;10;1;0;0;0;0;
202000008351;154 727 563;B01;2;10;1;2;0;0;0;
202000008352;154 727 559;B01;-1;7;1;2;1;17;3;
202000008352;154 727 560;A01;-1;7;0;2;3;15;1;
202000008353;154 727 557;A01;1;33;0;2;1;1;1;
202000008353;154 727 558;B01;1;7;0;2;2;15;1;
202000008354;154 727 556;A01;1;7;0;1;2;15;1;
202000008355;154 727 554;A01;3;7;6;2;1;19;1;
202000008355;154 727 555;B01;1;7;7;2;3;1;1;
202000008356;154 727 553;A01;2;7;6;0;1;1;1;
202000008357;154 727 552;A01;3;7;0;1;1;15;1;
202000008358;154 727 550;B01;0;2;0;0;0;0;1;
202000008358;154 727 551;A01;0;2;0;2;0;0;1;
202000008359;154 727 548;B01;1;7;0;2;1;1;1;
202000008359;154 727 549;A01;2;7;0;2;1;13;1;
202000008360;154 727 543;A01;2;7;0;2;7;2;1;
202000008360;154 727 544;B01;2;7;14;2;4;2;1;
202000008360;154 727 545;C01;2;7;14;2;1;2;1;
202000008360;154 727 546;D01;2;7;14;2;1;2;1;
202000008360;154 727 547;E01;2;7;14;2;1;2;1;
202000008361;154 727 542;A01;1;7;4;0;2;14;1;
202000008362;154 727 540;B01;2;7;0;2;4;2;1;
202000008362;154 727 541;A01;2;10;0;2;2;21;1;
202000008363;154 727 535;Z01;1;7;0;0;0;0;0;
202000008363;154 727 536;B01;1;7;0;2;1;2;1;
202000008363;154 727 537;A01;1;7;0;2;1;2;1;
202000008363;154 727 538;D01;1;7;0;2;4;0;1;
202000008363;154 727 539;C01;1;7;0;2;4;0;0;
202000008364;154 727 532;C01;1;7;0;2;4;2;1;
202000008364;154 727 533;A01;1;7;0;2;1;2;1;
202000008364;154 727 534;B01;1;7;0;2;1;2;1;
202000008365;154 727 531;A01;2;7;4;0;1;1;1;
202000008366;154 727 530;A01;1;7;12;0;2;1;1;
202000008367;154 727 527;C01;2;7;0;2;4;1;1;
202000008367;154 727 528;A01;2;7;0;2;1;1;1;
202000008367;154 727 529;B01;2;7;0;2;9;1;1;
202000008368;154 727 525;A01;3;7;0;0;0;26;1;
202000008368;154 727 526;B01;3;7;0;0;0;0;1;
202000008369;154 727 524;A01;2;7;3;0;8;13;1;
202000008370;154 727 521;A01;1;7;0;2;1;1;1;
202000008370;154 727 522;B01;1;7;0;2;4;2;1;
202000008370;154 727 523;C01;1;10;0;2;4;2;1;
202000008371;154 727 519;A01;2;7;0;2;1;9;1;
202000008371;154 727 520;B01;2;7;3;0;4;9;1;
202000008372;154 727 518;A01;1;14;3;0;1;21;1;
202000008373;154 727 517;A01;2;10;4;0;3;1;1;
202000008374;154 727 516;A01;2;7;4;0;6;13;1;
202000008375;154 727 514;B01;1;7;0;2;4;2;1;
202000008375;154 727 515;A01;1;7;0;2;1;1;1;
202000008376;154 727 512;B01;1;7;0;2;1;1;1;
202000008376;154 727 513;A01;1;7;0;2;6;2;1;
202000008377;154 727 511;A01;1;7;3;0;1;1;1;
202000008378;154 727 509;B01;1;7;0;2;6;24;1;
202000008378;154 727 510;A01;1;10;1;2;2;1;1;
202000008379;154 727 508;A01;3;7;0;1;3;1;1;
202000008380;154 727 506;A01;1;10;0;2;7;15;1;
202000008380;154 727 507;EB01;1;34;0;2;1;1;1;
202000008381;154 727 504;A01;1;32;0;9;0;17;1;
202000008381;154 727 505;B01;1;14;0;9;0;23;1;
202000008382;154 727 502;A01;2;7;0;2;8;13;1;
202000008382;154 727 503;B01;1;2;0;2;1;17;1;
202000008383;154 727 500;A01;1;7;0;2;8;1;1;
202000008383;154 727 501;B01;1;2;0;0;0;0;0;
202000008384;154 727 498;B01;2;7;0;2;3;1;1;
202000008384;154 727 499;A01;1;2;0;2;1;13;1;
202000008385;154 727 496;A01;1;7;0;2;8;1;1;
202000008385;154 727 497;B01;1;34;0;2;1;17;1;
202000008386;154 727 495;A01;0;33;0;4;0;26;1;
202000008387;154 727 494;A01;2;10;0;1;5;14;0;
202000008388;154 727 492;B01;1;7;0;9;4;1;1;
202000008388;154 727 493;A01;1;1;0;2;1;2;5;
202000008389;154 727 491;A01;0;30;0;0;0;2;1;
202000008390;154 727 489;A01;3;7;0;2;1;1;1;
202000008390;154 727 490;B01;3;7;0;2;4;1;1;
202000008391;154 727 487;A01;1;2;0;2;1;21;6;
202000008391;154 727 488;B01;1;7;0;2;4;1;6;
202000008392;154 727 485;A01;3;15;0;2;1;1;1;
202000008392;154 727 486;B01;3;7;0;2;8;19;1;
202000008393;154 727 484;A01;1;33;0;1;3;21;1;
202000008394;154 727 482;A01;2;30;0;2;2;5;1;
202000008394;154 727 483;B01;1;10;0;2;1;1;1;
202000008395;154 727 480;B01;3;7;0;2;3;2;1;
202000008395;154 727 481;A01;3;32;0;2;1;26;1;
202000008396;154 727 478;B01;2;7;0;2;1;1;0;
202000008396;154 727 479;A01;1;7;0;2;7;1;0;
202000008397;154 727 476;B01;2;10;0;2;2;1;1;
202000008397;154 727 477;A01;2;7;0;2;3;10;1;
202000008398;154 727 474;A01;0;10;0;2;3;19;1;
202000008398;154 727 475;B01;3;10;0;2;1;1;1;
202000008399;154 727 473;A01;3;1;12;0;1;14;5;
202000008400;154 727 471;B01;2;7;0;2;4;1;1;
202000008400;154 727 472;A01;2;7;0;2;1;1;1;
202000008401;154 727 469;B01;3;50;0;2;7;1;3;
202000008401;154 727 470;A01;3;7;0;2;3;9;1;
202000008402;154 727 468;A01;1;7;0;1;1;15;1;
202000008403;154 727 466;B01;2;7;0;2;8;1;1;
202000008403;154 727 467;A01;2;7;0;2;7;14;1;
202000008404;154 727 464;A01;1;7;0;2;1;26;1;
202000008404;154 727 465;B01;1;7;0;2;8;26;1;
202000008405;154 727 462;B01;1;7;0;2;3;1;1;
202000008405;154 727 463;A01;1;7;0;2;3;15;1;
202000008406;154 727 459;A01;1;7;0;2;1;2;0;
202000008406;154 727 460;B01;1;7;0;2;4;2;6;
202000008406;154 727 461;C01;1;7;16;0;4;2;6;
202000008407;154 727 457;B01;0;2;0;2;1;1;1;
202000008407;154 727 458;A01;0;7;0;2;3;15;1;
202000008408;154 727 455;B01;0;7;0;2;1;1;1;
202000008408;154 727 456;A01;0;7;0;2;1;1;1;
202000008409;154 727 454;A01;1;7;0;1;4;20;1;
202000008410;154 727 452;B01;1;37;0;2;3;1;1;5
202000008410;154 727 453;A01;1;7;0;2;7;16;1;
202000008411;154 727 450;A01;1;10;0;2;1;9;1;
202000008411;154 727 451;B01;1;7;0;2;4;9;0;
202000008412;154 727 449;A01;2;7;8;0;1;14;1;
202000008413;154 727 448;A01;1;7;0;0;2;21;1;
202000008414;154 727 447;A01;3;7;8;0;1;26;1;
202000008415;154 727 445;A01;0;1;0;2;0;0;5;
202000008415;154 727 446;Z01;0;7;0;2;0;0;0;
202000008416;154 727 443;A01;2;7;0;2;1;9;1;
202000008416;154 727 444;B01;2;7;0;2;6;1;1;
202000008417;154 727 441;A01;3;1;0;2;7;0;5;
202000008417;154 727 442;B01;3;1;0;2;8;0;5;
202000008418;154 727 439;A01;3;7;0;1;3;1;1;
202000008419;154 727 436;C01;2;7;0;2;3;1;1;
202000008419;154 727 437;B01;1;7;0;2;1;1;1;
202000008419;154 727 438;A01;1;7;0;2;7;15;1;
202000008420;154 727 434;B01;1;7;0;2;4;2;1;
202000008420;154 727 435;A01;1;30;0;2;1;2;1;
202000008421;154 727 432;Z01;1;3;0;2;0;1;0;
202000008421;154 727 433;A01;1;34;0;2;0;2;1;
202000008422;154 727 431;A01;1;10;0;1;3;15;1;
202000008423;154 727 429;A01;1;7;0;2;1;26;1;
202000008423;154 727 430;B01;1;2;0;2;4;0;1;
202000008424;154 727 427;A01;1;10;0;2;0;0;1;
202000008424;154 727 428;B01;2;32;12;2;1;21;1;
202000008425;154 727 426;A01;1;10;0;1;3;2;1;
202000008426;154 727 425;A01;1;7;2;0;9;26;1;
202000008427;154 727 423;A01;1;7;0;2;3;9;1;
202000008427;154 727 424;B01;1;2;0;2;5;12;1;
202000008428;154 727 422;A01;2;3;8;0;1;1;1;
202000008429;154 727 420;B01;1;32;0;2;3;18;1;
202000008429;154 727 421;A01;1;7;0;2;5;16;1;
202000008430;154 727 418;B01;3;10;0;2;3;15;1;
202000008430;154 727 419;A01;3;34;0;2;1;17;1;
202000008431;154 727 416;A01;1;30;0;2;1;21;1;
202000008431;154 727 417;Z01;1;50;0;2;1;19;3;
202000008432;154 727 414;B01;2;7;0;2;3;1;1;
202000008432;154 727 415;A01;2;34;0;2;3;17;1;
202000008433;154 727 412;B01;1;7;0;2;1;1;1;
202000008433;154 727 413;A01;2;7;0;2;1;1;0;
202000008434;154 727 410;B01;1;7;0;2;8;9;1;
202000008434;154 727 411;A01;1;2;0;2;1;1;1;
202000008435;154 727 408;B01;3;37;0;2;2;0;1;1
202000008435;154 727 409;A01;3;7;0;2;3;9;1;
202000008436;154 727 407;A01;2;7;5;0;3;12;1;
202000008437;154 727 406;A01;1;0;0;1;1;16;0;
202000008438;154 727 405;A01;1;7;6;0;2;26;1;
202000008439;154 727 403;A01;3;7;1;0;8;15;1;
202000008439;154 727 404;B01;3;7;1;0;0;1;1;
202000008440;154 727 402;A01;0;10;0;1;4;26;0;
202000008441;154 727 400;B01;1;2;0;2;7;0;0;
202000008441;154 727 401;A01;1;7;0;2;1;26;6;
202000008442;154 727 399;A01;3;1;0;0;0;1;5;
202000008443;154 727 397;B01;3;7;0;2;6;19;0;
202000008443;154 727 398;A01;3;33;0;2;1;1;1;
202000008444;154 727 395;B01;1;32;0;2;8;1;1;
202000008444;154 727 396;A01;1;34;0;2;1;1;1;
202000008445;154 727 393;B01;2;7;0;2;2;1;1;
202000008445;154 727 394;A01;1;30;0;2;7;1;1;
202000008446;154 727 391;B01;2;2;0;2;2;1;1;
202000008446;154 727 392;A01;2;10;0;2;8;15;1;
202000008447;154 727 389;B01;3;60;0;2;4;13;5;
202000008447;154 727 390;A01;1;34;0;2;1;17;0;
202000008448;154 727 388;A01;1;7;0;1;1;0;1;