num_acc;id_vehicule;num_veh;senc;catv;obs;obsm;choc;manv;motor;occutc
202000008449;154 727 386;B01;2;7;0;2;2;2;1;
202000008449;154 727 387;A01;1;7;0;2;7;19;1;
202000008450;154 727 385;A01;2;7;0;1;1;26;1;
202000008451;154 727 383;A01;3;7;0;2;3;5;6;
202000008451;154 727 384;B01;3;32;0;2;1;1;0;
202000008452;154 727 382;A01;1;33;0;0;9;14;1;
202000008453;154 727 381;A01;2;7;13;0;2;1;1;
202000008454;154 727 380;A01;2;7;0;1;3;1;1;
202000008455;154 727 379;A01;2;7;13;0;1;1;1;
202000008456;154 727 378;A01;1;33;0;0;8;1;1;
202000008457;154 727 377;A01;1;7;16;0;9;1;1;
202000008458;154 727 375;A01;1;7;0;2;1;17;0;
202000008458;154 727 376;B01;2;7;0;2;1;1;0;
202000008459;154 727 374;A01;3;7;9;9;7;0;1;
202000008460;154 727 371;B01;1;10;0;2;3;1;1;
202000008460;154 727 372;C01;2;10;0;2;3;1;1;
202000008460;154 727 373;A01;2;21;0;2;0;1;1;
202000008461;154 727 370;A01;0;2;0;0;0;0;1;
202000008462;154 727 369;A01;0;2;0;0;0;1;1;
202000008463;154 727 367;A01;3;7;0;2;1;19;1;
202000008463;154 727 368;B01;1;99;8;0;8;1;1;
202000008464;154 727 366;A01;1;7;3;0;2;1;1;
202000008465;154 727 364;A01;1;7;0;2;5;13;1;
202000008465;154 727 365;B01;2;10;0;2;2;1;1;
202000008466;154 727 363;A01;3;7;0;1;2;0;1;
202000008467;154 727 361;A01;3;7;0;9;1;13;1;
202000008467;154 727 362;B01;3;1;0;0;1;1;5;
202000008468;154 727 360;A01;1;31;14;0;8;1;0;
202000008469;154 727 359;A01;0;10;0;1;3;1;0;
202000008470;154 727 357;A01;2;30;0;2;1;15;1;
202000008470;154 727 358;B01;1;7;0;2;2;1;1;
202000008471;154 727 355;B01;2;7;0;0;3;1;1;
202000008471;154 727 356;A01;3;7;0;2;1;19;1;
202000008472;154 727 349;C01;2;7;0;2;1;1;1;
202000008472;154 727 350;B01;2;7;0;2;8;1;1;
202000008472;154 727 351;A01;2;7;0;2;1;17;1;
202000008473;154 727 347;B01;2;7;0;2;1;1;1;
202000008473;154 727 348;A01;3;7;0;2;8;19;1;
202000008474;154 727 345;B01;3;2;0;2;1;21;1;
202000008474;154 727 346;A01;3;7;0;2;8;21;1;
202000008475;154 727 344;A01;2;7;0;1;1;1;1;
202000008476;154 727 342;A01;1;10;0;2;1;9;1;
202000008476;154 727 343;B01;1;2;0;2;1;1;1;
202000008477;154 727 341;A01;1;7;0;1;0;9;2;
202000008478;154 727 339;B01;0;33;0;2;8;1;1;
202000008478;154 727 340;A01;0;10;0;2;2;19;1;
202000008479;154 727 336;A01;1;10;0;2;1;5;1;
202000008479;154 727 337;C01;2;7;0;2;1;1;1;
202000008479;154 727 338;B01;2;7;0;2;3;1;1;
202000008480;154 727 335;A01;1;7;0;1;1;1;1;
202000008481;154 727 333;B01;1;2;0;2;1;1;1;
202000008481;154 727 334;A01;2;7;0;2;1;5;1;
202000008482;154 727 331;B01;2;7;0;2;7;1;1;
202000008482;154 727 332;A01;2;30;0;2;1;19;1;
202000008483;154 727 330;Z01;1;7;0;1;1;1;0;
202000008484;154 727 329;A01;1;7;15;0;9;13;1;
202000008485;154 727 328;A01;1;37;0;1;5;1;1;1
202000008486;154 727 326;A01;1;7;0;9;8;19;1;
202000008486;154 727 327;B01;1;50;0;2;1;1;3;
202000008487;154 727 325;A01;3;7;0;1;1;15;1;
202000008488;154 727 323;A01;0;1;0;2;8;1;5;
202000008488;154 727 324;B01;3;37;0;2;2;1;1;1
202000008489;154 727 321;A01;1;10;0;9;3;1;0;
202000008489;154 727 322;B01;1;1;0;2;2;1;5;
202000008490;154 727 320;A01;1;30;0;0;0;0;1;
202000008491;154 727 318;A01;1;7;0;2;0;0;1;
202000008491;154 727 319;B01;1;7;0;2;0;0;1;
202000008492;154 727 314;C01;3;7;0;1;1;2;1;
202000008492;154 727 315;D01;3;7;0;1;1;2;0;
202000008492;154 727 316;E01;3;7;0;2;1;2;1;
202000008492;154 727 317;A01;3;7;12;0;1;1;1;
202000008493;154 727 312;A01;3;30;0;2;1;1;1;
202000008493;154 727 313;B01;0;7;0;0;4;26;1;
202000008494;154 727 311;A01;0;30;0;0;2;0;1;
202000008495;154 727 309;B01;2;2;0;0;1;1;1;
202000008495;154 727 310;A01;1;7;0;2;1;15;1;
202000008496;154 727 307;A01;0;7;0;2;3;9;1;
202000008496;154 727 308;B01;0;1;0;0;7;19;5;
202000008497;154 727 306;A01;1;7;0;1;2;1;2;
202000008498;154 727 304;B01;2;33;0;2;1;15;1;
202000008498;154 727 305;A01;1;7;0;2;5;1;1;
202000008499;154 727 302;A01;1;7;0;2;3;13;1;
202000008499;154 727 303;B01;2;15;0;0;6;1;1;
202000008500;154 727 301;A01;1;30;0;0;7;1;1;
202000008501;154 727 299;B01;3;33;15;2;1;1;1;
202000008501;154 727 300;A01;3;7;0;2;7;12;1;
202000008502;154 727 298;A01;1;7;0;1;1;1;1;
202000008503;154 727 296;A01;1;7;0;2;2;19;0;
202000008503;154 727 297;B01;1;7;0;2;3;26;0;
202000008504;154 727 294;A01;3;7;0;2;2;15;1;
202000008504;154 727 295;B01;1;32;0;2;1;2;1;
202000008505;154 727 292;A01;1;7;0;2;8;26;1;
202000008505;154 727 293;B01;1;34;0;2;1;2;1;
202000008506;154 727 290;B01;2;7;0;2;3;0;1;
202000008506;154 727 291;A01;1;7;0;2;1;13;1;
202000008507;154 727 288;B01;1;7;0;2;0;0;1;
202000008507;154 727 289;A01;2;7;0;2;2;15;1;
202000008508;154 727 286;A01;2;7;0;2;3;13;1;
202000008508;154 727 287;B01;1;7;0;2;3;1;1;
202000008509;154 727 284;A01;1;7;0;2;1;20;1;
202000008509;154 727 285;B01;2;1;0;2;2;1;5;
202000008510;154 727 283;A01;1;7;9;0;2;1;1;
202000008511;154 727 279;C01;1;33;0;2;2;3;1;
202000008511;154 727 280;B01;1;7;0;2;2;1;1;
202000008511;154 727 281;A01;1;10;0;2;3;11;1;
202000008511;154 727 282;D01;1;10;0;2;7;1;1;
202000008512;154 727 277;A01;2;32;0;2;1;17;1;
202000008512;154 727 278;B01;2;7;0;2;3;15;1;
202000008513;154 727 275;A01;1;7;0;2;3;15;1;
202000008513;154 727 276;B01;2;1;0;2;3;1;5;
202000008514;154 727 274;A01;2;1;0;1;1;1;5;
202000008515;154 727 272;B01;1;1;0;2;1;1;5;
202000008515;154 727 273;A01;2;7;0;2;3;15;1;
202000008516;154 727 270;A01;2;30;0;2;3;2;1;
202000008516;154 727 271;B01;2;7;0;2;5;2;2;
202000008517;154 727 268;A01;1;1;0;2;2;15;5;
202000008517;154 727 269;B01;2;32;0;2;1;1;1;
202000008518;154 727 266;B01;1;7;0;2;6;15;1;
202000008518;154 727 267;A01;1;30;0;2;1;1;1;
202000008519;154 727 264;B01;2;32;0;2;2;1;1;
202000008519;154 727 265;A01;2;7;0;2;3;9;1;
202000008520;154 727 263;Z01;1;7;0;1;4;4;1;
202000008521;154 727 262;A01;1;1;14;0;1;13;5;
202000008522;154 727 261;A01;1;80;14;0;7;13;3;
202000008523;154 727 259;B01;1;7;0;2;4;2;1;
202000008523;154 727 260;A01;1;7;0;2;1;1;1;
202000008524;154 727 258;A01;2;30;0;0;7;0;1;
202000008525;154 727 256;B01;1;7;0;2;1;1;0;
202000008525;154 727 257;A01;0;7;0;2;7;0;1;
202000008526;154 727 254;A01;0;10;0;2;1;1;0;
202000008526;154 727 255;B01;0;7;0;2;4;1;1;
202000008527;154 727 252;A01;1;7;0;2;0;0;0;
202000008527;154 727 253;B01;1;10;0;0;0;0;0;
202000008528;154 727 250;A01;-1;7;0;2;5;0;0;
202000008528;154 727 251;B01;-1;33;0;2;1;2;0;
202000008529;154 727 249;A01;1;7;12;1;3;1;0;
202000008530;154 727 248;A01;1;7;0;1;1;1;1;
202000008531;154 727 247;A01;3;32;1;0;0;21;1;
202000008532;154 727 245;B01;1;32;0;2;2;1;1;
202000008532;154 727 246;A01;1;1;0;2;3;15;5;
202000008533;154 727 243;A01;2;10;0;2;1;13;3;
202000008533;154 727 244;B01;1;30;0;2;1;1;1;
202000008534;154 727 241;B01;2;7;0;2;2;1;1;
202000008534;154 727 242;A01;2;33;0;2;1;17;1;
202000008535;154 727 240;A01;1;7;2;0;1;1;1;
202000008536;154 727 239;A01;3;7;2;0;8;1;1;
202000008537;154 727 237;A01;1;7;0;9;2;1;1;
202000008537;154 727 238;B01;1;1;0;2;4;1;2;
202000008538;154 727 236;A01;2;10;7;1;2;2;0;
202000008539;154 727 235;A01;0;7;0;1;2;1;1;
202000008540;154 727 233;A01;2;10;6;0;3;13;1;
202000008541;154 727 231;A01;1;7;0;2;1;0;1;
202000008541;154 727 232;B01;2;7;0;2;1;0;1;
202000008542;154 727 230;A01;1;7;3;0;1;1;1;
202000008543;154 727 228;B01;2;2;0;2;1;1;0;
202000008543;154 727 229;A01;2;7;0;2;3;9;0;
202000008544;154 727 226;B01;2;7;0;2;8;15;0;
202000008544;154 727 227;A01;2;7;0;2;2;1;6;
202000008545;154 727 225;A01;1;14;16;0;1;13;1;
202000008546;154 727 222;A01;2;7;13;2;1;13;1;
202000008546;154 727 223;B01;1;17;0;2;1;1;1;
202000008546;154 727 224;C01;1;7;0;2;1;1;1;
202000008547;154 727 221;A01;2;2;0;0;9;1;1;
202000008548;154 727 220;A01;2;7;2;0;1;1;1;
202000008549;154 727 219;A01;2;7;2;0;1;13;1;
202000008550;154 727 218;A01;1;10;2;0;1;13;1;
202000008551;154 727 217;A01;3;7;2;0;3;14;1;
202000008552;154 727 215;B01;1;7;0;2;7;1;1;
202000008552;154 727 216;A01;1;7;0;2;1;19;1;
202000008553;154 727 213;A01;2;2;0;2;8;13;0;
202000008553;154 727 214;B01;1;7;0;2;3;1;0;
202000008554;154 727 211;A01;1;7;0;2;2;15;1;
202000008554;154 727 212;B01;2;1;0;2;1;1;5;
202000008555;154 727 209;B01;1;33;0;2;1;1;1;
202000008555;154 727 210;A01;2;7;0;2;5;15;3;
202000008556;154 727 207;B01;2;10;0;0;3;15;1;
202000008556;154 727 208;A01;2;33;0;0;2;17;1;
202000008557;154 727 206;A01;1;7;13;0;1;14;1;
202000008558;154 727 204;A01;1;7;0;2;3;13;1;
202000008558;154 727 205;B01;2;7;0;2;3;1;1;
202000008559;154 727 203;A01;2;2;0;0;7;1;1;
202000008560;154 727 202;A01;1;31;0;0;0;1;1;
202000008561;154 727 201;A01;1;2;0;0;7;1;1;
202000008562;154 727 200;A01;1;1;1;0;8;14;5;
202000008563;154 727 199;A01;1;21;1;1;2;1;0;
202000008564;154 727 198;A01;3;7;0;6;1;1;1;
202000008565;154 727 197;A01;2;7;13;0;2;1;1;
202000008566;154 727 195;B01;0;13;0;2;3;1;1;
202000008566;154 727 196;A01;0;3;0;2;1;13;1;
202000008567;154 727 194;A01;2;7;6;0;4;1;1;
202000008568;154 727 192;B01;1;7;0;2;1;1;1;
202000008568;154 727 193;A01;2;7;0;2;2;13;1;
202000008569;154 727 190;B01;2;33;0;2;1;1;1;
202000008569;154 727 191;A01;1;7;0;2;2;15;1;
202000008570;154 727 189;A01;2;2;0;1;1;21;1;
202000008571;154 727 188;A01;1;7;2;0;1;1;1;
202000008572;154 727 187;A01;2;7;14;1;1;1;1;
202000008573;154 727 185;B01;1;7;0;0;4;1;1;
202000008573;154 727 186;A01;1;10;0;2;1;1;1;
202000008574;154 727 184;A01;3;33;0;0;0;1;0;
202000008575;154 727 182;B01;2;99;4;0;8;1;0;
202000008575;154 727 183;A01;2;17;4;0;8;1;1;
202000008576;154 727 181;A01;2;7;2;0;7;1;1;
202000008577;154 727 179;B01;2;10;0;2;7;1;1;
202000008577;154 727 180;A01;2;30;0;2;7;16;1;
202000008578;154 727 177;B01;3;36;0;0;1;2;0;
202000008578;154 727 178;A01;3;7;0;0;4;2;0;
202000008579;154 727 175;A01;1;17;0;2;3;9;1;
202000008579;154 727 176;B01;1;7;0;2;7;1;1;
202000008580;154 727 174;A01;1;7;0;1;0;1;1;
202000008581;154 727 172;B01;2;30;0;2;1;3;1;
202000008581;154 727 173;A01;1;7;0;2;3;15;1;
202000008582;154 727 168;A01;1;7;0;2;3;20;1;
202000008582;154 727 169;B01;1;2;0;2;7;1;1;
202000008583;154 727 166;A01;2;31;0;2;0;1;1;
202000008583;154 727 167;B01;3;7;0;0;8;15;1;
202000008584;154 727 164;B01;-1;7;0;2;3;1;1;
202000008584;154 727 165;A01;0;7;0;2;3;1;1;
202000008585;154 727 163;A01;1;1;0;0;0;1;5;
202000008586;154 727 159;D01;2;7;0;9;0;2;1;
202000008586;154 727 160;C01;2;7;0;9;0;2;1;
202000008586;154 727 161;B01;2;14;0;2;1;2;1;
202000008586;154 727 162;A01;2;14;0;2;4;1;1;
202000008587;154 727 158;A01;1;7;2;0;1;14;1;
202000008588;154 727 156;A01;2;15;0;2;1;1;1;
202000008588;154 727 157;B01;2;7;0;2;4;1;1;
202000008589;154 727 154;B01;2;15;0;2;4;1;1;
202000008589;154 727 155;A01;2;10;0;2;1;1;1;
202000008590;154 727 152;B01;1;15;0;2;3;1;1;
202000008590;154 727 153;A01;1;7;0;2;2;0;1;
202000008591;154 727 150;A01;2;7;0;2;1;2;1;
202000008591;154 727 151;B01;2;7;0;2;4;2;1;
202000008592;154 727 146;A01;2;7;0;2;1;1;2;
202000008592;154 727 147;B01;2;7;0;2;4;23;1;
202000008593;154 727 143;C01;1;7;0;2;1;1;1;
202000008593;154 727 144;B01;2;7;0;2;4;15;1;
202000008593;154 727 145;A01;2;7;0;2;1;1;1;
202000008594;154 727 141;A01;1;99;0;2;5;16;6;
202000008594;154 727 142;B01;1;2;0;2;1;1;6;
202000008595;154 727 139;Z01;2;7;0;9;6;10;0;
202000008595;154 727 140;A01;2;33;0;2;1;1;1;
202000008596;154 727 137;A01;2;1;0;2;1;1;5;
202000008596;154 727 138;B01;2;7;0;9;3;1;1;
202000008597;154 727 135;B01;2;7;0;2;1;1;0;
202000008597;154 727 136;A01;2;7;0;2;4;15;0;
202000008598;154 727 133;B01;1;33;0;2;4;16;1;
202000008598;154 727 134;A01;1;7;0;2;2;2;1;
202000008599;154 727 131;A01;3;7;0;2;2;1;0;
202000008599;154 727 132;B01;3;10;0;2;3;20;0;
202000008600;154 727 129;A01;2;30;0;2;2;15;1;
202000008600;154 727 130;B01;2;7;0;2;3;16;1;
202000008601;154 727 127;A01;1;7;0;2;8;9;1;
202000008601;154 727 128;B01;1;7;0;2;2;1;1;
202000008602;154 727 126;A01;1;7;0;1;3;1;1;
202000008603;154 727 124;A01;1;30;0;2;1;15;1;
202000008603;154 727 125;C01;1;7;0;2;4;2;1;
202000008604;154 727 123;A01;0;7;0;1;3;15;1;
202000008605;154 727 121;B01;2;7;0;2;7;1;1;
202000008605;154 727 122;A01;1;7;0;2;1;9;1;
202000008606;154 727 120;A01;1;33;0;0;3;1;1;
202000008607;154 727 118;Z01;1;10;0;2;1;1;1;
202000008607;154 727 119;B01;1;30;0;2;4;23;1;
202000008608;154 727 117;A01;2;30;16;0;1;1;1;
202000008609;154 727 115;B01;2;7;0;2;1;1;1;
202000008609;154 727 116;A01;1;10;0;2;1;9;1;
202000008610;154 727 114;A01;1;7;8;0;1;1;1;
202000008611;154 727 112;B01;2;1;0;2;8;1;5;
202000008611;154 727 113;A01;2;7;0;2;7;17;1;
202000008612;154 727 111;A01;2;7;0;1;2;9;1;
202000008613;154 727 109;B01;1;7;0;9;1;1;1;
202000008613;154 727 110;A01;2;99;0;2;8;25;3;
202000008614;154 727 108;A01;3;7;0;1;3;15;1;
202000008615;154 727 106;A01;1;7;0;2;1;13;1;
202000008615;154 727 107;B01;2;7;0;2;1;1;1;
202000008616;154 727 104;B01;1;1;0;2;1;1;5;
202000008616;154 727 105;A01;1;7;0;2;3;9;1;
202000008617;154 727 103;A01;2;7;0;1;8;1;1;
202000008618;154 727 102;Z01;3;7;0;1;0;0;0;
202000008619;154 727 101;A01;1;33;0;1;0;0;1;
202000008620;154 727 099;A01;1;1;0;2;8;19;5;
202000008620;154 727 100;B01;1;7;0;2;6;1;1;
202000008621;154 727 097;A01;1;7;0;2;0;1;1;
202000008621;154 727 098;B01;1;30;0;2;0;0;1;
202000008622;154 727 095;B01;3;1;0;2;8;15;5;
202000008622;154 727 096;A01;3;99;0;2;1;1;1;
202000008623;154 727 093;A01;1;7;0;2;2;15;1;
202000008623;154 727 094;B01;1;1;0;2;1;1;5;
202000008624;154 727 091;B01;1;37;0;2;2;1;1;1
202000008624;154 727 092;A01;1;7;0;2;3;15;2;
202000008625;154 727 090;A01;1;34;11;0;1;26;1;
202000008626;154 727 088;B01;1;31;0;2;4;1;1;
202000008626;154 727 089;A01;1;7;0;2;1;1;1;
202000008627;154 727 087;A01;1;33;0;1;1;1;1;
202000008628;154 727 083;B01;0;7;0;2;2;24;1;
202000008628;154 727 084;A01;0;7;0;2;1;13;1;
202000008629;154 727 081;B01;0;7;0;2;3;1;1;
202000008629;154 727 082;A01;0;7;0;2;2;1;1;
202000008630;154 727 079;A01;2;33;0;0;8;15;1;
202000008631;154 727 077;A01;3;7;0;2;3;15;1;
202000008631;154 727 078;B01;3;2;0;2;1;17;1;
202000008632;154 727 075;B01;1;10;0;2;3;1;1;
202000008632;154 727 076;A01;1;10;0;2;1;1;1;
202000008633;154 727 073;A01;1;33;0;2;1;26;0;
202000008633;154 727 074;B01;2;7;0;0;8;15;6;
202000008634;154 727 072;A01;0;32;0;1;1;0;1;
202000008635;154 727 071;A01;2;7;0;1;1;0;1;
202000008636;154 727 070;A01;1;7;0;0;1;17;0;
202000008637;154 727 069;A01;2;7;0;1;1;1;1;
202000008638;154 727 067;A01;1;7;8;2;7;15;1;
202000008638;154 727 068;B01;2;33;0;2;1;1;1;
202000008639;154 727 066;A01;1;7;0;1;3;9;1;
202000008640;154 727 064;A01;1;32;0;2;2;2;1;
202000008640;154 727 065;B01;1;7;0;2;5;2;1;
202000008641;154 727 063;A01;2;30;0;1;8;1;1;
202000008642;154 727 062;A01;3;32;14;0;1;21;1;
202000008643;154 727 060;B01;1;7;0;2;3;9;1;
202000008643;154 727 061;A01;1;50;0;2;3;25;3;
202000008644;154 727 059;A01;2;33;0;1;1;17;1;
202000008645;154 727 057;Z01;2;7;0;2;0;10;0;
202000008645;154 727 058;A01;1;1;0;2;0;1;5;
202000008646;154 727 054;A01;2;32;0;1;8;1;1;
202000008647;154 727 052;B01;2;33;0;2;1;1;1;
202000008647;154 727 053;A01;1;7;0;2;7;10;1;
202000008648;154 727 050;A01;1;10;0;2;1;5;6;
202000008648;154 727 051;B01;2;1;0;2;8;1;5;
202000008649;154 727 049;A01;2;7;0;1;2;24;0;
202000008650;154 727 047;A01;3;7;6;2;5;1;1;
202000008650;154 727 048;B01;3;10;0;2;1;1;1;
202000008651;154 727 046;A01;2;34;1;0;1;21;1;
202000008652;154 727 044;B01;1;34;0;2;6;2;1;
202000008652;154 727 045;A01;1;7;0;2;6;10;1;
202000008653;154 727 043;A01;3;33;14;0;1;19;1;
202000008654;154 727 042;Z01;3;7;15;1;1;9;0;
202000008655;154 727 040;A01;1;30;0;2;8;26;1;
202000008655;154 727 041;Z01;1;7;0;2;0;26;1;
202000008656;154 727 039;A01;1;10;14;1;1;26;1;
202000008657;154 727 037;B01;3;7;0;2;5;1;1;
202000008657;154 727 038;A01;-1;7;0;2;3;9;1;
202000008658;154 727 035;B01;1;7;0;2;3;1;1;
202000008658;154 727 036;A01;1;30;0;2;1;1;1;
202000008659;154 727 033;B01;2;20;0;2;5;9;1;
202000008659;154 727 034;A01;1;20;0;2;5;19;1;
202000008660;154 727 032;A01;0;7;0;1;2;1;1;
202000008661;154 727 030;A01;0;7;0;0;6;23;0;
202000008661;154 727 031;B01;0;15;0;0;1;0;0;
202000008662;154 727 029;A01;-1;7;0;1;1;2;1;
202000008663;154 727 027;B01;3;7;0;2;6;23;1;
202000008663;154 727 028;A01;3;7;0;2;2;2;1;
202000008664;154 727 025;A01;2;7;0;2;2;16;1;
202000008664;154 727 026;B01;1;80;0;2;1;19;3;
202000008665;154 727 024;A01;1;7;8;0;1;16;0;
202000008666;154 727 022;B01;2;7;0;2;3;1;1;
202000008666;154 727 023;A01;1;7;0;2;1;1;1;
202000008667;154 727 020;A01;2;7;0;2;1;1;1;
202000008667;154 727 021;B01;1;7;0;2;1;1;1;
202000008668;154 727 017;A01;1;7;0;9;3;9;0;
202000008668;154 727 018;D01;1;1;0;2;1;1;5;
202000008668;154 727 019;F01;1;1;0;2;1;2;-1;
202000008669;154 727 015;A01;2;32;13;0;1;0;1;
202000008670;154 727 011;A01;3;7;0;2;6;15;1;
202000008670;154 727 012;B01;2;33;0;2;1;21;1;
202000008670;154 727 013;C01;2;33;0;0;1;21;1;
202000008670;154 727 014;D01;2;33;0;2;1;21;1;
202000008671;154 727 010;A01;2;33;4;0;0;0;1;
202000008672;154 727 008;B01;1;7;0;2;1;1;1;
202000008672;154 727 009;A01;2;33;0;2;1;13;1;
202000008673;154 727 006;A01;1;7;0;2;2;1;1;
202000008673;154 727 007;B01;1;1;0;2;4;0;5;
202000008674;154 727 005;A01;2;33;0;0;0;1;1;
202000008675;154 727 003;A01;0;33;0;2;8;1;1;
202000008675;154 727 004;B01;0;31;0;2;8;1;1;
202000008676;154 727 002;A01;1;7;6;0;3;1;1;
202000008677;154 727 000;A01;2;7;6;0;2;1;1;
202000008678;154 726 998;B01;2;2;0;2;1;13;1;
202000008678;154 726 999;A01;1;7;3;2;3;1;1;
202000008679;154 726 997;A01;1;36;6;0;1;1;1;
202000008680;154 726 996;A01;2;2;5;0;7;1;1;
202000008681;154 726 995;A01;2;80;0;0;7;15;3;
202000008682;154 726 994;A01;2;33;13;0;1;0;1;
202000008683;154 726 992;A01;3;7;0;2;2;11;1;
202000008683;154 726 993;B01;3;1;0;2;1;1;0;
202000008684;154 726 989;A01;2;33;0;2;1;1;1;
202000008684;154 726 990;B01;2;7;0;2;6;15;1;
202000008685;154 726 987;B01;2;7;0;2;3;9;1;
202000008685;154 726 988;A01;1;1;0;2;2;1;0;
202000008686;154 726 985;B01;2;7;0;2;3;1;1;
202000008686;154 726 986;A01;2;30;0;2;6;26;1;
202000008687;154 726 983;B01;3;7;0;2;3;1;1;
202000008687;154 726 984;A01;3;7;0;2;3;13;1;
202000008688;154 726 982;A01;1;7;16;0;2;1;1;
202000008689;154 726 978;A01;2;7;0;2;8;11;1;
202000008689;154 726 979;B01;2;2;0;2;7;1;1;
202000008689;154 726 980;C01;2;2;0;2;7;1;1;
202000008689;154 726 981;D01;2;2;16;0;0;1;1;
202000008690;154 726 977;A01;1;33;0;0;3;1;1;
202000008691;154 726 976;A01;2;33;5;0;8;1;1;
202000008692;154 726 974;B01;1;7;0;0;1;2;1;
202000008692;154 726 975;A01;1;7;0;0;4;23;1;
202000008693;154 726 972;B01;2;7;0;2;1;1;1;
202000008693;154 726 973;A01;2;7;8;2;3;19;1;
202000008694;154 726 970;A01;1;7;0;0;5;15;1;
202000008694;154 726 971;B01;2;33;0;2;1;1;1;
202000008695;154 726 969;A01;2;33;0;0;2;26;1;
202000008696;154 726 968;A01;1;7;0;0;0;1;1;
202000008697;154 726 966;A01;2;7;0;2;3;1;0;
202000008697;154 726 967;B01;0;1;0;2;8;1;5;
202000008698;154 726 964;B01;1;7;0;2;1;13;1;
202000008698;154 726 965;A01;2;7;0;2;1;1;1;
202000008699;154 726 963;A01;3;7;13;0;1;1;1;
202000008700;154 726 961;A01;2;33;0;2;1;17;1;
202000008700;154 726 962;B01;2;36;0;0;8;15;1;
202000008701;154 726 959;B01;1;33;0;2;1;1;1;
202000008701;154 726 960;A01;2;3;0;2;3;13;1;
202000008702;154 726 957;A01;1;7;5;2;4;1;1;
202000008702;154 726 958;B01;1;7;3;2;1;1;1;
202000008703;154 726 955;A01;2;7;4;2;5;4;1;
202000008703;154 726 956;B01;2;7;0;2;3;21;1;
202000008704;154 726 952;A01;2;10;0;2;6;9;2;
202000008704;154 726 953;C01;2;10;3;2;1;2;1;
202000008704;154 726 954;B01;2;10;0;2;2;2;1;
202000008705;154 726 950;B01;2;10;0;2;2;1;1;
202000008705;154 726 951;A01;2;10;0;2;3;11;1;
202000008706;154 726 949;A01;1;7;4;0;2;21;1;
202000008707;154 726 947;B01;2;7;0;2;5;1;1;
202000008707;154 726 948;A01;2;33;0;2;1;21;1;
202000008708;154 726 944;C01;1;7;3;2;6;1;1;
202000008708;154 726 945;D01;1;7;0;2;2;1;6;
202000008708;154 726 946;B01;1;33;0;2;2;21;1;
202000008709;154 726 941;B01;1;10;4;2;0;1;1;
202000008709;154 726 942;Z01;1;17;0;2;0;0;0;
202000008709;154 726 943;C01;1;10;0;2;2;1;1;
202000008710;154 726 939;A01;3;7;0;2;1;13;1;
202000008710;154 726 940;B01;3;7;0;2;8;1;1;
202000008711;154 726 937;B01;3;7;0;2;7;0;1;
202000008711;154 726 938;A01;3;7;0;2;1;0;1;
202000008712;154 726 935;B01;1;1;0;2;1;23;0;
202000008712;154 726 936;A01;2;7;0;9;8;15;1;
202000008713;154 726 933;B01;1;7;0;2;7;16;1;
202000008713;154 726 934;A01;2;0;0;2;0;17;0;
202000008714;154 726 931;B01;2;7;0;2;2;15;0;
202000008714;154 726 932;A01;2;7;0;2;7;1;0;
202000008715;154 726 930;A01;1;33;0;0;7;16;1;
202000008716;154 726 929;A01;1;7;0;1;5;26;1;
202000008717;154 726 927;A01;1;33;14;0;0;21;1;
202000008717;154 726 928;B01;1;7;0;9;3;23;0;
202000008718;154 726 925;B01;1;33;0;2;7;1;1;
202000008718;154 726 926;A01;1;7;4;2;3;21;1;
202000008719;154 726 923;B01;1;7;0;2;3;1;1;
202000008719;154 726 924;A01;2;30;0;2;1;1;1;
202000008720;154 726 922;A01;0;30;0;0;7;1;1;
202000008721;154 726 919;C01;2;7;0;2;4;2;1;
202000008721;154 726 920;A01;2;7;0;2;1;2;1;
202000008721;154 726 921;B01;2;7;0;2;4;2;1;
202000008722;154 726 918;A01;0;10;0;1;1;26;0;
202000008723;154 726 915;B01;1;33;1;0;1;14;0;
202000008724;154 726 913;A01;1;7;0;2;1;1;1;
202000008724;154 726 914;B01;1;7;0;2;4;20;1;
202000008725;154 726 909;A01;2;7;1;0;2;13;1;
202000008726;154 726 907;B01;0;7;0;2;0;0;1;
202000008726;154 726 908;A01;0;7;0;2;1;15;1;
202000008727;154 726 906;A01;0;7;15;0;7;14;1;
202000008728;154 726 903;C01;2;15;0;0;0;0;1;
202000008728;154 726 904;B01;2;7;0;2;8;1;1;
202000008728;154 726 905;A01;1;7;0;2;1;13;1;
202000008729;154 726 901;B01;1;7;0;2;3;15;1;
202000008729;154 726 902;A01;2;2;0;2;1;1;1;
202000008730;154 726 900;A01;2;7;0;1;1;15;0;
202000008731;154 726 899;A01;1;30;14;1;3;25;0;
202000008732;154 726 898;A01;1;30;5;0;3;11;1;
202000008733;154 726 897;A01;1;7;9;0;3;13;1;
202000008734;154 726 896;A01;1;7;0;1;2;26;1;
202000008735;154 726 894;B01;1;33;0;2;3;13;1;
202000008735;154 726 895;A01;2;7;0;2;3;13;1;
202000008736;154 726 892;B01;2;7;0;2;8;1;1;
202000008736;154 726 893;A01;1;7;0;2;0;0;1;
202000008737;154 726 891;A01;1;7;8;0;1;21;1;
202000008738;154 726 889;A01;1;7;0;2;2;15;2;
202000008738;154 726 890;B01;2;33;0;2;1;1;1;
202000008739;154 726 887;A01;1;7;0;2;1;1;1;
202000008739;154 726 888;B01;1;7;0;2;4;1;1;