num_acc;id_vehicule;num_veh;senc;catv;obs;obsm;choc;manv;motor;occutc
202000009024;154 726 394;A01;1;37;0;2;2;13;1;2
202000009025;154 726 391;B01;1;7;0;2;3;15;1;
202000009025;154 726 392;A01;1;43;0;2;2;17;1;
202000009026;154 726 390;A01;2;7;0;1;4;20;1;
202000009027;154 726 388;A01;2;7;0;2;6;11;1;
202000009027;154 726 389;B01;2;33;0;2;1;17;1;
202000009028;154 726 387;Z01;3;10;0;1;0;1;0;
202000009029;154 726 384;B01;2;1;0;2;2;1;5;
202000009029;154 726 385;A01;2;7;0;2;3;22;1;
202000009029;154 726 386;C01;1;7;0;2;1;1;1;
202000009030;154 726 383;A01;2;10;0;1;3;15;1;
202000009031;154 726 382;A01;1;7;0;1;3;1;1;
202000009032;154 726 379;B01;2;7;0;2;4;23;1;
202000009032;154 726 380;C01;2;7;0;2;4;23;1;
202000009032;154 726 381;A01;2;7;0;2;1;2;1;
202000009033;154 726 378;A01;2;32;0;1;2;1;1;
202000009034;154 726 375;A01;1;10;0;2;1;2;1;
202000009034;154 726 376;C01;1;7;0;2;4;23;1;
202000009034;154 726 377;B01;1;7;0;2;9;23;1;
202000009035;154 726 374;A01;2;30;0;1;8;1;1;
202000009036;154 726 372;B01;1;1;0;2;6;15;5;
202000009036;154 726 373;A01;1;7;0;2;2;17;1;
202000009037;154 726 371;A01;2;1;0;0;1;1;5;
202000009038;154 726 369;B01;1;32;1;2;3;1;1;
202000009038;154 726 370;A01;1;7;0;2;2;9;1;
202000009039;154 726 367;B01;1;50;0;2;0;1;3;
202000009039;154 726 368;A01;1;37;0;2;6;7;1;1
202000009040;154 726 365;B01;2;1;0;2;7;1;5;
202000009040;154 726 366;A01;2;7;0;2;7;16;1;
202000009041;154 726 363;B01;1;7;0;2;1;17;2;
202000009041;154 726 364;A01;1;34;0;2;8;15;1;
202000009042;154 726 362;A01;1;10;0;1;1;16;1;
202000009043;154 726 361;A01;2;2;1;0;3;13;3;
202000009044;154 726 359;B01;2;7;0;2;4;23;1;
202000009044;154 726 360;A01;2;30;0;2;1;2;1;
202000009045;154 726 357;B01;1;1;0;2;1;1;5;
202000009045;154 726 358;A01;2;7;0;2;3;15;1;
202000009046;154 726 356;Z01;1;32;0;1;1;1;1;
202000009047;154 726 354;B01;1;30;0;2;2;17;1;
202000009047;154 726 355;A01;1;7;0;2;3;13;1;
202000009048;154 726 351;B01;1;1;0;2;4;1;5;
202000009048;154 726 352;A01;1;7;0;2;2;1;1;
202000009048;154 726 353;C01;1;7;0;2;2;1;1;
202000009049;154 726 349;B01;1;7;0;2;3;13;1;
202000009049;154 726 350;A01;2;43;0;2;1;17;1;
202000009050;154 726 347;Z01;0;7;0;2;0;16;1;
202000009050;154 726 348;A01;1;33;0;2;0;1;1;
202000009051;154 726 345;A01;2;31;0;2;1;1;1;
202000009051;154 726 346;Z01;1;2;0;2;1;1;1;
202000009052;154 726 344;A01;1;33;0;1;8;7;1;
202000009053;154 726 342;B01;2;2;0;2;2;17;1;
202000009053;154 726 343;A01;2;10;0;2;6;13;1;
202000009054;154 726 341;A01;1;33;0;1;2;1;1;
202000009055;154 726 339;A01;2;32;0;2;1;13;1;
202000009055;154 726 340;B01;2;7;0;2;5;1;1;
202000009056;154 726 337;A01;2;33;0;2;1;21;1;
202000009056;154 726 338;B01;2;7;0;2;5;2;1;
202000009057;154 726 335;B01;2;7;0;2;3;11;1;
202000009057;154 726 336;A01;2;33;0;2;2;3;1;
202000009058;154 726 333;A01;2;7;0;2;1;1;1;
202000009058;154 726 334;B01;2;7;0;2;4;2;1;
202000009059;154 726 330;C01;2;7;0;2;4;1;1;
202000009059;154 726 331;A01;2;7;0;2;3;13;1;
202000009059;154 726 332;B01;2;7;0;2;2;3;1;
202000009060;154 726 328;A01;2;33;0;2;8;3;1;
202000009060;154 726 329;B01;2;33;0;2;8;11;0;
202000009061;154 726 325;C01;2;7;0;2;1;1;1;
202000009061;154 726 326;A01;2;15;0;2;7;12;1;
202000009061;154 726 327;B01;2;7;3;2;8;1;1;
202000009062;154 726 321;B01;1;7;0;2;4;23;1;
202000009062;154 726 322;A01;1;14;0;2;1;1;1;
202000009063;154 726 319;B01;1;43;0;2;1;1;1;
202000009063;154 726 320;A01;2;7;0;2;5;15;1;
202000009064;154 726 318;A01;1;30;0;0;0;21;3;
202000009065;154 726 317;A01;1;7;0;2;1;26;1;
202000009066;154 726 316;A01;1;7;0;1;2;1;1;
202000009067;154 726 315;A01;1;7;8;0;2;1;1;
202000009068;154 726 313;B01;1;7;0;2;5;16;0;
202000009068;154 726 314;A01;1;7;0;2;0;18;0;
202000009069;154 726 311;A01;3;7;0;9;3;1;1;
202000009069;154 726 312;B01;1;1;0;2;1;15;6;
202000009070;154 726 309;A01;1;7;0;0;3;1;1;
202000009070;154 726 310;B01;2;33;0;2;1;1;0;
202000009071;154 726 307;A01;2;32;0;2;1;1;0;
202000009071;154 726 308;B01;0;7;0;0;5;1;0;
202000009072;154 726 306;A01;3;10;0;1;2;1;1;
202000009073;154 726 305;A01;3;7;0;0;0;15;1;
202000009074;154 726 303;B01;1;2;0;2;1;9;1;
202000009074;154 726 304;A01;1;7;0;2;2;1;1;
202000009075;154 726 302;A01;1;37;14;0;2;1;0;1
202000009076;154 726 300;B01;1;31;0;2;1;1;0;
202000009076;154 726 301;A01;1;7;0;2;2;15;0;
202000009077;154 726 299;A01;1;10;12;0;2;14;1;
202000009078;154 726 298;A01;3;7;0;1;2;1;0;
202000009079;154 726 297;A01;2;7;0;1;7;1;2;
202000009080;154 726 295;B01;1;10;0;2;4;0;0;
202000009080;154 726 296;A01;1;37;0;2;2;26;0;3
202000009081;154 726 294;A01;0;7;8;0;4;15;1;
202000009082;154 726 293;A01;1;7;0;1;3;1;1;
202000009083;154 726 292;A01;1;7;7;0;1;15;1;
202000009084;154 726 289;A01;1;10;0;2;1;2;1;
202000009084;154 726 290;B01;1;7;0;2;4;23;1;
202000009084;154 726 291;C01;1;10;0;2;4;23;1;
202000009085;154 726 286;A01;1;7;14;0;1;2;1;
202000009085;154 726 287;B01;1;7;14;2;4;23;1;
202000009085;154 726 288;C01;1;7;0;2;4;23;1;
202000009086;154 726 284;A01;1;7;0;2;5;15;1;
202000009086;154 726 285;B01;2;33;0;2;1;1;1;
202000009087;154 726 282;A01;3;7;0;2;2;19;1;
202000009087;154 726 283;B01;3;31;0;2;8;1;1;
202000009088;154 726 279;A01;3;7;0;2;1;1;0;
202000009088;154 726 280;B01;3;10;0;0;4;1;0;
202000009089;154 726 277;Z01;1;7;0;2;3;15;0;
202000009089;154 726 278;A01;2;30;0;2;1;1;6;
202000009090;154 726 274;A01;2;7;0;2;3;15;1;
202000009090;154 726 275;B01;2;7;0;2;1;17;1;
202000009090;154 726 276;C01;2;7;0;9;8;2;1;
202000009091;154 726 272;A01;1;7;0;2;7;10;1;
202000009091;154 726 273;B01;2;33;0;2;1;1;6;
202000009092;154 726 270;A01;0;10;0;2;3;11;1;
202000009092;154 726 271;B01;0;33;0;2;7;1;1;
202000009093;154 726 268;A01;1;10;0;2;3;5;1;
202000009093;154 726 269;B01;2;7;0;2;3;2;1;
202000009094;154 726 265;A01;1;1;0;0;0;0;0;
202000009095;154 726 263;B01;3;7;0;2;1;0;1;
202000009095;154 726 264;A01;3;30;0;2;1;5;1;
202000009096;154 726 262;A01;1;39;0;1;1;1;3;
202000009097;154 726 260;B01;2;31;0;2;1;1;1;
202000009097;154 726 261;A01;1;7;0;2;2;15;1;
202000009098;154 726 258;B01;2;50;0;2;0;0;3;
202000009098;154 726 259;A01;1;7;0;2;1;9;1;
202000009099;154 726 256;A01;0;7;0;2;1;9;0;
202000009099;154 726 257;B01;0;50;0;2;8;1;3;
202000009100;154 726 255;A01;1;7;1;0;5;2;1;
202000009101;154 726 254;A01;1;30;16;0;7;1;1;
202000009102;154 726 251;A01;1;7;0;2;1;2;1;
202000009102;154 726 252;B01;1;7;0;2;4;23;1;
202000009102;154 726 253;C01;1;7;0;2;4;23;1;
202000009103;154 726 247;D01;2;10;0;2;3;23;1;
202000009103;154 726 248;C01;2;10;0;2;3;0;3;
202000009103;154 726 249;B01;1;7;0;2;6;1;3;
202000009103;154 726 250;A01;1;7;0;2;2;1;2;
202000009104;154 726 245;A01;1;7;0;2;1;15;1;
202000009104;154 726 246;B01;2;30;0;2;6;1;1;
202000009105;154 726 243;A01;1;30;0;2;1;2;1;
202000009105;154 726 244;B01;1;7;0;2;4;23;1;
202000009106;154 726 241;A01;2;7;2;2;2;2;1;
202000009106;154 726 242;B01;2;7;0;2;6;2;1;
202000009107;154 726 239;B01;0;32;0;0;1;26;1;
202000009107;154 726 240;A01;0;7;0;0;1;26;1;
202000009108;154 726 238;A01;1;7;0;1;1;20;1;
202000009109;154 726 236;A01;2;7;0;2;7;15;1;
202000009109;154 726 237;B01;1;1;0;2;1;1;5;
202000009110;154 726 234;B01;3;43;0;2;7;2;1;
202000009110;154 726 235;A01;3;43;0;2;8;2;1;
202000009111;154 726 233;A01;3;7;0;1;1;23;1;
202000009112;154 726 232;A01;3;7;0;1;1;14;0;
202000009113;154 726 230;A01;2;7;0;2;2;1;1;
202000009113;154 726 231;B01;2;10;0;2;3;15;1;
202000009114;154 726 228;A01;3;7;0;2;1;1;1;
202000009114;154 726 229;B01;3;33;0;2;7;1;1;
202000009115;154 726 226;A01;0;7;0;2;2;14;0;
202000009115;154 726 227;B01;1;80;0;2;4;23;3;
202000009116;154 726 224;A01;1;7;0;2;0;1;1;
202000009116;154 726 225;B01;1;33;0;2;1;1;1;
202000009117;154 726 223;A01;1;7;0;1;2;1;6;
202000009118;154 726 221;A01;1;7;0;2;7;1;1;
202000009118;154 726 222;B01;1;7;0;2;1;1;1;
202000009119;154 726 219;B01;1;7;0;2;4;1;1;
202000009119;154 726 220;A01;1;7;0;2;1;2;1;
202000009120;154 726 217;A01;1;7;0;2;1;26;1;
202000009120;154 726 218;B01;1;7;0;2;4;26;1;
202000009121;154 726 215;B01;1;2;0;2;8;1;1;
202000009121;154 726 216;A01;2;7;0;2;3;15;1;
202000009122;154 726 212;A01;3;7;0;2;1;15;1;
202000009122;154 726 213;B01;3;7;0;2;1;1;1;
202000009123;154 726 210;A01;2;7;0;2;3;11;1;
202000009123;154 726 211;B01;2;7;0;2;2;1;1;
202000009124;154 726 208;B01;2;20;16;2;5;1;1;
202000009124;154 726 209;A01;2;20;0;2;1;2;1;
202000009125;154 726 206;B01;1;7;0;2;1;0;1;
202000009125;154 726 207;A01;1;7;0;2;4;26;1;
202000009126;154 726 203;A01;2;10;0;2;1;2;1;
202000009126;154 726 204;B01;2;10;0;2;4;23;1;
202000009126;154 726 205;C01;2;7;0;2;4;23;1;
202000009127;154 726 201;B01;2;1;0;2;7;1;5;
202000009127;154 726 202;A01;1;7;0;2;1;15;1;
202000009128;154 726 198;A01;0;3;0;2;4;1;1;
202000009128;154 726 199;Z01;0;7;0;2;0;1;1;
202000009128;154 726 200;B01;0;38;0;2;4;1;1;1
202000009129;154 726 195;C01;1;7;0;2;1;1;1;
202000009129;154 726 196;B01;1;7;0;2;9;1;1;
202000009129;154 726 197;A01;1;10;0;2;4;1;1;
202000009130;154 726 193;A01;2;7;14;2;1;16;1;
202000009130;154 726 194;B01;2;7;0;1;4;1;1;
202000009131;154 726 191;B01;2;7;0;2;3;15;1;
202000009131;154 726 192;A01;1;33;0;2;1;1;1;
202000009132;154 726 189;A01;2;7;0;2;3;15;1;
202000009132;154 726 190;B01;1;30;0;2;1;1;0;
202000009133;154 726 188;A01;1;7;0;1;1;1;1;
202000009134;154 726 186;A01;0;2;0;2;1;1;1;
202000009134;154 726 187;B01;0;7;0;2;4;10;1;
202000009135;154 726 184;Z01;3;7;0;2;1;1;1;
202000009135;154 726 185;A01;3;32;0;2;7;1;1;
202000009136;154 726 181;C01;1;7;0;9;4;26;1;
202000009136;154 726 182;B01;1;7;0;0;4;26;1;
202000009136;154 726 183;A01;1;7;0;2;1;26;0;
202000009137;154 726 179;B01;1;7;0;2;4;1;1;
202000009137;154 726 180;A01;1;7;0;2;1;1;1;
202000009138;154 726 178;A01;1;60;1;1;1;9;5;
202000009139;154 726 176;B01;1;7;0;2;1;1;1;
202000009139;154 726 177;A01;1;1;0;2;1;1;5;
202000009140;154 726 174;A01;1;7;0;2;7;17;1;
202000009140;154 726 175;B01;1;7;0;2;8;1;1;
202000009141;154 726 172;B01;1;7;0;2;1;1;1;
202000009141;154 726 173;A01;1;7;0;2;3;19;1;
202000009142;154 726 170;B01;0;7;0;2;1;23;1;
202000009142;154 726 171;A01;0;7;0;2;1;5;1;
202000009143;154 726 168;B01;2;7;0;2;4;23;1;
202000009143;154 726 169;A01;0;7;0;2;1;2;1;
202000009144;154 726 166;B01;2;7;0;2;4;2;1;
202000009144;154 726 167;A01;2;7;0;2;1;1;1;
202000009145;154 726 164;A01;1;33;0;2;8;1;1;
202000009145;154 726 165;B01;1;33;0;2;1;1;1;
202000009146;154 726 163;A01;3;7;6;0;1;15;1;
202000009147;154 726 162;A01;1;7;0;1;0;0;1;
202000009148;154 726 159;A01;2;7;0;2;1;1;1;
202000009148;154 726 160;B01;2;7;0;2;4;1;1;
202000009148;154 726 161;C01;2;7;0;2;4;1;1;
202000009149;154 726 157;B01;1;7;0;2;3;1;1;
202000009149;154 726 158;A01;2;7;0;2;1;13;1;
202000009150;154 726 155;B01;3;1;0;2;7;1;5;
202000009150;154 726 156;A01;3;7;0;9;1;1;1;
202000009151;154 726 153;A01;3;7;0;2;1;1;1;
202000009151;154 726 154;B01;3;33;0;2;0;16;1;
202000009152;154 726 151;A01;2;7;0;0;2;15;1;
202000009152;154 726 152;B01;1;7;1;0;1;21;1;
202000009153;154 726 149;B01;3;33;0;2;4;9;1;
202000009153;154 726 150;A01;3;7;0;2;1;9;1;
202000009154;154 726 147;B01;2;7;0;2;8;15;1;
202000009154;154 726 148;A01;2;33;0;2;1;21;1;
202000009155;154 726 146;A01;1;34;0;1;1;1;1;
202000009156;154 726 145;A01;3;7;0;1;7;1;1;
202000009157;154 726 143;B01;1;32;0;2;1;3;1;
202000009157;154 726 144;A01;1;7;0;2;2;12;1;
202000009158;154 726 142;A01;2;7;4;0;1;13;1;
202000009159;154 726 138;A01;1;33;0;2;2;21;1;
202000009159;154 726 139;B01;1;33;0;2;6;3;1;
202000009159;154 726 140;C01;1;7;0;2;5;1;1;
202000009159;154 726 141;D01;1;7;0;2;8;1;1;
202000009160;154 726 136;Z01;3;50;0;2;0;19;3;
202000009160;154 726 137;A01;2;1;0;2;7;1;5;
202000009161;154 726 135;A01;1;32;0;1;1;1;1;
202000009162;154 726 134;Z01;2;30;0;1;1;1;0;
202000009163;154 726 132;A01;2;30;0;2;0;1;1;
202000009163;154 726 133;Z01;2;10;0;2;0;22;0;
202000009164;154 726 130;A01;1;37;0;2;2;1;2;1
202000009164;154 726 131;B01;2;37;0;2;6;1;1;3
202000009165;154 726 128;B01;2;50;0;2;2;1;3;
202000009165;154 726 129;A01;2;10;0;2;8;1;1;
202000009166;154 726 126;B01;2;7;0;2;0;2;1;
202000009166;154 726 127;A01;2;7;0;2;4;2;1;
202000009167;154 726 124;B01;1;7;0;2;2;16;1;
202000009167;154 726 125;A01;1;60;0;2;1;5;5;
202000009168;154 726 122;B01;1;50;0;2;0;19;3;
202000009168;154 726 123;A01;1;10;0;2;3;1;1;
202000009169;154 726 120;A01;1;1;0;2;0;15;5;
202000009169;154 726 121;Z01;2;7;0;2;1;1;1;
202000009170;154 726 118;B01;2;7;0;2;2;1;1;
202000009170;154 726 119;A01;2;30;0;2;8;9;3;
202000009171;154 726 116;B01;1;7;0;2;4;23;2;
202000009171;154 726 117;A01;1;10;0;2;1;1;1;
202000009172;154 726 114;A01;2;7;0;2;2;14;1;
202000009172;154 726 115;B01;2;7;1;1;6;23;1;
202000009173;154 726 112;A01;1;7;0;2;0;10;1;
202000009173;154 726 113;B01;2;33;0;2;0;1;3;
202000009174;154 726 111;A01;2;32;0;1;1;1;1;
202000009175;154 726 109;B01;1;7;0;2;4;23;1;
202000009175;154 726 110;A01;1;30;0;2;5;2;1;
202000009176;154 726 107;B01;1;1;0;2;8;9;5;
202000009176;154 726 108;A01;1;50;0;2;1;1;3;
202000009177;154 726 105;A01;2;7;0;2;3;13;1;
202000009177;154 726 106;B01;2;32;0;2;2;17;1;
202000009178;154 726 103;A01;3;1;0;2;7;1;5;
202000009178;154 726 104;B01;3;32;0;2;1;1;1;
202000009179;154 726 101;Z01;2;50;0;2;0;5;3;
202000009179;154 726 102;A01;1;1;0;2;0;1;5;
202000009180;154 726 099;A01;2;7;0;2;1;15;1;
202000009180;154 726 100;B01;1;33;0;2;8;1;1;
202000009181;154 726 097;B01;3;10;0;2;6;11;1;
202000009181;154 726 098;A01;3;10;0;2;2;21;1;
202000009182;154 726 096;A01;1;30;12;0;0;11;1;
202000009183;154 726 095;A01;2;7;0;1;1;2;0;
202000009184;154 726 093;B01;1;31;0;2;2;17;1;
202000009184;154 726 094;A01;1;7;0;2;3;15;1;
202000009185;154 726 092;A01;3;7;0;1;2;1;1;
202000009186;154 726 090;B01;0;99;0;2;8;26;3;
202000009186;154 726 091;A01;1;7;0;2;1;1;1;
202000009187;154 726 087;C01;2;7;0;2;8;1;1;
202000009187;154 726 088;B01;1;33;0;2;7;1;1;
202000009187;154 726 089;A01;1;10;0;2;3;11;1;
202000009188;154 726 085;B01;1;1;0;2;4;2;5;
202000009188;154 726 086;A01;1;32;9;2;1;2;1;
202000009189;154 726 083;B01;2;7;0;2;4;26;1;
202000009189;154 726 084;A01;2;50;0;2;1;1;3;
202000009190;154 726 082;A01;2;7;0;1;2;16;1;
202000009191;154 726 080;B01;1;33;0;2;0;0;1;
202000009191;154 726 081;A01;1;7;0;2;0;0;1;
202000009192;154 726 078;A01;2;1;0;2;1;26;5;
202000009192;154 726 079;B01;1;7;0;9;1;9;1;
202000009193;154 726 076;A01;1;7;0;2;3;9;1;
202000009193;154 726 077;B01;1;2;0;2;0;0;1;
202000009194;154 726 074;A01;0;30;0;2;1;25;0;
202000009194;154 726 075;B01;1;7;0;2;2;2;0;
202000009195;154 726 072;B01;1;33;0;2;4;1;1;
202000009195;154 726 073;A01;1;7;0;2;2;1;6;
202000009196;154 726 070;B01;2;7;0;2;1;2;1;
202000009196;154 726 071;A01;1;7;0;2;7;15;1;
202000009197;154 726 068;A01;1;10;0;2;1;1;1;
202000009197;154 726 069;B01;0;1;0;2;1;19;0;
202000009198;154 726 066;B01;3;7;0;2;3;15;1;
202000009198;154 726 067;A01;3;33;0;2;1;17;1;
202000009199;154 726 064;B01;3;1;0;2;1;11;5;
202000009199;154 726 065;A01;3;10;0;2;2;1;1;
202000009200;154 726 063;A01;1;7;0;1;1;1;1;
202000009201;154 726 062;A01;1;7;0;1;1;26;0;
202000009202;154 726 060;A01;1;7;0;2;1;26;1;
202000009202;154 726 061;B01;1;33;0;0;4;0;1;
202000009203;154 726 058;A01;3;30;0;2;7;10;1;
202000009203;154 726 059;B01;3;32;0;2;1;1;1;
202000009204;154 726 056;A01;2;15;0;2;1;2;1;
202000009204;154 726 057;B01;2;2;0;2;4;23;1;
202000009205;154 726 054;A01;3;31;0;2;1;19;1;
202000009205;154 726 055;B01;3;7;0;2;8;2;1;
202000009206;154 726 052;A01;1;7;0;2;2;13;1;
202000009206;154 726 053;B01;2;7;0;2;1;1;1;
202000009207;154 726 050;A01;2;7;0;2;2;1;1;
202000009207;154 726 051;B01;1;2;0;2;1;15;1;
202000009208;154 726 047;C01;2;7;0;2;1;1;1;
202000009208;154 726 048;A01;0;7;0;2;3;19;1;
202000009208;154 726 049;B01;1;7;0;2;1;1;1;
202000009209;154 726 045;A01;1;7;0;2;4;12;0;
202000009209;154 726 046;B01;1;1;0;2;1;1;6;
202000009210;154 726 043;A01;2;7;0;2;3;13;0;
202000009210;154 726 044;B01;1;7;0;2;3;1;0;
202000009211;154 726 041;B01;2;33;0;2;1;21;1;
202000009211;154 726 042;A01;1;7;0;2;3;15;0;
202000009212;154 726 039;A01;1;7;0;2;8;19;1;
202000009212;154 726 040;B01;1;14;0;2;2;1;1;
202000009213;154 726 037;B01;0;31;0;2;1;1;1;
202000009213;154 726 038;A01;3;7;0;0;5;23;1;
202000009214;154 726 036;A01;1;7;0;0;0;1;1;
202000009215;154 726 034;A01;1;7;0;2;3;16;1;
202000009215;154 726 035;B01;1;15;0;2;3;1;1;
202000009216;154 726 033;A01;2;7;3;0;3;1;1;
202000009217;154 726 032;A01;1;13;7;0;2;2;0;
202000009218;154 726 030;B01;1;33;0;2;1;0;1;
202000009218;154 726 031;A01;2;7;0;2;3;0;1;
202000009219;154 726 029;A01;1;7;0;1;3;1;1;
202000009220;154 726 027;B01;2;33;0;2;1;1;1;
202000009220;154 726 028;A01;1;7;0;2;3;15;1;
202000009221;154 726 025;B01;2;33;0;2;1;1;0;
202000009221;154 726 026;A01;1;7;0;2;2;15;0;
202000009222;154 726 023;A01;0;7;0;2;1;19;1;
202000009222;154 726 024;B01;0;7;0;2;3;1;1;
202000009223;154 726 021;A01;1;7;0;2;2;17;1;
202000009223;154 726 022;B01;2;7;0;2;2;1;1;
202000009224;154 726 018;A01;2;33;0;2;4;26;1;
202000009224;154 726 019;B01;1;7;0;2;8;1;1;
202000009224;154 726 020;C01;2;33;0;2;1;1;1;
202000009225;154 726 017;A01;3;1;0;0;7;1;5;
202000009226;154 726 015;A01;2;7;0;2;3;5;1;
202000009226;154 726 016;B01;1;7;0;2;1;1;1;
202000009227;154 726 013;A01;2;2;0;2;1;2;1;
202000009227;154 726 014;B01;2;7;0;0;4;15;1;
202000009228;154 726 012;A01;2;7;15;0;1;1;1;
202000009229;154 726 011;A01;2;7;0;0;0;1;1;
202000009230;154 726 009;B01;1;10;0;0;8;15;2;
202000009230;154 726 010;A01;1;10;7;2;2;2;1;
202000009231;154 726 008;A01;2;10;16;0;1;1;1;
202000009232;154 726 005;A01;1;7;0;2;1;1;1;
202000009232;154 726 006;B01;3;2;0;2;7;1;1;
202000009232;154 726 007;C01;3;2;0;2;1;1;1;
202000009233;154 726 003;A01;2;7;0;2;3;1;1;
202000009233;154 726 004;B01;1;10;0;2;2;1;1;
202000009234;154 726 001;A01;1;33;0;0;0;1;1;
202000009235;154 725 999;B01;2;15;0;0;0;17;1;
202000009235;154 726 000;A01;2;1;0;0;0;2;5;
202000009236;154 725 998;A01;2;21;6;0;3;1;1;
202000009237;154 725 997;A01;2;7;2;0;2;1;1;
202000009238;154 725 996;A01;1;7;0;0;9;21;1;
202000009239;154 725 995;A01;1;7;0;1;1;1;1;
202000009240;154 725 993;A01;3;32;0;2;4;1;1;
202000009240;154 725 994;B01;3;10;0;2;3;9;1;
202000009241;154 725 991;B01;1;7;3;0;6;24;1;
202000009241;154 725 992;A01;1;14;1;0;2;14;1;
202000009242;154 725 990;A01;1;7;17;0;0;14;1;
202000009243;154 725 988;A01;3;7;1;9;1;1;6;
202000009243;154 725 989;B01;3;2;0;2;8;0;6;
202000009244;154 725 986;A01;0;7;0;2;3;5;1;
202000009244;154 725 987;B01;0;33;0;2;1;5;1;
202000009245;154 725 984;A01;2;33;0;2;1;5;1;
202000009245;154 725 985;B01;1;10;0;2;1;1;1;
202000009246;154 725 983;A01;3;7;0;1;3;1;1;
202000009247;154 725 981;A01;2;7;0;0;4;23;1;
202000009247;154 725 982;B01;2;10;0;2;1;2;1;
202000009248;154 725 979;A01;0;7;0;0;4;26;0;
202000009248;154 725 980;B01;1;7;0;2;1;26;0;
202000009249;154 725 978;A01;3;7;0;1;3;1;1;
202000009250;154 725 976;A01;1;7;0;2;3;15;1;
202000009250;154 725 977;B01;1;31;0;2;1;1;1;
202000009251;154 725 975;A01;2;7;0;1;1;1;1;
202000009252;154 725 973;B01;0;7;0;2;3;23;1;
202000009252;154 725 974;A01;0;7;0;1;2;1;1;
202000009253;154 725 972;A01;1;1;0;2;5;1;6;
202000009254;154 725 971;A01;1;10;0;1;1;26;1;
202000009255;154 725 969;B01;2;7;0;2;3;1;1;
202000009255;154 725 970;A01;1;7;0;2;3;13;1;
202000009256;154 725 968;A01;0;7;0;1;3;1;1;
202000009257;154 725 966;A01;3;7;0;2;8;15;1;
202000009257;154 725 967;B01;3;31;0;2;8;1;1;
202000009258;154 725 965;A01;3;7;0;1;1;1;1;
202000009259;154 725 963;B01;1;7;0;2;4;0;1;
202000009259;154 725 964;A01;1;7;0;2;1;1;1;
202000009260;154 725 962;A01;2;10;13;0;0;1;1;
202000009261;154 725 960;A01;1;31;0;2;1;26;1;
202000009261;154 725 961;B01;2;7;0;2;5;15;1;
202000009262;154 725 958;A01;2;32;0;2;2;1;1;
202000009262;154 725 959;B01;3;7;0;2;3;1;1;
202000009263;154 725 956;A01;2;7;0;2;2;15;1;
202000009263;154 725 957;B01;1;7;0;2;3;1;1;
202000009264;154 725 955;A01;2;7;0;1;1;17;1;
202000009265;154 725 954;A01;2;7;0;1;2;16;1;
202000009266;154 725 950;A01;1;7;0;2;3;2;0;
202000009266;154 725 951;B01;1;7;0;2;4;2;1;
202000009267;154 725 949;A01;1;7;0;1;1;1;2;
202000009268;154 725 947;A01;2;34;0;2;1;1;1;
202000009268;154 725 948;B01;2;10;0;2;7;16;1;
202000009269;154 725 946;A01;1;14;0;1;1;9;1;
202000009270;154 725 943;A01;1;7;0;2;1;9;0;
202000009270;154 725 944;B01;0;7;0;2;4;9;0;
202000009270;154 725 945;C01;0;7;0;0;4;23;1;
202000009271;154 725 941;A01;1;7;0;2;3;10;1;
202000009271;154 725 942;B01;1;33;0;2;1;17;1;
202000009272;154 725 939;A01;0;7;0;2;1;1;1;
202000009272;154 725 940;B01;0;7;0;2;4;23;1;
202000009273;154 725 938;A01;2;7;0;1;1;1;1;
202000009274;154 725 937;A01;2;7;0;1;3;1;1;
202000009275;154 725 936;A01;1;7;0;1;2;1;1;
202000009276;154 725 935;B01;3;15;0;1;1;1;1;
202000009277;154 725 933;B01;2;7;0;2;3;19;1;
202000009277;154 725 934;A01;3;31;0;2;2;2;1;
202000009278;154 725 932;A01;1;7;0;1;3;26;1;
202000009279;154 725 930;B01;2;7;0;2;4;23;1;
202000009279;154 725 931;A01;2;14;0;2;1;2;1;
202000009280;154 725 929;A01;1;10;1;0;1;14;3;
202000009281;154 725 927;B01;1;31;0;2;2;2;1;
202000009281;154 725 928;A01;1;10;0;2;3;13;1;
202000009282;154 725 925;A01;2;32;0;2;1;1;1;
202000009282;154 725 926;B01;1;7;0;2;3;15;1;
202000009283;154 725 923;A01;2;7;14;2;1;1;1;
202000009283;154 725 924;B01;1;7;0;2;1;1;0;
202000009284;154 725 921;A01;2;2;0;2;1;1;3;
202000009284;154 725 922;B01;2;7;0;2;7;1;1;
202000009285;154 725 920;A01;1;1;0;1;1;1;5;
202000009286;154 725 918;B01;0;7;1;2;3;1;1;
202000009286;154 725 919;A01;1;7;0;2;3;9;1;
202000009287;154 725 916;B01;2;10;0;2;4;23;1;
202000009287;154 725 917;A01;2;7;0;2;4;2;1;
202000009288;154 725 914;A01;1;7;0;2;5;2;1;
202000009288;154 725 915;B01;1;1;0;2;1;2;5;
202000009289;154 725 913;A01;2;33;0;1;1;1;1;
202000009290;154 725 912;A01;2;1;0;0;0;1;5;
202000009291;154 725 910;B01;1;50;0;2;1;1;3;
202000009291;154 725 911;A01;2;7;0;2;3;16;1;
202000009292;154 725 908;B01;1;1;0;0;3;1;5;
202000009292;154 725 909;A01;1;10;0;2;1;0;0;
202000009293;154 725 906;B01;0;1;0;2;1;5;0;
202000009293;154 725 907;A01;0;10;0;2;3;2;1;