num_acc;id_vehicule;num_veh;senc;catv;obs;obsm;choc;manv;motor;occutc
202000009294;154 725 904;B01;2;7;0;2;4;2;0;
202000009294;154 725 905;A01;2;17;0;2;1;1;0;
202000009295;154 725 902;A01;2;7;1;2;8;15;1;
202000009295;154 725 903;B01;2;7;1;2;1;1;1;
202000009296;154 725 900;B01;-1;50;0;2;5;15;3;
202000009296;154 725 901;A01;-1;7;0;9;3;9;1;
202000009297;154 725 898;A01;2;10;0;2;3;11;0;
202000009297;154 725 899;WB01;2;31;0;0;2;1;0;
202000009298;154 725 897;A01;1;10;0;1;2;1;1;
202000009299;154 725 895;A01;1;10;0;2;5;19;1;
202000009299;154 725 896;B01;2;10;7;2;3;2;1;
202000009300;154 725 894;A01;3;7;9;0;1;20;1;
202000009301;154 725 892;B01;-1;7;0;2;4;2;1;
202000009301;154 725 893;A01;-1;7;0;2;1;9;1;
202000009302;154 725 891;A01;1;7;0;1;4;26;1;
202000009303;154 725 889;B01;1;10;7;0;4;2;1;
202000009303;154 725 890;A01;1;10;1;2;1;21;1;
202000009304;154 725 887;A01;3;7;0;2;1;15;0;
202000009304;154 725 888;B01;3;2;0;2;1;2;0;
202000009305;154 725 885;B01;3;7;0;2;3;9;0;
202000009305;154 725 886;A01;1;7;0;2;7;1;1;
202000009306;154 725 884;A01;-1;99;0;1;2;26;0;
202000009307;154 725 882;A01;0;7;0;2;2;15;1;
202000009307;154 725 883;B01;3;2;0;2;1;26;1;
202000009308;154 725 880;A01;3;1;1;2;5;2;0;
202000009308;154 725 881;Y01;3;60;0;2;2;0;5;
202000009309;154 725 879;A01;1;3;0;1;7;14;1;
202000009310;154 725 878;A01;2;7;0;1;1;1;1;
202000009311;154 725 877;A01;1;30;3;0;2;15;1;
202000009312;154 725 875;B01;2;32;0;2;1;0;1;
202000009312;154 725 876;A01;0;7;0;2;3;15;1;
202000009313;154 725 874;A01;1;33;0;1;2;13;1;
202000009314;154 725 872;A01;1;7;0;2;2;1;1;
202000009314;154 725 873;B01;3;7;0;2;3;9;1;
202000009315;154 725 870;A01;2;15;0;2;2;1;1;
202000009315;154 725 871;B01;1;10;0;2;8;16;1;
202000009316;154 725 868;A01;1;7;0;2;1;1;1;
202000009316;154 725 869;B01;1;7;0;2;1;1;1;
202000009317;154 725 867;A01;3;7;2;0;2;1;0;
202000009318;154 725 866;A01;1;2;13;0;1;1;1;
202000009319;154 725 864;A01;1;7;2;0;1;1;1;
202000009320;154 725 863;A01;2;7;13;0;1;13;1;
202000009321;154 725 860;C01;2;7;0;2;5;21;1;
202000009321;154 725 861;B01;1;33;0;2;4;13;1;
202000009321;154 725 862;A01;1;7;0;2;3;2;1;
202000009322;154 725 859;A01;2;30;0;0;0;1;1;
202000009323;154 725 858;A01;2;10;13;0;1;1;1;
202000009324;154 725 857;A01;2;7;15;0;1;1;1;
202000009325;154 725 855;B01;1;15;0;2;6;1;1;
202000009325;154 725 856;A01;2;7;13;2;3;13;1;
202000009326;154 725 854;A01;1;21;0;1;1;1;1;
202000009327;154 725 852;A01;0;80;0;2;5;1;3;
202000009327;154 725 853;B01;0;7;0;2;2;1;1;
202000009328;154 725 851;A01;3;7;2;0;1;1;1;
202000009329;154 725 849;A01;2;7;0;2;1;13;1;
202000009329;154 725 850;B01;1;10;0;2;8;1;1;
202000009330;154 725 847;B01;1;7;0;0;7;26;1;
202000009330;154 725 848;A01;1;7;0;2;3;1;1;
202000009331;154 725 845;B01;2;7;0;2;1;1;1;
202000009331;154 725 846;A01;1;7;0;2;1;13;1;
202000009332;154 725 844;A01;3;33;13;0;1;1;1;
202000009333;154 725 843;A01;1;7;13;1;3;1;1;
202000009334;154 725 842;A01;2;2;3;0;1;13;1;
202000009335;154 725 841;A01;2;1;16;0;1;15;5;
202000009336;154 725 840;A01;2;7;3;0;1;1;1;
202000009337;154 725 839;A01;1;7;15;0;1;1;1;
202000009338;154 725 837;A01;2;17;13;0;2;6;1;
202000009339;154 725 836;A01;1;33;8;0;7;0;1;
202000009340;154 725 835;A01;1;10;0;1;7;0;0;
202000009341;154 725 834;A01;2;7;12;0;1;1;1;
202000009342;154 725 833;A01;1;7;0;0;4;13;1;
202000009343;154 725 831;B01;1;7;0;2;1;1;1;
202000009343;154 725 832;A01;2;7;0;2;1;13;1;
202000009344;154 725 830;A01;3;7;0;1;2;1;1;
202000009345;154 725 828;A01;0;7;0;9;3;5;1;
202000009345;154 725 829;B01;2;33;0;2;8;1;1;
202000009346;154 725 826;B01;1;10;0;2;1;1;1;
202000009346;154 725 827;A01;1;7;8;2;2;1;1;
202000009347;154 725 824;B01;2;2;0;2;3;1;1;
202000009347;154 725 825;A01;2;7;0;2;2;17;1;
202000009348;154 725 822;A01;1;7;0;2;1;19;1;
202000009348;154 725 823;B01;1;7;0;2;8;1;1;
202000009349;154 725 821;A01;0;2;13;0;2;1;1;
202000009350;154 725 820;A01;3;7;13;0;8;13;1;
202000009351;154 725 815;B01;1;7;0;0;4;1;1;
202000009351;154 725 816;A01;1;10;0;2;1;2;1;
202000009352;154 725 814;A01;2;7;0;0;0;2;1;
202000009353;154 725 812;A01;1;34;0;2;7;26;1;
202000009353;154 725 813;B01;1;7;0;2;8;26;1;
202000009354;154 725 810;A01;2;7;0;2;1;1;1;
202000009354;154 725 811;B01;2;7;0;2;4;1;1;
202000009355;154 725 808;B01;2;7;0;2;4;23;1;
202000009355;154 725 809;A01;2;7;1;0;1;2;1;
202000009356;154 725 801;E01;1;7;0;2;4;2;6;
202000009356;154 725 802;D01;1;17;0;2;8;21;1;
202000009356;154 725 803;A01;1;13;1;0;1;1;1;
202000009356;154 725 804;B01;1;10;1;2;4;23;1;
202000009356;154 725 805;C01;1;7;0;2;4;23;1;
202000009356;154 725 806;F01;1;10;0;2;7;2;1;
202000009356;154 725 807;G01;1;7;0;2;1;2;1;
202000009357;154 725 799;B01;1;7;0;2;4;0;1;
202000009357;154 725 800;A01;1;17;0;2;1;0;1;
202000009358;154 725 797;B01;2;33;0;2;2;3;1;
202000009358;154 725 798;A01;2;7;0;2;6;11;1;
202000009359;154 725 794;C01;1;7;0;2;6;1;1;
202000009359;154 725 795;B01;1;33;0;2;8;3;1;
202000009359;154 725 796;A01;1;10;0;2;2;12;1;
202000009360;154 725 792;A01;1;10;0;2;8;11;1;
202000009360;154 725 793;B01;1;7;0;2;1;1;1;
202000009361;154 725 790;B01;1;7;0;2;4;1;1;
202000009361;154 725 791;A01;1;7;0;2;1;1;1;
202000009362;154 725 788;B01;2;7;0;2;3;1;1;
202000009362;154 725 789;A01;2;7;14;2;3;17;1;
202000009363;154 725 787;A01;2;10;0;1;1;1;1;
202000009364;154 725 785;A01;1;7;0;2;8;15;1;
202000009364;154 725 786;B01;2;7;0;2;3;1;1;
202000009365;154 725 783;B01;1;30;0;2;1;1;1;
202000009365;154 725 784;A01;2;7;0;2;7;26;1;
202000009366;154 725 782;A01;3;7;12;0;9;0;1;
202000009367;154 725 780;B01;1;7;0;2;1;1;0;
202000009367;154 725 781;A01;1;7;0;2;3;1;0;
202000009368;154 725 778;B01;1;7;0;2;1;1;1;
202000009368;154 725 779;A01;1;7;0;2;3;1;1;
202000009369;154 725 777;A01;2;7;0;1;1;15;0;
202000009370;154 725 775;B01;2;7;0;2;2;26;1;
202000009370;154 725 776;A01;2;1;0;2;1;19;5;
202000009371;154 725 773;A01;2;7;0;2;1;1;1;
202000009371;154 725 774;B01;2;7;0;2;6;1;1;
202000009372;154 725 772;A01;1;7;0;1;1;1;0;
202000009373;154 725 770;A01;1;7;0;2;1;26;1;
202000009373;154 725 771;B01;1;7;0;2;1;1;1;
202000009374;154 725 769;A01;0;7;0;1;2;14;0;
202000009375;154 725 767;A01;3;7;0;2;1;9;1;
202000009375;154 725 768;B01;3;7;0;2;4;2;0;
202000009376;154 725 766;A01;3;7;0;1;1;1;1;
202000009377;154 725 764;B01;1;7;0;2;1;1;2;
202000009377;154 725 765;A01;2;7;3;2;1;1;1;
202000009378;154 725 762;B01;2;1;0;2;1;1;5;
202000009378;154 725 763;A01;1;31;0;1;1;17;1;
202000009379;154 725 760;A01;2;7;0;2;3;15;1;
202000009379;154 725 761;B01;1;30;0;2;1;1;1;
202000009380;154 725 758;B01;0;7;0;2;1;9;1;
202000009380;154 725 759;A01;0;7;0;2;1;15;1;
202000009381;154 725 755;A01;2;7;0;2;7;17;0;
202000009381;154 725 756;B01;2;1;0;2;8;13;0;
202000009382;154 725 754;A01;0;7;0;1;1;1;1;
202000009383;154 725 753;A01;3;7;6;0;1;1;1;
202000009384;154 725 752;A01;0;7;0;0;0;21;1;
202000009385;154 725 751;A01;2;7;0;1;7;17;1;
202000009386;154 725 749;A01;1;7;0;2;0;16;1;
202000009386;154 725 750;B01;2;1;0;2;1;16;5;
202000009387;154 725 748;A01;1;7;0;1;2;16;2;
202000009388;154 725 747;A01;1;30;0;0;8;26;1;
202000009389;154 725 745;Z01;3;7;0;2;0;0;0;
202000009389;154 725 746;B01;0;30;0;2;9;1;0;
202000009390;154 725 744;A01;2;7;4;0;3;9;1;
202000009391;154 725 743;A01;1;7;0;1;1;1;1;
202000009392;154 725 741;B01;1;7;0;2;3;1;1;
202000009392;154 725 742;A01;2;7;0;2;2;19;1;
202000009393;154 725 739;A01;1;7;0;2;1;1;1;
202000009393;154 725 740;B01;1;7;0;2;7;1;1;
202000009394;154 725 737;B01;3;7;0;2;5;15;1;
202000009394;154 725 738;A01;1;30;0;2;1;1;1;
202000009395;154 725 736;A01;1;7;0;1;0;0;1;
202000009396;154 725 734;A01;3;10;0;2;1;2;1;
202000009396;154 725 735;B01;3;7;0;2;4;2;1;
202000009397;154 725 733;A01;2;7;0;1;1;19;1;
202000009398;154 725 731;A01;1;7;0;2;1;1;1;
202000009398;154 725 732;B01;1;7;0;0;4;1;1;
202000009399;154 725 728;A01;2;7;0;2;7;1;1;
202000009399;154 725 729;C01;2;7;0;2;3;23;1;
202000009399;154 725 730;B01;2;7;0;2;1;1;1;
202000009400;154 725 727;A01;2;7;0;1;1;16;1;
202000009401;154 725 726;A01;1;17;0;1;3;26;1;
202000009402;154 725 724;A01;0;1;0;2;0;26;5;
202000009402;154 725 725;B01;0;7;0;2;1;1;1;
202000009403;154 725 722;A01;3;10;0;2;3;13;1;
202000009403;154 725 723;B01;2;10;0;2;3;1;1;
202000009404;154 725 721;A01;0;7;0;1;1;1;1;
202000009405;154 725 720;A01;2;7;0;1;1;1;1;
202000009406;154 725 718;B01;1;7;0;2;7;1;1;
202000009406;154 725 719;A01;1;7;0;2;1;9;1;
202000009407;154 725 716;B01;1;7;0;2;3;0;1;
202000009407;154 725 717;A01;3;7;0;2;8;23;1;
202000009408;154 725 710;C01;3;7;0;2;4;1;1;
202000009408;154 725 711;A01;3;7;0;2;1;1;1;
202000009408;154 725 712;B01;3;7;0;2;5;1;1;
202000009409;154 725 709;A01;0;30;12;0;0;1;1;
202000009410;154 725 707;B01;0;1;0;2;1;1;5;
202000009410;154 725 708;A01;0;7;0;2;3;9;1;
202000009411;154 725 706;A01;3;7;0;1;1;1;1;
202000009412;154 725 705;A01;1;7;4;0;1;1;1;
202000009413;154 725 703;B01;3;7;0;0;8;1;1;
202000009413;154 725 704;A01;3;7;0;2;1;15;1;
202000009414;154 725 701;B01;2;32;0;2;1;0;1;
202000009414;154 725 702;A01;0;7;0;2;7;0;1;
202000009415;154 725 698;B01;1;33;0;2;1;1;0;
202000009415;154 725 699;A01;1;7;0;2;1;0;0;
202000009415;154 725 700;C01;1;7;0;2;3;1;0;
202000009416;154 725 696;A01;1;7;0;2;3;1;1;
202000009416;154 725 697;C01;1;1;0;2;2;1;0;
202000009417;154 725 693;A01;1;99;0;2;3;23;1;
202000009417;154 725 694;C01;2;31;0;2;1;1;1;
202000009417;154 725 695;B01;2;7;14;0;3;1;1;
202000009418;154 725 690;C01;1;10;0;2;4;1;1;
202000009418;154 725 691;A01;1;10;0;2;1;1;1;
202000009418;154 725 692;B01;1;7;0;2;4;1;1;
202000009419;154 725 688;A01;1;7;0;2;1;19;1;
202000009419;154 725 689;B01;2;7;0;2;7;1;1;
202000009420;154 725 687;A01;2;7;4;0;0;13;1;
202000009421;154 725 686;A01;1;7;14;1;1;26;1;
202000009422;154 725 685;A01;3;7;0;1;2;1;1;
202000009423;154 725 683;A01;2;7;0;2;2;1;1;
202000009423;154 725 684;B01;3;60;0;2;5;19;5;
202000009424;154 725 681;B01;2;7;0;2;4;2;2;
202000009424;154 725 682;A01;2;32;0;2;1;2;1;
202000009425;154 725 678;B01;1;7;0;2;4;2;1;
202000009425;154 725 679;C01;1;7;0;2;4;1;1;
202000009425;154 725 680;A01;1;7;0;2;1;2;1;
202000009426;154 725 676;B01;1;33;0;2;6;1;1;
202000009426;154 725 677;A01;1;7;0;2;2;12;1;
202000009427;154 725 674;A01;2;7;0;2;6;1;1;
202000009427;154 725 675;B01;1;32;0;2;1;1;1;
202000009428;154 725 672;B01;2;30;0;2;0;23;1;
202000009428;154 725 673;A01;2;7;0;2;0;17;1;
202000009429;154 725 670;A01;1;33;8;2;1;1;1;
202000009429;154 725 671;B01;1;1;0;2;7;12;5;
202000009430;154 725 669;Z01;2;30;0;1;8;17;0;
202000009431;154 725 668;A01;1;30;0;1;1;1;0;
202000009432;154 725 666;B01;2;7;0;2;3;15;1;
202000009432;154 725 667;A01;2;2;0;2;1;17;1;
202000009433;154 725 664;B01;3;50;0;2;7;19;3;
202000009433;154 725 665;A01;3;7;0;2;2;1;1;
202000009434;154 725 663;A01;1;30;0;1;1;1;1;
202000009435;154 725 661;A01;1;7;7;2;1;9;1;
202000009435;154 725 662;B01;2;37;0;2;0;8;1;1
202000009436;154 725 659;B01;1;30;0;2;1;1;1;
202000009436;154 725 660;A01;2;50;0;2;1;15;3;
202000009437;154 725 658;Z01;1;7;0;1;3;15;1;
202000009438;154 725 657;A01;2;7;0;1;1;1;1;
202000009439;154 725 655;B01;3;7;0;2;1;1;1;
202000009439;154 725 656;A01;2;7;0;2;8;5;1;
202000009440;154 725 653;A01;2;50;0;2;1;15;3;
202000009440;154 725 654;B01;2;32;0;0;7;1;1;
202000009441;154 725 651;B01;1;33;0;2;3;1;1;
202000009441;154 725 652;A01;1;7;0;2;2;12;1;
202000009442;154 725 650;A01;2;1;0;0;0;0;5;
202000009443;154 725 648;A01;1;99;0;2;1;13;1;
202000009443;154 725 649;B01;2;1;0;2;1;1;5;
202000009444;154 725 647;A01;2;31;0;0;1;1;1;
202000009445;154 725 645;B01;1;33;0;2;1;1;1;
202000009445;154 725 646;A01;2;7;0;2;2;15;1;
202000009446;154 725 643;A01;2;7;0;9;6;15;6;
202000009446;154 725 644;B01;2;1;0;2;1;17;0;
202000009447;154 725 639;C01;2;1;0;2;0;2;5;
202000009447;154 725 640;B01;2;1;0;2;0;2;5;
202000009447;154 725 641;D01;2;1;0;2;0;2;5;
202000009447;154 725 642;A01;2;1;0;2;0;2;5;
202000009448;154 725 635;D01;1;7;0;2;4;23;1;
202000009448;154 725 636;A01;1;7;0;2;1;16;1;
202000009448;154 725 637;C01;1;7;0;0;4;23;1;
202000009448;154 725 638;B01;1;7;0;2;4;23;1;
202000009449;154 725 634;A01;0;36;0;0;1;0;1;
202000009450;154 725 632;A01;3;21;0;2;1;15;1;
202000009450;154 725 633;B01;1;7;3;2;2;1;1;
202000009451;154 725 631;A01;2;10;8;0;1;1;1;
202000009452;154 725 630;A01;2;7;0;1;1;1;1;
202000009453;154 725 625;B01;3;1;0;2;3;15;5;
202000009453;154 725 626;A01;3;7;0;2;5;1;1;
202000009454;154 725 624;A01;1;32;0;6;1;1;1;
202000009455;154 725 623;A01;1;7;13;0;1;1;1;
202000009456;154 725 622;A01;1;33;13;0;2;14;6;
202000009457;154 725 620;B01;1;15;0;2;1;1;1;
202000009457;154 725 621;A01;2;7;0;2;1;13;1;
202000009458;154 725 619;A01;2;33;3;0;3;13;1;
202000009459;154 725 618;A01;2;7;13;0;3;1;1;
202000009460;154 725 616;A01;2;21;0;2;6;15;1;
202000009460;154 725 617;B01;1;31;0;2;9;1;1;
202000009461;154 725 615;A01;1;7;0;1;1;1;1;
202000009462;154 725 614;A01;3;31;0;0;0;1;1;
202000009463;154 725 613;A01;1;33;0;0;0;1;1;
202000009464;154 725 612;A01;2;33;0;0;7;1;1;
202000009465;154 725 610;A01;0;33;0;2;1;1;1;
202000009465;154 725 611;B01;0;33;0;2;4;1;1;
202000009466;154 725 608;B01;2;31;0;2;7;1;1;
202000009466;154 725 609;A01;1;7;0;2;1;1;1;
202000009467;154 725 606;B01;1;1;0;2;1;1;5;
202000009467;154 725 607;A01;2;7;0;9;2;15;1;
202000009468;154 725 604;A01;1;17;0;2;6;15;1;
202000009468;154 725 605;B01;2;30;0;2;1;1;1;
202000009469;154 725 603;A01;1;80;0;0;0;0;3;
202000009470;154 725 601;A01;2;7;8;0;1;1;1;
202000009471;154 725 599;A01;2;7;0;2;7;13;1;
202000009471;154 725 600;B01;1;7;0;2;1;1;1;
202000009472;154 725 598;A01;0;2;6;0;7;1;1;
202000009473;154 725 597;A01;0;10;13;0;1;13;1;
202000009474;154 725 595;B01;3;1;0;0;7;2;5;
202000009474;154 725 596;A01;3;1;0;0;8;26;5;
202000009475;154 725 593;A01;1;1;1;0;1;1;5;
202000009475;154 725 594;B01;2;14;0;1;6;23;1;
202000009476;154 725 591;B01;3;7;0;9;1;1;1;
202000009476;154 725 592;A01;3;1;0;2;1;16;5;
202000009477;154 725 589;B01;2;1;0;2;4;15;5;
202000009477;154 725 590;A01;2;33;0;9;1;17;1;
202000009478;154 725 588;A01;3;1;0;0;1;0;5;
202000009479;154 725 587;A01;0;33;6;0;1;1;0;
202000009480;154 725 585;A01;2;7;0;2;6;0;1;
202000009480;154 725 586;B01;1;7;0;2;3;0;1;
202000009481;154 725 583;B01;2;1;0;2;2;17;5;
202000009481;154 725 584;A01;2;7;0;9;8;15;1;
202000009482;154 725 582;A01;1;7;0;0;0;0;1;
202000009483;154 725 581;A01;2;7;13;0;2;1;1;
202000009484;154 725 580;A01;1;33;0;0;0;1;1;
202000009485;154 725 579;A01;2;2;6;0;1;14;1;
202000009486;154 725 577;A01;2;1;0;1;8;1;5;
202000009486;154 725 578;B01;2;1;0;5;8;1;5;
202000009487;154 725 575;A01;1;10;0;2;7;17;1;
202000009487;154 725 576;B01;1;1;0;2;8;13;5;
202000009488;154 725 574;A01;0;33;0;0;2;1;1;
202000009489;154 725 573;A01;1;7;1;1;2;1;1;
202000009490;154 725 571;A01;2;7;0;2;5;15;1;
202000009490;154 725 572;B01;1;33;0;2;1;1;1;
202000009491;154 725 569;B01;1;33;0;2;3;1;1;
202000009491;154 725 570;A01;1;7;0;2;2;15;1;
202000009492;154 725 567;A01;2;7;0;2;1;2;1;
202000009492;154 725 568;B01;2;7;0;0;6;2;1;
202000009493;154 725 565;A01;2;7;3;2;6;13;1;
202000009493;154 725 566;B01;2;7;3;2;2;1;1;
202000009494;154 725 563;B01;2;7;0;2;8;13;1;
202000009494;154 725 564;A01;2;7;0;2;7;1;1;
202000009495;154 725 560;C01;1;7;0;2;4;23;1;
202000009495;154 725 561;A01;1;7;4;2;7;14;1;
202000009495;154 725 562;B01;1;7;0;2;8;1;1;
202000009496;154 725 558;Z01;1;7;0;2;1;3;1;
202000009496;154 725 559;B01;1;7;6;2;5;0;1;
202000009497;154 725 556;A01;2;7;0;2;2;1;1;
202000009497;154 725 557;B01;2;7;0;2;0;1;1;
202000009498;154 725 555;A01;2;7;4;0;2;1;1;
202000009499;154 725 554;A01;2;7;0;0;3;13;1;
202000009500;154 725 553;A01;2;33;0;0;9;1;1;
202000009501;154 725 552;A01;2;33;16;0;7;15;1;
202000009502;154 725 550;A01;1;7;0;2;6;2;1;
202000009502;154 725 551;B01;1;7;0;2;2;2;1;
202000009503;154 725 546;D01;2;7;0;2;1;2;1;
202000009503;154 725 547;B01;2;7;0;2;4;1;1;
202000009503;154 725 548;C01;2;7;0;2;4;2;1;
202000009503;154 725 549;A01;2;7;0;2;1;1;1;
202000009504;154 725 545;A01;1;10;3;0;2;1;0;
202000009505;154 725 544;A01;3;7;0;1;3;15;1;
202000009506;154 725 543;A01;3;7;0;1;3;17;1;
202000009507;154 725 541;B01;1;10;0;2;6;23;1;
202000009507;154 725 542;A01;1;31;0;2;2;2;1;
202000009508;154 725 540;A01;1;10;15;0;1;14;1;
202000009509;154 725 538;B01;2;7;0;2;8;15;1;
202000009509;154 725 539;A01;2;34;0;2;2;17;1;
202000009510;154 725 537;A01;2;7;0;0;9;1;1;
202000009511;154 725 535;A01;3;7;0;9;3;9;1;
202000009511;154 725 536;B01;3;80;0;2;1;1;3;
202000009512;154 725 533;B01;1;2;0;2;7;0;0;
202000009512;154 725 534;A01;1;7;0;9;1;16;0;
202000009513;154 725 531;A01;1;7;0;2;3;2;1;
202000009513;154 725 532;B01;1;7;0;0;5;2;1;
202000009514;154 725 529;A01;3;0;0;2;0;0;0;
202000009514;154 725 530;B01;0;7;0;2;5;17;1;
202000009515;154 725 527;B01;1;7;0;2;2;11;1;
202000009515;154 725 528;A01;1;7;0;2;8;12;1;
202000009516;154 725 526;Y01;2;50;0;2;4;1;3;
202000009517;154 725 524;B01;1;2;14;2;1;5;1;
202000009517;154 725 525;A01;1;7;0;2;1;1;1;
202000009518;154 725 523;A01;3;7;0;1;2;26;1;
202000009519;154 725 520;C01;1;7;0;2;1;2;1;
202000009519;154 725 521;B01;1;7;0;2;9;2;1;
202000009519;154 725 522;A01;1;7;0;0;5;23;1;
202000009520;154 725 519;A01;1;7;0;1;1;1;1;
202000009521;154 725 518;Z01;1;31;1;0;1;15;0;
202000009522;154 725 515;B01;1;7;0;2;0;15;1;
202000009522;154 725 516;C01;1;7;0;2;8;15;1;
202000009522;154 725 517;A01;2;7;0;1;3;26;1;
202000009523;154 725 514;A01;1;32;4;0;1;26;1;
202000009524;154 725 512;A01;3;7;0;2;8;15;1;
202000009524;154 725 513;B01;3;2;0;2;1;1;1;
202000009525;154 725 510;A01;2;30;0;2;7;1;1;
202000009525;154 725 511;B01;2;7;0;2;1;1;1;
202000009526;154 725 508;B01;2;7;0;2;5;0;1;
202000009526;154 725 509;A01;2;7;15;2;1;26;1;
202000009527;154 725 506;B01;1;7;0;2;1;1;1;
202000009527;154 725 507;A01;2;7;0;2;1;1;1;
202000009528;154 725 504;B01;2;1;0;2;3;1;5;
202000009528;154 725 505;A01;1;7;0;2;3;15;1;
202000009529;154 725 502;A01;3;7;0;2;8;15;1;
202000009529;154 725 503;B01;3;31;0;2;1;17;1;
202000009530;154 725 501;A01;3;7;0;1;4;4;1;
202000009531;154 725 499;A01;0;7;0;2;8;24;1;
202000009531;154 725 500;B01;2;1;1;0;1;1;5;
202000009532;154 725 497;A01;3;7;0;2;2;10;1;
202000009532;154 725 498;B01;3;33;0;2;8;2;1;
202000009533;154 725 494;A01;2;7;14;2;1;26;1;
202000009533;154 725 495;B01;3;7;0;2;4;23;1;
202000009533;154 725 496;C01;3;7;0;2;4;23;1;
202000009534;154 725 492;X01;0;7;0;1;0;0;0;
202000009535;154 725 490;B01;1;7;0;2;4;23;1;
202000009535;154 725 491;A01;1;15;0;2;1;15;1;
202000009536;154 725 488;B01;2;32;0;2;1;1;1;
202000009536;154 725 489;A01;1;7;0;2;1;15;0;
202000009537;154 725 486;B01;1;7;0;2;1;1;1;
202000009537;154 725 487;A01;2;7;0;2;1;1;1;
202000009538;154 725 484;A01;1;31;0;2;1;7;1;
202000009538;154 725 485;B01;1;7;0;2;7;16;1;
202000009539;154 725 483;A01;0;7;0;1;1;1;1;
202000009540;154 725 481;B01;1;34;0;2;4;2;1;
202000009540;154 725 482;Z01;0;7;0;2;1;9;0;
202000009541;154 725 480;A01;2;7;0;1;1;16;1;
202000009542;154 725 478;A01;1;10;13;2;1;21;1;
202000009542;154 725 479;B01;2;33;0;2;1;13;1;
202000009543;154 725 476;B01;3;7;0;2;7;15;1;
202000009543;154 725 477;A01;3;7;0;2;1;1;1;
202000009544;154 725 474;B01;2;2;0;2;1;1;1;
202000009544;154 725 475;A01;1;7;0;2;3;13;1;
202000009545;154 725 473;A01;1;7;1;0;3;1;1;
202000009546;154 725 472;A01;3;7;2;0;8;1;1;
202000009547;154 725 470;A01;0;10;0;2;1;2;1;
202000009547;154 725 471;B01;0;7;0;2;4;0;1;
202000009548;154 725 468;B01;2;7;0;2;3;2;0;
202000009548;154 725 469;A01;2;32;0;2;4;21;0;
202000009549;154 725 464;C01;2;31;0;2;5;1;1;
202000009549;154 725 465;B01;2;7;0;2;6;1;1;
202000009549;154 725 466;A01;2;7;0;2;2;3;1;
202000009550;154 725 462;A01;2;7;4;2;2;12;2;
202000009550;154 725 463;B01;2;7;0;2;1;1;1;
202000009551;154 725 460;B01;0;7;0;2;2;1;1;
202000009551;154 725 461;A01;1;2;0;2;8;11;1;
202000009552;154 725 458;A01;1;7;0;2;2;2;1;
202000009552;154 725 459;B01;1;31;0;2;4;23;1;
202000009553;154 725 457;Z01;1;34;0;1;1;1;1;
202000009554;154 725 455;A01;1;7;0;2;4;2;1;
202000009554;154 725 456;B01;1;33;0;2;1;2;1;
202000009555;154 725 453;A01;1;7;0;2;2;1;2;
202000009555;154 725 454;B01;1;7;0;2;2;1;1;
202000009556;154 725 452;A01;2;30;12;0;8;1;3;
202000009557;154 725 451;A01;1;1;1;0;5;1;5;
202000009558;154 725 450;A01;2;30;0;0;7;1;1;
202000009559;154 725 448;Z01;0;7;0;2;3;15;0;
202000009559;154 725 449;A01;3;2;12;2;8;1;1;
202000009560;154 725 445;C01;1;7;0;2;4;2;1;
202000009560;154 725 446;B01;1;7;0;2;4;2;1;
202000009560;154 725 447;A01;1;7;0;2;1;2;1;
202000009561;154 725 444;A01;1;30;12;0;8;21;3;
202000009562;154 725 443;A01;1;50;12;0;9;26;3;
202000009563;154 725 442;A01;0;30;0;1;0;25;1;
202000009564;154 725 441;A01;3;7;0;1;1;9;0;
202000009565;154 725 440;A01;2;30;0;1;1;1;1;
202000009566;154 725 438;B01;3;7;0;9;0;0;1;
202000009566;154 725 439;A01;3;30;0;2;1;15;1;
202000009567;154 725 437;A01;2;32;0;1;1;21;1;
202000009568;154 725 435;A01;1;10;0;2;2;16;1;
202000009568;154 725 436;B01;1;2;0;2;3;2;1;
202000009569;154 725 433;B01;2;7;0;2;1;11;1;
202000009569;154 725 434;A01;1;2;0;2;1;17;1;
202000009570;154 725 431;A01;-1;10;0;0;5;0;1;
202000009570;154 725 432;B01;-1;7;0;2;3;0;1;
202000009571;154 725 429;B01;3;7;0;2;3;15;1;
202000009571;154 725 430;A01;3;1;0;2;1;1;5;
202000009572;154 725 428;A01;1;33;0;0;7;1;1;
202000009573;154 725 426;B01;3;2;14;0;1;1;1;
202000009573;154 725 427;A01;3;7;0;0;4;23;1;
202000009574;154 725 425;A01;1;7;0;1;1;26;1;
202000009575;154 725 423;B01;1;7;13;0;6;1;1;
202000009575;154 725 424;A01;1;7;4;2;2;17;1;
202000009576;154 725 421;A01;1;7;0;2;2;15;1;
202000009576;154 725 422;B01;2;1;0;2;1;1;5;
202000009577;154 725 420;A01;2;33;0;0;0;1;1;
202000009578;154 725 418;A01;2;7;0;0;3;9;1;
202000009578;154 725 419;B01;2;7;0;2;1;1;1;
202000009579;154 725 417;A01;3;7;13;0;0;0;1;
202000009580;154 725 413;A01;3;7;6;2;1;19;1;
202000009580;154 725 414;B01;1;7;6;2;2;1;1;
202000009581;154 725 410;A01;2;7;0;0;5;0;0;
202000009581;154 725 411;C01;2;1;0;2;8;1;0;
202000009581;154 725 412;D01;2;1;0;2;8;1;0;