num_acc;id_vehicule;num_veh;senc;catv;obs;obsm;choc;manv;motor;occutc
202000009582;154 725 408;A01;1;33;0;0;2;1;1;
202000009583;154 725 407;A01;2;7;0;0;9;11;1;
202000009584;154 725 405;B01;2;7;0;2;2;1;1;
202000009584;154 725 406;A01;1;7;0;2;1;15;1;
202000009585;154 725 403;A01;2;7;0;9;1;13;1;
202000009585;154 725 404;B01;2;80;0;2;8;13;3;
202000009586;154 725 402;A01;3;36;13;0;2;0;1;
202000009587;154 725 401;A01;1;33;0;0;8;1;1;
202000009588;154 725 400;A01;2;7;13;0;2;1;1;
202000009589;154 725 398;B01;2;21;0;0;6;15;0;
202000009589;154 725 399;A01;2;33;0;2;1;17;0;
202000009590;154 725 397;A01;2;33;3;0;7;21;1;
202000009591;154 725 396;A01;2;33;3;0;0;1;1;
202000009592;154 725 395;A01;1;33;0;0;1;1;1;
202000009593;154 725 394;A01;2;7;0;1;2;2;1;
202000009594;154 725 391;A01;0;7;0;1;1;1;1;
202000009595;154 725 389;B01;3;1;0;2;1;26;5;
202000009595;154 725 390;A01;3;7;0;2;2;13;1;
202000009596;154 725 388;A01;0;2;0;0;0;0;1;
202000009597;154 725 386;B01;2;7;0;2;2;19;1;
202000009597;154 725 387;A01;2;7;13;0;1;1;1;
202000009598;154 725 385;A01;1;7;15;0;0;1;1;
202000009599;154 725 383;A01;2;10;0;9;3;0;1;
202000009599;154 725 384;B01;1;1;0;2;7;0;5;
202000009600;154 725 381;B01;3;7;0;2;3;1;1;
202000009600;154 725 382;A01;3;31;0;2;3;1;1;
202000009601;154 725 380;A01;1;7;2;0;1;14;1;
202000009602;154 725 377;A01;1;7;0;2;3;17;1;
202000009602;154 725 378;C01;1;33;0;2;4;1;1;
202000009602;154 725 379;B01;1;33;0;2;1;1;1;
202000009603;154 725 376;A01;2;7;10;0;1;11;1;
202000009604;154 725 374;A01;1;33;0;2;1;13;1;
202000009604;154 725 375;B01;2;7;0;2;1;1;1;
202000009605;154 725 373;A01;1;7;2;0;9;16;1;
202000009606;154 725 372;A01;1;33;0;0;1;1;1;
202000009607;154 725 370;A01;2;7;0;2;1;13;1;
202000009607;154 725 371;B01;1;7;0;2;1;1;1;
202000009608;154 725 368;B01;2;33;0;2;8;15;1;
202000009608;154 725 369;A01;1;7;0;2;3;15;1;
202000009609;154 725 365;B01;1;7;0;0;6;1;1;
202000009609;154 725 366;A01;1;33;0;2;1;17;1;
202000009609;154 725 367;C01;2;7;0;0;8;1;1;
202000009610;154 725 363;A01;2;7;0;2;1;13;1;
202000009610;154 725 364;B01;1;7;0;2;1;23;1;
202000009611;154 725 362;A01;0;33;6;0;3;1;1;
202000009612;154 725 361;A01;0;7;2;0;1;0;1;
202000009613;154 725 359;B01;2;7;0;2;8;1;1;
202000009613;154 725 360;A01;3;7;0;2;1;1;1;
202000009614;154 725 357;B01;1;10;0;0;8;15;1;
202000009614;154 725 358;A01;1;2;0;2;2;17;1;
202000009615;154 725 355;A01;1;7;0;2;1;1;1;
202000009615;154 725 356;B01;2;33;0;2;1;2;1;
202000009616;154 725 354;A01;2;33;13;0;0;17;1;
202000009617;154 725 353;A01;1;7;16;0;9;14;1;
202000009618;154 725 351;B01;2;7;0;2;2;2;1;
202000009618;154 725 352;A01;2;21;13;0;4;1;1;
202000009619;154 725 348;B01;1;7;0;2;4;2;1;
202000009619;154 725 349;C01;1;7;0;0;4;2;1;
202000009619;154 725 350;A01;1;7;0;2;1;2;1;
202000009620;154 725 343;E01;2;7;0;2;1;2;1;
202000009620;154 725 344;D01;2;7;0;0;3;1;1;
202000009620;154 725 345;C01;2;7;0;2;3;1;1;
202000009620;154 725 346;B01;2;7;0;2;2;2;1;
202000009620;154 725 347;A01;2;7;0;0;3;1;1;
202000009621;154 725 342;A01;1;10;8;0;2;14;1;
202000009622;154 725 341;A01;2;7;2;0;1;1;1;
202000009623;154 725 339;B01;2;34;0;2;1;1;1;
202000009623;154 725 340;A01;1;7;0;2;8;9;1;
202000009624;154 725 337;A01;2;2;0;2;3;1;1;
202000009624;154 725 338;B01;1;7;0;2;3;1;1;
202000009625;154 725 336;A01;1;7;13;0;2;1;0;
202000009626;154 725 335;A01;3;31;16;0;1;0;1;
202000009627;154 725 333;B01;2;7;13;2;1;1;0;
202000009627;154 725 334;A01;3;10;13;2;2;1;0;
202000009628;154 725 331;B01;2;1;0;2;7;19;5;
202000009628;154 725 332;A01;2;7;0;9;1;1;1;
202000009629;154 725 329;A01;1;33;0;2;1;1;1;
202000009629;154 725 330;B01;3;21;0;2;4;19;1;
202000009630;154 725 326;A01;1;7;0;2;1;1;1;
202000009630;154 725 327;C01;2;7;0;2;8;1;1;
202000009630;154 725 328;B01;2;7;0;2;1;1;1;
202000009631;154 725 325;A01;2;10;0;0;9;1;1;
202000009632;154 725 324;A01;1;7;13;0;1;0;1;
202000009633;154 725 322;B01;0;31;0;2;7;1;0;
202000009633;154 725 323;A01;0;7;0;2;1;1;0;
202000009634;154 725 320;A01;1;7;0;2;3;11;1;
202000009634;154 725 321;B01;1;34;0;2;1;1;1;
202000009635;154 725 319;Z01;2;34;0;1;1;19;0;
202000009636;154 725 317;A01;0;31;0;2;1;2;0;
202000009636;154 725 318;B01;0;10;0;9;4;23;1;
202000009637;154 725 314;A01;2;7;0;2;1;1;1;
202000009637;154 725 315;B01;2;7;0;2;4;23;1;
202000009637;154 725 316;C01;2;15;0;2;4;23;1;
202000009638;154 725 311;B01;2;7;0;2;3;13;1;
202000009638;154 725 312;A01;2;30;0;2;2;1;1;
202000009638;154 725 313;C01;1;7;0;2;3;1;1;
202000009639;154 725 310;A01;0;7;0;1;8;9;1;
202000009640;154 725 308;A01;1;32;0;2;2;15;1;
202000009640;154 725 309;B01;2;99;0;2;3;1;3;
202000009641;154 725 307;A01;1;33;0;0;0;15;1;
202000009642;154 725 305;A01;2;1;0;2;0;18;5;
202000009642;154 725 306;B01;2;7;0;2;2;14;1;
202000009643;154 725 304;Z01;1;7;15;1;0;26;0;
202000009644;154 725 302;B01;3;7;0;2;5;16;1;
202000009644;154 725 303;A01;3;30;0;2;3;16;1;
202000009645;154 725 301;Z01;2;7;0;1;3;13;1;
202000009646;154 725 299;B01;2;7;0;2;3;0;1;
202000009646;154 725 300;A01;1;7;0;2;3;13;1;
202000009647;154 725 297;B01;3;7;0;2;1;1;1;
202000009647;154 725 298;A01;3;7;0;2;1;15;1;
202000009648;154 725 295;A01;2;7;0;2;3;9;1;
202000009648;154 725 296;B01;2;1;0;2;7;1;5;
202000009649;154 725 294;A01;1;10;0;1;7;1;1;
202000009650;154 725 291;A01;2;10;0;2;1;5;1;
202000009650;154 725 292;C01;2;7;0;2;4;2;1;
202000009650;154 725 293;B01;1;7;0;2;1;1;0;
202000009651;154 725 288;A01;2;7;0;2;5;12;1;
202000009651;154 725 289;B01;2;32;0;2;1;3;1;
202000009651;154 725 290;C01;2;7;0;2;3;1;1;
202000009652;154 725 286;A01;2;7;0;2;7;12;1;
202000009652;154 725 287;B01;2;32;0;2;3;3;1;
202000009653;154 725 284;B01;1;10;0;2;6;2;1;
202000009653;154 725 285;A01;1;43;0;2;1;3;1;
202000009654;154 725 282;B01;2;10;0;2;4;2;1;
202000009654;154 725 283;A01;2;10;0;2;1;2;1;
202000009655;154 725 280;A01;1;1;0;2;7;15;5;
202000009655;154 725 281;B01;1;33;0;2;1;1;1;
202000009656;154 725 278;A01;1;2;0;2;1;1;1;
202000009656;154 725 279;B01;3;7;0;2;5;1;1;
202000009657;154 725 276;A01;2;1;0;2;5;1;5;
202000009657;154 725 277;B01;1;1;0;2;5;1;5;
202000009658;154 725 275;A01;2;32;0;1;5;17;1;
202000009659;154 725 274;A01;1;30;0;0;0;1;1;
202000009660;154 725 273;A01;1;7;0;1;2;1;1;
202000009661;154 725 271;A01;1;10;0;2;7;1;1;
202000009661;154 725 272;B01;1;10;0;2;1;1;6;
202000009662;154 725 269;A01;2;7;0;2;2;1;2;
202000009662;154 725 270;B01;2;1;0;2;0;1;5;
202000009663;154 725 267;A01;3;7;0;2;3;1;1;
202000009663;154 725 268;B01;3;33;0;2;5;1;1;
202000009664;154 725 265;B01;2;33;0;2;7;1;0;
202000009664;154 725 266;A01;2;7;0;2;1;15;1;
202000009665;154 725 264;A01;1;30;14;0;7;14;1;
202000009666;154 725 262;B01;2;1;0;2;1;1;0;
202000009666;154 725 263;A01;2;7;0;2;3;9;1;
202000009667;154 725 260;A01;1;10;0;2;3;22;1;
202000009667;154 725 261;B01;1;1;0;2;2;1;5;
202000009668;154 725 258;A01;1;30;0;2;7;15;1;
202000009668;154 725 259;B01;1;30;0;2;1;1;1;
202000009669;154 725 256;A01;2;33;0;2;6;1;1;
202000009669;154 725 257;Z01;2;1;0;2;1;19;5;
202000009670;154 725 254;B01;1;1;0;2;1;1;5;
202000009670;154 725 255;A01;1;7;0;2;7;22;2;
202000009671;154 725 253;A01;2;43;0;1;1;1;1;
202000009672;154 725 251;B01;1;32;0;2;1;1;1;
202000009672;154 725 252;A01;1;7;0;2;6;1;1;
202000009673;154 725 249;A01;1;1;0;2;1;5;5;
202000009673;154 725 250;B01;1;7;0;2;6;1;1;
202000009674;154 725 247;A01;1;7;0;2;2;1;1;
202000009674;154 725 248;B01;1;33;0;2;4;17;1;
202000009675;154 725 246;A01;1;2;0;0;0;1;3;
202000009676;154 725 244;A01;1;7;0;2;0;0;1;
202000009676;154 725 245;B01;1;7;0;0;0;0;1;
202000009677;154 725 242;A01;2;7;14;0;3;2;1;
202000009677;154 725 243;B01;2;7;0;0;5;0;1;
202000009678;154 725 241;A01;1;30;0;1;1;18;1;
202000009679;154 725 239;A01;1;10;0;2;4;16;1;
202000009679;154 725 240;B01;1;10;0;2;0;0;1;
202000009680;154 725 237;A01;1;7;0;2;1;2;0;
202000009680;154 725 238;B01;1;7;0;2;4;2;0;
202000009681;154 725 236;A01;1;37;0;0;0;1;0;3
202000009682;154 725 234;A01;1;7;0;2;3;26;1;
202000009682;154 725 235;B01;1;30;0;2;1;1;1;
202000009683;154 725 232;A01;2;7;0;2;1;15;1;
202000009683;154 725 233;B01;1;34;0;2;7;1;1;
202000009684;154 725 230;A01;1;32;0;2;4;1;0;
202000009684;154 725 231;Z01;1;0;0;2;1;17;0;
202000009685;154 725 228;A01;1;7;0;2;2;10;1;
202000009685;154 725 229;B01;1;32;0;2;1;1;1;
202000009686;154 725 227;A01;2;31;12;0;1;13;1;
202000009687;154 725 225;B01;0;1;0;2;8;5;5;
202000009687;154 725 226;A01;1;7;0;2;1;1;1;
202000009688;154 725 222;A01;1;7;11;0;1;16;1;
202000009688;154 725 223;B01;1;7;3;2;4;16;1;
202000009688;154 725 224;C01;1;17;0;2;1;0;1;
202000009689;154 725 220;A01;1;14;0;2;3;11;1;
202000009689;154 725 221;B01;1;10;0;2;7;21;1;
202000009690;154 725 218;A01;2;7;0;2;1;1;0;
202000009690;154 725 219;B01;1;7;0;2;3;16;0;
202000009691;154 725 216;A01;3;7;0;2;3;26;1;
202000009691;154 725 217;B01;3;7;0;2;1;1;1;
202000009692;154 725 214;A01;1;7;6;2;7;2;1;
202000009692;154 725 215;B01;1;1;0;2;8;15;5;
202000009693;154 725 211;B01;0;7;0;2;1;1;1;
202000009693;154 725 212;C01;0;7;0;2;3;2;1;
202000009693;154 725 213;A01;0;7;0;2;1;13;1;
202000009694;154 725 209;A01;1;7;0;0;5;17;1;
202000009694;154 725 210;B01;1;2;0;2;3;2;1;
202000009695;154 725 207;A01;2;7;1;1;3;5;1;
202000009695;154 725 208;B01;2;7;0;1;6;26;1;
202000009696;154 725 203;B01;2;1;0;2;4;1;5;
202000009696;154 725 204;A01;2;7;0;2;2;1;1;
202000009697;154 725 201;A01;2;7;0;2;1;1;6;
202000009697;154 725 202;B01;2;31;0;0;5;1;6;
202000009698;154 725 200;A01;1;7;2;0;1;13;1;
202000009699;154 725 197;A01;0;1;0;2;7;13;5;
202000009699;154 725 198;B01;0;7;0;2;3;18;1;
202000009700;154 725 195;A01;1;7;0;2;7;19;1;
202000009700;154 725 196;B01;2;33;0;2;1;1;1;
202000009701;154 725 194;A01;2;33;9;0;1;1;1;
202000009702;154 725 193;A01;2;7;15;0;3;1;6;
202000009703;154 725 192;A01;1;7;13;0;3;1;1;
202000009704;154 725 190;A01;3;1;1;2;1;2;5;
202000009704;154 725 191;B01;3;7;0;0;4;2;1;
202000009705;154 725 188;A01;3;10;0;2;3;3;1;
202000009705;154 725 189;B01;0;2;0;2;1;1;1;
202000009706;154 725 186;B01;1;7;0;2;8;15;1;
202000009706;154 725 187;A01;1;33;0;2;1;2;1;
202000009707;154 725 184;B01;2;14;0;0;0;0;1;
202000009707;154 725 185;A01;1;36;16;0;1;21;1;
202000009708;154 725 183;A01;1;7;0;0;0;1;1;
202000009709;154 725 178;A01;1;7;0;2;1;15;1;
202000009709;154 725 179;B01;2;1;0;2;1;0;5;
202000009710;154 725 177;A01;0;32;0;0;1;2;1;
202000009711;154 725 176;A01;2;3;0;0;0;1;1;
202000009712;154 725 175;A01;0;7;0;1;4;4;1;
202000009713;154 725 173;B01;3;2;1;0;1;2;1;
202000009713;154 725 174;A01;3;7;1;0;0;2;1;
202000009714;154 725 171;A01;2;7;0;2;3;10;1;
202000009714;154 725 172;B01;2;13;0;2;2;1;1;
202000009715;154 725 169;B01;3;7;0;2;3;1;1;
202000009715;154 725 170;A01;3;1;0;2;0;1;5;
202000009716;154 725 168;A01;2;10;0;1;1;1;1;
202000009717;154 725 166;B01;2;7;0;2;3;15;1;
202000009717;154 725 167;A01;1;33;0;2;1;1;1;
202000009718;154 725 165;A01;2;7;0;0;9;2;1;
202000009719;154 725 164;A01;0;3;6;1;1;1;1;
202000009720;154 725 162;A01;3;7;0;2;8;15;1;
202000009720;154 725 163;B01;3;31;0;2;1;26;1;
202000009721;154 725 160;B01;2;7;3;2;3;1;1;
202000009721;154 725 161;A01;1;7;0;2;3;13;1;
202000009722;154 725 158;C01;2;17;0;2;1;1;1;
202000009722;154 725 159;A01;1;10;0;0;0;1;1;
202000009723;154 725 156;B01;1;14;0;0;4;1;1;
202000009723;154 725 157;A01;1;7;0;2;3;2;1;
202000009724;154 725 155;A01;2;33;0;1;3;26;1;
202000009725;154 725 154;A01;2;7;3;0;3;1;1;
202000009726;154 725 151;C01;1;17;0;0;5;2;1;
202000009726;154 725 152;B01;1;17;0;0;4;2;1;
202000009726;154 725 153;A01;1;7;0;2;1;9;1;
202000009727;154 725 150;A01;0;7;6;0;3;1;1;
202000009728;154 725 148;B01;2;7;0;2;2;21;1;
202000009728;154 725 149;A01;1;7;0;2;3;17;1;
202000009729;154 725 147;A01;0;7;0;1;2;1;1;
202000009730;154 725 145;A01;1;10;0;0;8;15;1;
202000009730;154 725 146;B01;1;34;0;2;1;17;1;
202000009731;154 725 144;A01;3;2;0;1;1;1;1;
202000009732;154 725 143;A01;2;33;8;0;1;1;1;
202000009733;154 725 141;A01;2;7;0;2;3;1;1;
202000009733;154 725 142;B01;1;7;0;2;5;26;1;
202000009734;154 725 139;A01;2;7;0;2;3;26;1;
202000009734;154 725 140;B01;2;33;0;2;2;1;1;
202000009735;154 725 137;A01;2;7;0;2;3;15;1;
202000009735;154 725 138;B01;1;33;0;2;1;2;1;
202000009736;154 725 135;A01;3;33;0;2;1;1;1;
202000009736;154 725 136;B01;3;7;0;0;6;10;1;
202000009737;154 725 134;A01;1;10;0;1;1;11;1;
202000009738;154 725 131;A01;2;7;1;2;2;1;1;
202000009738;154 725 132;B01;2;7;1;0;6;24;1;
202000009738;154 725 133;D01;1;7;0;2;8;1;1;
202000009739;154 725 129;B01;1;31;0;2;4;1;1;
202000009739;154 725 130;A01;1;7;0;2;3;14;1;
202000009740;154 725 127;B01;1;7;0;2;1;1;1;
202000009740;154 725 128;A01;1;7;0;2;0;0;1;
202000009741;154 725 126;A01;1;33;0;0;0;26;1;
202000009742;154 725 124;B01;1;10;0;2;1;1;1;
202000009742;154 725 125;A01;1;10;0;2;4;1;1;
202000009743;154 725 122;B01;1;10;0;2;1;2;1;
202000009743;154 725 123;A01;1;10;0;2;4;1;1;
202000009744;154 725 121;A01;2;7;3;0;1;14;0;
202000009745;154 725 119;B01;1;7;0;2;5;1;1;
202000009745;154 725 120;A01;1;33;0;2;3;3;1;
202000009746;154 725 117;A01;2;33;0;2;1;13;1;
202000009746;154 725 118;B01;2;7;0;2;4;1;1;
202000009747;154 725 116;A01;1;33;0;2;1;26;1;
202000009748;154 725 114;B01;1;7;0;2;4;2;1;
202000009748;154 725 115;A01;1;7;0;2;1;2;1;
202000009749;154 725 112;B01;1;7;0;2;2;1;1;
202000009749;154 725 113;A01;1;32;0;2;3;11;1;
202000009750;154 725 110;B01;2;7;0;2;4;2;1;
202000009750;154 725 111;A01;2;7;0;2;1;2;1;
202000009751;154 725 108;B01;1;33;0;2;8;1;1;
202000009751;154 725 109;A01;1;7;0;2;2;12;1;
202000009752;154 725 106;B01;2;34;0;2;3;1;1;
202000009752;154 725 107;A01;2;32;0;2;7;12;1;
202000009753;154 725 105;A01;2;7;4;2;5;14;1;
202000009754;154 725 103;A01;2;33;0;2;1;3;1;
202000009754;154 725 104;B01;2;7;0;2;6;11;1;
202000009755;154 725 100;C01;2;7;0;2;5;1;1;
202000009755;154 725 101;B01;2;7;0;2;2;1;1;
202000009755;154 725 102;A01;2;7;0;2;3;13;1;
202000009756;154 725 097;C01;2;7;0;2;4;2;1;
202000009756;154 725 098;B01;2;7;0;2;4;2;1;
202000009756;154 725 099;A01;2;10;0;2;1;2;1;
202000009757;154 725 095;A01;2;33;0;2;1;1;1;
202000009757;154 725 096;B01;2;7;0;2;4;1;1;
202000009758;154 725 094;A01;1;7;0;1;1;16;1;
202000009759;154 725 093;A01;3;7;0;1;2;1;1;
202000009760;154 725 090;C01;1;2;0;2;4;26;1;
202000009760;154 725 091;B01;1;2;0;2;4;26;1;
202000009760;154 725 092;A01;1;2;0;2;4;26;1;
202000009761;154 725 087;C01;3;7;14;0;0;0;1;
202000009761;154 725 088;B01;3;7;14;0;0;0;1;
202000009761;154 725 089;A01;3;7;14;0;4;26;1;
202000009762;154 725 084;A01;3;7;0;2;7;12;1;
202000009762;154 725 085;B01;3;33;0;2;6;3;1;
202000009762;154 725 086;C01;3;7;0;2;6;1;1;
202000009763;154 725 082;B01;1;7;0;2;6;19;1;
202000009763;154 725 083;A01;2;30;0;2;1;1;1;
202000009764;154 725 079;A01;2;7;14;0;1;1;1;
202000009764;154 725 080;B01;2;7;0;2;4;23;1;
202000009765;154 725 077;A01;1;7;0;2;1;2;1;
202000009765;154 725 078;B01;1;7;0;9;4;2;1;
202000009766;154 725 075;B01;1;1;0;2;0;1;0;
202000009766;154 725 076;A01;1;3;0;2;7;14;0;
202000009767;154 725 073;A01;2;7;0;2;3;20;1;
202000009767;154 725 074;B01;2;50;0;2;3;17;3;
202000009768;154 725 071;B01;3;33;0;2;3;9;1;
202000009768;154 725 072;A01;3;7;0;2;3;9;1;
202000009769;154 725 070;A01;1;7;0;1;2;1;1;
202000009770;154 725 067;B01;1;33;15;2;1;18;1;
202000009770;154 725 068;A01;1;7;0;2;2;16;1;
202000009771;154 725 066;A01;2;7;0;1;1;1;1;
202000009772;154 725 065;A01;2;10;2;0;7;14;1;
202000009773;154 725 064;A01;3;37;0;1;7;26;1;1
202000009774;154 725 062;B01;2;7;0;2;4;1;1;
202000009774;154 725 063;A01;2;7;0;2;1;1;1;
202000009775;154 725 058;B01;1;2;0;2;2;1;1;
202000009775;154 725 059;A01;2;7;0;2;1;15;1;
202000009776;154 725 056;B01;1;1;0;2;0;1;0;
202000009776;154 725 057;A01;1;7;0;2;1;2;1;
202000009777;154 725 055;A01;1;10;0;1;3;1;1;
202000009778;154 725 053;A01;1;33;0;2;1;17;1;
202000009778;154 725 054;B01;1;7;0;2;3;15;1;
202000009779;154 725 051;A01;1;7;0;2;8;11;1;
202000009779;154 725 052;B01;1;7;0;2;1;2;1;
202000009780;154 725 049;B01;1;1;0;2;8;2;-1;
202000009780;154 725 050;A01;1;14;0;9;0;0;1;
202000009781;154 725 047;B01;1;33;0;2;1;1;1;
202000009781;154 725 048;A01;2;10;0;2;1;15;1;
202000009782;154 725 046;A01;1;7;8;0;1;1;1;
202000009783;154 725 044;A01;3;7;0;2;4;4;1;
202000009783;154 725 045;B01;3;33;0;2;1;23;1;
202000009784;154 725 043;A01;2;1;0;1;1;1;5;
202000009785;154 725 041;A01;1;7;0;2;0;0;1;
202000009785;154 725 042;B01;1;7;0;2;0;0;1;
202000009786;154 725 040;A01;3;99;13;0;1;16;1;
202000009787;154 725 039;A01;1;7;0;1;2;19;1;
202000009788;154 725 037;A01;1;7;0;2;0;0;2;
202000009788;154 725 038;B01;1;2;0;2;1;0;1;
202000009789;154 725 035;A01;1;7;0;2;1;0;1;
202000009789;154 725 036;B01;1;7;0;2;3;0;1;
202000009790;154 725 033;B01;3;33;0;2;7;1;1;
202000009790;154 725 034;A01;1;7;0;2;8;13;1;
202000009791;154 725 030;C01;2;7;0;2;4;23;1;
202000009791;154 725 031;B01;2;7;0;2;4;23;1;
202000009791;154 725 032;A01;2;10;0;2;1;1;1;
202000009792;154 725 029;A01;1;7;0;1;3;1;0;
202000009793;154 725 027;A01;1;7;0;2;4;15;0;
202000009793;154 725 028;B01;1;2;0;2;1;1;1;
202000009794;154 725 026;A01;3;32;0;1;3;1;1;
202000009795;154 725 024;A01;1;30;0;2;8;18;1;
202000009795;154 725 025;B01;1;7;0;2;7;16;1;
202000009796;154 725 021;C01;1;7;0;2;4;1;1;
202000009796;154 725 022;A01;1;7;0;2;3;1;1;
202000009796;154 725 023;B01;2;7;0;2;3;1;1;
202000009797;154 725 020;A01;2;7;0;1;1;1;1;
202000009798;154 725 018;A01;1;7;0;2;6;15;1;
202000009798;154 725 019;B01;1;33;0;2;1;17;1;
202000009799;154 725 017;A01;0;1;0;1;1;1;5;
202000009800;154 725 015;A01;1;7;0;2;2;1;1;
202000009800;154 725 016;B01;2;7;0;2;3;1;1;
202000009801;154 725 014;A01;3;7;0;1;1;15;1;
202000009802;154 725 013;A01;0;7;0;1;4;4;1;
202000009803;154 725 012;A01;2;7;6;0;1;1;1;
202000009804;154 725 010;B01;1;33;0;2;2;17;1;
202000009804;154 725 011;A01;1;7;0;2;3;10;1;
202000009805;154 725 008;B01;3;2;0;2;2;3;1;
202000009805;154 725 009;A01;0;7;0;2;6;15;1;
202000009806;154 725 006;B01;0;7;0;2;2;26;1;
202000009806;154 725 007;A01;3;7;0;2;2;26;1;
202000009807;154 725 005;A01;0;2;0;1;1;1;3;
202000009808;154 725 004;A01;1;7;0;1;3;9;0;
202000009809;154 725 002;A01;1;7;0;2;8;15;0;
202000009809;154 725 003;B01;1;7;0;2;1;1;0;
202000009810;154 725 000;A01;2;7;0;2;1;1;0;
202000009810;154 725 001;B01;2;7;0;2;4;1;0;
202000009811;154 724 998;B01;2;7;10;2;1;1;1;
202000009811;154 724 999;A01;1;7;10;2;1;17;1;
202000009812;154 724 996;A01;1;7;0;2;1;1;1;
202000009812;154 724 997;B01;3;7;0;2;8;9;6;
202000009813;154 724 994;A01;2;32;0;2;8;3;1;
202000009813;154 724 995;B01;2;10;0;2;7;1;1;
202000009814;154 724 992;A01;1;7;0;2;1;14;1;
202000009814;154 724 993;B01;1;15;0;2;6;23;1;
202000009815;154 724 991;A01;0;10;0;1;1;20;1;
202000009816;154 724 989;A01;1;30;0;2;1;1;3;
202000009816;154 724 990;B01;1;7;0;2;5;1;1;
202000009817;154 724 987;B01;1;50;0;2;8;1;3;
202000009817;154 724 988;A01;1;10;0;2;7;16;1;
202000009818;154 724 986;A01;1;30;0;1;1;1;1;
202000009819;154 724 984;B01;2;1;0;2;3;13;5;
202000009819;154 724 985;A01;2;7;0;2;5;1;1;
202000009820;154 724 982;A01;2;7;0;2;1;1;1;
202000009820;154 724 983;B01;2;7;0;2;4;23;1;
202000009821;154 724 980;A01;3;7;0;2;2;16;1;
202000009821;154 724 981;B01;2;1;0;2;1;1;5;
202000009822;154 724 978;B01;2;7;0;2;2;16;1;
202000009822;154 724 979;A01;2;32;0;2;3;7;1;
202000009823;154 724 976;B01;1;7;0;2;3;1;1;
202000009823;154 724 977;A01;1;32;0;2;2;17;1;
202000009824;154 724 974;A01;2;7;0;2;8;22;2;
202000009824;154 724 975;B01;2;1;0;2;2;1;5;
202000009825;154 724 972;A01;3;50;0;2;7;17;3;
202000009825;154 724 973;Z01;3;7;0;2;8;13;1;
202000009826;154 724 970;B01;0;10;0;2;0;0;0;
202000009826;154 724 971;A01;1;7;0;2;0;0;0;
202000009827;154 724 969;A01;0;2;13;0;1;0;1;
202000009828;154 724 967;A01;1;33;0;2;1;1;1;
202000009828;154 724 968;B01;1;7;0;2;6;1;1;
202000009829;154 724 965;A01;1;10;0;2;2;1;1;
202000009829;154 724 966;B01;1;30;0;2;1;1;1;
202000009830;154 724 963;B01;0;7;0;2;1;1;0;
202000009830;154 724 964;A01;0;7;0;2;7;1;0;
202000009831;154 724 961;A01;2;7;0;2;1;2;1;
202000009831;154 724 962;B01;2;7;0;2;0;0;1;
202000009832;154 724 960;A01;1;7;0;1;2;1;1;
202000009833;154 724 958;A01;3;7;0;2;2;13;1;
202000009833;154 724 959;B01;3;7;0;2;3;14;1;
202000009834;154 724 957;A01;1;33;0;0;3;13;1;
202000009835;154 724 954;C01;1;17;0;2;5;23;1;
202000009835;154 724 955;B01;1;14;0;2;1;2;1;
202000009835;154 724 956;A01;1;7;0;0;0;20;1;
202000009836;154 724 953;Z01;3;10;0;1;0;1;0;
202000009837;154 724 950;A01;2;30;0;2;1;15;3;
202000009837;154 724 951;C01;2;7;0;9;2;1;1;
202000009837;154 724 952;B01;2;7;0;2;8;1;1;
202000009838;154 724 948;B01;1;7;0;2;3;13;1;
202000009838;154 724 949;A01;2;2;0;2;3;13;1;
202000009839;154 724 947;A01;2;7;0;1;3;15;1;
202000009840;154 724 946;A01;3;7;0;2;1;21;1;
202000009841;154 724 943;A01;1;7;0;2;1;2;1;
202000009841;154 724 944;B01;2;7;0;2;4;23;1;
202000009841;154 724 945;C01;1;7;0;2;4;23;1;
202000009842;154 724 941;A01;3;7;0;2;7;15;1;
202000009842;154 724 942;B01;3;7;0;2;1;1;1;
202000009843;154 724 940;A01;2;7;0;1;2;1;1;
202000009844;154 724 939;A01;3;7;0;0;0;1;1;
202000009845;154 724 937;A01;2;7;0;2;6;13;1;
202000009845;154 724 938;B01;1;7;0;2;3;1;1;
202000009846;154 724 936;A01;3;15;0;1;7;1;1;
202000009847;154 724 935;A01;0;7;0;1;3;17;1;
202000009848;154 724 933;A01;3;30;0;2;1;16;1;
202000009848;154 724 934;B01;3;1;0;2;4;1;5;
202000009849;154 724 931;B01;2;7;0;2;3;1;6;
202000009849;154 724 932;A01;1;30;0;2;1;15;6;
202000009850;154 724 929;B01;3;7;0;2;2;1;1;
202000009850;154 724 930;A01;3;7;0;2;7;20;2;
202000009851;154 724 927;A01;1;7;0;2;3;19;1;
202000009851;154 724 928;B01;1;7;0;2;2;1;1;
202000009852;154 724 925;A01;1;1;0;2;1;1;5;
202000009852;154 724 926;Z01;2;7;0;2;8;16;0;
202000009853;154 724 923;B01;1;1;0;2;7;26;5;
202000009853;154 724 924;Z01;1;7;0;2;1;1;3;
202000009854;154 724 922;A01;3;30;0;0;7;1;1;
202000009855;154 724 921;A01;1;10;0;1;7;2;1;
202000009856;154 724 919;A01;0;7;0;2;1;2;1;
202000009856;154 724 920;B01;2;7;0;2;5;2;1;
202000009857;154 724 916;A01;1;7;0;2;3;15;1;
202000009857;154 724 917;B01;2;33;0;2;1;1;1;