num_acc;id_vehicule;num_veh;senc;catv;obs;obsm;choc;manv;motor;occutc
202000009857;154 724 918;C01;2;7;0;9;1;23;1;
202000009858;154 724 912;B01;1;1;0;2;1;1;5;
202000009858;154 724 913;A01;1;7;0;2;3;9;1;
202000009859;154 724 909;A01;1;7;0;1;0;0;1;
202000009860;154 724 907;A01;1;10;0;9;7;17;1;
202000009860;154 724 908;B01;1;1;0;2;3;15;5;
202000009861;154 724 905;A01;2;7;0;2;4;1;1;
202000009861;154 724 906;B01;2;7;0;2;1;1;1;
202000009862;154 724 903;B01;3;1;0;2;7;19;5;
202000009862;154 724 904;A01;3;7;0;2;2;19;1;
202000009863;154 724 901;B01;3;7;0;2;5;1;1;
202000009863;154 724 902;A01;3;7;0;2;1;2;1;
202000009864;154 724 900;A01;2;7;0;1;1;1;1;
202000009865;154 724 898;B01;1;7;0;2;4;23;1;
202000009865;154 724 899;Z01;1;7;0;2;1;1;1;
202000009866;154 724 897;A01;2;7;0;1;1;1;1;
202000009867;154 724 896;A01;2;7;6;0;8;1;1;
202000009868;154 724 894;B01;3;1;0;2;1;25;5;
202000009868;154 724 895;A01;3;7;0;2;2;16;1;
202000009869;154 724 893;A01;0;7;0;1;2;1;1;
202000009870;154 724 891;A01;0;7;0;2;1;13;1;
202000009870;154 724 892;B01;0;7;0;2;1;1;1;
202000009871;154 724 889;A01;2;34;0;2;1;7;1;
202000009871;154 724 890;B01;1;7;0;2;2;15;1;
202000009872;154 724 888;A01;3;7;0;1;1;1;1;
202000009873;154 724 886;B01;2;7;0;2;8;9;4;
202000009873;154 724 887;A01;1;80;0;2;1;1;3;
202000009874;154 724 884;B01;0;1;0;2;1;1;5;
202000009874;154 724 885;A01;0;7;0;2;8;1;1;
202000009875;154 724 883;A01;2;7;0;1;2;1;1;
202000009876;154 724 882;A01;1;7;0;1;8;1;1;
202000009877;154 724 878;A01;1;10;0;2;1;26;1;
202000009877;154 724 879;B01;1;7;0;0;4;23;1;
202000009877;154 724 880;C01;1;7;0;2;4;0;1;
202000009877;154 724 881;D01;1;7;0;2;4;0;1;
202000009878;154 724 876;A01;1;1;0;2;8;1;5;
202000009878;154 724 877;B01;1;7;0;2;1;1;1;
202000009879;154 724 875;A01;3;7;0;1;2;16;1;
202000009880;154 724 873;A01;2;2;0;2;1;13;1;
202000009880;154 724 874;B01;1;7;0;0;6;1;1;
202000009881;154 724 871;A01;2;7;0;2;1;26;1;
202000009881;154 724 872;B01;2;13;1;0;4;23;1;
202000009882;154 724 869;B01;1;2;0;2;7;13;1;
202000009882;154 724 870;A01;1;10;0;2;3;15;1;
202000009883;154 724 868;A01;3;7;0;1;1;26;1;
202000009884;154 724 867;A01;2;30;6;0;1;2;1;
202000009885;154 724 864;C01;1;7;0;2;8;2;1;
202000009885;154 724 865;B01;2;7;0;2;4;2;1;
202000009885;154 724 866;A01;2;10;0;2;1;2;1;
202000009886;154 724 862;B01;1;7;0;0;4;1;0;
202000009886;154 724 863;A01;1;7;0;2;1;1;0;
202000009887;154 724 860;A01;2;33;0;2;1;1;1;
202000009887;154 724 861;B01;1;99;0;2;7;19;0;
202000009888;154 724 859;A01;1;7;4;0;3;13;1;
202000009889;154 724 858;A01;1;1;0;0;0;0;5;
202000009890;154 724 857;A01;3;7;9;0;1;20;1;
202000009891;154 724 856;A01;2;7;2;0;0;1;1;
202000009892;154 724 854;A01;3;7;0;2;2;15;1;
202000009892;154 724 855;B01;3;7;0;2;2;1;1;
202000009893;154 724 852;A01;1;43;0;2;1;1;1;
202000009893;154 724 853;B01;1;7;0;2;6;11;1;
202000009894;154 724 849;A01;1;7;0;2;8;11;1;
202000009894;154 724 850;B01;1;43;0;2;2;1;1;
202000009894;154 724 851;C01;1;7;0;2;8;9;1;
202000009895;154 724 848;A01;2;1;0;1;1;1;5;
202000009896;154 724 846;B01;2;31;0;2;1;1;1;
202000009896;154 724 847;A01;2;1;0;2;8;11;5;
202000009897;154 724 844;A01;1;7;0;2;2;9;1;
202000009897;154 724 845;B01;1;43;0;2;3;1;1;
202000009898;154 724 842;A01;2;7;0;2;3;9;1;
202000009898;154 724 843;B01;1;50;0;2;2;1;3;
202000009899;154 724 840;A01;1;30;0;2;1;1;1;
202000009899;154 724 841;B01;1;7;0;2;2;1;2;
202000009900;154 724 838;B01;1;7;0;2;4;23;1;
202000009900;154 724 839;A01;1;7;0;2;1;1;1;
202000009901;154 724 836;A01;1;7;0;2;3;1;1;
202000009901;154 724 837;Z01;1;7;0;2;1;1;1;
202000009902;154 724 834;A01;2;1;0;2;1;1;5;
202000009902;154 724 835;B01;2;7;0;2;4;23;1;
202000009903;154 724 832;A01;1;7;0;2;3;1;1;
202000009903;154 724 833;B01;2;1;0;2;1;1;5;
202000009904;154 724 830;A01;2;7;0;2;7;22;1;
202000009904;154 724 831;B01;2;50;0;2;1;1;3;
202000009905;154 724 829;A01;1;7;0;1;3;15;2;
202000009906;154 724 825;A01;1;30;0;2;5;13;1;
202000009906;154 724 826;B01;1;7;0;2;2;1;3;
202000009907;154 724 823;A01;1;7;0;2;3;10;1;
202000009907;154 724 824;B01;2;32;0;2;2;1;1;
202000009908;154 724 822;A01;2;1;0;1;1;1;5;
202000009909;154 724 821;Z01;1;1;0;1;0;1;5;
202000009910;154 724 819;A01;2;50;0;2;6;1;3;
202000009910;154 724 820;B01;1;10;0;2;3;15;1;
202000009911;154 724 818;A01;2;32;1;0;1;26;0;
202000009912;154 724 817;A01;1;7;0;1;1;16;0;
202000009913;154 724 815;A01;3;7;0;9;0;0;0;
202000009913;154 724 816;B01;2;50;0;2;0;16;3;
202000009914;154 724 814;A01;3;7;0;1;3;16;0;
202000009915;154 724 812;A01;2;7;0;2;7;15;1;
202000009915;154 724 813;B01;1;33;0;2;1;1;1;
202000009916;154 724 810;B01;2;7;14;0;4;23;1;
202000009916;154 724 811;A01;2;7;0;2;1;2;1;
202000009917;154 724 809;A01;0;10;0;1;3;1;1;
202000009918;154 724 808;A01;2;10;1;1;2;2;1;
202000009919;154 724 807;A01;1;7;0;1;3;15;0;
202000009920;154 724 805;Z01;0;7;0;2;1;26;1;
202000009920;154 724 806;A01;0;7;0;2;6;19;1;
202000009921;154 724 803;A01;0;7;0;2;1;15;1;
202000009921;154 724 804;B01;0;32;0;2;1;1;1;
202000009922;154 724 802;A01;1;10;0;1;0;9;0;
202000009923;154 724 798;A01;3;1;0;0;0;1;5;
202000009924;154 724 797;A01;1;7;0;1;2;1;1;
202000009925;154 724 796;A01;0;10;0;1;2;16;1;
202000009926;154 724 794;A01;3;7;0;2;2;14;1;
202000009926;154 724 795;B01;3;7;0;2;6;1;1;
202000009927;154 724 792;A01;2;7;0;2;1;15;1;
202000009927;154 724 793;B01;2;50;0;2;1;1;3;
202000009928;154 724 791;A01;1;50;0;1;1;1;3;
202000009929;154 724 790;A01;1;7;0;1;3;15;1;
202000009930;154 724 788;A01;3;7;0;0;7;19;0;
202000009930;154 724 789;B01;3;2;0;2;1;1;0;
202000009931;154 724 786;B01;2;7;0;2;3;14;1;
202000009931;154 724 787;A01;1;7;0;2;3;13;1;
202000009932;154 724 785;A01;2;7;0;1;6;20;1;
202000009933;154 724 783;B01;2;7;3;2;3;1;1;
202000009933;154 724 784;A01;1;34;0;2;1;0;1;
202000009934;154 724 782;A01;1;7;0;1;1;16;1;
202000009935;154 724 780;B01;3;33;0;0;7;26;1;
202000009935;154 724 781;A01;3;7;0;0;0;19;1;
202000009936;154 724 778;B01;2;7;0;2;1;1;1;
202000009936;154 724 779;A01;1;7;0;2;1;13;1;
202000009937;154 724 776;A01;2;7;0;2;7;13;1;
202000009937;154 724 777;B01;1;38;0;2;2;1;1;1
202000009938;154 724 774;A01;3;7;0;2;5;17;1;
202000009938;154 724 775;B01;3;2;0;2;6;2;1;
202000009939;154 724 771;C01;2;7;0;0;1;15;1;
202000009939;154 724 772;B01;1;7;0;0;2;1;1;
202000009939;154 724 773;A01;1;7;0;0;3;9;1;
202000009940;154 724 770;A01;1;7;2;0;1;1;1;
202000009941;154 724 768;A01;1;7;0;2;3;13;1;
202000009941;154 724 769;B01;2;7;0;2;3;1;1;
202000009942;154 724 766;A01;1;7;0;2;8;9;1;
202000009942;154 724 767;B01;1;14;0;2;2;1;1;
202000009943;154 724 764;B01;2;7;0;0;0;1;1;
202000009943;154 724 765;A01;1;7;0;0;0;1;1;
202000009944;154 724 763;A01;1;7;6;0;3;1;1;
202000009945;154 724 761;A01;1;7;0;2;6;9;1;
202000009945;154 724 762;B01;1;7;0;2;2;1;1;
202000009946;154 724 759;B01;1;7;0;2;4;2;1;
202000009946;154 724 760;A01;1;7;0;2;1;2;1;
202000009947;154 724 757;B01;2;7;0;2;8;1;1;
202000009947;154 724 758;A01;1;7;4;2;1;1;1;
202000009948;154 724 756;A01;2;7;0;1;4;4;1;
202000009949;154 724 754;A01;2;2;0;2;8;13;1;
202000009949;154 724 755;B01;1;7;0;2;2;1;1;
202000009950;154 724 753;A01;1;7;13;0;2;1;1;
202000009951;154 724 752;A01;3;7;0;1;2;1;1;
202000009952;154 724 751;A01;2;7;13;0;3;1;1;
202000009953;154 724 750;A01;2;33;0;0;3;1;1;
202000009954;154 724 747;A01;0;7;0;1;0;0;0;
202000009955;154 724 745;B01;2;7;0;2;1;2;1;
202000009955;154 724 746;A01;2;7;0;0;4;1;1;
202000009956;154 724 742;C01;2;33;0;2;1;2;1;
202000009956;154 724 743;B01;2;7;0;0;4;2;1;
202000009956;154 724 744;A01;2;7;0;0;4;2;1;
202000009957;154 724 740;A01;1;7;0;9;2;15;1;
202000009957;154 724 741;B01;1;1;0;2;3;1;5;
202000009958;154 724 738;B01;1;7;0;2;3;0;1;
202000009958;154 724 739;A01;1;10;0;2;1;1;1;
202000009959;154 724 737;A01;2;7;0;1;2;1;1;
202000009960;154 724 736;A01;3;7;1;0;2;2;1;
202000009961;154 724 735;A01;1;30;8;0;1;26;1;
202000009962;154 724 734;A01;3;7;0;1;8;15;1;
202000009963;154 724 732;A01;1;7;0;0;2;15;1;
202000009963;154 724 733;B01;2;7;0;2;1;1;1;
202000009964;154 724 731;A01;3;7;0;1;1;26;1;
202000009965;154 724 730;A01;0;7;15;0;2;1;1;
202000009966;154 724 726;B01;1;2;0;2;1;1;1;
202000009966;154 724 727;A01;1;7;0;2;2;19;1;
202000009967;154 724 725;A01;3;7;0;1;3;26;1;
202000009968;154 724 724;A01;1;7;4;0;3;0;1;
202000009969;154 724 722;A01;1;7;0;2;1;26;1;
202000009969;154 724 723;B01;1;7;0;2;4;0;1;
202000009970;154 724 721;A01;2;7;0;0;8;12;1;
202000009971;154 724 719;Z01;2;7;0;2;1;13;6;
202000009971;154 724 720;B01;2;7;0;2;6;0;1;
202000009972;154 724 713;D01;2;7;0;2;4;0;1;
202000009972;154 724 714;E01;2;7;0;2;4;1;1;
202000009972;154 724 715;F01;2;10;0;2;4;1;1;
202000009972;154 724 716;A01;2;17;0;2;1;1;1;
202000009972;154 724 717;B01;2;7;0;2;4;1;1;
202000009972;154 724 718;C01;2;7;0;2;6;1;1;
202000009973;154 724 709;D01;1;10;0;2;4;2;1;
202000009973;154 724 710;C01;1;10;0;2;4;1;1;
202000009973;154 724 711;B01;1;7;0;2;4;1;1;
202000009973;154 724 712;A01;1;7;0;2;1;2;1;
202000009974;154 724 707;A01;2;7;0;2;6;11;1;
202000009974;154 724 708;B01;2;33;0;2;7;3;1;
202000009975;154 724 705;B01;3;7;0;2;4;2;1;
202000009975;154 724 706;A01;3;7;0;2;1;2;1;
202000009976;154 724 703;A01;2;7;0;2;1;2;1;
202000009976;154 724 704;B01;2;7;0;2;4;2;1;
202000009977;154 724 702;A01;1;7;3;0;9;2;1;
202000009978;154 724 701;A01;2;7;0;2;9;2;1;
202000009979;154 724 699;B01;2;32;0;2;8;1;1;
202000009979;154 724 700;A01;2;7;0;2;2;14;1;
202000009980;154 724 697;A01;1;7;0;2;5;1;1;
202000009980;154 724 698;Z01;1;7;0;2;3;0;1;
202000009981;154 724 696;A01;1;7;4;0;1;17;1;
202000009982;154 724 693;C01;2;7;0;2;4;1;1;
202000009982;154 724 694;B01;2;7;0;2;1;0;1;
202000009982;154 724 695;A01;2;10;0;2;1;1;1;
202000009983;154 724 690;C01;2;13;0;2;2;2;1;
202000009983;154 724 691;B01;2;42;0;2;1;1;0;
202000009983;154 724 692;A01;2;10;0;2;3;11;1;
202000009984;154 724 687;C01;1;7;0;2;1;1;1;
202000009984;154 724 688;B01;1;10;0;2;1;1;1;
202000009984;154 724 689;A01;1;7;4;2;1;21;1;
202000009985;154 724 685;B01;1;10;0;0;4;2;1;
202000009985;154 724 686;A01;1;33;0;2;1;2;1;
202000009986;154 724 683;B01;2;7;0;2;4;0;1;
202000009986;154 724 684;A01;2;33;0;2;1;26;1;
202000009987;154 724 681;B01;2;15;0;2;1;1;1;
202000009987;154 724 682;A01;2;7;0;2;4;1;1;
202000009988;154 724 678;A01;2;13;0;2;1;2;0;
202000009988;154 724 679;C01;1;7;0;2;6;2;0;
202000009988;154 724 680;B01;1;10;0;2;6;0;0;
202000009989;154 724 676;B01;1;7;0;2;5;12;1;
202000009989;154 724 677;A01;1;33;0;2;1;18;1;
202000009990;154 724 673;C01;1;7;0;2;4;2;1;
202000009990;154 724 674;B01;1;7;0;2;4;2;1;
202000009990;154 724 675;A01;1;7;0;2;1;2;1;
202000009991;154 724 671;A01;2;33;0;2;1;3;1;
202000009991;154 724 672;B01;1;7;0;2;6;11;1;
202000009992;154 724 669;B01;2;7;0;2;6;11;0;
202000009992;154 724 670;A01;2;31;0;2;1;3;1;
202000009993;154 724 668;A01;2;7;5;0;1;1;1;
202000009994;154 724 666;B01;2;15;0;2;4;1;1;
202000009994;154 724 667;A01;2;10;0;2;1;1;1;
202000009995;154 724 665;A01;1;33;0;2;1;2;1;
202000009996;154 724 663;B01;2;15;0;2;3;1;1;
202000009996;154 724 664;A01;2;7;0;2;2;12;1;
202000009997;154 724 661;A01;1;17;0;2;2;14;1;
202000009997;154 724 662;B01;1;7;4;0;6;1;1;
202000009998;154 724 660;A01;1;7;4;0;1;1;1;
202000009999;154 724 658;B01;1;10;0;2;4;1;1;
202000009999;154 724 659;A01;1;7;0;2;1;1;1;
202000010000;154 724 657;A01;3;3;0;1;1;26;1;
202000010001;154 724 656;A01;1;50;0;1;1;17;3;
202000010002;154 724 654;A01;1;7;0;2;1;5;1;
202000010002;154 724 655;B01;2;17;0;2;1;9;1;
202000010003;154 724 652;B01;0;7;0;2;1;1;1;
202000010003;154 724 653;A01;0;7;0;2;7;15;1;
202000010004;154 724 651;A01;2;7;0;1;1;0;1;
202000010005;154 724 649;B01;3;7;0;2;7;1;1;
202000010005;154 724 650;A01;3;10;0;2;1;16;1;
202000010006;154 724 647;A01;3;33;0;2;1;2;1;
202000010006;154 724 648;B01;3;7;0;2;4;2;1;
202000010007;154 724 645;B01;1;7;0;2;1;2;1;
202000010007;154 724 646;A01;1;7;0;2;4;2;1;
202000010008;154 724 643;B01;1;30;0;2;1;1;1;
202000010008;154 724 644;A01;1;7;0;2;7;16;1;
202000010009;154 724 641;B01;1;2;0;2;7;17;1;
202000010009;154 724 642;A01;2;7;0;2;1;19;1;
202000010010;154 724 639;B01;2;40;0;2;1;1;0;
202000010010;154 724 640;A01;2;7;0;2;8;15;0;
202000010011;154 724 637;A01;2;7;0;2;4;12;1;
202000010011;154 724 638;B01;2;15;0;2;1;1;6;
202000010012;154 724 635;A01;1;34;0;2;1;13;1;
202000010012;154 724 636;B01;2;7;0;2;8;1;1;
202000010013;154 724 633;B01;1;10;0;2;5;1;1;
202000010013;154 724 634;A01;1;7;0;2;3;1;1;
202000010014;154 724 631;B01;3;7;0;2;1;1;1;
202000010014;154 724 632;A01;3;13;0;2;8;19;1;
202000010015;154 724 629;A01;2;7;0;2;1;15;1;
202000010015;154 724 630;B01;1;7;0;2;6;1;1;
202000010016;154 724 627;A01;3;32;16;2;8;15;1;
202000010016;154 724 628;B01;3;10;16;2;3;1;1;
202000010017;154 724 625;A01;1;34;0;2;1;26;1;
202000010017;154 724 626;B01;1;7;0;2;6;9;1;
202000010018;154 724 622;C01;1;7;0;9;0;14;1;
202000010018;154 724 623;B01;2;33;0;2;1;1;1;
202000010018;154 724 624;A01;1;37;0;2;5;15;0;1
202000010019;154 724 621;A01;1;7;13;0;9;2;1;
202000010020;154 724 620;A01;1;33;2;0;7;1;1;
202000010021;154 724 619;A01;2;7;13;0;1;21;1;
202000010022;154 724 617;B01;0;1;0;2;0;25;5;
202000010022;154 724 618;A01;0;7;0;9;1;1;1;
202000010023;154 724 615;A01;1;7;0;2;1;1;1;
202000010023;154 724 616;B01;2;34;0;2;1;13;1;
202000010024;154 724 613;B01;2;7;0;2;3;1;0;
202000010024;154 724 614;A01;1;2;0;2;1;13;1;
202000010025;154 724 612;A01;3;10;0;1;2;1;1;
202000010026;154 724 610;B01;3;10;7;2;3;23;1;
202000010026;154 724 611;A01;1;7;0;2;1;14;1;
202000010027;154 724 609;A01;1;33;8;0;1;1;1;
202000010028;154 724 607;A01;3;7;0;2;2;1;0;
202000010028;154 724 608;B01;0;7;0;2;3;15;0;
202000010029;154 724 605;A01;1;7;0;2;3;26;1;
202000010029;154 724 606;B01;2;7;0;2;1;1;1;
202000010030;154 724 604;A01;0;7;6;0;1;1;1;
202000010031;154 724 603;A01;1;7;0;1;2;1;1;
202000010032;154 724 602;A01;1;7;0;1;1;1;1;
202000010033;154 724 601;A01;1;7;2;0;1;14;1;
202000010034;154 724 600;A01;0;32;13;0;0;1;1;
202000010035;154 724 598;B01;1;38;0;2;3;1;1;1
202000010035;154 724 599;A01;2;2;0;2;1;13;1;
202000010036;154 724 593;D01;1;7;0;2;3;1;1;
202000010036;154 724 594;E01;1;7;0;2;6;1;2;
202000010036;154 724 595;A01;2;33;0;2;2;17;1;
202000010036;154 724 596;B01;2;33;0;2;6;1;1;
202000010036;154 724 597;C01;2;7;0;2;6;1;1;
202000010037;154 724 592;A01;1;7;0;1;2;1;6;
202000010038;154 724 590;B01;1;7;0;0;3;1;1;
202000010038;154 724 591;A01;2;7;0;0;1;15;1;
202000010039;154 724 588;A01;2;1;0;2;8;13;5;
202000010039;154 724 589;B01;2;7;0;9;7;17;1;
202000010040;154 724 586;B01;2;7;0;9;1;16;1;
202000010040;154 724 587;A01;2;1;0;2;8;19;2;
202000010041;154 724 584;A01;1;7;0;2;2;6;1;
202000010041;154 724 585;B01;1;2;0;2;6;1;1;
202000010042;154 724 583;A01;1;7;0;1;2;2;1;
202000010043;154 724 581;B01;3;7;0;9;2;17;1;
202000010043;154 724 582;A01;3;1;0;2;3;15;5;
202000010044;154 724 579;A01;1;7;0;9;8;22;1;
202000010044;154 724 580;B01;1;80;1;0;1;1;3;
202000010045;154 724 577;A01;2;7;0;9;3;15;1;
202000010045;154 724 578;B01;1;80;0;2;3;13;3;
202000010046;154 724 576;A01;1;7;0;1;1;1;1;
202000010047;154 724 575;A01;2;7;13;0;1;1;1;
202000010048;154 724 573;B01;1;33;0;2;1;1;0;
202000010048;154 724 574;A01;1;7;0;2;2;19;1;
202000010049;154 724 572;A01;1;7;13;0;1;1;1;
202000010050;154 724 570;A01;1;21;0;9;7;17;1;
202000010050;154 724 571;B01;1;1;0;2;8;1;5;
202000010051;154 724 568;A01;1;7;0;2;1;1;1;
202000010051;154 724 569;B01;2;7;0;2;3;19;1;
202000010052;154 724 567;A01;3;7;0;1;2;1;1;
202000010053;154 724 566;A01;1;10;2;0;3;1;1;
202000010054;154 724 565;A01;1;7;6;0;0;1;1;
202000010055;154 724 564;A01;2;32;13;0;7;1;1;
202000010056;154 724 559;A01;1;10;0;2;1;2;1;
202000010056;154 724 560;B01;1;7;0;2;4;2;1;
202000010056;154 724 561;D01;1;7;0;2;4;2;1;
202000010056;154 724 562;C01;1;7;0;2;4;2;1;
202000010056;154 724 563;E01;1;7;0;2;4;2;1;
202000010057;154 724 558;A01;0;7;13;0;1;1;1;
202000010058;154 724 556;A01;2;7;0;2;4;26;1;
202000010058;154 724 557;B01;1;7;0;2;1;11;1;
202000010059;154 724 555;A01;1;30;12;0;1;1;1;
202000010060;154 724 553;B01;1;7;0;2;4;1;1;
202000010060;154 724 554;A01;1;7;0;2;1;2;1;
202000010061;154 724 551;B01;1;7;0;2;4;2;1;
202000010061;154 724 552;A01;2;32;0;2;1;2;1;
202000010062;154 724 549;Z01;2;7;0;2;1;1;1;
202000010062;154 724 550;B01;2;7;0;2;4;1;1;
202000010063;154 724 547;B01;2;13;0;2;2;0;0;
202000010063;154 724 548;A01;2;7;0;2;6;0;1;
202000010064;154 724 546;A01;2;33;0;2;1;18;1;
202000010065;154 724 545;A01;1;50;0;1;1;1;3;
202000010066;154 724 542;C01;1;7;0;2;4;0;0;
202000010066;154 724 543;B01;1;7;0;2;4;0;3;
202000010066;154 724 544;A01;1;7;0;2;1;1;0;
202000010067;154 724 541;A01;1;31;0;0;3;1;1;
202000010068;154 724 539;B01;2;60;0;2;1;1;5;
202000010068;154 724 540;A01;1;7;0;2;3;15;0;
202000010069;154 724 538;A01;0;1;0;0;0;0;5;
202000010070;154 724 537;A01;1;7;16;0;3;26;1;
202000010071;154 724 535;A01;3;1;0;2;0;8;5;
202000010071;154 724 536;B01;1;7;0;2;3;15;1;
202000010072;154 724 533;A01;3;7;0;2;8;26;1;
202000010072;154 724 534;B01;3;2;0;2;1;19;1;
202000010073;154 724 531;A01;3;37;0;2;3;9;1;1
202000010073;154 724 532;B01;3;30;0;2;1;26;1;
202000010074;154 724 529;B01;0;7;0;2;1;16;1;
202000010074;154 724 530;A01;1;7;0;2;1;16;1;
202000010075;154 724 528;A01;2;3;2;0;1;14;1;
202000010076;154 724 526;A01;3;38;0;2;3;15;1;1
202000010076;154 724 527;B01;3;2;0;2;7;1;1;
202000010077;154 724 524;A01;2;7;0;2;8;15;1;
202000010077;154 724 525;B01;2;33;0;2;7;17;1;
202000010078;154 724 522;Z01;0;7;0;2;1;1;0;
202000010078;154 724 523;B01;3;10;0;0;0;0;0;
202000010079;154 724 520;B01;1;33;0;2;0;0;1;
202000010079;154 724 521;A01;1;7;0;2;8;1;1;
202000010080;154 724 518;A01;1;7;0;2;8;24;1;
202000010080;154 724 519;B01;1;1;1;2;1;2;6;
202000010081;154 724 516;B01;1;7;0;2;2;1;1;
202000010081;154 724 517;A01;1;7;0;2;4;4;1;
202000010082;154 724 514;B01;2;2;0;2;1;1;1;
202000010082;154 724 515;A01;1;7;0;2;7;15;1;
202000010083;154 724 512;A01;3;2;0;2;1;13;1;
202000010083;154 724 513;B01;2;7;0;2;3;1;1;
202000010084;154 724 510;B01;1;1;0;2;7;3;5;
202000010084;154 724 511;A01;1;7;0;2;3;9;1;
202000010085;154 724 509;A01;2;30;0;0;8;1;1;
202000010086;154 724 507;A01;2;7;0;2;3;15;1;
202000010086;154 724 508;B01;2;32;0;2;8;17;1;
202000010087;154 724 506;A01;3;7;14;1;1;9;1;
202000010088;154 724 504;B01;2;7;0;2;2;1;1;
202000010088;154 724 505;A01;2;7;0;2;8;26;1;
202000010089;154 724 503;A01;3;10;0;1;2;1;1;
202000010090;154 724 502;A01;3;7;2;0;1;19;1;
202000010091;154 724 500;B01;2;10;0;2;3;26;1;
202000010091;154 724 501;A01;2;7;1;2;1;14;1;
202000010092;154 724 498;A01;1;1;0;2;8;11;5;
202000010092;154 724 499;B01;1;7;0;2;2;1;1;
202000010093;154 724 497;A01;1;1;0;0;0;1;5;
202000010094;154 724 496;A01;1;10;0;1;7;1;1;
202000010095;154 724 493;B01;2;7;0;2;4;23;1;
202000010095;154 724 494;A01;2;7;0;2;4;23;1;
202000010095;154 724 495;C01;2;7;0;2;1;2;1;
202000010096;154 724 491;B01;1;1;0;2;8;1;5;
202000010096;154 724 492;Z01;1;7;0;2;0;0;1;
202000010097;154 724 489;A01;3;7;0;2;8;9;1;
202000010097;154 724 490;B01;3;7;0;2;1;21;1;
202000010098;154 724 487;B01;3;7;0;2;6;1;1;
202000010098;154 724 488;A01;3;36;8;2;1;26;1;
202000010099;154 724 485;B01;2;7;0;2;4;1;1;
202000010099;154 724 486;A01;1;7;0;2;1;1;1;
202000010100;154 724 483;B01;1;7;0;2;1;1;1;
202000010100;154 724 484;A01;0;7;0;2;3;15;1;
202000010101;154 724 481;A01;0;34;0;2;1;0;0;
202000010101;154 724 482;B01;0;34;0;2;0;0;0;
202000010102;154 724 479;Z01;2;7;0;2;7;17;0;
202000010102;154 724 480;A01;2;2;0;2;8;1;1;
202000010103;154 724 477;B01;2;1;0;2;8;1;5;
202000010103;154 724 478;A01;1;30;0;2;2;10;1;
202000010104;154 724 475;B01;0;7;0;2;5;1;1;
202000010104;154 724 476;A01;1;7;0;2;3;1;1;
202000010105;154 724 473;B01;2;33;0;2;5;1;1;
202000010105;154 724 474;A01;2;7;0;2;3;9;1;
202000010106;154 724 471;A01;3;30;0;2;1;13;1;
202000010106;154 724 472;B01;3;30;0;2;1;1;1;
202000010107;154 724 469;A01;1;34;0;2;7;19;1;
202000010107;154 724 470;B01;2;37;0;2;1;1;1;1
202000010108;154 724 467;B01;1;33;0;2;1;1;1;
202000010108;154 724 468;A01;1;10;0;2;5;15;1;
202000010109;154 724 466;A01;1;30;0;0;7;1;1;
202000010110;154 724 465;A01;2;33;0;0;0;1;1;
202000010111;154 724 464;A01;3;33;0;0;0;1;1;
202000010112;154 724 461;C01;1;7;0;2;4;23;1;
202000010112;154 724 462;B01;1;7;0;2;4;23;1;
202000010112;154 724 463;A01;2;7;0;2;1;2;1;
202000010113;154 724 460;A01;1;7;5;0;2;1;1;
202000010114;154 724 458;A01;2;7;0;2;1;9;1;
202000010114;154 724 459;B01;1;7;0;2;7;1;1;
202000010115;154 724 457;A01;2;1;0;0;0;25;5;
202000010116;154 724 455;A01;2;7;0;2;1;1;1;
202000010116;154 724 456;B01;2;7;0;2;4;23;1;
202000010117;154 724 454;A01;1;33;0;0;1;1;1;
202000010118;154 724 453;A01;2;7;0;0;1;17;1;
202000010119;154 724 451;A01;1;7;0;2;1;15;1;
202000010119;154 724 452;B01;1;2;0;2;1;17;1;
202000010120;154 724 449;B01;2;7;0;2;6;1;1;
202000010120;154 724 450;A01;2;7;0;2;1;17;1;
202000010121;154 724 448;A01;2;7;2;0;1;14;1;
202000010122;154 724 446;B01;3;99;0;2;3;9;1;
202000010122;154 724 447;A01;3;7;0;2;1;0;1;
202000010123;154 724 443;B01;2;7;0;2;3;13;1;
202000010123;154 724 444;A01;1;30;0;2;1;21;1;
202000010123;154 724 445;C01;1;7;0;2;8;1;3;
202000010124;154 724 439;A01;2;1;0;2;1;16;5;
202000010124;154 724 440;D01;1;7;0;2;3;23;1;
202000010124;154 724 441;B01;1;34;0;2;1;1;1;
202000010124;154 724 442;C01;1;7;0;2;6;23;2;
202000010125;154 724 437;A01;2;10;0;2;2;21;1;
202000010125;154 724 438;B01;2;1;0;2;6;1;5;
202000010126;154 724 435;B01;1;50;0;2;3;1;3;
202000010126;154 724 436;A01;1;7;0;2;2;16;1;
202000010127;154 724 434;A01;1;1;0;0;0;25;5;
202000010128;154 724 432;B01;1;10;0;2;3;1;1;
202000010128;154 724 433;A01;1;1;0;2;2;19;5;
202000010129;154 724 430;A01;1;1;0;2;1;1;5;
202000010129;154 724 431;B01;1;7;0;2;8;1;1;
202000010130;154 724 429;A01;2;60;0;0;0;25;5;
202000010131;154 724 428;A01;1;32;0;1;1;1;1;
202000010132;154 724 426;A01;2;30;0;2;1;17;1;
202000010132;154 724 427;B01;2;7;0;2;3;15;1;
202000010133;154 724 424;B01;2;1;0;2;8;1;5;
202000010133;154 724 425;A01;1;7;0;2;2;1;2;