num_acc;id_vehicule;num_veh;senc;catv;obs;obsm;choc;manv;motor;occutc
202000010427;154 723 925;A01;3;7;0;1;2;1;1;
202000010428;154 723 923;A01;0;7;0;2;1;1;1;
202000010428;154 723 924;B01;0;7;0;2;6;1;1;
202000010429;154 723 921;A01;1;7;0;2;7;17;2;
202000010429;154 723 922;B01;1;1;0;2;3;13;5;
202000010430;154 723 920;A01;3;7;0;1;1;9;0;
202000010431;154 723 917;A01;1;33;16;0;9;1;1;
202000010432;154 723 915;B01;2;7;0;2;2;1;0;
202000010432;154 723 916;A01;3;7;0;2;2;15;0;
202000010433;154 723 913;B01;2;7;3;0;3;1;0;
202000010433;154 723 914;A01;1;7;0;2;0;26;0;
202000010434;154 723 912;A01;0;7;0;1;2;16;1;
202000010435;154 723 910;B01;1;7;0;2;6;21;0;
202000010435;154 723 911;A01;1;7;0;2;2;21;0;
202000010436;154 723 909;A01;1;7;0;2;9;2;1;
202000010437;154 723 908;A01;1;7;0;1;1;2;1;
202000010438;154 723 907;A01;1;7;3;0;1;1;1;
202000010439;154 723 901;D01;1;7;0;2;4;2;1;
202000010439;154 723 902;E01;1;10;0;2;4;0;1;
202000010439;154 723 903;F01;1;7;0;2;4;2;1;
202000010439;154 723 904;A01;1;10;0;2;1;1;1;
202000010439;154 723 905;B01;1;10;0;2;4;2;1;
202000010439;154 723 906;C01;1;7;0;2;4;1;1;
202000010440;154 723 899;A01;1;7;0;2;1;1;1;
202000010440;154 723 900;B01;2;7;0;2;4;2;0;
202000010441;154 723 897;B01;1;33;0;2;2;17;1;
202000010441;154 723 898;A01;1;10;0;2;3;13;1;
202000010442;154 723 896;A01;1;7;8;0;2;16;1;
202000010443;154 723 894;A01;1;7;0;2;8;1;1;
202000010443;154 723 895;B01;2;7;0;2;1;1;1;
202000010444;154 723 892;B01;1;7;0;9;1;2;1;
202000010444;154 723 893;A01;1;32;0;2;4;2;1;
202000010445;154 723 890;B01;1;7;0;2;8;1;1;
202000010445;154 723 891;A01;2;7;0;2;1;17;2;
202000010446;154 723 889;A01;3;7;0;1;1;1;1;
202000010447;154 723 887;B01;2;7;0;2;1;1;0;
202000010447;154 723 888;A01;1;7;0;2;1;16;1;
202000010448;154 723 886;Z01;3;7;0;1;1;15;1;
202000010449;154 723 884;A01;3;7;0;2;1;1;1;
202000010449;154 723 885;B01;3;7;0;2;8;1;1;
202000010450;154 723 882;A01;2;7;0;2;1;15;1;
202000010450;154 723 883;B01;2;32;0;2;1;23;1;
202000010451;154 723 880;A01;1;7;0;2;7;15;6;
202000010451;154 723 881;B01;2;7;0;2;2;1;6;
202000010452;154 723 878;B01;2;7;0;2;4;1;1;
202000010452;154 723 879;A01;2;7;0;2;1;2;1;
202000010453;154 723 876;A01;3;7;0;2;3;9;1;
202000010453;154 723 877;B01;1;34;0;2;7;1;1;
202000010454;154 723 874;A01;3;1;0;2;1;5;5;
202000010454;154 723 875;B01;3;7;0;2;1;1;1;
202000010455;154 723 872;B01;2;33;1;2;2;17;1;
202000010455;154 723 873;A01;2;7;0;2;3;15;1;
202000010456;154 723 871;A01;1;32;0;1;1;1;1;
202000010457;154 723 869;B01;1;31;0;2;4;23;1;
202000010457;154 723 870;A01;1;30;0;2;1;2;1;
202000010458;154 723 867;B01;1;32;0;2;1;1;1;
202000010458;154 723 868;A01;2;7;0;2;7;15;2;
202000010459;154 723 865;A01;1;7;0;2;2;15;2;
202000010459;154 723 866;B01;2;30;0;2;1;1;1;
202000010460;154 723 863;Z01;2;1;0;2;1;16;5;
202000010460;154 723 864;A01;2;1;0;2;1;1;5;
202000010461;154 723 862;A01;2;32;0;0;7;1;1;
202000010462;154 723 860;B01;1;1;0;2;0;16;5;
202000010462;154 723 861;A01;2;7;0;2;3;15;1;
202000010463;154 723 859;A01;3;37;0;1;2;1;1;1
202000010464;154 723 857;A01;1;34;0;2;1;13;1;
202000010464;154 723 858;B01;1;7;0;2;3;15;1;
202000010465;154 723 856;A01;0;7;0;1;0;0;0;
202000010466;154 723 854;A01;0;3;0;2;3;24;0;
202000010466;154 723 855;B01;2;7;1;2;5;9;0;
202000010467;154 723 853;A01;2;7;0;1;3;1;1;
202000010468;154 723 851;A01;1;2;0;2;3;13;1;
202000010468;154 723 852;B01;2;2;0;2;3;13;1;
202000010469;154 723 849;B01;2;7;0;2;1;1;6;
202000010469;154 723 850;A01;1;7;0;2;1;13;6;
202000010470;154 723 848;A01;2;7;2;0;1;1;1;
202000010471;154 723 846;A01;3;15;0;2;3;1;1;
202000010471;154 723 847;B01;3;7;0;2;2;1;1;
202000010472;154 723 844;B01;1;7;6;2;7;17;0;
202000010472;154 723 845;A01;1;7;0;2;3;15;0;
202000010473;154 723 843;A01;1;2;11;0;8;17;1;
202000010474;154 723 842;A01;1;7;8;0;1;13;1;
202000010475;154 723 841;A01;2;10;0;1;1;21;1;
202000010476;154 723 840;A01;-1;7;2;0;1;19;0;
202000010477;154 723 838;B01;1;14;0;2;2;17;1;
202000010477;154 723 839;A01;1;7;6;0;8;15;1;
202000010478;154 723 837;A01;2;7;6;0;3;1;2;
202000010479;154 723 835;A01;1;7;0;2;1;1;1;
202000010479;154 723 836;B01;2;7;0;2;1;1;1;
202000010480;154 723 832;B01;1;7;0;2;3;1;1;
202000010480;154 723 833;A01;2;10;0;2;3;13;1;
202000010481;154 723 830;A01;1;7;0;2;2;19;1;
202000010481;154 723 831;B01;1;31;0;2;1;1;0;
202000010482;154 723 829;A01;2;7;8;0;1;1;1;
202000010483;154 723 828;A01;2;14;3;0;1;6;1;
202000010484;154 723 827;A01;1;33;0;0;8;1;1;
202000010485;154 723 825;B01;1;7;0;2;2;15;1;
202000010485;154 723 826;A01;1;7;0;2;1;1;1;
202000010486;154 723 823;B01;0;2;0;0;0;0;1;
202000010486;154 723 824;A01;0;2;0;2;0;0;1;
202000010487;154 723 821;A01;1;7;0;2;2;1;1;
202000010487;154 723 822;B01;1;37;0;0;6;1;1;1
202000010488;154 723 815;C01;2;10;0;2;1;1;1;
202000010488;154 723 816;A01;1;10;0;2;1;13;1;
202000010488;154 723 817;B01;2;37;0;2;3;1;1;1
202000010489;154 723 814;A01;1;7;3;2;2;18;1;
202000010490;154 723 812;B01;2;7;0;9;1;1;1;
202000010490;154 723 813;A01;2;17;0;9;2;1;1;
202000010491;154 723 811;A01;1;2;12;0;7;2;1;
202000010492;154 723 810;A01;1;31;11;0;3;1;1;
202000010493;154 723 809;A01;2;2;13;0;0;1;1;
202000010494;154 723 808;A01;2;7;0;0;9;1;1;
202000010495;154 723 806;A01;2;7;0;0;2;15;1;
202000010495;154 723 807;B01;1;33;0;2;1;1;1;
202000010496;154 723 805;B01;2;7;1;0;2;26;1;
202000010497;154 723 803;B01;2;7;0;2;5;1;1;
202000010497;154 723 804;A01;2;7;0;2;1;11;1;
202000010498;154 723 802;A01;2;7;13;0;2;2;1;
202000010499;154 723 799;B01;0;7;0;0;2;16;0;
202000010499;154 723 800;A01;0;2;7;0;8;18;1;
202000010500;154 723 797;B01;2;30;14;2;3;0;0;
202000010500;154 723 798;A01;1;7;0;2;3;14;0;
202000010501;154 723 795;A01;2;7;0;2;3;15;1;
202000010501;154 723 796;B01;1;7;0;2;3;1;1;
202000010502;154 723 793;A01;1;38;0;2;1;1;1;1
202000010502;154 723 794;B01;2;7;0;2;8;10;1;
202000010503;154 723 791;A01;2;7;0;2;1;2;1;
202000010503;154 723 792;B01;2;21;0;2;4;1;1;
202000010504;154 723 790;A01;1;7;13;0;1;13;1;
202000010505;154 723 788;B01;1;7;0;2;2;1;1;
202000010505;154 723 789;A01;1;7;0;2;8;11;1;
202000010506;154 723 787;A01;2;7;13;0;8;26;1;
202000010507;154 723 785;B01;1;7;1;0;4;23;1;
202000010507;154 723 786;A01;1;7;1;0;1;1;1;
202000010508;154 723 783;A01;1;7;0;2;4;4;1;
202000010508;154 723 784;B01;1;7;0;2;1;2;1;
202000010509;154 723 782;A01;1;7;14;0;1;13;1;
202000010510;154 723 781;A01;2;33;4;0;0;18;1;
202000010511;154 723 779;A01;2;14;0;2;7;12;1;
202000010511;154 723 780;B01;2;7;0;2;8;1;1;
202000010512;154 723 776;A01;2;7;0;2;2;1;1;
202000010512;154 723 777;B01;2;7;0;2;2;1;1;
202000010512;154 723 778;Z01;2;0;0;2;8;0;0;
202000010513;154 723 775;A01;2;7;0;1;3;1;1;
202000010514;154 723 773;A01;1;33;0;2;1;1;1;
202000010514;154 723 774;B01;1;7;0;0;6;9;1;
202000010515;154 723 772;A01;2;30;6;0;1;15;1;
202000010516;154 723 770;B01;3;7;0;2;1;1;1;
202000010516;154 723 771;A01;1;7;0;2;3;1;1;
202000010517;154 723 768;A01;1;20;0;2;5;19;1;
202000010517;154 723 769;B01;3;30;0;2;1;1;1;
202000010518;154 723 765;B01;0;30;0;2;1;0;2;
202000010518;154 723 766;C01;3;7;1;2;4;23;1;
202000010518;154 723 767;A01;0;7;0;2;0;0;0;
202000010519;154 723 764;A01;3;7;0;1;1;9;1;
202000010520;154 723 763;A01;2;10;0;9;1;2;1;
202000010521;154 723 761;A01;1;10;0;9;1;19;1;
202000010521;154 723 762;B01;2;1;0;2;8;2;5;
202000010522;154 723 759;A01;1;7;0;2;2;9;1;
202000010522;154 723 760;B01;1;7;0;2;1;1;1;
202000010523;154 723 758;A01;1;7;9;0;2;1;1;
202000010524;154 723 756;A01;2;30;0;2;1;1;1;
202000010524;154 723 757;B01;1;7;0;2;7;1;1;
202000010525;154 723 754;A01;1;7;0;2;2;15;1;
202000010525;154 723 755;B01;2;2;0;2;1;1;1;
202000010526;154 723 748;B01;3;7;0;2;1;26;1;
202000010526;154 723 749;A01;3;7;0;2;1;26;1;
202000010527;154 723 747;A01;0;7;0;1;1;13;1;
202000010528;154 723 746;A01;2;30;0;1;1;1;0;
202000010529;154 723 744;A01;1;7;0;2;3;15;1;
202000010529;154 723 745;B01;1;32;0;2;2;17;1;
202000010530;154 723 741;A01;2;33;0;0;0;1;0;
202000010531;154 723 739;B01;3;1;0;2;4;14;5;
202000010531;154 723 740;A01;3;7;0;9;3;26;1;
202000010532;154 723 737;Z01;1;7;0;9;0;1;0;
202000010532;154 723 738;B01;1;50;0;2;0;1;3;
202000010533;154 723 735;A01;2;7;0;2;1;2;1;
202000010533;154 723 736;B01;2;7;0;2;4;2;1;
202000010534;154 723 733;A01;3;7;0;2;3;16;1;
202000010534;154 723 734;B01;1;7;0;2;2;1;1;
202000010535;154 723 732;A01;3;7;0;1;5;4;1;
202000010536;154 723 730;A01;2;7;0;2;3;1;1;
202000010536;154 723 731;B01;1;7;0;2;1;15;1;
202000010537;154 723 728;A01;3;7;0;2;1;17;1;
202000010537;154 723 729;B01;3;80;0;2;1;1;3;
202000010538;154 723 726;B01;2;1;0;2;1;1;0;
202000010538;154 723 727;A01;2;7;0;2;6;26;2;
202000010539;154 723 724;A01;3;7;0;2;3;15;6;
202000010539;154 723 725;B01;3;7;0;2;3;1;6;
202000010540;154 723 722;B01;3;7;0;2;1;0;0;
202000010540;154 723 723;A01;3;7;0;2;1;26;1;
202000010541;154 723 720;B01;2;7;0;2;7;1;1;
202000010541;154 723 721;A01;1;7;0;2;1;19;1;
202000010542;154 723 718;B01;3;7;0;2;3;1;1;
202000010542;154 723 719;A01;1;2;0;2;1;1;1;
202000010543;154 723 716;B01;2;31;0;2;1;1;1;
202000010543;154 723 717;A01;1;7;0;2;1;9;1;
202000010544;154 723 714;B01;1;33;0;2;1;1;1;
202000010544;154 723 715;A01;1;7;0;2;8;19;1;
202000010545;154 723 712;A01;1;3;0;2;2;12;1;
202000010545;154 723 713;B01;1;32;0;2;8;1;1;
202000010546;154 723 710;B01;1;7;0;2;4;1;1;
202000010546;154 723 711;A01;1;33;0;2;1;1;1;
202000010547;154 723 708;A01;1;31;0;2;1;2;1;
202000010547;154 723 709;B01;1;7;0;2;4;2;1;
202000010548;154 723 706;A01;1;7;0;2;1;1;1;
202000010548;154 723 707;B01;1;1;0;2;7;1;5;
202000010549;154 723 705;A01;2;1;0;1;1;1;5;
202000010550;154 723 703;B01;1;7;0;2;6;15;1;
202000010550;154 723 704;A01;1;32;0;2;3;1;1;
202000010551;154 723 701;A01;1;30;0;2;2;7;1;
202000010551;154 723 702;B01;1;1;0;2;8;23;5;
202000010552;154 723 700;A01;2;1;0;1;1;1;5;
202000010553;154 723 699;A01;1;7;0;1;0;1;0;
202000010554;154 723 698;Z01;2;33;0;1;1;7;0;
202000010555;154 723 697;A01;2;30;0;1;7;7;1;
202000010556;154 723 695;B01;3;32;0;2;2;17;1;
202000010556;154 723 696;A01;3;7;0;2;3;13;1;
202000010557;154 723 694;A01;1;1;12;0;3;15;5;
202000010558;154 723 693;A01;2;1;0;0;0;1;5;
202000010559;154 723 691;B01;2;7;0;2;6;2;1;
202000010559;154 723 692;A01;2;31;0;2;1;2;1;
202000010560;154 723 689;A01;0;7;8;2;7;17;1;
202000010560;154 723 690;B01;0;7;0;2;5;15;1;
202000010561;154 723 687;B01;3;1;0;2;1;9;5;
202000010561;154 723 688;A01;2;34;0;2;1;1;1;
202000010562;154 723 685;B01;1;99;0;2;4;2;0;
202000010562;154 723 686;A01;1;30;0;2;1;1;0;
202000010563;154 723 683;A01;0;37;0;2;1;1;1;1
202000010563;154 723 684;B01;0;30;0;2;8;8;1;
202000010564;154 723 681;B01;1;33;0;2;1;1;1;
202000010564;154 723 682;A01;1;7;0;2;3;15;5;
202000010565;154 723 679;A01;0;50;0;9;8;1;3;
202000010565;154 723 680;B01;0;50;13;0;0;1;3;
202000010566;154 723 677;A01;1;7;0;2;2;9;1;
202000010566;154 723 678;B01;2;2;0;2;3;2;1;
202000010567;154 723 675;B01;1;30;0;2;7;21;1;
202000010567;154 723 676;A01;1;99;0;2;3;1;1;
202000010568;154 723 674;A01;3;7;0;1;1;1;2;
202000010569;154 723 673;A01;0;31;0;0;8;10;1;
202000010570;154 723 672;A01;1;7;0;1;3;1;1;
202000010571;154 723 669;A01;2;7;0;2;1;2;1;
202000010571;154 723 670;B01;2;16;0;2;6;1;1;
202000010571;154 723 671;C01;2;7;1;0;1;2;1;
202000010572;154 723 667;A01;2;2;8;2;1;1;0;
202000010572;154 723 668;B01;1;7;0;2;1;1;0;
202000010573;154 723 665;B01;2;10;0;2;1;1;0;
202000010573;154 723 666;A01;1;30;0;2;1;15;0;
202000010574;154 723 664;A01;3;36;13;0;0;21;1;
202000010575;154 723 663;A01;2;33;3;0;8;1;0;
202000010576;154 723 661;B01;3;60;0;0;8;19;5;
202000010576;154 723 662;A01;1;7;0;2;2;1;1;
202000010577;154 723 659;A01;1;7;0;2;1;2;1;
202000010577;154 723 660;B01;1;7;0;0;4;1;1;
202000010578;154 723 657;B01;1;33;0;2;8;1;1;
202000010578;154 723 658;A01;2;7;0;2;1;15;1;
202000010579;154 723 656;A01;2;7;13;0;1;0;1;
202000010580;154 723 655;A01;0;7;0;1;4;4;1;
202000010581;154 723 653;A01;1;13;0;2;8;13;1;
202000010581;154 723 654;B01;2;13;0;2;8;1;1;
202000010582;154 723 652;A01;3;36;2;0;0;0;1;
202000010583;154 723 651;A01;3;36;13;0;2;0;1;
202000010584;154 723 649;A01;1;2;0;2;1;1;1;
202000010584;154 723 650;B01;2;7;0;0;8;1;1;
202000010585;154 723 648;A01;3;2;0;0;0;1;1;
202000010586;154 723 647;A01;2;7;3;0;3;21;0;
202000010587;154 723 644;A01;2;7;2;0;1;2;0;
202000010588;154 723 643;A01;2;7;13;0;3;1;1;
202000010589;154 723 641;B01;3;7;0;2;2;15;1;
202000010589;154 723 642;A01;1;7;0;0;3;1;1;
202000010590;154 723 640;A01;2;7;0;1;2;1;1;
202000010591;154 723 638;B01;2;21;0;0;6;1;1;
202000010591;154 723 639;A01;2;7;0;2;3;1;1;
202000010592;154 723 636;B01;2;7;0;2;1;1;1;
202000010592;154 723 637;A01;2;7;0;2;8;19;1;
202000010593;154 723 634;A01;1;10;0;2;2;0;1;
202000010593;154 723 635;B01;1;7;0;2;4;1;1;
202000010594;154 723 632;A01;2;15;0;2;3;1;1;
202000010594;154 723 633;B01;2;7;0;2;4;1;1;
202000010595;154 723 630;Z01;2;99;0;0;0;0;0;
202000010595;154 723 631;A01;2;7;0;2;2;18;1;
202000010596;154 723 627;B01;2;10;1;0;2;26;1;
202000010596;154 723 628;A01;2;7;0;2;6;26;1;
202000010596;154 723 629;C01;2;7;3;2;0;26;1;
202000010597;154 723 626;A01;1;7;14;0;1;13;0;
202000010598;154 723 624;B01;1;7;0;2;5;12;1;
202000010598;154 723 625;A01;1;7;0;2;1;11;1;
202000010599;154 723 622;B01;3;7;0;2;4;2;1;
202000010599;154 723 623;A01;3;7;0;2;1;2;1;
202000010600;154 723 621;A01;1;7;15;0;7;15;1;
202000010601;154 723 620;A01;1;1;0;1;1;0;5;
202000010602;154 723 619;A01;1;2;14;0;1;14;1;
202000010603;154 723 616;A01;1;7;2;0;2;14;1;
202000010604;154 723 614;B01;1;7;0;2;4;2;1;
202000010604;154 723 615;A01;1;10;0;2;1;2;1;
202000010605;154 723 612;B01;2;7;0;2;1;1;1;
202000010605;154 723 613;A01;2;7;0;2;2;1;1;
202000010606;154 723 611;A01;3;7;0;1;4;20;1;
202000010607;154 723 609;B01;2;7;0;2;4;23;1;
202000010607;154 723 610;A01;2;7;0;2;1;1;1;
202000010608;154 723 608;A01;1;7;0;1;1;1;1;
202000010609;154 723 606;A01;1;7;0;2;1;2;1;
202000010609;154 723 607;B01;1;7;0;2;4;23;1;
202000010610;154 723 604;B01;2;7;0;0;1;2;1;
202000010610;154 723 605;A01;1;33;0;2;1;2;1;
202000010611;154 723 602;B01;2;33;0;2;8;1;0;
202000010611;154 723 603;A01;1;10;0;2;1;15;1;
202000010612;154 723 599;A01;2;7;0;1;2;15;1;
202000010613;154 723 597;A01;1;7;0;2;1;1;1;
202000010613;154 723 598;B01;1;7;0;2;4;15;1;
202000010614;154 723 595;B01;2;30;0;2;1;1;1;
202000010614;154 723 596;A01;2;7;0;2;3;16;1;
202000010615;154 723 594;A01;1;50;0;1;1;1;3;
202000010616;154 723 592;A01;2;17;0;2;2;21;1;
202000010616;154 723 593;B01;2;7;0;2;8;1;1;
202000010617;154 723 590;A01;1;7;0;2;8;9;1;
202000010617;154 723 591;B01;1;1;0;2;7;1;5;
202000010618;154 723 588;B01;1;10;0;2;5;16;1;
202000010618;154 723 589;A01;1;31;0;2;8;1;1;
202000010619;154 723 586;A01;1;15;0;2;5;4;1;
202000010619;154 723 587;B01;1;7;0;2;2;1;1;
202000010620;154 723 585;A01;2;32;0;0;7;26;1;
202000010621;154 723 583;B01;1;1;0;2;1;5;5;
202000010621;154 723 584;A01;2;7;0;2;3;1;1;
202000010622;154 723 581;B01;2;10;0;2;7;1;1;
202000010622;154 723 582;A01;2;7;0;2;1;16;1;
202000010623;154 723 579;B01;2;2;0;2;6;17;1;
202000010623;154 723 580;A01;2;7;0;2;3;15;1;
202000010624;154 723 578;A01;2;7;0;1;2;1;1;
202000010625;154 723 576;B01;1;34;0;2;1;1;1;
202000010625;154 723 577;A01;2;7;0;0;0;19;1;
202000010626;154 723 574;A01;0;7;0;2;5;20;1;
202000010626;154 723 575;B01;0;33;0;2;1;0;1;
202000010627;154 723 572;A01;1;33;0;2;1;13;1;
202000010627;154 723 573;B01;2;7;0;2;1;1;1;
202000010628;154 723 571;A01;2;2;0;0;0;1;0;
202000010629;154 723 570;A01;3;10;0;1;4;4;1;
202000010630;154 723 568;B01;1;7;0;2;4;2;1;
202000010630;154 723 569;A01;1;33;0;2;1;2;1;
202000010631;154 723 566;A01;1;33;0;2;2;13;1;
202000010631;154 723 567;B01;1;7;0;2;6;23;1;
202000010632;154 723 565;A01;1;1;0;1;8;16;5;
202000010633;154 723 563;A01;1;33;0;2;1;1;1;
202000010633;154 723 564;Z01;1;7;0;2;8;10;1;
202000010634;154 723 561;B01;2;7;0;2;0;15;1;
202000010634;154 723 562;A01;1;7;1;2;2;1;3;
202000010635;154 723 559;A01;2;7;0;2;2;1;1;
202000010635;154 723 560;B01;1;7;0;1;8;1;1;
202000010636;154 723 557;B01;1;43;0;2;3;1;1;
202000010636;154 723 558;A01;3;7;0;2;1;10;1;
202000010637;154 723 555;B01;2;43;0;2;1;1;1;
202000010637;154 723 556;A01;1;7;0;2;5;15;1;
202000010638;154 723 553;A01;1;7;0;2;1;2;1;
202000010638;154 723 554;B01;1;30;0;2;4;2;1;
202000010639;154 723 551;B01;2;1;0;2;1;1;5;
202000010639;154 723 552;A01;1;7;0;2;5;15;1;
202000010640;154 723 549;A01;1;7;0;2;3;15;1;
202000010640;154 723 550;B01;1;2;0;2;2;15;1;
202000010641;154 723 548;A01;2;7;0;1;3;1;1;
202000010642;154 723 546;A01;1;30;0;2;0;17;1;
202000010642;154 723 547;B01;1;7;0;2;3;26;1;
202000010643;154 723 544;A01;1;10;0;2;1;1;1;
202000010643;154 723 545;B01;1;10;0;2;0;2;0;
202000010644;154 723 542;A01;1;2;6;0;2;17;0;
202000010644;154 723 543;B01;1;7;0;2;3;15;1;
202000010645;154 723 540;A01;1;3;0;2;8;15;1;
202000010645;154 723 541;B01;1;32;0;2;0;0;0;
202000010646;154 723 539;A01;1;7;0;2;7;15;0;
202000010647;154 723 537;A01;1;14;0;2;4;23;0;
202000010647;154 723 538;B01;1;14;1;0;1;1;0;
202000010648;154 723 536;A01;3;32;0;1;1;25;1;
202000010649;154 723 534;B01;1;7;1;1;8;23;1;
202000010649;154 723 535;A01;1;10;1;1;2;1;1;
202000010650;154 723 532;B01;1;7;0;2;2;16;0;
202000010650;154 723 533;A01;2;32;0;2;9;0;1;
202000010651;154 723 530;B01;3;7;0;2;3;1;1;
202000010651;154 723 531;A01;3;50;0;2;3;19;3;
202000010652;154 723 528;B01;1;2;0;2;2;0;0;
202000010652;154 723 529;A01;2;10;0;2;0;0;0;
202000010653;154 723 526;B01;2;2;0;2;8;13;1;
202000010653;154 723 527;A01;1;7;0;2;8;1;1;
202000010654;154 723 524;A01;2;7;0;2;1;1;1;
202000010654;154 723 525;B01;1;17;0;2;1;1;1;
202000010655;154 723 523;A01;3;33;0;0;3;0;1;
202000010656;154 723 521;B01;1;7;0;2;3;16;1;
202000010656;154 723 522;A01;1;7;0;2;2;1;1;
202000010657;154 723 519;A01;1;7;0;1;3;1;1;
202000010658;154 723 517;A01;1;14;0;0;6;0;1;
202000010658;154 723 518;B01;1;33;13;2;2;21;1;
202000010659;154 723 515;B01;2;7;0;2;2;15;1;
202000010659;154 723 516;A01;1;7;0;2;1;1;1;
202000010660;154 723 514;A01;1;33;0;0;0;1;0;
202000010661;154 723 512;B01;1;33;0;2;1;1;1;
202000010661;154 723 513;A01;2;21;0;2;1;15;0;
202000010662;154 723 510;B01;2;7;0;2;1;1;1;
202000010662;154 723 511;A01;1;7;0;2;1;1;1;
202000010663;154 723 508;B01;1;7;0;2;1;1;0;
202000010663;154 723 509;A01;2;7;0;2;3;16;0;
202000010664;154 723 507;A01;2;7;6;0;3;17;1;
202000010665;154 723 506;A01;3;1;0;0;0;1;5;
202000010666;154 723 503;A01;3;2;0;2;1;13;1;
202000010666;154 723 504;B01;3;7;0;2;2;1;1;
202000010667;154 723 502;A01;0;7;0;1;2;1;1;
202000010668;154 723 501;A01;1;7;6;0;1;0;1;
202000010669;154 723 500;A01;2;7;2;0;9;1;1;
202000010670;154 723 498;A01;3;7;0;0;1;19;1;
202000010670;154 723 499;B01;0;7;0;0;1;19;1;
202000010671;154 723 496;A01;1;1;0;2;8;19;5;
202000010671;154 723 497;B01;2;7;0;2;1;1;1;
202000010672;154 723 494;A01;1;7;0;2;7;1;1;
202000010672;154 723 495;B01;2;2;0;2;1;1;1;
202000010673;154 723 492;B01;2;7;0;2;1;21;1;
202000010673;154 723 493;A01;1;7;0;2;2;13;1;
202000010674;154 723 491;A01;3;7;0;1;2;1;1;
202000010675;154 723 490;A01;3;10;2;0;1;21;1;
202000010676;154 723 488;A01;2;7;0;0;1;1;0;
202000010676;154 723 489;B01;1;7;0;0;2;13;0;
202000010677;154 723 487;A01;1;7;4;0;2;0;0;
202000010678;154 723 485;A01;2;7;0;2;3;15;1;
202000010678;154 723 486;B01;1;33;0;2;1;1;1;
202000010679;154 723 482;C01;2;7;0;2;8;1;1;
202000010679;154 723 483;B01;2;10;0;2;3;1;1;
202000010679;154 723 484;A01;1;7;0;2;1;13;1;
202000010680;154 723 480;A01;2;7;0;2;2;16;1;
202000010680;154 723 481;B01;2;1;0;2;1;1;5;
202000010681;154 723 478;B01;1;7;0;0;8;15;1;
202000010681;154 723 479;A01;1;33;0;2;1;1;1;
202000010682;154 723 476;A01;0;7;0;2;1;9;0;
202000010682;154 723 477;B01;1;32;1;2;9;1;1;
202000010683;154 723 474;A01;1;7;0;2;6;15;0;
202000010683;154 723 475;B01;2;2;0;2;1;1;0;
202000010684;154 723 472;B01;1;33;16;0;7;1;1;
202000010684;154 723 473;A01;1;2;16;0;0;1;1;
202000010685;154 723 470;A01;3;33;0;2;1;2;1;
202000010685;154 723 471;B01;3;7;0;0;4;15;1;
202000010686;154 723 466;A01;1;10;0;2;4;1;1;
202000010686;154 723 467;B01;1;7;0;2;6;1;1;
202000010686;154 723 468;C01;1;7;0;2;1;17;1;
202000010686;154 723 469;D01;1;7;0;2;1;1;1;
202000010687;154 723 465;A01;2;7;3;0;1;1;1;
202000010688;154 723 463;B01;1;7;0;2;4;1;1;
202000010688;154 723 464;A01;1;7;0;2;1;26;1;
202000010689;154 723 462;A01;3;7;0;1;4;20;0;
202000010690;154 723 460;A01;1;7;1;2;7;15;1;
202000010690;154 723 461;B01;2;0;1;2;1;1;0;
202000010691;154 723 459;A01;1;7;0;2;1;14;1;
202000010692;154 723 457;B01;2;7;0;2;4;2;1;
202000010692;154 723 458;A01;2;7;0;2;1;2;1;
202000010693;154 723 455;B01;1;7;0;2;6;15;1;
202000010693;154 723 456;A01;1;32;0;2;1;1;1;
202000010694;154 723 454;A01;2;7;7;2;1;9;1;
202000010695;154 723 452;A01;2;7;0;2;8;22;1;
202000010695;154 723 453;B01;2;1;0;0;0;0;0;
202000010696;154 723 451;A01;0;7;0;1;1;1;1;
202000010697;154 723 450;A01;2;7;8;0;1;1;1;
202000010698;154 723 449;A01;2;80;0;0;1;1;3;
202000010699;154 723 448;A01;1;30;0;0;0;13;1;
202000010700;154 723 446;B01;0;1;0;2;7;9;0;
202000010700;154 723 447;A01;0;2;0;2;1;9;1;
202000010701;154 723 445;A01;1;7;15;0;1;14;1;
202000010702;154 723 444;A01;2;7;1;0;3;26;1;
202000010703;154 723 441;A01;3;7;0;1;2;20;1;
202000010704;154 723 439;A01;0;7;0;2;8;15;1;
202000010704;154 723 440;B01;1;7;0;2;1;1;1;
202000010705;154 723 438;A01;1;7;0;1;2;1;1;
202000010706;154 723 437;A01;1;7;1;0;1;14;1;
202000010707;154 723 435;B01;2;7;0;2;3;1;1;
202000010707;154 723 436;A01;1;30;0;2;1;15;1;
202000010708;154 723 433;A01;1;7;0;2;1;2;1;
202000010708;154 723 434;B01;1;10;0;2;4;23;1;
202000010709;154 723 432;A01;2;7;8;0;1;1;1;
202000010710;154 723 430;B01;1;30;0;2;1;17;1;
202000010710;154 723 431;A01;1;21;0;2;3;15;1;
202000010711;154 723 428;A01;3;7;0;2;1;26;1;
202000010711;154 723 429;B01;3;1;0;2;3;1;0;
202000010712;154 723 427;A01;2;30;16;0;8;14;3;
202000010713;154 723 425;A01;2;7;1;0;3;13;1;
202000010714;154 723 423;A01;1;7;1;0;1;20;1;
202000010714;154 723 424;B01;1;33;0;2;4;24;1;