num_acc;id_vehicule;num_veh;senc;catv;obs;obsm;choc;manv;motor;occutc
202000010715;154 723 422;A01;1;1;0;0;0;0;5;
202000010716;154 723 420;A01;1;7;0;2;3;0;1;
202000010716;154 723 421;B01;1;2;0;2;1;0;1;
202000010717;154 723 418;B01;2;80;0;2;2;19;3;
202000010717;154 723 419;A01;3;7;0;2;2;1;1;
202000010718;154 723 416;B01;0;7;0;2;4;2;1;
202000010718;154 723 417;A01;0;7;0;2;1;2;2;
202000010719;154 723 414;A01;3;1;0;2;7;19;5;
202000010719;154 723 415;B01;3;10;0;2;1;16;0;
202000010720;154 723 409;B01;3;7;0;2;3;0;2;
202000010720;154 723 410;A01;3;7;0;2;2;15;1;
202000010721;154 723 408;A01;1;33;0;0;1;1;1;
202000010722;154 723 406;A01;1;7;0;2;5;15;1;
202000010722;154 723 407;B01;2;2;0;2;1;1;1;
202000010723;154 723 405;A01;1;7;0;1;1;0;1;
202000010724;154 723 404;A01;1;7;0;1;1;1;1;
202000010725;154 723 402;B01;2;7;0;2;4;1;1;
202000010725;154 723 403;A01;2;7;0;2;1;1;1;
202000010726;154 723 401;A01;3;7;3;0;3;13;1;
202000010727;154 723 399;B01;1;32;0;2;1;1;1;
202000010727;154 723 400;A01;1;1;0;2;8;15;5;
202000010728;154 723 398;A01;2;10;1;0;3;26;1;
202000010729;154 723 397;A01;1;7;0;1;6;4;1;
202000010730;154 723 395;B01;2;31;0;2;1;1;1;
202000010730;154 723 396;A01;2;30;0;2;7;16;1;
202000010731;154 723 393;A01;2;7;0;2;3;10;1;
202000010731;154 723 394;B01;2;1;0;2;1;1;5;
202000010732;154 723 391;A01;1;10;0;2;3;13;1;
202000010732;154 723 392;B01;1;30;0;2;2;17;3;
202000010733;154 723 389;A01;2;30;0;2;1;1;0;
202000010733;154 723 390;B01;2;7;0;2;5;23;0;
202000010734;154 723 387;B01;1;7;1;0;3;15;0;
202000010734;154 723 388;A01;1;7;1;0;2;17;0;
202000010735;154 723 386;A01;2;7;0;1;3;15;0;
202000010736;154 723 384;B01;3;1;0;2;1;1;5;
202000010736;154 723 385;A01;3;7;14;0;2;26;0;
202000010737;154 723 382;A01;-1;7;0;2;3;1;1;
202000010737;154 723 383;B01;0;7;0;2;8;1;1;
202000010738;154 723 381;A01;3;7;0;1;1;10;1;
202000010739;154 723 379;B01;2;7;0;2;3;15;1;
202000010739;154 723 380;A01;2;2;0;2;2;1;1;
202000010740;154 723 377;A01;2;7;0;2;0;0;1;
202000010740;154 723 378;B01;2;7;0;2;0;0;1;
202000010741;154 723 375;B01;0;7;0;0;0;18;1;
202000010741;154 723 376;A01;3;7;4;0;0;21;1;
202000010742;154 723 372;A01;3;33;13;0;1;1;1;
202000010743;154 723 371;A01;2;33;13;0;8;1;1;
202000010744;154 723 370;A01;3;7;13;0;1;9;1;
202000010745;154 723 368;A01;2;33;0;2;1;1;1;
202000010745;154 723 369;B01;3;7;0;2;8;15;1;
202000010746;154 723 366;A01;1;33;0;2;1;18;1;
202000010746;154 723 367;B01;1;21;0;0;5;16;1;
202000010747;154 723 365;A01;1;7;13;0;1;1;1;
202000010748;154 723 363;A01;2;7;0;2;1;0;1;
202000010748;154 723 364;B01;1;7;0;2;4;1;1;
202000010749;154 723 362;A01;0;7;13;0;3;13;0;
202000010750;154 723 360;A01;2;7;0;0;1;1;1;
202000010750;154 723 361;B01;2;1;0;2;1;9;6;
202000010751;154 723 359;A01;2;33;0;0;9;2;1;
202000010752;154 723 357;B01;1;17;13;2;2;21;1;
202000010752;154 723 358;A01;2;7;13;2;2;5;1;
202000010753;154 723 355;B01;2;7;0;2;3;1;0;
202000010753;154 723 356;A01;1;7;0;2;3;13;0;
202000010754;154 723 354;A01;0;36;12;0;1;19;0;
202000010755;154 723 353;A01;0;7;13;0;0;1;1;
202000010756;154 723 352;A01;1;7;16;0;9;1;1;
202000010757;154 723 351;A01;1;7;4;0;1;2;1;
202000010758;154 723 349;B01;1;7;0;2;3;14;1;
202000010758;154 723 350;A01;2;2;0;2;1;13;1;
202000010759;154 723 348;A01;3;36;13;0;4;4;1;
202000010760;154 723 347;A01;1;7;8;0;3;1;1;
202000010761;154 723 344;A01;2;7;4;2;1;5;1;
202000010761;154 723 345;B01;1;7;0;2;1;2;1;
202000010762;154 723 342;A01;1;7;0;1;1;1;1;
202000010763;154 723 341;A01;1;31;13;0;6;1;6;
202000010764;154 723 339;A01;0;7;0;2;1;13;0;
202000010764;154 723 340;B01;0;10;0;2;1;23;0;
202000010765;154 723 338;A01;1;32;13;0;2;1;1;
202000010766;154 723 334;B01;3;7;0;2;3;1;0;
202000010766;154 723 335;A01;3;2;0;2;1;13;0;
202000010767;154 723 332;B01;0;7;0;0;3;0;1;
202000010767;154 723 333;A01;0;30;1;0;1;0;3;
202000010768;154 723 330;B01;1;7;0;2;8;1;1;
202000010768;154 723 331;A01;2;7;8;2;8;1;1;
202000010769;154 723 328;B01;2;7;0;2;3;1;1;
202000010769;154 723 329;A01;1;7;0;2;3;13;1;
202000010770;154 723 326;A01;1;7;0;2;1;19;1;
202000010770;154 723 327;B01;1;33;0;2;8;1;1;
202000010771;154 723 324;A01;1;10;0;2;2;17;1;
202000010771;154 723 325;B01;1;10;17;2;6;1;1;
202000010772;154 723 321;B01;1;7;0;2;1;1;1;
202000010772;154 723 322;C01;1;10;0;2;1;1;0;
202000010772;154 723 323;A01;1;7;0;0;4;1;1;
202000010773;154 723 320;A01;0;7;0;1;1;1;1;
202000010774;154 723 319;A01;1;7;0;1;7;16;1;
202000010775;154 723 316;C01;1;7;0;2;2;26;1;
202000010775;154 723 317;A01;3;7;0;2;2;26;1;
202000010775;154 723 318;B01;1;7;0;2;2;1;1;
202000010776;154 723 314;B01;1;10;3;2;2;1;1;
202000010776;154 723 315;A01;1;10;0;2;3;11;1;
202000010777;154 723 313;A01;1;1;12;0;1;1;5;
202000010778;154 723 311;B01;3;7;0;2;3;1;0;
202000010778;154 723 312;A01;3;7;0;1;3;6;1;
202000010779;154 723 309;A01;1;1;0;2;1;14;5;
202000010779;154 723 310;B01;2;7;0;9;7;1;1;
202000010780;154 723 307;B01;1;7;0;2;4;2;1;
202000010780;154 723 308;A01;1;30;0;2;1;2;1;
202000010781;154 723 305;B01;2;50;0;2;0;0;3;
202000010781;154 723 306;A01;1;7;0;2;2;15;1;
202000010782;154 723 303;A01;2;7;0;2;3;1;1;
202000010782;154 723 304;Z01;1;7;0;2;2;1;0;
202000010783;154 723 301;B01;2;7;0;2;1;1;1;
202000010783;154 723 302;A01;2;34;0;2;1;1;1;
202000010784;154 723 299;A01;2;33;15;0;1;13;1;
202000010784;154 723 300;B01;2;37;0;2;1;1;1;1
202000010785;154 723 297;A01;1;7;0;2;3;15;1;
202000010785;154 723 298;B01;1;7;0;2;2;1;1;
202000010786;154 723 295;A01;1;7;0;2;3;1;1;
202000010786;154 723 296;B01;2;32;0;2;7;1;1;
202000010787;154 723 294;A01;1;7;0;1;4;4;1;
202000010788;154 723 292;B01;1;32;0;2;2;1;1;
202000010788;154 723 293;A01;2;30;0;2;3;15;1;
202000010789;154 723 290;A01;1;7;0;2;7;1;1;
202000010789;154 723 291;B01;1;7;0;2;3;1;1;
202000010790;154 723 289;A01;1;10;0;1;1;15;1;
202000010791;154 723 286;B01;3;7;0;2;8;1;1;
202000010791;154 723 287;A01;3;7;0;2;1;13;2;
202000010791;154 723 288;C01;3;32;0;2;1;1;1;
202000010792;154 723 285;A01;1;7;0;1;1;16;0;
202000010793;154 723 283;B01;1;33;0;2;8;2;1;
202000010793;154 723 284;A01;1;7;0;2;7;12;2;
202000010794;154 723 282;A01;1;7;0;1;1;15;1;
202000010795;154 723 281;Z01;1;7;0;1;1;2;0;
202000010796;154 723 279;B01;1;7;0;2;5;23;1;
202000010796;154 723 280;A01;1;32;0;2;1;3;1;
202000010797;154 723 277;B01;2;7;0;2;5;1;2;
202000010797;154 723 278;A01;2;7;0;2;3;18;1;
202000010798;154 723 276;A01;2;50;0;0;1;1;3;
202000010799;154 723 274;Z01;2;7;0;2;1;2;0;
202000010799;154 723 275;A01;2;7;0;2;4;23;1;
202000010800;154 723 273;A01;1;50;12;0;1;19;3;
202000010801;154 723 272;A01;1;50;0;0;0;1;3;
202000010802;154 723 270;B01;1;7;0;2;3;23;1;
202000010802;154 723 271;A01;1;34;0;2;1;17;1;
202000010803;154 723 269;A01;1;1;0;0;0;1;5;
202000010804;154 723 267;B01;2;10;0;2;1;1;0;
202000010804;154 723 268;A01;1;33;0;2;1;13;1;
202000010805;154 723 266;A01;2;7;0;1;1;1;0;
202000010806;154 723 264;A01;2;7;0;2;8;13;1;
202000010806;154 723 265;B01;2;30;0;2;7;2;3;
202000010807;154 723 262;B01;2;33;0;2;4;23;1;
202000010807;154 723 263;A01;2;7;0;2;1;2;1;
202000010808;154 723 260;Z01;2;10;0;2;8;11;0;
202000010808;154 723 261;B01;2;33;0;2;7;26;0;
202000010809;154 723 259;A01;3;34;0;0;1;26;0;
202000010810;154 723 258;A01;2;7;9;0;1;14;1;
202000010811;154 723 256;A01;3;7;0;2;3;11;1;
202000010811;154 723 257;B01;3;33;0;2;7;1;1;
202000010812;154 723 254;B01;1;7;0;2;3;15;1;
202000010812;154 723 255;A01;1;30;0;2;1;2;1;
202000010813;154 723 252;B01;2;7;0;2;3;15;1;
202000010813;154 723 253;A01;2;31;0;2;2;1;1;
202000010814;154 723 251;A01;1;30;0;0;0;1;1;
202000010815;154 723 250;A01;1;7;12;0;1;9;1;
202000010816;154 723 249;A01;1;30;0;0;8;21;1;
202000010817;154 723 248;A01;3;37;0;1;1;26;6;1
202000010818;154 723 245;C01;1;7;0;2;1;2;0;
202000010818;154 723 246;B01;2;7;0;2;4;2;1;
202000010818;154 723 247;A01;2;7;0;2;4;26;0;
202000010819;154 723 244;A01;1;7;1;0;1;1;1;
202000010820;154 723 242;B01;2;31;0;2;2;1;1;
202000010820;154 723 243;A01;1;7;0;2;0;0;1;
202000010821;154 723 239;C01;1;10;0;0;1;24;1;
202000010821;154 723 240;B01;1;7;0;2;1;9;1;
202000010821;154 723 241;A01;2;30;1;2;1;1;1;
202000010822;154 723 237;B01;1;32;0;2;1;1;1;
202000010822;154 723 238;A01;2;7;0;2;3;15;1;
202000010823;154 723 236;A01;2;10;0;1;3;16;1;
202000010824;154 723 234;A01;1;10;0;2;3;9;1;
202000010824;154 723 235;B01;1;50;0;2;5;0;3;
202000010825;154 723 233;A01;1;7;4;0;2;2;1;
202000010826;154 723 231;A01;1;13;0;2;5;9;1;
202000010826;154 723 232;B01;1;7;0;2;1;1;0;
202000010827;154 723 230;A01;1;7;0;1;0;1;1;
202000010828;154 723 227;C01;2;7;0;2;7;1;1;
202000010828;154 723 228;B01;2;43;0;2;7;12;1;
202000010828;154 723 229;A01;2;33;0;2;1;3;1;
202000010829;154 723 225;B01;1;7;0;2;3;26;1;
202000010829;154 723 226;A01;1;7;0;2;2;15;1;
202000010830;154 723 223;B01;1;1;0;2;8;1;5;
202000010830;154 723 224;A01;2;7;0;2;1;15;1;
202000010831;154 723 221;A01;1;14;0;2;1;2;1;
202000010831;154 723 222;B01;1;7;15;0;4;2;1;
202000010832;154 723 219;B01;1;2;0;2;0;0;0;
202000010832;154 723 220;A01;1;7;0;2;4;0;1;
202000010833;154 723 218;A01;1;7;0;1;4;4;1;
202000010834;154 723 217;A01;3;7;0;1;2;1;1;
202000010835;154 723 216;A01;1;37;0;1;2;21;1;1
202000010836;154 723 214;A01;3;10;0;2;1;19;1;
202000010836;154 723 215;B01;3;10;0;2;4;2;1;
202000010837;154 723 212;A01;1;7;0;2;1;2;6;
202000010837;154 723 213;B01;1;37;12;0;4;23;0;1
202000010838;154 723 211;A01;1;7;0;1;3;17;0;
202000010839;154 723 208;B01;3;7;0;2;4;2;1;
202000010839;154 723 209;C01;3;7;0;2;4;2;1;
202000010839;154 723 210;A01;3;7;0;2;1;2;1;
202000010840;154 723 206;B01;3;7;0;2;3;1;1;
202000010840;154 723 207;A01;3;7;0;2;1;5;1;
202000010841;154 723 205;A01;0;7;0;1;1;26;0;
202000010842;154 723 204;A01;2;7;0;1;1;2;1;
202000010843;154 723 202;Z01;1;7;0;0;0;0;0;
202000010843;154 723 203;B01;1;34;0;2;8;15;1;
202000010844;154 723 200;A01;1;1;0;2;1;5;5;
202000010844;154 723 201;B01;1;7;0;9;3;1;1;
202000010845;154 723 198;B01;1;31;0;2;4;1;1;
202000010845;154 723 199;A01;1;7;0;2;2;1;1;
202000010846;154 723 197;A01;1;7;0;1;0;2;1;
202000010847;154 723 195;A01;1;10;0;2;1;2;1;
202000010847;154 723 196;B01;1;10;0;2;0;0;1;
202000010848;154 723 194;Z01;1;31;0;1;7;1;1;
202000010849;154 723 192;A01;2;30;0;2;1;2;1;
202000010849;154 723 193;B01;1;7;0;2;4;2;1;
202000010850;154 723 190;A01;1;7;0;2;1;5;1;
202000010850;154 723 191;B01;1;7;0;2;1;1;1;
202000010851;154 723 189;A01;2;7;0;1;2;2;1;
202000010852;154 723 186;C01;1;7;0;2;1;2;1;
202000010852;154 723 187;B01;1;7;0;2;1;2;1;
202000010852;154 723 188;A01;1;7;0;2;4;26;1;
202000010853;154 723 185;A01;0;7;2;0;2;14;1;
202000010854;154 723 183;B01;2;99;0;2;1;1;6;
202000010854;154 723 184;A01;3;99;0;2;2;19;6;
202000010855;154 723 181;B01;3;33;0;2;8;1;1;
202000010855;154 723 182;A01;3;7;0;2;7;12;1;
202000010856;154 723 178;A01;1;7;0;2;1;1;1;
202000010856;154 723 179;B01;1;7;0;2;4;23;1;
202000010856;154 723 180;C01;1;7;0;2;4;0;1;
202000010857;154 723 175;A01;1;7;7;0;4;23;1;
202000010857;154 723 176;B01;1;7;7;0;9;2;1;
202000010857;154 723 177;MC01;1;7;14;2;1;1;1;
202000010858;154 723 174;A01;0;7;0;1;3;0;1;
202000010859;154 723 173;A01;3;7;0;1;2;1;0;
202000010860;154 723 172;A01;1;7;0;1;1;1;1;
202000010861;154 723 171;A01;1;30;0;1;0;19;0;
202000010862;154 723 170;A01;2;99;0;1;3;9;1;
202000010863;154 723 168;A01;0;3;0;2;3;1;0;
202000010863;154 723 169;B01;0;10;0;2;7;19;0;
202000010864;154 723 167;A01;2;7;12;0;1;1;1;
202000010865;154 723 166;A01;1;99;0;1;1;1;6;
202000010866;154 723 165;A01;3;7;3;0;1;9;0;
202000010867;154 723 163;B01;1;33;0;2;1;1;1;
202000010867;154 723 164;A01;2;7;0;2;1;15;1;
202000010868;154 723 161;A01;1;7;0;2;7;15;1;
202000010868;154 723 162;Y01;1;1;0;2;1;1;5;
202000010869;154 723 159;A01;-1;0;0;2;6;1;0;
202000010869;154 723 160;B01;3;7;0;2;2;15;0;
202000010870;154 723 157;A01;1;33;0;0;0;0;1;
202000010870;154 723 158;B01;1;7;0;0;0;0;1;
202000010871;154 723 154;C01;0;7;0;2;8;24;0;
202000010871;154 723 155;B01;0;7;0;2;8;24;0;
202000010871;154 723 156;A01;0;7;1;0;2;2;0;
202000010872;154 723 151;C01;2;10;0;2;6;23;1;
202000010872;154 723 152;B01;2;10;0;2;4;23;1;
202000010872;154 723 153;A01;2;13;0;2;1;2;1;
202000010873;154 723 149;A01;2;7;0;2;8;15;1;
202000010873;154 723 150;B01;2;34;0;2;2;17;1;
202000010874;154 723 148;A01;1;7;0;1;3;1;0;
202000010875;154 723 146;A01;3;7;1;2;2;1;1;
202000010875;154 723 147;B01;0;7;0;2;5;16;1;
202000010876;154 723 144;A01;1;10;0;2;3;15;1;
202000010876;154 723 145;B01;1;31;0;2;1;17;1;
202000010877;154 723 142;A01;2;7;0;2;8;10;1;
202000010877;154 723 143;B01;2;32;0;2;2;1;1;
202000010878;154 723 141;A01;1;7;0;1;1;1;1;
202000010879;154 723 140;A01;1;34;0;1;2;17;1;
202000010880;154 723 139;A01;2;7;0;1;1;1;0;
202000010881;154 723 137;A01;2;7;1;2;8;2;1;
202000010881;154 723 138;B01;3;7;0;2;1;2;1;
202000010882;154 723 136;A01;1;10;0;1;1;15;1;
202000010883;154 723 134;B01;2;7;0;2;4;23;0;
202000010883;154 723 135;A01;2;7;0;2;1;2;0;
202000010884;154 723 132;B01;1;7;1;0;1;1;1;
202000010884;154 723 133;A01;1;7;0;2;4;23;1;
202000010885;154 723 131;A01;1;10;0;1;1;1;1;
202000010886;154 723 129;A01;0;7;0;2;3;15;1;
202000010886;154 723 130;B01;0;7;0;2;1;19;1;
202000010887;154 723 128;A01;0;37;0;1;2;1;0;1
202000010888;154 723 126;B01;1;20;0;2;4;1;1;
202000010888;154 723 127;A01;1;7;0;2;1;2;1;
202000010889;154 723 125;A01;1;32;0;1;1;3;1;
202000010890;154 723 123;B01;3;7;0;2;4;23;1;
202000010890;154 723 124;A01;3;7;14;0;1;2;1;
202000010891;154 723 122;A01;2;7;0;1;2;16;1;
202000010892;154 723 120;B01;0;34;0;2;3;1;1;
202000010892;154 723 121;A01;0;7;0;2;5;16;1;
202000010893;154 723 118;B01;1;7;0;0;0;0;1;
202000010893;154 723 119;A01;1;2;0;0;0;0;1;
202000010894;154 723 117;A01;3;7;0;1;1;2;1;
202000010895;154 723 112;A01;3;33;0;2;1;26;1;
202000010895;154 723 113;B01;3;7;0;2;2;15;1;
202000010896;154 723 110;B01;3;32;0;2;1;1;1;
202000010896;154 723 111;A01;2;7;0;2;3;20;1;
202000010897;154 723 108;A01;3;15;0;2;6;11;1;
202000010897;154 723 109;B01;3;31;0;2;7;1;1;
202000010898;154 723 107;A01;1;7;1;0;2;1;1;
202000010899;154 723 106;A01;1;7;0;1;1;1;1;
202000010900;154 723 104;A01;2;7;0;2;8;15;1;
202000010900;154 723 105;B01;2;30;0;2;7;17;1;
202000010901;154 723 103;A01;1;7;15;0;1;1;1;
202000010902;154 723 101;B01;1;30;0;2;8;3;1;
202000010902;154 723 102;A01;2;7;0;2;6;9;1;
202000010903;154 723 099;A01;1;37;0;0;7;1;1;1
202000010903;154 723 100;B01;1;1;0;0;8;1;0;
202000010904;154 723 098;A01;1;7;0;1;1;16;1;
202000010905;154 723 097;A01;1;30;0;1;1;25;1;
202000010906;154 723 095;A01;1;7;0;2;3;16;1;
202000010906;154 723 096;B01;1;32;0;2;2;3;1;
202000010907;154 723 093;A01;1;13;0;2;3;22;0;
202000010907;154 723 094;B01;0;7;0;2;5;2;0;
202000010908;154 723 091;A01;1;7;0;9;2;2;0;
202000010908;154 723 092;B01;0;50;0;0;1;16;3;
202000010909;154 723 089;B01;2;7;0;2;3;1;1;
202000010909;154 723 090;A01;2;32;0;2;1;1;1;
202000010910;154 723 088;A01;1;7;0;1;7;15;1;
202000010911;154 723 086;A01;1;7;0;2;1;9;1;
202000010911;154 723 087;B01;2;3;0;2;6;1;1;
202000010912;154 723 084;B01;2;37;0;2;2;1;1;2
202000010912;154 723 085;A01;2;7;0;2;3;20;1;
202000010913;154 723 082;B01;2;32;0;2;1;3;1;
202000010913;154 723 083;A01;3;7;0;2;2;15;1;
202000010914;154 723 081;A01;1;7;9;1;1;1;1;
202000010915;154 723 079;B01;2;2;0;2;8;16;1;
202000010915;154 723 080;A01;2;10;0;2;7;16;1;
202000010916;154 723 077;A01;2;7;0;2;5;15;1;
202000010916;154 723 078;B01;1;50;0;2;1;1;3;
202000010917;154 723 074;B01;1;7;0;2;6;16;1;
202000010917;154 723 075;C01;1;7;0;2;6;16;1;
202000010917;154 723 076;A01;1;37;0;2;2;1;1;1
202000010918;154 723 072;B01;1;7;0;2;1;9;1;
202000010918;154 723 073;A01;1;33;0;2;2;1;1;
202000010919;154 723 071;A01;1;32;0;1;1;17;1;
202000010920;154 723 069;B01;2;7;0;2;8;1;1;
202000010920;154 723 070;A01;1;7;0;2;2;15;1;
202000010921;154 723 067;A01;1;7;0;2;2;15;1;
202000010921;154 723 068;B01;1;33;0;2;8;16;1;
202000010922;154 723 066;A01;2;7;0;1;3;15;0;
202000010923;154 723 065;A01;1;34;0;1;2;21;1;
202000010924;154 723 063;A01;2;15;0;2;5;16;0;
202000010924;154 723 064;B01;2;1;0;2;1;2;5;
202000010925;154 723 061;A01;1;30;0;2;2;26;1;
202000010925;154 723 062;Z01;0;7;0;2;7;26;0;
202000010926;154 723 060;A01;1;33;0;1;3;1;1;
202000010927;154 723 057;A01;1;7;0;2;3;15;1;
202000010927;154 723 058;D01;0;10;0;2;0;0;0;
202000010927;154 723 059;B01;1;33;1;2;1;17;1;
202000010928;154 723 056;A01;2;32;0;2;7;1;0;
202000010929;154 723 055;A01;3;7;0;1;2;17;1;
202000010930;154 723 053;B01;2;2;0;2;1;1;0;
202000010930;154 723 054;A01;1;7;0;2;2;15;0;
202000010931;154 723 052;A01;3;7;0;1;0;0;1;
202000010932;154 723 050;A01;0;2;0;2;1;2;1;
202000010932;154 723 051;B01;0;20;0;2;8;15;1;
202000010933;154 723 048;B01;1;7;0;0;1;1;1;
202000010933;154 723 049;A01;2;7;0;2;1;13;1;
202000010934;154 723 046;B01;1;33;0;2;1;13;1;
202000010934;154 723 047;A01;2;7;0;2;1;15;1;
202000010935;154 723 044;B01;2;2;0;0;1;2;1;
202000010935;154 723 045;A01;2;7;0;0;4;0;0;
202000010936;154 723 043;A01;2;7;2;9;2;1;1;
202000010937;154 723 042;A01;2;7;0;1;2;1;1;
202000010938;154 723 039;A01;1;7;13;0;1;14;1;
202000010939;154 723 037;A01;3;7;0;2;8;15;1;
202000010939;154 723 038;B01;0;7;0;2;1;1;1;
202000010940;154 723 036;A01;3;7;0;1;5;4;1;
202000010941;154 723 034;B01;1;7;0;2;1;2;1;
202000010941;154 723 035;A01;1;7;0;2;4;1;1;
202000010942;154 723 033;A01;1;7;8;0;1;1;1;
202000010943;154 723 031;A01;2;2;0;0;4;1;1;
202000010943;154 723 032;B01;2;7;0;2;2;2;1;
202000010944;154 723 030;A01;1;7;2;0;2;14;0;
202000010945;154 723 028;B01;2;7;0;2;3;13;0;
202000010945;154 723 029;A01;1;33;0;2;1;1;1;
202000010946;154 723 027;A01;1;7;15;0;1;1;0;
202000010947;154 723 025;A01;2;10;8;2;2;9;1;
202000010947;154 723 026;B01;2;7;0;2;3;2;1;
202000010948;154 723 023;A01;2;7;0;2;3;13;1;
202000010948;154 723 024;B01;1;7;0;2;3;1;1;
202000010949;154 723 021;A01;2;7;0;2;3;13;1;
202000010949;154 723 022;B01;1;7;0;2;3;1;1;
202000010950;154 723 018;A01;1;7;1;0;1;1;0;
202000010951;154 723 017;A01;2;7;1;0;2;0;1;
202000010952;154 723 014;A01;1;10;0;1;2;1;1;
202000010953;154 723 013;A01;0;7;0;1;0;2;0;
202000010954;154 723 011;B01;1;7;0;2;1;1;1;
202000010954;154 723 012;A01;2;7;0;2;2;19;1;
202000010955;154 723 008;C01;2;7;0;0;4;1;1;
202000010955;154 723 009;B01;2;7;0;2;4;2;1;
202000010955;154 723 010;A01;2;7;0;2;1;2;1;
202000010956;154 723 007;A01;3;7;0;1;4;4;1;
202000010957;154 723 005;A01;3;7;0;2;1;2;6;
202000010957;154 723 006;B01;3;33;0;2;5;16;6;
202000010958;154 723 000;C01;2;10;0;2;0;0;1;
202000010958;154 723 001;B01;2;10;0;2;0;0;1;
202000010958;154 723 002;A01;2;10;3;2;0;0;1;
202000010958;154 723 003;E01;2;10;0;2;0;0;1;
202000010958;154 723 004;D01;2;10;0;2;0;0;1;
202000010959;154 722 999;A01;1;7;0;0;2;1;1;
202000010960;154 722 997;B01;2;15;0;2;3;1;1;
202000010960;154 722 998;A01;1;7;0;2;3;17;1;
202000010961;154 722 995;B01;2;1;0;0;4;2;5;
202000010961;154 722 996;A01;2;7;0;2;2;2;1;
202000010962;154 722 993;A01;1;7;0;2;1;13;1;
202000010962;154 722 994;B01;2;7;0;2;1;1;1;
202000010963;154 722 991;B01;3;2;0;2;1;16;1;
202000010963;154 722 992;A01;1;7;0;2;1;9;1;
202000010964;154 722 989;B01;1;10;10;2;2;17;1;
202000010964;154 722 990;A01;1;7;0;2;3;15;1;
202000010965;154 722 987;A01;1;7;0;0;8;26;1;
202000010965;154 722 988;B01;1;33;0;2;1;1;1;
202000010966;154 722 986;A01;3;7;0;1;1;15;1;
202000010967;154 722 985;A01;2;7;13;0;9;1;1;
202000010968;154 722 984;A01;1;7;2;0;1;1;1;
202000010969;154 722 982;A01;1;7;0;0;9;2;1;
202000010970;154 722 981;A01;1;7;2;0;8;1;1;
202000010971;154 722 979;B01;2;7;0;2;3;1;1;
202000010971;154 722 980;A01;1;7;0;2;1;13;1;
202000010972;154 722 976;C01;1;7;0;0;4;2;1;
202000010972;154 722 977;B01;1;7;0;2;4;2;1;
202000010972;154 722 978;A01;1;10;0;2;1;2;1;
202000010973;154 722 975;A01;1;7;0;0;9;13;1;
202000010974;154 722 973;B01;2;2;0;2;1;13;1;
202000010974;154 722 974;A01;1;7;0;2;3;1;1;
202000010975;154 722 971;B01;1;7;0;2;1;1;1;
202000010975;154 722 972;A01;2;7;3;2;1;13;1;
202000010976;154 722 970;A01;2;80;0;0;9;0;3;
202000010977;154 722 968;A01;2;7;0;2;3;1;1;
202000010977;154 722 969;B01;1;7;0;2;8;17;1;
202000010978;154 722 966;B01;0;2;0;2;1;1;1;
202000010978;154 722 967;A01;1;7;0;2;7;1;1;
202000010979;154 722 965;A01;1;2;0;0;0;0;1;
202000010980;154 722 963;A01;1;7;0;1;7;1;1;
202000010981;154 722 961;B01;2;1;0;2;7;1;5;
202000010981;154 722 962;A01;2;30;0;2;7;18;1;
202000010982;154 722 960;A01;1;7;0;1;3;1;1;
202000010983;154 722 958;A01;3;7;0;2;1;1;1;
202000010983;154 722 959;B01;3;1;0;2;2;9;5;
202000010984;154 722 956;B01;2;1;0;2;1;1;5;
202000010984;154 722 957;A01;1;7;0;2;2;15;1;
202000010985;154 722 955;A01;2;30;0;1;1;1;1;
202000010986;154 722 953;A01;1;50;0;2;1;9;3;
202000010986;154 722 954;B01;1;1;0;2;8;1;5;
202000010987;154 722 951;A01;1;7;0;2;8;15;1;
202000010987;154 722 952;B01;1;1;0;2;1;1;5;
202000010988;154 722 950;A01;1;34;0;1;1;1;1;
202000010989;154 722 948;B01;2;1;0;2;1;11;5;
202000010989;154 722 949;A01;1;1;0;2;1;1;5;
202000010990;154 722 947;Z01;1;7;0;1;1;16;0;
202000010991;154 722 945;A01;2;7;0;2;1;17;1;
202000010991;154 722 946;B01;1;7;0;0;1;1;1;
202000010992;154 722 943;A01;1;31;0;2;1;1;1;
202000010992;154 722 944;B01;1;7;0;2;4;1;1;
202000010993;154 722 941;A01;1;7;0;2;3;1;1;
202000010993;154 722 942;B01;1;7;0;2;2;1;0;
202000010994;154 722 939;B01;2;7;0;2;7;9;1;
202000010994;154 722 940;A01;1;7;0;2;1;1;1;
202000010995;154 722 937;A01;0;7;0;2;4;4;1;
202000010995;154 722 938;B01;0;32;0;2;8;2;1;
202000010996;154 722 936;A01;2;20;0;1;1;14;1;
202000010997;154 722 935;A01;2;33;0;1;8;21;1;
202000010998;154 722 933;B01;1;10;0;2;3;2;1;
202000010998;154 722 934;A01;1;7;0;2;3;21;1;
202000010999;154 722 932;A01;2;7;15;1;1;26;1;
202000011000;154 722 931;A01;1;7;0;1;2;0;1;
202000011001;154 722 930;A01;3;7;0;1;2;15;0;
202000011002;154 722 929;A01;2;30;0;0;0;16;1;
202000011003;154 722 927;A01;1;7;0;9;4;9;1;
202000011003;154 722 928;B01;3;1;0;0;4;0;0;
202000011004;154 722 925;B01;1;32;0;2;3;0;1;
202000011004;154 722 926;A01;1;7;0;2;3;26;1;
202000011005;154 722 922;A01;1;7;0;1;1;15;1;