num_acc;id_vehicule;num_veh;senc;catv;obs;obsm;choc;manv;motor;occutc
202000011274;154 722 422;A01;2;7;0;1;2;1;1;
202000011275;154 722 421;A01;1;40;0;1;3;1;3;
202000011276;154 722 419;A01;0;7;0;2;1;1;0;
202000011276;154 722 420;B01;0;7;0;2;1;1;0;
202000011277;154 722 417;B01;1;2;0;2;1;1;1;
202000011277;154 722 418;A01;1;7;0;2;2;16;1;
202000011278;154 722 415;B01;1;7;0;2;7;1;1;
202000011278;154 722 416;A01;1;7;0;2;1;19;1;
202000011279;154 722 414;A01;2;30;0;2;1;5;1;
202000011279;154 722 423;B01;1;7;0;2;2;1;1;
202000011280;154 722 412;A01;2;30;1;0;8;0;3;
202000011281;154 722 410;A01;0;1;0;2;1;19;5;
202000011281;154 722 411;B01;0;31;0;2;1;1;1;
202000011282;154 722 409;A01;0;7;1;0;1;1;1;
202000011283;154 722 407;A01;1;7;0;2;5;12;1;
202000011283;154 722 408;B01;1;31;0;2;6;1;1;
202000011284;154 722 405;B01;2;7;0;2;8;1;1;
202000011284;154 722 406;A01;1;7;0;2;3;13;1;
202000011285;154 722 403;B01;1;7;0;2;1;2;1;
202000011285;154 722 404;A01;1;7;0;2;4;2;1;
202000011286;154 722 400;Y01;0;1;0;0;0;0;5;
202000011286;154 722 402;A01;0;7;0;0;3;1;1;
202000011287;154 722 401;A01;3;7;0;9;2;15;0;
202000011287;154 722 413;B01;3;1;0;2;1;19;5;
202000011288;154 722 399;A01;0;3;0;1;2;1;1;
202000011289;154 722 398;A01;2;7;3;0;0;1;1;
202000011290;154 722 394;A01;0;10;0;2;2;1;1;
202000011290;154 722 395;B01;0;10;0;2;3;15;1;
202000011291;154 722 392;A01;1;7;0;2;5;4;1;
202000011291;154 722 393;B01;1;1;0;2;2;1;5;
202000011292;154 722 390;A01;2;31;0;2;4;12;1;
202000011292;154 722 391;B01;2;7;0;2;3;19;1;
202000011293;154 722 388;B01;2;10;0;2;6;10;1;
202000011293;154 722 389;A01;2;32;0;2;3;17;1;
202000011294;154 722 385;A01;2;7;0;2;1;2;1;
202000011294;154 722 386;B01;2;7;1;2;4;20;1;
202000011294;154 722 387;C01;1;7;1;2;6;0;1;
202000011295;154 722 396;A01;1;41;0;2;8;10;1;
202000011295;154 722 397;B01;2;7;0;2;8;1;1;
202000011296;154 722 384;A01;3;7;0;1;1;1;1;
202000011297;154 722 382;B01;3;1;0;2;2;19;5;
202000011297;154 722 383;A01;1;7;0;2;2;9;1;
202000011298;154 722 381;A01;3;7;0;1;2;1;1;
202000011299;154 722 378;A01;1;7;0;2;8;15;1;
202000011299;154 722 379;B01;1;33;0;2;1;1;1;
202000011300;154 722 375;A01;0;7;0;2;1;9;1;
202000011300;154 722 376;B01;3;7;0;2;2;1;1;
202000011300;154 722 377;C01;0;7;0;2;3;1;1;
202000011301;154 722 373;B01;3;32;0;2;2;3;1;
202000011301;154 722 374;A01;3;7;0;2;3;15;0;
202000011302;154 722 371;A01;1;7;0;2;4;4;1;
202000011302;154 722 372;B01;1;7;0;2;1;1;1;
202000011303;154 722 367;C01;1;7;0;2;6;2;1;
202000011303;154 722 368;B01;1;7;0;2;6;2;1;
202000011303;154 722 369;A01;1;33;0;2;1;2;1;
202000011304;154 722 366;A01;1;7;2;0;1;1;1;
202000011305;154 722 364;A01;3;7;0;2;2;15;1;
202000011305;154 722 365;B01;3;33;0;2;1;1;1;
202000011306;154 722 363;A01;2;7;0;1;2;1;0;
202000011307;154 722 370;B01;3;1;0;2;3;1;5;
202000011307;154 722 380;A01;1;7;0;2;2;1;1;
202000011308;154 722 360;A01;1;33;4;0;2;14;1;
202000011309;154 722 361;A01;1;7;0;2;2;9;2;
202000011309;154 722 362;B01;1;33;0;2;1;1;1;
202000011310;154 722 355;A01;1;7;0;1;4;1;1;
202000011310;154 722 356;B01;1;7;0;2;1;1;1;
202000011310;154 722 357;C01;1;7;0;2;1;1;1;
202000011311;154 722 353;A01;1;7;0;2;3;19;1;
202000011311;154 722 354;B01;1;34;0;2;1;1;1;
202000011312;154 722 352;A01;1;7;0;1;7;1;1;
202000011313;154 722 351;A01;1;31;12;0;1;1;1;
202000011314;154 722 350;A01;1;7;0;1;1;1;1;
202000011315;154 722 348;B01;2;7;0;2;4;2;1;
202000011315;154 722 349;A01;2;7;0;2;1;19;1;
202000011316;154 722 347;A01;3;31;0;0;0;26;1;
202000011317;154 722 345;A01;3;32;0;0;0;26;1;
202000011318;154 722 344;B01;3;10;0;2;3;1;1;
202000011318;154 722 346;A01;3;2;0;2;1;1;1;
202000011319;154 722 342;B01;3;7;1;2;7;1;1;
202000011319;154 722 343;A01;3;7;0;2;1;1;1;
202000011320;154 722 339;B01;3;60;0;2;1;19;5;
202000011320;154 722 341;A01;3;7;0;2;8;1;1;
202000011321;154 722 338;B01;2;33;0;2;3;1;1;
202000011321;154 722 340;A01;1;7;0;2;1;15;1;
202000011322;154 722 335;Z01;1;10;0;2;0;26;0;
202000011322;154 722 336;B01;2;31;0;2;7;26;1;
202000011323;154 722 334;A01;1;1;14;0;1;1;5;
202000011323;154 722 337;B01;1;7;14;0;4;2;1;
202000011324;154 722 330;B01;1;2;0;2;3;1;1;
202000011324;154 722 332;A01;1;2;0;2;7;18;0;
202000011325;154 722 331;A01;2;7;0;9;8;22;1;
202000011325;154 722 333;B01;2;80;1;0;2;1;3;
202000011326;154 722 329;A01;2;32;0;0;0;1;1;
202000011327;154 722 328;A01;2;10;0;1;4;0;1;
202000011328;154 722 325;B01;2;1;0;2;1;13;5;
202000011328;154 722 327;A01;1;10;0;2;3;1;1;
202000011329;154 722 322;A01;2;1;14;2;0;18;5;
202000011329;154 722 323;B01;1;7;0;2;0;1;1;
202000011330;154 722 318;A01;3;1;0;2;7;19;5;
202000011330;154 722 319;Z01;1;50;0;2;1;1;3;
202000011331;154 722 317;A01;3;7;15;0;8;2;1;
202000011332;154 722 315;A01;1;43;0;2;1;2;1;
202000011332;154 722 316;B01;1;7;0;2;5;2;3;
202000011333;154 722 314;A01;2;10;0;2;1;1;1;
202000011334;154 722 312;B01;2;10;0;2;7;12;1;
202000011334;154 722 313;A01;2;32;0;2;1;7;1;
202000011335;154 722 309;B01;2;32;0;2;8;1;1;
202000011335;154 722 311;A01;1;7;0;2;3;15;1;
202000011336;154 722 306;Z01;0;10;0;2;1;1;1;
202000011336;154 722 307;B01;3;37;0;2;5;23;2;1
202000011336;154 722 308;C01;3;7;0;2;6;23;1;
202000011336;154 722 310;D01;3;7;0;2;4;23;1;
202000011337;154 722 303;A01;1;7;14;0;1;2;1;
202000011338;154 722 304;B01;1;32;0;2;4;23;1;
202000011338;154 722 305;A01;2;10;0;2;1;2;1;
202000011339;154 722 301;A01;2;30;0;2;1;1;1;
202000011339;154 722 302;B01;2;1;0;2;8;19;5;
202000011340;154 722 299;A01;1;30;0;2;1;9;0;
202000011340;154 722 300;B01;1;7;0;2;4;1;1;
202000011341;154 722 295;C01;2;7;0;2;5;24;1;
202000011341;154 722 297;A01;2;7;0;2;1;13;1;
202000011341;154 722 298;B01;2;7;0;2;6;24;1;
202000011342;154 722 294;A01;3;7;0;2;1;15;1;
202000011342;154 722 296;B01;1;33;0;2;1;19;1;
202000011343;154 722 291;B01;1;30;0;2;1;1;1;
202000011343;154 722 293;A01;2;7;0;2;2;15;1;
202000011344;154 722 290;B01;1;7;0;2;0;0;1;
202000011344;154 722 292;A01;2;33;0;2;0;26;1;
202000011345;154 722 287;A01;3;32;0;2;1;1;1;
202000011345;154 722 289;B01;1;33;0;2;7;1;1;
202000011346;154 722 286;B01;1;1;0;2;8;2;5;
202000011346;154 722 288;A01;1;7;0;2;2;16;1;
202000011347;154 722 285;A01;1;10;0;1;7;1;1;
202000011348;154 722 283;B01;1;32;0;2;5;1;1;
202000011348;154 722 284;A01;1;7;0;9;1;15;1;
202000011349;154 722 282;A01;1;7;0;1;2;16;1;
202000011350;154 722 281;A01;2;10;8;0;3;20;1;
202000011351;154 722 278;A01;1;1;0;2;1;2;5;
202000011351;154 722 280;B01;1;7;0;2;4;15;1;
202000011352;154 722 277;A01;0;7;0;2;1;15;1;
202000011352;154 722 279;B01;0;7;0;2;3;2;0;
202000011353;154 722 276;A01;1;7;1;0;2;1;1;
202000011354;154 722 273;C01;1;7;0;0;4;23;0;
202000011354;154 722 274;B01;1;7;0;2;1;17;1;
202000011354;154 722 275;A01;1;7;0;2;4;17;0;
202000011355;154 722 272;A01;3;7;0;1;1;15;1;
202000011356;154 722 270;B01;3;1;0;2;2;1;0;
202000011356;154 722 271;A01;3;7;0;2;1;1;1;
202000011357;154 722 268;B01;1;31;0;2;4;2;1;
202000011357;154 722 269;D01;1;7;0;2;1;0;-1;
202000011358;154 722 265;A01;1;1;0;1;1;1;5;
202000011359;154 722 264;A01;2;10;8;0;1;25;0;
202000011360;154 722 266;Z01;2;7;0;2;4;2;1;
202000011360;154 722 267;A01;2;7;0;2;4;23;1;
202000011361;154 722 261;A01;2;7;0;2;3;10;1;
202000011361;154 722 263;B01;1;7;0;2;2;17;1;
202000011362;154 722 259;A01;2;7;0;1;1;1;1;
202000011363;154 722 260;B01;1;33;0;2;1;1;0;
202000011363;154 722 262;A01;2;7;0;2;3;26;2;
202000011364;154 722 257;C01;2;3;0;2;3;26;1;
202000011364;154 722 258;B01;2;7;0;2;9;26;1;
202000011365;154 722 254;A01;1;7;0;2;1;6;1;
202000011365;154 722 256;B01;2;7;0;0;0;0;1;
202000011366;154 722 255;A01;2;7;0;1;3;16;1;
202000011367;154 722 253;A01;1;7;0;1;2;1;1;
202000011368;154 722 251;B01;3;99;0;2;0;19;0;
202000011368;154 722 252;A01;1;7;0;2;2;1;0;
202000011369;154 722 247;C01;2;33;14;0;0;1;1;
202000011369;154 722 248;B01;1;33;0;2;0;1;1;
202000011369;154 722 250;A01;1;33;0;2;1;1;1;
202000011370;154 722 245;A01;0;33;12;0;1;1;1;
202000011371;154 722 244;A01;2;34;12;0;1;1;1;
202000011372;154 722 246;A01;1;7;0;2;0;9;1;
202000011372;154 722 249;B01;1;30;0;0;4;1;1;
202000011373;154 722 242;A01;1;7;8;0;1;14;1;
202000011374;154 722 243;A01;3;7;6;0;1;13;1;
202000011375;154 722 240;B01;1;1;0;2;1;2;5;
202000011375;154 722 241;A01;1;7;0;2;8;15;1;
202000011376;154 722 239;A01;1;7;1;0;1;14;1;
202000011377;154 722 234;B01;1;30;0;2;7;15;1;
202000011377;154 722 235;A01;1;34;0;2;1;1;1;
202000011378;154 722 232;B01;1;7;0;2;6;16;0;
202000011378;154 722 233;A01;1;32;0;2;6;18;6;
202000011379;154 722 230;A01;2;7;0;2;5;15;1;
202000011379;154 722 231;B01;1;1;0;2;1;1;6;
202000011380;154 722 229;A01;2;33;0;0;0;26;6;
202000011381;154 722 236;A01;1;10;0;2;8;13;1;
202000011381;154 722 237;C01;2;7;0;2;7;1;1;
202000011381;154 722 238;B01;1;7;0;2;7;1;1;
202000011382;154 722 227;A01;1;7;0;1;1;1;1;
202000011383;154 722 226;A01;2;7;0;2;7;19;1;
202000011383;154 722 228;B01;1;60;0;2;7;19;5;
202000011384;154 722 224;A01;1;33;0;2;0;13;1;
202000011384;154 722 225;Z01;1;7;0;2;0;0;1;
202000011385;154 722 222;B01;1;7;0;2;4;2;1;
202000011385;154 722 223;A01;1;7;0;2;1;2;1;
202000011386;154 722 220;B01;1;7;0;2;5;15;1;
202000011386;154 722 221;A01;2;33;0;2;1;1;1;
202000011387;154 722 219;A01;1;7;13;0;0;14;1;
202000011388;154 722 216;B01;1;32;0;2;1;1;1;
202000011388;154 722 218;A01;2;7;0;2;8;15;1;
202000011389;154 722 215;B01;2;1;0;2;0;0;5;
202000011389;154 722 217;A01;2;1;0;2;0;2;5;
202000011390;154 722 213;A01;1;30;0;2;8;18;1;
202000011390;154 722 214;C01;1;0;0;2;0;-1;-1;
202000011391;154 722 210;A01;0;7;0;0;0;15;1;
202000011391;154 722 212;B01;2;33;0;0;3;1;1;
202000011392;154 722 208;A01;2;7;0;2;0;9;1;
202000011392;154 722 209;B01;2;2;1;2;2;0;1;
202000011393;154 722 207;A01;1;33;0;0;9;1;1;
202000011394;154 722 205;A01;2;7;1;9;3;1;1;
202000011394;154 722 206;B01;2;1;1;2;7;19;5;
202000011395;154 722 203;B01;3;7;0;0;8;15;1;
202000011395;154 722 204;A01;3;2;0;2;2;17;1;
202000011396;154 722 200;A01;1;7;0;2;3;13;0;
202000011396;154 722 202;B01;1;7;0;2;8;1;0;
202000011397;154 722 199;B01;3;3;0;2;2;1;5;
202000011397;154 722 201;A01;0;7;0;2;3;9;1;
202000011398;154 722 197;A01;1;7;0;2;2;1;1;
202000011398;154 722 198;B01;1;1;0;2;5;2;5;
202000011399;154 722 194;B01;3;7;0;2;3;1;1;
202000011399;154 722 196;A01;3;7;0;2;3;13;1;
202000011400;154 722 191;A01;2;7;0;2;0;1;1;
202000011400;154 722 193;B01;1;7;0;2;8;1;1;
202000011400;154 722 195;C01;1;33;0;2;6;1;1;
202000011401;154 722 190;A01;0;33;0;0;9;1;1;
202000011402;154 722 192;A01;1;7;0;1;1;1;0;
202000011403;154 722 188;A01;1;7;0;1;2;1;1;
202000011404;154 722 185;B01;3;7;0;0;0;26;1;
202000011404;154 722 186;A01;3;80;0;0;1;26;3;
202000011405;154 722 187;A01;3;2;1;0;1;15;1;
202000011405;154 722 189;B01;0;7;0;2;1;23;1;
202000011406;154 722 182;B01;2;7;0;0;4;2;0;
202000011406;154 722 184;A01;2;10;0;2;1;2;0;
202000011407;154 722 181;B01;1;10;0;2;2;1;1;
202000011407;154 722 183;A01;2;7;0;2;1;19;1;
202000011408;154 722 179;A01;2;7;0;0;0;1;1;
202000011409;154 722 178;B01;2;7;0;2;3;16;1;
202000011409;154 722 180;A01;1;10;0;2;3;15;1;
202000011410;154 722 175;B01;2;7;0;2;4;2;0;
202000011410;154 722 176;A01;2;7;0;2;1;2;1;
202000011411;154 722 177;A01;1;33;3;0;2;1;1;
202000011412;154 722 172;Z01;2;7;0;2;1;1;0;
202000011412;154 722 173;B01;2;7;0;2;4;1;1;
202000011412;154 722 174;A01;2;7;0;2;9;1;1;
202000011413;154 722 166;A01;1;32;0;2;3;3;1;
202000011413;154 722 168;B01;1;7;0;2;2;12;1;
202000011414;154 722 165;A01;0;30;14;0;1;14;1;
202000011415;154 722 167;A01;2;10;14;0;1;1;1;
202000011415;154 722 169;B01;2;7;14;0;4;23;1;
202000011415;154 722 170;C01;2;7;14;0;4;23;1;
202000011415;154 722 171;D01;2;7;14;0;4;23;1;
202000011416;154 722 164;Z01;2;10;0;1;0;4;1;
202000011417;154 722 162;A01;3;7;0;1;3;1;1;
202000011418;154 722 161;B01;1;43;0;2;8;18;1;
202000011418;154 722 163;A01;1;10;0;2;7;20;1;
202000011419;154 722 158;B01;2;7;0;2;3;13;1;
202000011419;154 722 160;A01;1;15;3;2;1;1;1;
202000011420;154 722 157;A01;2;1;0;2;1;2;5;
202000011420;154 722 159;Z01;2;7;0;2;4;2;0;
202000011421;154 722 154;A01;2;7;0;1;1;1;1;
202000011422;154 722 153;C01;2;7;0;9;0;2;1;
202000011422;154 722 155;B01;2;36;0;2;4;2;1;
202000011422;154 722 156;A01;2;36;0;2;1;2;1;
202000011423;154 722 151;A01;1;7;0;2;1;1;1;
202000011423;154 722 152;B01;1;1;0;2;1;1;5;
202000011424;154 722 150;A01;1;15;0;1;1;1;1;
202000011425;154 722 147;A01;1;30;0;2;7;16;1;
202000011425;154 722 149;B01;1;50;0;2;8;1;3;
202000011426;154 722 146;A01;3;2;0;2;1;1;1;
202000011426;154 722 148;B01;3;7;0;2;3;15;1;
202000011427;154 722 143;A01;3;33;0;0;9;1;1;
202000011428;154 722 141;B01;2;7;0;2;1;1;1;
202000011428;154 722 144;C01;1;7;0;2;3;23;1;
202000011428;154 722 145;Z01;1;33;0;2;0;15;1;
202000011429;154 722 140;A01;2;7;0;0;3;9;1;
202000011429;154 722 142;B01;2;2;0;2;1;1;1;
202000011430;154 722 138;A01;2;7;14;2;2;14;1;
202000011430;154 722 139;B01;2;30;0;2;4;23;3;
202000011431;154 722 136;B01;2;7;0;2;3;1;1;
202000011431;154 722 137;A01;1;31;0;2;1;1;1;
202000011432;154 722 134;A01;3;50;0;2;1;19;3;
202000011432;154 722 135;B01;2;7;0;2;3;1;1;
202000011433;154 722 132;A01;1;7;0;2;8;15;1;
202000011433;154 722 133;B01;1;33;0;2;1;11;1;
202000011434;154 722 130;A01;1;33;7;0;1;1;1;
202000011435;154 722 129;Z01;1;7;0;2;0;1;1;
202000011435;154 722 131;A01;1;7;0;2;6;1;2;
202000011436;154 722 128;A01;1;33;16;0;0;2;1;
202000011437;154 722 126;A01;1;7;0;2;3;16;1;
202000011437;154 722 127;B01;2;33;0;2;5;15;1;
202000011438;154 722 124;A01;3;3;0;0;2;19;1;
202000011438;154 722 125;B01;1;7;0;0;1;1;1;
202000011439;154 722 122;B01;2;50;0;2;3;1;3;
202000011439;154 722 123;A01;2;7;0;2;3;9;1;
202000011440;154 722 121;A01;2;2;7;0;1;1;1;
202000011441;154 722 119;A01;1;50;0;2;8;1;3;
202000011441;154 722 120;Z01;1;7;0;2;0;15;0;
202000011442;154 722 117;B01;2;7;0;2;3;1;1;
202000011442;154 722 118;A01;1;7;0;2;3;13;1;
202000011443;154 722 113;A01;2;42;0;2;3;13;0;
202000011443;154 722 115;B01;1;7;5;2;3;1;0;
202000011444;154 722 114;A01;1;3;0;2;2;15;1;
202000011444;154 722 116;B01;1;32;8;2;1;1;1;
202000011445;154 722 112;A01;1;33;8;0;1;1;1;
202000011446;154 722 110;A01;1;33;14;0;1;13;1;
202000011447;154 722 106;B01;1;1;0;2;1;1;5;
202000011447;154 722 108;A01;2;50;0;2;1;14;3;
202000011448;154 722 105;B01;1;33;0;0;1;1;1;
202000011448;154 722 107;A01;2;7;0;0;3;15;1;
202000011449;154 722 104;A01;1;50;0;0;0;1;3;
202000011450;154 722 103;A01;1;33;0;0;8;26;1;
202000011451;154 722 101;B01;1;30;0;2;2;2;1;
202000011451;154 722 102;A01;2;1;0;2;6;1;5;
202000011452;154 722 099;B01;2;33;0;2;1;1;1;
202000011452;154 722 100;A01;2;7;0;2;1;16;1;
202000011453;154 722 096;B01;2;32;0;2;5;17;1;
202000011453;154 722 098;A01;2;7;0;2;3;15;1;
202000011454;154 722 097;A01;1;7;0;1;1;1;1;
202000011455;154 722 094;Z01;2;7;12;0;1;14;1;
202000011456;154 722 093;A01;0;33;0;0;7;17;1;
202000011456;154 722 095;B01;0;10;0;0;0;17;1;
202000011457;154 722 092;A01;1;1;9;0;3;15;5;
202000011458;154 722 091;A01;0;1;0;0;1;1;5;
202000011459;154 722 090;A01;0;7;0;1;0;1;1;
202000011460;154 722 088;A01;1;32;0;2;1;1;1;
202000011460;154 722 089;B01;1;1;0;2;8;1;5;
202000011461;154 722 087;A01;3;13;0;0;0;1;0;
202000011462;154 722 085;B01;3;10;0;2;1;1;1;
202000011462;154 722 086;A01;1;10;0;2;8;1;1;
202000011463;154 722 082;A01;1;7;0;2;1;1;1;
202000011463;154 722 083;B01;1;7;0;2;4;1;1;
202000011464;154 722 078;A01;2;7;0;0;4;23;1;
202000011464;154 722 079;B01;2;31;0;2;1;1;1;
202000011465;154 722 076;A01;1;7;0;2;1;2;1;
202000011465;154 722 077;B01;2;7;0;2;7;21;1;
202000011466;154 722 075;A01;2;7;2;0;7;14;1;
202000011467;154 722 072;A01;2;7;0;2;1;1;1;
202000011467;154 722 073;B01;1;7;0;2;1;1;1;
202000011468;154 722 074;C01;1;7;0;2;8;1;1;
202000011468;154 722 080;B01;1;7;0;2;5;23;1;
202000011468;154 722 081;A01;1;7;0;2;1;11;1;
202000011469;154 722 070;A01;2;7;0;9;6;17;1;
202000011469;154 722 071;B01;1;1;0;2;8;1;5;
202000011470;154 722 068;B01;2;7;0;2;8;0;1;
202000011470;154 722 069;A01;2;7;0;2;1;15;1;
202000011471;154 722 065;B01;2;1;0;2;1;1;5;
202000011471;154 722 067;A01;1;3;0;2;7;9;0;
202000011472;154 722 064;A01;3;33;0;2;1;2;1;
202000011472;154 722 066;B01;3;7;0;2;7;9;1;
202000011473;154 722 063;A01;1;7;6;0;3;13;1;
202000011474;154 722 062;A01;1;3;0;0;9;1;1;
202000011475;154 722 061;A01;2;33;17;0;0;1;1;
202000011476;154 722 060;A01;1;7;0;1;2;14;1;
202000011477;154 722 058;A01;1;7;0;1;7;9;1;
202000011478;154 722 057;A01;3;7;0;2;3;16;1;
202000011478;154 722 059;B01;2;1;0;2;2;1;5;
202000011479;154 722 055;A01;-1;7;0;2;9;16;1;
202000011479;154 722 056;B01;1;32;0;2;3;16;1;
202000011480;154 722 053;A01;1;7;0;0;2;15;1;
202000011480;154 722 054;B01;2;2;0;0;1;1;1;
202000011481;154 722 051;A01;1;33;3;0;1;1;1;
202000011482;154 722 050;B01;3;33;0;2;1;14;1;
202000011482;154 722 052;A01;3;7;1;0;6;20;1;
202000011483;154 722 048;B01;2;33;0;2;7;0;1;
202000011483;154 722 049;A01;2;7;0;2;3;15;1;
202000011484;154 722 046;B01;3;32;0;2;3;1;1;
202000011484;154 722 047;A01;3;7;0;2;2;14;1;
202000011485;154 722 043;A01;2;7;0;2;1;2;1;
202000011485;154 722 044;B01;2;7;0;2;4;2;1;
202000011485;154 722 045;C01;2;7;0;2;4;2;1;
202000011486;154 722 041;A01;1;34;0;2;1;17;1;
202000011486;154 722 042;B01;1;7;0;2;3;9;1;
202000011487;154 722 040;A01;1;7;12;1;3;13;1;
202000011488;154 722 037;A01;1;1;0;2;1;1;5;
202000011488;154 722 038;B01;1;1;0;9;4;1;5;
202000011489;154 722 035;B01;2;37;0;2;3;1;1;1
202000011489;154 722 036;A01;1;10;0;2;3;13;1;
202000011490;154 722 034;A01;2;31;0;5;0;21;1;
202000011491;154 722 032;B01;1;31;0;2;3;1;1;
202000011491;154 722 033;A01;1;7;0;2;2;19;1;
202000011492;154 722 030;A01;3;31;13;2;3;1;1;
202000011492;154 722 031;B01;3;7;0;9;3;16;1;
202000011493;154 722 029;A01;2;3;2;0;1;1;1;
202000011494;154 722 039;A01;2;7;1;0;2;16;6;
202000011495;154 722 027;A01;2;7;0;2;3;19;1;
202000011495;154 722 028;B01;2;33;0;2;1;1;1;
202000011496;154 722 025;A01;2;7;1;0;2;16;1;
202000011496;154 722 026;B01;2;30;1;0;1;1;1;
202000011497;154 722 021;D01;1;10;0;2;6;1;1;
202000011497;154 722 022;C01;1;7;0;2;6;1;1;
202000011497;154 722 023;B01;1;10;0;2;1;1;1;
202000011497;154 722 024;A01;2;37;16;2;1;26;0;1
202000011498;154 722 019;A01;1;7;6;2;3;15;1;
202000011498;154 722 020;B01;1;2;6;2;2;17;1;
202000011499;154 722 017;A01;3;2;0;2;1;1;1;
202000011499;154 722 018;B01;1;7;0;2;1;1;1;
202000011500;154 722 015;B01;2;1;1;0;1;1;0;
202000011500;154 722 016;A01;2;7;0;9;8;22;1;
202000011501;154 722 014;A01;2;10;0;1;2;1;1;
202000011502;154 722 012;B01;2;7;13;2;6;17;1;
202000011502;154 722 013;A01;2;13;0;2;2;17;1;
202000011503;154 722 010;B01;2;7;0;2;3;1;1;
202000011503;154 722 011;A01;1;7;0;2;3;1;1;
202000011504;154 722 008;B01;1;7;0;2;4;2;1;
202000011504;154 722 009;A01;1;7;3;2;1;2;1;
202000011505;154 722 003;A01;2;7;0;2;8;18;1;
202000011505;154 722 004;E01;1;15;0;9;1;1;1;
202000011505;154 722 005;D01;1;7;0;9;1;1;1;
202000011505;154 722 006;C01;2;7;0;2;7;17;1;
202000011505;154 722 007;B01;2;15;0;2;7;16;1;
202000011506;154 722 002;A01;2;7;13;0;3;1;1;
202000011507;154 722 001;A01;1;7;0;1;3;1;0;
202000011508;154 721 999;A01;3;1;0;2;8;9;5;
202000011508;154 722 000;B01;3;7;0;2;3;1;1;
202000011509;154 721 998;A01;2;31;2;0;1;21;0;
202000011510;154 721 997;A01;2;21;3;0;3;1;1;
202000011511;154 721 995;B01;2;1;0;2;1;1;5;
202000011511;154 721 996;A01;1;7;0;2;7;15;1;
202000011512;154 721 993;B01;2;31;0;2;1;17;0;
202000011512;154 721 994;A01;2;7;0;2;3;15;0;
202000011513;154 721 991;A01;1;2;0;2;1;15;1;
202000011513;154 721 992;B01;1;2;0;0;4;15;1;
202000011514;154 721 990;A01;1;33;0;0;3;1;6;
202000011515;154 721 989;A01;1;31;13;0;1;1;1;
202000011516;154 721 988;A01;1;2;7;0;1;14;1;
202000011517;154 721 986;A01;3;7;0;2;3;13;1;
202000011517;154 721 987;B01;3;33;0;2;2;1;1;
202000011518;154 721 985;A01;3;36;16;0;0;16;1;
202000011519;154 721 984;A01;2;33;15;0;1;13;1;
202000011520;154 721 983;A01;2;33;0;0;8;1;1;
202000011521;154 721 981;A01;3;7;0;2;1;1;1;
202000011521;154 721 982;B01;3;7;0;2;1;1;1;
202000011522;154 721 979;B01;2;7;0;2;8;1;0;
202000011522;154 721 980;A01;1;10;0;2;3;1;1;
202000011523;154 721 978;A01;1;2;0;0;9;15;1;
202000011524;154 721 976;B01;2;33;0;2;1;1;1;
202000011524;154 721 977;A01;3;7;0;2;3;19;1;
202000011525;154 721 975;A01;0;33;13;0;2;1;1;
202000011526;154 721 972;B01;0;7;0;2;1;2;1;
202000011526;154 721 973;C01;0;7;0;2;1;2;1;
202000011526;154 721 974;A01;0;7;0;2;4;2;1;
202000011527;154 721 970;A01;1;33;0;2;1;1;1;
202000011527;154 721 971;B01;3;7;0;2;2;20;1;
202000011528;154 721 968;A01;1;7;0;2;3;1;1;
202000011528;154 721 969;B01;2;1;0;2;2;1;5;
202000011529;154 721 966;B01;3;7;0;2;3;16;0;
202000011529;154 721 967;A01;1;2;0;2;7;1;1;
202000011530;154 721 964;A01;0;7;0;2;2;9;1;
202000011530;154 721 965;B01;0;33;0;2;1;26;1;
202000011531;154 721 962;A01;1;7;0;2;1;2;0;
202000011531;154 721 963;B01;1;17;0;0;4;2;0;
202000011532;154 721 961;A01;2;7;3;0;3;2;1;
202000011533;154 721 958;A01;1;7;0;2;8;11;0;
202000011533;154 721 959;B01;1;7;4;0;9;1;1;
202000011533;154 721 960;C01;1;7;0;2;1;1;1;
202000011534;154 721 957;A01;0;7;0;0;1;1;1;
202000011535;154 721 956;A01;2;33;7;0;1;12;1;
202000011536;154 721 954;A01;3;7;0;2;3;1;0;
202000011536;154 721 955;B01;3;7;0;2;3;1;0;
202000011537;154 721 953;A01;1;33;0;0;1;0;1;
202000011538;154 721 951;A01;0;7;0;2;1;1;6;
202000011538;154 721 952;B01;0;7;0;2;7;15;1;
202000011539;154 721 949;A01;0;7;0;2;1;1;0;
202000011539;154 721 950;B01;0;7;0;2;1;1;0;
202000011540;154 721 947;A01;1;7;16;2;1;1;1;
202000011540;154 721 948;B01;2;2;0;2;1;1;1;
202000011541;154 721 945;A01;1;7;0;2;1;6;1;
202000011541;154 721 946;B01;2;7;0;2;1;1;1;
202000011542;154 721 944;A01;2;33;2;0;9;1;1;
202000011543;154 721 942;B01;1;99;0;2;1;1;1;
202000011543;154 721 943;A01;2;33;0;2;2;19;1;
202000011544;154 721 940;B01;1;34;0;2;2;16;1;
202000011544;154 721 941;A01;1;7;0;0;3;0;1;
202000011545;154 721 939;A01;1;7;0;0;2;0;1;
202000011546;154 721 937;B01;2;7;0;2;2;1;1;
202000011546;154 721 938;A01;1;33;0;2;2;6;1;
202000011547;154 721 936;A01;3;7;0;1;1;1;1;
202000011548;154 721 935;A01;0;16;0;0;0;0;0;