num_acc;id_vehicule;num_veh;senc;catv;obs;obsm;choc;manv;motor;occutc
202000011549;154 721 934;A01;2;33;3;0;3;1;1;
202000011550;154 721 931;C01;0;1;0;2;8;23;5;
202000011550;154 721 932;A01;1;7;0;2;3;1;1;
202000011550;154 721 933;B01;2;7;0;2;3;1;1;
202000011551;154 721 930;A01;2;10;1;2;2;0;1;
202000011552;154 721 929;A01;2;33;0;6;7;1;1;
202000011553;154 721 928;A01;3;7;0;1;4;4;1;
202000011554;154 721 926;B01;1;7;0;2;3;1;1;
202000011554;154 721 927;A01;2;7;0;2;3;13;1;
202000011555;154 721 923;C01;1;7;0;2;2;1;1;
202000011555;154 721 924;B01;1;10;0;2;4;0;1;
202000011555;154 721 925;A01;1;7;4;2;0;1;1;
202000011556;154 721 919;B01;1;7;0;2;2;2;1;
202000011556;154 721 920;A01;1;7;0;2;4;2;1;
202000011556;154 721 921;C01;1;7;0;2;4;2;1;
202000011556;154 721 922;D01;1;7;0;2;3;0;1;
202000011557;154 721 917;B01;1;7;0;0;0;0;1;
202000011557;154 721 918;A01;1;7;0;0;0;0;1;
202000011558;154 721 916;A01;1;7;0;2;5;2;1;
202000011559;154 721 914;A01;1;7;0;2;1;2;1;
202000011559;154 721 915;B01;1;7;0;2;4;2;1;
202000011560;154 721 912;A01;1;7;0;2;1;2;1;
202000011560;154 721 913;B01;1;7;0;2;4;2;1;
202000011561;154 721 910;B01;1;33;0;2;4;2;1;
202000011561;154 721 911;A01;1;33;0;2;1;2;1;
202000011562;154 721 905;E01;2;7;0;2;5;1;1;
202000011562;154 721 906;A01;2;7;0;2;1;21;1;
202000011562;154 721 907;D01;2;7;0;2;8;1;1;
202000011562;154 721 908;C01;2;7;0;2;6;1;1;
202000011562;154 721 909;B01;2;7;0;2;5;1;1;
202000011563;154 721 903;B01;2;7;0;2;4;2;1;
202000011563;154 721 904;A01;2;33;0;2;1;2;1;
202000011564;154 721 901;A01;2;10;0;2;7;12;1;
202000011564;154 721 902;B01;2;50;0;2;3;1;3;
202000011565;154 721 900;A01;1;7;12;0;1;1;1;
202000011566;154 721 898;B01;1;7;0;2;1;23;1;
202000011566;154 721 899;A01;2;10;0;2;4;4;1;
202000011567;154 721 896;B01;1;1;0;2;6;15;5;
202000011567;154 721 897;A01;1;7;0;2;2;1;1;
202000011568;154 721 895;A01;1;1;0;2;1;21;5;
202000011569;154 721 893;A01;2;1;0;2;1;2;5;
202000011569;154 721 894;B01;2;7;0;2;5;23;1;
202000011570;154 721 892;A01;2;7;0;1;7;1;1;
202000011571;154 721 891;A01;0;33;0;0;8;26;1;
202000011572;154 721 889;A01;3;7;0;2;1;15;1;
202000011572;154 721 890;B01;1;33;15;2;3;1;1;
202000011573;154 721 887;A01;2;34;1;0;7;13;1;
202000011573;154 721 888;B01;1;7;0;2;3;17;1;
202000011574;154 721 885;B01;3;7;0;0;1;1;1;
202000011574;154 721 886;A01;3;7;0;0;0;0;1;
202000011575;154 721 883;B01;1;2;0;2;3;2;1;
202000011575;154 721 884;A01;1;10;0;2;7;23;1;
202000011576;154 721 881;A01;1;33;0;2;1;1;1;
202000011576;154 721 882;B01;1;7;0;2;4;16;1;
202000011577;154 721 879;B01;0;10;1;0;1;15;1;
202000011577;154 721 880;A01;1;10;0;2;2;26;1;
202000011578;154 721 877;B01;0;7;0;0;4;0;0;
202000011578;154 721 878;A01;0;37;0;2;1;0;0;1
202000011579;154 721 875;B01;1;99;0;2;0;1;3;
202000011579;154 721 876;A01;1;0;0;2;0;13;0;
202000011580;154 721 874;A01;1;32;0;1;1;1;1;
202000011581;154 721 872;B01;2;2;16;2;3;2;1;
202000011581;154 721 873;A01;3;2;0;2;1;19;1;
202000011582;154 721 870;B01;1;17;0;2;4;1;1;
202000011582;154 721 871;A01;1;2;0;2;1;2;1;
202000011583;154 721 868;B01;2;1;0;2;1;1;5;
202000011583;154 721 869;A01;1;32;0;2;8;16;1;
202000011584;154 721 867;A01;2;30;0;1;1;25;1;
202000011585;154 721 863;C01;1;7;0;2;3;0;1;
202000011585;154 721 864;A01;2;7;0;2;3;17;1;
202000011585;154 721 865;B01;2;33;0;2;0;17;1;
202000011586;154 721 861;A01;1;32;0;2;8;20;1;
202000011586;154 721 862;B01;1;7;0;2;1;1;1;
202000011587;154 721 860;A01;3;31;0;0;0;1;1;
202000011588;154 721 858;B01;1;7;7;2;1;1;0;
202000011588;154 721 859;A01;2;7;7;0;7;19;0;
202000011589;154 721 856;B01;2;7;0;2;3;1;1;
202000011589;154 721 857;A01;1;34;0;2;8;1;1;
202000011590;154 721 853;A01;1;7;13;0;9;17;1;
202000011590;154 721 854;B01;1;7;0;0;0;17;1;
202000011590;154 721 855;C01;1;1;0;0;0;2;5;
202000011591;154 721 851;B01;1;7;0;2;3;1;1;
202000011591;154 721 852;A01;1;7;7;2;2;19;1;
202000011592;154 721 850;A01;1;38;13;0;7;1;1;1
202000011593;154 721 848;B01;2;7;0;2;1;1;1;
202000011593;154 721 849;A01;1;7;0;0;2;15;1;
202000011594;154 721 847;A01;2;7;13;0;0;2;1;
202000011595;154 721 845;A01;1;7;0;2;6;9;0;
202000011595;154 721 846;B01;1;33;0;2;1;1;0;
202000011596;154 721 844;A01;1;7;0;1;8;1;1;
202000011597;154 721 842;A01;2;7;0;2;1;1;1;
202000011597;154 721 843;B01;2;7;0;0;4;2;1;
202000011598;154 721 841;A01;1;2;8;0;0;1;1;
202000011599;154 721 840;A01;1;33;0;0;0;17;1;
202000011600;154 721 838;A01;1;7;0;2;1;15;1;
202000011600;154 721 839;B01;2;7;0;2;1;1;1;
202000011601;154 721 837;A01;2;7;2;0;1;1;1;
202000011602;154 721 836;A01;3;35;8;0;1;1;1;
202000011603;154 721 834;B01;2;7;0;2;3;1;1;
202000011603;154 721 835;A01;1;7;0;2;3;9;1;
202000011604;154 721 832;B01;2;7;0;0;5;2;1;
202000011604;154 721 833;A01;2;7;0;2;3;2;1;
202000011605;154 721 830;A01;2;7;0;2;3;1;2;
202000011605;154 721 831;B01;3;2;0;2;1;15;1;
202000011606;154 721 828;A01;2;7;0;0;6;2;1;
202000011606;154 721 829;B01;2;7;0;2;6;2;1;
202000011607;154 721 827;A01;2;7;13;0;1;26;1;
202000011608;154 721 825;A01;0;7;0;2;1;16;1;
202000011608;154 721 826;B01;0;1;0;2;4;16;5;
202000011609;154 721 824;A01;2;7;2;0;1;14;0;
202000011610;154 721 820;D01;0;1;0;0;4;1;5;
202000011610;154 721 821;C01;0;1;0;0;4;1;5;
202000011610;154 721 822;B01;0;1;0;0;4;1;5;
202000011610;154 721 823;A01;0;7;0;2;2;1;1;
202000011611;154 721 816;A01;1;7;3;0;4;1;1;
202000011611;154 721 817;B01;1;7;0;2;1;2;1;
202000011612;154 721 814;A01;2;33;0;2;1;11;6;
202000011612;154 721 815;B01;1;10;0;2;2;13;1;
202000011613;154 721 810;A01;2;7;0;0;7;15;1;
202000011613;154 721 811;B01;1;33;0;2;1;1;1;
202000011614;154 721 809;A01;-1;7;6;0;8;1;1;
202000011615;154 721 807;A01;2;34;0;2;1;1;1;
202000011615;154 721 808;B01;1;13;0;2;5;15;1;
202000011616;154 721 805;B01;2;7;0;2;3;1;1;
202000011616;154 721 806;A01;1;32;0;2;3;1;1;
202000011617;154 721 803;B01;1;7;0;0;3;0;1;
202000011617;154 721 804;A01;2;33;0;0;3;13;1;
202000011618;154 721 802;A01;1;7;3;0;0;1;1;
202000011619;154 721 801;A01;2;33;13;0;7;1;1;
202000011620;154 721 799;A01;2;7;0;2;1;13;0;
202000011620;154 721 800;B01;1;7;0;2;1;1;0;
202000011621;154 721 798;A01;1;33;0;0;8;0;1;
202000011622;154 721 797;A01;1;10;2;0;1;1;0;
202000011623;154 721 794;A01;3;33;8;0;3;1;1;
202000011624;154 721 792;A01;2;33;0;2;1;21;1;
202000011624;154 721 793;B01;1;10;0;2;3;19;0;
202000011625;154 721 790;B01;2;7;0;2;1;1;1;
202000011625;154 721 791;A01;1;7;0;2;5;13;1;
202000011626;154 721 788;A01;1;7;0;2;2;1;1;
202000011626;154 721 789;B01;1;7;0;0;6;11;1;
202000011627;154 721 786;B01;1;31;0;2;0;0;1;
202000011627;154 721 787;A01;1;7;0;2;1;1;1;
202000011628;154 721 784;A01;2;32;0;2;7;12;1;
202000011628;154 721 785;B01;2;34;3;2;0;1;1;
202000011629;154 721 781;B01;1;13;0;2;3;0;1;
202000011629;154 721 782;C01;1;7;0;2;1;1;1;
202000011629;154 721 783;A01;1;10;0;2;0;0;1;
202000011630;154 721 778;A01;2;7;0;2;9;2;1;
202000011630;154 721 779;B01;2;7;0;2;7;1;1;
202000011630;154 721 780;C01;2;7;0;2;3;1;1;
202000011631;154 721 776;A01;1;33;0;2;6;0;0;
202000011631;154 721 777;B01;1;7;0;2;1;15;0;
202000011632;154 721 774;A01;1;30;0;2;1;26;1;
202000011632;154 721 775;B01;2;7;0;2;2;15;1;
202000011633;154 721 772;A01;1;7;0;2;1;1;1;
202000011633;154 721 773;B01;2;7;0;2;4;23;1;
202000011634;154 721 771;A01;3;33;0;1;1;1;1;
202000011635;154 721 769;A01;1;7;0;2;1;26;1;
202000011635;154 721 770;B01;1;1;0;2;4;0;5;
202000011636;154 721 768;A01;0;2;0;1;1;1;1;
202000011637;154 721 766;A01;2;33;0;2;7;17;1;
202000011637;154 721 767;B01;2;7;0;2;8;9;1;
202000011638;154 721 765;A01;1;7;0;1;4;26;1;
202000011639;154 721 763;B01;1;7;0;0;4;2;0;
202000011639;154 721 764;A01;1;37;0;2;1;2;1;1
202000011640;154 721 762;A01;1;7;1;0;1;0;1;
202000011641;154 721 760;A01;2;33;0;2;7;17;1;
202000011641;154 721 761;B01;2;7;0;2;6;17;1;
202000011642;154 721 757;C01;2;7;0;2;8;26;1;
202000011642;154 721 758;B01;2;7;14;0;5;26;1;
202000011642;154 721 759;A01;2;31;0;2;5;18;1;
202000011643;154 721 756;A01;1;7;6;0;1;15;1;
202000011644;154 721 754;B01;3;7;0;2;8;15;6;
202000011644;154 721 755;A01;3;34;0;2;1;17;6;
202000011645;154 721 753;A01;1;7;4;0;2;1;1;
202000011646;154 721 751;A01;2;10;0;2;7;1;1;
202000011646;154 721 752;B01;2;10;0;2;2;9;1;
202000011647;154 721 749;B01;2;10;0;2;8;1;1;
202000011647;154 721 750;A01;2;10;0;2;1;9;1;
202000011648;154 721 748;A01;2;7;0;1;2;26;1;
202000011649;154 721 747;A01;3;7;0;1;3;19;1;
202000011650;154 721 746;A01;1;7;0;1;1;26;1;
202000011651;154 721 744;A01;3;7;0;2;3;15;1;
202000011651;154 721 745;B01;3;7;0;2;7;1;1;
202000011652;154 721 743;A01;1;37;6;0;1;1;1;15
202000011653;154 721 742;A01;1;7;4;0;3;13;1;
202000011654;154 721 740;A01;2;7;0;2;7;17;1;
202000011654;154 721 741;B01;2;3;0;2;8;1;1;
202000011655;154 721 739;A01;2;7;0;1;8;15;1;
202000011656;154 721 737;B01;1;7;0;2;2;1;1;
202000011656;154 721 738;A01;1;30;0;2;8;3;1;
202000011657;154 721 736;A01;2;1;12;0;1;14;5;
202000011658;154 721 734;B01;1;2;0;2;1;21;1;
202000011658;154 721 735;A01;1;30;0;2;4;26;1;
202000011659;154 721 732;B01;1;1;0;2;0;0;0;
202000011659;154 721 733;A01;1;7;0;2;1;0;1;
202000011660;154 721 730;A01;1;1;0;2;1;1;5;
202000011660;154 721 731;B01;1;7;0;2;4;1;1;
202000011661;154 721 728;B01;2;2;0;2;1;1;1;
202000011661;154 721 729;A01;2;7;0;2;2;15;1;
202000011662;154 721 726;B01;0;7;0;9;3;15;1;
202000011662;154 721 727;A01;0;1;0;2;8;5;0;
202000011663;154 721 724;A01;2;7;0;2;7;17;1;
202000011663;154 721 725;B01;2;1;0;2;8;13;5;
202000011664;154 721 722;B01;3;1;0;2;1;15;5;
202000011664;154 721 723;A01;3;7;0;2;2;16;1;
202000011665;154 721 720;B01;1;7;0;0;3;1;1;
202000011665;154 721 721;A01;1;7;0;2;2;9;1;
202000011666;154 721 718;B01;2;33;0;2;1;1;1;
202000011666;154 721 719;A01;1;7;0;2;1;1;1;
202000011667;154 721 717;A01;2;33;0;1;1;21;1;
202000011668;154 721 716;A01;2;7;0;1;7;1;1;
202000011669;154 721 714;B01;1;7;0;2;3;15;1;
202000011669;154 721 715;A01;1;7;0;2;2;1;1;
202000011670;154 721 712;B01;0;7;0;2;7;17;0;
202000011670;154 721 713;A01;0;1;0;0;0;1;5;
202000011671;154 721 710;A01;1;7;0;2;3;0;1;
202000011671;154 721 711;B01;1;7;0;2;4;0;1;
202000011672;154 721 708;A01;1;7;0;2;2;0;1;
202000011672;154 721 709;B01;1;2;0;2;3;0;1;
202000011673;154 721 707;A01;1;7;15;0;0;0;1;
202000011674;154 721 706;A01;2;34;3;0;7;15;1;
202000011675;154 721 704;B01;2;7;0;2;2;1;1;
202000011675;154 721 705;A01;0;7;0;2;1;15;1;
202000011676;154 721 701;A01;1;7;0;2;1;2;3;
202000011676;154 721 702;B01;1;7;0;2;4;2;1;
202000011676;154 721 703;C01;1;7;0;2;4;2;1;
202000011677;154 721 699;A01;3;10;0;2;3;13;1;
202000011677;154 721 700;B01;3;15;0;2;3;1;1;
202000011678;154 721 697;B01;1;33;0;2;1;2;1;
202000011678;154 721 698;A01;1;7;0;2;2;0;1;
202000011679;154 721 696;A01;3;7;0;0;9;1;1;
202000011680;154 721 693;B01;2;7;0;2;3;1;1;
202000011680;154 721 694;A01;1;7;0;2;1;13;1;
202000011681;154 721 691;A01;2;30;0;2;4;16;1;
202000011681;154 721 692;Z01;0;10;0;2;3;26;1;
202000011682;154 721 690;A01;1;32;0;1;0;0;0;
202000011683;154 721 689;A01;3;31;0;0;0;0;1;
202000011684;154 721 688;A01;2;10;0;1;3;15;1;
202000011685;154 721 687;A01;0;7;1;1;4;20;0;
202000011686;154 721 685;B01;3;30;0;2;1;19;1;
202000011686;154 721 686;A01;3;7;0;2;7;19;1;
202000011687;154 721 683;A01;2;10;0;2;3;15;1;
202000011687;154 721 684;B01;2;33;0;2;1;17;1;
202000011688;154 721 681;B01;1;32;0;2;1;1;1;
202000011688;154 721 682;A01;1;7;0;2;2;15;2;
202000011689;154 721 679;B01;0;10;0;2;3;1;1;
202000011689;154 721 680;A01;2;30;0;2;1;13;1;
202000011690;154 721 677;B01;2;1;0;2;0;14;5;
202000011690;154 721 678;A01;2;7;0;2;1;2;1;
202000011691;154 721 676;A01;1;7;6;0;1;1;1;
202000011692;154 721 675;A01;1;7;0;0;1;1;1;
202000011693;154 721 673;B01;1;10;0;2;5;12;1;
202000011693;154 721 674;A01;1;33;0;2;1;1;1;
202000011694;154 721 671;B01;1;33;0;2;1;1;1;
202000011694;154 721 672;A01;2;7;0;2;7;10;1;
202000011695;154 721 670;A01;1;7;14;0;3;13;1;
202000011696;154 721 668;A01;1;7;0;2;3;1;1;
202000011696;154 721 669;B01;2;2;0;2;3;15;1;
202000011697;154 721 666;B01;1;32;0;2;1;18;1;
202000011697;154 721 667;A01;1;15;0;2;7;16;1;
202000011698;154 721 665;A01;1;10;0;1;4;4;3;
202000011699;154 721 663;B01;1;1;0;2;1;1;5;
202000011699;154 721 664;A01;1;43;0;2;8;1;1;
202000011700;154 721 662;A01;2;1;0;0;0;1;5;
202000011701;154 721 661;A01;1;7;0;1;3;15;3;
202000011702;154 721 659;B01;1;1;0;2;1;7;5;
202000011702;154 721 660;A01;1;10;0;2;7;16;1;
202000011703;154 721 658;A01;1;10;0;1;6;1;1;
202000011704;154 721 657;A01;1;1;0;1;1;1;5;
202000011705;154 721 655;B01;1;10;0;2;7;16;0;
202000011705;154 721 656;A01;1;1;0;2;1;7;5;
202000011706;154 721 652;B01;2;10;0;2;4;23;1;
202000011706;154 721 653;C01;2;7;0;2;4;23;1;
202000011706;154 721 654;A01;2;10;0;2;1;1;1;
202000011707;154 721 651;A01;3;1;0;1;1;1;5;
202000011708;154 721 649;B01;1;10;0;2;4;24;1;
202000011708;154 721 650;A01;1;30;0;2;1;13;1;
202000011709;154 721 648;A01;1;1;12;0;7;14;5;
202000011710;154 721 646;B01;1;37;1;0;3;1;1;2
202000011710;154 721 647;A01;1;7;0;2;2;22;1;
202000011711;154 721 644;A01;1;2;0;2;1;1;1;
202000011711;154 721 645;B01;2;7;0;2;3;15;1;
202000011712;154 721 642;A01;1;7;0;2;3;15;1;
202000011712;154 721 643;B01;1;1;0;2;1;1;5;
202000011713;154 721 640;A01;2;30;0;2;1;13;4;
202000011713;154 721 641;B01;1;7;0;2;1;1;1;
202000011714;154 721 637;B01;2;7;0;2;4;2;1;
202000011714;154 721 638;A01;2;7;0;2;1;2;1;
202000011714;154 721 639;C01;2;7;0;2;4;2;1;
202000011715;154 721 635;A01;2;7;0;2;2;26;0;
202000011715;154 721 636;Y01;-1;0;0;2;8;19;0;
202000011716;154 721 633;A01;2;10;0;2;2;1;0;
202000011716;154 721 634;B01;1;0;0;2;0;0;0;
202000011717;154 721 632;A01;2;20;15;1;1;9;2;
202000011718;154 721 631;A01;2;7;0;1;6;1;1;
202000011719;154 721 630;A01;2;7;0;1;2;1;2;
202000011720;154 721 627;A01;2;33;0;2;4;1;1;
202000011720;154 721 628;B01;2;7;0;2;4;1;1;
202000011721;154 721 626;A01;1;31;14;0;2;14;1;
202000011722;154 721 624;A01;1;7;0;2;1;19;0;
202000011722;154 721 625;B01;0;7;0;0;3;19;0;
202000011723;154 721 623;A01;1;7;0;1;2;1;1;
202000011724;154 721 621;A01;1;1;0;2;1;16;5;
202000011724;154 721 622;B01;3;7;0;2;1;23;1;
202000011725;154 721 619;A01;2;7;0;2;1;15;1;
202000011725;154 721 620;B01;1;43;0;2;8;0;1;
202000011726;154 721 618;A01;1;7;9;1;2;14;1;
202000011727;154 721 616;B01;3;31;0;2;8;1;1;
202000011727;154 721 617;A01;1;7;8;2;2;19;1;
202000011728;154 721 615;A01;1;15;2;0;8;13;1;
202000011729;154 721 614;A01;1;7;6;0;1;13;1;
202000011730;154 721 612;A01;1;7;0;2;6;15;1;
202000011730;154 721 613;B01;2;2;0;2;1;1;1;
202000011731;154 721 611;A01;0;7;5;0;9;0;1;
202000011732;154 721 608;B01;2;7;0;2;3;1;1;
202000011732;154 721 609;A01;1;7;0;2;3;0;1;
202000011733;154 721 607;A01;1;7;8;0;9;1;1;
202000011734;154 721 606;A01;3;33;0;0;0;1;1;
202000011735;154 721 602;B01;2;7;0;9;8;9;1;
202000011735;154 721 603;A01;2;80;0;2;1;1;3;
202000011736;154 721 601;A01;1;7;2;0;1;1;1;
202000011737;154 721 599;A01;2;10;0;9;3;13;1;
202000011737;154 721 600;B01;2;1;0;2;1;1;5;
202000011738;154 721 597;B01;2;7;13;9;3;1;1;
202000011738;154 721 598;A01;1;14;13;0;1;1;1;
202000011739;154 721 596;A01;1;33;16;0;0;14;1;
202000011740;154 721 595;A01;2;15;8;0;1;1;1;
202000011741;154 721 593;A01;3;2;0;2;1;5;1;
202000011741;154 721 594;B01;3;7;0;2;3;1;1;
202000011742;154 721 592;A01;2;7;2;0;1;1;1;
202000011743;154 721 590;A01;2;7;0;2;1;14;0;
202000011743;154 721 591;B01;1;7;0;2;3;1;0;
202000011744;154 721 589;A01;3;10;0;1;6;20;1;
202000011745;154 721 588;A01;1;33;13;0;1;17;1;
202000011746;154 721 586;A01;2;7;10;2;3;17;1;
202000011746;154 721 587;B01;2;7;0;2;3;1;1;
202000011747;154 721 585;A01;1;15;3;0;1;1;1;
202000011748;154 721 583;B01;1;7;0;2;9;1;1;
202000011748;154 721 584;A01;0;7;0;2;2;19;1;
202000011749;154 721 581;C01;1;31;8;2;8;1;1;
202000011749;154 721 582;B01;1;7;0;2;2;9;1;
202000011750;154 721 580;A01;0;2;0;0;0;0;5;
202000011751;154 721 579;A01;3;7;0;1;2;1;1;
202000011752;154 721 577;B01;0;7;0;2;1;26;1;
202000011752;154 721 578;A01;0;7;0;0;8;1;1;
202000011753;154 721 575;B01;2;7;0;2;2;1;0;
202000011753;154 721 576;A01;1;10;0;2;1;13;0;
202000011754;154 721 574;A01;1;7;2;0;9;13;1;
202000011755;154 721 573;A01;2;7;13;0;1;16;1;
202000011756;154 721 572;A01;2;33;0;1;2;13;1;
202000011757;154 721 570;B01;2;7;0;2;4;23;1;
202000011757;154 721 571;A01;2;7;0;2;1;2;1;
202000011758;154 721 568;A01;1;7;0;2;1;5;1;
202000011758;154 721 569;B01;2;7;0;2;1;1;1;
202000011759;154 721 566;B01;-1;50;0;2;3;15;3;
202000011759;154 721 567;A01;-1;7;0;2;3;1;-1;
202000011760;154 721 564;B01;3;1;0;2;7;1;5;
202000011760;154 721 565;A01;2;10;0;2;1;9;1;
202000011761;154 721 562;B01;3;7;0;2;7;1;1;
202000011761;154 721 563;A01;3;1;0;2;8;9;5;
202000011762;154 721 560;B01;2;2;0;2;1;1;1;
202000011762;154 721 561;A01;3;7;0;2;3;9;1;
202000011763;154 721 559;A01;3;32;0;1;7;21;1;
202000011764;154 721 557;B01;0;3;0;2;1;16;1;
202000011764;154 721 558;A01;0;7;0;2;1;1;1;
202000011765;154 721 555;B01;0;7;0;2;4;1;1;
202000011765;154 721 556;A01;0;7;0;2;1;1;1;
202000011766;154 721 554;A01;0;50;0;1;1;25;3;
202000011767;154 721 552;A01;0;7;0;2;7;4;1;
202000011767;154 721 553;B01;1;2;0;2;1;17;1;
202000011768;154 721 547;C01;2;7;0;2;4;1;1;
202000011768;154 721 548;B01;2;7;0;2;5;1;1;
202000011768;154 721 549;A01;2;7;0;2;3;1;1;
202000011769;154 721 542;B01;1;7;0;2;8;16;1;
202000011769;154 721 543;A01;1;14;0;2;5;15;1;
202000011770;154 721 540;A01;1;30;0;2;1;0;1;
202000011770;154 721 541;B01;2;7;0;2;6;1;1;
202000011771;154 721 538;A01;3;7;0;4;7;15;1;
202000011771;154 721 539;B01;3;40;0;2;1;1;3;
202000011772;154 721 536;A01;2;10;0;2;1;1;1;
202000011772;154 721 537;B01;1;1;0;2;7;19;0;
202000011773;154 721 535;A01;1;10;1;0;1;13;1;
202000011774;154 721 533;A01;1;7;0;2;2;4;1;
202000011774;154 721 534;B01;2;1;0;2;3;1;5;
202000011775;154 721 531;B01;1;32;0;2;2;1;1;
202000011775;154 721 532;A01;1;7;0;2;3;9;1;
202000011776;154 721 530;A01;1;7;0;1;2;1;1;
202000011777;154 721 529;A01;1;7;14;0;1;1;1;
202000011778;154 721 527;A01;1;7;0;2;1;19;1;
202000011778;154 721 528;B01;2;7;0;2;3;1;1;
202000011779;154 721 525;A01;1;30;0;0;0;1;1;
202000011779;154 721 526;B01;1;7;0;0;0;23;1;
202000011780;154 721 523;A01;1;10;0;2;1;2;1;
202000011780;154 721 524;B01;1;7;0;2;4;2;1;
202000011781;154 721 521;A01;2;10;0;2;8;10;1;
202000011781;154 721 522;B01;2;31;0;2;6;2;1;
202000011782;154 721 520;A01;1;7;3;0;1;14;1;
202000011783;154 721 519;A01;2;7;0;1;2;0;1;
202000011784;154 721 518;A01;1;7;2;0;1;26;1;
202000011785;154 721 516;B01;1;7;0;2;6;15;1;
202000011785;154 721 517;A01;1;33;0;2;1;17;1;
202000011786;154 721 514;B01;1;7;0;2;7;1;1;
202000011786;154 721 515;A01;2;7;0;2;1;9;1;
202000011787;154 721 512;B01;1;1;0;2;4;1;5;
202000011787;154 721 513;A01;2;7;0;2;1;9;1;
202000011788;154 721 511;A01;2;7;4;0;2;14;1;
202000011789;154 721 509;A01;2;7;0;2;3;9;1;
202000011789;154 721 510;B01;1;31;0;2;7;1;1;
202000011790;154 721 508;A01;1;7;13;0;2;14;1;
202000011791;154 721 507;A01;1;7;0;1;2;1;1;
202000011792;154 721 506;A01;1;7;0;1;1;1;1;
202000011793;154 721 505;A01;2;7;1;0;0;1;1;
202000011794;154 721 503;B01;1;7;4;2;0;0;1;
202000011794;154 721 504;A01;3;7;0;2;0;0;1;
202000011795;154 721 501;B01;3;7;0;2;0;0;1;
202000011795;154 721 502;A01;3;50;0;2;0;1;3;
202000011796;154 721 499;B01;3;1;0;2;0;0;5;
202000011796;154 721 500;A01;3;10;0;9;0;0;1;
202000011797;154 721 497;B01;-1;1;0;2;0;0;5;
202000011797;154 721 498;A01;3;10;0;2;0;1;1;
202000011798;154 721 495;B01;3;33;0;2;0;0;1;
202000011798;154 721 496;A01;3;7;0;2;0;15;1;
202000011799;154 721 494;A01;3;30;0;0;0;1;1;
202000011800;154 721 492;A01;2;7;0;2;7;16;1;
202000011800;154 721 493;B01;2;30;0;2;1;18;1;
202000011801;154 721 491;A01;2;31;0;1;1;1;1;
202000011802;154 721 490;A01;1;7;0;1;2;1;1;
202000011803;154 721 489;A01;2;7;0;1;1;1;0;
202000011804;154 721 487;A01;2;38;0;2;5;17;1;1
202000011804;154 721 488;B01;0;80;0;2;3;13;3;
202000011805;154 721 486;A01;0;7;1;0;2;1;1;
202000011806;154 721 484;A01;2;7;0;2;3;1;1;
202000011806;154 721 485;B01;1;7;0;2;7;9;1;
202000011807;154 721 483;A01;3;7;0;1;3;15;1;
202000011808;154 721 481;A01;0;10;0;2;1;1;1;
202000011808;154 721 482;B01;0;7;0;2;8;1;1;
202000011809;154 721 479;B01;1;2;0;2;1;17;1;
202000011809;154 721 480;A01;1;7;0;2;3;15;1;
202000011810;154 721 477;A01;3;7;0;2;2;1;1;
202000011810;154 721 478;B01;3;1;0;2;4;1;5;
202000011811;154 721 474;B01;2;40;0;2;3;1;3;
202000011811;154 721 475;A01;1;1;0;4;3;15;5;
202000011812;154 721 473;A01;2;7;6;1;2;1;1;
202000011813;154 721 470;A01;2;7;0;2;3;13;1;
202000011813;154 721 471;B01;1;99;0;2;1;21;1;
202000011813;154 721 472;C01;2;7;0;2;3;1;1;
202000011814;154 721 476;Z01;1;7;0;1;0;26;0;
202000011815;154 721 469;A01;1;2;0;0;8;1;1;
202000011816;154 721 468;A01;0;7;0;1;2;1;1;
202000011817;154 721 467;A01;2;30;0;1;1;1;1;
202000011818;154 721 465;A01;1;7;0;2;3;1;1;
202000011818;154 721 466;B01;1;2;0;2;1;1;1;
202000011819;154 721 464;A01;1;7;0;1;2;1;1;
202000011820;154 721 462;A01;1;7;0;1;1;1;1;
202000011821;154 721 461;A01;1;7;0;2;4;1;1;
202000011821;154 721 463;B01;1;7;0;2;1;1;1;
202000011822;154 721 457;B01;1;1;0;2;8;1;5;
202000011822;154 721 459;A01;1;10;0;2;7;1;1;
202000011823;154 721 458;A01;0;33;0;2;1;26;1;
202000011823;154 721 460;B01;0;7;0;2;3;1;0;
202000011824;154 721 456;A01;0;7;14;0;1;1;1;
202000011825;154 721 455;A01;0;7;8;0;1;1;1;
202000011826;154 721 453;B01;2;10;0;2;8;15;1;
202000011826;154 721 454;A01;2;7;6;2;2;2;1;
202000011827;154 721 451;A01;2;31;0;1;1;1;1;
202000011828;154 721 449;A01;2;33;0;1;1;13;1;
202000011829;154 721 446;A01;2;7;0;2;3;13;1;
202000011829;154 721 448;B01;1;10;0;2;1;1;1;
202000011830;154 721 445;B01;2;2;0;2;1;1;1;
202000011830;154 721 447;Z01;1;7;0;2;1;0;1;
202000011831;154 721 441;B01;3;31;0;2;1;9;0;
202000011831;154 721 443;A01;3;7;0;2;3;9;1;
202000011832;154 721 440;B01;1;7;0;2;4;1;1;
202000011832;154 721 442;C01;1;7;0;2;4;1;1;
202000011832;154 721 444;A01;1;7;0;2;1;1;1;
202000011833;154 721 439;A01;2;7;0;1;1;1;1;
202000011834;154 721 438;A01;1;7;0;1;1;2;1;
202000011835;154 721 436;A01;1;10;0;2;8;9;1;