num_acc;id_vehicule;num_veh;senc;catv;obs;obsm;choc;manv;motor;occutc
202000011835;154 721 437;B01;3;31;0;2;1;1;1;
202000011836;154 721 434;B01;1;32;0;2;1;1;0;
202000011836;154 721 435;A01;1;7;0;2;6;1;1;
202000011837;154 721 432;A01;-1;3;0;2;1;15;1;
202000011837;154 721 433;B01;3;31;0;2;1;1;1;
202000011838;154 721 431;A01;3;7;9;0;2;26;1;
202000011839;154 721 427;A01;1;7;0;2;8;11;1;
202000011839;154 721 429;C01;1;7;0;2;4;1;1;
202000011839;154 721 430;B01;1;32;0;2;2;3;1;
202000011840;154 721 426;B01;1;33;0;2;1;1;2;
202000011840;154 721 428;A01;1;10;0;2;2;1;1;
202000011841;154 721 424;A01;1;32;0;2;1;2;1;
202000011841;154 721 425;B01;1;7;0;2;5;14;1;
202000011842;154 721 423;A01;1;7;0;9;9;21;1;
202000011843;154 721 421;A01;1;7;0;2;2;17;1;
202000011843;154 721 422;B01;1;50;0;2;3;1;3;
202000011844;154 721 419;A01;1;1;1;1;1;1;5;
202000011845;154 721 420;A01;2;33;0;1;1;1;1;
202000011846;154 721 417;Z01;0;7;0;2;8;22;0;
202000011846;154 721 418;A01;3;32;0;2;2;17;1;
202000011847;154 721 415;Z01;1;1;0;1;0;1;5;
202000011848;154 721 416;A01;2;7;0;1;3;1;1;
202000011849;154 721 414;A01;1;1;0;1;8;1;5;
202000011850;154 721 410;A01;2;1;0;2;1;1;5;
202000011850;154 721 413;B01;2;7;0;2;4;15;1;
202000011851;154 721 411;B01;1;30;0;2;7;1;1;
202000011851;154 721 412;A01;1;10;0;2;8;10;1;
202000011852;154 721 408;A01;2;7;0;2;8;9;1;
202000011852;154 721 409;B01;2;1;0;2;1;1;5;
202000011853;154 721 406;B01;2;1;0;2;1;1;5;
202000011853;154 721 407;A01;2;7;0;2;2;16;2;
202000011854;154 721 404;B01;3;7;0;2;2;15;1;
202000011854;154 721 405;A01;3;7;0;2;3;1;1;
202000011855;154 721 402;B01;2;1;0;2;8;1;5;
202000011855;154 721 403;A01;2;1;0;2;7;13;5;
202000011856;154 721 401;A01;1;10;0;1;4;4;1;
202000011857;154 721 398;B01;1;1;0;2;1;1;5;
202000011857;154 721 400;A01;2;1;0;2;1;13;5;
202000011858;154 721 397;B01;1;32;0;2;2;2;1;
202000011858;154 721 399;A01;1;7;0;2;3;10;1;
202000011859;154 721 396;A01;3;1;0;1;2;13;5;
202000011860;154 721 394;B01;1;30;0;2;1;1;1;
202000011860;154 721 395;A01;1;1;0;2;2;15;5;
202000011861;154 721 393;A01;1;1;0;1;1;1;5;
202000011862;154 721 391;B01;1;31;0;2;2;1;1;
202000011862;154 721 392;A01;1;10;0;2;6;15;1;
202000011863;154 721 389;A01;2;10;0;2;3;15;1;
202000011863;154 721 390;B01;2;33;0;2;2;1;1;
202000011864;154 721 388;A01;2;80;12;0;1;13;3;
202000011865;154 721 386;A01;1;7;0;2;8;22;1;
202000011865;154 721 387;B01;1;1;0;2;1;2;5;
202000011866;154 721 384;A01;2;10;0;2;5;10;1;
202000011866;154 721 385;B01;1;43;0;2;1;2;1;
202000011867;154 721 383;A01;2;32;1;0;1;14;1;
202000011868;154 721 381;A01;1;1;0;2;1;1;5;
202000011868;154 721 382;Z01;2;1;0;2;1;13;5;
202000011869;154 721 379;A01;1;7;0;2;7;22;2;
202000011869;154 721 380;B01;1;1;0;2;1;18;5;
202000011870;154 721 377;A01;1;1;0;2;1;1;5;
202000011870;154 721 378;Z01;2;30;0;2;1;13;1;
202000011871;154 721 374;A01;2;33;0;2;7;1;1;
202000011871;154 721 376;B01;3;7;0;2;1;15;2;
202000011872;154 721 375;A01;1;7;0;1;7;26;1;
202000011873;154 721 372;A01;1;10;0;2;1;2;1;
202000011873;154 721 373;B01;1;7;0;2;4;2;1;
202000011874;154 721 369;A01;1;10;0;2;6;13;1;
202000011874;154 721 370;B01;1;31;0;2;3;17;1;
202000011875;154 721 368;A01;1;7;0;2;1;1;1;
202000011875;154 721 371;B01;1;50;0;2;8;19;3;
202000011876;154 721 367;A01;2;7;0;1;1;21;0;
202000011877;154 721 366;A01;1;7;12;0;0;13;0;
202000011878;154 721 364;A01;3;7;0;2;1;1;0;
202000011878;154 721 365;B01;3;0;0;2;8;9;3;
202000011879;154 721 362;B01;-1;7;0;2;1;19;1;
202000011879;154 721 363;A01;3;7;0;2;7;19;1;
202000011880;154 721 360;A01;1;7;0;2;2;19;1;
202000011880;154 721 361;B01;2;7;0;2;3;1;1;
202000011881;154 721 358;B01;1;34;1;2;1;2;1;
202000011881;154 721 359;A01;1;10;0;2;3;15;1;
202000011882;154 721 356;A01;2;7;0;0;1;19;0;
202000011882;154 721 357;B01;2;14;0;0;4;1;0;
202000011883;154 721 354;RA01;1;2;0;2;1;2;1;
202000011883;154 721 355;B01;1;7;0;2;4;2;2;
202000011884;154 721 353;A01;1;7;1;0;9;26;1;
202000011885;154 721 351;A01;1;7;0;1;5;4;0;
202000011886;154 721 350;MV01;0;1;0;2;1;1;5;
202000011886;154 721 352;A01;0;7;0;2;1;9;1;
202000011887;154 721 348;B01;1;32;0;0;0;0;0;
202000011887;154 721 349;A01;1;7;0;2;6;16;1;
202000011888;154 721 346;A01;3;10;0;2;1;21;1;
202000011888;154 721 347;B01;-1;1;0;2;6;1;5;
202000011889;154 721 343;B01;1;37;0;2;2;1;0;3
202000011889;154 721 345;A01;1;10;0;2;3;16;1;
202000011890;154 721 342;A01;2;33;0;2;6;15;1;
202000011890;154 721 344;B01;2;30;0;2;1;14;1;
202000011891;154 721 339;B01;1;2;0;2;1;1;1;
202000011891;154 721 340;A01;2;7;0;2;2;15;1;
202000011892;154 721 337;A01;3;7;0;2;3;9;1;
202000011892;154 721 338;B01;3;1;0;2;1;1;5;
202000011893;154 721 341;A01;1;30;1;0;1;26;1;
202000011894;154 721 335;B01;1;7;0;2;3;1;1;
202000011894;154 721 336;A01;3;1;0;2;3;1;5;
202000011895;154 721 333;A01;1;7;0;2;5;1;0;
202000011895;154 721 334;B01;1;2;0;0;0;0;1;
202000011896;154 721 332;A01;3;99;0;0;0;26;0;
202000011897;154 721 328;B01;2;7;0;2;4;2;0;
202000011897;154 721 330;A01;2;33;0;2;1;2;0;
202000011898;154 721 327;C01;-1;7;0;2;0;0;0;
202000011898;154 721 329;B01;-1;7;0;2;0;0;1;
202000011898;154 721 331;A01;-1;30;0;2;1;13;1;
202000011899;154 721 325;A01;2;31;0;0;0;0;0;
202000011899;154 721 326;B01;2;7;0;0;0;0;0;
202000011900;154 721 322;Y01;2;60;0;2;0;19;5;
202000011900;154 721 324;A01;2;10;0;2;3;1;1;
202000011901;154 721 321;B01;1;7;0;2;4;2;1;
202000011901;154 721 323;A01;1;7;0;2;2;17;1;
202000011902;154 721 316;B01;3;7;9;2;2;1;1;
202000011902;154 721 318;A01;3;7;9;2;3;1;1;
202000011903;154 721 314;B01;2;2;0;2;1;1;1;
202000011903;154 721 315;A01;1;7;0;2;3;17;1;
202000011903;154 721 317;C01;2;7;0;2;8;1;1;
202000011904;154 721 312;B01;3;2;0;0;4;24;1;
202000011904;154 721 313;A01;2;13;1;2;2;14;1;
202000011905;154 721 307;A01;1;7;1;0;3;1;0;
202000011905;154 721 309;B01;1;7;14;2;4;23;0;
202000011905;154 721 310;C01;1;7;1;2;4;23;0;
202000011905;154 721 311;D01;1;7;0;2;4;23;0;
202000011906;154 721 306;B01;3;7;0;2;5;4;1;
202000011906;154 721 308;A01;3;2;0;2;1;1;3;
202000011907;154 721 305;A01;1;34;0;0;2;14;1;
202000011908;154 721 301;A01;2;7;6;0;3;1;1;
202000011909;154 721 300;A01;1;7;0;2;4;0;1;
202000011909;154 721 302;B01;1;7;0;2;1;0;1;
202000011910;154 721 298;A01;3;7;0;2;6;15;0;
202000011910;154 721 299;B01;2;2;0;2;1;1;1;
202000011911;154 721 296;A01;3;33;14;0;1;1;1;
202000011912;154 721 293;B01;1;7;0;2;4;9;1;
202000011912;154 721 297;A01;1;7;0;2;1;9;1;
202000011913;154 721 291;B01;1;7;0;2;6;9;1;
202000011913;154 721 292;A01;1;15;0;2;2;12;1;
202000011914;154 721 294;A01;1;7;7;2;2;1;6;
202000011914;154 721 295;B01;1;7;0;2;1;1;6;
202000011915;154 721 289;A01;1;7;0;2;2;1;1;
202000011915;154 721 290;B01;1;7;0;2;4;2;1;
202000011916;154 721 288;A01;1;2;2;0;1;1;1;
202000011917;154 721 286;A01;0;2;0;0;0;1;1;
202000011918;154 721 285;B01;2;7;0;2;8;1;1;
202000011918;154 721 287;A01;2;15;0;2;7;12;1;
202000011919;154 721 284;A01;2;7;0;1;2;1;1;
202000011920;154 721 283;A01;1;7;0;0;3;2;1;
202000011921;154 721 280;B01;2;7;0;0;4;23;1;
202000011921;154 721 282;A01;2;7;0;2;1;1;1;
202000011922;154 721 277;B01;1;15;0;2;3;1;1;
202000011922;154 721 279;A01;0;7;0;0;6;15;1;
202000011923;154 721 278;B01;1;7;0;2;7;0;1;
202000011923;154 721 281;A01;1;15;0;2;8;1;1;
202000011924;154 721 275;A01;1;7;6;0;3;2;1;
202000011925;154 721 274;A01;1;7;4;2;1;14;1;
202000011925;154 721 276;B01;1;7;0;2;3;1;1;
202000011926;154 721 273;A01;2;7;5;0;1;0;1;
202000011927;154 721 271;B01;1;15;0;2;3;5;1;
202000011927;154 721 272;A01;2;7;0;2;3;5;1;
202000011928;154 721 269;B01;3;30;0;2;8;16;1;
202000011928;154 721 270;A01;3;7;0;2;3;15;1;
202000011929;154 721 265;B01;0;1;0;2;2;1;5;
202000011929;154 721 266;A01;0;7;0;2;2;15;1;
202000011930;154 721 267;B01;1;10;0;2;3;1;1;
202000011930;154 721 268;A01;1;10;4;2;0;13;1;
202000011931;154 721 262;A01;1;2;0;2;8;15;1;
202000011931;154 721 264;B01;1;2;0;2;1;17;1;
202000011932;154 721 256;A01;2;1;0;0;8;1;5;
202000011933;154 721 258;B01;2;7;0;2;4;2;1;
202000011933;154 721 260;A01;2;10;0;2;1;2;1;
202000011933;154 721 261;C01;2;7;0;2;4;2;1;
202000011933;154 721 263;D01;2;7;0;2;4;2;1;
202000011934;154 721 254;B01;1;33;0;2;1;1;1;
202000011934;154 721 255;A01;1;33;3;0;1;1;1;
202000011935;154 721 251;A01;2;7;0;2;2;1;1;
202000011935;154 721 253;B01;2;2;0;2;1;1;1;
202000011936;154 721 250;A01;2;1;0;0;0;1;0;
202000011936;154 721 252;B01;2;21;0;0;0;1;1;
202000011937;154 721 248;A01;1;7;2;0;3;13;1;
202000011938;154 721 246;A01;1;2;0;0;0;1;1;
202000011939;154 721 247;B01;2;7;0;2;1;0;1;
202000011939;154 721 249;A01;1;7;14;2;1;16;1;
202000011940;154 721 242;A01;1;33;0;2;2;17;1;
202000011940;154 721 244;B01;1;14;0;2;8;15;1;
202000011941;154 721 241;B01;3;7;0;2;1;1;1;
202000011941;154 721 243;A01;3;7;0;2;2;1;1;
202000011942;154 721 240;A01;2;33;13;0;0;1;1;
202000011943;154 721 238;B01;1;7;0;2;0;0;1;
202000011943;154 721 239;A01;1;2;0;2;3;1;1;
202000011944;154 721 237;A01;1;7;0;0;1;0;1;
202000011945;154 721 236;A01;1;7;3;0;1;17;1;
202000011946;154 721 233;A01;1;7;0;1;2;11;1;
202000011947;154 721 234;A01;1;33;0;2;1;2;1;
202000011947;154 721 235;B01;1;7;0;2;5;2;1;
202000011948;154 721 231;A01;1;7;14;0;3;13;1;
202000011949;154 721 230;B01;3;1;0;2;7;1;5;
202000011949;154 721 232;A01;3;7;0;9;1;9;1;
202000011950;154 721 229;A01;2;2;0;0;8;1;1;
202000011951;154 721 228;A01;2;7;4;0;3;13;1;
202000011952;154 721 227;A01;1;33;4;0;7;14;1;
202000011953;154 721 224;A01;2;32;0;2;1;21;1;
202000011953;154 721 225;B01;1;1;0;2;1;21;5;
202000011954;154 721 223;A01;1;10;0;0;2;26;1;
202000011954;154 721 226;B01;1;7;0;2;5;2;1;
202000011955;154 721 222;A01;3;1;0;1;1;21;5;
202000011956;154 721 219;B01;2;7;0;0;5;1;1;
202000011956;154 721 221;A01;2;7;0;2;3;1;1;
202000011957;154 721 218;A01;1;33;0;2;1;16;1;
202000011957;154 721 220;B01;1;7;0;2;1;21;1;
202000011958;154 721 215;B01;3;7;13;2;3;1;1;
202000011958;154 721 217;A01;3;7;0;2;3;13;1;
202000011959;154 721 214;A01;3;7;0;2;7;1;1;
202000011959;154 721 216;B01;3;7;0;2;1;1;1;
202000011960;154 721 213;A01;1;7;0;1;3;2;1;
202000011961;154 721 211;B01;2;2;0;2;8;1;1;
202000011961;154 721 212;A01;2;10;0;2;3;15;1;
202000011962;154 721 210;A01;2;1;0;0;9;1;5;
202000011963;154 721 207;A01;1;7;0;1;1;15;1;
202000011964;154 721 206;A01;1;7;9;1;1;13;1;
202000011965;154 721 205;A01;2;7;13;0;1;14;1;
202000011966;154 721 203;A01;0;7;0;1;4;4;1;
202000011967;154 721 202;A01;1;7;0;2;1;15;1;
202000011967;154 721 204;B01;1;50;0;2;8;0;3;
202000011968;154 721 201;A01;2;31;0;1;1;17;1;
202000011969;154 721 200;A01;1;7;0;1;3;1;1;
202000011970;154 721 198;B01;1;34;0;1;4;23;1;
202000011970;154 721 199;A01;2;10;0;2;1;2;1;
202000011971;154 721 196;B01;0;32;0;2;8;1;1;
202000011971;154 721 197;A01;0;7;0;2;2;26;1;
202000011972;154 721 194;B01;3;7;0;2;1;1;1;
202000011972;154 721 195;A01;3;1;0;2;3;19;5;
202000011973;154 721 190;B01;1;7;8;2;1;6;1;
202000011973;154 721 191;A01;1;7;0;2;4;1;1;
202000011974;154 721 192;B01;2;33;0;2;1;1;1;
202000011974;154 721 193;A01;2;7;0;2;8;10;0;
202000011975;154 721 188;A01;3;33;7;0;3;1;1;
202000011976;154 721 187;B01;0;7;0;2;1;1;1;
202000011976;154 721 189;A01;0;7;0;2;1;13;1;
202000011977;154 721 185;A01;2;7;6;0;1;16;1;
202000011978;154 721 184;B01;3;7;0;2;1;1;1;
202000011978;154 721 186;A01;3;7;0;2;1;13;1;
202000011979;154 721 182;A01;2;3;0;2;3;13;1;
202000011979;154 721 183;B01;1;7;0;2;3;21;1;
202000011980;154 721 180;C01;0;80;0;2;1;19;3;
202000011980;154 721 181;B01;0;7;0;9;7;1;1;
202000011981;154 721 179;A01;3;7;2;0;1;1;1;
202000011982;154 721 178;A01;3;31;8;0;1;1;1;
202000011983;154 721 176;A01;1;7;0;1;7;1;1;
202000011984;154 721 177;A01;3;7;0;1;2;1;1;
202000011985;154 721 173;A01;1;7;9;2;1;5;1;
202000011985;154 721 175;B01;2;7;0;2;1;1;1;
202000011986;154 721 172;B01;1;32;0;2;1;1;1;
202000011986;154 721 174;A01;1;30;0;2;8;15;1;
202000011987;154 721 169;A01;2;7;4;0;1;1;1;
202000011988;154 721 166;C01;2;7;0;2;6;1;1;
202000011988;154 721 167;B01;1;7;0;2;8;1;1;
202000011988;154 721 168;A01;1;7;0;2;2;17;1;
202000011989;154 721 162;D01;2;33;0;2;1;3;1;
202000011989;154 721 163;C01;2;7;0;2;1;2;1;
202000011989;154 721 164;B01;2;7;0;2;1;2;1;
202000011989;154 721 165;A01;2;7;0;2;4;2;1;
202000011990;154 721 160;A01;1;7;0;2;1;11;1;
202000011990;154 721 161;B01;2;99;0;2;3;15;1;
202000011991;154 721 157;Z01;2;7;0;1;2;0;0;
202000011992;154 721 156;A01;1;7;0;2;1;2;1;
202000011992;154 721 158;B01;1;7;0;2;4;1;1;
202000011992;154 721 159;C01;1;7;0;2;4;1;1;
202000011993;154 721 155;A01;1;7;13;0;0;0;1;
202000011994;154 721 150;B01;2;7;0;2;4;1;1;
202000011994;154 721 152;A01;2;7;0;2;1;1;1;
202000011994;154 721 154;C01;2;7;0;2;6;1;1;
202000011995;154 721 151;B01;1;2;0;2;1;17;0;
202000011995;154 721 153;A01;2;7;0;2;3;19;0;
202000011996;154 721 146;B01;2;7;0;2;0;2;1;
202000011996;154 721 148;A01;2;7;0;2;3;21;1;
202000011996;154 721 149;C01;2;7;0;2;4;1;1;
202000011997;154 721 147;A01;1;7;0;1;1;15;1;
202000011998;154 721 143;A01;2;7;0;2;1;1;1;
202000011998;154 721 145;B01;2;7;0;2;4;23;1;
202000011999;154 721 140;B01;1;7;0;2;1;1;1;
202000011999;154 721 141;A01;2;7;0;2;7;13;1;
202000012000;154 721 139;C01;2;7;0;2;8;1;1;
202000012000;154 721 142;B01;1;7;0;2;3;1;1;
202000012000;154 721 144;A01;2;7;0;2;3;17;1;
202000012001;154 721 138;A01;1;33;9;4;1;1;1;
202000012002;154 721 136;A01;1;7;0;2;8;13;1;
202000012002;154 721 137;B01;2;7;0;2;8;1;0;
202000012003;154 721 135;A01;1;40;0;1;3;1;3;
202000012004;154 721 131;C01;2;7;0;2;4;23;1;
202000012004;154 721 133;A01;2;7;0;2;1;2;1;
202000012004;154 721 134;B01;2;7;0;2;4;23;1;
202000012005;154 721 129;A01;3;7;0;2;8;1;1;
202000012005;154 721 130;C01;3;7;0;2;1;15;1;
202000012005;154 721 132;B01;3;7;0;2;3;1;1;
202000012006;154 721 126;A01;2;2;0;0;7;1;1;
202000012007;154 721 127;B01;0;7;0;2;3;1;1;
202000012007;154 721 128;A01;0;7;14;2;2;14;1;
202000012008;154 721 123;A01;2;7;0;2;1;9;1;
202000012008;154 721 125;B01;1;2;0;2;7;1;1;
202000012009;154 721 122;B01;2;7;0;2;7;1;1;
202000012009;154 721 124;A01;2;30;0;2;1;19;1;
202000012010;154 721 121;A01;1;7;0;1;2;1;1;
202000012011;154 721 120;A01;2;34;9;1;0;18;1;
202000012012;154 721 117;B01;2;7;0;2;7;1;1;
202000012012;154 721 118;A01;2;43;0;2;8;3;1;
202000012013;154 721 115;B01;3;7;0;2;4;1;1;
202000012013;154 721 116;A01;3;7;0;2;1;26;1;
202000012014;154 721 113;A01;2;7;9;0;1;26;1;
202000012015;154 721 114;A01;2;1;0;9;1;21;5;
202000012016;154 721 111;A01;1;34;0;2;7;1;1;
202000012016;154 721 112;B01;2;7;0;2;1;1;1;
202000012017;154 721 107;B01;2;2;0;2;2;13;1;
202000012017;154 721 108;A01;1;7;0;2;3;15;1;
202000012018;154 721 109;Z01;1;7;0;2;0;15;0;
202000012018;154 721 110;A01;2;31;0;2;0;1;1;
202000012019;154 721 105;A01;2;7;0;2;7;1;0;
202000012019;154 721 106;B01;1;7;0;2;1;1;0;
202000012020;154 721 101;A01;3;7;0;2;3;1;1;
202000012020;154 721 103;C01;3;7;0;2;5;23;1;
202000012020;154 721 104;B01;3;1;0;2;4;23;5;
202000012021;154 721 100;A01;1;7;0;2;5;13;1;
202000012021;154 721 102;B01;2;31;0;2;1;1;1;
202000012022;154 721 099;A01;2;7;0;1;2;1;1;
202000012023;154 721 097;A01;2;7;0;2;3;1;1;
202000012023;154 721 098;B01;1;7;0;2;1;1;1;
202000012024;154 721 096;A01;1;7;0;1;2;1;1;
202000012025;154 721 094;A01;1;50;12;0;1;14;3;
202000012026;154 721 093;A01;3;7;0;2;5;23;1;
202000012026;154 721 095;B01;3;7;0;2;0;0;1;
202000012027;154 721 092;A01;1;34;8;0;3;17;1;
202000012028;154 721 090;B01;0;7;0;2;3;1;1;
202000012028;154 721 091;A01;0;2;0;2;1;9;1;
202000012029;154 721 087;B01;1;10;0;2;0;16;3;
202000012029;154 721 089;A01;2;50;0;2;1;8;3;
202000012030;154 721 086;B01;1;2;0;2;1;1;1;
202000012030;154 721 088;A01;0;7;0;2;0;0;1;
202000012031;154 721 084;A01;1;7;0;2;0;15;2;
202000012031;154 721 085;B01;1;1;0;2;0;1;2;
202000012032;154 721 083;A01;0;7;0;1;2;19;1;
202000012033;154 721 080;A01;0;31;0;2;1;26;1;
202000012033;154 721 082;B01;2;7;0;2;6;15;0;
202000012034;154 721 079;A01;0;50;0;2;1;5;3;
202000012034;154 721 081;B01;0;7;0;2;2;1;1;
202000012035;154 721 078;A01;2;7;0;1;3;15;1;
202000012036;154 721 076;B01;2;7;0;2;1;13;1;
202000012036;154 721 077;A01;1;7;0;2;1;1;4;
202000012037;154 721 073;A01;0;7;6;0;1;26;1;
202000012038;154 721 070;A01;3;7;0;2;1;1;1;
202000012038;154 721 072;B01;3;7;0;2;8;1;1;
202000012039;154 721 068;A01;0;7;0;2;2;16;1;
202000012039;154 721 069;B01;0;30;0;2;2;1;1;
202000012040;154 721 066;B01;1;7;0;0;4;1;1;
202000012040;154 721 071;A01;1;7;0;2;1;1;1;
202000012041;154 721 065;B01;2;1;0;2;4;23;6;
202000012041;154 721 067;A01;2;7;0;2;1;26;1;
202000012042;154 721 063;A01;2;7;14;0;1;1;0;
202000012042;154 721 064;B01;3;7;1;0;0;0;0;
202000012043;154 721 062;A01;1;7;6;0;9;26;1;
202000012044;154 721 059;A01;1;7;0;2;1;1;1;
202000012044;154 721 060;B01;1;7;0;2;4;23;1;
202000012044;154 721 061;C01;2;7;0;2;8;19;1;
202000012045;154 721 058;A01;1;7;3;0;1;13;1;
202000012046;154 721 056;A01;2;7;0;2;1;0;0;
202000012046;154 721 057;B01;2;7;0;0;4;23;0;
202000012047;154 721 054;B01;2;7;0;2;3;1;1;
202000012047;154 721 055;A01;1;34;0;2;3;5;1;
202000012048;154 721 052;A01;0;7;0;2;3;15;1;
202000012048;154 721 053;B01;0;7;15;2;8;1;1;
202000012049;154 721 049;A01;3;7;0;2;2;19;1;
202000012049;154 721 051;B01;1;7;0;2;3;1;1;
202000012050;154 721 048;B01;1;7;0;2;1;1;1;
202000012050;154 721 050;A01;2;7;0;2;2;1;1;
202000012051;154 721 047;A01;1;7;13;0;9;15;1;
202000012052;154 721 045;A01;1;7;0;2;7;1;0;
202000012052;154 721 046;B01;1;2;0;2;1;0;0;
202000012053;154 721 043;A01;1;7;0;2;2;10;2;
202000012053;154 721 044;B01;1;1;0;2;1;7;5;
202000012054;154 721 041;A01;2;7;0;2;3;13;1;
202000012054;154 721 042;B01;1;7;0;2;1;16;1;
202000012055;154 721 040;A01;1;7;0;1;2;15;1;
202000012056;154 721 039;A01;2;7;0;1;4;4;2;
202000012057;154 721 037;B01;2;7;4;0;6;1;1;
202000012057;154 721 038;A01;2;7;0;2;2;14;1;
202000012058;154 721 036;A01;3;33;6;0;1;1;1;
202000012059;154 721 034;B01;2;7;0;2;7;17;1;
202000012059;154 721 035;A01;2;31;0;2;3;1;1;
202000012060;154 721 031;A01;3;7;0;2;6;5;0;
202000012060;154 721 032;B01;3;10;0;2;6;1;1;
202000012060;154 721 033;C01;3;7;0;9;1;1;1;
202000012061;154 721 029;A01;2;7;0;2;2;17;1;
202000012061;154 721 030;B01;2;2;0;2;4;2;1;
202000012062;154 721 028;A01;1;7;0;0;0;1;0;
202000012063;154 721 027;A01;3;35;13;0;9;26;1;
202000012064;154 721 026;A01;1;7;6;0;1;1;1;
202000012065;154 721 024;A01;2;7;0;2;3;0;0;
202000012065;154 721 025;B01;1;7;0;2;3;0;1;
202000012066;154 721 023;A01;2;1;0;0;9;0;5;
202000012067;154 721 021;B01;1;32;0;2;7;17;1;
202000012067;154 721 022;A01;1;10;0;2;8;15;1;
202000012068;154 721 019;B01;2;15;0;2;5;1;1;
202000012068;154 721 020;A01;1;1;0;2;2;14;6;
202000012069;154 721 018;A01;1;36;13;0;1;15;1;
202000012070;154 721 016;B01;2;2;0;2;4;1;1;
202000012070;154 721 017;A01;2;7;0;2;1;1;1;
202000012071;154 721 015;A01;2;7;0;1;3;15;1;
202000012072;154 721 014;A01;1;31;0;0;8;1;1;
202000012073;154 721 012;B01;2;7;0;2;3;0;0;
202000012073;154 721 013;A01;1;7;0;2;3;0;0;
202000012074;154 721 011;A01;2;33;0;0;8;1;1;
202000012075;154 721 010;A01;2;7;10;0;1;14;1;
202000012076;154 721 009;A01;1;7;2;0;2;1;1;
202000012077;154 721 008;A01;1;7;14;0;0;1;1;
202000012078;154 721 006;B01;1;7;0;2;7;17;1;
202000012078;154 721 007;A01;1;30;0;2;8;2;1;
202000012079;154 721 004;B01;1;33;0;2;2;3;1;
202000012079;154 721 005;A01;1;7;0;2;3;15;1;
202000012080;154 721 003;A01;2;7;2;0;3;1;0;
202000012081;154 721 001;B01;1;17;0;2;2;1;1;
202000012081;154 721 002;A01;2;7;0;2;1;13;1;
202000012082;154 721 000;A01;1;2;0;0;8;1;1;
202000012083;154 720 999;A01;1;7;0;0;0;0;1;
202000012084;154 720 997;A01;3;2;13;0;7;1;6;
202000012084;154 720 998;B01;3;7;0;0;0;13;0;
202000012085;154 720 996;A01;1;7;6;0;1;1;0;
202000012086;154 720 995;A01;2;7;2;0;2;1;1;
202000012087;154 720 994;A01;1;7;6;0;1;1;1;
202000012088;154 720 993;A01;1;33;2;0;0;14;1;
202000012089;154 720 992;A01;1;33;4;0;2;15;1;
202000012090;154 720 991;A01;1;7;2;0;3;13;1;
202000012091;154 720 990;A01;1;33;6;0;3;16;1;
202000012092;154 720 989;A01;1;33;16;0;0;1;1;
202000012093;154 720 986;C01;1;7;0;2;1;2;1;
202000012093;154 720 987;B01;1;7;0;2;9;2;1;
202000012093;154 720 988;A01;1;7;0;0;4;2;1;
202000012094;154 720 985;A01;1;7;7;0;1;6;2;
202000012095;154 720 984;A01;1;7;7;0;1;1;1;
202000012096;154 720 983;A01;2;33;8;0;1;1;1;
202000012097;154 720 981;B01;2;33;0;0;7;17;1;
202000012097;154 720 982;A01;2;7;0;2;0;13;0;
202000012098;154 720 979;B01;1;7;0;2;3;1;1;
202000012098;154 720 980;A01;2;7;0;2;3;13;1;
202000012099;154 720 978;A01;2;2;6;0;1;1;1;
202000012100;154 720 977;A01;1;7;15;0;9;1;1;
202000012101;154 720 975;B01;0;7;0;2;3;1;1;
202000012101;154 720 976;A01;0;7;0;2;3;13;1;
202000012102;154 720 973;A01;1;7;0;2;2;11;1;
202000012102;154 720 974;B01;1;15;0;0;6;1;1;
202000012103;154 720 970;A01;2;7;0;2;7;17;0;
202000012103;154 720 971;B01;1;7;0;2;1;5;0;
202000012104;154 720 968;A01;2;7;0;0;4;1;1;
202000012104;154 720 969;B01;2;1;0;2;1;1;5;
202000012105;154 720 966;A01;1;7;0;2;1;2;1;
202000012105;154 720 967;B01;1;7;4;0;4;2;1;
202000012106;154 720 962;D01;1;7;0;2;4;1;1;
202000012106;154 720 963;C01;1;7;0;2;1;2;2;
202000012106;154 720 964;B01;1;7;0;0;5;1;1;
202000012106;154 720 965;A01;1;7;0;2;1;0;1;
202000012107;154 720 960;B01;2;7;0;2;2;21;1;
202000012107;154 720 961;A01;1;7;0;0;4;11;1;
202000012108;154 720 958;A01;1;7;0;2;5;1;1;
202000012108;154 720 959;B01;1;7;0;2;3;12;1;
202000012109;154 720 957;A01;2;30;0;0;8;14;1;
202000012110;154 720 955;B01;1;33;0;2;1;17;1;
202000012110;154 720 956;A01;1;20;0;0;8;15;1;
202000012111;154 720 953;A01;0;7;0;2;1;1;1;
202000012111;154 720 954;B01;0;7;0;0;8;9;1;
202000012112;154 720 951;A01;2;7;0;2;1;1;0;
202000012112;154 720 952;B01;1;33;0;2;1;13;0;
202000012113;154 720 950;A01;0;7;0;1;1;1;1;
202000012114;154 720 949;A01;2;33;0;0;8;24;1;
202000012115;154 720 947;B01;2;7;13;0;4;2;1;
202000012115;154 720 948;A01;2;10;0;2;2;2;0;
202000012116;154 720 945;A01;1;7;0;0;3;15;1;
202000012116;154 720 946;B01;2;33;0;2;1;1;1;
202000012117;154 720 944;A01;3;7;9;9;2;1;1;
202000012118;154 720 942;B01;1;7;0;2;3;11;1;
202000012118;154 720 943;A01;2;7;0;2;8;1;1;