num_acc;id_vehicule;num_veh;senc;catv;obs;obsm;choc;manv;motor;occutc
202000012119;154 720 941;A01;2;7;13;0;9;1;1;
202000012120;154 720 940;A01;2;31;0;0;1;1;1;
202000012121;154 720 938;A01;2;7;0;2;1;5;1;
202000012121;154 720 939;B01;1;7;0;0;1;1;1;
202000012122;154 720 936;A01;3;7;0;2;3;19;1;
202000012122;154 720 937;B01;1;33;0;2;2;1;1;
202000012123;154 720 935;A01;2;7;13;0;1;17;1;
202000012124;154 720 934;A01;1;33;0;1;7;1;1;
202000012125;154 720 932;A01;1;7;3;0;2;2;1;
202000012126;154 720 931;A01;2;33;0;0;3;17;1;
202000012127;154 720 928;C01;1;7;0;2;1;2;1;
202000012127;154 720 929;B01;1;7;0;2;4;2;1;
202000012127;154 720 930;A01;1;7;0;2;4;2;1;
202000012128;154 720 927;A01;1;10;0;2;2;11;1;
202000012129;154 720 925;A01;1;33;0;2;7;0;1;
202000012129;154 720 926;B01;1;7;0;2;6;1;1;
202000012130;154 720 922;A01;2;7;0;2;1;2;1;
202000012130;154 720 923;B01;2;7;0;2;4;2;1;
202000012130;154 720 924;C01;2;7;0;2;4;2;1;
202000012131;154 720 920;B01;2;7;0;2;4;2;1;
202000012131;154 720 921;A01;2;7;0;2;1;2;1;
202000012132;154 720 919;A01;2;7;3;0;2;14;1;
202000012133;154 720 918;A01;1;7;4;0;3;11;1;
202000012134;154 720 916;A01;1;7;0;2;1;1;1;
202000012134;154 720 917;B01;1;7;0;2;4;2;1;
202000012135;154 720 915;A01;1;7;3;0;2;14;1;
202000012136;154 720 914;A01;2;7;0;0;9;14;1;
202000012137;154 720 913;A01;1;7;4;0;2;1;1;
202000012138;154 720 912;A01;2;31;4;0;0;13;1;
202000012139;154 720 911;A01;1;7;4;0;3;1;1;
202000012140;154 720 910;A01;1;7;4;0;2;14;1;
202000012141;154 720 909;A01;1;7;13;0;1;26;1;
202000012142;154 720 908;A01;3;10;0;1;4;4;1;
202000012143;154 720 906;B01;3;20;0;2;8;0;0;
202000012143;154 720 907;A01;3;7;15;0;7;0;0;
202000012144;154 720 902;D01;0;7;0;2;1;0;0;
202000012144;154 720 903;C01;0;7;0;2;1;0;0;
202000012144;154 720 904;B01;0;7;0;0;4;0;0;
202000012144;154 720 905;A01;0;7;0;0;4;1;0;
202000012145;154 720 901;A01;1;37;0;1;8;15;1;1
202000012146;154 720 899;B01;2;31;0;2;1;1;1;
202000012146;154 720 900;A01;1;7;0;2;2;15;1;
202000012147;154 720 898;A01;1;7;0;1;1;19;1;
202000012148;154 720 897;A01;1;7;1;1;1;14;1;
202000012149;154 720 895;B01;1;1;0;2;6;1;5;
202000012149;154 720 896;A01;1;7;0;9;2;1;1;
202000012150;154 720 892;A01;2;7;0;2;1;15;1;
202000012150;154 720 893;B01;1;7;0;2;1;1;1;
202000012151;154 720 890;A01;2;14;0;2;3;16;1;
202000012151;154 720 891;B01;1;2;0;2;1;1;1;
202000012152;154 720 888;B01;2;7;0;0;1;23;1;
202000012152;154 720 889;A01;1;7;1;1;4;26;1;
202000012153;154 720 887;A01;1;7;1;1;2;2;0;
202000012154;154 720 884;A01;1;7;0;2;3;13;0;
202000012154;154 720 885;B01;1;7;0;0;3;1;0;
202000012154;154 720 886;C01;1;7;0;0;6;16;0;
202000012155;154 720 881;A01;3;7;0;2;7;1;1;
202000012155;154 720 882;B01;3;7;0;2;1;1;1;
202000012156;154 720 879;A01;1;7;0;2;3;1;1;
202000012156;154 720 880;B01;1;15;10;0;8;23;1;
202000012157;154 720 877;A01;2;7;0;2;1;1;1;
202000012157;154 720 878;B01;2;7;0;0;4;15;1;
202000012158;154 720 876;A01;2;7;16;0;9;14;1;
202000012159;154 720 875;A01;3;20;0;1;5;1;1;
202000012160;154 720 874;A01;0;7;13;0;1;1;0;
202000012161;154 720 873;A01;1;7;0;1;7;1;1;
202000012162;154 720 871;A01;2;7;0;2;1;1;1;
202000012162;154 720 872;B01;1;7;3;2;0;1;1;
202000012163;154 720 868;B01;1;2;15;2;1;1;1;
202000012163;154 720 869;A01;1;7;0;2;3;1;1;
202000012164;154 720 867;A01;3;7;0;1;1;1;0;
202000012165;154 720 864;A01;2;7;8;0;1;1;1;
202000012166;154 720 863;A01;2;7;6;0;1;1;1;
202000012167;154 720 862;A01;2;7;13;0;2;1;1;
202000012168;154 720 860;B01;1;7;0;2;1;1;1;
202000012168;154 720 861;A01;2;7;0;2;1;0;1;
202000012169;154 720 859;A01;1;7;0;1;4;4;0;
202000012170;154 720 858;A01;2;2;0;0;8;1;1;
202000012171;154 720 857;A01;3;7;0;1;2;1;0;
202000012172;154 720 856;A01;3;7;0;1;4;26;1;
202000012173;154 720 855;A01;1;7;9;0;3;1;1;
202000012174;154 720 854;A01;2;34;0;2;1;1;1;
202000012175;154 720 853;A01;2;7;0;1;1;1;1;
202000012176;154 720 851;B01;1;7;0;2;2;1;1;
202000012176;154 720 852;A01;3;7;0;2;3;19;1;
202000012177;154 720 848;A01;2;10;0;2;8;21;1;
202000012177;154 720 849;B01;2;7;0;2;0;9;1;
202000012177;154 720 850;C01;2;99;0;2;7;2;1;
202000012178;154 720 847;A01;1;7;4;0;9;2;1;
202000012179;154 720 846;A01;1;7;16;0;9;1;1;
202000012180;154 720 843;C01;1;7;0;2;3;1;1;
202000012180;154 720 844;B01;1;7;0;2;7;1;1;
202000012180;154 720 845;Z01;1;7;0;2;8;13;0;
202000012181;154 720 842;A01;1;7;0;9;1;0;1;
202000012182;154 720 840;A01;2;30;0;2;1;1;1;
202000012182;154 720 841;B01;2;7;0;2;4;23;1;
202000012183;154 720 838;B01;1;31;0;2;2;1;1;
202000012183;154 720 839;A01;2;7;0;2;8;1;1;
202000012184;154 720 836;B01;2;7;0;2;4;23;0;
202000012184;154 720 837;A01;2;7;1;0;1;1;0;
202000012185;154 720 832;A01;1;7;0;2;1;1;1;
202000012185;154 720 833;D01;3;7;0;2;1;0;1;
202000012185;154 720 834;C01;1;7;0;2;1;1;1;
202000012185;154 720 835;B01;3;7;0;2;4;0;1;
202000012186;154 720 830;B01;2;31;1;2;1;21;1;
202000012186;154 720 831;A01;3;1;0;2;2;21;5;
202000012187;154 720 829;A01;3;99;0;1;2;15;6;
202000012188;154 720 827;A01;3;10;0;2;3;16;1;
202000012188;154 720 828;B01;3;2;0;2;1;1;1;
202000012189;154 720 825;A01;1;10;0;2;1;15;1;
202000012189;154 720 826;B01;2;34;0;2;1;1;1;
202000012190;154 720 822;C01;1;10;0;2;4;23;1;
202000012190;154 720 823;A01;1;10;0;2;1;1;1;
202000012190;154 720 824;B01;1;7;0;2;4;1;1;
202000012191;154 720 821;A01;1;7;13;0;1;1;1;
202000012192;154 720 819;B01;-1;37;0;2;1;15;1;1
202000012192;154 720 820;A01;-1;7;0;2;1;1;1;
202000012193;154 720 817;B01;1;2;0;2;3;1;1;
202000012193;154 720 818;A01;1;7;0;2;2;1;1;
202000012194;154 720 816;A01;1;30;0;1;1;1;1;
202000012195;154 720 815;A01;1;7;2;0;3;1;1;
202000012196;154 720 814;A01;2;7;0;1;3;1;1;
202000012197;154 720 812;B01;1;10;0;2;4;23;1;
202000012197;154 720 813;A01;1;10;1;0;1;1;1;
202000012198;154 720 811;A01;0;13;0;1;6;16;0;
202000012199;154 720 809;A01;2;7;0;2;1;15;1;
202000012199;154 720 810;B01;1;33;0;2;1;2;1;
202000012200;154 720 808;A01;2;7;4;0;1;14;1;
202000012201;154 720 803;A01;3;10;0;2;1;1;1;
202000012201;154 720 804;B01;0;7;0;2;1;1;1;
202000012202;154 720 802;A01;1;7;9;0;2;1;1;
202000012203;154 720 801;A01;2;7;13;0;1;1;1;
202000012204;154 720 799;B01;2;99;0;2;8;1;1;
202000012204;154 720 800;A01;1;7;8;0;3;1;1;
202000012205;154 720 797;B01;1;2;0;2;1;1;1;
202000012205;154 720 798;A01;1;7;0;2;2;9;1;
202000012206;154 720 796;A01;1;34;14;0;1;14;1;
202000012207;154 720 795;A01;3;7;12;0;1;9;1;
202000012208;154 720 794;A01;1;10;8;0;1;13;6;
202000012209;154 720 792;B01;2;32;0;2;1;1;1;
202000012209;154 720 793;A01;2;7;0;2;8;9;1;
202000012210;154 720 791;A01;1;7;2;0;2;0;1;
202000012211;154 720 790;A01;2;7;2;0;3;13;1;
202000012212;154 720 788;B01;1;7;0;1;5;24;1;
202000012212;154 720 789;A01;1;7;0;2;2;2;1;
202000012213;154 720 786;A01;2;7;0;2;1;13;1;
202000012213;154 720 787;B01;1;7;0;2;1;1;1;
202000012214;154 720 784;B01;2;36;0;2;1;1;0;
202000012214;154 720 785;A01;1;7;0;2;1;1;0;
202000012215;154 720 783;A01;1;7;0;1;7;2;1;
202000012216;154 720 782;A01;1;2;0;0;0;1;1;
202000012217;154 720 781;A01;2;7;2;0;1;0;1;
202000012218;154 720 779;A01;3;3;0;2;3;13;1;
202000012218;154 720 780;B01;3;7;0;2;3;1;1;
202000012219;154 720 778;A01;2;2;0;0;1;1;1;
202000012220;154 720 777;A01;1;7;13;9;1;1;1;
202000012221;154 720 776;A01;3;7;6;1;1;20;1;
202000012222;154 720 775;A01;2;7;7;0;0;1;1;
202000012223;154 720 774;A01;1;7;13;0;3;13;1;
202000012224;154 720 773;A01;0;7;14;0;3;13;1;
202000012225;154 720 772;A01;1;7;0;1;7;1;1;
202000012226;154 720 769;A01;2;7;0;0;0;2;0;
202000012226;154 720 770;C01;2;7;0;0;4;23;1;
202000012226;154 720 771;B01;2;7;0;2;7;2;1;
202000012227;154 720 767;A01;1;7;0;2;2;14;1;
202000012227;154 720 768;B01;1;7;0;2;6;1;1;
202000012228;154 720 763;D01;1;7;0;2;1;2;1;
202000012228;154 720 764;C01;1;7;0;0;4;2;1;
202000012228;154 720 765;B01;1;7;0;2;1;2;1;
202000012228;154 720 766;A01;1;7;0;2;1;2;1;
202000012229;154 720 758;E01;1;7;3;0;2;1;1;
202000012229;154 720 759;C01;1;7;0;0;6;1;1;
202000012229;154 720 760;D01;1;7;0;2;2;1;1;
202000012229;154 720 761;B01;1;7;0;2;1;1;1;
202000012229;154 720 762;A01;1;7;3;2;1;1;1;
202000012230;154 720 757;A01;1;7;0;1;3;1;1;
202000012231;154 720 756;A01;1;7;8;0;8;0;1;
202000012232;154 720 754;A01;2;7;8;0;7;15;1;
202000012232;154 720 755;B01;2;7;14;0;1;1;1;
202000012233;154 720 753;A01;3;7;0;1;1;1;1;
202000012234;154 720 752;A01;2;7;3;0;1;26;1;
202000012235;154 720 751;A01;3;7;2;0;1;1;1;
202000012236;154 720 749;A01;2;7;0;2;3;15;1;
202000012236;154 720 750;B01;1;7;0;0;1;1;1;
202000012237;154 720 747;A01;1;7;17;0;0;1;1;
202000012238;154 720 746;A01;1;7;6;0;2;2;1;
202000012239;154 720 745;A01;2;7;4;0;1;14;1;
202000012240;154 720 742;A01;1;7;0;2;1;1;1;
202000012240;154 720 743;B01;1;7;0;2;4;2;1;
202000012240;154 720 744;C01;1;7;0;2;4;2;1;
202000012241;154 720 738;D01;2;7;0;2;4;2;1;
202000012241;154 720 739;C01;2;7;0;2;4;1;1;
202000012241;154 720 740;B01;2;7;0;2;4;2;1;
202000012241;154 720 741;A01;2;7;0;2;1;2;1;
202000012242;154 720 737;A01;1;7;4;0;1;2;1;
202000012243;154 720 736;A01;2;7;0;1;0;26;1;
202000012244;154 720 734;B01;2;7;0;2;4;2;1;
202000012244;154 720 735;A01;2;7;0;2;1;2;1;
202000012245;154 720 733;A01;2;10;0;0;9;17;1;
202000012246;154 720 731;A01;1;7;0;2;2;2;1;
202000012246;154 720 732;B01;1;7;0;2;3;2;1;
202000012247;154 720 729;A01;2;15;0;2;7;17;0;
202000012247;154 720 730;B01;2;7;0;2;8;1;0;
202000012248;154 720 725;A01;2;10;0;2;1;2;1;
202000012248;154 720 726;C01;2;7;0;2;8;2;0;
202000012248;154 720 727;D01;2;7;0;2;4;2;0;
202000012248;154 720 728;B01;2;7;0;2;4;0;0;
202000012249;154 720 724;A01;1;7;0;2;3;1;1;
202000012250;154 720 723;A01;2;7;8;0;1;14;1;
202000012251;154 720 722;A01;1;30;7;0;1;1;1;
202000012252;154 720 721;A01;1;32;6;0;1;13;1;
202000012253;154 720 719;A01;1;31;0;9;8;9;1;
202000012253;154 720 720;B01;1;2;0;9;7;1;0;
202000012254;154 720 717;A01;1;3;0;2;1;15;1;
202000012254;154 720 718;B01;3;2;0;2;1;19;1;
202000012255;154 720 716;A01;3;7;9;0;0;15;1;
202000012256;154 720 712;D01;2;7;0;2;3;23;1;
202000012256;154 720 713;A01;1;7;0;2;1;1;1;
202000012256;154 720 714;B01;1;7;0;2;4;1;1;
202000012256;154 720 715;C01;1;7;0;2;6;1;1;
202000012257;154 720 710;B01;1;7;0;2;4;1;1;
202000012257;154 720 711;A01;1;37;0;2;1;19;1;1
202000012258;154 720 707;A01;1;7;8;2;2;15;0;
202000012258;154 720 708;B01;1;7;8;2;6;15;0;
202000012258;154 720 709;C01;1;7;0;2;0;1;0;
202000012259;154 720 706;A01;1;7;0;1;2;1;1;
202000012260;154 720 704;A01;3;7;0;2;1;2;1;
202000012260;154 720 705;B01;3;7;0;2;4;2;1;
202000012261;154 720 702;B01;2;33;0;2;1;1;1;
202000012261;154 720 703;A01;1;7;0;2;8;15;1;
202000012262;154 720 698;B01;3;7;0;9;2;1;1;
202000012262;154 720 699;A01;3;1;0;2;2;26;5;
202000012263;154 720 696;B01;2;33;0;2;2;26;0;
202000012263;154 720 697;A01;1;7;1;2;1;13;0;
202000012264;154 720 694;B01;2;7;0;2;2;1;1;
202000012264;154 720 695;A01;0;7;0;2;3;5;1;
202000012265;154 720 693;A01;1;7;0;1;1;1;1;
202000012266;154 720 691;A01;1;7;0;2;1;13;1;
202000012266;154 720 692;B01;2;7;0;2;2;1;1;
202000012267;154 720 690;A01;2;7;0;1;2;1;1;
202000012268;154 720 688;A01;2;7;0;2;2;15;1;
202000012268;154 720 689;B01;1;10;0;2;5;1;1;
202000012269;154 720 684;D01;1;7;0;2;4;2;1;
202000012269;154 720 685;C01;1;7;0;2;4;2;1;
202000012269;154 720 686;B01;1;7;0;2;4;2;1;
202000012269;154 720 687;A01;1;7;0;2;1;2;2;
202000012270;154 720 683;A01;0;7;0;1;4;26;1;
202000012271;154 720 682;A01;3;33;6;0;1;0;1;
202000012272;154 720 680;A01;1;30;0;2;7;1;1;
202000012272;154 720 681;Z01;1;0;0;2;0;0;0;
202000012273;154 720 678;A01;1;7;0;2;8;26;1;
202000012273;154 720 679;B01;1;30;0;2;1;1;1;
202000012274;154 720 676;A01;1;7;0;2;6;11;1;
202000012274;154 720 677;B01;1;33;0;2;1;3;1;
202000012275;154 720 675;A01;2;3;11;0;3;13;1;
202000012276;154 720 673;B01;1;7;0;2;5;23;1;
202000012276;154 720 674;A01;1;30;0;2;1;1;0;
202000012277;154 720 672;A01;1;7;0;1;1;1;1;
202000012278;154 720 670;A01;2;7;0;2;4;4;1;
202000012278;154 720 671;B01;2;1;0;2;1;23;5;
202000012279;154 720 668;A01;1;7;0;2;6;24;1;
202000012279;154 720 669;B01;1;1;0;2;1;1;5;
202000012280;154 720 666;B01;1;2;0;2;1;17;1;
202000012280;154 720 667;A01;1;7;0;2;3;23;2;
202000012281;154 720 665;A01;2;33;0;0;8;1;1;
202000012282;154 720 664;A01;1;7;0;1;4;20;1;
202000012283;154 720 663;A01;0;30;0;0;0;1;0;
202000012284;154 720 662;A01;2;10;4;0;1;1;1;
202000012285;154 720 661;A01;2;30;0;0;3;26;0;
202000012286;154 720 660;A01;3;7;0;1;5;4;1;
202000012287;154 720 658;A01;1;7;0;2;3;19;0;
202000012287;154 720 659;B01;1;7;0;0;5;1;3;
202000012288;154 720 656;A01;1;33;0;0;4;26;1;
202000012288;154 720 657;B01;1;7;0;2;1;26;1;
202000012289;154 720 655;A01;1;7;0;1;1;15;6;
202000012290;154 720 653;B01;1;7;0;2;1;1;1;
202000012290;154 720 654;A01;2;7;0;2;1;13;1;
202000012291;154 720 651;A01;1;7;0;2;1;0;1;
202000012291;154 720 652;B01;2;7;0;2;1;0;1;
202000012292;154 720 649;A01;1;7;0;2;1;2;1;
202000012292;154 720 650;B01;1;7;0;2;4;2;1;
202000012293;154 720 648;A01;1;7;2;0;3;0;1;
202000012294;154 720 647;A01;3;7;0;1;2;1;0;
202000012295;154 720 645;B01;1;7;0;2;2;1;1;
202000012295;154 720 646;A01;0;2;0;2;1;15;1;
202000012296;154 720 644;A01;1;7;2;0;1;14;1;
202000012297;154 720 641;B01;1;7;0;2;1;1;1;
202000012297;154 720 642;A01;2;7;0;2;2;15;1;
202000012298;154 720 638;A01;0;7;0;2;2;9;0;
202000012298;154 720 639;B01;0;7;1;2;3;1;0;
202000012298;154 720 640;D01;-1;7;0;0;-1;23;-1;
202000012299;154 720 637;A01;2;7;0;1;1;19;1;
202000012300;154 720 635;B01;2;7;0;2;2;1;1;
202000012300;154 720 636;A01;2;7;0;2;1;26;1;
202000012301;154 720 634;A01;1;7;0;1;1;1;1;
202000012302;154 720 632;A01;1;7;0;2;3;13;1;
202000012302;154 720 633;B01;2;7;0;0;3;1;1;
202000012303;154 720 629;C01;2;7;1;0;1;1;1;
202000012303;154 720 630;A01;2;7;0;2;1;2;1;
202000012303;154 720 631;B01;2;7;0;0;4;2;1;
202000012304;154 720 627;B01;1;17;0;0;4;1;1;
202000012304;154 720 628;A01;1;7;3;2;1;2;1;
202000012305;154 720 626;A01;2;2;0;0;0;13;1;
202000012306;154 720 625;A01;0;7;0;0;0;0;1;
202000012307;154 720 623;B01;1;7;13;0;4;1;1;
202000012307;154 720 624;A01;1;7;0;2;2;14;1;
202000012308;154 720 622;A01;2;7;15;0;2;1;1;
202000012309;154 720 620;A01;1;7;0;2;2;26;1;
202000012309;154 720 621;B01;2;7;0;2;1;1;1;
202000012310;154 720 619;A01;3;31;0;0;0;0;0;
202000012311;154 720 618;A01;2;80;6;1;1;1;3;
202000012312;154 720 616;A01;1;7;8;0;1;14;0;
202000012313;154 720 615;A01;2;7;0;1;3;15;1;
202000012314;154 720 612;A01;2;7;0;2;3;17;1;
202000012314;154 720 613;B01;2;7;0;2;3;1;1;
202000012314;154 720 614;C01;1;7;0;2;3;1;1;
202000012315;154 720 610;B01;3;50;0;2;4;2;3;
202000012315;154 720 611;A01;3;13;0;9;2;2;0;
202000012316;154 720 609;A01;2;10;0;1;2;0;1;
202000012317;154 720 607;B01;2;7;0;2;3;1;1;
202000012317;154 720 608;A01;1;7;7;2;2;13;1;
202000012318;154 720 606;A01;0;7;0;1;1;15;1;
202000012319;154 720 605;A01;3;7;6;0;3;1;1;
202000012320;154 720 603;A01;2;7;0;2;6;19;1;
202000012320;154 720 604;B01;2;2;0;2;1;1;1;
202000012321;154 720 602;A01;1;7;6;0;2;14;1;
202000012322;154 720 599;B01;1;7;0;2;2;2;1;
202000012322;154 720 600;C01;1;7;1;0;3;2;1;
202000012322;154 720 601;A01;1;7;0;2;4;1;1;
202000012323;154 720 598;A01;2;7;0;5;1;1;1;
202000012324;154 720 596;A01;2;33;0;2;1;1;1;
202000012324;154 720 597;B01;0;7;0;2;6;1;1;
202000012325;154 720 595;A01;2;7;4;0;1;1;1;
202000012326;154 720 593;B01;2;7;3;2;6;2;1;
202000012326;154 720 594;A01;2;7;4;2;3;1;1;
202000012327;154 720 592;A01;1;7;16;0;0;21;1;
202000012328;154 720 590;B01;0;1;0;1;0;0;5;
202000012328;154 720 591;A01;0;50;0;1;1;21;3;
202000012329;154 720 589;A01;1;7;0;0;0;1;0;
202000012330;154 720 588;A01;3;7;0;1;4;4;1;
202000012331;154 720 587;A01;0;7;4;0;2;15;0;
202000012332;154 720 585;Z01;1;7;0;0;0;0;0;
202000012332;154 720 586;B01;1;2;3;2;0;1;1;
202000012333;154 720 583;A01;1;7;1;0;1;14;1;
202000012333;154 720 584;B01;1;7;0;2;8;23;1;
202000012334;154 720 582;A01;1;7;8;0;1;0;1;
202000012335;154 720 580;B01;1;7;0;2;1;1;1;
202000012335;154 720 581;A01;2;7;0;2;1;26;1;
202000012336;154 720 578;A01;1;30;0;2;1;17;1;
202000012336;154 720 579;B01;1;7;0;2;6;1;1;
202000012337;154 720 576;A01;2;2;0;2;8;17;1;
202000012337;154 720 577;B01;2;7;0;2;8;1;1;
202000012338;154 720 574;B01;1;30;0;2;1;1;1;
202000012338;154 720 575;A01;1;7;0;2;1;26;1;
202000012339;154 720 573;A01;2;7;1;1;1;1;1;
202000012340;154 720 570;C01;2;7;0;2;3;1;1;
202000012340;154 720 571;B01;1;7;0;2;6;2;1;
202000012340;154 720 572;A01;1;31;0;2;1;2;1;
202000012341;154 720 568;A01;3;34;0;2;1;1;1;
202000012341;154 720 569;B01;3;7;0;2;6;11;1;
202000012342;154 720 566;A01;3;7;0;2;7;2;1;
202000012342;154 720 567;B01;3;7;0;2;1;2;1;
202000012343;154 720 563;A01;2;7;0;2;1;1;1;
202000012343;154 720 564;B01;2;7;0;2;4;1;1;
202000012343;154 720 565;C01;2;7;0;2;4;1;0;
202000012344;154 720 561;B01;1;7;0;2;1;1;1;
202000012344;154 720 562;A01;1;33;0;2;1;1;1;
202000012345;154 720 559;B01;1;7;0;2;1;1;1;
202000012345;154 720 560;A01;3;7;0;2;1;15;1;
202000012346;154 720 557;B01;2;2;0;2;7;1;1;
202000012346;154 720 558;A01;1;7;0;2;1;16;1;
202000012347;154 720 555;B01;1;10;0;2;7;16;1;
202000012347;154 720 556;A01;1;30;0;2;1;16;1;
202000012348;154 720 554;A01;2;30;0;2;7;21;1;
202000012349;154 720 552;B01;3;7;14;0;0;0;1;
202000012349;154 720 553;A01;1;50;1;0;4;25;3;
202000012350;154 720 549;A01;2;7;0;2;1;1;1;
202000012350;154 720 550;B01;2;7;0;2;2;1;1;
202000012350;154 720 551;C01;2;7;0;2;1;1;1;
202000012351;154 720 546;A01;1;7;0;2;1;2;1;
202000012351;154 720 547;B01;1;7;0;2;4;2;1;
202000012351;154 720 548;C01;1;7;16;0;4;2;1;
202000012352;154 720 544;A01;2;0;0;2;1;1;0;
202000012352;154 720 545;B01;1;2;0;2;7;1;3;
202000012353;154 720 543;A01;1;7;0;1;2;1;1;
202000012354;154 720 541;A01;2;7;0;2;3;1;1;
202000012354;154 720 542;B01;1;10;0;2;3;15;1;
202000012355;154 720 539;A01;2;7;0;2;3;1;1;
202000012355;154 720 540;B01;1;7;0;2;3;15;1;
202000012356;154 720 537;B01;1;7;1;2;1;2;1;
202000012356;154 720 538;A01;1;7;2;2;1;26;1;
202000012357;154 720 536;A01;1;7;0;1;3;1;1;
202000012358;154 720 534;A01;1;10;0;9;0;15;1;
202000012358;154 720 535;B01;2;1;0;2;2;1;5;
202000012359;154 720 533;A01;2;80;0;0;0;1;3;
202000012360;154 720 531;B01;0;10;0;2;6;24;1;
202000012360;154 720 532;A01;1;3;1;0;1;1;1;
202000012361;154 720 530;A01;1;10;0;1;1;1;1;
202000012362;154 720 527;B01;3;7;0;2;1;13;1;
202000012362;154 720 528;A01;3;7;0;2;3;21;1;
202000012363;154 720 525;B01;1;10;0;2;3;1;1;
202000012363;154 720 526;A01;2;32;0;2;1;1;1;
202000012364;154 720 524;A01;2;10;0;1;2;21;1;
202000012365;154 720 522;A01;2;7;0;2;4;23;1;
202000012365;154 720 523;B01;2;10;14;0;1;2;1;
202000012366;154 720 521;A01;2;7;0;1;2;1;1;
202000012367;154 720 520;A01;2;10;0;1;2;1;1;
202000012368;154 720 518;A01;1;30;0;2;1;2;1;
202000012368;154 720 519;B01;2;7;0;2;4;2;1;
202000012369;154 720 517;A01;1;7;0;1;3;1;1;
202000012370;154 720 516;A01;3;10;0;1;2;1;1;
202000012371;154 720 513;A01;0;7;0;2;1;1;1;
202000012371;154 720 514;B01;0;7;0;2;9;23;1;
202000012371;154 720 515;C01;0;7;0;2;4;23;1;
202000012372;154 720 512;A01;3;33;13;0;1;1;1;
202000012373;154 720 511;A01;1;7;2;0;1;26;1;
202000012374;154 720 507;A01;1;30;0;2;1;17;1;
202000012374;154 720 508;B01;1;7;0;2;5;0;1;
202000012375;154 720 503;B01;3;7;0;2;1;19;1;
202000012375;154 720 504;A01;3;32;0;2;1;1;1;
202000012376;154 720 501;B01;1;7;0;2;1;1;1;
202000012376;154 720 502;A01;1;7;0;2;2;1;1;
202000012377;154 720 499;B01;2;1;0;2;2;1;5;
202000012377;154 720 500;A01;1;32;0;2;1;5;1;
202000012378;154 720 497;B01;0;7;0;2;6;1;1;
202000012378;154 720 498;A01;0;7;0;2;1;0;1;
202000012379;154 720 495;B01;0;7;0;2;6;15;0;
202000012379;154 720 496;A01;0;2;0;2;1;17;1;
202000012380;154 720 493;A01;1;7;0;2;3;15;1;
202000012380;154 720 494;B01;2;30;0;2;1;1;1;
202000012381;154 720 491;A01;1;7;0;2;3;9;1;
202000012381;154 720 492;B01;1;1;0;2;7;1;5;
202000012382;154 720 489;B01;3;7;4;0;4;1;1;
202000012382;154 720 490;A01;3;7;0;2;3;2;1;
202000012383;154 720 488;A01;1;30;0;0;0;1;1;
202000012384;154 720 485;C01;2;16;0;2;3;0;1;
202000012384;154 720 486;A01;2;7;0;2;3;13;1;
202000012384;154 720 487;B01;1;7;0;2;1;0;1;
202000012385;154 720 484;A01;3;31;0;0;0;0;1;
202000012386;154 720 483;A01;0;7;0;1;4;20;1;
202000012387;154 720 480;B01;2;7;0;2;4;2;1;
202000012387;154 720 481;A01;2;7;0;2;1;2;1;
202000012387;154 720 482;C01;2;7;0;2;4;2;1;
202000012388;154 720 478;A01;3;30;0;2;8;11;1;
202000012388;154 720 479;B01;3;7;0;2;7;1;1;
202000012389;154 720 477;A01;2;7;0;1;0;16;1;
202000012390;154 720 475;A01;2;7;0;2;1;26;1;
202000012390;154 720 476;B01;2;33;0;2;4;1;1;
202000012391;154 720 473;A01;1;7;0;2;3;13;2;
202000012391;154 720 474;B01;2;37;0;2;3;1;1;1
202000012392;154 720 472;A01;2;7;1;0;2;1;1;
202000012393;154 720 470;B01;3;31;0;2;8;1;1;
202000012393;154 720 471;A01;3;7;0;2;3;13;1;
202000012394;154 720 468;A01;2;7;0;2;2;15;1;
202000012394;154 720 469;B01;1;7;0;2;1;1;1;
202000012395;154 720 466;A01;1;33;0;2;2;12;1;
202000012395;154 720 467;B01;1;7;0;2;6;1;1;
202000012396;154 720 464;A01;3;1;0;2;1;25;5;
202000012396;154 720 465;B01;3;1;0;2;2;1;5;
202000012397;154 720 462;A01;2;7;1;0;1;15;1;
202000012397;154 720 463;B01;2;7;0;2;8;24;1;
202000012398;154 720 460;A01;2;7;0;2;1;2;1;
202000012398;154 720 461;B01;2;7;0;2;4;1;2;
202000012399;154 720 458;B01;3;7;0;2;1;0;1;
202000012399;154 720 459;A01;3;10;0;1;7;9;1;
202000012400;154 720 454;A01;2;10;0;2;1;26;1;
202000012400;154 720 455;B01;2;7;0;2;4;0;1;
202000012400;154 720 456;C01;2;7;0;0;4;0;1;
202000012400;154 720 457;D01;2;7;0;0;4;0;1;
202000012401;154 720 453;A01;1;7;8;0;3;13;1;
202000012402;154 720 451;B01;2;2;0;2;1;1;1;
202000012402;154 720 452;A01;2;7;0;2;3;20;1;
202000012403;154 720 449;A01;3;7;0;2;2;16;1;
202000012403;154 720 450;B01;3;60;0;2;8;2;5;
202000012404;154 720 447;Z01;3;1;0;2;4;0;5;
202000012404;154 720 448;A01;3;7;0;9;1;0;1;
202000012405;154 720 445;A01;1;14;1;0;1;1;1;
202000012405;154 720 446;B01;1;7;0;2;4;23;1;
202000012406;154 720 443;A01;0;7;0;2;5;15;1;
202000012406;154 720 444;B01;0;33;0;2;1;1;1;
202000012407;154 720 441;A01;2;7;0;2;3;26;0;