num_acc;id_vehicule;num_veh;senc;catv;obs;obsm;choc;manv;motor;occutc
202000012407;154 720 442;Z01;2;7;0;2;3;13;0;
202000012408;154 720 439;A01;1;7;0;2;2;15;1;
202000012408;154 720 440;B01;2;32;0;2;1;1;1;
202000012409;154 720 437;B01;2;7;9;2;1;2;1;
202000012409;154 720 438;Z01;1;7;0;2;2;15;1;
202000012410;154 720 435;B01;1;7;0;2;3;26;1;
202000012410;154 720 436;A01;2;7;0;2;1;19;1;
202000012411;154 720 433;A01;1;7;0;2;1;1;1;
202000012411;154 720 434;B01;1;7;0;2;4;23;1;
202000012412;154 720 431;A01;2;34;0;2;1;1;1;
202000012412;154 720 432;B01;2;10;0;1;1;1;1;
202000012413;154 720 430;A01;2;2;12;0;1;1;6;
202000012414;154 720 429;A01;1;7;13;0;2;0;0;
202000012415;154 720 427;A01;2;30;0;2;1;26;1;
202000012415;154 720 428;B01;1;7;0;2;3;1;0;
202000012416;154 720 425;A01;3;31;0;1;3;1;3;
202000012417;154 720 423;B01;1;10;0;2;8;1;1;
202000012417;154 720 424;A01;2;43;0;2;1;1;1;
202000012418;154 720 422;A01;1;31;0;0;0;1;1;
202000012419;154 720 421;A01;1;30;1;0;3;13;1;
202000012420;154 720 420;A01;1;33;0;1;1;21;1;
202000012421;154 720 418;B01;1;33;0;2;1;1;1;
202000012421;154 720 419;A01;2;7;0;2;6;15;1;
202000012422;154 720 416;B01;1;30;0;2;3;1;1;
202000012422;154 720 417;A01;1;30;0;2;3;16;1;
202000012423;154 720 414;B01;1;7;0;2;2;16;1;
202000012423;154 720 415;A01;1;31;0;2;3;18;1;
202000012424;154 720 412;A01;1;32;0;2;1;17;1;
202000012424;154 720 413;B01;1;7;0;2;3;1;1;
202000012425;154 720 411;A01;3;31;0;0;0;1;1;
202000012426;154 720 409;A01;2;32;0;2;7;2;1;
202000012426;154 720 410;B01;2;10;0;2;6;23;1;
202000012427;154 720 407;A01;1;31;0;2;8;1;1;
202000012427;154 720 408;B01;1;7;0;2;2;17;1;
202000012428;154 720 405;A01;2;1;0;2;2;16;5;
202000012428;154 720 406;B01;2;33;0;2;3;1;1;
202000012429;154 720 404;A01;1;32;0;1;1;1;1;
202000012430;154 720 402;Z01;2;7;0;2;1;2;1;
202000012430;154 720 403;A01;2;33;0;2;4;23;1;
202000012431;154 720 401;A01;3;32;12;0;1;13;1;
202000012432;154 720 399;B01;1;10;0;2;4;2;1;
202000012432;154 720 400;A01;1;7;0;2;1;2;1;
202000012433;154 720 398;A01;3;10;0;1;1;1;1;
202000012434;154 720 396;B01;1;34;0;2;1;2;1;
202000012434;154 720 397;A01;1;10;0;2;6;11;1;
202000012435;154 720 395;A01;1;33;12;0;2;1;1;
202000012436;154 720 393;A01;1;7;0;2;3;20;1;
202000012436;154 720 394;B01;1;7;0;2;2;1;1;
202000012437;154 720 391;B01;2;50;0;2;1;5;3;
202000012437;154 720 392;A01;2;1;0;2;1;1;5;
202000012438;154 720 390;A01;0;7;0;1;2;26;1;
202000012439;154 720 389;A01;0;1;0;2;0;26;5;
202000012440;154 720 387;A01;1;7;0;2;5;15;1;
202000012440;154 720 388;B01;2;2;0;2;1;16;1;
202000012441;154 720 385;A01;3;7;0;2;6;15;1;
202000012441;154 720 386;B01;1;1;0;2;1;2;5;
202000012442;154 720 384;A01;1;7;0;1;2;1;1;
202000012443;154 720 383;A01;1;7;0;1;1;2;1;
202000012444;154 720 382;A01;2;34;1;0;0;1;1;
202000012445;154 720 380;A01;2;33;0;2;1;1;1;
202000012445;154 720 381;B01;0;60;0;2;3;1;5;
202000012446;154 720 378;A01;3;32;0;2;1;1;1;
202000012446;154 720 379;B01;3;7;0;2;2;15;1;
202000012447;154 720 375;A01;3;10;0;2;4;24;1;
202000012447;154 720 376;B01;3;10;0;2;2;1;1;
202000012447;154 720 377;C01;3;50;0;2;1;2;3;
202000012448;154 720 373;B01;2;2;0;2;1;1;1;
202000012448;154 720 374;A01;1;7;0;2;1;5;1;
202000012449;154 720 371;B01;1;80;0;2;4;17;3;
202000012449;154 720 372;A01;1;7;0;2;3;16;3;
202000012450;154 720 370;A01;2;7;0;1;1;2;1;
202000012451;154 720 368;A01;2;7;0;2;3;9;1;
202000012451;154 720 369;B01;3;33;0;2;1;1;1;
202000012452;154 720 366;A01;2;1;0;2;0;0;0;
202000012452;154 720 367;B01;2;2;0;9;0;17;1;
202000012453;154 720 365;A01;2;7;0;1;1;17;1;
202000012454;154 720 364;A01;1;7;3;0;5;1;1;
202000012455;154 720 362;A01;2;33;0;2;1;1;0;
202000012455;154 720 363;B01;1;7;0;2;2;15;0;
202000012456;154 720 361;A01;1;7;0;1;4;20;1;
202000012457;154 720 359;B01;2;10;0;2;1;1;1;
202000012457;154 720 360;A01;3;7;0;0;3;15;1;
202000012458;154 720 357;A01;3;15;0;2;1;1;1;
202000012458;154 720 358;B01;3;2;0;2;7;15;1;
202000012459;154 720 354;A01;3;7;17;0;1;1;1;
202000012460;154 720 352;A01;1;7;0;2;1;15;1;
202000012460;154 720 353;B01;1;33;0;2;7;1;1;
202000012461;154 720 350;A01;1;7;0;9;1;1;1;
202000012461;154 720 351;B01;2;1;0;2;1;5;5;
202000012462;154 720 349;A01;1;7;8;0;1;21;1;
202000012463;154 720 348;A01;1;7;0;1;1;1;1;
202000012464;154 720 347;A01;1;7;17;0;1;1;1;
202000012465;154 720 345;B01;1;15;0;2;3;1;1;
202000012465;154 720 346;A01;2;7;0;2;8;1;1;
202000012466;154 720 344;A01;2;7;2;0;7;1;1;
202000012467;154 720 342;A01;2;7;0;2;1;13;1;
202000012467;154 720 343;B01;1;7;0;2;1;1;1;
202000012468;154 720 341;A01;3;7;8;0;1;1;1;
202000012469;154 720 339;B01;2;7;0;2;3;1;1;
202000012469;154 720 340;A01;3;38;0;0;7;26;1;1
202000012470;154 720 338;A01;1;7;0;1;7;1;1;
202000012471;154 720 336;A01;1;7;0;2;3;1;1;
202000012471;154 720 337;B01;2;1;0;2;7;1;5;
202000012472;154 720 334;B01;3;10;0;2;8;19;1;
202000012472;154 720 335;A01;1;31;0;2;2;1;1;
202000012473;154 720 332;A01;1;2;0;2;1;15;1;
202000012473;154 720 333;B01;2;7;0;2;2;1;1;
202000012474;154 720 330;B01;1;17;0;0;6;2;1;
202000012474;154 720 331;A01;1;7;0;2;1;2;1;
202000012475;154 720 329;A01;1;7;0;0;1;1;0;
202000012476;154 720 328;A01;0;33;0;0;0;0;0;
202000012477;154 720 327;A01;1;10;0;1;1;1;1;
202000012478;154 720 325;B01;1;7;0;2;2;1;1;
202000012478;154 720 326;A01;1;7;0;2;8;19;1;
202000012479;154 720 324;A01;2;7;0;1;4;26;1;
202000012480;154 720 322;A01;1;7;0;2;5;15;1;
202000012480;154 720 323;B01;2;30;0;2;1;1;1;
202000012481;154 720 320;A01;1;7;0;2;1;13;1;
202000012481;154 720 321;B01;2;21;0;2;3;1;1;
202000012482;154 720 318;A01;1;7;6;2;8;1;1;
202000012482;154 720 319;B01;2;7;13;2;2;9;1;
202000012483;154 720 317;A01;0;7;9;0;1;0;1;
202000012484;154 720 315;A01;2;34;0;2;1;3;1;
202000012484;154 720 316;B01;2;7;0;2;6;1;1;
202000012485;154 720 314;A01;2;7;4;0;9;13;1;
202000012486;154 720 312;A01;1;10;0;2;1;1;1;
202000012486;154 720 313;B01;1;10;0;2;5;1;1;
202000012487;154 720 311;A01;2;7;14;0;1;14;1;
202000012488;154 720 309;A01;1;7;0;2;6;2;1;
202000012488;154 720 310;B01;1;33;0;2;1;1;1;
202000012489;154 720 307;A01;1;33;0;2;7;1;1;
202000012489;154 720 308;B01;1;7;0;2;8;1;1;
202000012490;154 720 305;A01;3;7;0;2;2;1;1;
202000012490;154 720 306;B01;2;7;0;2;3;1;1;
202000012491;154 720 304;A01;1;2;0;1;2;14;0;
202000012492;154 720 302;B01;1;32;0;2;7;17;1;
202000012492;154 720 303;A01;2;7;0;2;3;15;1;
202000012493;154 720 301;A01;1;50;0;1;2;1;3;
202000012494;154 720 299;A01;1;7;0;2;1;2;1;
202000012494;154 720 300;B01;1;7;0;2;5;2;1;
202000012495;154 720 297;A01;2;1;0;2;1;13;5;
202000012495;154 720 298;B01;1;7;0;2;1;1;1;
202000012496;154 720 295;B01;3;7;1;2;4;20;1;
202000012496;154 720 296;A01;3;38;0;2;1;1;1;1
202000012497;154 720 294;A01;2;3;0;1;3;1;6;
202000012498;154 720 293;A01;3;7;0;1;2;26;1;
202000012499;154 720 292;A01;1;7;0;1;1;15;1;
202000012500;154 720 291;A01;3;7;0;1;3;1;1;
202000012501;154 720 289;B01;1;7;0;2;6;15;1;
202000012501;154 720 290;A01;1;31;0;2;8;17;6;
202000012502;154 720 288;A01;2;10;0;1;1;1;1;
202000012503;154 720 286;A01;3;10;0;2;3;1;1;
202000012503;154 720 287;B01;1;32;0;2;1;1;1;
202000012504;154 720 283;C01;3;7;0;2;6;24;1;
202000012504;154 720 284;B01;3;7;0;2;3;20;1;
202000012504;154 720 285;A01;3;7;0;2;2;1;2;
202000012505;154 720 282;A01;3;7;8;0;1;13;1;
202000012506;154 720 278;D01;3;7;0;0;6;1;1;
202000012506;154 720 279;C01;3;7;0;2;1;1;1;
202000012506;154 720 280;B01;3;7;0;2;1;1;1;
202000012506;154 720 281;A01;3;7;0;2;1;1;1;
202000012507;154 720 277;A01;1;35;0;1;1;14;1;
202000012508;154 720 275;A01;1;7;0;2;1;2;1;
202000012508;154 720 276;B01;2;7;0;2;4;2;1;
202000012509;154 720 274;A01;1;50;0;0;1;14;3;
202000012510;154 720 272;A01;1;7;0;2;3;9;1;
202000012510;154 720 273;B01;2;1;0;2;7;1;5;
202000012511;154 720 270;A01;2;2;0;2;1;1;1;
202000012511;154 720 271;B01;2;7;0;2;3;15;1;
202000012512;154 720 269;A01;2;7;0;1;3;1;1;
202000012513;154 720 266;A01;1;7;0;1;2;1;1;
202000012514;154 720 265;A01;2;33;0;1;1;2;1;
202000012515;154 720 263;A01;1;7;0;9;2;2;1;
202000012515;154 720 264;B01;2;1;0;2;4;19;5;
202000012516;154 720 261;A01;1;7;0;2;6;1;1;
202000012516;154 720 262;B01;1;2;0;2;1;1;0;
202000012517;154 720 260;A01;2;7;8;0;3;26;1;
202000012518;154 720 258;A01;2;1;0;2;2;1;5;
202000012518;154 720 259;B01;1;37;0;2;3;15;1;1
202000012519;154 720 256;B01;1;7;0;2;4;2;1;
202000012519;154 720 257;A01;1;7;0;2;1;2;1;
202000012520;154 720 254;A01;3;7;0;2;0;9;0;
202000012520;154 720 255;B01;1;33;0;2;0;21;1;
202000012521;154 720 252;B01;1;7;0;2;1;1;1;
202000012521;154 720 253;A01;1;7;0;2;7;19;1;
202000012522;154 720 250;A01;2;7;0;2;3;10;1;
202000012522;154 720 251;B01;2;33;0;2;1;2;1;
202000012523;154 720 249;A01;2;7;12;0;7;9;1;
202000012524;154 720 246;C01;2;7;0;2;4;1;1;
202000012524;154 720 247;B01;2;7;0;2;4;1;1;
202000012524;154 720 248;A01;2;10;0;2;1;1;1;
202000012525;154 720 244;B01;1;30;0;2;1;1;1;
202000012525;154 720 245;A01;2;7;0;2;3;9;1;
202000012526;154 720 243;A01;3;10;0;1;3;15;1;
202000012527;154 720 242;A01;1;7;1;0;2;14;1;
202000012528;154 720 240;B01;0;10;0;2;1;1;1;
202000012528;154 720 241;A01;0;7;0;2;7;1;1;
202000012529;154 720 238;B01;0;7;0;2;2;1;1;
202000012529;154 720 239;A01;0;7;0;2;6;9;1;
202000012530;154 720 233;A01;3;7;1;0;1;1;1;
202000012531;154 720 232;A01;3;30;9;0;2;1;1;
202000012532;154 720 231;A01;3;7;0;1;1;1;1;
202000012533;154 720 229;B01;0;7;0;2;8;1;0;
202000012533;154 720 230;A01;2;7;0;2;1;19;1;
202000012534;154 720 227;A01;3;7;12;0;3;11;0;
202000012534;154 720 228;B01;3;7;0;2;3;1;0;
202000012535;154 720 226;A01;3;10;0;1;1;26;1;
202000012536;154 720 224;A01;2;30;0;2;1;2;1;
202000012536;154 720 225;B01;2;7;0;2;5;2;1;
202000012537;154 720 223;A01;3;7;0;1;2;1;1;
202000012538;154 720 222;A01;2;1;0;0;1;1;5;
202000012539;154 720 221;A01;2;33;1;0;0;1;1;
202000012540;154 720 220;A01;2;99;6;1;4;4;1;
202000012541;154 720 218;A01;1;30;0;2;2;18;1;
202000012541;154 720 219;B01;1;10;0;2;5;16;1;
202000012542;154 720 216;A01;2;10;0;2;3;15;1;
202000012542;154 720 217;B01;2;50;0;2;7;1;3;
202000012543;154 720 214;A01;1;30;0;2;1;1;1;
202000012543;154 720 215;B01;1;7;0;2;3;1;1;
202000012544;154 720 213;A01;2;7;0;1;2;10;1;
202000012545;154 720 211;B01;1;7;0;2;6;2;1;
202000012545;154 720 212;A01;1;33;0;2;2;17;1;
202000012546;154 720 209;A01;1;33;0;2;2;14;1;
202000012546;154 720 210;B01;1;10;0;2;6;23;1;
202000012547;154 720 207;B01;1;1;0;2;8;1;5;
202000012547;154 720 208;A01;1;7;0;2;4;4;3;
202000012548;154 720 206;A01;1;30;11;0;1;1;3;
202000012549;154 720 204;A01;2;33;0;2;1;18;1;
202000012549;154 720 205;B01;2;7;0;2;5;16;1;
202000012550;154 720 203;A01;1;7;0;1;0;0;0;
202000012551;154 720 202;A01;1;33;12;0;1;1;1;
202000012552;154 720 201;A01;2;7;1;0;1;19;1;
202000012553;154 720 198;A01;1;30;0;2;3;3;1;
202000012553;154 720 199;B01;1;7;0;2;2;1;1;
202000012553;154 720 200;C01;1;10;0;2;3;23;1;
202000012554;154 720 196;A01;3;7;0;2;6;19;1;
202000012554;154 720 197;B01;3;10;0;2;1;0;1;
202000012555;154 720 194;A01;2;7;0;0;3;20;0;
202000012555;154 720 195;B01;2;34;0;2;2;17;0;
202000012556;154 720 192;A01;0;34;0;2;1;0;0;
202000012556;154 720 193;B01;0;1;0;2;3;19;5;
202000012557;154 720 191;A01;1;7;0;1;1;1;1;
202000012558;154 720 190;A01;3;0;0;0;0;26;0;
202000012559;154 720 188;A01;1;32;0;2;7;1;1;
202000012559;154 720 189;Z01;1;7;0;2;1;9;1;
202000012560;154 720 187;A01;1;34;0;1;1;9;1;
202000012561;154 720 185;A01;1;7;0;2;1;17;1;
202000012561;154 720 186;B01;1;2;0;2;7;26;1;
202000012562;154 720 183;A01;0;7;0;0;3;15;1;
202000012562;154 720 184;B01;3;32;0;2;1;1;1;
202000012563;154 720 181;A01;2;30;0;2;1;2;1;
202000012563;154 720 182;B01;2;33;0;2;4;23;1;
202000012564;154 720 179;B01;1;43;0;2;1;1;1;
202000012564;154 720 180;A01;0;7;0;2;7;9;1;
202000012565;154 720 177;A01;0;7;0;2;1;26;1;
202000012565;154 720 178;B01;0;7;0;2;4;0;1;
202000012566;154 720 175;A01;3;7;0;2;2;15;1;
202000012566;154 720 176;B01;3;2;0;2;0;2;1;
202000012567;154 720 173;A01;1;7;6;2;2;11;1;
202000012567;154 720 174;C01;1;7;0;2;3;11;1;
202000012568;154 720 171;A01;1;7;0;2;5;17;1;
202000012568;154 720 172;B01;1;1;0;0;8;1;6;
202000012569;154 720 169;B01;1;15;0;2;4;2;1;
202000012569;154 720 170;A01;1;10;0;2;1;2;0;
202000012570;154 720 168;A01;2;7;16;0;9;1;1;
202000012571;154 720 166;A01;2;2;0;0;0;1;1;
202000012572;154 720 165;A01;2;33;8;0;3;1;1;
202000012573;154 720 164;A01;1;7;3;0;3;17;1;
202000012574;154 720 162;B01;2;15;0;2;3;1;1;
202000012574;154 720 163;A01;1;7;0;2;3;13;1;
202000012575;154 720 160;A01;2;7;0;2;8;17;1;
202000012575;154 720 161;B01;2;33;0;2;7;17;1;
202000012576;154 720 158;B01;2;7;0;2;2;1;1;
202000012576;154 720 159;A01;2;7;0;2;1;9;1;
202000012577;154 720 156;B01;1;1;0;2;1;1;5;
202000012577;154 720 157;A01;2;7;0;9;1;15;1;
202000012578;154 720 155;A01;2;7;6;0;1;1;1;
202000012579;154 720 153;B01;0;7;0;0;6;1;1;
202000012579;154 720 154;A01;1;33;0;2;1;1;1;
202000012580;154 720 152;A01;0;7;0;1;1;1;0;
202000012581;154 720 150;A01;1;7;3;2;1;1;1;
202000012581;154 720 151;B01;2;7;0;2;1;1;1;
202000012582;154 720 148;A01;1;7;0;2;1;1;1;
202000012582;154 720 149;B01;1;21;0;2;3;15;1;
202000012583;154 720 147;A01;1;33;0;6;1;1;1;
202000012584;154 720 146;A01;2;7;0;1;3;1;1;
202000012585;154 720 145;A01;1;1;0;0;0;1;5;
202000012586;154 720 143;B01;3;16;0;2;1;1;1;
202000012586;154 720 144;A01;3;2;0;2;1;1;1;
202000012587;154 720 139;D01;1;7;0;2;4;1;1;
202000012587;154 720 140;A01;1;7;0;2;1;1;1;
202000012587;154 720 141;B01;1;7;0;2;1;1;1;
202000012587;154 720 142;C01;1;7;0;2;1;1;1;
202000012588;154 720 137;A01;2;7;0;2;2;9;1;
202000012588;154 720 138;B01;2;7;0;2;3;1;1;
202000012589;154 720 136;A01;2;7;11;0;2;1;1;
202000012590;154 720 134;B01;1;7;0;2;3;1;1;
202000012590;154 720 135;A01;2;10;0;2;1;13;1;
202000012591;154 720 132;A01;2;7;0;2;3;1;1;
202000012591;154 720 133;B01;2;10;0;0;5;1;1;
202000012592;154 720 130;B01;2;38;0;2;2;1;1;2
202000012592;154 720 131;A01;2;7;0;2;3;19;0;
202000012593;154 720 129;A01;2;7;2;0;5;1;0;
202000012594;154 720 127;B01;1;7;0;0;6;15;1;
202000012594;154 720 128;A01;1;30;0;2;1;17;1;
202000012595;154 720 125;A01;0;7;0;2;1;1;0;
202000012595;154 720 126;B01;0;7;0;2;3;15;0;
202000012596;154 720 124;A01;1;7;13;0;3;17;1;
202000012597;154 720 122;A01;3;7;0;2;7;26;0;
202000012597;154 720 123;B01;3;7;0;2;3;1;0;
202000012598;154 720 120;A01;3;2;0;2;1;13;1;
202000012598;154 720 121;B01;3;7;0;2;2;1;1;
202000012599;154 720 119;A01;1;7;0;1;2;1;1;
202000012600;154 720 117;B01;2;33;0;2;1;21;1;
202000012600;154 720 118;A01;1;7;0;2;3;19;1;
202000012601;154 720 116;A01;2;10;0;1;1;1;1;
202000012602;154 720 115;A01;2;7;4;0;1;14;1;
202000012603;154 720 113;A01;1;32;0;2;1;1;1;
202000012603;154 720 114;B01;1;7;0;2;6;12;1;
202000012604;154 720 110;A01;1;10;0;1;2;1;0;
202000012605;154 720 108;Z01;1;7;0;9;7;2;0;
202000012605;154 720 109;B01;1;1;0;2;8;1;5;
202000012606;154 720 107;A01;3;33;0;0;0;1;1;
202000012607;154 720 106;A01;3;7;0;1;4;4;0;
202000012608;154 720 104;B01;3;14;0;2;2;1;1;
202000012608;154 720 105;A01;3;10;0;2;5;26;1;
202000012609;154 720 102;A01;1;33;0;2;8;14;1;
202000012609;154 720 103;B01;1;7;0;2;1;1;1;
202000012610;154 720 101;A01;1;34;0;1;1;26;1;
202000012611;154 720 098;B01;1;7;0;2;4;21;1;
202000012611;154 720 099;A01;1;7;0;2;4;1;1;
202000012611;154 720 100;C01;1;7;0;2;4;1;1;
202000012612;154 720 096;A01;2;7;0;2;8;1;0;
202000012612;154 720 097;B01;3;33;0;2;1;1;0;
202000012613;154 720 093;A01;3;7;0;2;2;9;1;
202000012613;154 720 094;C01;3;7;0;2;3;23;1;
202000012613;154 720 095;B01;3;7;0;2;6;9;1;
202000012614;154 720 091;B01;1;1;0;2;1;13;0;
202000012614;154 720 092;A01;1;7;0;2;3;1;1;
202000012615;154 720 090;A01;2;7;13;0;1;14;1;
202000012616;154 720 089;A01;1;7;2;0;1;1;0;
202000012617;154 720 086;A01;1;7;0;1;2;1;1;
202000012618;154 720 085;A01;0;7;12;0;3;13;1;
202000012619;154 720 084;A01;1;7;9;0;2;26;1;
202000012620;154 720 082;A01;1;7;0;2;1;2;1;
202000012620;154 720 083;B01;1;10;0;2;4;2;1;
202000012621;154 720 079;A01;2;10;0;1;2;1;1;
202000012622;154 720 077;A01;2;31;0;2;3;21;1;
202000012622;154 720 078;B01;1;7;0;2;2;2;1;
202000012623;154 720 075;B01;0;2;0;2;1;1;1;
202000012623;154 720 076;A01;0;7;0;2;3;9;1;
202000012624;154 720 074;A01;1;7;10;0;1;0;1;
202000012625;154 720 072;A01;1;7;0;2;7;15;1;
202000012625;154 720 073;B01;1;7;0;2;1;1;1;
202000012626;154 720 070;A01;1;30;0;2;8;1;1;
202000012626;154 720 071;Z01;1;7;0;2;7;1;1;
202000012627;154 720 068;B01;1;1;0;2;8;19;5;
202000012627;154 720 069;A01;1;10;0;2;1;1;1;
202000012628;154 720 067;Z01;0;33;0;1;1;1;1;
202000012629;154 720 064;C01;1;7;0;2;1;1;1;
202000012629;154 720 065;B01;1;7;0;2;3;1;1;
202000012629;154 720 066;A01;2;7;0;2;3;13;1;
202000012630;154 720 062;B01;1;7;0;2;4;23;1;
202000012630;154 720 063;A01;1;30;0;2;1;1;1;
202000012631;154 720 061;A01;1;7;13;0;0;14;1;
202000012632;154 720 059;B01;1;14;0;2;6;9;0;
202000012632;154 720 060;A01;1;7;0;2;1;1;0;
202000012633;154 720 058;A01;2;7;0;1;3;1;1;
202000012634;154 720 056;B01;1;1;0;2;8;1;0;
202000012634;154 720 057;A01;1;10;0;2;1;1;1;
202000012635;154 720 054;A01;2;33;1;1;8;5;1;
202000012635;154 720 055;B01;2;33;1;2;1;5;1;
202000012636;154 720 052;A01;2;30;0;2;4;2;1;
202000012636;154 720 053;B01;2;7;0;2;4;23;1;
202000012637;154 720 051;A01;1;10;11;0;1;1;1;
202000012638;154 720 049;B01;2;43;0;2;2;17;1;
202000012638;154 720 050;A01;2;7;0;2;3;15;1;
202000012639;154 720 048;A01;2;1;0;0;8;1;5;
202000012640;154 720 046;A01;1;7;15;2;3;17;1;
202000012640;154 720 047;B01;0;33;15;2;3;15;1;
202000012641;154 720 045;A01;1;7;0;1;2;1;1;
202000012642;154 720 043;A01;1;33;0;2;7;13;0;
202000012642;154 720 044;B01;2;7;0;2;1;15;0;
202000012643;154 720 041;B01;3;7;0;2;3;1;1;
202000012643;154 720 042;A01;3;7;0;2;3;1;1;
202000012644;154 720 039;A01;3;7;0;2;2;15;1;
202000012644;154 720 040;B01;3;33;0;2;8;1;1;
202000012645;154 720 037;B01;1;30;0;2;2;15;1;
202000012645;154 720 038;A01;2;33;0;2;1;1;1;
202000012646;154 720 035;A01;2;7;0;2;2;14;0;
202000012646;154 720 036;B01;2;34;0;2;8;1;0;
202000012647;154 720 034;A01;1;30;0;1;1;21;1;
202000012648;154 720 032;A01;1;7;0;2;2;15;1;
202000012648;154 720 033;B01;2;7;0;2;3;1;1;
202000012649;154 720 031;A01;3;7;1;0;1;13;1;
202000012650;154 720 030;A01;2;7;13;0;1;1;1;
202000012651;154 720 028;B01;3;7;0;2;5;9;1;
202000012651;154 720 029;A01;2;7;13;0;3;1;1;
202000012652;154 720 025;A01;1;7;0;2;1;5;1;
202000012652;154 720 026;B01;2;7;0;2;7;21;1;
202000012652;154 720 027;C01;2;7;0;2;1;1;1;
202000012653;154 720 023;B01;1;2;0;2;4;2;1;
202000012653;154 720 024;A01;1;10;0;2;2;12;1;
202000012654;154 720 021;B01;1;7;0;2;2;1;0;
202000012654;154 720 022;A01;2;33;0;2;1;13;1;
202000012655;154 720 020;A01;2;7;6;0;8;1;1;
202000012656;154 720 018;A01;2;7;0;2;3;15;1;
202000012656;154 720 019;B01;1;2;0;2;1;1;1;
202000012657;154 720 017;A01;1;2;0;0;8;1;1;
202000012658;154 720 016;A01;1;7;15;0;0;14;1;
202000012659;154 720 014;A01;1;2;0;2;1;1;0;
202000012659;154 720 015;B01;1;7;0;0;5;23;0;
202000012660;154 720 013;A01;2;17;8;0;7;14;1;
202000012661;154 720 011;B01;1;2;0;2;7;26;1;
202000012661;154 720 012;A01;2;7;0;9;2;15;1;
202000012662;154 720 010;A01;2;7;6;0;2;14;1;
202000012663;154 720 008;A01;2;7;0;2;3;15;1;
202000012663;154 720 009;B01;1;7;0;2;2;1;2;
202000012664;154 720 006;B01;2;33;0;2;7;1;1;
202000012664;154 720 007;A01;2;7;0;2;3;9;1;
202000012665;154 720 005;A01;3;99;16;0;1;1;1;
202000012666;154 720 004;A01;3;7;13;0;3;1;1;
202000012667;154 720 003;A01;1;7;2;0;3;1;1;
202000012668;154 720 002;A01;1;33;8;0;7;1;1;
202000012669;154 720 000;B01;1;10;0;0;4;1;1;
202000012669;154 720 001;A01;1;7;0;2;1;17;1;
202000012670;154 719 999;A01;2;33;4;0;2;17;1;
202000012671;154 719 998;A01;2;7;3;0;3;0;0;
202000012672;154 719 996;A01;1;2;0;2;1;2;1;
202000012672;154 719 997;B01;1;7;0;0;6;2;0;
202000012673;154 719 995;A01;3;33;0;0;0;1;1;
202000012674;154 719 993;A01;2;33;0;2;3;13;1;
202000012674;154 719 994;B01;1;7;0;2;6;1;1;
202000012675;154 719 991;A01;1;10;15;0;7;1;1;
202000012675;154 719 992;B01;3;10;0;2;1;16;1;
202000012676;154 719 989;B01;2;10;0;2;6;1;1;
202000012676;154 719 990;A01;2;33;0;2;1;2;1;
202000012677;154 719 987;A01;2;7;0;2;1;13;1;
202000012677;154 719 988;B01;1;7;0;2;1;1;1;
202000012678;154 719 985;B01;2;14;0;2;3;1;1;
202000012678;154 719 986;A01;1;2;0;2;1;16;1;
202000012679;154 719 983;A01;2;1;0;0;2;0;5;
202000012680;154 719 980;C01;0;10;0;2;1;1;1;
202000012680;154 719 981;B01;0;1;0;2;1;15;5;
202000012680;154 719 982;A01;0;1;0;2;1;14;5;
202000012681;154 719 978;B01;1;7;0;2;6;9;1;
202000012681;154 719 979;A01;1;33;0;2;2;9;1;
202000012682;154 719 977;A01;3;7;9;0;3;1;1;
202000012683;154 719 976;A01;2;7;4;0;7;14;1;
202000012684;154 719 973;C01;1;7;0;2;0;1;1;
202000012684;154 719 974;B01;1;33;0;2;1;17;1;
202000012684;154 719 975;A01;1;7;0;2;8;0;1;
202000012685;154 719 971;Z01;1;0;0;2;0;2;0;
202000012685;154 719 972;A01;1;7;0;2;4;2;1;
202000012686;154 719 970;A01;1;7;4;0;5;1;1;
202000012687;154 719 969;A01;2;10;3;0;1;13;1;
202000012688;154 719 968;A01;1;7;0;0;9;2;1;
202000012689;154 719 966;A01;1;7;0;2;3;13;1;
202000012689;154 719 967;B01;2;7;0;2;3;13;1;
202000012690;154 719 965;A01;1;30;0;0;7;1;1;
202000012691;154 719 964;A01;2;10;0;1;0;26;1;
202000012692;154 719 962;A01;0;7;0;2;2;15;1;
202000012692;154 719 963;B01;0;7;0;2;1;1;1;
202000012693;154 719 961;A01;1;33;0;1;0;26;0;
202000012694;154 719 959;B01;1;2;0;2;1;1;1;
202000012694;154 719 960;A01;2;7;0;2;1;13;1;
202000012695;154 719 957;B01;3;7;0;2;2;1;0;
202000012695;154 719 958;A01;3;7;0;2;1;15;1;
202000012696;154 719 955;A01;2;7;0;2;1;2;1;
202000012696;154 719 956;B01;2;7;0;2;4;23;1;
202000012697;154 719 953;A01;1;7;0;2;7;1;1;
202000012697;154 719 954;B01;1;1;0;2;4;1;5;
202000012698;154 719 952;A01;1;7;13;5;1;21;1;
202000012699;154 719 950;B01;0;2;0;2;1;9;1;
202000012699;154 719 951;A01;0;7;0;2;1;9;1;
202000012700;154 719 949;Z01;1;7;0;1;1;1;1;
202000012701;154 719 947;B01;1;7;0;2;3;1;1;
202000012701;154 719 948;A01;2;7;0;2;6;13;1;
202000012702;154 719 946;A01;1;43;8;0;1;13;1;