num_acc;id_vehicule;num_veh;senc;catv;obs;obsm;choc;manv;motor;occutc
202000013001;154 719 426;A01;1;7;0;2;1;1;0;
202000013002;154 719 427;A01;1;7;0;2;8;0;1;
202000013002;154 719 429;B01;1;7;0;2;2;0;1;
202000013003;154 719 421;A01;2;7;0;2;1;1;1;
202000013003;154 719 422;B01;2;7;5;0;4;1;1;
202000013004;154 719 420;A01;3;20;0;1;4;4;1;
202000013005;154 719 418;A01;2;7;13;0;1;2;1;
202000013006;154 719 419;A01;1;7;2;0;1;1;1;
202000013007;154 719 415;A01;1;7;4;2;7;12;1;
202000013007;154 719 416;B01;1;10;0;2;2;11;1;
202000013007;154 719 417;C01;1;7;4;2;8;1;1;
202000013008;154 719 413;A01;1;7;0;2;1;17;1;
202000013008;154 719 414;B01;2;32;0;2;1;0;1;
202000013009;154 719 411;A01;1;7;0;2;4;2;1;
202000013009;154 719 412;B01;1;7;0;2;4;2;1;
202000013010;154 719 410;A01;2;7;4;0;0;1;1;
202000013011;154 719 408;B01;2;2;0;2;1;1;1;
202000013011;154 719 409;A01;1;7;0;2;3;9;0;
202000013012;154 719 407;A01;1;7;13;0;1;17;1;
202000013013;154 719 406;A01;1;2;0;0;1;1;1;
202000013014;154 719 403;C01;1;17;0;2;8;1;1;
202000013014;154 719 404;B01;1;7;0;2;1;1;1;
202000013014;154 719 405;A01;1;3;0;2;1;13;1;
202000013015;154 719 401;A01;1;7;17;0;7;1;1;
202000013016;154 719 400;A01;2;7;0;2;5;2;1;
202000013016;154 719 402;B01;2;7;0;2;3;2;1;
202000013017;154 719 398;A01;2;7;0;2;3;0;1;
202000013017;154 719 399;B01;1;7;0;2;3;13;1;
202000013018;154 719 397;A01;2;7;6;0;2;1;1;
202000013019;154 719 394;A01;1;7;4;0;1;0;1;
202000013020;154 719 395;A01;1;7;0;2;3;5;1;
202000013020;154 719 396;B01;2;7;0;2;3;17;1;
202000013021;154 719 393;A01;1;32;6;0;8;17;1;
202000013022;154 719 392;A01;2;7;0;1;1;26;1;
202000013023;154 719 391;A01;2;7;0;0;2;1;1;
202000013024;154 719 390;A01;1;7;10;0;7;1;1;
202000013025;154 719 389;A01;2;7;2;0;1;13;1;
202000013026;154 719 388;A01;2;7;0;1;1;17;1;
202000013027;154 719 386;A01;3;7;2;0;3;14;1;
202000013028;154 719 385;A01;1;7;0;2;1;13;0;
202000013028;154 719 387;B01;2;7;0;2;3;1;6;
202000013029;154 719 383;A01;3;7;0;2;3;13;1;
202000013029;154 719 384;B01;0;7;0;2;3;1;1;
202000013030;154 719 381;A01;3;7;0;0;3;19;1;
202000013030;154 719 382;B01;3;32;0;2;1;21;1;
202000013031;154 719 379;A01;0;7;0;2;5;15;1;
202000013031;154 719 380;B01;3;1;0;2;7;1;0;
202000013032;154 719 377;A01;2;10;0;0;9;14;1;
202000013033;154 719 378;A01;0;32;13;0;7;1;1;
202000013034;154 719 374;A01;3;2;0;1;1;0;1;
202000013035;154 719 371;C01;2;7;0;2;4;1;1;
202000013035;154 719 372;B01;2;7;0;2;4;1;1;
202000013035;154 719 373;A01;2;10;0;2;1;1;0;
202000013036;154 719 375;B01;2;33;0;2;1;17;1;
202000013036;154 719 376;A01;1;7;0;2;7;15;1;
202000013037;154 719 369;A01;3;2;6;0;1;13;1;
202000013038;154 719 367;A01;1;10;2;0;1;0;1;
202000013039;154 719 365;A01;2;33;0;0;0;11;0;
202000013039;154 719 366;B01;2;7;4;0;1;1;1;
202000013040;154 719 363;A01;2;7;0;2;2;1;1;
202000013040;154 719 368;B01;1;7;0;2;2;13;1;
202000013041;154 719 361;B01;1;7;0;2;1;11;1;
202000013041;154 719 362;A01;1;33;0;2;4;1;1;
202000013042;154 719 359;A01;1;10;0;2;3;15;1;
202000013042;154 719 360;B01;2;32;0;2;1;1;1;
202000013043;154 719 358;A01;1;30;6;0;1;0;1;
202000013044;154 719 357;B01;1;7;0;2;6;9;1;
202000013044;154 719 364;A01;2;15;0;2;3;1;1;
202000013045;154 719 356;A01;2;7;0;1;3;1;1;
202000013046;154 719 355;A01;1;7;2;0;7;1;1;
202000013047;154 719 353;A01;2;7;0;1;1;15;1;
202000013048;154 719 351;A01;1;7;6;2;3;5;1;
202000013048;154 719 354;B01;2;7;0;2;2;1;1;
202000013049;154 719 350;B01;2;33;0;2;2;17;1;
202000013049;154 719 352;A01;2;7;0;0;8;15;1;
202000013050;154 719 346;A01;1;7;0;2;7;1;1;
202000013050;154 719 347;B01;1;33;0;2;8;9;1;
202000013051;154 719 345;A01;1;10;4;0;1;26;1;
202000013052;154 719 349;A01;2;7;2;0;1;13;1;
202000013053;154 719 344;A01;1;7;3;0;3;13;1;
202000013054;154 719 343;A01;2;10;3;0;8;13;1;
202000013055;154 719 342;A01;1;7;4;0;1;14;1;
202000013056;154 719 339;A01;1;10;7;0;1;6;1;
202000013057;154 719 337;A01;2;7;0;2;1;5;1;
202000013057;154 719 338;B01;1;10;0;2;1;1;1;
202000013058;154 719 336;A01;1;7;16;0;1;1;1;
202000013059;154 719 335;A01;0;10;0;9;2;2;1;
202000013060;154 719 333;A01;0;7;0;2;3;9;1;
202000013060;154 719 334;B01;0;7;0;2;2;1;1;
202000013061;154 719 331;B01;1;7;0;2;1;1;1;
202000013061;154 719 332;A01;1;10;11;0;3;1;1;
202000013062;154 719 330;A01;1;2;13;0;0;1;1;
202000013063;154 719 327;B01;1;7;0;2;3;1;1;
202000013063;154 719 328;A01;1;7;0;2;3;13;1;
202000013064;154 719 340;B01;1;7;0;2;4;1;1;
202000013064;154 719 341;A01;1;7;0;2;1;2;1;
202000013065;154 719 325;A01;1;10;4;0;2;9;1;
202000013066;154 719 326;A01;1;7;0;1;1;1;6;
202000013067;154 719 322;A01;1;7;0;1;2;1;6;
202000013068;154 719 323;B01;1;7;0;2;4;1;1;
202000013068;154 719 324;A01;1;33;0;2;1;1;1;
202000013069;154 719 319;A01;1;7;4;0;1;13;1;
202000013070;154 719 316;A01;2;7;0;2;8;13;1;
202000013070;154 719 317;B01;1;7;0;2;8;1;1;
202000013071;154 719 315;B01;2;7;0;2;1;2;1;
202000013071;154 719 318;A01;2;7;0;2;4;11;1;
202000013072;154 719 313;B01;1;1;0;2;4;1;5;
202000013072;154 719 314;A01;1;7;0;9;4;1;1;
202000013073;154 719 311;B01;1;7;0;2;3;13;1;
202000013073;154 719 312;A01;2;7;0;2;2;16;1;
202000013074;154 719 309;B01;3;7;0;0;4;1;1;
202000013074;154 719 310;A01;3;7;0;2;1;2;1;
202000013075;154 719 307;B01;1;7;0;2;3;1;1;
202000013075;154 719 308;A01;2;7;0;2;3;1;1;
202000013076;154 719 305;B01;2;7;0;2;5;1;1;
202000013076;154 719 306;A01;2;33;0;2;1;2;1;
202000013077;154 719 303;B01;1;34;0;2;3;1;0;
202000013077;154 719 304;A01;2;7;0;2;3;15;1;
202000013078;154 719 300;B01;1;31;0;2;4;1;0;
202000013078;154 719 302;A01;1;7;0;2;1;1;0;
202000013079;154 719 299;A01;1;7;0;1;1;15;1;
202000013080;154 719 297;A01;3;99;0;2;1;2;1;
202000013080;154 719 298;B01;3;10;0;2;4;15;1;
202000013081;154 719 295;B01;2;7;0;2;4;2;1;
202000013081;154 719 296;A01;2;7;0;2;1;2;1;
202000013082;154 719 293;A01;1;10;0;2;1;9;0;
202000013082;154 719 294;B01;1;1;0;2;8;2;0;
202000013083;154 719 292;Z01;1;7;0;1;0;1;0;
202000013084;154 719 291;A01;1;7;4;0;3;13;1;
202000013085;154 719 301;A01;3;7;0;1;3;20;1;
202000013086;154 719 289;B01;3;3;0;2;4;0;1;
202000013086;154 719 290;A01;3;7;0;2;1;2;1;
202000013087;154 719 288;A01;2;7;0;1;1;1;1;
202000013088;154 719 287;A01;1;7;0;1;1;15;1;
202000013089;154 719 286;A01;1;7;0;1;1;1;0;
202000013090;154 719 283;C01;2;10;0;2;4;2;1;
202000013090;154 719 284;B01;2;7;0;2;4;2;1;
202000013090;154 719 285;A01;2;7;0;2;1;1;1;
202000013091;154 719 282;A01;1;7;8;0;2;14;1;
202000013092;154 719 278;C01;2;14;0;2;1;2;1;
202000013092;154 719 279;B01;1;14;0;2;1;2;1;
202000013092;154 719 280;A01;1;10;0;2;1;1;1;
202000013092;154 719 281;D01;2;33;0;2;3;1;1;
202000013093;154 719 276;B01;1;7;1;0;2;1;1;
202000013093;154 719 277;A01;1;7;0;2;6;23;1;
202000013094;154 719 272;B01;-1;3;0;2;2;1;0;
202000013094;154 719 273;A01;-1;34;0;2;6;2;0;
202000013095;154 719 270;B01;3;7;0;2;6;15;1;
202000013095;154 719 271;A01;3;31;0;2;1;13;1;
202000013096;154 719 268;A01;3;14;0;2;7;14;1;
202000013096;154 719 269;B01;3;1;0;2;8;26;5;
202000013097;154 719 267;A01;1;7;0;1;3;25;1;
202000013098;154 719 265;B01;1;7;0;2;3;9;0;
202000013098;154 719 266;A01;2;7;0;2;1;1;0;
202000013099;154 719 264;A01;1;7;0;1;1;15;1;
202000013100;154 719 262;B01;1;7;0;2;2;1;0;
202000013100;154 719 263;A01;1;7;0;2;6;13;0;
202000013101;154 719 260;B01;3;7;0;2;7;1;1;
202000013101;154 719 261;A01;3;7;0;2;8;11;1;
202000013102;154 719 258;B01;1;7;0;2;1;1;0;
202000013102;154 719 259;A01;2;14;0;2;2;15;0;
202000013103;154 719 256;A01;2;10;0;2;6;1;1;
202000013103;154 719 257;B01;2;33;0;2;0;17;1;
202000013104;154 719 252;B01;3;7;0;2;2;1;1;
202000013104;154 719 253;A01;3;7;0;2;3;15;1;
202000013105;154 719 250;A01;0;7;0;2;1;15;1;
202000013105;154 719 251;B01;0;33;0;2;1;1;1;
202000013106;154 719 248;B01;0;7;0;2;4;1;1;
202000013106;154 719 249;A01;0;7;0;2;1;1;1;
202000013107;154 719 246;B01;0;7;0;2;4;15;1;
202000013107;154 719 247;A01;0;7;0;2;1;1;1;
202000013108;154 719 244;A01;0;7;0;2;3;15;1;
202000013108;154 719 245;B01;0;1;0;2;1;1;5;
202000013109;154 719 242;B01;1;7;0;2;2;1;1;
202000013109;154 719 243;A01;2;32;0;2;1;1;1;
202000013110;154 719 241;A01;3;14;0;1;4;26;1;
202000013111;154 719 240;A01;2;34;0;0;0;1;1;
202000013112;154 719 237;B01;2;7;0;2;6;15;1;
202000013112;154 719 238;A01;2;7;0;2;1;26;1;
202000013112;154 719 239;C01;2;7;0;2;5;15;1;
202000013113;154 719 234;C01;1;7;0;2;1;2;1;
202000013113;154 719 235;A01;1;7;0;2;4;2;1;
202000013113;154 719 236;B01;1;7;0;2;4;2;1;
202000013114;154 719 231;A01;1;7;0;2;2;15;1;
202000013114;154 719 232;B01;2;7;0;2;1;1;1;
202000013114;154 719 233;C01;2;7;0;2;4;23;1;
202000013115;154 719 229;B01;2;30;0;2;2;1;1;
202000013115;154 719 230;A01;2;7;0;2;6;4;1;
202000013116;154 719 227;A01;1;32;0;2;1;2;1;
202000013116;154 719 228;B01;1;7;0;2;4;23;1;
202000013117;154 719 224;C01;2;7;0;2;0;0;1;
202000013117;154 719 225;B01;2;7;0;0;0;0;1;
202000013117;154 719 226;A01;2;7;0;2;4;26;1;
202000013118;154 719 223;A01;1;7;13;0;9;9;1;
202000013119;154 719 219;D01;1;7;0;2;3;1;1;
202000013119;154 719 220;C01;1;10;0;2;8;1;1;
202000013119;154 719 221;B01;1;15;0;2;6;1;1;
202000013119;154 719 222;A01;2;7;0;2;8;13;1;
202000013120;154 719 217;B01;3;7;0;2;4;23;1;
202000013120;154 719 218;A01;3;10;0;2;1;2;1;
202000013121;154 719 216;Z01;0;7;0;1;0;17;0;
202000013122;154 719 215;A01;1;1;0;1;1;1;5;
202000013123;154 719 214;A01;3;7;0;1;4;26;1;
202000013124;154 719 213;A01;1;7;9;0;1;14;1;
202000013125;154 719 210;C01;1;7;0;2;4;1;1;
202000013125;154 719 211;B01;1;7;0;2;4;1;1;
202000013125;154 719 212;A01;1;7;0;2;1;1;1;
202000013126;154 719 207;B01;2;7;0;2;4;2;1;
202000013126;154 719 208;A01;2;7;0;2;1;2;1;
202000013126;154 719 209;C01;2;7;0;2;4;2;1;
202000013127;154 719 206;A01;1;7;13;0;9;13;1;
202000013128;154 719 204;B01;1;33;0;2;1;1;1;
202000013128;154 719 205;A01;2;7;0;2;2;15;1;
202000013129;154 719 203;Z01;2;30;0;1;1;1;1;
202000013130;154 719 202;A01;0;7;9;0;1;1;1;
202000013131;154 719 199;B01;0;10;0;2;4;0;1;
202000013131;154 719 200;C01;0;7;0;2;4;0;1;
202000013131;154 719 201;A01;0;10;0;2;1;26;1;
202000013132;154 719 197;A01;2;7;0;2;3;13;1;
202000013132;154 719 198;B01;1;7;0;2;8;1;1;
202000013133;154 719 196;A01;0;7;0;1;5;26;1;
202000013134;154 719 194;A01;2;7;0;2;4;1;1;
202000013134;154 719 195;Z01;2;7;0;2;1;0;1;
202000013135;154 719 192;A01;3;30;0;2;1;1;1;
202000013135;154 719 193;B01;3;7;0;2;2;15;1;
202000013136;154 719 191;A01;3;7;0;1;3;26;1;
202000013137;154 719 188;C01;1;7;0;0;4;23;1;
202000013137;154 719 189;A01;1;7;0;2;1;26;1;
202000013137;154 719 190;B01;1;7;0;2;4;23;1;
202000013138;154 719 187;A01;1;7;9;0;3;15;1;
202000013139;154 719 186;A01;2;7;0;1;5;4;1;
202000013140;154 719 185;A01;1;33;15;0;1;26;0;
202000013141;154 719 183;A01;1;7;0;2;2;9;1;
202000013141;154 719 184;B01;1;30;0;2;7;1;1;
202000013142;154 719 182;A01;1;7;6;0;1;0;0;
202000013143;154 719 180;A01;3;7;0;2;2;9;0;
202000013143;154 719 181;B01;1;32;0;2;3;1;1;
202000013144;154 719 179;A01;1;33;0;1;2;1;1;
202000013145;154 719 177;A01;1;3;9;2;7;1;1;
202000013145;154 719 178;B01;0;10;0;2;1;19;0;
202000013146;154 719 176;B01;1;10;0;1;8;23;1;
202000013147;154 719 175;A01;1;20;0;1;2;26;1;
202000013148;154 719 173;B01;2;2;0;2;1;1;1;
202000013148;154 719 174;A01;2;7;0;2;8;15;1;
202000013149;154 719 171;B01;2;32;0;2;1;1;1;
202000013149;154 719 172;A01;1;7;0;2;2;15;1;
202000013150;154 719 169;B01;1;10;0;2;6;23;1;
202000013150;154 719 170;A01;1;33;0;2;1;2;1;
202000013151;154 719 167;B01;0;7;0;2;5;16;1;
202000013151;154 719 168;A01;1;31;0;2;1;18;1;
202000013152;154 719 165;A01;1;7;0;2;1;15;2;
202000013152;154 719 166;B01;2;33;0;2;6;1;1;
202000013153;154 719 163;B01;2;1;0;2;1;1;5;
202000013153;154 719 164;A01;2;7;0;2;7;16;1;
202000013154;154 719 162;A01;0;38;0;0;0;1;4;2
202000013155;154 719 161;A01;2;10;0;1;3;1;3;
202000013156;154 719 160;A01;1;1;0;1;1;1;5;
202000013157;154 719 158;A01;2;30;0;2;1;2;1;
202000013157;154 719 159;B01;2;7;0;2;5;2;1;
202000013158;154 719 157;A01;2;32;14;0;1;17;1;
202000013159;154 719 156;A01;2;80;0;0;0;7;3;
202000013160;154 719 154;A01;2;7;0;9;1;2;1;
202000013160;154 719 155;B01;3;1;0;2;3;1;5;
202000013161;154 719 152;B01;2;1;12;2;0;12;5;
202000013161;154 719 153;A01;2;7;0;9;7;16;0;
202000013162;154 719 150;B01;1;34;0;2;4;23;1;
202000013162;154 719 151;A01;1;7;0;2;1;1;1;
202000013163;154 719 148;B01;1;0;0;2;8;9;0;
202000013163;154 719 149;A01;1;10;0;2;7;1;1;
202000013164;154 719 145;B01;1;7;0;0;6;23;1;
202000013164;154 719 146;A01;1;7;0;0;2;26;1;
202000013164;154 719 147;C01;2;7;0;0;4;23;0;
202000013165;154 719 143;A01;2;33;14;0;1;1;1;
202000013165;154 719 144;B01;1;7;0;2;2;1;1;
202000013166;154 719 141;B01;3;7;0;2;7;15;1;
202000013166;154 719 142;A01;3;30;0;2;3;21;1;
202000013167;154 719 139;A01;-1;7;0;2;2;15;0;
202000013167;154 719 140;B01;-1;7;0;2;1;1;0;
202000013168;154 719 137;B01;2;31;0;2;0;1;1;
202000013168;154 719 138;A01;1;7;0;2;1;9;1;
202000013169;154 719 136;A01;1;50;0;0;8;2;3;
202000013170;154 719 134;B01;-1;7;0;2;1;1;1;
202000013170;154 719 135;A01;-1;7;0;2;5;16;1;
202000013171;154 719 132;A01;1;7;0;2;1;16;1;
202000013171;154 719 133;B01;1;3;0;2;4;16;1;
202000013172;154 719 130;B01;1;32;0;2;1;1;1;
202000013172;154 719 131;A01;2;7;0;2;3;1;1;
202000013173;154 719 128;A01;1;7;0;2;2;26;1;
202000013173;154 719 129;B01;1;43;0;2;1;1;1;
202000013174;154 719 124;C01;1;10;0;2;8;26;0;
202000013174;154 719 125;A01;2;10;0;2;4;2;0;
202000013174;154 719 126;B01;1;10;0;2;0;0;0;
202000013174;154 719 127;D01;1;10;0;2;1;23;0;
202000013175;154 719 122;B01;2;7;0;2;3;23;0;
202000013175;154 719 123;A01;1;7;0;2;3;13;1;
202000013176;154 719 121;A01;3;7;0;1;3;1;1;
202000013177;154 719 118;B01;3;33;0;2;3;1;1;
202000013177;154 719 119;A01;3;7;0;2;8;10;1;
202000013178;154 719 116;B01;2;7;0;2;4;2;1;
202000013178;154 719 117;A01;2;7;0;2;1;17;1;
202000013179;154 719 115;A01;2;7;0;1;2;1;1;
202000013180;154 719 113;A01;1;7;0;2;1;2;0;
202000013180;154 719 114;B01;1;7;0;2;4;2;0;
202000013181;154 719 112;A01;1;17;3;0;3;1;1;
202000013182;154 719 109;C01;2;7;0;0;4;2;1;
202000013182;154 719 110;D01;2;7;0;0;5;2;1;
202000013182;154 719 111;A01;2;17;0;2;1;2;1;
202000013183;154 719 107;B01;1;7;0;0;6;23;1;
202000013183;154 719 108;A01;1;2;14;2;1;2;1;
202000013184;154 719 105;A01;1;7;0;2;1;1;1;
202000013184;154 719 106;B01;2;7;0;2;1;1;1;
202000013185;154 719 103;B01;1;7;0;2;1;1;1;
202000013185;154 719 104;A01;3;7;0;2;2;1;1;
202000013186;154 719 102;A01;3;15;0;1;7;17;1;
202000013187;154 719 100;B01;3;31;0;2;3;1;1;
202000013187;154 719 101;A01;3;7;0;2;2;1;1;
202000013188;154 719 098;B01;1;2;0;2;1;1;1;
202000013188;154 719 099;A01;3;7;0;0;5;19;1;
202000013189;154 719 097;A01;1;33;17;0;1;0;1;
202000013190;154 719 095;A01;1;7;0;1;3;1;1;
202000013190;154 719 096;B01;1;7;0;1;3;1;1;
202000013191;154 719 092;C01;2;7;0;2;1;1;1;
202000013191;154 719 093;B01;1;7;0;2;4;15;1;
202000013191;154 719 094;A01;1;7;0;2;1;2;1;
202000013192;154 719 091;A01;2;7;15;0;0;13;1;
202000013193;154 719 090;A01;2;7;13;0;1;1;1;
202000013194;154 719 089;A01;1;31;6;0;1;1;0;
202000013195;154 719 087;A01;1;7;0;2;2;15;1;
202000013195;154 719 088;B01;2;1;0;2;1;1;5;
202000013196;154 719 086;A01;1;7;2;0;1;1;1;
202000013197;154 719 084;A01;3;7;0;2;0;1;1;
202000013197;154 719 085;B01;3;1;0;2;6;9;5;
202000013198;154 719 083;A01;1;7;13;0;1;14;1;
202000013199;154 719 081;B01;1;7;0;2;2;1;1;
202000013199;154 719 082;A01;3;7;0;2;2;15;1;
202000013200;154 719 080;A01;3;1;6;0;3;1;5;
202000013201;154 719 079;A01;1;33;0;0;0;15;0;
202000013202;154 719 078;A01;2;33;0;5;1;1;1;
202000013203;154 719 076;B01;2;1;0;2;1;15;5;
202000013203;154 719 077;A01;1;7;0;2;7;19;0;
202000013204;154 719 075;A01;1;32;0;0;0;0;1;
202000013205;154 719 074;A01;1;33;0;0;8;1;1;
202000013206;154 719 073;A01;1;33;0;6;1;19;1;
202000013207;154 719 072;A01;1;7;13;0;3;1;1;
202000013208;154 719 071;A01;3;2;1;0;1;0;1;
202000013209;154 719 069;A01;2;3;0;1;2;1;1;
202000013210;154 719 067;A01;3;7;0;2;1;15;1;
202000013210;154 719 068;B01;3;33;0;2;1;1;1;
202000013211;154 719 065;B01;1;7;0;0;5;15;1;
202000013211;154 719 066;A01;1;33;0;2;1;1;1;
202000013212;154 719 063;A01;1;7;0;9;2;2;1;
202000013212;154 719 064;B01;1;1;0;0;4;2;5;
202000013213;154 719 061;A01;1;7;0;2;3;13;1;
202000013213;154 719 062;B01;2;21;0;2;3;1;1;
202000013214;154 719 059;B01;2;10;0;0;8;1;1;
202000013214;154 719 060;A01;1;36;0;2;1;13;1;
202000013215;154 719 058;A01;1;7;6;0;1;14;1;
202000013216;154 719 056;B01;1;7;0;2;1;1;1;
202000013216;154 719 057;A01;1;7;0;2;8;19;1;
202000013217;154 719 054;B01;2;33;0;2;3;1;1;
202000013217;154 719 055;A01;1;33;0;2;3;1;1;
202000013218;154 719 052;A01;1;7;1;2;1;2;0;
202000013218;154 719 053;B01;1;7;0;0;4;0;0;
202000013219;154 719 049;C01;2;7;0;0;4;2;0;
202000013219;154 719 050;B01;1;7;0;2;4;2;0;
202000013219;154 719 051;A01;2;10;0;2;2;2;0;
202000013220;154 719 047;A01;3;99;0;2;1;1;3;
202000013220;154 719 048;B01;3;7;0;2;4;4;1;
202000013221;154 719 046;A01;2;7;16;0;3;1;0;
202000013222;154 719 045;A01;1;7;13;0;1;1;1;
202000013223;154 719 042;B01;1;7;0;2;3;1;1;
202000013223;154 719 044;A01;2;7;0;2;3;13;1;
202000013224;154 719 041;A01;3;7;0;2;3;1;1;
202000013224;154 719 043;B01;3;10;0;2;3;1;1;
202000013225;154 719 037;B01;2;15;0;2;1;15;0;
202000013225;154 719 039;A01;1;31;0;2;8;1;0;
202000013226;154 719 036;B01;2;31;0;2;1;0;1;
202000013226;154 719 038;C01;2;7;0;0;8;1;1;
202000013226;154 719 040;A01;1;7;0;2;3;13;1;
202000013227;154 719 034;A01;3;7;0;1;1;1;1;
202000013228;154 719 033;B01;2;33;0;2;1;1;1;
202000013228;154 719 035;A01;2;7;0;2;4;15;1;
202000013229;154 719 029;A01;2;7;0;0;2;1;1;
202000013229;154 719 031;B01;2;1;0;0;4;1;5;
202000013230;154 719 028;C01;2;7;0;2;8;1;1;
202000013230;154 719 030;A01;1;33;0;2;3;17;1;
202000013230;154 719 032;B01;1;7;0;2;6;1;1;
202000013231;154 719 027;A01;2;1;0;0;0;26;5;
202000013232;154 719 025;A01;2;1;0;0;9;1;5;
202000013233;154 719 023;B01;3;2;0;2;1;2;1;
202000013233;154 719 026;A01;3;2;0;2;4;2;1;
202000013234;154 719 022;A01;0;1;0;2;0;1;5;
202000013234;154 719 024;B01;0;7;0;9;2;2;0;
202000013235;154 719 021;A01;2;33;0;6;1;19;1;
202000013236;154 719 020;A01;0;7;0;0;0;1;1;
202000013237;154 719 018;A01;3;2;13;0;1;1;1;
202000013238;154 719 017;A01;2;15;0;2;1;2;1;
202000013238;154 719 019;B01;2;7;0;0;4;2;1;
202000013239;154 719 015;B01;2;7;0;2;3;19;1;
202000013239;154 719 016;A01;1;1;0;2;1;1;5;
202000013240;154 719 012;A01;1;3;0;1;1;1;0;
202000013241;154 719 007;B01;1;7;0;2;7;2;1;
202000013241;154 719 008;C01;1;7;0;2;8;2;1;
202000013241;154 719 009;A01;1;15;0;2;8;2;1;
202000013242;154 719 010;B01;1;1;0;0;4;1;5;
202000013242;154 719 011;A01;1;7;0;0;2;1;1;
202000013243;154 719 005;B01;1;17;0;2;4;2;1;
202000013243;154 719 006;A01;1;33;0;2;1;2;1;
202000013244;154 719 001;B01;1;7;0;2;1;1;1;
202000013244;154 719 003;A01;1;7;0;2;4;23;1;
202000013245;154 719 000;C01;2;7;0;2;4;2;1;
202000013245;154 719 002;B01;2;7;0;2;4;0;1;
202000013245;154 719 004;A01;2;10;0;2;1;1;1;
202000013246;154 718 995;A01;2;7;0;2;3;11;1;
202000013246;154 718 996;B01;2;33;0;2;2;3;1;
202000013246;154 718 997;C01;2;10;0;2;4;1;1;
202000013247;154 718 998;A01;1;2;0;2;7;15;1;
202000013247;154 718 999;B01;2;33;0;2;1;1;1;
202000013248;154 718 993;B01;1;33;0;2;8;3;1;
202000013248;154 718 994;A01;1;7;0;2;7;21;1;
202000013249;154 718 991;A01;2;33;0;2;1;17;1;
202000013249;154 718 992;B01;2;20;0;2;3;15;1;
202000013250;154 718 989;B01;1;7;0;2;6;1;1;
202000013250;154 718 990;A01;1;33;0;2;2;3;1;
202000013251;154 718 986;A01;2;7;0;0;0;1;1;
202000013252;154 718 987;A01;3;7;0;2;8;19;1;
202000013252;154 718 988;B01;3;33;0;2;1;1;1;
202000013253;154 718 984;A01;2;7;0;2;1;2;1;
202000013253;154 718 985;B01;2;7;0;2;4;2;1;
202000013254;154 718 981;B01;2;1;0;2;4;2;5;
202000013254;154 718 983;A01;2;7;0;2;2;2;1;
202000013255;154 718 980;A01;1;7;1;0;1;14;0;
202000013256;154 718 978;A01;1;7;0;2;4;1;1;
202000013256;154 718 979;B01;1;7;0;2;1;1;1;
202000013257;154 718 976;B01;2;7;0;2;1;21;1;
202000013257;154 718 977;A01;2;7;0;2;7;1;1;
202000013258;154 718 974;A01;1;7;0;2;6;1;1;
202000013258;154 718 975;B01;1;10;0;2;2;12;1;
202000013259;154 718 971;B01;1;7;0;2;4;2;1;
202000013259;154 718 972;C01;1;7;0;2;4;1;2;
202000013259;154 718 982;Z01;1;7;0;2;1;1;0;
202000013260;154 718 969;Z01;0;7;0;0;0;0;0;
202000013260;154 718 973;A01;2;7;0;2;4;2;1;
202000013261;154 718 968;B01;1;10;0;2;1;1;1;
202000013261;154 718 970;A01;2;7;12;2;2;1;1;
202000013262;154 718 965;B01;1;7;0;2;1;1;1;
202000013262;154 718 967;A01;1;10;0;2;4;1;1;
202000013263;154 718 964;B01;1;33;0;2;1;1;1;
202000013263;154 718 966;A01;2;7;0;2;5;15;1;
202000013264;154 718 961;B01;0;2;1;2;8;24;1;
202000013264;154 718 963;A01;2;15;1;0;9;1;1;
202000013265;154 718 957;B01;2;2;0;2;1;1;1;
202000013265;154 718 958;A01;2;7;0;2;5;15;1;
202000013266;154 718 955;A01;1;7;0;2;8;24;1;
202000013266;154 718 956;B01;1;1;1;0;1;1;0;
202000013267;154 718 959;B01;2;7;0;1;1;2;1;
202000013267;154 718 960;C01;2;7;0;2;1;2;1;
202000013268;154 718 953;A01;1;33;0;0;9;2;1;
202000013269;154 718 952;A01;2;32;0;2;7;2;1;
202000013269;154 718 954;B01;2;7;0;2;0;10;0;
202000013270;154 718 949;A01;1;7;0;2;4;2;1;
202000013270;154 718 950;B01;1;33;0;2;4;2;1;
202000013271;154 718 948;B01;2;7;0;2;3;24;1;
202000013271;154 718 951;A01;2;7;1;0;2;14;1;
202000013272;154 718 943;A01;2;7;0;2;1;19;2;
202000013272;154 718 944;B01;1;7;0;2;5;1;1;
202000013273;154 718 941;B01;1;7;0;2;1;1;1;
202000013273;154 718 942;A01;1;7;0;2;6;19;1;
202000013274;154 718 945;Z01;2;0;0;2;0;1;0;
202000013274;154 718 946;C01;2;7;0;2;7;1;1;
202000013274;154 718 947;B01;2;10;0;2;4;1;1;
202000013275;154 718 939;A01;1;7;0;0;1;13;0;
202000013276;154 718 938;B01;2;7;0;0;0;0;1;
202000013276;154 718 940;A01;1;42;0;0;0;26;1;
202000013277;154 718 935;B01;1;7;0;2;7;12;1;
202000013277;154 718 937;A01;1;32;0;2;8;3;1;
202000013278;154 718 934;B01;3;7;0;2;6;15;1;
202000013278;154 718 936;A01;3;2;0;2;1;2;1;
202000013279;154 718 933;A01;1;31;0;0;9;1;1;
202000013280;154 718 931;A01;1;7;0;1;0;1;1;