num_acc;id_vehicule;num_veh;senc;catv;obs;obsm;choc;manv;motor;occutc
202000013281;154 718 932;A01;1;14;0;2;1;13;1;
202000013282;154 718 929;A01;3;30;0;2;1;26;1;
202000013282;154 718 930;B01;1;7;0;2;6;1;1;
202000013283;154 718 926;B01;1;7;1;0;2;1;1;
202000013283;154 718 928;A01;2;7;0;2;6;23;1;
202000013284;154 718 925;A01;1;7;0;2;6;15;1;
202000013284;154 718 927;B01;1;33;0;0;7;1;1;
202000013285;154 718 923;A01;1;33;0;2;1;18;1;
202000013285;154 718 924;B01;1;10;0;2;6;23;1;
202000013286;154 718 921;Z01;3;7;0;2;0;16;0;
202000013286;154 718 922;A01;2;30;0;2;4;11;1;
202000013287;154 718 919;A01;2;7;6;0;1;2;1;
202000013288;154 718 915;B01;2;33;0;2;7;1;1;
202000013288;154 718 916;A01;2;7;0;2;8;11;1;
202000013288;154 718 917;C01;2;7;0;2;4;2;1;
202000013289;154 718 914;A01;1;7;0;1;1;1;1;
202000013290;154 718 912;A01;1;7;0;0;0;2;1;
202000013290;154 718 913;B01;2;1;0;0;0;0;5;
202000013291;154 718 910;A01;2;7;0;2;8;10;1;
202000013291;154 718 911;B01;2;2;0;2;1;17;1;
202000013292;154 718 909;A01;3;7;6;0;1;26;1;
202000013293;154 718 908;A01;2;7;0;1;3;1;1;
202000013294;154 718 904;A01;1;7;0;2;3;15;1;
202000013294;154 718 905;B01;1;34;0;2;1;11;1;
202000013295;154 718 906;A01;0;7;0;2;1;9;1;
202000013295;154 718 907;B01;0;7;1;2;9;1;1;
202000013296;154 718 901;B01;1;7;0;2;1;15;1;
202000013296;154 718 903;A01;2;30;0;2;1;1;1;
202000013297;154 718 900;B01;2;7;0;2;5;1;1;
202000013297;154 718 902;A01;2;2;0;2;3;18;1;
202000013298;154 718 898;A01;2;30;0;2;3;13;6;
202000013298;154 718 899;B01;2;7;0;2;3;1;0;
202000013299;154 718 897;A01;1;34;0;0;0;0;1;
202000013300;154 718 893;B01;1;7;0;2;1;2;0;
202000013300;154 718 895;A01;1;1;0;2;4;1;5;
202000013301;154 718 892;A01;2;7;0;2;1;1;1;
202000013301;154 718 894;B01;2;7;0;2;4;1;1;
202000013301;154 718 896;C01;2;7;0;2;4;1;3;
202000013302;154 718 890;A01;2;7;0;2;1;2;1;
202000013302;154 718 891;B01;2;7;0;2;4;2;1;
202000013303;154 718 888;A01;3;10;0;2;8;15;1;
202000013303;154 718 889;B01;3;34;0;2;1;2;1;
202000013304;154 718 885;B01;0;7;0;2;7;1;0;
202000013304;154 718 887;A01;2;30;0;2;1;1;1;
202000013305;154 718 884;B01;2;1;0;2;4;1;5;
202000013305;154 718 886;Z01;2;7;0;9;2;7;0;
202000013306;154 718 882;A01;2;7;8;0;1;1;1;
202000013307;154 718 881;A01;2;7;0;2;3;15;1;
202000013307;154 718 883;B01;2;2;0;2;1;1;1;
202000013308;154 718 880;A01;3;2;0;0;8;13;1;
202000013309;154 718 878;A01;2;33;13;0;0;1;1;
202000013310;154 718 877;B01;2;33;0;2;1;13;1;
202000013310;154 718 879;A01;2;7;0;2;8;10;1;
202000013311;154 718 876;A01;2;7;0;0;2;1;1;
202000013312;154 718 874;B01;3;30;0;0;0;0;1;
202000013312;154 718 875;A01;3;7;0;2;8;26;1;
202000013313;154 718 873;A01;1;1;12;0;1;21;5;
202000013314;154 718 871;B01;3;32;0;2;0;0;1;
202000013314;154 718 872;A01;3;7;0;2;1;9;1;
202000013315;154 718 867;A01;1;7;0;2;8;1;1;
202000013315;154 718 869;B01;1;7;0;2;1;1;1;
202000013316;154 718 868;B01;3;1;0;0;4;2;5;
202000013316;154 718 870;A01;2;7;0;2;2;2;2;
202000013317;154 718 864;A01;3;7;0;2;1;9;1;
202000013317;154 718 866;B01;3;7;0;2;7;1;1;
202000013318;154 718 865;A01;3;30;0;0;0;1;3;
202000013319;154 718 861;A01;2;10;0;2;3;15;1;
202000013319;154 718 863;B01;2;1;0;2;1;1;6;
202000013320;154 718 862;A01;2;31;0;0;1;1;1;
202000013321;154 718 860;A01;1;33;0;1;1;25;1;
202000013322;154 718 858;B01;1;31;0;2;7;1;1;
202000013322;154 718 859;A01;2;7;0;2;1;1;1;
202000013323;154 718 857;A01;2;99;0;1;8;25;5;
202000013324;154 718 856;A01;1;34;0;1;1;17;0;
202000013325;154 718 854;A01;1;7;0;2;6;1;1;
202000013325;154 718 855;B01;2;33;0;2;1;2;1;
202000013326;154 718 851;A01;1;33;0;2;2;21;1;
202000013326;154 718 852;B01;1;7;0;2;5;1;1;
202000013327;154 718 850;A01;3;33;8;2;1;17;1;
202000013327;154 718 853;B01;3;7;0;2;8;15;1;
202000013328;154 718 846;B01;1;33;13;2;8;2;1;
202000013328;154 718 848;A01;1;7;0;2;7;17;1;
202000013329;154 718 847;A01;2;10;8;2;8;1;1;
202000013329;154 718 849;B01;2;10;0;2;1;1;0;
202000013330;154 718 845;A01;3;33;12;0;1;26;1;
202000013331;154 718 842;A01;2;7;0;2;3;15;1;
202000013331;154 718 843;B01;1;33;0;2;1;17;1;
202000013332;154 718 841;A01;1;7;0;2;7;1;1;
202000013332;154 718 844;B01;1;7;0;2;1;1;1;
202000013333;154 718 839;B01;1;33;0;2;1;1;1;
202000013333;154 718 840;A01;2;7;0;2;2;15;1;
202000013334;154 718 838;A01;1;7;0;1;1;1;1;
202000013335;154 718 835;A01;2;7;0;2;1;1;1;
202000013335;154 718 836;B01;2;7;0;2;4;1;1;
202000013336;154 718 833;A01;1;7;0;1;1;1;1;
202000013337;154 718 834;A01;3;34;1;0;1;1;1;
202000013338;154 718 831;A01;2;7;14;0;1;1;1;
202000013339;154 718 830;B01;3;2;0;2;7;9;1;
202000013339;154 718 832;A01;3;14;0;2;1;9;1;
202000013340;154 718 827;A01;1;7;0;2;3;5;1;
202000013340;154 718 828;B01;2;43;0;2;3;1;3;
202000013341;154 718 826;B01;2;7;9;2;7;1;1;
202000013341;154 718 829;A01;1;7;0;2;1;1;1;
202000013342;154 718 823;B01;2;34;0;2;1;1;1;
202000013342;154 718 825;A01;2;7;0;2;3;9;1;
202000013343;154 718 822;A01;3;1;0;2;0;0;5;
202000013343;154 718 824;B01;3;7;0;2;3;26;1;
202000013344;154 718 820;A01;2;7;0;2;1;15;1;
202000013344;154 718 821;B01;1;33;0;2;1;1;1;
202000013345;154 718 818;B01;1;7;0;2;7;16;1;
202000013345;154 718 819;A01;2;30;0;2;1;15;1;
202000013346;154 718 817;A01;1;1;0;1;1;1;5;
202000013347;154 718 816;A01;1;7;0;1;1;1;1;
202000013348;154 718 814;A01;1;7;0;2;6;2;1;
202000013348;154 718 815;B01;1;1;0;2;1;2;5;
202000013349;154 718 813;A01;3;1;0;1;1;1;5;
202000013350;154 718 811;B01;1;1;0;2;0;11;5;
202000013350;154 718 812;A01;1;7;0;2;5;1;1;
202000013351;154 718 809;A01;1;7;0;2;3;15;1;
202000013351;154 718 810;B01;1;30;0;2;1;1;3;
202000013352;154 718 807;B01;1;1;0;2;1;18;5;
202000013352;154 718 808;A01;1;1;0;2;4;14;5;
202000013353;154 718 805;A01;2;7;0;2;1;22;1;
202000013353;154 718 806;B01;1;1;0;2;2;25;5;
202000013354;154 718 804;A01;2;7;1;0;2;13;1;
202000013355;154 718 803;A01;2;50;0;0;0;1;3;
202000013356;154 718 801;B01;1;1;0;2;1;1;5;
202000013356;154 718 802;A01;1;7;0;2;3;15;1;
202000013357;154 718 800;A01;3;80;0;0;1;1;3;
202000013358;154 718 798;A01;2;37;0;2;3;16;2;1
202000013358;154 718 799;B01;1;1;0;2;1;1;5;
202000013359;154 718 796;A01;1;7;0;2;4;13;0;
202000013359;154 718 797;B01;1;34;0;2;1;1;0;
202000013360;154 718 794;B01;1;7;0;2;3;15;1;
202000013360;154 718 795;A01;1;33;0;2;1;2;1;
202000013361;154 718 792;A01;3;7;0;2;1;1;1;
202000013361;154 718 793;B01;-1;1;0;2;1;-1;-1;
202000013362;154 718 790;A01;2;7;1;2;2;16;0;
202000013362;154 718 791;B01;2;7;1;2;1;1;0;
202000013363;154 718 788;B01;2;30;0;2;1;23;1;
202000013363;154 718 789;Z01;1;7;0;2;1;16;1;
202000013364;154 718 787;A01;-1;7;9;0;1;9;0;
202000013365;154 718 785;B01;2;7;0;2;4;1;1;
202000013365;154 718 786;A01;2;7;0;2;1;2;1;
202000013366;154 718 784;A01;3;30;12;0;2;16;1;
202000013367;154 718 783;A01;2;7;0;1;3;1;1;
202000013368;154 718 781;A01;1;7;0;0;4;1;0;
202000013368;154 718 782;B01;1;2;0;2;1;1;0;
202000013369;154 718 780;Z01;2;7;0;1;0;0;1;
202000013370;154 718 778;A01;2;33;0;2;1;1;1;
202000013370;154 718 779;B01;0;7;0;2;3;15;1;
202000013371;154 718 777;A01;1;7;8;0;1;14;1;
202000013372;154 718 775;A01;1;33;0;0;3;1;1;
202000013372;154 718 776;B01;2;7;0;0;0;15;1;
202000013373;154 718 774;A01;1;33;6;0;3;1;1;
202000013374;154 718 772;A01;2;7;0;2;2;1;1;
202000013374;154 718 773;B01;1;7;0;2;2;1;1;
202000013375;154 718 770;B01;0;7;0;2;1;1;0;
202000013375;154 718 771;A01;0;7;0;2;3;5;0;
202000013376;154 718 769;A01;0;33;16;0;0;0;0;
202000013377;154 718 768;A01;2;7;13;0;2;17;1;
202000013378;154 718 766;A01;3;2;8;0;1;1;1;
202000013378;154 718 767;B01;1;7;0;2;4;2;-1;
202000013379;154 718 764;B01;2;1;0;0;6;1;5;
202000013379;154 718 765;A01;2;10;0;2;2;1;1;
202000013380;154 718 762;A01;3;7;0;2;1;1;1;
202000013380;154 718 763;B01;3;7;0;2;1;1;1;
202000013381;154 718 760;B01;1;7;0;2;5;17;1;
202000013381;154 718 761;A01;1;2;0;2;8;13;0;
202000013382;154 718 758;B01;1;7;0;2;1;2;0;
202000013382;154 718 759;A01;1;31;0;0;4;1;1;
202000013383;154 718 756;A01;1;32;0;2;7;17;1;
202000013383;154 718 757;B01;1;13;0;2;8;16;1;
202000013384;154 718 754;A01;2;7;0;0;6;26;6;
202000013384;154 718 755;B01;1;33;0;2;1;1;0;
202000013385;154 718 753;A01;3;33;0;0;0;1;1;
202000013386;154 718 751;A01;3;7;0;2;5;16;1;
202000013386;154 718 752;B01;3;1;0;2;3;1;5;
202000013387;154 718 750;A01;2;7;14;0;2;2;1;
202000013388;154 718 749;A01;2;21;17;0;2;1;1;
202000013389;154 718 747;B01;1;7;0;2;8;9;1;
202000013389;154 718 748;A01;1;32;0;0;7;1;1;
202000013390;154 718 746;A01;2;21;0;0;0;15;1;
202000013391;154 718 745;A01;3;30;16;0;0;14;1;
202000013392;154 718 743;A01;1;33;0;0;0;2;1;
202000013393;154 718 741;B01;2;60;0;2;1;1;5;
202000013393;154 718 742;A01;1;7;0;2;3;15;1;
202000013394;154 718 740;A01;1;80;0;0;1;1;3;
202000013395;154 718 739;A01;2;7;0;1;0;0;0;
202000013396;154 718 737;B01;1;33;0;2;1;1;0;
202000013396;154 718 738;A01;2;7;0;2;2;15;0;
202000013397;154 718 733;A01;0;10;0;0;0;0;0;
202000013398;154 718 730;C01;1;7;0;2;2;23;1;
202000013398;154 718 731;B01;2;7;0;2;3;1;1;
202000013398;154 718 732;A01;1;7;0;2;3;15;1;
202000013399;154 718 729;A01;1;7;2;0;8;26;1;
202000013400;154 718 727;A01;1;7;2;0;1;14;1;
202000013401;154 718 725;A01;1;7;0;2;5;26;1;
202000013401;154 718 726;B01;2;7;0;2;1;26;1;
202000013402;154 718 723;B01;1;33;0;2;1;3;1;
202000013402;154 718 724;A01;2;7;0;2;3;1;1;
202000013403;154 718 722;A01;0;33;16;0;1;14;1;
202000013404;154 718 720;B01;2;7;0;2;3;1;1;
202000013404;154 718 721;A01;1;7;0;2;3;13;1;
202000013405;154 718 719;A01;1;7;6;0;2;1;1;
202000013406;154 718 718;A01;2;33;1;0;1;1;1;
202000013407;154 718 717;A01;1;33;0;0;0;1;1;
202000013408;154 718 716;A01;2;7;13;0;1;13;1;
202000013409;154 718 714;A01;2;7;0;2;2;17;1;
202000013409;154 718 715;B01;2;1;0;2;4;2;5;
202000013410;154 718 713;A01;2;7;0;1;1;1;1;
202000013411;154 718 711;A01;1;7;0;2;2;1;1;
202000013411;154 718 712;B01;1;7;0;2;1;1;1;
202000013412;154 718 710;A01;2;7;2;0;9;1;1;
202000013413;154 718 708;A01;1;7;0;2;1;15;1;
202000013413;154 718 709;B01;2;1;0;2;8;1;5;
202000013414;154 718 707;A01;1;7;5;0;0;1;1;
202000013415;154 718 705;B01;1;7;0;2;7;1;1;
202000013415;154 718 706;A01;1;1;0;2;1;1;5;
202000013416;154 718 703;B01;2;1;0;2;1;1;5;
202000013416;154 718 704;A01;1;7;0;2;6;15;1;
202000013417;154 718 702;A01;1;7;0;0;9;1;1;
202000013418;154 718 701;A01;2;7;13;0;1;2;1;
202000013419;154 718 700;A01;3;7;16;9;0;26;1;
202000013420;154 718 699;A01;3;2;0;0;0;2;0;
202000013421;154 718 698;A01;2;33;17;0;1;1;1;
202000013422;154 718 697;A01;1;7;2;0;1;2;1;
202000013423;154 718 696;A01;1;7;0;1;0;1;1;
202000013424;154 718 694;A01;2;32;0;2;1;17;1;
202000013424;154 718 695;B01;2;33;0;2;1;1;1;
202000013425;154 718 692;B01;2;7;0;2;1;0;1;
202000013425;154 718 693;A01;2;1;0;2;4;1;5;
202000013426;154 718 690;A01;3;7;0;2;1;16;1;
202000013426;154 718 691;B01;3;7;0;2;3;23;1;
202000013427;154 718 689;A01;2;33;13;0;9;1;1;
202000013428;154 718 687;B01;2;33;0;2;1;1;1;
202000013428;154 718 688;A01;3;31;0;2;3;19;1;
202000013429;154 718 684;B01;3;7;13;0;1;17;1;
202000013429;154 718 685;A01;3;7;0;0;1;1;1;
202000013430;154 718 683;A01;1;99;13;0;1;26;5;
202000013431;154 718 681;A01;1;7;0;2;3;13;1;
202000013431;154 718 682;B01;2;7;0;2;3;1;1;
202000013432;154 718 680;A01;0;7;13;0;1;0;1;
202000013433;154 718 679;A01;2;1;14;9;1;1;5;
202000013434;154 718 677;B01;2;7;0;2;1;1;1;
202000013434;154 718 678;A01;1;7;0;2;1;6;1;
202000013435;154 718 675;A01;3;7;2;0;2;0;1;
202000013436;154 718 673;B01;3;33;0;2;8;1;1;
202000013436;154 718 674;A01;3;7;0;2;3;15;1;
202000013437;154 718 671;A01;1;7;0;2;7;10;1;
202000013437;154 718 672;B01;2;33;0;2;1;1;1;
202000013438;154 718 670;A01;2;33;8;0;1;1;1;
202000013439;154 718 668;B01;1;15;0;0;5;2;1;
202000013439;154 718 669;A01;1;15;0;2;3;2;1;
202000013440;154 718 666;B01;1;16;0;0;0;2;1;
202000013440;154 718 667;A01;1;7;4;2;2;2;1;
202000013441;154 718 664;A01;1;33;0;2;7;1;1;
202000013441;154 718 665;B01;1;7;0;2;8;11;1;
202000013442;154 718 662;A01;1;7;3;2;4;2;1;
202000013442;154 718 663;B01;1;7;3;2;1;2;1;
202000013443;154 718 660;B01;1;38;0;2;7;12;1;1
202000013443;154 718 661;A01;1;7;0;2;8;1;1;
202000013444;154 718 659;A01;1;7;4;0;2;21;1;
202000013445;154 718 657;B01;1;7;3;2;1;2;1;
202000013445;154 718 658;A01;1;7;3;2;4;2;1;
202000013446;154 718 654;A01;2;7;0;2;8;11;1;
202000013446;154 718 655;B01;2;33;0;2;7;3;1;
202000013446;154 718 656;C01;2;7;0;2;4;1;1;
202000013447;154 718 652;A01;2;7;0;2;1;2;1;
202000013447;154 718 653;B01;2;7;0;2;4;2;1;
202000013448;154 718 650;B01;1;7;0;0;4;1;1;
202000013448;154 718 651;A01;1;7;0;2;1;1;1;
202000013449;154 718 649;A01;2;7;4;0;1;21;1;
202000013450;154 718 647;B01;1;7;0;2;1;1;1;
202000013450;154 718 648;A01;1;7;0;2;4;9;1;
202000013451;154 718 645;Z01;2;0;0;2;0;0;0;
202000013451;154 718 646;A01;2;32;0;2;2;1;1;
202000013452;154 718 643;A01;1;33;0;2;1;3;1;
202000013452;154 718 644;B01;2;7;0;2;5;1;1;
202000013453;154 718 640;A01;1;7;0;2;1;2;6;
202000013453;154 718 641;B01;1;7;0;2;4;2;1;
202000013453;154 718 642;C01;1;7;0;2;4;2;0;
202000013454;154 718 638;A01;2;33;0;2;1;2;1;
202000013454;154 718 639;B01;2;7;0;2;4;2;1;
202000013455;154 718 637;A01;1;7;4;0;1;14;1;
202000013456;154 718 635;A01;2;7;0;2;2;14;1;
202000013456;154 718 636;B01;2;7;4;2;4;1;1;
202000013457;154 718 632;A01;1;10;0;0;6;21;1;
202000013457;154 718 633;B01;1;33;0;2;2;3;1;
202000013457;154 718 634;C01;1;7;0;2;2;1;1;
202000013458;154 718 631;A01;1;33;4;0;1;15;1;
202000013459;154 718 629;A01;1;7;0;2;4;12;2;
202000013459;154 718 630;B01;1;32;0;2;1;1;1;
202000013460;154 718 627;A01;2;7;0;2;4;23;0;
202000013460;154 718 628;B01;2;7;0;2;1;0;0;
202000013461;154 718 625;A01;2;7;0;2;6;12;1;
202000013461;154 718 626;B01;2;33;0;2;1;3;1;
202000013462;154 718 622;C01;1;7;0;2;4;1;1;
202000013462;154 718 623;A01;1;33;0;2;7;3;1;
202000013462;154 718 624;B01;1;7;0;2;8;11;1;
202000013463;154 718 621;A01;3;0;0;1;0;26;0;
202000013464;154 718 619;A01;2;30;0;2;1;26;1;
202000013464;154 718 620;B01;2;7;0;2;4;1;1;
202000013465;154 718 618;A01;2;33;9;0;1;2;1;
202000013466;154 718 616;B01;1;7;0;2;7;1;1;
202000013466;154 718 617;A01;1;2;0;2;1;10;1;
202000013467;154 718 614;B01;3;7;0;2;8;1;1;
202000013467;154 718 615;A01;2;7;0;2;1;1;1;
202000013468;154 718 612;A01;1;7;0;2;1;16;1;
202000013468;154 718 613;B01;1;1;0;2;7;1;5;
202000013469;154 718 611;A01;1;2;0;1;1;1;1;
202000013470;154 718 609;A01;3;7;0;2;1;9;1;
202000013470;154 718 610;B01;0;7;0;2;7;1;1;
202000013471;154 718 608;A01;1;33;10;0;1;1;1;
202000013472;154 718 606;A01;1;7;0;2;2;1;0;
202000013472;154 718 607;B01;1;1;0;2;8;19;5;
202000013473;154 718 605;A01;1;7;0;1;0;16;0;
202000013474;154 718 604;A01;1;33;0;2;0;1;1;
202000013475;154 718 602;B01;1;33;0;2;8;1;1;
202000013475;154 718 603;A01;2;10;0;2;7;16;1;
202000013476;154 718 601;A01;2;7;13;0;9;14;1;
202000013477;154 718 599;B01;2;7;0;0;6;0;1;
202000013477;154 718 600;A01;2;10;0;2;2;1;1;
202000013478;154 718 598;A01;1;7;3;0;1;2;1;
202000013479;154 718 595;B01;1;34;4;2;2;17;1;
202000013479;154 718 596;A01;1;7;0;2;6;2;1;
202000013479;154 718 597;C01;1;7;0;2;1;1;1;
202000013480;154 718 593;A01;2;33;1;0;1;14;0;
202000013480;154 718 594;B01;0;15;0;0;4;24;6;
202000013481;154 718 591;B01;2;33;0;0;4;23;6;
202000013481;154 718 592;A01;2;33;0;2;1;21;6;
202000013482;154 718 588;C01;1;7;0;0;0;15;1;
202000013482;154 718 589;A01;2;7;0;2;1;14;1;
202000013482;154 718 590;B01;3;7;0;0;8;23;1;
202000013483;154 718 586;A01;1;1;0;2;6;10;5;
202000013483;154 718 587;B01;1;7;0;2;2;17;1;
202000013484;154 718 584;A01;3;7;0;2;3;9;1;
202000013484;154 718 585;B01;3;31;0;2;7;26;1;
202000013485;154 718 581;B01;1;7;13;2;3;1;1;
202000013485;154 718 582;A01;2;7;3;2;3;13;1;
202000013486;154 718 576;B01;0;7;1;2;4;1;1;
202000013486;154 718 577;A01;0;37;0;2;2;1;1;1
202000013487;154 718 573;B01;1;7;0;2;4;1;1;
202000013487;154 718 574;C01;1;7;0;2;1;1;1;
202000013487;154 718 575;A01;2;10;0;2;4;1;1;
202000013488;154 718 570;C01;2;7;0;2;1;2;1;
202000013488;154 718 571;B01;2;7;0;2;1;2;1;
202000013488;154 718 572;A01;2;10;0;2;4;1;1;
202000013489;154 718 568;B01;2;7;0;2;6;11;1;
202000013489;154 718 569;A01;2;7;0;2;2;1;1;
202000013490;154 718 566;B01;2;7;0;2;6;1;1;
202000013490;154 718 567;A01;2;15;0;2;2;12;1;
202000013491;154 718 564;B01;2;7;0;2;6;1;1;
202000013491;154 718 565;A01;2;17;0;2;0;14;1;
202000013492;154 718 561;A01;1;7;0;2;6;1;1;
202000013492;154 718 562;B01;1;7;0;2;4;1;1;
202000013492;154 718 563;C01;1;7;0;2;1;1;1;
202000013493;154 718 559;B01;2;7;0;2;5;2;1;
202000013493;154 718 560;A01;2;7;3;2;3;18;1;
202000013494;154 718 558;A01;2;34;3;0;7;1;1;
202000013495;154 718 556;B01;1;7;0;2;4;1;1;
202000013495;154 718 557;A01;1;7;0;2;2;2;1;
202000013496;154 718 554;A01;2;7;4;2;1;1;1;
202000013496;154 718 555;B01;2;7;3;2;4;2;0;
202000013497;154 718 551;A01;2;15;0;2;1;1;1;
202000013497;154 718 552;B01;2;15;0;2;4;1;1;
202000013497;154 718 553;C01;2;15;0;2;1;1;1;
202000013498;154 718 549;A01;2;32;0;2;8;9;1;
202000013498;154 718 550;B01;2;17;0;2;7;1;1;
202000013499;154 718 545;A01;1;10;8;2;2;16;1;
202000013499;154 718 546;B01;1;7;0;2;5;2;1;
202000013500;154 718 544;A01;1;7;0;1;2;1;1;
202000013501;154 718 543;A01;2;7;0;1;2;1;1;
202000013502;154 718 541;A01;1;7;0;2;1;26;1;
202000013502;154 718 542;B01;1;99;0;2;4;2;1;
202000013503;154 718 539;A01;3;7;15;2;1;1;1;
202000013503;154 718 540;B01;3;7;0;2;7;1;1;
202000013504;154 718 536;A01;2;7;0;2;1;15;1;
202000013504;154 718 537;B01;1;7;0;2;3;1;1;
202000013504;154 718 538;C01;2;2;0;2;1;1;1;
202000013505;154 718 535;A01;1;40;0;1;1;19;0;
202000013506;154 718 534;A01;1;7;8;0;9;1;1;
202000013507;154 718 532;B01;3;1;0;2;1;16;5;
202000013507;154 718 533;A01;3;7;1;2;3;1;1;
202000013508;154 718 530;A01;2;7;0;2;7;14;1;
202000013508;154 718 531;B01;2;2;0;2;8;1;1;
202000013509;154 718 529;A01;1;32;0;1;1;1;1;
202000013510;154 718 527;A01;0;3;16;2;8;26;1;
202000013510;154 718 528;B01;0;37;0;2;1;1;1;1
202000013511;154 718 525;A01;1;10;0;2;3;26;1;
202000013511;154 718 526;B01;1;7;0;2;3;1;1;
202000013512;154 718 524;A01;3;32;14;0;2;26;1;
202000013513;154 718 522;A01;1;7;0;2;2;9;1;
202000013513;154 718 523;B01;2;2;0;2;1;1;1;
202000013514;154 718 520;B01;2;30;0;2;0;0;1;
202000013514;154 718 521;A01;2;7;0;9;8;15;1;
202000013515;154 718 518;B01;2;7;0;2;8;1;1;
202000013515;154 718 519;A01;1;10;0;2;3;16;1;
202000013516;154 718 516;A01;1;7;0;2;1;13;1;
202000013516;154 718 517;B01;2;7;0;2;1;1;1;
202000013517;154 718 514;B01;1;30;0;2;2;1;1;
202000013517;154 718 515;A01;1;2;0;2;3;19;1;
202000013518;154 718 512;A01;1;7;0;2;2;14;1;
202000013518;154 718 513;B01;1;10;0;0;6;23;1;
202000013519;154 718 511;A01;1;33;6;0;0;26;1;
202000013520;154 718 509;A01;3;30;0;2;1;15;1;
202000013520;154 718 510;B01;1;7;0;2;3;2;1;
202000013521;154 718 507;B01;0;30;0;2;1;1;1;
202000013521;154 718 508;A01;0;7;0;2;7;15;1;
202000013522;154 718 505;B01;2;1;1;0;2;1;5;
202000013522;154 718 506;A01;2;7;0;2;0;23;1;
202000013523;154 718 504;A01;1;7;5;0;1;1;1;
202000013524;154 718 501;C01;1;7;0;2;1;1;1;
202000013524;154 718 502;B01;1;7;0;2;4;1;1;
202000013524;154 718 503;A01;1;7;0;2;1;1;1;
202000013525;154 718 500;A01;3;7;0;1;3;18;1;
202000013526;154 718 498;A01;1;7;0;9;7;1;1;
202000013526;154 718 499;B01;1;1;0;2;1;19;5;
202000013527;154 718 496;B01;2;1;0;2;7;15;0;
202000013527;154 718 497;A01;1;10;0;9;2;15;1;
202000013528;154 718 494;B01;1;1;0;2;8;13;1;
202000013528;154 718 495;A01;1;7;0;2;1;17;1;
202000013529;154 718 492;A01;1;7;0;2;2;15;1;
202000013529;154 718 493;B01;2;1;0;2;1;19;5;
202000013530;154 718 490;B01;1;7;0;2;3;1;1;
202000013530;154 718 491;A01;1;7;0;2;1;1;1;
202000013531;154 718 488;B01;1;7;0;2;2;1;1;
202000013531;154 718 489;A01;2;7;0;2;2;13;1;
202000013532;154 718 486;A01;1;1;0;2;1;1;5;
202000013532;154 718 487;B01;1;10;0;2;1;1;0;
202000013533;154 718 485;A01;1;7;2;0;1;1;1;
202000013534;154 718 484;A01;3;7;1;1;3;17;1;
202000013535;154 718 483;A01;0;7;8;1;1;0;1;
202000013536;154 718 482;A01;2;3;8;0;1;0;1;
202000013537;154 718 480;A01;2;7;0;2;1;13;1;
202000013537;154 718 481;B01;1;7;0;2;1;1;1;
202000013538;154 718 478;A01;1;50;0;2;1;25;3;
202000013538;154 718 479;B01;1;7;0;2;0;0;1;
202000013539;154 718 476;B01;1;7;0;2;4;17;1;
202000013539;154 718 477;A01;1;7;0;2;4;17;1;
202000013540;154 718 474;B01;1;1;0;2;7;0;5;
202000013540;154 718 475;A01;1;7;0;2;3;9;1;
202000013541;154 718 470;D01;1;7;0;2;6;0;1;
202000013541;154 718 471;B01;1;7;0;2;6;0;1;
202000013541;154 718 472;A01;1;36;0;2;1;2;1;
202000013541;154 718 473;C01;1;7;0;2;6;0;1;
202000013542;154 718 468;B01;1;33;0;0;0;0;1;
202000013542;154 718 469;A01;2;7;0;0;0;15;1;
202000013543;154 718 467;A01;0;7;0;1;3;1;1;
202000013544;154 718 466;A01;2;33;2;0;0;1;1;
202000013545;154 718 464;A01;0;7;0;2;2;15;1;
202000013545;154 718 465;B01;0;33;0;2;1;1;1;
202000013546;154 718 462;A01;1;99;0;2;8;15;1;
202000013546;154 718 463;B01;1;30;0;2;1;1;1;
202000013547;154 718 460;B01;3;31;0;2;1;1;1;
202000013547;154 718 461;A01;3;7;0;2;1;15;1;
202000013548;154 718 457;A01;3;7;0;2;1;1;1;
202000013548;154 718 458;B01;3;7;0;2;4;1;1;
202000013548;154 718 459;C01;3;7;0;2;5;1;1;
202000013549;154 718 456;A01;3;7;12;0;1;1;1;
202000013550;154 718 454;B01;2;7;0;2;2;2;1;
202000013550;154 718 455;A01;2;7;0;2;6;23;1;
202000013551;154 718 452;B01;1;7;0;2;6;2;1;
202000013551;154 718 453;A01;1;7;0;2;1;2;1;
202000013552;154 718 449;C01;2;7;0;2;4;1;1;
202000013552;154 718 450;A01;2;7;0;2;1;1;1;
202000013552;154 718 451;B01;2;7;0;2;4;1;1;
202000013553;154 718 448;A01;2;30;12;0;1;14;1;
202000013554;154 718 447;A01;2;7;2;0;1;14;1;
202000013555;154 718 445;A01;2;7;0;2;2;1;1;
202000013555;154 718 446;B01;2;1;0;2;8;19;5;
202000013556;154 718 443;B01;0;7;0;2;3;15;1;
202000013556;154 718 444;A01;0;2;0;2;1;1;1;
202000013557;154 718 441;A01;3;7;1;1;2;1;1;
202000013557;154 718 442;B01;3;7;0;0;7;24;1;
202000013558;154 718 439;B01;1;7;0;2;1;2;0;
202000013558;154 718 440;A01;2;10;0;2;3;13;0;
202000013559;154 718 437;B01;1;7;0;2;0;0;1;
202000013559;154 718 438;A01;1;7;0;2;8;15;1;
202000013560;154 718 435;B01;1;7;1;2;7;24;0;