num_acc;id_vehicule;num_veh;senc;catv;obs;obsm;choc;manv;motor;occutc
202000013560;154 718 436;A01;1;7;1;0;2;19;0;
202000013561;154 718 434;A01;1;7;0;1;2;0;0;
202000013562;154 718 432;B01;1;7;0;2;1;1;1;
202000013562;154 718 433;A01;1;30;0;1;0;26;1;
202000013563;154 718 430;B01;1;7;0;2;8;15;1;
202000013563;154 718 431;A01;1;33;0;2;2;17;1;
202000013564;154 718 429;A01;0;7;0;1;0;17;0;
202000013565;154 718 427;A01;1;10;0;2;2;1;0;
202000013565;154 718 428;B01;1;32;0;0;4;1;0;
202000013566;154 718 425;A01;3;31;0;2;1;2;1;
202000013566;154 718 426;B01;3;10;0;2;4;15;1;
202000013567;154 718 424;A01;0;30;0;0;7;0;1;
202000013568;154 718 423;A01;1;7;0;1;1;1;1;
202000013569;154 718 421;A01;3;30;0;2;1;1;1;
202000013569;154 718 422;B01;3;7;0;2;0;15;1;
202000013570;154 718 420;A01;1;10;0;1;2;1;1;
202000013571;154 718 418;B01;2;1;0;2;0;18;5;
202000013571;154 718 419;A01;2;7;0;2;2;12;1;
202000013572;154 718 416;B01;2;7;0;2;8;11;1;
202000013572;154 718 417;A01;2;32;0;2;2;17;1;
202000013573;154 718 415;A01;2;32;1;0;8;15;1;
202000013574;154 718 413;B01;2;1;0;2;1;1;5;
202000013574;154 718 414;A01;2;7;0;2;3;22;1;
202000013575;154 718 411;B01;1;7;0;2;6;1;1;
202000013575;154 718 412;A01;1;33;0;2;1;3;1;
202000013576;154 718 410;A01;1;37;0;1;2;7;3;1
202000013577;154 718 409;A01;1;1;14;0;0;11;5;
202000013578;154 718 408;A01;1;50;0;0;0;1;3;
202000013579;154 718 406;B01;1;2;0;2;1;1;1;
202000013579;154 718 407;A01;2;7;0;2;8;1;1;
202000013580;154 718 403;C01;2;7;0;2;6;1;1;
202000013580;154 718 404;B01;1;7;0;2;1;1;1;
202000013580;154 718 405;A01;2;7;0;2;1;17;1;
202000013581;154 718 401;A01;2;7;0;2;8;1;0;
202000013581;154 718 402;B01;1;7;0;2;3;23;0;
202000013582;154 718 400;A01;2;7;0;1;7;1;1;
202000013583;154 718 398;A01;1;1;0;2;7;19;5;
202000013583;154 718 399;B01;2;31;0;2;1;1;1;
202000013584;154 718 396;B01;1;7;0;9;1;1;1;
202000013584;154 718 397;A01;1;31;0;9;1;26;1;
202000013585;154 718 394;B01;1;33;0;2;2;2;1;
202000013585;154 718 395;A01;1;7;11;2;3;15;1;
202000013586;154 718 392;A01;3;7;0;2;1;15;1;
202000013586;154 718 393;B01;3;10;0;2;3;1;1;
202000013587;154 718 390;A01;1;7;0;9;1;1;1;
202000013587;154 718 391;B01;1;34;0;2;7;1;1;
202000013588;154 718 387;C01;1;30;0;2;3;0;1;
202000013588;154 718 388;B01;2;7;0;2;3;1;1;
202000013588;154 718 389;A01;1;30;0;2;1;13;1;
202000013589;154 718 385;A01;3;7;0;2;3;10;1;
202000013589;154 718 386;B01;3;34;0;2;2;17;1;
202000013590;154 718 384;A01;2;7;0;1;5;20;0;
202000013591;154 718 383;A01;1;7;0;1;3;26;1;
202000013592;154 718 382;A01;1;7;0;1;1;2;1;
202000013593;154 718 380;B01;1;7;0;2;1;15;1;
202000013593;154 718 381;A01;2;7;0;2;3;23;1;
202000013594;154 718 377;C01;1;7;0;2;4;23;0;
202000013594;154 718 378;B01;1;7;0;2;4;2;1;
202000013594;154 718 379;A01;1;7;0;2;1;2;1;
202000013595;154 718 375;A01;1;7;0;2;2;9;1;
202000013595;154 718 376;B01;1;34;0;2;1;1;1;
202000013596;154 718 373;A01;1;10;0;2;8;10;0;
202000013596;154 718 374;B01;1;2;0;2;1;1;0;
202000013597;154 718 372;A01;2;30;8;0;2;14;1;
202000013598;154 718 369;B01;1;7;0;2;3;1;1;
202000013598;154 718 370;C01;1;34;0;2;2;1;1;
202000013598;154 718 371;A01;1;7;0;2;6;0;0;
202000013599;154 718 367;A01;2;7;4;0;8;1;1;
202000013600;154 718 364;A01;2;7;2;0;1;17;1;
202000013601;154 718 361;B01;2;7;0;2;5;17;1;
202000013601;154 718 362;A01;2;1;0;2;3;13;5;
202000013602;154 718 357;D01;1;7;0;2;4;23;1;
202000013602;154 718 358;C01;1;7;0;2;4;23;1;
202000013602;154 718 359;B01;1;7;0;2;4;23;1;
202000013602;154 718 360;A01;1;7;0;2;1;1;1;
202000013603;154 718 355;A01;2;2;0;2;1;5;1;
202000013603;154 718 356;B01;1;7;0;2;3;1;1;
202000013604;154 718 354;A01;2;33;0;0;3;26;1;
202000013605;154 718 351;A01;1;80;0;2;0;5;3;
202000013605;154 718 352;B01;2;7;0;2;0;1;1;
202000013606;154 718 350;A01;0;7;13;0;1;1;1;
202000013607;154 718 349;A01;2;33;6;6;1;1;1;
202000013608;154 718 347;B01;1;14;0;2;3;1;1;
202000013608;154 718 348;A01;2;7;0;2;3;13;1;
202000013609;154 718 346;A01;0;32;12;0;7;1;1;
202000013610;154 718 345;A01;2;7;2;0;3;14;1;
202000013611;154 718 343;A01;1;10;0;2;3;13;0;
202000013611;154 718 344;B01;2;31;0;2;8;21;0;
202000013612;154 718 342;A01;2;33;13;0;2;14;1;
202000013613;154 718 340;B01;1;7;0;0;4;23;1;
202000013613;154 718 341;A01;1;7;0;2;1;1;1;
202000013614;154 718 338;B01;3;2;0;2;1;1;1;
202000013614;154 718 339;A01;3;7;0;2;1;11;1;
202000013615;154 718 336;A01;1;7;0;9;1;1;1;
202000013615;154 718 337;B01;1;1;0;2;7;19;5;
202000013616;154 718 334;B01;2;21;0;2;3;13;1;
202000013616;154 718 335;A01;1;7;0;2;3;13;1;
202000013617;154 718 332;A01;1;1;0;2;1;1;5;
202000013617;154 718 333;B01;1;1;0;2;4;1;-1;
202000013618;154 718 331;A01;2;33;8;0;1;1;0;
202000013619;154 718 324;B01;2;2;0;0;8;1;1;
202000013619;154 718 325;A01;1;7;0;0;8;1;1;
202000013620;154 718 319;A01;2;33;0;0;3;26;1;
202000013621;154 718 318;A01;0;7;13;0;7;1;1;
202000013622;154 718 316;A01;0;7;0;2;3;15;1;
202000013622;154 718 317;B01;0;7;6;2;3;1;1;
202000013623;154 718 315;A01;2;33;0;0;8;1;1;
202000013624;154 718 314;A01;2;15;0;1;1;15;1;
202000013625;154 718 312;A01;3;7;0;2;2;15;1;
202000013625;154 718 313;B01;3;7;0;0;3;1;1;
202000013626;154 718 310;A01;1;7;0;2;3;15;1;
202000013626;154 718 311;B01;2;7;6;2;2;17;1;
202000013627;154 718 309;A01;1;7;15;0;1;21;6;
202000013628;154 718 308;A01;2;7;8;0;8;13;1;
202000013629;154 718 307;A01;3;7;0;0;0;0;1;
202000013630;154 718 305;B01;2;7;0;2;8;0;1;
202000013630;154 718 306;A01;1;99;0;2;1;1;1;
202000013631;154 718 303;B01;1;7;0;2;5;17;0;
202000013631;154 718 304;A01;1;7;0;0;6;2;0;
202000013632;154 718 301;B01;0;1;0;2;1;1;5;
202000013632;154 718 302;A01;3;7;0;9;3;1;1;
202000013633;154 718 299;A01;2;7;0;9;2;17;0;
202000013633;154 718 300;B01;2;1;0;2;4;1;6;
202000013634;154 718 297;A01;2;33;0;2;1;5;1;
202000013634;154 718 298;B01;1;7;0;2;1;21;1;
202000013635;154 718 293;A01;1;7;0;2;4;23;1;
202000013635;154 718 294;B01;1;7;0;2;1;1;1;
202000013636;154 718 292;A01;1;7;0;1;7;1;1;
202000013637;154 718 290;B01;1;7;0;2;1;0;1;
202000013637;154 718 291;A01;2;7;0;2;1;0;1;
202000013638;154 718 288;B01;2;7;0;2;3;1;0;
202000013638;154 718 289;A01;1;7;0;2;2;19;0;
202000013639;154 718 287;A01;1;7;2;0;1;1;1;
202000013640;154 718 286;A01;3;7;13;0;1;0;1;
202000013641;154 718 284;B01;1;7;0;2;1;1;1;
202000013641;154 718 285;A01;2;7;0;2;1;1;1;
202000013642;154 718 283;A01;1;10;0;0;3;0;1;
202000013643;154 718 279;C01;2;7;0;2;4;2;1;
202000013643;154 718 280;D01;2;7;0;2;4;2;1;
202000013643;154 718 281;B01;2;33;0;2;4;2;1;
202000013643;154 718 282;A01;2;7;0;2;1;2;1;
202000013644;154 718 278;A01;1;33;0;2;1;1;1;
202000013645;154 718 277;A01;1;33;14;0;7;1;0;
202000013646;154 718 275;B01;2;7;0;2;6;1;1;
202000013646;154 718 276;A01;2;7;0;2;3;1;1;
202000013647;154 718 273;B01;2;7;0;2;4;23;1;
202000013647;154 718 274;A01;2;7;1;0;1;2;1;
202000013648;154 718 271;A01;2;7;0;2;3;2;1;
202000013648;154 718 272;B01;2;10;4;2;4;2;1;
202000013649;154 718 269;B01;2;7;1;0;2;1;1;
202000013649;154 718 270;A01;2;7;0;2;6;23;1;
202000013650;154 718 267;B01;2;7;3;2;6;2;1;
202000013650;154 718 268;A01;2;7;0;2;1;1;1;
202000013651;154 718 265;B01;2;33;0;2;3;3;1;
202000013651;154 718 266;A01;2;7;0;2;6;1;1;
202000013652;154 718 262;C01;2;7;0;2;4;2;1;
202000013652;154 718 263;B01;2;7;0;2;3;1;1;
202000013652;154 718 264;A01;2;33;0;2;1;12;1;
202000013653;154 718 260;B01;2;7;0;2;4;1;1;
202000013653;154 718 261;A01;2;10;0;2;1;2;1;
202000013654;154 718 258;B01;2;7;0;2;1;1;1;
202000013654;154 718 259;A01;2;7;0;2;6;17;1;
202000013655;154 718 256;A01;1;7;2;0;1;0;0;
202000013656;154 718 255;A01;1;10;0;1;2;15;1;
202000013657;154 718 254;A01;2;50;0;1;1;1;3;
202000013658;154 718 252;B01;1;7;0;2;2;23;1;
202000013658;154 718 253;A01;2;7;0;2;1;5;1;
202000013659;154 718 249;C01;3;7;0;2;1;1;1;
202000013659;154 718 250;B01;3;7;0;2;2;1;1;
202000013659;154 718 251;A01;3;7;0;2;8;16;1;
202000013660;154 718 247;A01;1;7;15;2;3;1;1;
202000013660;154 718 248;B01;2;7;0;2;1;1;1;
202000013661;154 718 245;B01;2;34;0;2;1;1;1;
202000013661;154 718 246;A01;2;7;0;2;3;15;1;
202000013662;154 718 243;A01;1;7;0;2;4;1;1;
202000013662;154 718 244;B01;1;7;0;2;1;2;1;
202000013663;154 718 240;C01;1;7;1;0;1;2;1;
202000013663;154 718 241;B01;1;7;1;0;1;2;1;
202000013663;154 718 242;A01;1;7;0;0;0;0;1;
202000013664;154 718 239;A01;1;7;6;0;1;16;0;
202000013665;154 718 238;A01;2;34;12;0;1;1;1;
202000013666;154 718 237;A01;1;7;0;1;7;1;1;
202000013667;154 718 235;B01;1;7;0;2;4;1;1;
202000013667;154 718 236;A01;1;7;0;2;1;1;1;
202000013668;154 718 234;A01;1;7;8;0;1;1;1;
202000013669;154 718 232;B01;1;7;0;2;4;2;1;
202000013669;154 718 233;A01;2;7;0;2;1;2;1;
202000013670;154 718 230;B01;1;7;0;2;3;26;1;
202000013670;154 718 231;A01;2;31;0;2;3;1;1;
202000013671;154 718 229;A01;1;10;1;0;2;1;1;
202000013672;154 718 228;A01;3;7;1;1;2;13;1;
202000013673;154 718 226;B01;3;7;0;2;0;0;0;
202000013673;154 718 227;A01;3;7;0;2;0;0;0;
202000013674;154 718 222;B01;1;33;0;2;2;11;1;
202000013674;154 718 223;A01;2;2;1;2;1;26;1;
202000013675;154 718 221;A01;2;2;0;0;8;1;1;
202000013676;154 718 219;A01;2;33;15;0;1;17;1;
202000013676;154 718 220;B01;2;7;0;2;3;15;1;
202000013677;154 718 218;A01;2;7;0;1;3;1;1;
202000013678;154 718 216;B01;3;1;0;2;0;1;0;
202000013678;154 718 217;A01;3;7;0;2;0;9;1;
202000013679;154 718 215;A01;1;33;12;0;1;1;1;
202000013680;154 718 213;A01;1;33;0;2;2;2;0;
202000013680;154 718 214;B01;1;10;0;2;8;15;0;
202000013681;154 718 211;A01;3;7;0;2;3;9;1;
202000013681;154 718 212;B01;2;33;0;2;3;1;1;
202000013682;154 718 209;B01;3;7;0;2;6;15;1;
202000013682;154 718 210;A01;1;30;0;2;2;21;1;
202000013683;154 718 208;A01;3;7;0;1;2;1;6;
202000013684;154 718 207;A01;1;7;12;0;1;1;1;
202000013685;154 718 205;B01;1;7;0;2;4;1;1;
202000013685;154 718 206;A01;1;7;0;2;1;2;1;
202000013686;154 718 204;A01;2;7;3;0;2;1;1;
202000013687;154 718 203;A01;1;7;14;0;0;0;1;
202000013688;154 718 201;A01;1;33;0;2;0;1;1;
202000013688;154 718 202;B01;1;7;0;2;3;10;1;
202000013689;154 718 199;B01;1;7;8;2;5;16;1;
202000013689;154 718 200;A01;1;7;0;2;3;1;1;
202000013690;154 718 197;B01;2;7;0;2;1;1;1;
202000013690;154 718 198;A01;2;20;0;2;8;11;0;
202000013691;154 718 195;A01;1;7;0;9;0;16;1;
202000013691;154 718 196;B01;3;60;0;2;8;1;5;
202000013692;154 718 193;A01;2;10;0;2;2;19;1;
202000013692;154 718 194;B01;3;10;0;2;1;1;1;
202000013693;154 718 192;A01;1;7;2;0;1;14;1;
202000013694;154 718 189;B01;1;7;0;2;4;2;1;
202000013694;154 718 190;A01;1;7;0;2;1;2;1;
202000013694;154 718 191;C01;1;7;0;2;4;2;1;
202000013695;154 718 188;A01;1;34;1;0;6;14;1;
202000013696;154 718 186;B01;1;99;0;2;0;23;0;
202000013696;154 718 187;A01;1;37;0;2;3;2;1;1
202000013697;154 718 184;A01;1;7;0;2;3;15;0;
202000013697;154 718 185;B01;2;30;0;2;1;1;1;
202000013698;154 718 182;A01;1;37;0;9;7;1;1;1
202000013698;154 718 183;B01;1;1;0;2;3;13;5;
202000013699;154 718 181;A01;0;3;0;1;0;26;0;
202000013700;154 718 179;A01;2;7;0;2;2;9;1;
202000013700;154 718 180;B01;2;31;16;2;1;1;1;
202000013701;154 718 178;A01;1;7;0;1;2;19;0;
202000013702;154 718 176;B01;1;32;0;2;1;1;1;
202000013702;154 718 177;A01;2;7;0;2;2;15;0;
202000013703;154 718 174;A01;3;3;0;2;1;9;1;
202000013703;154 718 175;B01;3;7;0;2;3;16;1;
202000013704;154 718 173;A01;3;7;0;1;2;26;1;
202000013705;154 718 171;B01;-1;7;0;0;4;1;1;
202000013705;154 718 172;A01;-1;37;0;2;1;1;0;1
202000013706;154 718 170;A01;1;7;0;1;3;26;0;
202000013707;154 718 168;B01;1;10;0;2;1;1;1;
202000013707;154 718 169;A01;1;10;0;2;1;1;1;
202000013708;154 718 167;A01;2;31;0;2;2;1;1;
202000013709;154 718 166;A01;2;7;0;0;1;0;1;
202000013710;154 718 164;A01;3;10;0;2;2;3;1;
202000013710;154 718 165;B01;3;10;0;2;6;1;1;
202000013711;154 718 162;B01;2;7;0;2;1;1;1;
202000013711;154 718 163;A01;2;7;0;2;4;2;1;
202000013712;154 718 160;B01;2;7;0;2;3;1;1;
202000013712;154 718 161;A01;2;7;0;2;2;12;1;
202000013713;154 718 159;A01;1;7;4;0;3;13;1;
202000013714;154 718 157;A01;1;10;0;2;2;15;1;
202000013714;154 718 158;B01;2;2;0;2;1;1;1;
202000013715;154 718 155;A01;0;7;0;2;1;1;1;
202000013715;154 718 156;B01;3;7;0;2;9;1;1;
202000013716;154 718 154;A01;3;33;0;0;1;15;1;
202000013717;154 718 153;A01;3;2;14;0;1;1;1;
202000013718;154 718 151;A01;2;33;0;2;8;1;0;
202000013718;154 718 152;B01;2;7;0;2;7;16;0;
202000013719;154 718 149;A01;1;33;0;2;1;2;1;
202000013719;154 718 150;B01;1;7;14;0;4;0;1;
202000013720;154 718 148;A01;1;34;0;0;8;26;1;
202000013721;154 718 146;B01;2;7;0;2;4;14;1;
202000013721;154 718 147;A01;2;7;0;2;3;1;0;
202000013722;154 718 144;A01;1;32;0;2;1;15;0;
202000013722;154 718 145;B01;1;33;0;2;1;1;0;
202000013723;154 718 142;B01;1;2;0;2;4;1;1;
202000013723;154 718 143;A01;1;7;0;2;1;1;1;
202000013724;154 718 140;A01;1;33;0;2;1;9;1;
202000013724;154 718 141;B01;1;7;0;2;2;1;1;
202000013725;154 718 139;A01;2;30;0;1;1;1;0;
202000013726;154 718 137;B01;2;33;0;2;1;1;1;
202000013726;154 718 138;A01;2;7;0;2;8;15;1;
202000013727;154 718 135;B01;1;7;0;2;3;1;1;
202000013727;154 718 136;A01;1;30;0;2;1;15;1;
202000013728;154 718 133;B01;2;2;0;2;1;17;1;
202000013728;154 718 134;A01;3;7;0;2;1;1;1;
202000013729;154 718 132;A01;2;37;0;1;5;1;1;1
202000013730;154 718 130;B01;1;33;0;2;1;1;1;
202000013730;154 718 131;A01;2;7;0;2;7;15;1;
202000013731;154 718 128;Y01;0;1;0;2;1;26;5;
202000013731;154 718 129;A01;0;7;0;9;7;15;1;
202000013732;154 718 127;A01;3;7;0;1;1;1;1;
202000013733;154 718 126;A01;3;36;2;0;1;26;1;
202000013734;154 718 124;B01;2;33;0;2;7;9;1;
202000013734;154 718 125;A01;2;7;1;2;3;9;1;
202000013735;154 718 122;B01;2;40;0;2;7;1;3;
202000013735;154 718 123;A01;1;1;0;4;1;19;5;
202000013736;154 718 120;Z01;2;7;0;2;1;1;1;
202000013736;154 718 121;B01;1;7;0;2;1;1;1;
202000013737;154 718 118;A01;1;15;0;2;1;1;1;
202000013737;154 718 119;B01;1;15;0;2;4;2;1;
202000013738;154 718 116;A01;1;7;0;2;3;15;1;
202000013738;154 718 117;B01;1;33;0;2;1;1;1;
202000013739;154 718 114;B01;2;7;0;2;7;16;1;
202000013739;154 718 115;A01;2;2;0;2;8;18;1;
202000013740;154 718 113;A01;1;30;11;0;1;16;1;
202000013741;154 718 111;B01;2;33;0;2;7;17;1;
202000013741;154 718 112;A01;2;30;0;2;8;11;1;
202000013742;154 718 110;A01;3;32;0;0;7;16;1;
202000013743;154 718 108;B01;1;2;0;2;3;21;1;
202000013743;154 718 109;A01;1;7;0;2;3;9;1;
202000013744;154 718 107;A01;1;30;12;0;8;13;1;
202000013745;154 718 105;A01;2;7;0;2;1;15;1;
202000013745;154 718 106;B01;3;33;0;2;1;1;1;
202000013746;154 718 103;B01;1;14;0;2;3;15;1;
202000013746;154 718 104;A01;1;34;0;2;1;17;1;
202000013747;154 718 101;A01;1;32;0;0;0;17;1;
202000013747;154 718 102;Z01;1;10;0;0;0;0;0;
202000013748;154 718 099;B01;1;1;0;2;8;15;6;
202000013748;154 718 100;A01;1;7;0;9;1;16;1;
202000013749;154 718 097;A01;0;80;0;2;1;1;3;
202000013749;154 718 098;B01;0;7;0;2;3;15;1;
202000013750;154 718 095;B01;2;7;0;2;5;17;1;
202000013750;154 718 096;A01;2;33;0;2;3;11;1;
202000013751;154 718 093;A01;1;2;0;2;1;18;1;
202000013751;154 718 094;B01;1;7;0;2;5;1;1;
202000013752;154 718 091;A01;2;1;0;2;7;1;5;
202000013752;154 718 092;B01;3;7;0;2;7;23;1;
202000013753;154 718 090;A01;3;2;0;0;7;1;1;
202000013754;154 718 088;A01;3;7;0;-1;1;1;-1;
202000013754;154 718 089;B01;3;1;0;-1;1;1;-1;
202000013755;154 718 086;B01;3;1;0;2;1;13;5;
202000013755;154 718 087;A01;3;50;0;2;1;14;3;
202000013756;154 718 084;B01;3;7;0;2;3;1;1;
202000013756;154 718 085;A01;2;7;10;2;1;2;1;
202000013757;154 718 083;A01;2;31;0;1;2;1;1;
202000013758;154 718 080;C01;2;7;0;2;3;1;1;
202000013758;154 718 081;A01;2;7;1;2;6;11;1;
202000013758;154 718 082;B01;2;7;0;2;2;1;1;
202000013759;154 718 079;A01;3;7;0;1;4;20;1;
202000013760;154 718 077;Z01;0;2;0;2;1;11;0;
202000013760;154 718 078;A01;3;1;0;0;4;2;5;
202000013761;154 718 075;A01;2;7;0;2;1;9;1;
202000013761;154 718 076;B01;1;32;0;2;4;1;1;
202000013762;154 718 073;B01;2;7;0;2;4;2;1;
202000013762;154 718 074;A01;2;7;0;2;1;2;1;
202000013763;154 718 072;A01;2;1;0;0;1;1;5;
202000013764;154 718 070;B01;1;1;0;2;1;1;5;
202000013764;154 718 071;A01;2;10;0;2;3;15;1;
202000013765;154 718 068;B01;1;7;0;2;3;23;1;
202000013765;154 718 069;A01;1;7;0;2;3;1;1;
202000013766;154 718 066;Z01;1;7;0;0;0;0;0;
202000013766;154 718 067;B01;1;7;0;2;8;1;1;
202000013767;154 718 064;A01;2;7;0;2;1;2;1;
202000013767;154 718 065;B01;2;7;0;2;4;0;1;
202000013768;154 718 062;A01;2;7;0;2;9;16;1;
202000013768;154 718 063;B01;2;14;0;2;3;1;1;
202000013769;154 718 061;A01;1;7;8;0;1;4;1;
202000013770;154 718 059;B01;1;7;0;2;1;0;1;
202000013770;154 718 060;A01;1;7;0;2;0;0;0;
202000013771;154 718 057;A01;1;7;0;2;6;15;1;
202000013771;154 718 058;B01;1;7;0;2;2;1;1;
202000013772;154 718 055;A01;3;60;0;2;1;2;5;
202000013772;154 718 056;B01;3;1;0;2;1;2;5;
202000013773;154 718 054;A01;2;7;0;1;3;1;1;
202000013774;154 718 052;A01;2;3;0;2;6;9;1;
202000013774;154 718 053;B01;1;32;0;2;1;1;1;
202000013775;154 718 050;A01;2;10;0;2;3;15;1;
202000013775;154 718 051;B01;3;33;0;2;1;1;1;
202000013776;154 718 048;A01;2;7;0;2;1;2;1;
202000013776;154 718 049;B01;2;34;0;2;4;2;1;
202000013777;154 718 046;A01;3;7;0;2;1;1;1;
202000013777;154 718 047;B01;3;3;0;0;1;13;0;
202000013778;154 718 045;A01;1;32;0;1;2;1;3;
202000013779;154 718 043;A01;3;2;0;2;4;15;1;
202000013779;154 718 044;B01;3;7;0;2;2;1;1;
202000013780;154 718 040;C01;3;7;0;2;4;1;1;
202000013780;154 718 041;B01;3;7;0;2;9;1;1;
202000013780;154 718 042;A01;0;7;0;2;1;1;1;
202000013781;154 718 038;A01;3;50;0;2;3;26;3;
202000013781;154 718 039;B01;3;2;0;2;3;15;1;
202000013782;154 718 036;A01;1;2;0;2;8;1;1;
202000013782;154 718 037;B01;1;7;0;2;3;15;1;
202000013783;154 718 035;A01;3;10;0;1;4;4;1;
202000013784;154 718 033;B01;3;2;0;2;4;15;1;
202000013784;154 718 034;A01;3;7;0;2;1;1;1;
202000013785;154 718 032;A01;2;7;0;1;1;1;1;
202000013786;154 718 030;A01;2;7;0;2;7;15;1;
202000013786;154 718 031;B01;1;32;0;2;1;1;1;
202000013787;154 718 027;C01;2;30;0;2;4;23;1;
202000013787;154 718 028;B01;2;7;0;2;4;23;1;
202000013787;154 718 029;A01;2;7;0;2;1;2;1;
202000013788;154 718 025;B01;2;10;0;2;3;9;1;
202000013788;154 718 026;A01;2;1;0;2;7;1;5;
202000013789;154 718 023;B01;2;10;0;2;2;2;1;
202000013789;154 718 024;A01;2;7;0;2;6;23;1;
202000013790;154 718 021;B01;2;7;0;2;2;1;1;
202000013790;154 718 022;A01;2;10;0;2;2;9;1;
202000013791;154 718 020;A01;1;32;0;0;7;21;1;
202000013792;154 718 018;A01;2;7;0;2;1;2;1;
202000013792;154 718 019;B01;2;7;0;2;6;2;1;
202000013793;154 718 016;A01;2;7;0;2;4;2;1;
202000013793;154 718 017;B01;2;30;0;2;4;23;1;
202000013794;154 718 014;A01;1;7;0;2;2;15;1;
202000013794;154 718 015;B01;2;30;0;2;1;1;1;
202000013795;154 718 011;C01;1;7;0;2;4;2;1;
202000013795;154 718 012;A01;1;14;0;2;1;2;1;
202000013795;154 718 013;B01;1;7;0;2;4;2;1;
202000013796;154 718 009;A01;2;7;0;2;2;23;2;
202000013796;154 718 010;B01;2;50;0;2;2;16;3;
202000013797;154 718 007;B01;2;1;0;2;3;1;5;
202000013797;154 718 008;A01;2;37;0;2;2;12;1;1
202000013798;154 718 005;A01;2;7;0;2;7;1;1;
202000013798;154 718 006;B01;1;30;0;2;1;1;3;
202000013799;154 718 004;A01;1;1;0;0;0;15;5;
202000013800;154 718 002;B01;1;7;0;0;4;0;0;
202000013800;154 718 003;A01;1;30;0;0;1;0;0;
202000013801;154 718 000;B01;1;7;0;2;8;23;1;
202000013801;154 718 001;A01;2;2;0;2;1;26;3;
202000013802;154 717 999;A01;1;30;1;2;1;1;1;
202000013803;154 717 997;A01;1;7;0;2;3;15;1;
202000013803;154 717 998;B01;1;32;0;2;2;1;1;
202000013804;154 717 995;A01;1;2;0;2;4;1;0;
202000013804;154 717 996;B01;1;7;0;2;1;1;0;
202000013805;154 717 993;A01;1;7;0;2;1;26;1;
202000013805;154 717 994;B01;1;7;0;2;5;15;1;
202000013806;154 717 991;B01;1;2;0;2;1;0;1;
202000013806;154 717 992;A01;1;7;0;0;4;26;1;
202000013807;154 717 989;B01;-1;7;0;2;2;2;1;
202000013807;154 717 990;A01;-1;30;0;2;6;17;1;
202000013808;154 717 987;A01;-1;7;0;2;1;15;1;
202000013808;154 717 988;B01;-1;7;8;2;7;0;1;
202000013809;154 717 986;A01;2;7;0;1;2;1;1;
202000013810;154 717 985;A01;0;10;0;1;4;4;0;
202000013811;154 717 983;A01;0;10;0;2;1;2;3;
202000013811;154 717 984;B01;0;32;0;2;4;2;1;
202000013812;154 717 982;A01;0;30;0;2;1;21;1;
202000013813;154 717 980;A01;1;30;0;2;1;2;1;
202000013813;154 717 981;B01;1;7;0;2;4;2;1;
202000013814;154 717 978;B01;1;50;0;2;1;19;3;
202000013814;154 717 979;A01;1;7;0;2;7;1;1;
202000013815;154 717 977;A01;1;50;0;0;2;1;3;
202000013816;154 717 974;A01;1;7;0;2;1;2;1;
202000013816;154 717 975;B01;1;10;0;2;4;2;1;
202000013816;154 717 976;C01;1;7;0;9;4;2;1;
202000013817;154 717 972;B01;2;7;0;2;1;1;2;
202000013817;154 717 973;A01;1;7;16;2;5;5;0;
202000013818;154 717 971;A01;1;31;12;0;1;1;1;
202000013819;154 717 970;A01;1;7;0;1;1;1;0;
202000013820;154 717 969;A01;1;10;13;0;1;1;1;
202000013821;154 717 968;A01;1;2;6;0;3;13;0;
202000013822;154 717 967;A01;1;10;2;0;1;19;0;
202000013823;154 717 965;A01;1;7;0;2;2;2;0;
202000013823;154 717 966;B01;1;30;0;0;4;2;0;
202000013824;154 717 964;A01;1;7;3;0;3;1;1;
202000013825;154 717 962;B01;1;33;0;2;8;1;1;
202000013825;154 717 963;A01;2;7;0;2;1;17;0;
202000013826;154 717 960;A01;2;7;0;2;3;1;1;
202000013826;154 717 961;B01;1;7;0;2;3;1;1;
202000013827;154 717 959;A01;1;33;13;0;1;1;1;
202000013828;154 717 957;A01;1;7;6;0;2;1;1;
202000013829;154 717 956;A01;3;3;0;0;0;1;1;
202000013830;154 717 954;A01;1;7;0;2;8;26;1;
202000013830;154 717 955;B01;1;33;0;2;8;1;1;
202000013831;154 717 953;A01;3;1;0;0;9;1;5;
202000013832;154 717 951;B01;2;7;0;2;3;1;1;
202000013832;154 717 952;A01;1;7;0;2;3;13;1;
202000013833;154 717 950;A01;1;7;6;0;3;1;1;
202000013834;154 717 948;B01;2;7;0;2;1;0;1;
202000013834;154 717 949;A01;1;7;0;2;1;0;1;
202000013835;154 717 946;A01;2;33;0;2;7;1;1;
202000013835;154 717 947;B01;2;7;0;2;3;9;1;
202000013836;154 717 944;B01;2;2;0;2;6;15;1;
202000013836;154 717 945;A01;2;10;0;2;2;2;1;
202000013837;154 717 943;A01;1;7;6;0;1;6;1;
202000013838;154 717 941;B01;2;7;0;2;8;1;1;
202000013838;154 717 942;A01;1;7;0;2;1;19;1;
202000013839;154 717 940;A01;1;1;12;0;0;1;5;
202000013840;154 717 938;A01;1;7;0;2;8;15;1;
202000013840;154 717 939;B01;1;30;0;2;1;13;1;
202000013841;154 717 937;A01;1;31;2;0;1;0;1;