num_acc;id_vehicule;num_veh;senc;catv;obs;obsm;choc;manv;motor;occutc
202000014425;154 716 954;A01;0;10;0;2;1;1;0;
202000014426;154 716 951;A01;2;7;0;2;1;18;0;
202000014426;154 716 952;B01;2;7;0;0;0;0;0;
202000014427;154 716 950;A01;3;7;0;1;3;15;0;
202000014428;154 716 949;A01;3;33;0;1;0;21;1;
202000014429;154 716 947;A01;3;7;0;2;3;10;1;
202000014429;154 716 948;B01;3;33;0;2;0;1;1;
202000014430;154 716 945;A01;3;15;0;2;2;1;1;
202000014430;154 716 946;B01;3;33;0;2;8;15;1;
202000014431;154 716 943;B01;1;7;0;2;8;1;1;
202000014431;154 716 944;A01;1;0;0;2;1;1;0;
202000014432;154 716 941;B01;1;7;0;2;5;2;3;
202000014432;154 716 942;A01;1;30;0;2;1;2;1;
202000014433;154 716 939;A01;3;7;0;2;3;15;1;
202000014433;154 716 940;B01;3;31;0;2;2;1;1;
202000014434;154 716 937;A01;2;15;0;2;2;1;1;
202000014434;154 716 938;B01;1;2;0;2;1;13;1;
202000014435;154 716 931;D01;2;33;0;2;1;11;0;
202000014435;154 716 932;F01;1;10;0;2;5;1;0;
202000014435;154 716 933;E01;2;7;0;2;8;1;0;
202000014435;154 716 934;C01;2;33;0;2;1;5;0;
202000014435;154 716 935;B01;1;15;9;2;2;11;0;
202000014435;154 716 936;A01;2;7;3;2;2;5;0;
202000014436;154 716 929;A01;1;7;0;2;1;5;1;
202000014436;154 716 930;B01;2;7;0;2;1;0;1;
202000014437;154 716 925;A01;1;2;0;2;8;15;1;
202000014437;154 716 926;B01;1;7;0;2;3;1;1;
202000014438;154 716 923;B01;1;17;6;2;3;21;1;
202000014438;154 716 924;A01;2;20;0;2;3;13;1;
202000014439;154 716 922;A01;1;7;0;0;9;1;1;
202000014440;154 716 920;A01;2;7;0;2;3;13;1;
202000014440;154 716 921;B01;1;7;0;2;3;1;1;
202000014441;154 716 919;A01;2;7;3;0;9;1;0;
202000014442;154 716 916;C01;1;15;0;2;1;1;1;
202000014442;154 716 917;B01;2;7;0;0;6;23;1;
202000014442;154 716 918;A01;2;7;0;2;2;2;1;
202000014443;154 716 914;B01;1;7;0;2;1;1;1;
202000014443;154 716 915;A01;1;17;0;2;2;15;1;
202000014444;154 716 912;A01;2;7;0;2;1;13;0;
202000014444;154 716 913;B01;1;7;0;2;3;1;0;
202000014445;154 716 911;A01;2;7;3;0;3;17;1;
202000014446;154 716 910;A01;2;7;3;0;2;1;1;
202000014447;154 716 909;A01;1;7;3;0;1;13;1;
202000014448;154 716 907;B01;2;7;9;2;8;1;1;
202000014448;154 716 908;A01;1;7;0;2;1;1;1;
202000014449;154 716 905;B01;2;7;0;2;1;1;1;
202000014449;154 716 906;A01;1;7;0;2;8;15;1;
202000014450;154 716 904;A01;0;7;0;1;2;26;1;
202000014451;154 716 902;B01;3;99;0;0;4;2;6;
202000014451;154 716 903;A01;0;33;0;2;1;2;6;
202000014452;154 716 901;A01;1;33;15;0;1;0;1;
202000014453;154 716 899;A01;2;7;0;2;1;17;1;
202000014453;154 716 900;B01;2;17;0;0;8;1;1;
202000014454;154 716 897;A01;2;1;0;2;1;15;5;
202000014454;154 716 898;B01;1;7;0;2;2;1;1;
202000014455;154 716 896;A01;1;7;15;0;1;1;1;
202000014456;154 716 895;A01;1;7;0;1;2;1;0;
202000014457;154 716 893;A01;0;7;0;9;3;16;0;
202000014457;154 716 894;B01;0;1;0;2;7;12;5;
202000014458;154 716 891;B01;2;7;7;2;1;1;1;
202000014458;154 716 892;A01;1;7;0;2;7;13;1;
202000014459;154 716 890;A01;1;7;4;0;2;1;1;
202000014460;154 716 888;B01;1;10;0;0;6;0;1;
202000014460;154 716 889;A01;1;7;0;2;2;0;1;
202000014461;154 716 885;A01;2;7;0;2;1;1;1;
202000014461;154 716 886;B01;2;7;0;0;4;1;1;
202000014461;154 716 887;C01;2;7;0;2;4;1;1;
202000014462;154 716 884;A01;1;33;0;0;0;1;1;
202000014463;154 716 883;A01;1;7;0;1;1;1;0;
202000014464;154 716 882;A01;2;7;0;1;7;1;1;
202000014465;154 716 879;A01;1;30;0;2;1;17;1;
202000014465;154 716 880;B01;1;7;0;2;8;15;1;
202000014466;154 716 878;A01;1;7;0;0;9;14;1;
202000014467;154 716 876;B01;3;7;0;2;3;10;1;
202000014467;154 716 877;A01;2;7;0;2;2;2;1;
202000014468;154 716 874;A01;0;7;0;2;2;13;1;
202000014468;154 716 875;B01;0;7;0;2;3;1;1;
202000014469;154 716 873;A01;1;33;9;0;1;13;1;
202000014470;154 716 871;A01;3;7;0;9;7;0;0;
202000014470;154 716 872;B01;3;60;0;9;3;19;5;
202000014471;154 716 869;A01;1;7;0;2;2;1;1;
202000014471;154 716 870;Z01;1;7;0;2;3;18;1;
202000014472;154 716 867;B01;1;7;0;2;5;23;1;
202000014472;154 716 868;A01;1;33;0;2;1;12;1;
202000014473;154 716 866;A01;3;32;0;0;1;1;1;
202000014474;154 716 864;A01;1;1;0;2;7;1;5;
202000014474;154 716 865;B01;1;7;0;2;6;1;1;
202000014475;154 716 862;A01;3;33;0;2;7;1;1;
202000014475;154 716 863;B01;3;7;0;2;7;1;1;
202000014476;154 716 861;A01;1;31;0;0;0;1;1;
202000014477;154 716 859;B01;1;7;0;2;3;16;1;
202000014477;154 716 860;A01;3;34;6;2;1;15;1;
202000014478;154 716 858;A01;1;7;0;1;1;15;1;
202000014479;154 716 856;C01;1;7;0;2;1;0;0;
202000014479;154 716 857;A01;2;30;0;0;4;23;0;
202000014480;154 716 854;B01;2;1;0;2;7;15;5;
202000014480;154 716 855;A01;1;7;14;2;1;13;1;
202000014481;154 716 853;A01;1;30;0;0;8;1;4;
202000014482;154 716 852;A01;1;7;2;0;1;21;1;
202000014483;154 716 851;A01;1;7;0;1;1;1;0;
202000014484;154 716 850;A01;1;7;2;0;3;1;1;
202000014485;154 716 848;B01;3;1;0;2;1;5;5;
202000014485;154 716 849;A01;3;7;0;2;3;1;1;
202000014486;154 716 847;A01;2;7;0;0;9;1;1;
202000014487;154 716 845;A01;0;7;0;9;8;26;1;
202000014487;154 716 846;B01;0;1;0;2;8;2;5;
202000014488;154 716 844;A01;1;33;13;0;1;1;1;
202000014489;154 716 842;A01;3;7;0;2;2;1;1;
202000014489;154 716 843;B01;3;1;0;2;8;16;5;
202000014490;154 716 841;A01;2;1;0;0;9;1;5;
202000014491;154 716 840;A01;1;7;13;0;3;1;0;
202000014492;154 716 839;A01;1;7;6;0;1;1;1;
202000014493;154 716 838;A01;3;7;9;0;1;0;1;
202000014494;154 716 837;A01;1;36;13;0;4;1;1;
202000014495;154 716 835;A01;1;7;0;2;3;15;1;
202000014495;154 716 836;B01;2;1;0;2;1;26;5;
202000014496;154 716 834;A01;1;7;0;0;0;13;1;
202000014497;154 716 833;A01;0;7;2;0;1;13;1;
202000014498;154 716 832;A01;2;2;0;0;0;1;1;
202000014499;154 716 831;A01;2;2;0;1;1;1;0;
202000014500;154 716 829;A01;2;7;0;2;6;1;1;
202000014500;154 716 830;B01;2;7;0;2;8;12;1;
202000014501;154 716 828;A01;1;7;6;0;2;21;1;
202000014502;154 716 827;A01;2;7;3;0;1;1;1;
202000014503;154 716 825;B01;3;10;0;2;6;1;1;
202000014503;154 716 826;A01;3;7;0;2;3;13;1;
202000014504;154 716 824;Z01;0;30;0;1;0;1;0;
202000014505;154 716 823;A01;1;31;0;0;0;19;1;
202000014506;154 716 822;A01;1;7;0;2;1;26;1;
202000014507;154 716 821;A01;1;3;4;0;1;26;1;
202000014508;154 716 819;B01;2;7;0;0;5;1;1;
202000014508;154 716 820;A01;2;7;4;2;9;2;1;
202000014509;154 716 816;C01;1;7;0;2;1;2;1;
202000014509;154 716 817;B01;1;7;0;2;1;1;1;
202000014509;154 716 818;A01;1;10;0;2;4;2;1;
202000014510;154 716 815;A01;2;33;12;0;3;0;1;
202000014511;154 716 814;A01;0;30;0;0;1;1;3;
202000014512;154 716 812;B01;1;31;0;2;1;21;1;
202000014512;154 716 813;A01;1;7;0;2;4;1;1;
202000014513;154 716 810;A01;1;7;0;2;2;2;1;
202000014513;154 716 811;B01;1;7;0;2;6;23;1;
202000014514;154 716 809;A01;1;1;12;0;1;25;5;
202000014515;154 716 808;B01;0;7;7;0;1;14;1;
202000014516;154 716 807;A01;2;1;0;1;1;1;5;
202000014517;154 716 806;A01;1;7;2;0;1;14;1;
202000014518;154 716 805;A01;0;7;0;1;7;1;1;
202000014519;154 716 804;A01;1;33;4;0;8;13;1;
202000014520;154 716 803;A01;1;1;0;0;1;1;5;
202000014521;154 716 802;A01;1;80;2;0;2;14;3;
202000014522;154 716 800;A01;2;1;0;2;4;21;5;
202000014522;154 716 801;Z01;2;1;0;2;1;1;5;
202000014523;154 716 799;A01;1;7;14;0;3;1;1;
202000014524;154 716 798;A01;2;1;0;0;0;1;5;
202000014525;154 716 797;Z01;0;30;0;1;1;1;0;
202000014526;154 716 796;A01;1;7;0;1;4;4;0;
202000014527;154 716 795;A01;2;7;0;1;2;21;1;
202000014528;154 716 790;B01;3;7;0;2;3;15;1;
202000014528;154 716 791;A01;3;2;0;2;1;1;1;
202000014529;154 716 788;A01;1;10;0;2;1;1;1;
202000014529;154 716 789;B01;2;7;0;2;8;19;1;
202000014530;154 716 786;A01;2;50;0;2;2;1;3;
202000014530;154 716 787;B01;1;7;0;2;3;9;1;
202000014531;154 716 785;A01;3;1;9;0;1;15;5;
202000014532;154 716 784;A01;1;35;0;0;1;0;1;
202000014533;154 716 782;A01;1;7;0;2;1;2;1;
202000014533;154 716 783;B01;1;34;0;2;4;2;1;
202000014534;154 716 780;B01;1;7;0;2;2;1;1;
202000014534;154 716 781;A01;1;7;0;2;1;15;1;
202000014535;154 716 779;A01;1;33;0;0;1;1;1;
202000014536;154 716 778;A01;1;50;0;0;0;1;3;
202000014537;154 716 776;B01;3;7;0;2;1;1;1;
202000014537;154 716 777;A01;3;7;0;2;1;1;1;
202000014538;154 716 775;A01;1;7;2;0;2;0;0;
202000014539;154 716 773;A01;3;34;0;0;8;1;1;
202000014540;154 716 771;A01;1;7;13;2;5;15;1;
202000014540;154 716 772;B01;2;7;13;2;1;1;1;
202000014541;154 716 770;A01;0;2;5;0;0;0;1;
202000014542;154 716 769;A01;1;7;0;0;3;0;1;
202000014543;154 716 768;A01;2;7;7;0;5;2;1;
202000014544;154 716 767;A01;3;33;0;0;9;1;1;
202000014545;154 716 766;A01;1;7;0;1;2;1;0;
202000014546;154 716 762;C01;2;7;0;2;1;13;1;
202000014546;154 716 763;A01;1;7;0;2;8;1;1;
202000014546;154 716 764;B01;1;7;0;2;1;1;1;
202000014547;154 716 761;A01;2;7;2;0;3;17;1;
202000014548;154 716 759;A01;1;7;3;0;3;13;1;
202000014548;154 716 760;B01;2;17;0;0;1;1;1;
202000014549;154 716 757;B01;1;33;0;2;1;1;1;
202000014549;154 716 758;A01;1;7;0;0;6;9;0;
202000014550;154 716 756;A01;3;2;0;0;0;0;1;
202000014551;154 716 754;A01;1;33;0;2;1;17;1;
202000014551;154 716 755;B01;1;17;0;2;6;17;0;
202000014552;154 716 751;A01;1;33;0;0;0;21;1;
202000014553;154 716 749;A01;1;7;2;0;0;13;1;
202000014554;154 716 747;B01;2;7;0;2;4;0;1;
202000014554;154 716 748;A01;2;17;0;2;1;2;1;
202000014555;154 716 745;B01;3;33;0;2;8;9;0;
202000014555;154 716 746;A01;3;7;0;2;2;9;0;
202000014556;154 716 743;B01;1;10;0;2;4;1;1;
202000014556;154 716 744;A01;1;10;0;2;3;2;1;
202000014557;154 716 741;A01;3;2;0;2;1;1;1;
202000014557;154 716 742;B01;3;2;0;2;1;1;0;
202000014558;154 716 739;B01;3;1;0;2;1;1;5;
202000014558;154 716 740;A01;3;7;0;2;1;9;1;
202000014559;154 716 738;A01;3;7;10;0;1;0;1;
202000014560;154 716 737;A01;1;7;0;1;2;21;1;
202000014561;154 716 735;A01;2;7;0;2;1;15;1;
202000014561;154 716 736;B01;2;33;0;2;1;15;1;
202000014562;154 716 733;A01;1;7;0;2;3;1;1;
202000014562;154 716 734;B01;2;1;0;2;1;1;5;
202000014563;154 716 732;A01;3;33;0;1;7;14;1;
202000014564;154 716 731;A01;3;13;6;0;1;1;1;
202000014565;154 716 730;B01;3;10;1;0;1;1;1;
202000014566;154 716 728;B01;2;33;0;2;1;1;1;
202000014566;154 716 729;A01;1;7;0;2;1;15;1;
202000014567;154 716 726;B01;3;33;0;2;1;1;1;
202000014567;154 716 727;A01;3;10;0;2;2;15;1;
202000014568;154 716 725;A01;3;7;0;1;1;1;1;
202000014569;154 716 723;A01;2;7;0;2;2;15;1;
202000014569;154 716 724;B01;1;33;0;2;3;0;1;
202000014570;154 716 721;A01;1;7;0;2;0;10;1;
202000014570;154 716 722;B01;1;32;0;2;1;1;1;
202000014571;154 716 720;A01;1;80;11;0;1;1;3;
202000014572;154 716 719;A01;1;7;0;1;1;15;0;
202000014573;154 716 717;A01;1;7;0;2;8;15;1;
202000014573;154 716 718;B01;0;1;0;2;5;0;5;
202000014574;154 716 716;A01;3;33;14;0;1;1;1;
202000014575;154 716 715;A01;1;30;0;0;1;1;1;
202000014576;154 716 713;A01;2;33;0;2;0;0;1;
202000014576;154 716 714;Z01;2;7;0;2;8;22;1;
202000014577;154 716 711;A01;0;33;0;2;0;0;1;
202000014577;154 716 712;Z01;0;10;0;0;0;0;0;
202000014578;154 716 710;A01;1;10;0;1;1;15;1;
202000014579;154 716 709;A01;1;7;0;1;1;1;1;
202000014580;154 716 707;A01;2;7;0;2;3;13;1;
202000014580;154 716 708;B01;2;7;0;2;2;23;1;
202000014581;154 716 705;A01;1;7;14;2;3;26;1;
202000014581;154 716 706;B01;1;7;9;2;6;0;1;
202000014582;154 716 703;B01;0;2;0;2;2;1;1;
202000014582;154 716 704;A01;0;7;0;2;6;10;0;
202000014583;154 716 701;A01;1;7;0;2;3;13;1;
202000014583;154 716 702;B01;2;7;0;2;3;1;1;
202000014584;154 716 699;A01;1;7;0;2;1;12;1;
202000014584;154 716 700;B01;1;7;0;2;6;1;1;
202000014585;154 716 698;Z01;1;10;0;1;4;4;0;
202000014586;154 716 696;B01;1;33;0;2;4;1;1;
202000014586;154 716 697;A01;1;7;0;2;2;14;1;
202000014587;154 716 694;A01;3;1;0;2;7;16;5;
202000014587;154 716 695;B01;2;7;0;2;8;1;1;
202000014588;154 716 693;A01;1;1;0;0;3;21;5;
202000014589;154 716 691;A01;1;7;0;2;1;2;1;
202000014589;154 716 692;B01;1;7;0;2;0;0;1;
202000014590;154 716 689;B01;1;7;0;2;1;26;1;
202000014590;154 716 690;A01;2;1;0;2;7;1;5;
202000014591;154 716 687;A01;2;30;0;2;6;1;1;
202000014591;154 716 688;B01;2;7;0;2;2;10;0;
202000014592;154 716 685;B01;2;33;0;1;9;23;1;
202000014592;154 716 686;A01;2;10;0;2;1;2;1;
202000014593;154 716 683;A01;2;7;0;2;0;4;1;
202000014593;154 716 684;B01;2;1;0;2;1;1;5;
202000014594;154 716 681;B01;1;1;0;2;8;1;5;
202000014594;154 716 682;A01;1;7;0;2;1;16;1;
202000014595;154 716 679;A01;-1;10;0;2;2;1;1;
202000014595;154 716 680;B01;0;7;0;2;3;1;1;
202000014596;154 716 678;A01;0;7;9;1;1;1;0;
202000014597;154 716 677;A01;3;7;2;0;7;15;1;
202000014598;154 716 674;C01;1;7;0;2;4;2;1;
202000014598;154 716 675;A01;1;7;0;2;1;1;1;
202000014598;154 716 676;B01;1;7;0;2;4;1;1;
202000014599;154 716 672;B01;2;7;0;2;8;1;1;
202000014599;154 716 673;A01;1;7;0;2;1;1;1;
202000014600;154 716 671;A01;1;7;0;6;2;0;1;
202000014601;154 716 670;A01;1;7;13;0;9;1;1;
202000014602;154 716 669;A01;3;7;0;1;0;1;0;
202000014603;154 716 667;A01;1;7;0;2;2;12;1;
202000014603;154 716 668;B01;1;3;3;0;4;1;1;
202000014604;154 716 665;B01;2;10;13;2;1;2;1;
202000014604;154 716 666;A01;2;17;0;0;5;2;1;
202000014605;154 716 664;A01;2;7;6;0;9;1;1;
202000014606;154 716 660;B01;1;7;0;2;1;1;1;
202000014606;154 716 661;A01;2;7;0;2;1;17;1;
202000014607;154 716 659;A01;2;33;0;0;3;1;1;
202000014608;154 716 657;B01;2;14;0;2;6;2;1;
202000014608;154 716 658;A01;2;7;0;2;1;2;1;
202000014609;154 716 655;B01;2;7;0;0;4;23;1;
202000014609;154 716 656;A01;2;7;0;2;1;2;1;
202000014610;154 716 653;A01;1;10;0;2;1;2;1;
202000014610;154 716 654;B01;1;7;0;0;4;2;1;
202000014611;154 716 652;A01;3;50;0;0;0;0;3;
202000014612;154 716 651;A01;3;7;0;1;4;20;1;
202000014613;154 716 650;A01;1;33;0;0;1;1;1;
202000014614;154 716 649;A01;1;15;0;0;0;1;1;
202000014615;154 716 648;A01;2;7;13;0;2;14;1;
202000014616;154 716 647;A01;2;33;13;0;8;1;1;
202000014617;154 716 646;A01;1;7;13;0;9;13;1;
202000014618;154 716 645;A01;0;7;8;0;1;1;1;
202000014619;154 716 644;A01;1;7;0;0;0;1;6;
202000014620;154 716 643;A01;3;7;6;0;1;1;1;
202000014621;154 716 642;A01;2;7;8;0;1;1;1;
202000014622;154 716 641;A01;2;34;0;0;1;12;1;
202000014623;154 716 640;A01;2;34;0;2;1;2;1;
202000014624;154 716 638;B01;2;32;0;2;3;2;1;
202000014624;154 716 639;A01;2;7;0;2;7;2;1;
202000014625;154 716 636;B01;1;17;0;2;4;2;1;
202000014625;154 716 637;A01;1;7;0;2;1;2;1;
202000014626;154 716 634;B01;2;7;0;2;1;1;1;
202000014626;154 716 635;A01;1;32;0;2;1;1;1;
202000014627;154 716 631;A01;1;7;0;2;2;21;1;
202000014627;154 716 632;B01;1;7;0;2;6;23;1;
202000014627;154 716 633;C01;1;7;0;2;3;23;1;
202000014628;154 716 630;A01;1;7;14;1;1;13;1;
202000014629;154 716 628;B01;1;33;0;2;1;1;0;
202000014629;154 716 629;A01;2;7;0;2;1;15;0;
202000014630;154 716 627;A01;2;7;0;1;1;1;1;
202000014631;154 716 623;B01;1;7;0;2;4;1;1;
202000014631;154 716 624;A01;1;17;0;2;1;1;1;
202000014632;154 716 621;B01;3;10;0;2;1;1;1;
202000014632;154 716 622;A01;3;7;0;2;2;15;1;
202000014633;154 716 619;B01;2;1;0;2;1;8;5;
202000014633;154 716 620;A01;2;7;0;2;0;19;1;
202000014634;154 716 618;A01;1;10;0;1;2;1;1;
202000014635;154 716 616;A01;2;30;0;2;8;9;1;
202000014635;154 716 617;B01;2;7;0;2;2;26;1;
202000014636;154 716 614;A01;1;32;0;2;1;9;1;
202000014636;154 716 615;Z01;1;7;0;2;0;9;1;
202000014637;154 716 613;A01;2;7;0;1;1;15;1;
202000014638;154 716 612;A01;3;7;0;1;1;1;1;
202000014639;154 716 611;A01;1;7;0;1;1;1;1;
202000014640;154 716 609;A01;3;7;12;0;2;1;1;
202000014641;154 716 607;A01;1;7;0;2;1;2;1;
202000014641;154 716 608;B01;1;34;0;2;4;1;1;
202000014642;154 716 605;B01;1;7;0;2;3;1;1;
202000014642;154 716 606;A01;3;7;0;2;2;1;1;
202000014643;154 716 603;B01;1;33;0;2;1;1;1;
202000014643;154 716 604;A01;2;7;0;2;1;15;1;
202000014644;154 716 602;A01;0;31;0;1;1;1;1;
202000014645;154 716 601;A01;1;7;0;1;2;1;1;
202000014646;154 716 599;B01;3;30;0;2;4;23;3;
202000014646;154 716 600;A01;3;7;0;2;1;1;1;
202000014647;154 716 597;Z01;1;10;0;2;1;1;1;
202000014647;154 716 598;B01;2;32;0;2;3;1;1;
202000014648;154 716 595;B01;3;7;0;2;5;16;0;
202000014648;154 716 596;A01;3;33;0;2;1;7;0;
202000014649;154 716 593;A01;3;10;0;2;3;19;1;
202000014649;154 716 594;B01;1;34;0;2;1;1;1;
202000014650;154 716 591;A01;2;10;0;2;7;26;1;
202000014650;154 716 592;B01;1;10;0;2;1;1;1;
202000014651;154 716 588;C01;1;7;0;2;6;1;1;
202000014651;154 716 589;B01;1;33;0;2;2;3;1;
202000014651;154 716 590;A01;1;7;0;2;0;12;1;
202000014652;154 716 586;A01;1;32;0;2;4;1;1;
202000014652;154 716 587;Z01;1;7;0;2;1;11;0;
202000014653;154 716 585;A01;1;7;4;0;3;13;1;
202000014654;154 716 584;A01;1;30;1;0;1;14;1;
202000014655;154 716 582;B01;2;37;0;2;8;15;1;1
202000014655;154 716 583;A01;1;31;0;2;3;1;1;
202000014656;154 716 581;A01;2;7;0;1;7;16;1;
202000014657;154 716 579;A01;2;7;0;1;8;1;2;
202000014657;154 716 580;Z01;1;7;0;2;3;1;0;
202000014658;154 716 577;B01;2;1;0;2;3;15;5;
202000014658;154 716 578;A01;1;7;0;2;3;15;1;
202000014659;154 716 575;A01;2;32;0;2;1;17;1;
202000014659;154 716 576;B01;1;32;0;2;1;1;1;
202000014660;154 716 573;A01;1;1;0;2;0;1;5;
202000014660;154 716 574;B01;2;7;0;1;1;1;1;
202000014661;154 716 572;A01;1;3;1;2;1;13;1;
202000014662;154 716 570;Z01;1;7;0;2;1;1;0;
202000014662;154 716 571;A01;2;43;0;2;8;1;1;
202000014663;154 716 569;A01;2;34;0;0;0;9;1;
202000014664;154 716 567;B01;1;33;0;2;2;1;1;
202000014664;154 716 568;A01;2;7;0;2;7;15;1;
202000014665;154 716 566;A01;3;33;0;0;3;1;1;
202000014666;154 716 564;A01;1;7;0;2;3;9;2;
202000014666;154 716 565;B01;1;7;0;2;1;1;1;
202000014667;154 716 563;A01;1;50;12;0;2;15;3;
202000014668;154 716 561;B01;3;14;0;2;1;1;1;
202000014668;154 716 562;A01;3;7;0;2;4;26;1;
202000014669;154 716 559;B01;3;37;0;2;2;1;1;1
202000014669;154 716 560;A01;3;30;0;2;3;15;1;
202000014670;154 716 558;A01;2;7;12;0;1;1;1;
202000014671;154 716 557;A01;1;7;0;1;1;1;0;
202000014672;154 716 555;B01;3;10;0;2;1;1;1;
202000014672;154 716 556;A01;3;10;0;0;4;23;1;
202000014673;154 716 553;B01;0;2;0;2;1;1;1;
202000014673;154 716 554;A01;0;7;0;2;7;1;1;
202000014674;154 716 552;A01;2;3;9;0;8;1;1;
202000014675;154 716 551;A01;3;0;0;1;0;0;0;
202000014676;154 716 549;B01;3;7;0;2;1;1;1;
202000014676;154 716 550;A01;1;7;0;2;5;26;1;
202000014677;154 716 547;A01;1;7;0;2;3;5;1;
202000014677;154 716 548;B01;2;7;0;2;3;1;1;
202000014678;154 716 546;A01;2;7;2;0;8;1;1;
202000014679;154 716 545;A01;1;7;0;1;2;9;1;
202000014680;154 716 543;A01;2;7;0;2;1;17;1;
202000014680;154 716 544;B01;1;32;0;2;1;1;1;
202000014681;154 716 542;A01;2;7;13;0;1;1;1;
202000014682;154 716 540;B01;1;7;0;0;0;23;1;
202000014682;154 716 541;A01;1;7;0;1;1;1;1;
202000014683;154 716 539;A01;2;2;0;0;0;14;1;
202000014684;154 716 537;A01;2;7;0;2;1;2;1;
202000014684;154 716 538;B01;2;17;0;0;6;2;1;
202000014685;154 716 536;A01;1;2;12;0;1;0;1;
202000014686;154 716 533;A01;2;2;0;0;0;0;1;
202000014687;154 716 532;A01;3;7;12;0;1;6;1;
202000014688;154 716 530;A01;2;7;0;2;1;13;1;
202000014688;154 716 531;B01;1;21;0;2;3;23;0;
202000014689;154 716 529;A01;2;7;13;0;1;1;1;
202000014690;154 716 528;A01;2;7;8;0;3;1;1;
202000014691;154 716 527;A01;3;7;0;1;2;1;1;
202000014692;154 716 525;B01;1;1;0;0;4;2;5;
202000014692;154 716 526;A01;1;0;0;2;2;2;1;
202000014693;154 716 522;A01;2;7;16;0;9;1;1;
202000014694;154 716 520;A01;2;7;0;0;1;1;0;
202000014694;154 716 521;B01;1;7;0;0;3;1;0;
202000014695;154 716 516;A01;1;7;0;2;2;17;1;
202000014695;154 716 517;B01;1;7;0;2;6;1;1;
202000014695;154 716 518;C01;1;7;0;9;2;1;1;
202000014695;154 716 519;D01;2;7;0;2;8;1;1;
202000014696;154 716 515;A01;1;7;3;6;1;1;1;
202000014697;154 716 514;A01;2;7;13;0;3;1;1;
202000014698;154 716 512;A01;3;7;0;2;2;9;6;
202000014698;154 716 513;B01;3;31;0;2;1;1;6;
202000014699;154 716 511;A01;0;3;13;0;1;0;1;
202000014700;154 716 510;A01;2;7;0;1;1;1;1;
202000014701;154 716 509;A01;2;7;1;0;4;0;1;
202000014702;154 716 507;B01;1;7;0;2;0;1;1;
202000014702;154 716 508;A01;2;31;0;0;0;1;1;
202000014703;154 716 505;A01;0;7;0;0;2;15;1;
202000014703;154 716 506;B01;0;1;0;2;1;1;5;
202000014704;154 716 503;B01;3;30;0;2;1;1;0;
202000014704;154 716 504;A01;3;7;0;9;8;9;0;
202000014705;154 716 502;A01;1;7;13;0;2;1;1;
202000014706;154 716 500;B01;2;34;0;0;4;1;1;
202000014706;154 716 501;A01;2;7;0;2;3;2;1;
202000014707;154 716 499;A01;1;7;2;0;3;0;1;
202000014708;154 716 497;B01;2;10;3;0;6;1;1;
202000014708;154 716 498;A01;2;10;0;2;2;14;1;
202000014709;154 716 495;A01;2;7;0;2;5;26;1;
202000014709;154 716 496;B01;2;7;0;2;3;2;1;
202000014710;154 716 493;A01;1;7;6;2;1;9;1;
202000014710;154 716 494;B01;1;7;0;2;4;1;1;
202000014711;154 716 490;C01;1;7;0;2;4;1;1;
202000014711;154 716 491;A01;1;7;0;2;1;1;1;
202000014711;154 716 492;B01;1;7;0;2;4;1;1;
202000014712;154 716 488;B01;1;33;0;2;6;2;1;
202000014712;154 716 489;A01;1;7;0;2;2;2;1;
202000014713;154 716 486;A01;1;7;3;2;4;18;1;
202000014713;154 716 487;B01;1;14;0;2;1;1;1;
202000014714;154 716 484;A01;2;34;0;2;1;3;1;
202000014714;154 716 485;B01;2;10;0;2;5;1;1;
202000014715;154 716 481;C01;2;7;0;2;1;1;1;
202000014715;154 716 482;A01;2;15;0;2;7;12;1;
202000014715;154 716 483;B01;2;7;0;2;8;1;1;
202000014716;154 716 478;A01;2;10;0;2;5;14;1;
202000014716;154 716 479;C01;2;7;0;2;8;1;1;
202000014716;154 716 480;B01;2;33;0;2;1;3;1;
202000014717;154 716 476;A01;1;30;0;2;1;1;1;
202000014717;154 716 477;B01;2;7;0;2;5;1;0;
202000014718;154 716 474;A01;2;32;0;2;1;26;1;
202000014718;154 716 475;B01;1;7;0;2;5;26;1;
202000014719;154 716 472;B01;3;33;0;2;8;1;1;
202000014719;154 716 473;A01;3;10;0;2;3;15;1;
202000014720;154 716 470;B01;2;10;0;2;1;1;1;
202000014720;154 716 471;A01;2;7;0;2;7;19;1;
202000014721;154 716 468;A01;1;7;0;2;1;15;1;
202000014721;154 716 469;B01;1;30;0;2;1;23;1;
202000014722;154 716 466;A01;1;7;0;2;3;1;1;
202000014722;154 716 467;B01;1;33;0;2;1;1;1;
202000014723;154 716 464;B01;1;7;0;2;4;1;0;
202000014723;154 716 465;A01;3;7;0;0;1;1;0;
202000014724;154 716 462;B01;2;10;0;2;2;1;1;
202000014724;154 716 463;A01;1;10;0;2;8;11;1;
202000014725;154 716 460;B01;1;1;0;2;1;13;5;
202000014725;154 716 461;A01;2;13;0;2;5;1;1;
202000014726;154 716 459;A01;3;7;1;0;1;0;1;
202000014727;154 716 458;A01;2;32;0;0;0;1;1;
202000014728;154 716 457;A01;1;7;0;1;2;1;1;
202000014729;154 716 456;A01;1;7;5;0;1;16;1;
202000014730;154 716 454;B01;3;10;0;2;1;9;0;