num_acc;id_vehicule;num_veh;senc;catv;obs;obsm;choc;manv;motor;occutc
202000014730;154 716 455;A01;3;2;0;2;3;1;0;
202000014731;154 716 453;A01;3;7;0;1;3;1;1;
202000014732;154 716 452;A01;3;7;0;1;3;15;0;
202000014733;154 716 450;B01;1;7;0;0;4;1;1;
202000014733;154 716 451;A01;1;7;0;2;1;2;1;
202000014734;154 716 449;A01;3;7;4;0;1;2;0;
202000014735;154 716 447;B01;1;1;0;2;7;9;0;
202000014735;154 716 448;A01;1;7;0;2;1;9;1;
202000014736;154 716 446;A01;3;33;0;0;7;1;1;
202000014737;154 716 444;A01;1;7;0;2;3;19;1;
202000014737;154 716 445;B01;1;2;0;2;1;1;1;
202000014738;154 716 440;C01;1;10;0;2;1;2;1;
202000014738;154 716 441;B01;1;7;0;2;1;2;1;
202000014738;154 716 442;D01;1;7;0;2;4;1;1;
202000014738;154 716 443;A01;1;7;0;2;1;2;1;
202000014739;154 716 438;A01;2;7;0;2;3;16;1;
202000014739;154 716 439;B01;2;1;0;2;7;1;5;
202000014740;154 716 437;A01;1;7;0;1;3;1;1;
202000014741;154 716 434;B01;1;7;0;2;2;1;1;
202000014741;154 716 435;C01;1;7;0;2;8;24;1;
202000014741;154 716 436;A01;1;7;0;2;8;20;1;
202000014742;154 716 433;A01;1;7;0;1;8;1;0;
202000014743;154 716 432;Z01;2;33;0;1;1;5;1;
202000014744;154 716 430;B01;2;7;0;2;3;1;1;
202000014744;154 716 431;A01;1;7;0;2;2;1;1;
202000014745;154 716 429;A01;1;7;0;1;1;16;1;
202000014746;154 716 427;A01;1;7;0;2;1;15;1;
202000014746;154 716 428;B01;2;1;0;2;1;19;5;
202000014747;154 716 425;A01;1;7;0;2;2;1;1;
202000014747;154 716 426;B01;2;1;0;2;3;19;5;
202000014748;154 716 424;A01;1;7;0;1;1;1;1;
202000014749;154 716 422;A01;1;31;0;2;1;2;1;
202000014749;154 716 423;B01;1;7;0;2;4;23;0;
202000014750;154 716 420;B01;0;2;0;2;1;1;0;
202000014750;154 716 421;A01;0;7;0;2;8;15;0;
202000014751;154 716 418;A01;2;7;0;2;8;15;1;
202000014751;154 716 419;B01;2;2;0;2;7;17;1;
202000014752;154 716 416;B01;2;36;0;2;3;1;1;
202000014752;154 716 417;A01;1;7;1;2;3;13;1;
202000014753;154 716 414;B01;2;7;0;2;8;0;1;
202000014753;154 716 415;A01;3;7;0;2;1;15;1;
202000014754;154 716 412;A01;2;7;0;2;3;15;1;
202000014754;154 716 413;B01;2;34;0;2;1;2;1;
202000014755;154 716 410;A01;2;20;0;2;2;15;1;
202000014755;154 716 411;B01;1;30;0;2;1;1;1;
202000014756;154 716 409;A01;1;7;0;1;2;1;1;
202000014757;154 716 407;B01;1;7;0;2;8;13;1;
202000014757;154 716 408;A01;1;2;0;2;1;17;1;
202000014758;154 716 405;A01;1;7;0;2;7;17;0;
202000014758;154 716 406;B01;1;2;1;2;8;1;0;
202000014759;154 716 404;A01;2;7;0;1;2;1;1;
202000014760;154 716 402;A01;1;7;0;1;1;1;1;
202000014761;154 716 400;Z01;1;7;0;2;4;1;0;
202000014761;154 716 401;A01;1;30;0;2;1;1;0;
202000014762;154 716 399;A01;0;7;0;1;1;16;1;
202000014763;154 716 397;A01;2;7;0;2;1;2;1;
202000014763;154 716 398;B01;2;7;0;2;4;2;1;
202000014764;154 716 396;A01;1;7;0;2;9;0;1;
202000014765;154 716 395;A01;1;14;0;1;0;0;1;
202000014766;154 716 393;B01;0;32;0;2;1;1;1;
202000014766;154 716 394;A01;3;7;0;2;2;15;1;
202000014767;154 716 391;B01;1;7;0;2;3;15;1;
202000014767;154 716 392;A01;2;31;0;2;1;17;1;
202000014768;154 716 389;A01;3;7;0;2;1;5;1;
202000014768;154 716 390;B01;3;7;0;2;1;1;1;
202000014769;154 716 387;B01;3;7;0;2;2;1;1;
202000014769;154 716 388;A01;3;7;0;2;2;0;1;
202000014770;154 716 385;B01;3;1;0;2;8;15;5;
202000014770;154 716 386;A01;3;7;0;2;1;1;1;
202000014771;154 716 384;A01;3;7;13;0;2;1;1;
202000014772;154 716 382;B01;1;1;0;2;0;2;5;
202000014772;154 716 383;Z01;1;7;0;2;2;16;0;
202000014773;154 716 380;B01;2;1;0;2;1;1;0;
202000014773;154 716 381;A01;1;7;0;2;3;15;1;
202000014774;154 716 378;B01;0;2;0;2;1;1;1;
202000014774;154 716 379;A01;0;7;0;2;1;5;1;
202000014775;154 716 377;A01;0;7;0;1;3;1;1;
202000014776;154 716 375;B01;0;33;1;2;2;1;1;
202000014776;154 716 376;A01;0;10;1;2;3;1;1;
202000014777;154 716 374;A01;2;7;0;1;3;1;1;
202000014778;154 716 373;A01;3;0;0;1;2;1;0;
202000014779;154 716 371;A01;3;7;0;2;1;1;1;
202000014779;154 716 372;B01;3;7;0;2;4;23;1;
202000014780;154 716 368;A01;2;10;0;2;1;1;1;
202000014780;154 716 369;B01;2;7;0;2;4;1;1;
202000014780;154 716 370;C01;2;7;0;2;4;1;2;
202000014781;154 716 366;B01;0;7;0;2;3;2;1;
202000014781;154 716 367;A01;3;30;0;2;1;17;1;
202000014782;154 716 365;A01;1;7;0;1;8;1;1;
202000014783;154 716 363;B01;2;32;0;2;1;0;1;
202000014783;154 716 364;A01;1;7;0;2;0;0;1;
202000014784;154 716 361;A01;1;7;0;2;7;1;1;
202000014784;154 716 362;B01;1;7;0;2;1;1;1;
202000014785;154 716 359;B01;2;14;0;2;4;15;1;
202000014785;154 716 360;A01;2;7;0;2;1;15;1;
202000014786;154 716 357;A01;2;1;0;2;1;16;5;
202000014786;154 716 358;B01;1;7;0;2;3;1;1;
202000014787;154 716 355;A01;3;7;0;2;1;1;1;
202000014787;154 716 356;B01;3;7;0;2;4;1;1;
202000014788;154 716 354;A01;1;10;0;1;3;1;1;
202000014789;154 716 352;B01;3;2;0;2;1;2;1;
202000014789;154 716 353;A01;3;7;0;2;1;13;1;
202000014790;154 716 350;A01;1;7;0;2;1;1;1;
202000014790;154 716 351;B01;1;33;0;2;4;1;1;
202000014791;154 716 349;A01;1;7;0;1;2;1;1;
202000014792;154 716 347;B01;2;7;0;2;4;2;1;
202000014792;154 716 348;A01;2;7;0;2;1;2;1;
202000014793;154 716 345;B01;1;33;0;2;6;1;1;
202000014793;154 716 346;A01;1;7;0;2;5;12;1;
202000014794;154 716 343;B01;1;32;0;2;8;3;1;
202000014794;154 716 344;A01;1;7;0;2;2;12;1;
202000014795;154 716 341;B01;2;34;0;2;3;3;1;
202000014795;154 716 342;A01;2;10;0;2;7;12;1;
202000014796;154 716 339;A01;2;7;0;2;1;2;1;
202000014796;154 716 340;B01;2;32;0;2;4;23;1;
202000014797;154 716 338;A01;1;7;0;1;7;1;1;
202000014798;154 716 335;A01;2;30;0;2;8;2;1;
202000014798;154 716 336;Z01;2;34;0;2;0;2;0;
202000014798;154 716 337;B01;2;10;0;2;6;23;6;
202000014799;154 716 333;B01;1;31;0;2;7;1;1;
202000014799;154 716 334;A01;1;50;0;2;3;19;3;
202000014800;154 716 331;A01;2;33;0;2;1;17;1;
202000014800;154 716 332;B01;1;7;0;2;3;1;1;
202000014801;154 716 329;A01;1;32;0;2;8;11;1;
202000014801;154 716 330;B01;1;32;0;2;7;1;1;
202000014802;154 716 326;A01;1;7;0;2;1;2;1;
202000014802;154 716 327;B01;1;7;0;2;4;23;1;
202000014802;154 716 328;C01;1;10;0;2;4;23;1;
202000014803;154 716 325;A01;1;37;0;1;0;7;2;1
202000014804;154 716 324;A01;2;30;14;0;3;15;1;
202000014805;154 716 322;A01;2;7;0;2;2;9;1;
202000014805;154 716 323;B01;1;30;0;2;1;1;1;
202000014806;154 716 321;A01;1;30;11;0;1;17;1;
202000014807;154 716 319;B01;2;33;0;2;2;17;1;
202000014807;154 716 320;A01;2;10;0;2;8;15;1;
202000014808;154 716 317;A01;1;7;0;2;7;1;1;
202000014808;154 716 318;B01;1;7;0;2;2;1;1;
202000014809;154 716 316;A01;1;32;12;0;8;13;1;
202000014810;154 716 314;B01;2;1;0;2;3;1;5;
202000014810;154 716 315;A01;1;10;0;2;2;15;1;
202000014811;154 716 312;B01;1;32;0;2;1;1;1;
202000014811;154 716 313;A01;2;1;0;2;1;15;5;
202000014812;154 716 310;B01;1;1;0;2;1;1;5;
202000014812;154 716 311;A01;1;14;0;2;3;9;1;
202000014813;154 716 308;B01;2;32;0;2;7;1;1;
202000014813;154 716 309;A01;1;7;0;2;1;1;1;
202000014814;154 716 305;C01;1;7;0;2;7;0;1;
202000014814;154 716 306;B01;1;7;0;2;7;0;1;
202000014814;154 716 307;A01;1;33;0;2;3;26;1;
202000014815;154 716 304;A01;2;7;0;1;1;1;1;
202000014816;154 716 302;B01;3;7;0;2;1;1;1;
202000014816;154 716 303;A01;3;7;0;2;7;1;1;
202000014817;154 716 298;A01;1;7;0;2;1;15;0;
202000014817;154 716 299;B01;1;2;0;2;0;0;1;
202000014818;154 716 297;A01;2;33;0;1;1;1;1;
202000014819;154 716 296;A01;2;7;0;1;3;1;1;
202000014820;154 716 294;A01;2;7;0;2;2;15;1;
202000014820;154 716 295;B01;1;1;0;2;1;1;5;
202000014821;154 716 293;A01;1;7;0;1;3;1;1;
202000014822;154 716 292;A01;2;20;0;1;2;15;1;
202000014823;154 716 290;A01;2;7;0;2;3;1;1;
202000014823;154 716 291;B01;2;7;0;2;2;1;1;
202000014824;154 716 288;B01;2;32;0;2;1;1;1;
202000014824;154 716 289;A01;2;7;0;2;3;26;1;
202000014825;154 716 286;B01;2;7;0;2;1;15;1;
202000014825;154 716 287;A01;1;32;0;2;1;17;1;
202000014826;154 716 285;A01;1;99;0;1;1;1;0;
202000014827;154 716 284;A01;-1;7;0;1;1;9;0;
202000014828;154 716 282;B01;3;32;0;0;5;0;1;
202000014828;154 716 283;A01;3;31;0;2;3;21;1;
202000014829;154 716 280;B01;1;1;0;2;1;2;0;
202000014829;154 716 281;A01;1;7;0;9;4;4;0;
202000014830;154 716 275;C01;1;7;0;2;1;2;0;
202000014830;154 716 276;E01;1;7;0;2;8;1;0;
202000014830;154 716 277;D01;1;7;0;2;8;1;0;
202000014830;154 716 278;B01;1;7;0;2;1;1;0;
202000014830;154 716 279;A01;2;7;0;2;1;5;0;
202000014831;154 716 273;A01;1;7;0;2;7;13;1;
202000014831;154 716 274;B01;2;7;0;2;3;1;1;
202000014832;154 716 271;B01;1;7;1;2;3;1;1;
202000014832;154 716 272;A01;2;7;0;0;3;13;1;
202000014833;154 716 268;B01;1;13;0;2;1;21;1;
202000014833;154 716 269;C01;2;7;0;2;1;1;1;
202000014833;154 716 270;A01;1;7;0;2;6;2;1;
202000014834;154 716 267;A01;1;7;8;0;2;1;1;
202000014835;154 716 264;C01;2;7;8;2;3;1;1;
202000014835;154 716 265;A01;1;7;0;2;1;1;1;
202000014835;154 716 266;B01;1;7;0;2;4;15;1;
202000014836;154 716 263;A01;2;7;2;0;8;0;1;
202000014837;154 716 260;A01;1;41;0;2;3;13;1;
202000014837;154 716 261;B01;2;7;0;2;3;14;1;
202000014838;154 716 258;A01;2;7;0;1;3;1;1;
202000014839;154 716 259;B01;1;7;0;2;3;1;1;
202000014839;154 716 262;A01;1;7;0;2;3;1;1;
202000014840;154 716 257;A01;1;7;0;0;2;1;1;
202000014841;154 716 255;A01;3;10;0;2;3;1;1;
202000014841;154 716 256;B01;3;7;0;0;4;1;1;
202000014842;154 716 253;A01;2;15;0;2;1;2;1;
202000014842;154 716 254;B01;2;7;3;2;4;2;1;
202000014843;154 716 251;A01;3;2;0;0;7;23;1;
202000014844;154 716 250;B01;3;1;0;2;7;0;5;
202000014844;154 716 252;Z01;0;7;0;2;0;16;1;
202000014845;154 716 248;A01;2;7;0;2;2;15;1;
202000014845;154 716 249;B01;1;32;0;2;1;21;1;
202000014846;154 716 246;A01;2;7;0;0;6;2;1;
202000014846;154 716 247;B01;2;7;0;2;2;2;1;
202000014847;154 716 244;A01;2;7;0;2;1;9;1;
202000014847;154 716 245;B01;2;32;0;2;1;1;1;
202000014848;154 716 243;A01;1;7;13;0;9;1;1;
202000014849;154 716 239;C01;2;7;0;2;4;1;1;
202000014849;154 716 240;B01;1;7;0;2;4;23;1;
202000014849;154 716 242;A01;1;10;0;2;1;1;1;
202000014850;154 716 236;A01;3;7;0;2;3;1;1;
202000014850;154 716 238;B01;3;7;0;2;3;1;1;
202000014851;154 716 235;B01;2;1;0;2;8;1;5;
202000014851;154 716 237;A01;2;7;0;2;2;17;1;
202000014852;154 716 233;B01;1;7;0;2;1;1;1;
202000014852;154 716 234;A01;1;7;0;2;1;13;1;
202000014853;154 716 230;A01;2;7;2;0;2;1;1;
202000014854;154 716 229;A01;1;7;0;2;1;2;1;
202000014854;154 716 231;B01;1;7;0;2;4;23;1;
202000014854;154 716 232;C01;2;33;0;2;9;1;1;
202000014855;154 716 227;A01;2;33;0;9;8;1;1;
202000014856;154 716 228;A01;3;33;14;0;0;1;1;
202000014857;154 716 224;B01;1;7;0;2;1;1;1;
202000014857;154 716 226;A01;2;1;0;2;1;13;5;
202000014858;154 716 222;C01;2;7;0;0;5;1;1;
202000014858;154 716 223;A01;2;7;0;2;8;17;1;
202000014858;154 716 225;B01;1;7;0;2;1;1;1;
202000014859;154 716 220;A01;2;7;0;1;1;1;1;
202000014860;154 716 217;B01;2;10;0;0;1;0;1;
202000014860;154 716 218;A01;1;7;0;0;1;0;1;
202000014861;154 716 215;A01;0;2;0;2;1;1;1;
202000014861;154 716 216;B01;0;7;0;2;2;15;1;
202000014862;154 716 219;A01;0;2;0;2;0;1;1;
202000014862;154 716 221;B01;0;7;0;2;1;15;1;
202000014863;154 716 212;A01;1;7;0;0;7;15;0;
202000014863;154 716 214;B01;2;1;0;2;1;1;5;
202000014864;154 716 211;B01;1;7;0;2;7;1;6;
202000014864;154 716 213;A01;1;14;0;2;3;15;6;
202000014865;154 716 200;B01;1;7;0;2;3;9;1;
202000014865;154 716 202;A01;2;2;0;2;0;1;1;
202000014866;154 716 201;A01;1;7;6;0;1;2;1;
202000014867;154 716 197;A01;3;7;0;9;2;19;0;
202000014867;154 716 199;B01;0;1;0;0;0;0;5;
202000014868;154 716 192;B01;1;7;0;0;4;1;1;
202000014868;154 716 194;A01;1;3;0;2;1;1;1;
202000014869;154 716 193;B01;3;38;0;2;0;1;1;1
202000014869;154 716 195;A01;3;7;7;2;5;16;1;
202000014870;154 716 188;A01;3;7;0;2;1;1;1;
202000014870;154 716 190;B01;3;7;0;2;2;15;1;
202000014871;154 716 185;A01;2;7;0;2;1;19;1;
202000014871;154 716 186;B01;1;7;0;2;1;1;1;
202000014872;154 716 184;B01;0;10;0;2;8;1;1;
202000014872;154 716 187;A01;0;2;0;2;1;9;1;
202000014873;154 716 181;A01;1;7;0;2;3;10;1;
202000014873;154 716 182;B01;1;33;0;2;1;1;1;
202000014874;154 716 183;A01;1;7;5;0;1;1;1;
202000014875;154 716 179;B01;2;7;0;2;8;15;1;
202000014875;154 716 180;A01;2;32;0;2;7;17;1;
202000014876;154 716 178;A01;1;7;16;0;1;0;0;
202000014877;154 716 176;B01;2;7;0;2;6;24;1;
202000014877;154 716 177;A01;2;7;1;0;2;14;1;
202000014878;154 716 174;B01;1;20;0;2;1;17;1;
202000014878;154 716 175;A01;1;7;0;0;8;10;1;
202000014879;154 716 171;A01;2;7;0;1;2;1;1;
202000014880;154 716 172;A01;2;7;0;2;2;26;1;
202000014880;154 716 173;B01;2;7;0;2;6;1;2;
202000014881;154 716 169;B01;1;7;0;0;2;15;1;
202000014881;154 716 170;A01;2;33;0;0;3;1;1;
202000014882;154 716 167;A01;1;33;0;2;8;13;1;
202000014882;154 716 168;B01;1;10;0;2;6;13;1;
202000014883;154 716 165;B01;2;31;0;2;1;1;1;
202000014883;154 716 166;A01;1;7;0;0;7;15;1;
202000014884;154 716 163;A01;1;2;0;0;0;0;1;
202000014885;154 716 161;A01;1;34;8;1;8;18;1;
202000014885;154 716 162;B01;1;7;0;0;8;16;0;
202000014885;154 716 164;C01;3;7;0;0;5;24;1;
202000014886;154 716 160;A01;3;7;8;0;8;1;1;
202000014887;154 716 157;A01;2;7;11;0;1;1;1;
202000014888;154 716 156;A01;2;7;0;2;1;13;1;
202000014888;154 716 158;B01;1;14;0;2;3;1;1;
202000014888;154 716 159;C01;2;7;0;2;3;1;1;
202000014889;154 716 154;B01;2;7;0;2;3;15;1;
202000014889;154 716 155;A01;2;32;0;2;1;17;1;
202000014890;154 716 149;A01;2;10;0;2;3;2;1;
202000014890;154 716 151;B01;2;31;0;2;4;2;1;
202000014891;154 716 150;A01;1;33;0;2;1;17;1;
202000014891;154 716 152;B01;1;7;0;2;6;17;1;
202000014892;154 716 146;A01;1;7;0;2;2;16;1;
202000014892;154 716 148;B01;1;1;0;2;6;1;5;
202000014893;154 716 145;A01;2;2;0;2;1;2;1;
202000014893;154 716 147;B01;2;7;0;2;4;1;1;
202000014894;154 716 143;A01;2;7;0;2;3;22;1;
202000014894;154 716 144;B01;2;80;0;2;1;1;3;
202000014895;154 716 141;A01;2;7;0;2;1;15;1;
202000014895;154 716 142;B01;1;2;0;2;1;1;1;
202000014896;154 716 140;A01;2;7;2;0;2;16;1;
202000014897;154 716 139;A01;1;7;2;0;1;14;1;
202000014898;154 716 138;A01;2;30;0;1;8;7;3;
202000014899;154 716 137;A01;1;31;0;0;9;1;1;
202000014900;154 716 134;A01;3;7;0;2;2;1;1;
202000014900;154 716 136;B01;3;1;0;2;1;5;5;
202000014901;154 716 133;B01;1;32;0;2;8;7;1;
202000014901;154 716 135;A01;2;10;0;2;3;15;1;
202000014902;154 716 131;A01;2;7;0;1;5;4;1;
202000014903;154 716 130;A01;2;7;0;2;2;1;1;
202000014903;154 716 132;B01;2;7;0;2;4;16;1;
202000014904;154 716 128;A01;2;30;0;1;3;18;1;
202000014905;154 716 127;B01;2;33;0;2;1;1;1;
202000014905;154 716 129;A01;1;7;0;2;2;15;1;
202000014906;154 716 126;A01;1;10;0;1;1;1;1;
202000014907;154 716 121;A01;3;32;0;2;4;2;1;
202000014907;154 716 122;B01;1;7;0;2;4;23;1;
202000014908;154 716 119;B01;2;7;0;2;1;1;1;
202000014908;154 716 120;A01;1;1;0;2;1;13;5;
202000014909;154 716 117;B01;2;17;0;2;3;1;1;
202000014909;154 716 118;A01;1;7;0;2;3;5;1;
202000014910;154 716 115;A01;1;32;8;2;3;1;1;
202000014910;154 716 116;B01;1;10;0;2;2;16;1;
202000014911;154 716 113;B01;3;7;0;2;6;1;1;
202000014911;154 716 114;A01;0;7;0;2;2;17;1;
202000014912;154 716 109;B01;3;33;0;2;2;17;1;
202000014912;154 716 111;A01;3;10;0;2;3;10;1;
202000014913;154 716 110;B01;1;7;0;2;2;2;1;
202000014913;154 716 112;A01;1;7;0;2;6;13;1;
202000014914;154 716 107;A01;3;7;0;2;2;1;1;
202000014914;154 716 108;B01;3;34;0;2;6;1;1;
202000014915;154 716 101;C01;2;7;0;2;3;1;1;
202000014915;154 716 104;A01;1;7;0;2;1;5;1;
202000014915;154 716 105;B01;2;7;0;2;8;1;1;
202000014915;154 716 106;D01;2;7;0;2;1;17;1;
202000014916;154 716 102;B01;0;50;0;2;0;9;3;
202000014916;154 716 103;A01;1;32;0;2;1;1;1;
202000014917;154 716 097;Z01;1;7;0;2;0;23;1;
202000014917;154 716 098;A01;1;32;0;2;1;2;1;
202000014918;154 716 095;B01;2;17;0;2;5;1;1;
202000014918;154 716 096;A01;2;10;0;2;1;1;1;
202000014919;154 716 092;A01;2;7;3;0;9;1;1;
202000014920;154 716 091;A01;1;7;2;0;2;6;1;
202000014921;154 716 093;A01;1;1;0;2;5;11;5;
202000014921;154 716 094;Z01;1;7;0;2;7;1;1;
202000014922;154 716 089;A01;1;31;0;0;7;21;1;
202000014923;154 716 088;A01;1;7;0;0;4;2;1;
202000014923;154 716 090;B01;1;7;0;2;1;2;1;
202000014924;154 716 086;B01;2;33;0;2;1;1;1;
202000014924;154 716 087;A01;2;7;0;2;6;10;1;
202000014925;154 716 082;A01;1;32;1;2;1;18;1;
202000014925;154 716 083;B01;1;7;0;2;5;16;1;
202000014925;154 716 084;C01;1;7;0;2;8;26;1;
202000014926;154 716 081;A01;1;33;6;0;1;1;1;
202000014927;154 716 080;A01;1;7;1;2;2;17;0;
202000014928;154 716 078;A01;1;33;0;0;7;1;6;
202000014928;154 716 079;B01;1;7;0;0;0;11;1;
202000014929;154 716 074;A01;2;1;1;0;0;0;0;
202000014929;154 716 075;B01;2;7;0;2;0;22;0;
202000014930;154 716 076;B01;2;7;0;2;1;1;1;
202000014930;154 716 077;A01;2;15;0;0;4;23;1;
202000014931;154 716 072;A01;2;7;0;2;3;15;1;
202000014931;154 716 073;B01;2;7;0;2;1;17;1;
202000014932;154 716 070;A01;3;7;0;1;0;4;1;
202000014933;154 716 071;A01;1;7;0;1;6;1;1;
202000014934;154 716 069;A01;3;7;2;0;7;1;1;
202000014935;154 716 068;A01;2;32;0;0;0;9;1;
202000014936;154 716 065;A01;1;30;0;0;1;2;0;
202000014936;154 716 067;B01;1;7;0;0;7;1;0;
202000014937;154 716 063;A01;1;7;0;2;4;26;1;
202000014937;154 716 064;C01;1;10;0;2;0;0;1;
202000014937;154 716 066;B01;1;10;0;2;0;0;1;
202000014938;154 716 060;A01;2;7;0;2;2;0;6;
202000014938;154 716 062;B01;2;13;0;2;3;21;0;
202000014939;154 716 059;A01;2;7;0;2;4;2;1;
202000014939;154 716 061;B01;2;7;0;2;1;0;1;
202000014940;154 716 057;A01;1;7;4;0;3;26;1;
202000014941;154 716 056;B01;2;2;0;2;1;1;1;
202000014941;154 716 058;A01;1;10;0;2;5;4;1;
202000014942;154 716 055;A01;2;10;4;0;2;1;1;
202000014943;154 716 053;A01;3;32;0;2;1;26;1;
202000014943;154 716 054;B01;3;7;0;2;1;15;1;
202000014944;154 716 052;A01;1;7;6;0;3;1;1;
202000014945;154 716 049;B01;2;1;0;2;7;2;5;
202000014945;154 716 051;A01;2;7;0;2;4;2;1;
202000014946;154 716 047;A01;1;7;0;2;3;11;1;
202000014946;154 716 048;B01;1;7;0;2;9;1;1;
202000014946;154 716 050;C01;1;7;0;2;1;21;1;
202000014947;154 716 045;A01;1;30;0;0;0;0;1;
202000014947;154 716 046;B01;1;7;0;2;2;2;1;
202000014948;154 716 044;A01;1;7;6;0;3;26;1;
202000014949;154 716 042;A01;2;7;0;2;5;1;1;
202000014950;154 716 041;A01;1;7;0;2;3;9;1;
202000014950;154 716 043;B01;1;32;0;2;1;9;1;
202000014951;154 716 038;Z01;1;7;0;2;1;1;1;
202000014951;154 716 040;A01;1;7;0;2;4;12;1;
202000014952;154 716 037;B01;1;7;0;2;1;19;1;
202000014952;154 716 039;A01;1;7;0;2;7;19;1;
202000014953;154 716 035;A01;1;33;0;2;1;2;1;
202000014953;154 716 036;B01;1;10;0;2;4;2;1;
202000014954;154 716 032;B01;2;7;0;2;9;0;1;
202000014954;154 716 034;A01;2;7;0;2;6;10;1;
202000014955;154 716 031;A01;2;10;0;2;7;2;1;
202000014955;154 716 033;B01;2;33;0;2;1;2;1;
202000014956;154 716 029;A01;3;60;0;2;1;14;5;
202000014956;154 716 030;B01;1;7;0;9;1;23;3;
202000014957;154 716 025;D01;1;7;0;2;1;1;0;
202000014957;154 716 026;A01;1;10;0;2;8;9;1;
202000014957;154 716 027;B01;1;7;0;2;2;14;1;
202000014957;154 716 028;C01;1;7;0;2;1;1;1;
202000014958;154 716 022;A01;1;7;0;2;3;15;1;
202000014958;154 716 024;B01;2;31;0;2;1;1;1;
202000014959;154 716 021;A01;2;2;2;0;1;0;1;
202000014960;154 716 019;A01;2;7;13;0;2;14;1;
202000014961;154 716 017;B01;2;33;0;0;7;15;1;
202000014961;154 716 018;A01;2;7;0;9;1;9;1;
202000014962;154 716 015;A01;2;33;0;2;8;17;1;
202000014962;154 716 016;B01;2;10;0;2;8;15;1;
202000014963;154 716 020;A01;1;20;0;2;4;1;1;
202000014963;154 716 023;B01;1;20;0;2;1;11;1;
202000014964;154 716 011;A01;2;7;0;2;6;1;1;
202000014964;154 716 013;Z01;2;10;0;2;2;12;0;
202000014965;154 716 012;A01;2;34;0;2;1;1;1;
202000014965;154 716 014;B01;2;7;0;2;3;10;1;
202000014966;154 716 009;A01;2;7;0;2;2;14;1;
202000014966;154 716 010;B01;2;7;0;2;6;23;1;
202000014967;154 716 007;B01;2;33;0;2;1;1;1;
202000014967;154 716 008;A01;1;7;0;2;8;15;1;
202000014968;154 716 006;A01;1;7;0;1;2;9;1;
202000014969;154 716 004;A01;2;33;0;2;8;1;1;
202000014969;154 716 005;B01;1;7;0;2;8;1;1;
202000014970;154 716 000;B01;3;30;0;2;1;1;1;
202000014970;154 716 002;A01;3;7;0;2;3;1;1;
202000014971;154 716 001;B01;1;7;1;0;1;1;1;
202000014971;154 716 003;A01;1;7;4;0;2;13;1;
202000014972;154 715 997;A01;1;7;0;2;8;15;1;
202000014972;154 715 999;B01;2;31;0;2;1;1;1;
202000014973;154 715 996;A01;2;7;0;2;1;26;1;
202000014973;154 715 998;B01;2;7;0;2;4;1;1;
202000014974;154 715 992;B01;2;10;0;2;4;2;1;
202000014974;154 715 994;Z01;2;7;0;2;1;1;0;
202000014975;154 715 993;B01;0;7;0;2;1;1;0;
202000014975;154 715 995;A01;0;7;0;2;7;1;0;
202000014976;154 715 985;A01;1;7;16;0;1;1;1;
202000014977;154 715 982;A01;3;7;0;1;1;1;1;
202000014978;154 715 983;E01;1;10;0;2;1;2;1;
202000014978;154 715 984;H01;1;7;0;2;4;2;1;
202000014978;154 715 986;F01;1;7;0;2;4;2;1;
202000014978;154 715 987;D01;1;7;0;2;4;2;1;
202000014978;154 715 988;C01;1;10;0;2;3;2;1;
202000014978;154 715 989;G01;1;7;0;2;4;1;1;
202000014978;154 715 990;B01;1;7;0;2;1;2;1;
202000014978;154 715 991;A01;1;10;0;2;1;2;1;
202000014979;154 715 979;A01;1;7;8;0;1;0;1;
202000014980;154 715 978;A01;2;7;3;2;4;26;1;
202000014980;154 715 980;C01;2;17;0;2;8;2;1;
202000014980;154 715 981;B01;2;10;0;2;1;17;1;
202000014981;154 715 977;A01;1;7;2;0;2;14;1;
202000014982;154 715 975;A01;3;2;1;0;1;0;1;
202000014983;154 715 974;B01;1;7;0;2;2;2;1;
202000014983;154 715 976;A01;1;10;0;2;6;3;1;
202000014984;154 715 973;A01;3;7;2;0;2;13;1;
202000014985;154 715 971;B01;1;10;0;2;4;2;0;
202000014985;154 715 972;A01;1;10;0;2;1;2;0;
202000014986;154 715 968;Z01;2;7;0;2;1;0;0;
202000014986;154 715 969;A01;2;7;0;2;5;23;1;
202000014987;154 715 967;B01;2;31;0;2;7;17;1;
202000014987;154 715 970;A01;2;7;0;2;8;15;1;
202000014988;154 715 966;A01;1;7;4;0;1;1;1;
202000014989;154 715 964;A01;2;7;0;2;1;2;1;
202000014989;154 715 965;B01;2;7;0;2;8;15;1;
202000014990;154 715 961;A01;2;7;0;2;1;1;1;
202000014990;154 715 962;B01;2;7;0;2;4;1;1;
202000014990;154 715 963;C01;2;7;0;2;4;1;1;
202000014991;154 715 957;A01;2;7;0;2;2;5;1;
202000014991;154 715 958;B01;1;7;0;2;2;5;1;
202000014992;154 715 951;A01;1;10;0;1;1;1;1;
202000014993;154 715 948;C01;2;7;0;2;6;1;1;
202000014993;154 715 950;B01;2;7;0;2;7;1;1;
202000014993;154 715 952;A01;2;7;0;2;1;1;1;
202000014993;154 715 953;G01;2;7;0;2;8;1;1;
202000014993;154 715 954;F01;2;7;0;2;6;1;1;
202000014993;154 715 955;E01;2;7;0;2;7;1;1;