num_acc;id_vehicule;num_veh;senc;catv;obs;obsm;choc;manv;motor;occutc
202000014993;154 715 956;D01;2;7;0;2;5;1;1;
202000014994;154 715 949;A01;2;7;6;0;3;1;1;
202000014995;154 715 946;A01;2;7;0;2;3;1;1;
202000014995;154 715 947;B01;2;7;0;2;4;2;1;
202000014996;154 715 945;A01;1;33;0;0;7;1;0;
202000014997;154 715 942;A01;2;7;0;2;4;26;1;
202000014997;154 715 944;B01;2;0;0;2;1;0;-1;
202000014998;154 715 941;A01;2;7;0;2;1;2;1;
202000014998;154 715 943;B01;2;1;0;2;4;2;5;
202000014999;154 715 940;A01;1;7;4;0;1;13;1;
202000015000;154 715 939;A01;2;7;0;1;1;1;1;
202000015001;154 715 936;A01;2;7;0;2;2;12;1;
202000015001;154 715 937;B01;2;7;0;2;3;1;1;
202000015001;154 715 938;C01;2;17;0;2;1;1;1;
202000015002;154 715 935;A01;0;7;1;0;1;1;1;
202000015003;154 715 934;A01;1;7;4;0;0;0;1;
202000015004;154 715 931;A01;1;7;0;2;3;11;1;
202000015004;154 715 932;B01;1;33;0;2;1;1;1;
202000015005;154 715 930;A01;3;2;0;1;0;1;1;
202000015006;154 715 926;B01;0;31;0;2;7;1;1;
202000015006;154 715 927;A01;0;7;0;2;1;15;1;
202000015007;154 715 928;A01;2;7;0;2;8;2;1;
202000015007;154 715 929;B01;2;33;0;2;7;2;1;
202000015008;154 715 921;A01;1;10;0;2;2;2;1;
202000015008;154 715 923;B01;1;7;0;2;6;2;1;
202000015009;154 715 920;B01;1;15;0;0;6;1;1;
202000015009;154 715 922;A01;1;10;3;2;2;14;1;
202000015010;154 715 915;A01;1;7;3;0;0;0;1;
202000015011;154 715 914;A01;3;33;0;0;2;0;1;
202000015012;154 715 912;A01;1;7;0;2;1;5;1;
202000015012;154 715 913;B01;2;7;0;2;1;1;1;
202000015013;154 715 916;A01;1;15;0;2;1;2;1;
202000015013;154 715 917;B01;1;7;0;2;4;2;1;
202000015013;154 715 918;C01;1;7;0;2;4;2;1;
202000015013;154 715 919;D01;1;7;0;2;4;2;1;
202000015014;154 715 909;A01;2;7;0;9;1;2;1;
202000015014;154 715 911;B01;2;80;0;0;4;2;3;
202000015015;154 715 908;B01;1;99;0;2;0;0;1;
202000015015;154 715 910;A01;1;33;0;2;3;1;1;
202000015016;154 715 907;A01;2;10;13;0;3;1;1;
202000015017;154 715 906;A01;1;7;16;0;1;19;1;
202000015018;154 715 903;A01;1;10;0;2;8;15;1;
202000015018;154 715 905;B01;1;31;6;2;1;17;1;
202000015019;154 715 902;A01;1;7;4;2;2;2;1;
202000015019;154 715 904;B01;1;7;0;2;1;2;1;
202000015020;154 715 901;A01;1;32;0;0;1;1;1;
202000015021;154 715 898;A01;2;7;0;2;1;1;1;
202000015021;154 715 899;B01;2;7;0;2;4;1;1;
202000015021;154 715 900;C01;2;7;0;2;4;1;1;
202000015022;154 715 897;A01;3;7;0;1;1;1;1;
202000015023;154 715 894;A01;1;7;0;2;3;0;1;
202000015023;154 715 895;B01;2;7;0;2;1;1;1;
202000015024;154 715 893;B01;2;7;0;2;4;2;1;
202000015024;154 715 896;A01;2;7;0;2;1;2;1;
202000015025;154 715 890;B01;1;7;0;2;1;1;1;
202000015025;154 715 892;A01;2;7;3;2;1;13;1;
202000015026;154 715 891;A01;1;7;4;0;7;1;1;
202000015027;154 715 887;B01;2;7;0;1;3;0;1;
202000015027;154 715 889;A01;2;7;0;1;0;0;1;
202000015028;154 715 884;A01;2;7;0;2;1;2;1;
202000015028;154 715 885;D01;2;10;14;2;1;2;1;
202000015028;154 715 886;C01;2;7;0;2;4;2;1;
202000015028;154 715 888;B01;2;7;0;0;6;24;1;
202000015029;154 715 883;A01;1;1;13;0;1;1;5;
202000015030;154 715 881;B01;2;10;0;2;1;1;1;
202000015030;154 715 882;A01;2;10;0;2;7;15;1;
202000015031;154 715 878;A01;1;34;0;2;1;3;1;
202000015031;154 715 880;B01;1;33;0;2;4;3;1;
202000015032;154 715 877;A01;2;7;4;0;1;0;1;
202000015033;154 715 875;B01;2;33;0;2;1;9;1;
202000015033;154 715 876;A01;2;17;0;2;4;1;1;
202000015034;154 715 874;A01;1;33;13;0;1;13;1;
202000015035;154 715 871;C01;1;10;0;2;4;1;1;
202000015035;154 715 872;A01;1;10;0;2;4;1;1;
202000015035;154 715 873;B01;1;10;0;2;1;1;1;
202000015036;154 715 869;A01;1;17;3;0;7;14;1;
202000015037;154 715 868;A01;1;7;0;2;3;2;1;
202000015037;154 715 870;B01;1;10;0;2;3;2;1;
202000015038;154 715 861;A01;2;7;0;2;3;13;1;
202000015038;154 715 863;B01;1;7;0;2;3;0;1;
202000015039;154 715 859;F01;1;15;0;2;4;1;1;
202000015039;154 715 860;E01;1;14;0;2;4;2;1;
202000015039;154 715 862;D01;1;15;0;2;4;2;1;
202000015039;154 715 864;C01;1;15;0;2;4;1;1;
202000015039;154 715 865;A01;1;15;0;2;1;1;1;
202000015039;154 715 866;B01;1;14;0;2;4;1;1;
202000015040;154 715 856;C01;2;7;0;2;4;2;1;
202000015040;154 715 857;B01;2;7;0;2;1;2;1;
202000015040;154 715 858;A01;2;7;0;2;1;2;1;
202000015041;154 715 851;A01;2;7;0;2;7;1;1;
202000015041;154 715 852;B01;2;7;0;2;3;11;1;
202000015041;154 715 853;C01;2;7;0;2;8;1;1;
202000015041;154 715 854;D01;2;7;0;2;6;1;1;
202000015041;154 715 855;E01;2;7;0;2;6;1;1;
202000015042;154 715 849;B01;1;7;0;2;6;1;1;
202000015042;154 715 850;A01;1;99;0;2;1;2;1;
202000015043;154 715 845;C01;2;7;0;2;3;1;1;
202000015043;154 715 846;B01;2;7;0;2;7;1;1;
202000015043;154 715 847;A01;2;31;0;2;3;3;1;
202000015044;154 715 848;A01;1;7;0;9;1;6;1;
202000015045;154 715 842;A01;2;33;4;0;2;26;1;
202000015046;154 715 838;A01;2;7;3;0;2;13;1;
202000015047;154 715 837;F01;2;10;0;2;0;0;1;
202000015047;154 715 839;E01;2;10;0;2;0;0;1;
202000015047;154 715 840;D01;2;33;0;2;8;21;1;
202000015047;154 715 841;C01;2;10;0;2;4;1;1;
202000015047;154 715 843;B01;2;7;0;2;6;1;1;
202000015047;154 715 844;A01;2;7;0;2;1;19;1;
202000015048;154 715 832;D01;2;7;0;0;4;1;1;
202000015048;154 715 833;A01;2;7;0;2;1;2;1;
202000015048;154 715 834;B01;2;7;0;2;4;2;1;
202000015048;154 715 835;C01;2;10;0;2;1;2;1;
202000015049;154 715 831;A01;1;30;0;2;4;1;1;
202000015049;154 715 836;Z01;1;7;0;2;1;0;1;
202000015050;154 715 826;A01;1;7;0;2;1;2;1;
202000015050;154 715 828;B01;1;7;0;2;1;2;1;
202000015050;154 715 829;C01;1;7;0;2;1;2;1;
202000015050;154 715 830;D01;1;33;0;2;0;2;1;
202000015051;154 715 825;B01;2;33;0;2;1;1;1;
202000015051;154 715 827;A01;2;7;0;2;5;12;1;
202000015052;154 715 822;A01;2;10;0;1;1;14;1;
202000015053;154 715 820;D01;2;99;0;2;2;3;0;
202000015053;154 715 821;C01;2;33;0;2;3;11;1;
202000015053;154 715 823;B01;2;7;0;2;2;1;1;
202000015053;154 715 824;A01;2;7;0;2;8;1;1;
202000015054;154 715 816;A01;2;10;1;0;2;1;1;
202000015054;154 715 818;C01;3;7;0;1;0;0;0;
202000015054;154 715 819;D01;2;7;16;0;0;0;1;
202000015055;154 715 815;A01;1;33;0;2;1;1;1;
202000015055;154 715 817;B01;1;7;0;2;4;1;1;
202000015056;154 715 813;A01;1;7;3;0;2;14;1;
202000015057;154 715 812;B01;2;7;16;2;4;1;2;
202000015057;154 715 814;A01;2;10;0;2;1;1;3;
202000015058;154 715 810;Z01;1;7;0;2;0;0;0;
202000015058;154 715 811;B01;1;33;0;2;1;3;1;
202000015059;154 715 809;A01;2;1;13;0;2;26;5;
202000015060;154 715 808;A01;1;7;4;0;0;1;1;
202000015061;154 715 807;A01;1;10;0;1;4;26;1;
202000015062;154 715 806;A01;1;7;3;0;1;1;1;
202000015063;154 715 804;Z01;3;7;0;0;0;17;0;
202000015063;154 715 805;A01;3;1;0;0;3;2;5;
202000015064;154 715 802;A01;1;7;0;2;6;14;1;
202000015064;154 715 803;B01;1;7;0;2;6;1;0;
202000015065;154 715 799;B01;2;1;0;2;4;2;0;
202000015065;154 715 801;A01;2;7;0;2;1;2;1;
202000015066;154 715 798;A01;2;7;0;2;3;11;1;
202000015066;154 715 800;B01;2;31;0;2;7;2;1;
202000015067;154 715 797;A01;1;43;2;0;1;13;1;
202000015068;154 715 794;A01;2;10;0;1;2;1;1;
202000015069;154 715 793;C01;1;10;0;2;4;0;1;
202000015069;154 715 795;B01;1;10;0;2;4;0;1;
202000015069;154 715 796;A01;1;7;0;2;1;0;1;
202000015070;154 715 791;B01;3;10;0;2;0;21;1;
202000015070;154 715 792;A01;3;32;0;2;0;21;0;
202000015071;154 715 789;A01;1;7;0;2;1;2;1;
202000015071;154 715 790;B01;1;7;0;2;4;2;1;
202000015072;154 715 788;A01;3;7;0;1;3;15;1;
202000015073;154 715 786;A01;1;7;0;2;1;0;1;
202000015073;154 715 787;B01;1;7;0;2;4;0;1;
202000015074;154 715 784;A01;3;7;0;2;2;19;1;
202000015074;154 715 785;B01;3;31;0;2;1;1;1;
202000015075;154 715 779;A01;1;7;0;1;3;21;1;
202000015076;154 715 778;B01;1;7;0;2;1;1;1;
202000015076;154 715 780;A01;1;7;0;2;1;14;1;
202000015076;154 715 781;D01;1;7;0;2;4;1;1;
202000015076;154 715 782;E01;1;7;0;2;5;1;1;
202000015076;154 715 783;C01;1;7;0;2;1;1;1;
202000015077;154 715 776;B01;0;7;0;2;3;19;0;
202000015077;154 715 777;A01;0;7;0;2;1;1;0;
202000015078;154 715 772;A01;1;10;0;2;1;19;1;
202000015078;154 715 773;B01;1;1;0;2;0;19;0;
202000015079;154 715 774;B01;1;7;0;2;5;12;1;
202000015079;154 715 775;A01;1;34;0;2;8;3;1;
202000015080;154 715 770;B01;1;7;0;2;4;2;1;
202000015080;154 715 771;A01;0;7;0;2;4;2;1;
202000015081;154 715 768;A01;1;7;0;1;1;1;1;
202000015082;154 715 767;B01;1;15;0;2;4;1;1;
202000015082;154 715 769;A01;1;14;0;2;1;1;1;
202000015083;154 715 765;A01;3;7;0;2;2;1;1;
202000015083;154 715 766;B01;3;1;0;2;8;1;5;
202000015084;154 715 763;A01;2;10;0;2;1;2;1;
202000015084;154 715 764;B01;2;7;0;2;4;2;1;
202000015085;154 715 762;A01;1;7;0;0;1;13;1;
202000015086;154 715 759;A01;1;7;0;0;2;1;1;
202000015087;154 715 758;A01;2;7;0;2;1;2;1;
202000015087;154 715 760;C01;2;7;0;2;4;2;1;
202000015087;154 715 761;B01;2;7;0;2;4;2;1;
202000015088;154 715 757;A01;2;33;0;0;8;14;1;
202000015089;154 715 756;A01;1;7;0;1;2;1;2;
202000015090;154 715 750;B01;3;7;0;2;1;1;1;
202000015090;154 715 753;A01;3;7;0;2;1;19;1;
202000015091;154 715 747;G01;1;7;0;2;4;26;1;
202000015091;154 715 749;E01;1;7;0;2;5;26;1;
202000015091;154 715 751;D01;1;7;0;2;4;26;1;
202000015091;154 715 752;A01;1;15;0;2;1;12;1;
202000015091;154 715 754;B01;1;7;0;2;4;26;1;
202000015091;154 715 755;C01;1;7;0;2;3;26;1;
202000015092;154 715 746;A01;3;2;0;2;2;15;1;
202000015092;154 715 748;B01;3;7;0;2;1;1;1;
202000015093;154 715 744;B01;1;7;0;2;5;11;1;
202000015093;154 715 745;A01;1;32;0;2;3;3;1;
202000015094;154 715 743;A01;3;7;9;0;1;14;0;
202000015095;154 715 741;B01;2;7;0;2;1;1;1;
202000015095;154 715 742;A01;2;7;4;2;7;14;1;
202000015096;154 715 740;A01;2;7;0;1;3;1;1;
202000015097;154 715 738;B01;2;32;0;2;2;1;1;
202000015097;154 715 739;A01;2;7;0;2;8;11;1;
202000015098;154 715 734;Z01;1;7;0;2;3;18;1;
202000015098;154 715 735;C01;1;7;0;2;4;1;1;
202000015098;154 715 736;B01;1;7;4;2;7;1;1;
202000015099;154 715 737;A01;1;32;8;0;1;0;1;
202000015100;154 715 728;D01;2;7;0;2;1;2;1;
202000015100;154 715 730;C01;2;7;0;2;1;2;1;
202000015100;154 715 732;B01;2;10;0;2;1;2;1;
202000015100;154 715 733;A01;2;7;0;2;4;2;1;
202000015101;154 715 727;C01;2;7;0;2;4;23;1;
202000015101;154 715 729;B01;2;7;0;2;4;23;1;
202000015101;154 715 731;A01;2;7;0;2;1;2;1;
202000015102;154 715 726;A01;2;7;3;0;3;13;1;
202000015103;154 715 725;A01;2;7;4;0;1;1;1;
202000015104;154 715 721;A01;3;10;0;2;2;5;1;
202000015104;154 715 723;B01;3;7;0;2;1;1;1;
202000015105;154 715 719;B01;1;7;0;2;1;1;0;
202000015105;154 715 720;A01;2;33;8;2;8;1;1;
202000015106;154 715 722;B01;1;7;0;2;4;2;1;
202000015106;154 715 724;A01;1;14;0;2;1;2;1;
202000015107;154 715 716;B01;2;10;0;2;4;1;1;
202000015107;154 715 718;A01;2;7;0;2;1;1;1;
202000015108;154 715 715;B01;1;7;0;2;4;2;2;
202000015108;154 715 717;A01;1;7;0;2;1;2;1;
202000015109;154 715 714;A01;2;7;4;0;1;13;1;
202000015110;154 715 711;A01;2;7;0;2;1;1;1;
202000015110;154 715 712;B01;2;10;0;2;4;2;1;
202000015111;154 715 713;A01;3;7;0;1;5;15;1;
202000015112;154 715 709;Z01;1;7;0;2;0;0;0;
202000015112;154 715 710;B01;1;7;4;2;8;1;1;
202000015113;154 715 708;A01;1;32;0;1;8;21;1;
202000015114;154 715 705;A01;2;50;0;0;1;1;3;
202000015115;154 715 704;C01;2;10;0;2;4;2;1;
202000015115;154 715 706;B01;2;33;0;2;4;2;1;
202000015115;154 715 707;A01;2;7;0;2;1;2;1;
202000015116;154 715 701;B01;3;1;0;2;0;19;5;
202000015116;154 715 703;A01;3;7;0;2;0;15;1;
202000015117;154 715 700;B01;2;7;0;2;4;2;1;
202000015117;154 715 702;A01;2;7;0;2;1;2;1;
202000015118;154 715 698;A01;2;7;0;2;3;2;0;
202000015118;154 715 699;B01;2;31;0;2;5;2;0;
202000015119;154 715 697;A01;1;7;4;0;1;2;1;
202000015120;154 715 696;A01;0;10;0;1;2;1;0;
202000015121;154 715 695;A01;1;7;4;0;1;17;1;
202000015122;154 715 694;A01;0;3;1;0;1;14;0;
202000015123;154 715 693;A01;2;7;4;0;1;1;1;
202000015124;154 715 689;Z01;2;7;0;2;7;0;0;
202000015124;154 715 691;B01;2;31;0;2;8;3;1;
202000015125;154 715 690;B01;2;34;0;2;0;0;1;
202000015125;154 715 692;A01;2;7;0;2;0;0;1;
202000015126;154 715 686;C01;1;10;0;2;4;2;1;
202000015126;154 715 687;Z01;1;7;0;2;1;2;0;
202000015126;154 715 688;B01;1;7;0;2;4;2;1;
202000015127;154 715 684;B01;3;7;0;2;2;15;0;
202000015127;154 715 685;A01;1;30;0;2;1;1;0;
202000015128;154 715 679;A01;2;7;0;2;2;13;1;
202000015128;154 715 680;B01;2;7;0;2;1;2;1;
202000015128;154 715 681;C01;2;10;0;2;3;2;1;
202000015128;154 715 682;E01;2;33;0;2;8;2;1;
202000015128;154 715 683;D01;2;7;0;2;1;2;1;
202000015129;154 715 677;A01;3;7;0;2;1;1;1;
202000015129;154 715 678;B01;3;1;0;2;8;19;5;
202000015130;154 715 674;A01;2;7;0;2;1;1;1;
202000015130;154 715 675;C01;2;7;0;2;4;2;1;
202000015130;154 715 676;B01;2;10;0;2;4;2;1;
202000015131;154 715 673;A01;3;7;1;1;3;19;1;
202000015132;154 715 671;B01;1;33;0;2;2;3;1;
202000015132;154 715 672;A01;1;7;0;2;3;11;1;
202000015133;154 715 668;B01;1;7;0;2;4;1;1;
202000015133;154 715 669;A01;1;7;0;2;1;26;1;
202000015134;154 715 666;B01;2;7;0;2;8;24;1;
202000015134;154 715 670;A01;2;32;0;2;2;1;1;
202000015135;154 715 664;A01;2;1;1;0;1;1;0;
202000015136;154 715 660;A01;1;7;0;2;1;1;1;
202000015136;154 715 661;B01;1;7;0;2;9;23;0;
202000015136;154 715 662;C01;1;7;0;2;4;23;1;
202000015137;154 715 663;C01;1;7;0;2;2;1;1;
202000015137;154 715 665;B01;1;7;0;2;6;1;1;
202000015137;154 715 667;A01;1;7;0;2;2;14;1;
202000015138;154 715 657;B01;1;7;0;2;4;2;1;
202000015138;154 715 658;A01;1;7;0;2;1;2;1;
202000015139;154 715 656;A01;3;7;0;2;3;19;1;
202000015139;154 715 659;B01;1;33;0;2;1;1;1;
202000015140;154 715 653;A01;1;7;0;2;1;2;1;
202000015140;154 715 654;B01;1;7;0;2;1;2;6;
202000015140;154 715 655;C01;1;10;0;2;4;2;1;
202000015141;154 715 650;B01;1;7;0;2;1;13;1;
202000015141;154 715 652;A01;2;7;0;2;1;1;1;
202000015142;154 715 649;B01;1;10;0;2;3;11;1;
202000015142;154 715 651;A01;1;33;0;2;2;3;1;
202000015143;154 715 647;A01;2;7;3;0;8;13;1;
202000015144;154 715 646;A01;1;7;4;0;3;1;1;
202000015145;154 715 644;A01;1;2;0;2;3;13;1;
202000015145;154 715 645;B01;2;7;0;2;8;1;1;
202000015146;154 715 642;B01;2;7;0;2;6;1;1;
202000015146;154 715 643;A01;2;14;0;2;2;12;1;
202000015147;154 715 641;A01;3;31;6;0;1;15;1;
202000015148;154 715 639;B01;1;7;0;2;4;23;1;
202000015148;154 715 640;Z01;1;7;1;0;1;2;1;
202000015149;154 715 637;B01;0;33;0;2;8;1;1;
202000015149;154 715 638;A01;0;7;0;2;3;13;1;
202000015150;154 715 634;B01;2;7;0;2;4;2;1;
202000015150;154 715 635;A01;2;10;0;2;4;2;1;
202000015150;154 715 636;Z01;2;7;0;2;1;2;0;
202000015151;154 715 633;A01;1;32;0;1;1;0;1;
202000015152;154 715 631;A01;2;7;0;0;9;14;1;
202000015153;154 715 629;A01;1;1;0;0;3;1;0;
202000015154;154 715 628;A01;1;1;0;0;0;1;5;
202000015155;154 715 630;B01;1;7;0;2;2;12;1;
202000015155;154 715 632;A01;1;10;0;2;8;1;1;
202000015156;154 715 627;A01;2;7;16;0;9;1;1;
202000015157;154 715 625;A01;2;21;3;0;1;13;1;
202000015158;154 715 624;A01;2;7;0;2;5;2;1;
202000015158;154 715 626;B01;2;31;0;2;1;2;1;
202000015159;154 715 622;A01;1;7;4;0;1;13;1;
202000015160;154 715 621;B01;2;7;0;2;8;15;1;
202000015160;154 715 623;A01;2;33;0;2;1;17;1;
202000015161;154 715 620;A01;1;7;0;2;9;1;1;
202000015162;154 715 618;B01;3;7;0;2;1;26;1;
202000015162;154 715 619;A01;3;7;0;2;3;9;1;
202000015163;154 715 616;A01;1;31;8;0;3;2;1;
202000015164;154 715 614;A01;2;7;13;0;9;18;1;
202000015165;154 715 613;A01;3;7;2;0;3;0;1;
202000015166;154 715 611;A01;1;7;0;2;1;15;0;
202000015166;154 715 612;B01;3;7;0;2;1;1;0;
202000015167;154 715 615;B01;1;10;0;2;4;2;1;
202000015167;154 715 617;A01;1;32;0;2;1;2;1;
202000015168;154 715 610;A01;2;31;0;0;9;1;1;
202000015169;154 715 609;A01;2;7;6;0;1;16;1;
202000015170;154 715 606;A01;1;7;13;0;3;13;1;
202000015171;154 715 605;B01;2;7;0;2;4;1;1;
202000015171;154 715 607;A01;2;7;3;2;4;1;1;
202000015171;154 715 608;Z01;2;14;0;2;0;0;0;
202000015172;154 715 602;A01;1;7;0;2;3;19;1;
202000015172;154 715 604;B01;2;7;0;2;1;1;1;
202000015173;154 715 601;B01;1;7;0;2;6;11;1;
202000015173;154 715 603;A01;1;33;0;2;1;1;1;
202000015174;154 715 600;A01;3;31;16;0;0;0;1;
202000015175;154 715 598;B01;1;43;0;2;3;3;1;
202000015175;154 715 599;A01;1;7;0;2;5;14;1;
202000015176;154 715 595;A01;3;7;0;2;2;1;1;
202000015176;154 715 597;B01;3;1;0;2;1;19;5;
202000015177;154 715 594;B01;1;7;4;2;6;2;1;
202000015177;154 715 596;Z01;1;7;0;2;1;2;0;
202000015178;154 715 592;B01;1;7;0;2;8;1;1;
202000015178;154 715 593;A01;2;10;0;2;1;19;1;
202000015179;154 715 590;A01;0;31;0;6;1;1;1;
202000015180;154 715 589;B01;1;7;0;2;4;2;1;
202000015180;154 715 591;A01;1;7;0;2;1;2;1;
202000015181;154 715 587;A01;3;7;0;4;2;16;1;
202000015181;154 715 588;B01;1;39;0;4;3;0;1;
202000015182;154 715 585;A01;1;7;4;0;8;13;1;
202000015183;154 715 584;B01;1;1;0;0;3;1;5;
202000015183;154 715 586;A01;1;7;0;9;2;1;1;
202000015184;154 715 582;B01;2;33;0;0;1;3;1;
202000015184;154 715 583;A01;2;10;0;2;6;11;1;
202000015185;154 715 581;A01;1;31;12;0;1;1;1;
202000015186;154 715 579;B01;1;32;0;2;7;3;1;
202000015186;154 715 580;A01;1;7;0;2;8;11;1;
202000015187;154 715 576;C01;1;7;0;2;3;1;1;
202000015187;154 715 577;B01;2;2;0;2;3;1;1;
202000015187;154 715 578;A01;1;7;0;2;2;17;1;
202000015188;154 715 574;A01;1;33;0;6;3;21;1;
202000015189;154 715 573;A01;2;10;0;2;5;0;0;
202000015189;154 715 575;B01;2;33;0;2;1;0;0;
202000015190;154 715 571;A01;1;32;0;0;9;1;1;
202000015191;154 715 572;A01;1;33;13;0;1;1;1;
202000015192;154 715 568;A01;1;7;0;2;1;1;1;
202000015192;154 715 570;B01;1;7;0;2;4;1;1;
202000015193;154 715 569;A01;2;10;6;0;1;1;1;
202000015194;154 715 566;B01;2;10;0;9;2;2;0;
202000015194;154 715 567;A01;2;15;0;2;0;2;0;
202000015195;154 715 564;B01;1;32;0;2;1;1;1;
202000015195;154 715 565;A01;2;7;0;2;5;15;1;
202000015196;154 715 561;A01;2;10;0;2;1;1;1;
202000015196;154 715 563;B01;2;10;0;2;4;1;1;
202000015197;154 715 559;B01;2;7;0;2;1;1;1;
202000015197;154 715 560;A01;1;7;6;2;3;13;0;
202000015197;154 715 562;C01;2;7;0;2;3;1;1;
202000015198;154 715 557;A01;2;7;0;2;1;2;1;
202000015198;154 715 558;B01;2;7;0;2;5;2;1;
202000015199;154 715 556;A01;2;7;3;2;1;1;1;
202000015200;154 715 554;B01;2;31;0;2;1;2;1;
202000015200;154 715 555;A01;2;7;0;2;5;12;1;
202000015201;154 715 551;A01;2;7;0;2;7;9;1;
202000015201;154 715 553;B01;1;17;0;2;1;1;1;
202000015202;154 715 550;A01;2;7;0;2;1;2;1;
202000015202;154 715 552;B01;2;15;0;2;4;2;1;
202000015203;154 715 548;B01;2;7;0;2;4;1;1;
202000015203;154 715 549;A01;2;34;0;2;1;13;1;
202000015204;154 715 546;A01;1;31;4;2;2;3;1;
202000015204;154 715 547;B01;1;7;0;2;6;1;1;
202000015205;154 715 544;A01;1;7;0;2;1;18;1;
202000015205;154 715 545;B01;1;7;0;2;4;1;1;
202000015206;154 715 542;B01;2;17;0;2;2;1;1;
202000015206;154 715 543;A01;2;7;0;2;6;1;1;
202000015207;154 715 540;B01;2;31;0;2;1;3;1;
202000015207;154 715 541;A01;2;7;0;2;5;1;1;
202000015208;154 715 538;A01;2;7;0;2;3;11;1;
202000015208;154 715 539;B01;2;33;0;2;5;3;1;
202000015209;154 715 536;B01;2;7;0;2;3;2;1;
202000015209;154 715 537;A01;1;7;0;2;3;13;1;
202000015210;154 715 534;B01;1;2;0;2;1;15;1;
202000015210;154 715 535;A01;1;7;0;2;1;16;1;
202000015211;154 715 532;A01;2;10;0;2;2;17;1;
202000015211;154 715 533;B01;2;1;0;2;8;15;0;
202000015212;154 715 530;B01;2;7;0;2;1;2;1;
202000015212;154 715 531;A01;2;7;0;2;4;23;1;
202000015213;154 715 529;A01;1;7;2;0;1;14;1;
202000015214;154 715 526;A01;2;7;0;2;0;0;0;
202000015214;154 715 527;C01;2;7;0;2;0;0;0;
202000015214;154 715 528;B01;2;7;0;2;0;0;0;
202000015215;154 715 524;A01;1;33;0;2;4;17;1;
202000015215;154 715 525;B01;2;7;0;2;3;13;0;
202000015216;154 715 522;B01;3;1;0;2;5;15;5;
202000015216;154 715 523;A01;3;7;0;9;3;9;1;
202000015217;154 715 520;A01;1;7;0;9;3;15;1;
202000015217;154 715 521;B01;2;2;0;2;0;0;1;
202000015218;154 715 518;B01;2;7;0;2;1;1;1;
202000015218;154 715 519;A01;2;7;0;2;7;1;1;
202000015219;154 715 516;A01;1;7;0;2;1;15;1;
202000015219;154 715 517;B01;2;7;0;2;1;1;1;
202000015220;154 715 515;A01;1;7;0;1;1;1;1;
202000015221;154 715 513;B01;3;7;0;2;1;1;1;
202000015221;154 715 514;A01;3;7;0;2;8;19;1;
202000015222;154 715 511;B01;1;1;0;2;1;1;5;
202000015222;154 715 512;A01;1;7;0;2;8;22;1;
202000015223;154 715 509;A01;3;7;0;2;1;15;1;
202000015223;154 715 510;B01;3;1;0;2;1;1;1;
202000015224;154 715 508;A01;3;30;8;0;0;0;1;
202000015225;154 715 507;A01;2;7;0;1;2;1;1;
202000015226;154 715 505;B01;2;30;0;2;2;17;1;
202000015226;154 715 506;A01;2;7;0;0;3;15;1;
202000015227;154 715 504;A01;2;33;3;0;2;1;1;
202000015228;154 715 503;A01;3;7;8;0;8;1;1;
202000015229;154 715 501;B01;1;7;0;2;7;16;0;
202000015229;154 715 502;A01;1;7;6;1;1;1;1;
202000015230;154 715 499;B01;2;7;0;2;2;16;1;
202000015230;154 715 500;A01;2;33;0;2;1;1;1;
202000015231;154 715 498;A01;1;7;0;1;3;1;1;
202000015232;154 715 496;B01;1;7;0;2;5;23;1;
202000015232;154 715 497;A01;1;33;0;2;1;2;1;
202000015233;154 715 494;A01;0;7;0;2;3;1;1;
202000015233;154 715 495;B01;0;33;0;2;0;17;1;
202000015234;154 715 492;B01;2;7;0;2;4;1;0;
202000015234;154 715 493;A01;2;7;0;2;1;1;0;
202000015235;154 715 490;A01;2;7;0;2;3;15;1;
202000015235;154 715 491;B01;2;33;0;2;1;17;1;
202000015236;154 715 489;A01;1;17;0;1;1;1;1;
202000015237;154 715 487;B01;1;10;0;2;3;9;1;
202000015237;154 715 488;A01;2;31;0;2;1;9;1;
202000015238;154 715 485;A01;1;7;0;2;2;15;1;
202000015238;154 715 486;B01;2;2;0;2;1;26;1;
202000015239;154 715 483;B01;1;7;0;2;4;1;1;
202000015239;154 715 484;A01;1;7;0;2;1;2;1;
202000015240;154 715 481;B01;1;7;0;2;1;1;1;
202000015240;154 715 482;A01;2;7;0;2;3;9;1;
202000015241;154 715 479;A01;1;31;0;2;1;1;1;
202000015241;154 715 480;B01;1;7;0;2;2;1;1;
202000015242;154 715 477;A01;3;30;0;2;4;2;0;
202000015242;154 715 478;B01;0;7;0;2;4;15;0;
202000015243;154 715 476;A01;2;10;2;0;2;14;1;
202000015244;154 715 475;A01;3;7;0;1;2;20;1;
202000015245;154 715 473;B01;1;31;0;2;7;1;1;
202000015245;154 715 474;A01;1;7;0;2;3;11;1;
202000015246;154 715 471;B01;1;33;0;2;4;0;0;
202000015246;154 715 472;A01;1;7;0;1;1;2;1;
202000015247;154 715 469;B01;1;2;0;2;2;1;1;
202000015247;154 715 470;A01;2;7;0;2;3;15;1;
202000015248;154 715 468;A01;1;1;13;0;2;21;5;
202000015249;154 715 466;B01;3;7;0;2;1;15;1;
202000015249;154 715 467;A01;3;7;0;2;2;1;1;
202000015250;154 715 464;B01;1;7;0;2;7;1;1;
202000015250;154 715 465;A01;2;7;0;2;1;1;1;
202000015251;154 715 463;A01;2;34;4;0;1;14;1;