num_acc;id_vehicule;num_veh;senc;catv;obs;obsm;choc;manv;motor;occutc
202000015252;154 715 461;A01;2;30;0;2;1;1;1;
202000015252;154 715 462;Z01;1;7;0;2;1;5;1;
202000015253;154 715 460;Z01;2;7;0;1;8;1;1;
202000015254;154 715 458;B01;2;7;0;2;4;23;1;
202000015254;154 715 459;A01;2;10;0;2;1;2;1;
202000015255;154 715 457;Z01;2;7;0;1;1;10;1;
202000015256;154 715 455;A01;2;7;0;2;2;9;1;
202000015256;154 715 456;B01;2;1;0;2;1;1;5;
202000015257;154 715 453;A01;2;7;0;2;7;16;2;
202000015257;154 715 454;B01;2;1;0;2;1;1;5;
202000015258;154 715 452;A01;2;1;0;1;1;1;5;
202000015259;154 715 449;A01;2;34;0;2;2;17;1;
202000015259;154 715 450;B01;2;7;0;2;3;13;1;
202000015259;154 715 451;C01;1;1;0;2;3;1;5;
202000015260;154 715 447;A01;3;30;0;2;1;18;1;
202000015260;154 715 448;B01;3;7;0;2;4;1;1;
202000015261;154 715 445;A01;1;2;0;2;2;1;3;
202000015261;154 715 446;B01;2;33;0;2;1;1;1;
202000015262;154 715 444;A01;1;32;0;2;2;21;1;
202000015263;154 715 442;A01;1;32;0;2;1;1;1;
202000015263;154 715 443;B01;2;50;0;2;1;5;3;
202000015264;154 715 441;A01;2;1;0;1;1;1;5;
202000015265;154 715 439;A01;3;50;0;2;1;19;3;
202000015265;154 715 440;B01;3;7;0;2;2;1;1;
202000015266;154 715 438;A01;1;10;0;1;2;1;1;
202000015267;154 715 437;Z01;1;7;0;1;1;5;1;
202000015268;154 715 436;A01;3;34;0;1;1;25;0;
202000015269;154 715 435;A01;3;1;15;1;1;25;5;
202000015270;154 715 433;A01;2;7;0;2;1;1;1;
202000015270;154 715 434;B01;3;33;0;2;4;23;1;
202000015271;154 715 431;B01;0;7;0;2;1;15;0;
202000015271;154 715 432;A01;2;30;0;2;8;1;1;
202000015272;154 715 429;B01;3;7;0;2;3;1;1;
202000015272;154 715 430;A01;3;41;0;2;1;15;1;
202000015273;154 715 427;B01;3;7;0;2;3;9;0;
202000015273;154 715 428;A01;1;33;0;2;7;1;0;
202000015274;154 715 425;B01;0;7;0;2;2;14;1;
202000015274;154 715 426;A01;1;33;0;2;1;1;1;
202000015275;154 715 424;A01;1;30;1;0;2;21;1;
202000015276;154 715 423;A01;2;10;1;0;2;26;6;
202000015277;154 715 421;A01;1;7;0;2;1;1;1;
202000015277;154 715 422;B01;0;1;0;0;7;19;5;
202000015278;154 715 419;A01;1;7;0;2;1;2;1;
202000015278;154 715 420;B01;1;14;0;2;4;23;1;
202000015279;154 715 417;A01;1;3;0;2;3;26;0;
202000015279;154 715 418;B01;1;2;0;2;1;2;0;
202000015280;154 715 415;A01;1;7;0;2;3;0;0;
202000015280;154 715 416;B01;1;34;0;2;2;1;1;
202000015281;154 715 413;A01;2;7;0;2;2;15;1;
202000015281;154 715 414;B01;1;30;0;2;1;16;1;
202000015282;154 715 410;C01;2;7;0;2;1;1;1;
202000015282;154 715 411;B01;2;7;0;2;1;1;1;
202000015282;154 715 412;A01;2;7;4;0;2;1;1;
202000015283;154 715 409;A01;3;33;0;0;9;26;0;
202000015284;154 715 407;A01;1;7;5;0;1;5;0;
202000015284;154 715 408;B01;2;7;5;0;1;26;0;
202000015285;154 715 406;A01;1;7;0;1;2;1;1;
202000015286;154 715 405;A01;2;7;1;0;0;13;1;
202000015287;154 715 403;B01;2;7;0;2;1;1;1;
202000015287;154 715 404;A01;1;7;0;2;1;1;1;
202000015288;154 715 401;B01;2;7;0;2;8;19;1;
202000015288;154 715 402;A01;2;7;0;2;2;17;1;
202000015289;154 715 400;A01;1;7;10;0;1;1;1;
202000015290;154 715 398;A01;2;7;0;2;5;15;1;
202000015290;154 715 399;B01;1;33;0;2;1;1;1;
202000015291;154 715 396;A01;1;7;0;2;3;1;1;
202000015291;154 715 397;B01;2;15;0;2;8;1;1;
202000015292;154 715 394;A01;0;2;0;2;3;1;1;
202000015292;154 715 395;B01;0;7;0;2;3;1;1;
202000015293;154 715 392;B01;2;7;0;2;2;21;1;
202000015293;154 715 393;A01;1;1;0;2;0;25;5;
202000015294;154 715 389;B01;1;7;0;2;3;1;1;
202000015294;154 715 390;A01;1;7;0;2;2;17;1;
202000015294;154 715 391;C01;1;7;0;2;7;21;1;
202000015295;154 715 387;A01;1;7;3;0;8;1;1;
202000015296;154 715 386;A01;1;7;4;0;1;1;1;
202000015297;154 715 385;A01;0;7;15;0;0;1;1;
202000015298;154 715 384;A01;2;33;2;0;1;1;1;
202000015299;154 715 382;B01;1;7;0;2;3;1;1;
202000015299;154 715 383;A01;2;33;0;2;3;13;1;
202000015300;154 715 380;A01;1;31;0;2;1;1;1;
202000015300;154 715 381;B01;1;7;0;2;6;1;1;
202000015301;154 715 378;A01;0;7;0;2;3;1;1;
202000015301;154 715 379;B01;0;1;0;2;1;1;5;
202000015302;154 715 376;B01;1;33;0;2;3;1;1;
202000015302;154 715 377;A01;2;33;0;2;3;13;1;
202000015303;154 715 374;A01;2;10;0;2;3;16;1;
202000015303;154 715 375;B01;0;1;0;2;7;1;5;
202000015304;154 715 372;B01;1;7;0;2;2;2;1;
202000015304;154 715 373;A01;1;1;0;2;4;1;5;
202000015305;154 715 370;A01;3;7;1;0;6;20;0;
202000015305;154 715 371;B01;3;7;0;1;5;24;0;
202000015306;154 715 368;B01;1;33;0;2;1;1;1;
202000015306;154 715 369;A01;0;7;0;2;3;10;1;
202000015307;154 715 367;A01;2;33;13;0;0;21;0;
202000015308;154 715 365;B01;1;30;0;2;4;2;1;
202000015308;154 715 366;A01;1;33;0;2;1;2;1;
202000015309;154 715 364;A01;0;33;0;0;0;1;1;
202000015310;154 715 363;A01;2;7;2;0;0;19;1;
202000015311;154 715 362;A01;1;7;13;0;3;13;1;
202000015312;154 715 360;A01;2;33;0;2;1;1;1;
202000015312;154 715 361;B01;3;7;0;2;7;19;1;
202000015313;154 715 359;A01;2;7;0;0;2;1;1;
202000015314;154 715 357;A01;1;7;11;2;1;17;1;
202000015314;154 715 358;B01;1;7;0;2;3;15;1;
202000015315;154 715 355;B01;2;1;0;2;7;1;5;
202000015315;154 715 356;A01;2;7;0;2;8;26;1;
202000015316;154 715 351;A01;1;7;12;0;2;14;1;
202000015316;154 715 352;B01;2;10;0;2;1;1;0;
202000015317;154 715 350;A01;1;2;9;0;5;20;1;
202000015318;154 715 349;A01;0;1;0;0;3;1;5;
202000015319;154 715 348;A01;3;1;0;0;7;1;5;
202000015320;154 715 346;B01;1;7;0;0;0;1;1;
202000015320;154 715 347;A01;1;33;13;0;0;17;1;
202000015321;154 715 345;A01;1;33;0;0;0;1;1;
202000015322;154 715 344;A01;1;7;0;1;3;1;1;
202000015323;154 715 343;A01;1;33;4;6;8;1;1;
202000015324;154 715 342;A01;1;2;6;0;8;16;1;
202000015325;154 715 340;B01;2;7;0;0;1;1;2;
202000015325;154 715 341;A01;1;7;0;0;1;13;1;
202000015326;154 715 339;A01;1;7;6;0;1;13;1;
202000015327;154 715 337;A01;0;7;0;0;1;6;1;
202000015327;154 715 338;B01;0;7;0;0;1;15;1;
202000015328;154 715 335;B01;1;33;0;2;4;0;1;
202000015328;154 715 336;A01;2;34;0;2;1;13;1;
202000015329;154 715 333;A01;3;2;0;2;1;13;1;
202000015329;154 715 334;B01;3;7;0;2;3;1;1;
202000015330;154 715 332;A01;1;33;0;0;0;1;1;
202000015331;154 715 331;A01;-1;7;10;0;1;13;0;
202000015332;154 715 329;B01;3;33;0;2;3;1;1;
202000015332;154 715 330;A01;3;7;0;2;2;15;1;
202000015333;154 715 327;B01;1;33;0;2;7;12;0;
202000015333;154 715 328;A01;1;7;0;2;3;18;0;
202000015334;154 715 326;A01;1;2;11;0;1;1;1;
202000015335;154 715 325;A01;1;7;0;0;2;1;1;
202000015336;154 715 322;A01;2;32;7;0;2;1;1;
202000015337;154 715 320;B01;2;33;0;2;1;21;1;
202000015337;154 715 321;A01;1;7;0;0;8;15;1;
202000015338;154 715 317;C01;2;7;0;9;0;1;1;
202000015338;154 715 318;B01;2;33;0;2;1;26;1;
202000015338;154 715 319;A01;1;2;0;2;1;17;1;
202000015339;154 715 315;B01;1;7;0;0;4;1;1;
202000015339;154 715 316;A01;1;7;0;2;1;2;6;
202000015340;154 715 313;B01;1;7;0;2;8;10;1;
202000015340;154 715 314;A01;1;7;0;2;2;11;1;
202000015341;154 715 312;A01;1;7;0;1;2;1;1;
202000015342;154 715 310;A01;2;33;0;2;8;17;1;
202000015342;154 715 311;B01;1;7;0;2;8;21;1;
202000015343;154 715 309;A01;2;7;1;0;3;1;1;
202000015344;154 715 307;B01;2;10;0;2;3;1;1;
202000015344;154 715 308;A01;1;7;0;2;3;13;1;
202000015345;154 715 306;A01;0;2;0;0;0;0;0;
202000015346;154 715 305;A01;0;7;6;0;1;0;1;
202000015347;154 715 304;A01;1;33;0;0;7;14;1;
202000015348;154 715 303;A01;1;7;17;0;2;1;1;
202000015349;154 715 302;A01;1;7;0;0;1;21;1;
202000015350;154 715 301;A01;0;7;0;1;3;1;1;
202000015351;154 715 299;A01;1;1;0;0;3;1;5;
202000015351;154 715 300;B01;2;7;0;9;3;1;1;
202000015352;154 715 297;B01;0;7;0;2;3;1;1;
202000015352;154 715 298;A01;0;7;0;2;3;1;1;
202000015353;154 715 295;A01;2;33;0;2;1;1;1;
202000015353;154 715 296;B01;2;1;0;0;4;1;5;
202000015354;154 715 294;A01;1;31;3;0;1;1;1;
202000015355;154 715 292;B01;1;32;0;0;4;3;0;
202000015355;154 715 293;A01;1;7;0;2;3;2;0;
202000015356;154 715 289;A01;2;7;6;0;1;17;1;
202000015357;154 715 288;A01;1;7;6;0;1;0;1;
202000015358;154 715 287;A01;1;7;13;0;7;17;1;
202000015359;154 715 285;B01;2;7;0;2;3;1;0;
202000015359;154 715 286;A01;1;7;0;2;3;13;0;
202000015360;154 715 284;A01;3;7;13;0;9;1;1;
202000015361;154 715 283;A01;1;7;8;0;1;14;1;
202000015362;154 715 282;A01;2;7;9;0;1;19;1;
202000015363;154 715 280;C01;3;33;0;2;3;1;0;
202000015363;154 715 281;A01;1;7;0;2;3;1;0;
202000015364;154 715 278;B01;3;7;0;2;3;15;1;
202000015364;154 715 279;A01;2;2;0;2;1;1;1;
202000015365;154 715 276;B01;2;17;0;2;6;1;1;
202000015365;154 715 277;A01;2;7;0;2;2;21;1;
202000015366;154 715 274;A01;2;10;0;2;6;23;1;
202000015366;154 715 275;B01;2;10;0;2;2;1;1;
202000015367;154 715 272;A01;1;31;0;2;1;2;1;
202000015367;154 715 273;B01;1;7;0;2;4;2;1;
202000015368;154 715 265;A01;2;7;0;2;6;23;1;
202000015368;154 715 266;B01;2;7;0;2;3;21;1;
202000015368;154 715 267;C01;2;7;0;2;4;2;1;
202000015368;154 715 268;D01;2;7;3;2;1;21;1;
202000015368;154 715 269;E01;2;7;0;2;1;2;2;
202000015368;154 715 270;F01;2;7;0;2;2;2;1;
202000015368;154 715 271;G01;2;7;0;2;1;2;1;
202000015369;154 715 264;A01;2;7;4;0;0;13;1;
202000015370;154 715 262;A01;2;7;0;2;7;12;1;
202000015370;154 715 263;B01;2;33;0;2;3;3;1;
202000015371;154 715 260;B01;1;7;3;2;6;1;1;
202000015371;154 715 261;A01;1;7;0;2;1;2;1;
202000015372;154 715 257;A01;1;7;1;0;1;14;1;
202000015372;154 715 258;B01;1;7;0;0;4;23;1;
202000015372;154 715 259;C01;1;7;1;0;1;2;1;
202000015373;154 715 255;A01;1;7;0;2;1;1;1;
202000015373;154 715 256;B01;1;7;0;2;4;1;1;
202000015374;154 715 253;A01;2;7;0;2;2;11;1;
202000015374;154 715 254;B01;2;7;0;2;6;1;1;
202000015375;154 715 251;A01;1;7;0;2;3;1;1;
202000015375;154 715 252;B01;1;7;0;2;2;17;1;
202000015376;154 715 250;A01;1;7;4;0;3;15;1;
202000015377;154 715 249;Z01;1;10;0;1;1;1;1;
202000015378;154 715 247;B01;1;7;0;2;2;15;1;
202000015378;154 715 248;A01;2;1;0;2;2;1;5;
202000015379;154 715 245;B01;2;33;0;2;1;5;1;
202000015379;154 715 246;A01;1;10;0;2;1;15;1;
202000015380;154 715 244;A01;2;30;0;1;1;1;1;
202000015381;154 715 242;A01;2;10;0;2;5;1;1;
202000015381;154 715 243;B01;2;7;0;2;1;1;1;
202000015382;154 715 240;B01;3;7;0;2;1;1;1;
202000015382;154 715 241;A01;3;7;0;2;3;13;1;
202000015383;154 715 237;A01;1;7;0;2;8;1;1;
202000015383;154 715 238;B01;1;7;0;2;2;0;1;
202000015383;154 715 239;Z01;1;7;0;2;8;13;1;
202000015384;154 715 235;B01;0;7;0;2;7;16;1;
202000015384;154 715 236;A01;0;30;0;2;8;1;1;
202000015385;154 715 234;B01;1;7;0;1;3;1;1;
202000015386;154 715 233;A01;2;32;0;0;8;1;1;
202000015387;154 715 232;A01;3;7;0;1;3;1;0;
202000015388;154 715 230;B01;3;50;0;2;7;2;3;
202000015388;154 715 231;A01;3;7;0;9;8;15;1;
202000015389;154 715 229;A01;2;7;8;0;3;13;1;
202000015390;154 715 227;B01;2;7;0;2;8;15;1;
202000015390;154 715 228;A01;2;33;0;2;1;17;1;
202000015391;154 715 225;A01;1;37;0;2;3;23;1;2
202000015391;154 715 226;Z01;2;7;0;2;4;26;1;
202000015392;154 715 224;A01;1;7;0;1;1;15;0;
202000015393;154 715 223;A01;1;7;0;1;8;21;1;
202000015394;154 715 222;A01;1;7;0;1;7;15;1;
202000015395;154 715 220;B01;1;7;0;2;2;1;1;
202000015395;154 715 221;A01;3;7;0;2;1;16;1;
202000015396;154 715 219;A01;0;7;0;1;1;2;1;
202000015397;154 715 218;A01;2;7;0;1;1;1;1;
202000015398;154 715 217;A01;2;7;0;1;1;1;1;
202000015399;154 715 215;B01;3;7;0;2;1;1;1;
202000015399;154 715 216;A01;3;7;0;2;1;13;1;
202000015400;154 715 211;B01;1;32;0;2;0;1;1;
202000015400;154 715 212;A01;1;7;0;2;0;15;1;
202000015401;154 715 209;B01;1;7;0;0;0;23;1;
202000015401;154 715 210;A01;1;32;0;2;7;21;1;
202000015402;154 715 207;A01;3;30;0;2;0;1;1;
202000015402;154 715 208;B01;3;7;0;2;0;0;0;
202000015403;154 715 205;B01;1;1;0;2;4;1;5;
202000015403;154 715 206;A01;1;7;0;2;1;9;1;
202000015404;154 715 204;A01;0;7;0;1;3;1;1;
202000015405;154 715 202;A01;0;7;1;2;1;2;1;
202000015405;154 715 203;B01;3;7;0;2;4;0;1;
202000015406;154 715 201;A01;0;7;6;0;1;1;1;
202000015407;154 715 200;A01;1;10;0;1;3;1;1;
202000015408;154 715 199;A01;2;10;13;0;1;14;1;
202000015409;154 715 197;A01;1;7;0;2;2;2;1;
202000015409;154 715 198;B01;1;2;0;2;4;2;1;
202000015410;154 715 196;A01;3;10;0;1;5;4;1;
202000015411;154 715 194;B01;2;7;0;2;7;23;1;
202000015411;154 715 195;Y01;1;50;14;0;1;5;3;
202000015412;154 715 192;A01;3;7;0;2;3;1;1;
202000015412;154 715 193;B01;3;7;0;2;6;16;1;
202000015413;154 715 191;A01;2;7;2;0;1;2;1;
202000015414;154 715 188;A01;0;7;0;2;0;1;1;
202000015414;154 715 189;B01;1;7;0;2;7;1;1;
202000015415;154 715 187;A01;1;30;8;0;1;1;1;
202000015416;154 715 186;A01;2;7;1;0;2;1;1;
202000015417;154 715 184;A01;2;1;0;2;3;19;5;
202000015417;154 715 185;B01;1;10;0;9;3;1;1;
202000015418;154 715 182;A01;3;7;0;2;7;15;1;
202000015418;154 715 183;B01;3;10;0;2;1;0;1;
202000015419;154 715 180;B01;2;7;0;2;4;2;1;
202000015419;154 715 181;A01;2;7;0;2;1;2;1;
202000015420;154 715 179;A01;1;10;0;1;3;1;1;
202000015421;154 715 177;B01;1;32;0;2;2;17;1;
202000015421;154 715 178;A01;1;7;0;2;3;20;1;
202000015422;154 715 175;Z01;0;7;0;2;0;0;0;
202000015422;154 715 176;A01;0;50;0;2;8;13;3;
202000015423;154 715 173;A01;1;7;0;2;2;15;1;
202000015423;154 715 174;B01;2;7;0;2;3;1;1;
202000015424;154 715 171;B01;2;7;0;2;-1;1;-1;
202000015424;154 715 172;A01;1;7;0;2;1;1;-1;
202000015425;154 715 169;Z01;3;10;0;2;2;17;1;
202000015425;154 715 170;B01;3;1;0;2;8;11;5;
202000015426;154 715 166;C01;1;7;0;2;4;23;1;
202000015426;154 715 167;B01;1;7;0;2;4;23;1;
202000015426;154 715 168;A01;1;7;0;2;1;2;1;
202000015427;154 715 163;C01;2;7;0;2;1;1;1;
202000015427;154 715 164;A01;2;7;0;2;6;11;1;
202000015427;154 715 165;B01;2;7;4;2;1;1;1;
202000015428;154 715 157;A01;2;7;0;2;2;12;1;
202000015428;154 715 158;B01;2;33;0;2;1;3;1;
202000015428;154 715 159;C01;2;31;0;2;1;3;1;
202000015428;154 715 160;D01;2;31;0;2;1;3;1;
202000015428;154 715 161;E01;2;31;0;2;1;3;1;
202000015428;154 715 162;F01;2;7;0;2;1;1;1;
202000015429;154 715 155;A01;1;32;0;2;1;1;1;
202000015429;154 715 156;Z01;2;7;0;2;3;10;0;
202000015430;154 715 153;A01;2;7;0;2;1;1;2;
202000015430;154 715 154;B01;3;7;0;2;7;15;1;
202000015431;154 715 151;B01;2;43;0;2;3;1;1;
202000015431;154 715 152;A01;2;30;0;2;2;16;1;
202000015432;154 715 149;A01;1;7;0;2;8;22;1;
202000015432;154 715 150;B01;1;30;0;2;1;1;1;
202000015433;154 715 148;A01;1;10;0;1;3;1;1;
202000015434;154 715 147;A01;1;50;12;0;1;5;3;
202000015435;154 715 146;A01;2;30;0;1;1;1;1;
202000015436;154 715 144;B01;1;1;0;2;3;1;5;
202000015436;154 715 145;A01;1;7;0;9;2;15;1;
202000015437;154 715 142;A01;3;7;0;2;2;17;0;
202000015437;154 715 143;B01;1;7;0;2;6;0;1;
202000015438;154 715 138;A01;1;7;0;2;3;1;1;
202000015438;154 715 139;B01;2;2;0;2;1;1;1;
202000015438;154 715 140;C01;2;7;0;2;3;1;1;
202000015438;154 715 141;T01;1;7;0;9;0;0;1;
202000015439;154 715 136;A01;1;7;0;2;1;26;1;
202000015439;154 715 137;B01;1;7;7;0;4;23;1;
202000015440;154 715 134;B01;3;1;0;2;2;19;5;
202000015440;154 715 135;A01;1;7;0;2;2;16;1;
202000015441;154 715 133;A01;2;99;1;0;2;1;1;
202000015442;154 715 131;B01;1;7;0;2;8;15;1;
202000015442;154 715 132;A01;2;7;0;2;1;1;1;
202000015443;154 715 129;A01;2;7;0;2;2;15;1;
202000015443;154 715 130;B01;1;32;0;2;1;1;1;
202000015444;154 715 127;B01;1;7;0;0;6;24;1;
202000015444;154 715 128;A01;1;7;1;0;2;14;1;
202000015445;154 715 126;A01;1;7;13;0;9;14;1;
202000015446;154 715 124;A01;1;7;0;2;3;13;1;
202000015446;154 715 125;B01;2;7;0;2;6;1;1;
202000015447;154 715 123;A01;0;7;0;1;2;15;0;
202000015448;154 715 121;B01;2;32;0;2;1;17;1;
202000015448;154 715 122;A01;2;7;0;0;3;10;1;
202000015449;154 715 119;A01;2;7;0;0;6;2;1;
202000015449;154 715 120;B01;2;33;0;2;1;2;1;
202000015450;154 715 116;A01;3;33;0;0;0;1;1;
202000015450;154 715 117;B01;3;33;0;2;1;1;1;
202000015450;154 715 118;C01;3;33;0;2;1;1;1;
202000015451;154 715 114;A01;0;1;0;9;0;1;5;
202000015451;154 715 115;B01;0;1;0;0;0;19;5;
202000015452;154 715 113;A01;2;7;6;0;1;1;1;
202000015453;154 715 111;A01;2;7;0;2;1;10;1;
202000015453;154 715 112;B01;2;7;0;2;8;10;1;
202000015454;154 715 109;A01;1;7;0;9;2;0;1;
202000015454;154 715 110;B01;1;1;0;0;5;2;5;
202000015455;154 715 107;A01;1;2;0;2;1;2;1;
202000015455;154 715 108;B01;1;7;0;0;8;15;1;
202000015456;154 715 106;A01;3;7;0;1;2;1;1;
202000015457;154 715 105;A01;2;2;0;0;0;1;1;
202000015458;154 715 104;A01;1;2;0;1;2;1;1;
202000015459;154 715 102;B01;2;2;0;2;1;2;6;
202000015459;154 715 103;A01;2;7;0;0;4;2;6;
202000015460;154 715 101;A01;3;7;0;0;9;1;1;
202000015461;154 715 099;A01;3;7;0;9;3;15;1;
202000015461;154 715 100;B01;3;1;0;2;1;0;5;
202000015462;154 715 096;A01;3;33;0;0;0;21;1;
202000015463;154 715 095;A01;3;31;0;0;0;21;1;
202000015464;154 715 093;A01;2;33;0;2;2;17;1;
202000015464;154 715 094;B01;2;7;0;2;8;15;1;
202000015465;154 715 092;A01;2;2;13;0;7;1;1;
202000015466;154 715 091;A01;2;7;0;0;0;1;1;
202000015467;154 715 089;A01;3;7;0;2;2;1;1;
202000015467;154 715 090;B01;3;7;0;2;1;1;1;
202000015468;154 715 087;B01;1;7;0;2;6;1;1;
202000015468;154 715 088;A01;2;7;0;2;3;19;1;
202000015469;154 715 085;A01;2;10;0;2;2;15;1;
202000015469;154 715 086;B01;1;33;0;2;1;1;1;
202000015470;154 715 082;B01;2;34;0;2;1;1;1;
202000015470;154 715 083;A01;3;7;0;2;2;19;1;
202000015471;154 715 081;A01;1;7;13;0;2;14;1;
202000015472;154 715 079;A01;1;33;0;2;3;11;1;
202000015472;154 715 080;B01;1;7;0;2;5;17;1;
202000015473;154 715 078;A01;2;7;3;0;2;0;1;
202000015474;154 715 077;A01;2;17;0;0;9;1;1;
202000015475;154 715 075;B01;2;7;0;0;5;1;2;
202000015475;154 715 076;A01;2;33;0;2;1;0;1;
202000015476;154 715 073;A01;3;14;0;9;7;16;1;
202000015476;154 715 074;B01;1;1;0;2;1;1;5;
202000015477;154 715 071;A01;0;7;13;0;9;1;0;
202000015477;154 715 072;B01;0;7;0;2;1;1;0;
202000015478;154 715 069;A01;1;7;0;2;1;15;1;
202000015478;154 715 070;B01;2;33;0;2;3;0;1;
202000015479;154 715 066;A01;1;7;0;2;1;2;0;
202000015479;154 715 067;B01;1;7;0;2;4;2;0;
202000015479;154 715 068;C01;1;7;0;0;4;2;0;
202000015480;154 715 063;A01;3;2;15;0;1;0;1;
202000015481;154 715 060;C01;2;7;0;2;7;23;1;
202000015481;154 715 061;B01;2;7;0;2;8;22;1;
202000015481;154 715 062;A01;2;33;0;2;7;3;1;
202000015482;154 715 058;A01;1;7;0;0;3;26;1;
202000015482;154 715 059;B01;1;7;0;2;1;1;1;
202000015483;154 715 056;B01;2;7;0;9;7;17;1;
202000015483;154 715 057;A01;2;1;0;2;8;2;5;
202000015484;154 715 054;B01;1;7;0;2;1;1;1;
202000015484;154 715 055;A01;2;10;0;2;1;15;1;
202000015485;154 715 052;A01;2;7;0;2;3;1;1;
202000015485;154 715 053;B01;1;7;0;2;3;1;1;
202000015486;154 715 050;A01;2;7;0;2;7;1;1;
202000015486;154 715 051;B01;2;10;0;2;3;15;1;
202000015487;154 715 048;A01;3;7;0;9;2;20;1;
202000015487;154 715 049;B01;3;1;0;2;8;1;5;
202000015488;154 715 047;A01;1;7;9;1;1;13;1;
202000015489;154 715 045;A01;3;7;0;2;3;1;1;
202000015489;154 715 046;B01;3;1;0;2;1;1;5;
202000015490;154 715 043;A01;1;7;0;2;1;15;1;
202000015490;154 715 044;B01;1;7;0;2;2;1;1;
202000015491;154 715 042;A01;1;7;1;1;1;15;1;
202000015492;154 715 040;A01;2;7;0;9;2;0;0;
202000015492;154 715 041;B01;2;1;6;0;4;2;5;
202000015493;154 715 039;A01;1;7;14;0;2;1;1;
202000015494;154 715 037;A01;1;7;0;2;3;9;1;
202000015494;154 715 038;B01;2;33;0;2;1;1;1;
202000015495;154 715 035;B01;2;33;0;2;7;1;1;
202000015495;154 715 036;A01;1;7;0;2;1;19;1;
202000015496;154 715 033;B01;1;7;0;2;1;1;1;
202000015496;154 715 034;A01;1;7;3;0;1;1;1;
202000015497;154 715 032;A01;2;7;8;0;9;2;1;
202000015498;154 715 031;A01;2;10;6;0;3;14;1;
202000015499;154 715 030;A01;1;7;4;0;0;13;1;
202000015500;154 715 026;C01;2;7;0;2;4;2;1;
202000015500;154 715 027;A01;2;7;0;2;1;2;1;
202000015500;154 715 028;B01;2;7;0;2;4;2;1;
202000015500;154 715 029;D01;2;7;0;2;4;2;1;
202000015501;154 715 023;C01;1;7;0;2;4;0;1;
202000015501;154 715 024;B01;1;7;0;2;9;0;1;
202000015501;154 715 025;A01;1;7;0;2;1;26;1;
202000015502;154 715 020;B01;1;10;0;2;8;1;1;
202000015502;154 715 021;C01;1;10;0;2;4;1;1;
202000015502;154 715 022;A01;1;10;0;0;7;12;1;
202000015503;154 715 017;A01;2;7;0;2;1;2;1;
202000015503;154 715 018;B01;2;7;0;2;4;2;1;
202000015503;154 715 019;C01;2;7;0;2;4;2;1;
202000015504;154 715 014;C01;2;7;0;2;3;1;1;
202000015504;154 715 015;B01;2;7;0;2;4;2;1;
202000015504;154 715 016;A01;2;7;0;2;1;2;1;
202000015505;154 715 013;A01;2;33;4;0;3;13;1;
202000015506;154 715 011;A01;1;34;0;2;1;3;1;
202000015506;154 715 012;B01;1;10;0;2;3;1;1;
202000015507;154 715 010;A01;2;31;0;0;0;1;1;
202000015508;154 715 008;A01;2;10;0;1;1;26;1;
202000015508;154 715 009;Z01;1;-1;0;1;0;0;0;
202000015509;154 715 007;A01;1;7;16;0;9;1;1;
202000015510;154 715 005;B01;0;33;0;2;1;1;0;
202000015510;154 715 006;A01;0;7;0;2;3;15;0;
202000015511;154 715 004;A01;2;10;0;1;4;20;1;
202000015512;154 715 003;A01;2;30;9;0;1;1;1;
202000015513;154 715 001;A01;2;7;0;2;0;0;0;
202000015513;154 715 002;B01;1;7;0;2;3;2;1;
202000015514;154 714 999;A01;1;7;0;2;2;2;1;
202000015514;154 715 000;B01;1;10;8;2;6;2;1;
202000015515;154 714 997;A01;0;10;0;2;1;2;1;
202000015515;154 714 998;B01;0;7;0;2;4;2;1;
202000015516;154 714 996;A01;3;7;0;0;0;21;-1;
202000015517;154 714 993;A01;1;7;0;1;2;1;1;
202000015518;154 714 992;A01;1;7;8;0;4;1;1;
202000015519;154 714 990;B01;0;7;0;2;1;1;1;
202000015519;154 714 991;A01;2;7;0;2;2;1;1;
202000015520;154 714 988;A01;2;7;0;2;3;2;1;
202000015520;154 714 989;B01;2;2;0;2;7;2;0;
202000015521;154 714 986;B01;0;7;0;2;1;1;1;
202000015521;154 714 987;A01;0;2;0;2;1;5;1;
202000015522;154 714 985;A01;3;7;0;1;1;1;1;
202000015523;154 714 983;A01;3;32;0;2;1;17;1;
202000015523;154 714 984;B01;3;7;0;0;6;15;1;
202000015524;154 714 982;A01;1;7;0;1;1;1;0;
202000015525;154 714 981;A01;3;7;0;1;1;15;1;
202000015526;154 714 979;A01;0;7;0;2;7;15;1;
202000015526;154 714 980;B01;0;33;0;2;1;1;1;
202000015527;154 714 978;A01;3;7;0;1;1;15;1;
202000015528;154 714 976;A01;3;30;0;2;3;15;1;
202000015528;154 714 977;B01;1;7;0;2;1;1;1;
202000015529;154 714 974;B01;2;1;0;2;1;1;5;
202000015529;154 714 975;A01;2;7;0;2;3;16;1;
202000015530;154 714 972;A01;0;7;0;2;1;1;1;
202000015530;154 714 973;B01;0;32;0;2;7;1;0;
202000015531;154 714 970;A01;1;3;0;2;3;1;1;
202000015531;154 714 971;B01;2;7;0;2;3;1;1;
202000015532;154 714 968;A01;2;10;0;0;1;13;1;
202000015532;154 714 969;B01;1;7;0;2;1;1;1;
202000015533;154 714 967;A01;1;33;0;0;8;1;1;