num_acc;id_vehicule;num_veh;senc;catv;obs;obsm;choc;manv;motor;occutc
202000015534;154 714 966;A01;1;30;0;1;1;16;1;
202000015535;154 714 964;A01;1;1;0;2;8;2;5;
202000015535;154 714 965;Z01;1;50;0;2;0;2;3;
202000015536;154 714 963;A01;1;1;1;0;1;13;5;
202000015537;154 714 959;D01;1;7;0;2;4;2;1;
202000015537;154 714 960;C01;1;7;0;2;4;2;1;
202000015537;154 714 961;B01;1;7;0;2;1;2;1;
202000015537;154 714 962;A01;1;7;0;2;1;2;1;
202000015538;154 714 957;B01;1;7;0;2;4;23;1;
202000015538;154 714 958;A01;1;33;0;2;1;2;1;
202000015539;154 714 956;A01;1;7;0;1;1;1;1;
202000015540;154 714 955;A01;1;10;0;1;2;15;1;
202000015541;154 714 954;A01;2;32;0;0;0;15;1;
202000015542;154 714 952;A01;1;7;0;2;7;22;2;
202000015542;154 714 953;B01;1;1;0;2;1;1;5;
202000015543;154 714 950;B01;1;30;0;2;6;1;1;
202000015543;154 714 951;A01;1;32;0;2;7;13;1;
202000015544;154 714 948;A01;2;30;0;2;1;17;1;
202000015544;154 714 949;B01;2;7;0;2;3;10;1;
202000015545;154 714 946;A01;1;1;0;2;4;2;5;
202000015545;154 714 947;Z01;1;7;0;2;1;2;0;
202000015546;154 714 944;A01;2;7;0;2;5;23;1;
202000015546;154 714 945;Z01;2;7;0;2;1;2;1;
202000015547;154 714 942;A01;2;30;0;2;1;1;1;
202000015547;154 714 943;B01;1;7;0;2;1;1;1;
202000015548;154 714 940;A01;2;7;0;2;5;16;1;
202000015548;154 714 941;B01;2;37;0;2;3;7;1;2
202000015549;154 714 939;A01;2;30;0;0;1;1;1;
202000015550;154 714 938;A01;0;1;0;1;4;1;5;
202000015551;154 714 937;A01;1;7;0;1;1;15;2;
202000015552;154 714 935;B01;1;1;0;2;1;26;5;
202000015552;154 714 936;A01;1;7;0;2;2;16;1;
202000015553;154 714 934;A01;1;30;1;0;1;26;0;
202000015554;154 714 932;A01;2;7;0;2;6;2;0;
202000015554;154 714 933;B01;2;7;0;2;2;21;0;
202000015555;154 714 930;A01;1;7;0;2;7;15;1;
202000015555;154 714 931;B01;2;2;0;0;1;1;1;
202000015556;154 714 928;B01;2;7;0;2;2;9;1;
202000015556;154 714 929;A01;2;33;0;2;1;13;1;
202000015557;154 714 926;A01;1;7;1;2;2;17;1;
202000015557;154 714 927;B01;1;7;1;2;2;17;1;
202000015558;154 714 924;B01;2;2;0;2;7;17;1;
202000015558;154 714 925;A01;2;7;0;2;3;15;1;
202000015559;154 714 923;A01;0;31;0;0;1;12;0;
202000015560;154 714 921;A01;-1;2;0;2;1;26;1;
202000015560;154 714 922;B01;-1;7;0;2;3;26;1;
202000015561;154 714 919;A01;3;30;0;2;4;15;3;
202000015561;154 714 920;B01;3;7;0;2;3;2;1;
202000015562;154 714 917;A01;1;7;0;9;7;22;1;
202000015562;154 714 918;B01;1;1;1;0;2;21;5;
202000015563;154 714 915;A01;1;10;0;2;2;16;1;
202000015563;154 714 916;B01;1;50;0;2;8;1;3;
202000015564;154 714 913;A01;2;7;0;2;1;0;1;
202000015564;154 714 914;B01;2;7;0;2;4;0;1;
202000015565;154 714 912;A01;1;33;8;0;1;0;1;
202000015566;154 714 911;A01;0;33;0;0;1;1;1;
202000015567;154 714 909;B01;1;7;7;2;1;1;1;
202000015567;154 714 910;A01;3;7;0;2;2;9;1;
202000015568;154 714 906;B01;2;7;0;2;1;21;0;
202000015568;154 714 907;C01;1;33;0;2;1;0;0;
202000015568;154 714 908;A01;2;10;0;0;6;23;0;
202000015569;154 714 904;B01;2;7;0;2;1;17;1;
202000015569;154 714 905;A01;1;7;0;2;1;1;1;
202000015570;154 714 902;B01;1;7;0;2;1;1;1;
202000015570;154 714 903;A01;2;7;0;2;3;1;1;
202000015571;154 714 901;A01;1;33;11;0;1;1;0;
202000015572;154 714 899;A01;3;7;0;2;3;1;0;
202000015572;154 714 900;B01;3;1;0;2;8;19;5;
202000015573;154 714 898;A01;1;31;0;0;0;10;1;
202000015574;154 714 897;A01;1;7;8;0;1;0;1;
202000015575;154 714 895;A01;2;10;0;0;8;1;1;
202000015576;154 714 894;A01;2;7;16;0;0;13;1;
202000015577;154 714 892;A01;0;1;0;2;8;19;6;
202000015577;154 714 893;B01;3;7;0;2;2;1;1;
202000015578;154 714 890;A01;1;33;0;2;1;5;1;
202000015578;154 714 891;B01;1;7;0;2;7;1;1;
202000015579;154 714 889;A01;2;7;6;0;0;14;1;
202000015580;154 714 888;A01;2;36;8;0;1;1;1;
202000015581;154 714 887;A01;1;36;0;0;0;0;1;
202000015582;154 714 886;A01;2;2;0;0;0;1;1;
202000015583;154 714 884;A01;1;1;0;2;1;1;5;
202000015583;154 714 885;B01;3;7;0;2;8;15;1;
202000015584;154 714 883;A01;1;33;0;0;1;14;1;
202000015585;154 714 881;A01;3;7;0;0;8;19;1;
202000015585;154 714 882;C01;1;7;0;9;1;1;1;
202000015586;154 714 879;A01;2;7;0;2;1;13;1;
202000015586;154 714 880;B01;1;7;0;2;3;1;1;
202000015587;154 714 878;A01;1;2;6;0;3;13;1;
202000015588;154 714 876;B01;2;7;0;2;3;2;0;
202000015588;154 714 877;A01;2;7;0;2;5;2;0;
202000015589;154 714 874;A01;1;7;0;2;2;1;1;
202000015589;154 714 875;B01;1;7;0;2;1;1;1;
202000015590;154 714 871;A01;1;7;2;0;1;13;1;
202000015591;154 714 870;A01;1;33;13;0;2;1;1;
202000015592;154 714 868;B01;1;7;0;2;7;17;6;
202000015592;154 714 869;A01;1;2;0;0;8;2;6;
202000015593;154 714 866;A01;3;7;0;0;8;19;1;
202000015593;154 714 867;B01;1;7;0;2;1;1;1;
202000015594;154 714 864;A01;2;7;0;2;3;1;1;
202000015594;154 714 865;B01;1;7;0;2;7;19;1;
202000015595;154 714 862;A01;1;7;3;0;2;1;1;
202000015595;154 714 863;B01;1;7;0;2;3;1;1;
202000015596;154 714 861;A01;1;7;10;0;2;1;1;
202000015597;154 714 859;A01;1;7;0;2;3;1;0;
202000015597;154 714 860;B01;2;7;0;2;3;1;1;
202000015598;154 714 858;A01;0;36;2;0;1;1;0;
202000015599;154 714 857;A01;1;10;13;0;1;13;1;
202000015600;154 714 856;A01;1;33;0;0;7;1;1;
202000015601;154 714 854;A01;0;7;0;9;8;1;0;
202000015601;154 714 855;C01;3;1;0;2;1;1;5;
202000015602;154 714 852;B01;2;33;0;2;9;13;1;
202000015602;154 714 853;A01;1;7;0;2;1;1;1;
202000015603;154 714 851;A01;1;7;13;0;3;0;1;
202000015604;154 714 849;A01;3;7;0;2;8;15;1;
202000015604;154 714 850;B01;2;7;0;2;3;1;1;
202000015605;154 714 847;B01;1;33;0;2;7;17;1;
202000015605;154 714 848;A01;1;10;0;2;8;11;1;
202000015606;154 714 846;A01;3;2;1;0;1;5;1;
202000015607;154 714 845;A01;1;33;8;0;7;1;1;
202000015608;154 714 843;B01;2;7;0;2;1;2;1;
202000015608;154 714 844;A01;2;33;0;2;4;1;1;
202000015609;154 714 839;T01;1;32;0;0;0;0;1;
202000015609;154 714 840;A01;1;7;0;2;6;0;1;
202000015609;154 714 841;B01;1;33;0;2;2;0;1;
202000015609;154 714 842;C01;1;7;4;2;1;0;1;
202000015610;154 714 837;B01;2;7;0;2;4;2;1;
202000015610;154 714 838;A01;2;34;0;2;1;2;1;
202000015611;154 714 835;Z01;2;7;0;2;3;11;1;
202000015611;154 714 836;B01;2;7;0;2;7;21;1;
202000015612;154 714 828;G01;1;7;0;2;4;2;1;
202000015612;154 714 829;F01;1;10;0;2;4;2;1;
202000015612;154 714 830;E01;1;7;0;2;4;2;1;
202000015612;154 714 831;C01;1;7;0;2;4;2;1;
202000015612;154 714 832;B01;1;7;0;2;9;2;1;
202000015612;154 714 833;A01;1;10;0;2;1;2;1;
202000015612;154 714 834;D01;1;7;0;2;4;2;1;
202000015613;154 714 826;B01;2;10;0;2;4;2;1;
202000015613;154 714 827;A01;2;14;0;2;1;26;1;
202000015614;154 714 823;C01;1;7;0;2;4;1;1;
202000015614;154 714 824;B01;1;7;0;2;4;1;1;
202000015614;154 714 825;A01;1;7;0;2;1;1;1;
202000015615;154 714 821;B01;1;7;0;2;4;1;1;
202000015615;154 714 822;A01;1;7;0;2;1;2;1;
202000015616;154 714 819;A01;1;7;0;2;1;2;1;
202000015616;154 714 820;B01;1;15;0;2;4;2;1;
202000015617;154 714 818;A01;1;10;4;0;1;13;1;
202000015618;154 714 817;A01;1;7;15;0;2;14;1;
202000015619;154 714 815;B01;1;13;0;2;1;2;1;
202000015619;154 714 816;A01;1;7;0;2;4;1;1;
202000015620;154 714 812;B01;3;80;0;2;1;19;3;
202000015620;154 714 813;A01;1;10;0;2;1;19;1;
202000015621;154 714 810;A01;2;1;0;2;1;1;5;
202000015621;154 714 811;B01;2;7;0;2;1;15;1;
202000015622;154 714 808;A01;1;7;0;2;1;2;1;
202000015622;154 714 809;B01;1;10;0;0;4;2;1;
202000015623;154 714 807;A01;1;7;0;1;2;1;2;
202000015624;154 714 806;A01;0;7;0;1;3;9;0;
202000015625;154 714 805;A01;3;7;0;1;3;1;0;
202000015626;154 714 803;A01;1;30;0;2;5;21;1;
202000015626;154 714 804;B01;2;7;0;2;1;9;1;
202000015627;154 714 802;A01;1;7;0;1;7;1;1;
202000015628;154 714 799;A01;3;7;0;2;7;9;1;
202000015628;154 714 800;B01;3;7;0;2;1;1;1;
202000015628;154 714 801;C01;3;15;0;2;1;1;1;
202000015629;154 714 797;B01;2;7;0;2;1;26;1;
202000015629;154 714 798;A01;1;7;16;2;1;13;1;
202000015630;154 714 795;A01;1;1;0;0;8;1;5;
202000015631;154 714 793;B01;2;7;0;2;4;2;1;
202000015631;154 714 794;A01;2;10;0;2;1;2;1;
202000015632;154 714 791;A01;1;7;0;2;3;26;1;
202000015632;154 714 792;B01;2;7;0;2;5;26;1;
202000015633;154 714 790;A01;1;34;0;1;0;26;0;
202000015634;154 714 789;A01;2;30;0;1;1;17;1;
202000015635;154 714 788;A01;0;0;0;1;0;0;0;
202000015636;154 714 786;B01;1;7;0;2;4;2;0;
202000015636;154 714 787;A01;1;7;0;2;1;16;0;
202000015637;154 714 785;A01;1;7;0;1;1;19;1;
202000015638;154 714 783;A01;3;7;0;2;3;11;1;
202000015638;154 714 784;B01;3;7;0;2;2;17;1;
202000015639;154 714 781;A01;1;1;0;2;0;0;0;
202000015639;154 714 782;B01;0;7;0;2;0;0;0;
202000015640;154 714 780;A01;2;7;0;1;3;1;1;
202000015641;154 714 778;A01;2;7;0;2;1;1;1;
202000015641;154 714 779;B01;2;7;0;1;4;1;1;
202000015642;154 714 776;B01;1;7;0;2;4;1;1;
202000015642;154 714 777;A01;1;33;0;2;1;2;1;
202000015643;154 714 774;A01;1;7;0;2;3;1;1;
202000015643;154 714 775;B01;0;1;0;0;0;0;0;
202000015644;154 714 772;B01;2;10;0;2;4;23;1;
202000015644;154 714 773;A01;2;17;0;2;2;1;1;
202000015645;154 714 770;A01;3;7;0;2;8;15;1;
202000015645;154 714 771;B01;3;50;0;2;8;19;3;
202000015646;154 714 768;A01;2;7;0;2;1;19;1;
202000015646;154 714 769;B01;0;1;0;2;7;1;5;
202000015647;154 714 767;A01;1;7;0;1;1;26;1;
202000015648;154 714 765;A01;1;33;0;2;1;17;1;
202000015648;154 714 766;B01;1;21;0;2;0;0;1;
202000015649;154 714 764;A01;1;7;0;1;2;16;1;
202000015650;154 714 762;A01;0;7;0;2;7;15;1;
202000015650;154 714 763;B01;0;33;0;2;1;1;1;
202000015651;154 714 760;A01;2;2;0;2;1;1;1;
202000015651;154 714 761;B01;2;7;0;2;3;1;1;
202000015652;154 714 759;A01;2;33;15;0;0;1;1;
202000015653;154 714 757;A01;3;7;0;2;2;15;1;
202000015653;154 714 758;B01;0;7;0;2;1;26;1;
202000015654;154 714 756;A01;1;7;11;0;3;1;1;
202000015655;154 714 755;A01;1;30;16;0;0;0;1;
202000015656;154 714 754;A01;3;7;16;0;1;1;1;
202000015657;154 714 752;B01;1;7;16;0;0;26;0;
202000015657;154 714 753;A01;1;30;16;0;0;26;0;
202000015658;154 714 750;B01;3;7;0;2;4;23;1;
202000015658;154 714 751;A01;3;7;0;2;1;2;1;
202000015659;154 714 748;A01;1;7;0;2;2;9;1;
202000015659;154 714 749;B01;1;7;0;2;1;1;0;
202000015660;154 714 747;A01;3;7;0;1;1;0;1;
202000015661;154 714 745;A01;3;7;0;2;1;1;1;
202000015661;154 714 746;B01;3;1;0;2;7;19;5;
202000015662;154 714 743;A01;3;7;0;2;1;1;1;
202000015662;154 714 744;B01;3;32;0;2;4;1;1;
202000015663;154 714 741;B01;1;7;0;2;1;0;1;
202000015663;154 714 742;A01;2;7;0;2;3;16;1;
202000015664;154 714 739;B01;1;7;0;2;2;1;1;
202000015664;154 714 740;A01;3;30;0;2;1;5;1;
202000015665;154 714 737;B01;1;7;0;2;1;1;1;
202000015665;154 714 738;A01;1;1;0;2;1;1;5;
202000015666;154 714 735;B01;1;1;0;2;1;1;5;
202000015666;154 714 736;Z01;2;7;0;2;0;13;3;
202000015667;154 714 733;A01;2;7;0;2;1;13;1;
202000015667;154 714 734;B01;1;7;0;2;1;1;1;
202000015668;154 714 731;A01;1;1;0;2;4;15;5;
202000015668;154 714 732;Z01;1;7;0;2;4;17;0;
202000015669;154 714 728;Z01;2;7;0;2;3;18;1;
202000015669;154 714 729;B01;1;7;0;2;3;1;1;
202000015669;154 714 730;A01;2;7;0;2;2;1;1;
202000015670;154 714 726;B01;1;7;0;0;4;1;0;
202000015670;154 714 727;A01;1;7;0;2;0;0;0;
202000015671;154 714 725;A01;2;7;1;1;4;4;1;
202000015672;154 714 723;A01;2;31;0;2;1;13;0;
202000015672;154 714 724;B01;1;7;0;2;3;1;0;
202000015673;154 714 721;B01;2;7;0;1;4;23;1;
202000015673;154 714 722;A01;2;10;0;2;1;2;1;
202000015674;154 714 720;A01;2;32;0;0;0;11;1;
202000015675;154 714 716;A01;1;1;0;2;8;19;5;
202000015675;154 714 717;Z01;1;7;1;2;1;1;1;
202000015676;154 714 714;B01;1;1;0;2;1;1;5;
202000015676;154 714 715;A01;1;13;0;2;7;16;1;
202000015677;154 714 713;A01;1;1;0;1;1;25;5;
202000015678;154 714 711;B01;1;7;0;2;2;15;1;
202000015678;154 714 712;A01;2;30;0;2;1;1;1;
202000015679;154 714 708;Z01;3;0;0;2;3;16;0;
202000015679;154 714 709;A01;3;2;0;2;0;0;1;
202000015680;154 714 706;A01;1;7;0;2;7;1;0;
202000015680;154 714 707;B01;1;7;0;2;1;1;0;
202000015681;154 714 705;A01;2;7;15;0;8;1;1;
202000015682;154 714 703;A01;1;32;0;2;1;9;1;
202000015682;154 714 704;B01;1;7;0;2;1;9;1;
202000015683;154 714 701;A01;1;1;0;2;0;1;5;
202000015683;154 714 702;B01;1;7;0;9;2;15;1;
202000015684;154 714 699;B01;2;7;0;2;6;23;1;
202000015684;154 714 700;A01;2;30;0;0;3;17;1;
202000015685;154 714 697;B01;1;7;1;0;6;21;1;
202000015685;154 714 698;A01;2;7;1;0;3;21;1;
202000015686;154 714 695;A01;-1;7;0;2;1;1;0;
202000015686;154 714 696;B01;-1;1;0;2;7;19;5;
202000015687;154 714 692;A01;2;7;0;2;1;1;1;
202000015687;154 714 693;C01;2;7;0;2;7;1;1;
202000015687;154 714 694;B01;2;7;0;2;8;12;1;
202000015688;154 714 691;A01;3;7;0;1;3;1;1;
202000015689;154 714 690;A01;2;7;0;1;4;4;2;
202000015690;154 714 689;A01;1;80;5;1;1;1;3;
202000015691;154 714 687;B01;1;7;14;2;1;19;1;
202000015691;154 714 688;A01;1;7;14;2;6;19;1;
202000015692;154 714 685;A01;1;7;0;2;8;22;1;
202000015692;154 714 686;B01;1;1;0;2;1;0;5;
202000015693;154 714 684;A01;1;7;13;0;1;1;1;
202000015694;154 714 682;B01;1;7;0;2;1;1;1;
202000015694;154 714 683;A01;2;7;0;2;0;9;1;
202000015695;154 714 680;A01;3;7;0;2;1;1;1;
202000015695;154 714 681;B01;3;1;0;2;4;11;5;
202000015696;154 714 679;A01;2;7;2;0;3;1;1;
202000015697;154 714 678;A01;2;7;3;0;2;2;1;
202000015698;154 714 676;A01;2;33;0;2;1;17;1;
202000015698;154 714 677;B01;2;7;0;2;6;15;1;
202000015699;154 714 671;A01;3;21;0;9;2;19;0;
202000015699;154 714 672;B01;1;1;0;2;1;1;0;
202000015700;154 714 670;A01;2;33;9;0;1;1;1;
202000015701;154 714 669;A01;1;7;8;0;1;14;1;
202000015702;154 714 668;A01;1;7;0;1;2;1;0;
202000015703;154 714 667;A01;2;33;0;0;0;1;1;
202000015704;154 714 665;A01;0;7;0;2;2;26;1;
202000015704;154 714 666;B01;3;7;0;2;3;21;1;
202000015705;154 714 663;B01;0;7;0;0;0;20;0;
202000015705;154 714 664;A01;0;2;0;0;0;21;1;
202000015706;154 714 662;A01;0;31;0;0;5;1;1;
202000015707;154 714 661;A01;2;33;16;0;7;1;1;
202000015708;154 714 660;A01;2;7;13;0;1;1;1;
202000015709;154 714 658;A01;1;7;0;2;2;1;1;
202000015709;154 714 659;B01;1;7;0;2;4;15;1;
202000015710;154 714 655;C01;2;7;3;2;4;1;1;
202000015710;154 714 656;A01;2;7;1;2;1;1;1;
202000015710;154 714 657;B01;3;7;0;2;3;23;1;
202000015711;154 714 653;A01;0;33;0;9;0;0;0;
202000015711;154 714 654;B01;0;1;0;9;0;0;5;
202000015712;154 714 651;A01;1;7;0;2;2;15;1;
202000015712;154 714 652;B01;2;33;0;2;1;1;1;
202000015713;154 714 649;B01;1;33;0;2;1;1;1;
202000015713;154 714 650;A01;1;7;0;0;5;1;1;
202000015714;154 714 647;B01;1;7;0;2;2;1;1;
202000015714;154 714 648;A01;2;7;0;2;1;1;1;
202000015715;154 714 645;A01;2;33;0;0;0;1;1;
202000015715;154 714 646;B01;1;7;0;0;3;1;1;
202000015716;154 714 644;A01;1;14;0;1;3;1;1;
202000015717;154 714 642;B01;0;2;0;2;1;1;1;
202000015717;154 714 643;A01;3;10;0;2;3;5;1;
202000015718;154 714 641;B01;1;1;0;0;9;1;5;
202000015719;154 714 639;A01;3;7;0;2;2;1;1;
202000015719;154 714 640;B01;3;31;0;2;3;1;1;
202000015720;154 714 636;C01;2;7;0;0;3;1;1;
202000015720;154 714 637;B01;2;7;0;0;6;1;1;
202000015720;154 714 638;A01;1;7;0;2;3;13;1;
202000015721;154 714 635;A01;1;1;0;0;2;1;5;
202000015722;154 714 634;A01;1;33;0;0;8;1;1;
202000015723;154 714 632;B01;1;33;0;2;1;0;1;
202000015723;154 714 633;A01;2;7;0;9;7;15;1;
202000015724;154 714 631;A01;1;33;0;0;0;1;1;
202000015725;154 714 630;A01;1;7;16;0;3;1;1;
202000015726;154 714 628;A01;1;7;0;2;3;1;1;
202000015726;154 714 629;B01;2;7;0;2;1;13;1;
202000015727;154 714 627;A01;2;7;2;1;9;14;1;
202000015728;154 714 626;A01;3;2;1;0;3;1;1;
202000015729;154 714 624;B01;2;7;13;0;6;1;6;
202000015729;154 714 625;A01;2;7;9;2;1;26;6;
202000015730;154 714 622;A01;0;21;0;0;0;9;1;
202000015730;154 714 623;B01;2;33;0;0;7;1;1;
202000015731;154 714 620;B01;2;99;0;2;1;1;0;
202000015731;154 714 621;A01;1;7;0;2;3;1;0;
202000015732;154 714 619;A01;3;7;0;0;0;14;1;
202000015733;154 714 617;A01;1;7;0;2;3;0;1;
202000015733;154 714 618;B01;1;2;0;2;1;0;1;
202000015734;154 714 616;A01;1;2;0;0;0;1;1;
202000015735;154 714 613;A01;1;14;0;2;3;5;1;
202000015735;154 714 614;B01;2;7;0;2;1;2;1;
202000015735;154 714 615;C01;0;7;0;2;7;23;1;
202000015736;154 714 609;B01;2;7;0;2;4;2;1;
202000015736;154 714 610;A01;2;7;0;2;1;2;1;
202000015737;154 714 607;A01;1;10;0;2;1;13;1;
202000015737;154 714 608;B01;2;15;0;2;2;21;1;
202000015738;154 714 602;B01;1;15;0;0;6;0;1;
202000015738;154 714 603;A01;1;7;0;2;2;1;1;
202000015739;154 714 600;A01;1;7;0;2;1;13;1;
202000015739;154 714 601;B01;2;7;0;2;1;1;1;
202000015740;154 714 598;B01;1;7;13;2;3;1;1;
202000015740;154 714 599;A01;2;7;0;2;3;1;1;
202000015741;154 714 596;A01;1;7;0;9;3;1;1;
202000015741;154 714 597;B01;2;1;0;2;1;0;0;
202000015742;154 714 594;B01;3;37;0;2;6;17;1;1
202000015742;154 714 595;A01;3;33;6;2;7;17;1;
202000015743;154 714 591;A01;1;17;0;0;4;2;1;
202000015743;154 714 592;C01;1;7;0;2;1;2;1;
202000015743;154 714 593;B01;1;7;1;0;1;2;1;
202000015744;154 714 589;B01;2;7;0;0;3;1;1;
202000015744;154 714 590;A01;2;7;0;2;8;15;1;
202000015745;154 714 587;A01;1;7;0;2;2;26;1;
202000015745;154 714 588;B01;0;7;0;2;3;0;1;
202000015746;154 714 585;A01;1;7;0;2;3;15;1;
202000015746;154 714 586;B01;2;2;0;2;1;1;1;
202000015747;154 714 584;A01;1;7;15;0;3;1;1;
202000015748;154 714 583;A01;2;7;6;0;2;17;1;
202000015749;154 714 582;A01;2;34;1;0;1;13;1;
202000015750;154 714 580;B01;2;7;0;2;7;16;1;
202000015750;154 714 581;A01;2;33;0;2;1;18;1;
202000015751;154 714 579;A01;2;7;0;1;3;1;1;
202000015752;154 714 577;B01;2;7;0;0;4;23;1;
202000015752;154 714 578;A01;2;7;0;2;1;1;1;
202000015753;154 714 576;A01;2;7;8;0;1;1;1;
202000015754;154 714 574;B01;1;1;0;2;1;1;5;
202000015754;154 714 575;A01;2;7;0;9;3;15;1;
202000015755;154 714 570;A01;1;10;0;2;2;0;1;
202000015755;154 714 571;D01;1;7;0;2;4;26;1;
202000015755;154 714 572;C01;1;7;0;2;4;26;1;
202000015755;154 714 573;B01;1;7;0;2;4;26;1;
202000015756;154 714 568;A01;1;7;0;2;1;2;1;
202000015756;154 714 569;B01;1;10;0;2;4;2;1;
202000015757;154 714 566;B01;1;7;0;2;4;2;1;
202000015757;154 714 567;A01;1;7;0;2;9;2;1;
202000015758;154 714 565;A01;1;7;4;0;1;21;1;
202000015759;154 714 563;A01;1;32;0;2;1;3;1;
202000015759;154 714 564;Z01;1;10;0;2;5;11;0;
202000015760;154 714 562;A01;1;7;6;0;1;14;1;
202000015761;154 714 561;A01;2;7;4;0;7;14;1;
202000015762;154 714 560;A01;2;13;4;0;1;14;1;
202000015763;154 714 558;B01;2;7;0;2;4;2;1;
202000015763;154 714 559;A01;2;7;0;2;1;2;1;
202000015764;154 714 555;A01;2;10;0;2;1;1;1;
202000015764;154 714 556;B01;2;10;0;2;4;23;1;
202000015764;154 714 557;C01;2;7;0;2;4;23;1;
202000015765;154 714 552;B01;1;2;0;0;0;1;1;
202000015765;154 714 553;A01;1;7;0;0;0;17;1;
202000015766;154 714 551;A01;0;99;8;0;1;16;6;
202000015767;154 714 549;A01;2;7;0;2;8;1;1;
202000015767;154 714 550;B01;1;31;0;2;0;3;1;
202000015768;154 714 548;A01;1;10;4;0;3;13;1;
202000015769;154 714 546;B01;2;7;0;2;4;2;1;
202000015769;154 714 547;A01;2;1;0;2;1;2;5;
202000015770;154 714 544;B01;1;33;0;2;1;0;1;
202000015770;154 714 545;A01;2;7;0;2;0;0;1;
202000015771;154 714 543;A01;1;7;0;1;1;17;1;
202000015772;154 714 541;B01;1;32;0;2;1;9;1;
202000015772;154 714 542;A01;2;3;0;2;3;11;1;
202000015773;154 714 539;A01;3;7;0;2;8;9;1;
202000015773;154 714 540;B01;1;33;0;2;1;9;1;
202000015774;154 714 537;A01;3;7;0;2;1;2;1;
202000015774;154 714 538;B01;3;7;0;2;4;2;1;
202000015775;154 714 536;A01;2;34;14;0;0;26;1;
202000015776;154 714 535;A01;3;7;0;1;3;15;1;
202000015777;154 714 533;A01;3;7;4;2;1;2;1;
202000015777;154 714 534;B01;3;7;0;2;4;2;1;
202000015778;154 714 530;B01;2;7;0;2;8;19;1;
202000015778;154 714 531;A01;1;7;0;2;1;19;1;
202000015779;154 714 528;B01;1;7;0;0;0;0;1;
202000015779;154 714 529;A01;1;7;0;2;1;1;1;
202000015780;154 714 526;A01;1;7;0;2;1;1;1;
202000015780;154 714 527;B01;1;32;0;2;8;1;1;
202000015781;154 714 524;A01;1;2;0;2;1;25;1;
202000015781;154 714 525;B01;2;7;0;2;3;1;1;
202000015782;154 714 522;B01;2;50;0;2;1;19;3;
202000015782;154 714 523;A01;1;7;0;2;2;1;2;
202000015783;154 714 520;B01;1;7;0;2;7;23;1;
202000015783;154 714 521;A01;1;30;0;2;8;18;1;
202000015784;154 714 519;A01;1;30;4;0;1;13;1;
202000015785;154 714 516;B01;1;7;0;2;3;21;0;
202000015785;154 714 517;C01;2;7;0;2;3;1;0;
202000015785;154 714 518;A01;1;10;5;0;1;14;0;
202000015786;154 714 513;A01;2;7;0;0;9;1;1;
202000015787;154 714 510;C01;0;7;0;2;2;1;1;
202000015787;154 714 511;B01;0;7;0;2;3;1;1;
202000015787;154 714 512;A01;0;33;0;2;1;17;1;
202000015788;154 714 508;B01;2;36;0;2;1;1;1;
202000015788;154 714 509;A01;1;7;0;2;2;15;0;
202000015789;154 714 507;A01;1;7;0;1;1;1;6;
202000015790;154 714 504;A01;0;2;0;2;3;19;0;
202000015790;154 714 505;B01;3;7;0;2;2;1;0;
202000015791;154 714 503;A01;0;80;12;0;2;16;3;
202000015792;154 714 501;B01;1;7;0;2;2;13;1;
202000015792;154 714 502;A01;2;33;0;2;1;14;1;
202000015793;154 714 499;A01;1;7;7;2;7;19;1;
202000015793;154 714 500;B01;1;7;7;2;1;1;1;
202000015794;154 714 497;B01;1;7;0;2;1;0;1;
202000015794;154 714 498;A01;1;7;0;2;4;1;1;
202000015795;154 714 495;B01;2;7;0;2;8;1;1;
202000015795;154 714 496;A01;2;14;0;2;7;12;1;
202000015796;154 714 491;A01;1;7;0;2;4;2;1;
202000015796;154 714 492;C01;1;7;0;2;6;2;1;
202000015796;154 714 493;B01;1;7;0;2;4;0;1;
202000015796;154 714 494;D01;1;7;0;2;1;2;1;
202000015797;154 714 489;B01;2;7;0;2;6;12;1;
202000015797;154 714 490;A01;2;7;0;2;2;17;1;
202000015798;154 714 487;B01;2;34;0;2;4;2;1;
202000015798;154 714 488;Z01;2;7;0;2;1;2;0;
202000015799;154 714 485;A01;2;7;0;2;1;2;1;
202000015799;154 714 486;B01;2;7;0;2;4;2;1;
202000015800;154 714 483;Z01;2;0;0;2;0;0;1;
202000015800;154 714 484;B01;2;7;0;2;6;1;1;
202000015801;154 714 482;A01;1;7;0;2;1;1;1;
202000015802;154 714 480;B01;1;33;0;2;1;3;1;
202000015802;154 714 481;A01;1;10;0;2;2;12;1;
202000015803;154 714 477;A01;2;7;0;2;8;13;2;
202000015803;154 714 478;B01;2;7;4;0;7;17;1;
202000015803;154 714 479;C01;2;7;0;2;1;21;1;
202000015804;154 714 475;A01;2;7;0;2;1;2;1;
202000015804;154 714 476;B01;2;7;0;2;4;2;1;
202000015805;154 714 473;B01;1;10;4;0;4;1;1;
202000015805;154 714 474;A01;1;10;0;2;1;12;1;
202000015806;154 714 469;A01;1;7;0;2;1;2;1;
202000015806;154 714 470;B01;1;7;0;2;4;2;1;
202000015806;154 714 471;C01;1;7;0;2;4;2;1;
202000015806;154 714 472;D01;1;7;0;2;4;2;1;
202000015807;154 714 467;A01;2;33;0;2;8;3;1;
202000015807;154 714 468;B01;2;13;0;2;7;2;1;
202000015808;154 714 466;A01;2;7;0;0;3;1;1;