num_acc;id_vehicule;num_veh;senc;catv;obs;obsm;choc;manv;motor;occutc
202000015809;154 714 464;B01;1;7;0;2;5;12;6;
202000015809;154 714 465;A01;1;33;0;2;3;3;6;
202000015810;154 714 463;A01;2;7;14;0;3;13;1;
202000015811;154 714 462;A01;3;7;0;1;1;1;1;
202000015812;154 714 460;B01;2;7;0;0;0;15;1;
202000015812;154 714 461;A01;1;33;0;0;9;21;1;
202000015813;154 714 458;B01;2;30;0;2;1;1;1;
202000015813;154 714 459;A01;2;7;0;2;3;10;1;
202000015814;154 714 456;B01;3;7;15;0;3;15;0;
202000015814;154 714 457;A01;2;33;15;2;1;17;0;
202000015815;154 714 454;A01;2;7;0;2;1;9;1;
202000015815;154 714 455;B01;1;2;0;2;7;1;1;
202000015816;154 714 452;A01;0;32;0;2;1;1;0;
202000015816;154 714 453;B01;0;1;0;2;1;5;0;
202000015817;154 714 451;A01;2;7;0;1;1;1;0;
202000015818;154 714 449;A01;2;7;0;2;2;16;1;
202000015818;154 714 450;B01;2;60;0;0;6;1;5;
202000015819;154 714 447;A01;1;7;0;2;1;9;0;
202000015819;154 714 448;B01;1;7;0;2;4;1;0;
202000015820;154 714 446;A01;3;99;0;1;0;26;0;
202000015821;154 714 444;B01;2;7;0;2;3;15;6;
202000015821;154 714 445;A01;2;34;0;2;6;9;6;
202000015822;154 714 443;A01;3;7;0;0;0;26;0;
202000015823;154 714 442;A01;3;7;0;1;1;1;1;
202000015824;154 714 441;A01;3;7;0;1;1;1;1;
202000015825;154 714 440;A01;2;7;14;1;3;1;1;
202000015826;154 714 439;A01;1;7;0;1;2;1;1;
202000015827;154 714 436;B01;1;7;0;2;0;26;1;
202000015827;154 714 437;C01;2;7;0;2;0;26;1;
202000015827;154 714 438;A01;1;7;0;2;0;26;1;
202000015828;154 714 434;A01;2;33;0;2;1;2;1;
202000015828;154 714 435;B01;2;7;0;2;4;23;1;
202000015829;154 714 432;A01;3;7;0;2;0;1;0;
202000015829;154 714 433;B01;3;1;0;2;0;1;5;
202000015830;154 714 431;A01;1;30;0;0;2;9;1;
202000015831;154 714 430;A01;1;7;6;0;1;1;1;
202000015832;154 714 426;B01;1;7;0;2;8;15;1;
202000015832;154 714 427;A01;1;7;0;2;1;1;1;
202000015833;154 714 424;A01;0;3;0;2;2;1;1;
202000015833;154 714 425;B01;0;7;0;2;3;1;1;
202000015834;154 714 422;B01;2;50;0;2;7;14;3;
202000015834;154 714 423;A01;2;7;0;9;1;9;1;
202000015835;154 714 420;B01;1;7;0;2;1;2;1;
202000015835;154 714 421;A01;1;7;0;2;4;23;1;
202000015836;154 714 415;C01;2;7;0;2;4;0;0;
202000015836;154 714 416;B01;2;7;0;2;4;1;0;
202000015836;154 714 417;A01;2;7;0;2;1;1;0;
202000015837;154 714 411;A01;1;7;0;2;1;2;1;
202000015837;154 714 412;B01;1;7;0;2;4;2;1;
202000015837;154 714 413;C01;1;7;0;2;4;2;1;
202000015837;154 714 414;D01;1;7;0;2;4;2;1;
202000015838;154 714 408;C01;2;7;0;2;3;1;1;
202000015838;154 714 409;B01;2;7;0;2;3;1;1;
202000015838;154 714 410;A01;1;7;0;2;1;15;1;
202000015839;154 714 405;C01;2;50;0;2;1;1;3;
202000015839;154 714 406;B01;2;7;0;2;8;1;1;
202000015839;154 714 407;A01;1;7;7;2;1;1;1;
202000015840;154 714 402;C01;0;7;0;2;4;1;0;
202000015840;154 714 403;B01;1;7;0;2;4;1;0;
202000015840;154 714 404;A01;1;7;0;2;1;1;0;
202000015841;154 714 400;B01;2;1;0;2;1;2;5;
202000015841;154 714 401;A01;1;7;0;2;2;16;1;
202000015842;154 714 399;A01;1;7;0;1;2;1;1;
202000015843;154 714 397;B01;2;1;0;2;4;2;5;
202000015843;154 714 398;A01;2;30;0;2;1;18;1;
202000015844;154 714 395;B01;2;7;0;2;3;1;0;
202000015844;154 714 396;A01;1;2;0;2;3;13;1;
202000015845;154 714 393;B01;2;2;0;2;7;17;1;
202000015845;154 714 394;Z01;1;7;0;2;3;15;0;
202000015846;154 714 391;B01;2;31;0;2;1;1;1;
202000015846;154 714 392;Z01;3;7;0;2;3;9;0;
202000015847;154 714 389;A01;3;2;0;2;1;17;1;
202000015847;154 714 390;B01;3;7;0;2;3;15;1;
202000015848;154 714 387;A01;1;7;0;2;7;20;1;
202000015848;154 714 388;B01;2;2;0;2;8;7;1;
202000015849;154 714 386;A01;2;7;0;1;1;1;0;
202000015850;154 714 385;A01;1;7;7;0;1;14;1;
202000015851;154 714 383;A01;2;7;0;2;2;15;1;
202000015851;154 714 384;B01;1;50;0;2;8;1;3;
202000015852;154 714 381;Z01;3;13;0;2;1;14;1;
202000015852;154 714 382;B01;3;7;0;2;4;16;1;
202000015853;154 714 379;A01;2;7;0;2;0;15;1;
202000015853;154 714 380;B01;2;33;0;2;1;1;1;
202000015854;154 714 377;B01;2;1;0;2;8;2;5;
202000015854;154 714 378;A01;2;38;0;2;5;16;1;1
202000015855;154 714 376;A01;1;10;0;0;1;1;1;
202000015856;154 714 374;A01;1;7;0;2;2;15;1;
202000015856;154 714 375;B01;2;2;0;2;3;0;1;
202000015857;154 714 373;A01;2;2;0;1;1;1;1;
202000015858;154 714 372;A01;-1;7;4;0;1;26;1;
202000015859;154 714 371;A01;1;7;0;1;2;9;1;
202000015860;154 714 370;A01;2;7;0;1;2;1;1;
202000015861;154 714 368;B01;3;7;0;2;1;1;1;
202000015861;154 714 369;A01;3;7;0;2;1;15;1;
202000015862;154 714 366;B01;2;33;0;2;2;1;1;
202000015862;154 714 367;A01;2;7;0;2;8;11;1;
202000015863;154 714 365;A01;1;7;0;1;7;1;1;
202000015864;154 714 363;B01;3;2;0;2;7;1;6;
202000015864;154 714 364;A01;0;7;0;2;5;15;6;
202000015865;154 714 361;A01;3;50;0;2;7;1;3;
202000015865;154 714 362;B01;3;7;0;9;3;1;1;
202000015866;154 714 357;C01;2;7;0;2;4;1;1;
202000015866;154 714 358;B01;2;7;0;2;1;1;1;
202000015866;154 714 359;A01;2;7;0;2;1;1;1;
202000015867;154 714 356;A01;3;33;0;0;0;1;1;
202000015868;154 714 354;B01;2;30;0;2;1;1;1;
202000015868;154 714 355;A01;1;7;0;2;1;15;1;
202000015869;154 714 352;A01;2;7;0;2;1;1;1;
202000015869;154 714 353;B01;1;7;0;2;2;15;1;
202000015870;154 714 351;A01;0;10;9;0;3;1;1;
202000015871;154 714 349;B01;1;7;0;2;2;26;1;
202000015871;154 714 350;A01;1;10;0;2;6;23;1;
202000015872;154 714 348;A01;0;7;5;0;1;1;1;
202000015873;154 714 347;A01;0;7;0;1;3;15;1;
202000015874;154 714 346;A01;1;7;0;1;0;26;1;
202000015875;154 714 344;A01;2;7;0;1;3;16;0;
202000015875;154 714 345;B01;2;7;0;0;0;1;1;
202000015876;154 714 342;A01;1;7;0;2;2;16;1;
202000015876;154 714 343;B01;1;1;0;2;8;19;0;
202000015877;154 714 337;A01;0;32;0;2;1;1;1;
202000015877;154 714 338;B01;0;7;0;0;4;1;1;
202000015878;154 714 335;B01;3;7;0;2;2;17;1;
202000015878;154 714 336;A01;3;7;0;2;2;9;1;
202000015879;154 714 333;A01;2;7;0;5;7;21;1;
202000015879;154 714 334;B01;1;7;0;5;8;1;1;
202000015880;154 714 330;A01;1;7;12;0;3;26;1;
202000015881;154 714 328;B01;1;7;0;2;8;19;1;
202000015881;154 714 329;A01;2;1;0;2;1;19;5;
202000015882;154 714 326;B01;2;1;0;2;8;1;5;
202000015882;154 714 327;A01;1;7;0;2;1;15;3;
202000015883;154 714 324;B01;2;30;0;2;1;1;1;
202000015883;154 714 325;A01;1;7;0;2;5;15;1;
202000015884;154 714 322;A01;0;7;0;2;2;9;1;
202000015884;154 714 323;B01;1;33;0;2;3;17;1;
202000015885;154 714 319;C01;2;7;0;2;0;1;0;
202000015885;154 714 320;A01;1;7;0;2;3;13;1;
202000015885;154 714 321;B01;2;7;0;2;6;1;1;
202000015886;154 714 317;A01;1;34;0;2;8;9;6;
202000015886;154 714 318;B01;1;15;0;0;4;26;6;
202000015887;154 714 315;B01;1;7;0;2;2;15;1;
202000015887;154 714 316;A01;2;34;0;2;1;1;1;
202000015888;154 714 313;A01;2;33;0;2;8;18;1;
202000015888;154 714 314;B01;2;10;0;2;2;2;1;
202000015889;154 714 311;B01;1;7;0;2;8;1;1;
202000015889;154 714 312;A01;1;7;0;2;1;1;0;
202000015890;154 714 310;A01;2;30;12;0;1;1;1;
202000015891;154 714 308;B01;1;10;0;2;5;2;1;
202000015891;154 714 309;A01;1;7;0;2;0;2;1;
202000015892;154 714 307;A01;-1;7;13;0;7;0;1;
202000015893;154 714 306;A01;1;30;0;1;1;26;1;
202000015894;154 714 304;B01;0;32;0;2;7;1;1;
202000015894;154 714 305;A01;0;10;0;2;8;11;1;
202000015895;154 714 303;A01;3;33;0;0;1;1;1;
202000015896;154 714 302;A01;3;7;6;0;1;15;1;
202000015897;154 714 301;A01;2;7;0;1;2;1;1;
202000015898;154 714 298;A01;1;7;0;2;3;13;1;
202000015898;154 714 299;C01;1;10;0;2;7;0;1;
202000015898;154 714 300;B01;2;7;0;2;3;0;1;
202000015899;154 714 296;A01;1;7;8;4;5;13;1;
202000015899;154 714 297;B01;2;39;0;2;1;1;3;
202000015900;154 714 294;B01;1;33;0;2;1;1;1;
202000015900;154 714 295;A01;1;7;0;2;2;12;1;
202000015901;154 714 293;Z01;1;34;0;1;1;16;1;
202000015902;154 714 292;A01;1;33;0;1;1;17;1;
202000015903;154 714 290;A01;1;7;1;2;4;9;1;
202000015903;154 714 291;B01;1;7;0;2;1;1;1;
202000015904;154 714 288;A01;2;32;0;2;4;1;1;
202000015904;154 714 289;Z01;2;7;0;2;1;2;3;
202000015905;154 714 286;A01;1;32;0;2;3;9;1;
202000015905;154 714 287;B01;1;1;0;2;2;1;5;
202000015906;154 714 285;A01;1;10;0;1;3;15;1;
202000015907;154 714 283;B01;1;10;0;2;7;1;1;
202000015907;154 714 284;A01;1;30;0;2;8;11;1;
202000015908;154 714 282;A01;3;33;0;0;0;26;1;
202000015909;154 714 280;A01;1;1;0;2;4;1;5;
202000015909;154 714 281;B01;1;7;0;2;2;1;1;
202000015910;154 714 278;A01;3;32;0;2;2;17;1;
202000015910;154 714 279;B01;3;7;0;2;8;22;2;
202000015911;154 714 275;A01;1;30;0;1;1;1;1;
202000015912;154 714 273;A01;2;31;0;2;7;17;1;
202000015912;154 714 274;B01;2;7;0;2;3;15;1;
202000015913;154 714 271;A01;2;30;0;2;1;15;1;
202000015913;154 714 272;B01;1;1;0;2;1;1;5;
202000015914;154 714 269;A01;2;1;0;4;1;19;5;
202000015914;154 714 270;B01;2;40;0;2;7;1;3;
202000015915;154 714 267;A01;1;33;0;2;8;1;1;
202000015915;154 714 268;B01;1;15;0;2;7;17;1;
202000015916;154 714 265;A01;0;30;0;2;7;19;1;
202000015916;154 714 266;B01;3;10;0;2;3;1;1;
202000015917;154 714 264;A01;1;7;0;1;2;1;1;
202000015918;154 714 262;B01;3;50;0;2;8;1;3;
202000015918;154 714 263;A01;3;7;0;2;3;15;1;
202000015919;154 714 260;A01;2;7;0;2;8;1;1;
202000015919;154 714 261;B01;2;37;0;2;1;1;1;4
202000015920;154 714 258;B01;3;43;0;2;7;9;1;
202000015920;154 714 259;A01;3;10;0;2;2;9;1;
202000015921;154 714 257;A01;3;7;0;1;2;1;1;
202000015922;154 714 255;B01;2;10;0;2;0;0;0;
202000015922;154 714 256;A01;2;7;0;2;2;15;0;
202000015923;154 714 253;A01;1;1;0;2;1;2;5;
202000015923;154 714 254;B01;1;7;0;2;4;23;1;
202000015924;154 714 251;A01;-1;7;8;0;1;26;1;
202000015924;154 714 252;B01;-1;7;1;2;1;2;1;
202000015925;154 714 249;B01;2;10;0;2;2;1;1;
202000015925;154 714 250;A01;1;7;0;2;3;9;1;
202000015926;154 714 247;B01;2;33;0;2;1;17;1;
202000015926;154 714 248;A01;2;7;0;2;3;15;1;
202000015927;154 714 245;A01;2;7;0;2;3;7;0;
202000015927;154 714 246;B01;1;50;0;2;1;8;3;
202000015928;154 714 243;B01;1;7;0;2;5;15;1;
202000015928;154 714 244;A01;1;7;0;2;2;0;1;
202000015929;154 714 242;A01;-1;10;0;1;3;1;0;
202000015930;154 714 241;A01;1;7;0;1;1;1;0;
202000015931;154 714 238;C01;1;7;0;2;3;1;0;
202000015931;154 714 239;B01;1;33;0;2;3;1;0;
202000015931;154 714 240;A01;1;7;0;2;2;1;0;
202000015932;154 714 236;A01;1;10;0;2;7;1;1;
202000015932;154 714 237;B01;1;32;0;2;1;9;1;
202000015933;154 714 234;B01;0;32;0;2;1;17;0;
202000015933;154 714 235;A01;0;7;0;2;3;26;0;
202000015934;154 714 232;A01;1;32;0;2;1;1;1;
202000015934;154 714 233;B01;2;7;0;2;7;15;1;
202000015935;154 714 230;A01;1;33;0;2;1;2;0;
202000015935;154 714 231;B01;1;1;0;2;3;15;0;
202000015936;154 714 228;B01;2;32;0;2;1;1;1;
202000015936;154 714 229;A01;1;7;0;2;3;15;1;
202000015937;154 714 226;A01;2;7;0;2;3;15;1;
202000015937;154 714 227;B01;2;33;0;2;1;2;1;
202000015938;154 714 224;B01;2;7;0;2;5;16;0;
202000015938;154 714 225;A01;2;1;0;2;1;2;5;
202000015939;154 714 222;B01;1;32;9;2;1;1;1;
202000015939;154 714 223;A01;2;7;1;2;1;15;1;
202000015940;154 714 220;A01;1;32;0;2;0;0;0;
202000015940;154 714 221;B01;1;7;0;2;4;23;0;
202000015941;154 714 219;A01;1;7;8;0;1;21;1;
202000015942;154 714 218;A01;2;7;13;0;1;15;1;
202000015943;154 714 217;A01;2;7;2;0;8;1;1;
202000015944;154 714 215;A01;2;7;0;2;8;17;1;
202000015944;154 714 216;B01;2;33;0;2;7;17;1;
202000015945;154 714 214;A01;2;7;2;0;6;0;1;
202000015946;154 714 212;B01;3;7;0;2;2;1;1;
202000015946;154 714 213;A01;3;1;0;2;8;19;5;
202000015947;154 714 210;A01;0;7;0;2;7;9;1;
202000015947;154 714 211;B01;0;50;0;2;8;0;3;
202000015948;154 714 207;C01;2;7;13;2;8;1;1;
202000015948;154 714 208;B01;2;7;0;2;1;1;1;
202000015948;154 714 209;A01;1;7;0;2;7;13;1;
202000015949;154 714 206;A01;3;7;0;0;2;1;1;
202000015950;154 714 205;A01;2;7;6;0;1;26;1;
202000015951;154 714 204;A01;2;7;0;1;8;16;0;
202000015952;154 714 202;B01;1;7;0;2;3;1;0;
202000015952;154 714 203;A01;2;7;0;2;1;6;0;
202000015953;154 714 201;A01;0;7;2;0;1;0;0;
202000015954;154 714 200;A01;2;30;0;0;0;0;1;
202000015955;154 714 199;A01;1;7;4;0;2;14;1;
202000015956;154 714 197;A01;2;33;3;0;0;1;1;
202000015957;154 714 195;A01;3;7;0;2;6;15;1;
202000015957;154 714 196;B01;2;31;0;2;1;1;1;
202000015958;154 714 192;A01;1;33;0;9;1;2;1;
202000015958;154 714 193;C01;2;1;0;2;1;1;0;
202000015958;154 714 194;B01;1;1;0;2;8;10;5;
202000015959;154 714 191;A01;0;15;1;1;1;1;1;
202000015960;154 714 190;A01;1;7;8;0;0;1;1;
202000015961;154 714 189;A01;2;7;7;0;1;6;1;
202000015962;154 714 188;A01;1;33;8;0;1;1;1;
202000015963;154 714 185;A01;1;7;0;2;3;15;1;
202000015963;154 714 186;B01;2;21;0;2;3;1;1;
202000015964;154 714 183;A01;2;33;1;0;1;1;1;
202000015964;154 714 184;B01;2;20;0;2;1;23;1;
202000015965;154 714 181;A01;1;7;0;2;2;17;1;
202000015965;154 714 182;B01;1;2;0;2;3;13;1;
202000015966;154 714 179;B01;1;33;0;2;1;1;3;
202000015966;154 714 180;A01;2;7;0;2;1;15;1;
202000015967;154 714 177;B01;2;33;0;2;1;1;1;
202000015967;154 714 178;A01;1;10;0;2;1;9;1;
202000015968;154 714 175;A01;1;32;0;2;3;13;0;
202000015968;154 714 176;B01;2;7;0;0;3;1;0;
202000015969;154 714 174;A01;1;13;2;0;2;14;1;
202000015970;154 714 173;A01;3;7;0;1;3;1;3;
202000015971;154 714 172;A01;1;2;4;0;8;1;1;
202000015972;154 714 170;A01;1;13;0;2;7;1;1;
202000015972;154 714 171;B01;2;10;16;0;8;1;1;
202000015973;154 714 168;A01;3;7;0;2;2;9;1;
202000015973;154 714 169;B01;3;32;0;2;1;1;1;
202000015974;154 714 166;A01;2;17;0;0;0;15;1;
202000015974;154 714 167;B01;1;33;8;0;1;21;1;
202000015975;154 714 164;A01;2;7;0;2;1;15;1;
202000015975;154 714 165;B01;1;1;0;2;8;16;5;
202000015976;154 714 161;A01;2;7;4;2;8;11;1;
202000015976;154 714 162;B01;2;14;0;2;2;1;1;
202000015976;154 714 163;C01;2;7;4;2;1;1;1;
202000015977;154 714 159;B01;1;7;4;2;1;0;1;
202000015977;154 714 160;A01;1;10;4;0;6;1;1;
202000015978;154 714 156;C01;2;7;0;2;4;2;1;
202000015978;154 714 157;B01;2;7;0;2;4;2;1;
202000015978;154 714 158;A01;2;7;0;2;1;1;1;
202000015979;154 714 154;B01;2;10;3;2;5;14;1;
202000015979;154 714 155;A01;2;33;3;2;1;3;1;
202000015980;154 714 153;A01;1;7;4;0;3;13;1;
202000015981;154 714 152;A01;1;7;0;0;0;14;1;
202000015982;154 714 149;A01;1;10;0;2;3;1;1;
202000015982;154 714 150;B01;1;7;0;2;4;2;1;
202000015982;154 714 151;C01;1;7;0;0;4;2;1;
202000015983;154 714 147;A01;1;7;0;2;1;2;1;
202000015983;154 714 148;B01;1;10;0;2;4;2;1;
202000015984;154 714 146;A01;2;7;4;0;1;11;1;
202000015985;154 714 142;A01;1;7;0;2;1;2;1;
202000015985;154 714 143;B01;1;7;0;2;4;2;1;
202000015985;154 714 144;C01;1;7;0;2;4;2;1;
202000015985;154 714 145;D01;1;7;0;2;4;2;1;
202000015986;154 714 141;A01;2;7;4;0;1;2;1;
202000015987;154 714 139;A01;2;10;0;2;1;2;1;
202000015987;154 714 140;B01;2;10;0;2;4;23;1;
202000015988;154 714 137;B01;2;7;0;2;4;2;1;
202000015988;154 714 138;A01;2;7;0;2;1;1;1;
202000015989;154 714 132;E01;1;10;0;2;4;2;1;
202000015989;154 714 133;D01;1;10;0;2;4;2;1;
202000015989;154 714 134;C01;1;10;0;2;4;2;1;
202000015989;154 714 135;B01;1;10;0;2;4;2;1;
202000015989;154 714 136;A01;1;10;0;2;1;2;1;
202000015990;154 714 130;Z01;1;7;0;2;0;0;0;
202000015990;154 714 131;A01;1;33;0;2;2;2;0;
202000015991;154 714 127;A01;2;7;0;2;1;2;1;
202000015991;154 714 128;B01;2;7;0;2;4;2;1;
202000015991;154 714 129;C01;2;7;0;2;4;2;1;
202000015992;154 714 126;A01;1;7;3;0;1;1;0;
202000015993;154 714 125;A01;2;3;12;0;3;1;1;
202000015994;154 714 123;A01;2;7;0;2;0;16;1;
202000015994;154 714 124;B01;2;1;0;2;1;1;0;
202000015995;154 714 121;A01;3;1;0;2;1;13;5;
202000015995;154 714 122;B01;3;7;0;9;2;9;1;
202000015996;154 714 120;A01;1;7;0;1;3;1;1;
202000015997;154 714 118;A01;2;7;0;2;2;15;1;
202000015997;154 714 119;B01;1;7;0;2;1;1;1;
202000015998;154 714 116;Z01;1;7;0;2;8;9;1;
202000015998;154 714 117;B01;1;7;0;2;7;1;1;
202000015999;154 714 114;A01;1;10;8;2;1;1;1;
202000015999;154 714 115;B01;3;10;0;2;7;15;1;
202000016000;154 714 113;CA01;3;20;9;2;1;21;1;
202000016001;154 714 111;B01;1;50;0;2;0;0;3;
202000016001;154 714 112;A01;1;7;0;2;3;26;1;
202000016002;154 714 109;B01;3;33;0;2;3;0;0;
202000016002;154 714 110;A01;3;7;0;2;0;13;1;
202000016003;154 714 107;B01;3;10;0;2;2;0;0;
202000016003;154 714 108;A01;3;7;0;2;8;24;0;
202000016004;154 714 103;A01;2;7;0;2;1;1;1;
202000016004;154 714 104;B01;2;10;0;2;4;1;1;
202000016004;154 714 105;C01;2;7;0;2;4;1;1;
202000016004;154 714 106;D01;2;7;0;2;4;1;1;
202000016005;154 714 101;B01;3;60;0;2;7;19;5;
202000016005;154 714 102;A01;2;7;0;2;1;1;1;
202000016006;154 714 099;A01;1;7;0;2;1;1;1;
202000016006;154 714 100;B01;1;7;0;2;4;23;1;
202000016007;154 714 098;A01;2;7;6;0;2;1;1;
202000016008;154 714 097;A01;1;15;0;1;2;1;1;
202000016009;154 714 095;B01;3;10;0;2;1;11;1;
202000016009;154 714 096;A01;3;10;0;2;4;11;1;
202000016010;154 714 094;A01;3;7;0;1;1;1;0;
202000016011;154 714 087;A01;1;33;0;0;8;26;1;
202000016012;154 714 084;B01;0;7;0;2;1;1;1;
202000016012;154 714 085;A01;0;30;0;2;8;1;1;
202000016013;154 714 081;C01;0;7;0;2;2;1;1;
202000016013;154 714 082;B01;0;7;0;2;8;1;1;
202000016013;154 714 083;A01;2;7;15;2;1;17;1;
202000016014;154 714 079;B01;1;2;0;2;9;3;0;
202000016014;154 714 080;A01;1;7;0;2;1;1;0;
202000016015;154 714 077;B01;2;1;0;2;1;19;5;
202000016015;154 714 078;A01;1;10;0;2;3;17;1;
202000016016;154 714 076;A01;2;7;0;1;3;1;1;
202000016017;154 714 075;A01;3;7;0;1;3;15;0;
202000016018;154 714 074;A01;1;7;0;1;1;1;1;
202000016019;154 714 072;A01;1;7;0;9;1;2;1;
202000016019;154 714 073;B01;1;50;0;2;4;2;3;
202000016020;154 714 071;A01;2;7;0;1;3;16;1;
202000016021;154 714 070;A01;2;7;0;1;1;19;1;
202000016022;154 714 069;A01;1;7;12;0;1;1;1;
202000016023;154 714 068;A01;1;7;0;1;3;15;1;
202000016024;154 714 067;A01;1;7;0;1;7;9;1;
202000016025;154 714 065;B01;1;99;0;2;1;1;3;
202000016025;154 714 066;A01;1;7;0;9;1;1;1;
202000016026;154 714 063;B01;1;1;0;2;1;15;5;
202000016026;154 714 064;A01;3;7;0;2;1;1;1;
202000016027;154 714 061;B01;3;7;0;2;1;1;1;
202000016027;154 714 062;A01;1;7;0;2;6;9;1;
202000016028;154 714 059;A01;3;1;0;2;7;1;5;
202000016028;154 714 060;Z01;1;7;0;2;1;9;1;
202000016029;154 714 056;C01;3;7;0;2;4;1;1;
202000016029;154 714 057;B01;3;7;0;2;4;1;1;
202000016029;154 714 058;A01;3;7;0;2;1;1;1;
202000016030;154 714 055;A01;3;7;12;0;1;1;1;
202000016031;154 714 054;A01;1;7;0;1;0;1;3;
202000016032;154 714 052;A01;1;7;0;2;2;15;1;
202000016032;154 714 053;B01;2;33;0;2;1;1;1;
202000016033;154 714 051;A01;3;7;0;1;2;26;1;
202000016034;154 714 050;A01;1;7;2;0;1;6;1;
202000016035;154 714 048;A01;1;32;0;2;7;17;1;
202000016035;154 714 049;B01;1;7;0;2;8;1;1;
202000016036;154 714 046;B01;1;10;0;2;1;15;1;
202000016036;154 714 047;A01;2;2;0;2;1;1;1;
202000016037;154 714 044;B01;0;33;0;2;7;1;1;
202000016037;154 714 045;A01;0;7;0;2;3;9;1;
202000016038;154 714 042;B01;0;7;0;2;6;23;1;
202000016038;154 714 043;A01;0;33;0;2;1;1;1;
202000016039;154 714 040;A01;1;2;0;2;1;9;1;
202000016039;154 714 041;B01;1;7;0;2;5;1;1;
202000016040;154 714 037;A01;1;7;0;2;1;1;1;
202000016040;154 714 038;B01;1;7;0;2;9;1;1;
202000016040;154 714 039;C01;1;7;0;2;4;1;1;
202000016041;154 714 035;A01;2;7;0;2;7;15;1;
202000016041;154 714 036;B01;1;30;0;2;1;1;1;
202000016042;154 714 034;A01;2;7;0;1;3;1;0;
202000016043;154 714 032;B01;2;40;0;2;1;1;3;
202000016043;154 714 033;A01;2;7;0;4;2;15;1;
202000016044;154 714 030;B01;1;99;0;9;4;13;5;
202000016044;154 714 031;A01;1;10;0;9;2;17;1;
202000016045;154 714 027;A01;3;7;0;4;1;0;1;
202000016045;154 714 028;B01;3;40;0;2;0;0;6;
202000016046;154 714 025;B01;1;2;0;2;8;18;1;
202000016046;154 714 026;A01;1;7;0;2;7;16;1;
202000016047;154 714 023;A01;1;7;0;2;1;1;1;
202000016047;154 714 024;B01;1;7;0;2;4;1;1;
202000016048;154 714 022;A01;3;32;0;0;0;26;1;
202000016049;154 714 020;A01;3;7;0;2;2;14;1;
202000016049;154 714 021;B01;3;34;0;2;8;1;1;
202000016050;154 714 019;A01;3;7;3;0;2;16;1;
202000016051;154 714 018;A01;1;7;0;1;1;1;0;
202000016052;154 714 017;A01;0;10;0;1;2;1;1;
202000016053;154 714 015;A01;1;32;0;2;3;1;1;
202000016053;154 714 016;B01;2;7;0;2;6;15;1;
202000016054;154 714 014;A01;1;7;0;1;1;9;1;
202000016055;154 714 012;A01;0;2;0;2;1;1;0;
202000016055;154 714 013;Z01;0;10;0;2;1;1;0;
202000016056;154 714 011;A01;2;7;0;1;1;16;1;
202000016057;154 714 009;B01;1;33;0;2;9;1;1;
202000016057;154 714 010;A01;1;50;0;2;8;18;3;
202000016058;154 714 008;A01;2;34;0;0;0;21;1;
202000016059;154 714 006;A01;1;10;0;2;2;15;1;
202000016059;154 714 007;B01;1;43;0;2;1;1;1;
202000016060;154 714 005;A01;1;7;0;1;1;1;1;
202000016061;154 714 004;A01;2;7;0;1;2;1;1;
202000016062;154 714 002;B01;3;7;0;2;2;16;3;
202000016062;154 714 003;A01;3;50;0;2;1;1;3;
202000016063;154 714 001;A01;2;10;0;1;5;16;2;
202000016064;154 714 000;A01;1;50;12;0;8;13;3;
202000016065;154 713 998;B01;1;7;0;2;3;1;1;
202000016065;154 713 999;A01;1;7;0;2;2;1;2;
202000016066;154 713 996;A01;2;7;0;0;3;20;1;
202000016066;154 713 997;B01;2;99;0;0;1;1;0;
202000016067;154 713 994;A01;2;30;0;2;8;18;1;
202000016067;154 713 995;B01;2;10;0;2;7;16;1;
202000016068;154 713 989;A01;2;7;0;2;1;2;0;
202000016068;154 713 990;E01;2;7;0;2;4;2;0;
202000016068;154 713 991;D01;2;7;0;2;4;2;0;
202000016068;154 713 992;C01;2;7;0;2;4;2;0;
202000016068;154 713 993;B01;2;7;0;2;4;2;0;
202000016069;154 713 987;B01;2;7;0;2;7;16;1;
202000016069;154 713 988;A01;1;0;0;2;0;0;0;
202000016070;154 713 986;A01;1;10;0;1;1;26;1;
202000016071;154 713 984;B01;2;50;0;2;2;19;3;
202000016071;154 713 985;A01;2;7;0;9;3;1;1;
202000016072;154 713 982;A01;2;7;0;2;2;19;1;
202000016072;154 713 983;B01;1;30;0;2;1;5;0;
202000016073;154 713 981;A01;1;37;6;1;1;16;1;1
202000016074;154 713 980;A01;1;10;0;1;4;20;1;
202000016075;154 713 978;A01;3;37;0;2;1;1;0;1
202000016075;154 713 979;B01;3;7;0;2;4;15;0;
202000016076;154 713 976;A01;1;10;0;2;6;11;1;
202000016076;154 713 977;B01;1;32;0;2;2;2;1;
202000016077;154 713 974;A01;2;30;0;2;7;26;1;
202000016077;154 713 975;B01;2;7;0;2;0;0;1;
202000016078;154 713 973;A01;1;32;0;2;3;2;1;
202000016079;154 713 972;A01;3;2;0;0;8;1;1;
202000016080;154 713 971;A01;0;2;0;0;1;0;1;
202000016081;154 713 970;A01;1;33;13;0;0;17;1;
202000016082;154 713 968;B01;0;2;0;2;1;1;1;
202000016082;154 713 969;A01;0;7;0;0;7;1;1;
202000016083;154 713 966;A01;2;7;0;2;1;13;1;
202000016083;154 713 967;B01;1;7;0;2;1;1;1;
202000016084;154 713 965;A01;2;7;3;0;1;0;0;