num_acc;id_vehicule;num_veh;senc;catv;obs;obsm;choc;manv;motor;occutc
202000016085;154 713 964;A01;1;7;0;1;3;16;1;
202000016086;154 713 962;B01;1;7;6;2;7;1;1;
202000016086;154 713 963;A01;1;7;0;2;1;19;1;
202000016087;154 713 961;A01;2;7;0;1;2;1;1;
202000016088;154 713 960;A01;1;7;2;0;3;1;1;
202000016089;154 713 958;A01;2;7;0;2;1;15;1;
202000016089;154 713 959;B01;1;7;0;2;1;1;1;
202000016090;154 713 957;A01;2;7;6;0;5;1;1;
202000016091;154 713 955;B01;3;1;0;2;1;9;5;
202000016091;154 713 956;A01;3;7;0;2;5;26;1;
202000016092;154 713 954;A01;2;7;7;0;1;1;1;
202000016093;154 713 952;B01;1;7;0;2;1;1;1;
202000016093;154 713 953;A01;1;7;0;0;4;1;1;
202000016094;154 713 950;A01;0;7;0;2;2;9;1;
202000016094;154 713 951;B01;0;2;0;2;1;1;1;
202000016095;154 713 949;A01;1;10;15;0;2;1;1;
202000016096;154 713 947;B01;1;3;0;2;1;1;1;
202000016096;154 713 948;A01;1;7;0;2;7;19;1;
202000016097;154 713 946;A01;1;7;0;1;2;1;1;
202000016098;154 713 945;A01;1;10;2;0;1;14;1;
202000016099;154 713 943;B01;1;1;0;2;1;1;5;
202000016099;154 713 944;A01;2;7;0;2;2;15;1;
202000016100;154 713 941;B01;0;10;0;2;1;0;1;
202000016100;154 713 942;A01;0;1;0;2;4;1;5;
202000016101;154 713 939;B01;1;7;0;0;3;2;1;
202000016101;154 713 940;A01;0;33;0;0;4;2;0;
202000016102;154 713 936;A01;2;7;0;6;2;1;1;
202000016102;154 713 937;B01;2;7;0;6;3;1;1;
202000016102;154 713 938;C01;2;7;0;6;2;1;1;
202000016103;154 713 934;A01;3;7;0;2;1;1;0;
202000016103;154 713 935;B01;3;2;0;2;1;13;0;
202000016104;154 713 933;A01;1;7;3;0;1;12;1;
202000016105;154 713 931;A01;3;33;0;2;1;1;0;
202000016105;154 713 932;B01;3;7;0;2;1;1;0;
202000016106;154 713 929;B01;1;1;0;2;4;2;5;
202000016106;154 713 930;A01;1;7;0;9;1;2;1;
202000016107;154 713 927;A01;0;7;7;2;3;1;0;
202000016107;154 713 928;B01;0;7;0;2;1;0;0;
202000016108;154 713 925;B01;1;7;0;0;7;2;1;
202000016108;154 713 926;A01;1;7;0;0;2;5;1;
202000016109;154 713 923;A01;3;7;9;9;2;14;1;
202000016109;154 713 924;B01;0;1;0;2;0;0;5;
202000016110;154 713 921;A01;2;7;0;2;1;1;1;
202000016110;154 713 922;B01;2;7;0;2;2;9;1;
202000016111;154 713 920;A01;3;7;0;1;2;26;1;
202000016112;154 713 918;A01;2;7;0;2;7;17;1;
202000016112;154 713 919;B01;2;7;0;2;8;1;1;
202000016113;154 713 915;B01;2;7;0;2;4;2;1;
202000016113;154 713 916;C01;2;7;0;0;4;1;1;
202000016113;154 713 917;A01;2;7;0;2;1;1;1;
202000016114;154 713 913;B01;2;7;0;2;4;1;1;
202000016114;154 713 914;A01;2;7;0;2;1;1;1;
202000016115;154 713 910;Z01;1;10;0;2;7;0;1;
202000016115;154 713 911;B01;1;7;0;0;0;0;1;
202000016115;154 713 912;C01;1;7;0;0;0;0;1;
202000016116;154 713 909;A01;1;10;4;0;2;12;1;
202000016117;154 713 908;A01;2;7;4;0;2;16;1;
202000016118;154 713 905;C01;2;34;0;2;3;0;1;
202000016118;154 713 906;A01;2;7;0;2;4;0;1;
202000016118;154 713 907;B01;2;7;0;2;3;11;1;
202000016119;154 713 903;B01;1;7;0;2;3;2;1;
202000016119;154 713 904;A01;1;33;0;2;5;2;1;
202000016120;154 713 900;C01;1;7;0;2;1;0;1;
202000016120;154 713 901;B01;1;15;0;2;6;0;1;
202000016120;154 713 902;A01;1;7;0;2;9;26;1;
202000016121;154 713 899;A01;2;7;3;0;1;12;1;
202000016122;154 713 898;A01;1;7;0;1;3;1;1;
202000016123;154 713 897;A01;2;7;0;1;0;21;1;
202000016124;154 713 896;A01;2;7;0;1;2;1;1;
202000016125;154 713 893;A01;1;10;0;2;3;13;1;
202000016125;154 713 894;B01;1;7;0;2;8;1;1;
202000016125;154 713 895;C01;1;7;0;2;3;1;0;
202000016126;154 713 891;B01;2;2;0;2;1;1;1;
202000016126;154 713 892;A01;2;7;0;2;8;15;1;
202000016127;154 713 890;A01;3;30;0;0;0;26;1;
202000016128;154 713 887;A01;2;7;0;2;1;2;1;
202000016128;154 713 888;B01;2;10;0;2;1;2;1;
202000016128;154 713 889;C01;2;10;0;2;4;2;4;
202000016129;154 713 885;B01;0;2;0;2;1;1;1;
202000016129;154 713 886;A01;0;7;0;2;3;15;1;
202000016130;154 713 883;B01;2;2;0;2;1;1;1;
202000016130;154 713 884;A01;1;3;0;2;4;15;1;
202000016131;154 713 881;A01;1;7;0;2;1;1;1;
202000016131;154 713 882;B01;2;2;0;2;8;19;1;
202000016132;154 713 880;A01;2;7;8;0;2;1;1;
202000016133;154 713 878;A01;3;7;0;2;8;1;1;
202000016133;154 713 879;B01;3;37;0;2;2;2;1;1
202000016134;154 713 875;C01;1;7;0;2;4;2;1;
202000016134;154 713 876;B01;1;7;0;2;4;2;1;
202000016134;154 713 877;A01;1;10;0;2;1;2;1;
202000016135;154 713 873;B01;3;7;0;2;1;1;0;
202000016135;154 713 874;A01;3;7;0;2;7;1;0;
202000016136;154 713 871;A01;3;7;0;2;1;15;1;
202000016136;154 713 872;B01;3;7;8;2;8;1;1;
202000016137;154 713 869;B01;2;7;0;2;4;1;1;
202000016137;154 713 870;A01;2;10;0;2;1;1;1;
202000016138;154 713 868;B01;2;7;0;1;2;1;1;
202000016139;154 713 867;A01;1;10;0;1;2;16;1;
202000016140;154 713 865;B01;2;7;0;2;4;2;1;
202000016140;154 713 866;A01;2;7;0;2;4;2;1;
202000016141;154 713 864;A01;1;7;0;1;1;19;1;
202000016142;154 713 862;B01;3;7;0;2;1;1;1;
202000016142;154 713 863;A01;3;7;0;2;7;13;1;
202000016143;154 713 861;A01;2;7;9;0;4;13;1;
202000016144;154 713 860;A01;2;30;11;0;1;13;1;
202000016145;154 713 859;A01;2;7;0;1;3;1;0;
202000016146;154 713 857;A01;0;32;0;2;7;17;1;
202000016146;154 713 858;B01;0;7;0;2;2;9;1;
202000016147;154 713 855;A01;1;33;0;2;1;13;1;
202000016147;154 713 856;B01;1;7;0;2;3;1;0;
202000016148;154 713 853;B01;3;1;0;2;1;1;5;
202000016148;154 713 854;A01;3;7;0;2;8;26;1;
202000016149;154 713 852;A01;1;10;0;1;2;1;1;
202000016150;154 713 849;B01;1;7;0;2;4;23;1;
202000016150;154 713 850;C01;1;7;0;2;4;23;1;
202000016150;154 713 851;A01;1;7;0;2;1;2;1;
202000016151;154 713 847;A01;3;7;0;2;3;13;1;
202000016151;154 713 848;B01;3;7;0;2;8;1;1;
202000016152;154 713 844;B01;2;7;0;2;0;0;1;
202000016152;154 713 845;A01;2;7;0;2;3;17;1;
202000016153;154 713 842;A01;2;7;0;2;2;19;1;
202000016153;154 713 843;B01;3;10;0;2;1;1;1;
202000016154;154 713 840;B01;2;32;0;2;3;1;1;
202000016154;154 713 841;A01;2;7;0;2;3;15;1;
202000016155;154 713 838;A01;1;7;0;2;2;15;1;
202000016155;154 713 839;B01;2;33;0;2;2;1;1;
202000016156;154 713 837;A01;2;30;0;1;1;18;0;
202000016157;154 713 836;A01;1;7;0;1;2;1;1;
202000016158;154 713 834;A01;1;7;0;2;0;0;0;
202000016158;154 713 835;B01;1;7;0;2;3;1;0;
202000016159;154 713 833;A01;1;7;16;9;0;1;1;
202000016160;154 713 832;Z01;1;7;0;1;7;16;1;
202000016161;154 713 830;B01;1;1;0;0;4;1;5;
202000016161;154 713 831;A01;1;7;0;2;2;1;1;
202000016162;154 713 829;A01;0;2;0;1;1;1;3;
202000016163;154 713 828;A01;1;30;13;0;0;1;1;
202000016164;154 713 826;B01;1;10;0;1;1;1;1;
202000016164;154 713 827;A01;1;7;0;1;3;1;1;
202000016165;154 713 825;A01;1;7;0;1;1;1;1;
202000016166;154 713 823;B01;1;7;0;2;0;1;1;
202000016166;154 713 824;A01;1;7;0;2;1;1;1;
202000016167;154 713 822;A01;3;7;0;1;3;1;1;
202000016168;154 713 820;B01;2;33;0;2;1;1;1;
202000016168;154 713 821;A01;1;7;0;2;1;15;1;
202000016169;154 713 818;A01;2;7;0;2;2;1;1;
202000016169;154 713 819;B01;2;50;0;2;1;1;3;
202000016170;154 713 816;B01;1;7;0;2;8;15;1;
202000016170;154 713 817;A01;1;7;14;2;7;17;1;
202000016171;154 713 814;B01;2;37;0;2;3;13;1;1
202000016171;154 713 815;A01;1;14;13;2;3;13;1;
202000016172;154 713 813;A01;1;7;0;1;1;0;1;
202000016173;154 713 811;A01;3;7;0;2;1;11;1;
202000016173;154 713 812;B01;3;7;0;2;1;1;1;
202000016174;154 713 809;B01;1;2;0;2;1;1;0;
202000016174;154 713 810;A01;1;7;0;2;2;19;0;
202000016175;154 713 807;A01;2;7;0;2;2;1;0;
202000016175;154 713 808;B01;3;2;0;2;9;1;0;
202000016176;154 713 805;B01;2;31;0;2;1;1;1;
202000016176;154 713 806;A01;1;7;0;2;1;17;1;
202000016177;154 713 804;A01;2;33;0;6;1;14;1;
202000016178;154 713 801;A01;2;7;4;0;7;0;1;
202000016179;154 713 799;A01;2;7;0;2;3;17;1;
202000016179;154 713 800;B01;1;2;0;2;1;1;1;
202000016180;154 713 798;A01;1;14;6;0;2;2;0;
202000016181;154 713 797;A01;3;7;0;1;3;15;1;
202000016182;154 713 795;A01;1;7;0;2;2;15;1;
202000016182;154 713 796;B01;2;7;0;2;3;1;1;
202000016183;154 713 794;A01;1;10;0;1;3;1;1;
202000016184;154 713 792;B01;2;2;0;2;1;1;1;
202000016184;154 713 793;A01;1;7;0;0;1;15;1;
202000016185;154 713 789;B01;1;7;0;2;3;1;1;
202000016185;154 713 790;A01;2;7;0;2;3;13;1;
202000016186;154 713 788;A01;3;33;0;0;0;1;1;
202000016187;154 713 786;B01;0;15;0;0;2;2;1;
202000016187;154 713 787;A01;0;7;0;0;6;2;1;
202000016188;154 713 784;B01;0;7;0;2;1;1;1;
202000016188;154 713 785;A01;3;7;0;2;1;1;1;
202000016189;154 713 782;A01;1;17;0;2;2;12;1;
202000016189;154 713 783;B01;1;7;0;2;8;1;1;
202000016190;154 713 776;G01;1;7;0;1;1;1;1;
202000016190;154 713 777;C01;1;17;0;1;1;1;1;
202000016190;154 713 778;B01;1;7;0;1;1;1;1;
202000016190;154 713 779;A01;1;7;0;1;3;1;1;
202000016190;154 713 780;H01;1;7;0;1;1;1;1;
202000016190;154 713 781;E01;1;7;0;1;1;17;1;
202000016191;154 713 771;C01;1;7;0;2;8;1;1;
202000016191;154 713 772;D01;1;17;0;2;3;1;1;
202000016191;154 713 773;E01;1;7;0;2;3;1;1;
202000016191;154 713 774;B01;1;7;0;2;5;23;1;
202000016191;154 713 775;A01;2;7;0;2;1;1;1;
202000016192;154 713 768;C01;2;10;0;2;6;1;1;
202000016192;154 713 769;B01;2;31;0;2;2;3;1;
202000016192;154 713 770;A01;2;10;0;2;2;12;1;
202000016193;154 713 765;C01;2;7;0;2;4;2;1;
202000016193;154 713 766;B01;2;7;0;2;4;2;1;
202000016193;154 713 767;A01;2;7;0;2;1;2;1;
202000016194;154 713 759;A01;1;7;0;2;8;1;2;
202000016194;154 713 760;C01;1;7;0;2;3;1;1;
202000016194;154 713 761;B01;1;7;0;2;7;1;1;
202000016195;154 713 758;A01;0;7;0;1;3;19;1;
202000016196;154 713 756;B01;3;37;0;2;1;7;1;5
202000016196;154 713 757;A01;3;7;0;2;6;15;1;
202000016197;154 713 754;A01;3;10;0;2;3;13;1;
202000016197;154 713 755;B01;1;7;0;2;3;0;1;
202000016198;154 713 753;A01;1;32;0;0;0;2;1;
202000016199;154 713 751;B01;3;1;0;2;1;1;5;
202000016199;154 713 752;A01;3;10;0;2;5;9;1;
202000016200;154 713 749;A01;2;17;0;2;5;15;0;
202000016200;154 713 750;B01;1;1;0;2;2;5;5;
202000016201;154 713 748;A01;2;7;0;1;1;1;1;
202000016202;154 713 745;A01;2;14;0;2;1;2;1;
202000016202;154 713 746;B01;2;7;0;2;4;2;1;
202000016202;154 713 747;C01;2;7;0;2;4;2;1;
202000016203;154 713 744;A01;0;7;0;1;1;1;1;
202000016204;154 713 743;A01;1;7;1;0;3;14;1;
202000016205;154 713 740;A01;1;7;0;1;2;1;1;
202000016206;154 713 738;B01;2;1;0;2;1;1;5;
202000016206;154 713 739;A01;1;50;0;2;1;5;3;
202000016207;154 713 737;A01;1;80;0;1;1;1;3;
202000016208;154 713 736;A01;2;7;0;1;2;1;1;
202000016209;154 713 735;A01;1;7;0;1;1;1;1;
202000016210;154 713 734;A01;-1;10;0;1;2;9;0;
202000016211;154 713 732;B01;3;7;0;2;3;26;0;
202000016211;154 713 733;A01;3;60;1;0;1;25;5;
202000016212;154 713 730;A01;1;7;0;9;3;15;1;
202000016212;154 713 731;B01;2;60;0;2;1;1;5;
202000016213;154 713 728;A01;1;7;0;2;2;1;1;
202000016213;154 713 729;B01;2;7;0;2;3;16;1;
202000016214;154 713 726;A01;1;30;0;2;1;2;1;
202000016214;154 713 727;B01;1;7;0;2;6;2;1;
202000016215;154 713 724;A01;1;10;0;2;3;15;1;
202000016215;154 713 725;B01;2;1;0;2;8;15;5;
202000016216;154 713 722;A01;1;7;0;2;1;1;1;
202000016216;154 713 723;B01;3;3;0;2;0;23;1;
202000016217;154 713 720;A01;1;7;0;2;1;1;1;
202000016217;154 713 721;B01;1;32;0;2;4;23;1;
202000016218;154 713 718;B01;1;7;0;2;9;1;0;
202000016218;154 713 719;A01;1;31;0;2;9;18;1;
202000016219;154 713 717;A01;1;7;0;1;1;1;1;
202000016220;154 713 715;B01;2;7;0;2;1;1;1;
202000016220;154 713 716;A01;2;1;0;2;1;21;5;
202000016221;154 713 714;Z01;1;7;0;1;3;1;1;
202000016222;154 713 713;A01;2;7;0;1;1;1;1;
202000016223;154 713 711;A01;2;7;0;2;1;16;1;
202000016223;154 713 712;B01;1;1;0;2;1;1;5;
202000016224;154 713 709;A01;2;7;0;2;1;1;1;
202000016224;154 713 710;B01;1;3;0;2;2;15;1;
202000016225;154 713 707;A01;1;10;1;0;1;1;1;
202000016225;154 713 708;C01;2;20;1;0;7;24;1;
202000016226;154 713 705;A01;1;7;0;2;1;1;1;
202000016226;154 713 706;B01;1;1;0;2;2;0;5;
202000016227;154 713 704;A01;3;7;2;0;1;1;1;
202000016228;154 713 703;A01;2;1;0;0;1;13;5;
202000016229;154 713 701;A01;2;7;0;2;1;19;0;
202000016229;154 713 702;B01;2;7;0;2;8;0;0;
202000016230;154 713 699;Z01;0;7;0;2;0;2;0;
202000016230;154 713 700;A01;0;7;0;2;4;1;1;
202000016231;154 713 697;B01;2;10;0;2;3;1;1;
202000016231;154 713 698;A01;1;7;0;2;3;13;1;
202000016232;154 713 695;A01;2;7;0;2;2;20;1;
202000016232;154 713 696;B01;1;32;1;2;7;1;1;
202000016233;154 713 694;A01;1;33;0;1;1;1;1;
202000016234;154 713 693;A01;1;7;0;1;7;1;1;
202000016235;154 713 692;A01;2;34;0;0;8;1;6;
202000016236;154 713 690;B01;2;1;0;2;5;1;5;
202000016236;154 713 691;C01;2;7;0;2;3;9;1;
202000016237;154 713 688;A01;3;14;0;2;4;16;1;
202000016237;154 713 689;B01;3;10;0;2;3;1;1;
202000016238;154 713 687;A01;3;1;0;1;1;25;5;
202000016239;154 713 685;A01;2;30;0;2;7;17;1;
202000016239;154 713 686;Z01;2;7;0;2;0;1;0;
202000016240;154 713 683;A01;3;2;0;2;1;1;1;
202000016240;154 713 684;B01;3;1;0;2;1;1;5;
202000016241;154 713 680;B01;1;7;0;2;5;23;1;
202000016241;154 713 681;C01;1;10;0;2;6;23;1;
202000016241;154 713 682;A01;1;10;0;2;1;2;1;
202000016242;154 713 678;A01;1;7;0;2;7;19;6;
202000016242;154 713 679;B01;1;2;0;2;1;19;1;
202000016243;154 713 677;A01;1;10;0;1;2;1;1;
202000016244;154 713 675;A01;2;13;0;2;0;0;1;
202000016244;154 713 676;B01;2;34;0;9;4;23;1;
202000016245;154 713 674;A01;3;33;0;0;1;26;1;
202000016246;154 713 672;B01;0;50;1;0;2;25;3;
202000016246;154 713 673;A01;1;7;0;2;2;25;1;
202000016247;154 713 670;A01;2;0;0;2;3;17;0;
202000016247;154 713 671;B01;2;3;0;2;1;0;0;
202000016248;154 713 669;A01;-1;37;0;1;1;2;1;3
202000016249;154 713 667;A01;1;10;1;0;5;26;4;
202000016249;154 713 668;B01;2;10;0;0;8;24;4;
202000016250;154 713 665;A01;1;7;0;2;1;1;1;
202000016250;154 713 666;Y01;1;1;0;2;4;1;5;
202000016251;154 713 663;A01;0;31;0;2;1;1;1;
202000016251;154 713 664;B01;0;7;0;2;2;9;1;
202000016252;154 713 661;A01;0;7;0;2;3;15;1;
202000016252;154 713 662;B01;1;34;14;0;2;3;1;
202000016253;154 713 659;B01;1;33;0;2;1;26;1;
202000016253;154 713 660;A01;1;7;0;2;0;26;0;
202000016254;154 713 657;A01;1;10;0;2;2;16;0;
202000016254;154 713 658;B01;1;1;0;2;0;0;0;
202000016255;154 713 653;D01;1;10;0;2;4;0;1;
202000016255;154 713 654;C01;1;10;0;2;1;2;1;
202000016255;154 713 655;B01;1;10;0;2;1;2;1;
202000016255;154 713 656;A01;1;10;0;9;1;2;1;
202000016256;154 713 652;A01;0;7;2;0;2;1;1;
202000016257;154 713 648;D01;1;17;0;2;1;2;1;
202000016257;154 713 649;C01;1;14;1;0;7;1;1;
202000016257;154 713 650;A01;1;16;0;0;0;20;1;
202000016257;154 713 651;E01;1;99;0;0;0;1;6;
202000016258;154 713 646;A01;2;7;0;2;3;11;1;
202000016258;154 713 647;B01;1;7;0;2;3;1;1;
202000016259;154 713 645;A01;1;7;0;1;1;1;1;
202000016260;154 713 641;A01;1;7;0;2;1;2;1;
202000016260;154 713 642;D01;1;7;0;2;4;2;1;
202000016260;154 713 643;C01;1;7;0;2;4;2;1;
202000016260;154 713 644;B01;1;7;0;2;4;2;1;
202000016261;154 713 638;A01;1;7;0;2;4;23;1;
202000016261;154 713 639;C01;1;7;0;2;1;23;1;
202000016261;154 713 640;B01;1;7;0;2;4;23;1;
202000016262;154 713 636;A01;2;10;0;2;7;17;1;
202000016262;154 713 637;B01;2;1;0;2;8;2;6;
202000016263;154 713 634;B01;2;10;0;2;1;1;1;
202000016263;154 713 635;A01;1;2;0;2;1;1;1;
202000016264;154 713 632;B01;2;7;0;2;3;11;1;
202000016264;154 713 633;A01;1;30;0;2;7;1;1;
202000016265;154 713 631;A01;2;10;6;0;1;1;1;
202000016266;154 713 630;A01;1;7;6;0;1;1;1;
202000016267;154 713 629;A01;1;15;16;0;7;14;1;
202000016268;154 713 627;A01;2;7;0;0;4;15;1;
202000016268;154 713 628;B01;2;10;0;2;1;2;1;
202000016269;154 713 625;B01;1;7;0;2;1;1;1;
202000016269;154 713 626;A01;2;7;0;2;1;1;1;
202000016270;154 713 624;A01;0;7;1;1;3;4;1;
202000016271;154 713 623;A01;2;7;8;0;1;1;1;
202000016272;154 713 622;A01;2;7;14;1;2;1;1;
202000016273;154 713 620;A01;0;10;0;2;3;19;1;
202000016273;154 713 621;B01;3;1;0;2;3;23;5;
202000016274;154 713 617;A01;1;7;0;1;1;1;1;
202000016275;154 713 615;A01;3;7;0;0;6;23;1;
202000016275;154 713 616;B01;3;7;1;2;2;21;1;
202000016276;154 713 613;A01;0;21;0;9;6;1;0;
202000016276;154 713 614;B01;0;1;0;2;1;13;5;
202000016277;154 713 611;B01;2;33;0;2;1;17;1;
202000016277;154 713 612;A01;2;7;0;2;3;15;1;
202000016278;154 713 610;A01;3;38;2;0;7;1;1;4
202000016279;154 713 607;C01;2;15;0;2;1;2;1;
202000016279;154 713 608;B01;1;17;0;2;3;5;1;
202000016279;154 713 609;A01;2;7;0;2;3;5;1;
202000016280;154 713 606;A01;2;7;0;0;0;1;0;
202000016281;154 713 604;B01;2;7;0;2;7;15;1;
202000016281;154 713 605;A01;1;2;0;2;1;5;1;
202000016282;154 713 602;A01;1;7;0;2;3;13;1;
202000016282;154 713 603;B01;2;7;0;2;3;1;0;
202000016283;154 713 601;A01;3;7;0;1;3;20;1;
202000016284;154 713 599;A01;3;10;2;2;2;1;1;
202000016284;154 713 600;B01;0;7;0;2;3;26;0;
202000016285;154 713 598;A01;2;7;13;0;1;1;1;
202000016286;154 713 596;B01;1;7;0;2;4;2;1;
202000016286;154 713 597;A01;1;7;0;2;1;2;1;
202000016287;154 713 592;B01;2;10;0;2;4;1;1;
202000016287;154 713 593;A01;2;7;0;2;1;10;1;
202000016287;154 713 594;C01;2;7;0;2;1;1;1;
202000016287;154 713 595;D01;2;7;0;2;1;1;1;
202000016288;154 713 590;A01;2;10;0;2;3;2;1;
202000016288;154 713 591;B01;2;7;0;2;1;2;0;
202000016289;154 713 589;A01;1;10;5;0;1;13;1;
202000016290;154 713 587;B01;2;7;0;2;4;1;1;
202000016290;154 713 588;A01;2;7;0;2;1;1;1;
202000016291;154 713 582;D01;1;7;0;2;1;1;1;
202000016291;154 713 583;E01;1;7;0;2;1;1;1;
202000016291;154 713 584;B01;1;7;0;2;1;1;1;
202000016291;154 713 585;C01;1;7;0;2;1;1;1;
202000016291;154 713 586;A01;1;7;0;2;4;1;1;
202000016292;154 713 580;A01;1;7;0;2;4;6;1;
202000016292;154 713 581;B01;1;33;0;2;1;1;1;
202000016293;154 713 579;A01;1;7;0;1;3;1;1;
202000016294;154 713 578;A01;1;7;0;1;4;26;1;
202000016295;154 713 577;A01;0;30;0;1;1;1;1;
202000016296;154 713 575;B01;1;7;0;2;1;21;1;
202000016296;154 713 576;A01;1;7;0;2;9;15;1;
202000016297;154 713 573;A01;1;7;0;2;1;1;1;
202000016297;154 713 574;B01;2;7;0;2;7;1;1;
202000016298;154 713 572;A01;3;7;9;0;2;9;1;
202000016299;154 713 571;A01;2;31;0;0;7;1;0;
202000016300;154 713 569;A01;1;30;0;2;5;17;0;
202000016300;154 713 570;B01;1;7;0;2;8;15;0;
202000016301;154 713 567;B01;1;7;0;2;8;15;1;
202000016301;154 713 568;A01;1;7;0;2;1;17;1;
202000016302;154 713 566;A01;2;10;0;1;5;2;1;
202000016303;154 713 565;A01;2;33;14;0;9;17;1;
202000016304;154 713 564;A01;1;7;0;9;2;13;1;
202000016305;154 713 562;A01;1;7;0;2;3;15;1;
202000016305;154 713 563;B01;1;33;8;2;1;1;1;
202000016306;154 713 558;D01;1;7;0;2;1;1;0;
202000016306;154 713 559;C01;1;7;0;2;6;1;0;
202000016306;154 713 560;B01;1;7;0;2;6;1;0;
202000016306;154 713 561;A01;1;7;0;2;1;26;0;
202000016307;154 713 556;B01;3;7;0;2;7;1;1;
202000016307;154 713 557;A01;2;7;0;2;1;9;1;
202000016308;154 713 554;A01;1;7;0;2;2;15;1;
202000016308;154 713 555;B01;2;1;0;2;1;1;5;
202000016309;154 713 552;B01;0;1;0;2;7;19;0;
202000016309;154 713 553;A01;0;7;0;2;1;16;1;
202000016310;154 713 551;A01;0;7;0;1;1;1;1;
202000016311;154 713 550;A01;0;7;0;0;1;15;1;
202000016312;154 713 548;A01;1;99;0;2;1;1;1;
202000016312;154 713 549;B01;3;99;0;2;0;0;0;
202000016313;154 713 547;A01;2;33;0;5;1;1;1;
202000016314;154 713 545;B01;0;80;0;2;6;15;3;
202000016314;154 713 546;A01;0;7;0;2;2;1;1;
202000016315;154 713 544;A01;3;10;0;1;0;1;1;
202000016316;154 713 542;A01;1;7;0;2;4;16;1;
202000016316;154 713 543;B01;1;2;0;2;1;2;1;
202000016317;154 713 540;B01;2;1;0;2;1;1;5;
202000016317;154 713 541;A01;1;10;0;2;2;16;1;
202000016318;154 713 537;C01;1;7;0;2;8;1;1;
202000016318;154 713 538;B01;1;7;0;2;3;1;1;
202000016318;154 713 539;A01;2;7;4;2;9;6;1;
202000016319;154 713 535;B01;2;30;0;2;1;1;3;
202000016319;154 713 536;A01;2;7;0;2;1;15;1;
202000016320;154 713 533;B01;1;7;0;2;4;2;1;
202000016320;154 713 534;A01;1;7;0;2;1;26;1;
202000016321;154 713 531;A01;2;7;0;9;6;20;1;
202000016321;154 713 532;B01;1;1;0;2;1;2;5;
202000016322;154 713 529;A01;2;10;0;2;3;13;6;
202000016322;154 713 530;B01;1;7;0;2;8;1;0;
202000016323;154 713 528;A01;1;7;8;0;1;13;1;
202000016324;154 713 527;A01;2;7;0;1;3;15;1;
202000016325;154 713 525;B01;2;7;0;2;3;0;1;
202000016325;154 713 526;A01;1;30;0;2;1;15;1;
202000016326;154 713 523;B01;1;30;0;2;1;1;1;
202000016326;154 713 524;A01;2;7;0;2;1;9;1;
202000016327;154 713 522;A01;3;7;0;1;1;1;1;
202000016328;154 713 521;A01;3;7;0;1;5;1;1;
202000016329;154 713 519;B01;1;7;0;2;4;23;1;
202000016329;154 713 520;A01;1;7;0;2;1;1;1;
202000016330;154 713 517;A01;1;1;0;9;7;1;5;
202000016330;154 713 518;B01;1;1;0;9;3;1;5;
202000016331;154 713 516;A01;1;7;0;1;1;1;1;
202000016332;154 713 514;A01;1;7;0;2;3;1;1;
202000016332;154 713 515;B01;2;2;0;2;1;13;1;
202000016333;154 713 512;B01;3;7;0;2;8;1;0;
202000016333;154 713 513;A01;3;7;0;2;1;1;0;
202000016334;154 713 510;A01;1;7;0;2;1;1;1;
202000016334;154 713 511;B01;1;1;0;2;2;1;5;
202000016335;154 713 509;A01;2;10;0;1;3;1;1;
202000016336;154 713 507;A01;3;7;0;2;2;2;1;
202000016336;154 713 508;B01;3;7;0;2;1;15;1;
202000016337;154 713 506;A01;1;7;0;1;2;1;1;
202000016338;154 713 504;B01;1;33;0;2;7;1;1;
202000016338;154 713 505;A01;1;7;0;2;6;11;1;
202000016339;154 713 502;B01;0;1;0;2;1;1;0;
202000016339;154 713 503;A01;0;10;0;2;2;13;0;
202000016340;154 713 500;A01;1;7;0;2;2;13;1;
202000016340;154 713 501;B01;1;7;0;2;3;15;1;
202000016341;154 713 498;B01;1;7;0;0;6;15;1;
202000016341;154 713 499;A01;1;2;0;2;6;13;1;
202000016342;154 713 496;B01;3;7;0;2;3;1;1;
202000016342;154 713 497;A01;3;7;0;2;3;1;1;
202000016343;154 713 494;B01;1;80;0;0;4;1;3;
202000016343;154 713 495;A01;1;7;0;2;1;1;1;
202000016344;154 713 492;B01;2;7;0;2;2;15;3;
202000016344;154 713 493;A01;2;2;0;2;1;1;1;
202000016345;154 713 490;B01;2;7;0;2;3;1;1;
202000016345;154 713 491;A01;1;7;0;1;3;9;1;
202000016346;154 713 485;A01;3;7;0;1;1;9;1;
202000016347;154 713 484;A01;3;7;0;1;0;26;0;
202000016348;154 713 483;A01;1;7;15;0;1;1;1;
202000016349;154 713 481;A01;1;7;0;2;4;2;1;
202000016349;154 713 482;B01;1;30;0;2;1;2;1;
202000016350;154 713 478;C01;1;10;0;2;6;24;1;
202000016350;154 713 479;B01;1;30;0;2;8;1;3;
202000016350;154 713 480;A01;1;7;0;2;7;14;1;
202000016351;154 713 476;B01;2;10;0;2;8;15;1;
202000016351;154 713 477;A01;2;31;0;2;7;17;1;
202000016352;154 713 474;A01;1;7;14;2;1;1;1;
202000016352;154 713 475;B01;1;7;0;2;2;1;1;
202000016353;154 713 472;A01;1;10;0;2;2;16;1;
202000016353;154 713 473;B01;1;1;0;2;1;1;5;
202000016354;154 713 470;A01;1;7;0;2;2;15;1;
202000016354;154 713 471;B01;2;31;0;2;1;1;1;
202000016355;154 713 469;A01;2;1;0;2;7;14;5;