num_acc;id_vehicule;num_veh;senc;catv;obs;obsm;choc;manv;motor;occutc
202000016356;154 713 468;A01;1;32;0;0;3;1;1;
202000016357;154 713 466;A01;3;33;0;2;3;1;1;
202000016357;154 713 467;B01;0;7;0;2;2;1;1;
202000016358;154 713 464;A01;2;99;15;2;1;1;3;
202000016358;154 713 465;B01;1;1;15;2;1;1;0;
202000016359;154 713 463;A01;2;0;0;1;1;1;0;
202000016360;154 713 461;A01;3;7;0;2;7;16;1;
202000016360;154 713 462;B01;3;34;0;2;8;16;1;
202000016361;154 713 460;A01;1;32;0;0;7;15;1;
202000016362;154 713 458;B01;3;7;0;2;3;1;1;
202000016362;154 713 459;A01;3;7;0;2;1;1;1;
202000016363;154 713 456;A01;2;7;0;2;3;15;1;
202000016363;154 713 457;B01;1;7;0;2;3;1;1;
202000016364;154 713 455;A01;3;2;9;0;1;26;1;
202000016365;154 713 454;A01;1;7;0;1;1;1;0;
202000016366;154 713 451;A01;1;7;0;2;9;0;1;
202000016366;154 713 452;B01;1;7;0;2;6;0;1;
202000016366;154 713 453;C01;1;7;0;2;8;0;1;
202000016367;154 713 450;A01;3;3;2;0;1;26;1;
202000016368;154 713 449;A01;3;32;12;0;1;26;1;
202000016369;154 713 448;A01;1;7;0;1;3;1;1;
202000016370;154 713 447;A01;1;30;0;1;1;1;1;
202000016371;154 713 445;A01;1;7;0;2;1;1;1;
202000016371;154 713 446;B01;2;34;0;2;3;1;1;
202000016372;154 713 444;A01;0;7;0;1;1;9;1;
202000016373;154 713 443;A01;3;7;14;0;1;1;1;
202000016374;154 713 441;A01;3;30;0;2;1;13;1;
202000016374;154 713 442;B01;3;7;0;2;1;1;1;
202000016375;154 713 439;B01;1;10;0;2;6;23;1;
202000016375;154 713 440;A01;1;32;0;2;2;21;1;
202000016376;154 713 437;B01;2;30;0;2;1;1;1;
202000016376;154 713 438;A01;1;7;0;2;3;9;1;
202000016377;154 713 435;A01;2;30;0;2;1;1;1;
202000016377;154 713 436;B01;1;7;0;2;6;15;1;
202000016378;154 713 433;A01;2;1;0;2;3;1;5;
202000016378;154 713 434;Z01;1;2;0;2;3;15;0;
202000016379;154 713 431;A01;3;30;0;2;7;10;1;
202000016379;154 713 432;B01;2;7;0;2;1;7;1;
202000016380;154 713 428;A01;1;32;0;2;3;17;1;
202000016380;154 713 429;C01;1;10;0;2;5;24;1;
202000016380;154 713 430;B01;1;10;0;2;4;1;1;
202000016381;154 713 427;A01;1;7;0;1;1;9;1;
202000016382;154 713 425;A01;1;7;4;0;4;23;1;
202000016382;154 713 426;B01;1;7;14;0;1;2;1;
202000016383;154 713 424;A01;3;0;0;1;0;0;0;
202000016384;154 713 422;A01;1;10;0;2;1;1;1;
202000016384;154 713 423;B01;2;10;0;2;7;1;1;
202000016385;154 713 420;B01;2;7;0;0;5;16;0;
202000016385;154 713 421;A01;2;80;0;2;3;9;3;
202000016386;154 713 418;B01;1;14;0;2;3;1;1;
202000016386;154 713 419;A01;2;7;0;2;3;13;1;
202000016387;154 713 417;A01;2;7;2;0;1;0;1;
202000016388;154 713 415;B01;1;10;0;2;1;23;1;
202000016388;154 713 416;A01;1;10;0;2;3;1;1;
202000016389;154 713 414;A01;1;7;13;0;2;2;1;
202000016390;154 713 412;A01;1;7;0;2;1;5;1;
202000016390;154 713 413;B01;1;10;0;2;1;1;1;
202000016391;154 713 410;B01;1;7;0;0;2;1;1;
202000016391;154 713 411;A01;2;10;0;0;2;1;1;
202000016392;154 713 409;A01;1;2;13;0;1;1;1;
202000016393;154 713 408;A01;1;36;7;0;7;1;1;
202000016394;154 713 407;A01;1;7;13;0;2;14;1;
202000016395;154 713 405;A01;2;7;0;2;2;15;0;
202000016395;154 713 406;B01;1;2;0;2;1;1;1;
202000016396;154 713 402;A01;1;1;0;0;0;1;5;
202000016397;154 713 401;A01;3;7;0;1;2;1;1;
202000016398;154 713 399;B01;1;7;0;2;5;1;1;
202000016398;154 713 400;A01;2;2;0;2;2;1;1;
202000016399;154 713 398;A01;2;7;13;0;0;1;1;
202000016400;154 713 395;C01;3;1;0;2;1;1;5;
202000016400;154 713 396;B01;3;1;0;2;1;1;5;
202000016400;154 713 397;A01;3;7;0;2;3;15;1;
202000016401;154 713 394;A01;1;7;6;0;1;1;1;
202000016402;154 713 393;A01;1;15;6;0;1;1;1;
202000016403;154 713 392;A01;2;7;3;0;1;1;1;
202000016404;154 713 390;B01;1;7;0;2;8;1;1;
202000016404;154 713 391;A01;3;7;0;2;1;1;1;
202000016405;154 713 387;A01;1;17;0;0;0;17;1;
202000016405;154 713 388;C01;1;7;0;2;1;1;1;
202000016405;154 713 389;B01;2;7;0;2;7;1;1;
202000016406;154 713 386;A01;0;2;6;0;7;1;0;
202000016407;154 713 385;A01;2;7;2;0;1;14;0;
202000016408;154 713 383;B01;3;1;0;2;2;1;5;
202000016408;154 713 384;A01;3;10;0;2;1;15;1;
202000016409;154 713 382;A01;1;33;1;0;0;1;1;
202000016410;154 713 380;A01;2;7;0;2;1;0;0;
202000016410;154 713 381;B01;1;13;0;2;3;0;0;
202000016411;154 713 377;B01;1;10;0;2;5;2;1;
202000016411;154 713 378;C01;1;10;0;2;6;1;1;
202000016411;154 713 379;A01;1;33;0;2;1;2;1;
202000016412;154 713 376;A01;3;7;0;1;1;15;1;
202000016413;154 713 375;A01;1;7;0;1;3;15;1;
202000016414;154 713 373;B01;2;33;0;2;7;17;1;
202000016414;154 713 374;A01;2;10;0;2;8;11;1;
202000016415;154 713 372;A01;1;33;4;0;0;16;1;
202000016416;154 713 370;B01;3;14;0;2;1;1;0;
202000016416;154 713 371;A01;3;7;0;2;1;13;0;
202000016417;154 713 368;A01;1;7;0;2;1;9;1;
202000016417;154 713 369;B01;3;30;0;2;4;1;1;
202000016418;154 713 366;B01;2;7;0;2;3;1;1;
202000016418;154 713 367;A01;1;30;0;2;1;1;1;
202000016419;154 713 364;A01;1;7;0;2;3;15;1;
202000016419;154 713 365;B01;2;7;0;2;3;1;1;
202000016420;154 713 362;B01;1;1;0;2;7;17;0;
202000016420;154 713 363;A01;1;7;0;9;3;2;0;
202000016421;154 713 360;B01;0;7;0;2;8;1;1;
202000016421;154 713 361;A01;0;7;0;2;1;1;1;
202000016422;154 713 358;A01;1;10;3;2;1;17;1;
202000016422;154 713 359;B01;1;7;0;2;8;1;1;
202000016423;154 713 356;A01;0;31;0;2;0;6;1;
202000016423;154 713 357;B01;0;7;0;2;3;1;1;
202000016424;154 713 354;B01;2;33;0;2;1;5;1;
202000016424;154 713 355;A01;1;7;0;2;2;26;1;
202000016425;154 713 352;B01;2;2;0;2;3;1;1;
202000016425;154 713 353;A01;1;7;0;2;2;1;1;
202000016426;154 713 351;A01;3;10;0;9;1;1;1;
202000016427;154 713 349;A01;1;37;0;2;1;1;1;1
202000016427;154 713 350;B01;2;31;0;2;1;13;1;
202000016428;154 713 348;A01;3;7;0;1;4;26;1;
202000016429;154 713 343;A01;1;7;3;0;0;17;1;
202000016430;154 713 341;B01;2;7;0;2;1;1;1;
202000016430;154 713 342;A01;2;7;0;2;3;9;1;
202000016431;154 713 339;B01;3;10;0;2;6;0;0;
202000016431;154 713 340;A01;3;10;0;2;3;0;6;
202000016432;154 713 338;A01;1;10;0;1;4;20;0;
202000016433;154 713 336;A01;1;10;15;2;1;19;1;
202000016433;154 713 337;B01;1;7;0;2;2;19;1;
202000016434;154 713 335;A01;2;7;4;0;3;13;1;
202000016435;154 713 333;B01;3;7;0;2;3;1;1;
202000016435;154 713 334;A01;2;10;0;2;2;17;1;
202000016436;154 713 331;A01;1;10;0;2;1;15;1;
202000016436;154 713 332;B01;2;32;0;2;3;1;1;
202000016437;154 713 329;B01;1;7;0;2;2;1;1;
202000016437;154 713 330;A01;1;1;0;2;1;15;5;
202000016438;154 713 328;A01;3;1;15;0;7;16;5;
202000016439;154 713 327;A01;2;7;0;1;1;9;6;
202000016440;154 713 325;A01;1;7;0;1;0;26;1;
202000016440;154 713 326;Y01;3;-1;0;2;3;25;5;
202000016441;154 713 323;A01;2;30;0;2;1;1;1;
202000016441;154 713 324;B01;2;7;0;0;4;1;1;
202000016442;154 713 320;B01;1;7;0;2;3;17;1;
202000016442;154 713 321;A01;1;7;0;2;1;1;1;
202000016442;154 713 322;C01;1;7;0;2;1;2;1;
202000016443;154 713 318;A01;1;30;0;2;8;13;1;
202000016443;154 713 319;B01;1;7;0;2;2;1;1;
202000016444;154 713 316;B01;3;7;0;9;2;1;1;
202000016444;154 713 317;A01;3;1;0;2;0;26;5;
202000016445;154 713 314;B01;1;7;0;2;3;1;1;
202000016445;154 713 315;A01;2;3;0;2;3;1;1;
202000016446;154 713 312;A01;2;33;0;9;1;1;1;
202000016446;154 713 313;B01;1;15;0;2;6;16;1;
202000016447;154 713 311;A01;3;7;6;0;1;0;1;
202000016448;154 713 310;A01;2;7;2;0;2;14;1;
202000016449;154 713 309;A01;3;7;13;0;3;13;1;
202000016450;154 713 308;A01;2;33;0;0;1;1;1;
202000016451;154 713 306;B01;2;7;0;2;6;1;1;
202000016451;154 713 307;A01;2;34;0;2;5;1;1;
202000016452;154 713 305;A01;0;7;7;0;2;0;0;
202000016453;154 713 304;A01;2;7;2;0;8;1;1;
202000016454;154 713 303;A01;2;7;13;0;9;13;1;
202000016455;154 713 301;B01;2;7;0;2;3;1;1;
202000016455;154 713 302;A01;1;7;0;2;3;13;1;
202000016456;154 713 300;A01;0;7;6;0;1;1;1;
202000016457;154 713 299;A01;2;7;0;1;4;4;1;
202000016458;154 713 298;A01;0;2;17;0;1;1;3;
202000016459;154 713 295;C01;1;7;13;0;0;26;6;
202000016459;154 713 296;B01;1;7;0;2;2;17;6;
202000016459;154 713 297;A01;1;7;0;0;6;2;6;
202000016460;154 713 294;A01;2;7;2;0;2;1;1;
202000016461;154 713 292;A01;1;21;0;2;3;15;1;
202000016461;154 713 293;B01;1;30;0;2;1;13;0;
202000016462;154 713 291;A01;0;7;13;0;3;1;1;
202000016463;154 713 289;B01;1;33;0;2;8;1;1;
202000016463;154 713 290;A01;2;7;0;2;3;15;1;
202000016464;154 713 288;A01;1;33;0;6;1;1;1;
202000016465;154 713 287;A01;3;7;2;0;3;21;1;
202000016466;154 713 285;B01;1;7;10;2;1;1;1;
202000016466;154 713 286;A01;2;7;0;2;1;13;1;
202000016467;154 713 283;B01;2;1;0;2;7;15;5;
202000016467;154 713 284;A01;2;7;0;2;1;0;1;
202000016468;154 713 282;A01;1;7;0;0;9;14;1;
202000016469;154 713 281;A01;2;10;17;0;1;1;1;
202000016470;154 713 279;A01;1;7;0;9;2;2;0;
202000016470;154 713 280;B01;1;1;0;0;4;2;0;
202000016471;154 713 277;A01;1;7;0;0;6;1;1;
202000016471;154 713 278;B01;2;7;0;2;1;1;1;
202000016472;154 713 275;A01;2;33;0;2;1;17;1;
202000016472;154 713 276;B01;2;7;0;2;3;15;1;
202000016473;154 713 273;B01;2;7;0;0;5;16;1;
202000016473;154 713 274;A01;2;16;0;2;3;2;1;
202000016474;154 713 271;A01;2;7;0;2;2;15;1;
202000016474;154 713 272;B01;1;7;0;2;3;1;1;
202000016475;154 713 269;A01;1;7;0;2;3;26;1;
202000016475;154 713 270;B01;2;10;3;2;3;1;1;
202000016476;154 713 268;A01;3;7;2;0;1;1;1;
202000016477;154 713 267;A01;2;33;0;0;0;17;1;
202000016478;154 713 265;A01;3;14;0;0;0;1;1;
202000016478;154 713 266;B01;0;31;0;0;0;9;1;
202000016479;154 713 262;A01;1;7;0;5;1;1;1;
202000016479;154 713 263;B01;1;7;14;0;1;2;1;
202000016479;154 713 264;C01;1;7;0;2;5;2;1;
202000016480;154 713 259;B01;2;10;0;2;6;1;1;
202000016480;154 713 260;A01;1;10;0;2;2;17;1;
202000016480;154 713 261;C01;1;10;0;0;0;26;1;
202000016481;154 713 258;A01;2;17;3;0;2;1;1;
202000016482;154 713 257;A01;2;7;4;0;2;1;1;
202000016483;154 713 256;A01;2;7;0;0;9;1;1;
202000016484;154 713 254;B01;2;7;0;2;4;2;1;
202000016484;154 713 255;A01;2;10;0;2;1;2;1;
202000016485;154 713 253;A01;2;33;4;0;3;1;1;
202000016486;154 713 249;C01;1;15;0;2;1;2;1;
202000016486;154 713 250;A01;1;7;0;0;4;11;1;
202000016486;154 713 251;B01;1;7;0;0;4;1;1;
202000016486;154 713 252;D01;0;14;0;2;6;2;1;
202000016487;154 713 245;B01;1;1;0;2;7;19;5;
202000016487;154 713 246;A01;1;7;0;2;1;1;1;
202000016488;154 713 244;A01;3;7;0;1;1;19;1;
202000016489;154 713 243;A01;3;50;0;0;1;19;3;
202000016490;154 713 242;A01;1;32;12;0;0;13;1;
202000016491;154 713 241;Z01;1;7;0;1;6;1;2;
202000016492;154 713 240;A01;3;30;0;0;0;1;1;
202000016493;154 713 239;A01;2;7;0;4;2;1;1;
202000016494;154 713 237;B01;2;99;0;2;4;2;1;
202000016494;154 713 238;A01;2;10;0;2;1;2;1;
202000016495;154 713 235;B01;2;7;0;2;6;1;1;
202000016495;154 713 236;A01;1;7;0;2;1;19;1;
202000016496;154 713 234;A01;3;2;2;0;0;1;1;
202000016497;154 713 232;B01;2;7;0;2;3;16;1;
202000016497;154 713 233;A01;2;1;0;2;1;1;5;
202000016498;154 713 231;A01;2;7;2;0;1;1;1;
202000016499;154 713 229;B01;2;7;0;2;1;1;1;
202000016499;154 713 230;A01;2;10;6;1;8;19;1;
202000016500;154 713 228;A01;1;2;12;0;1;14;1;
202000016501;154 713 226;B01;1;7;0;2;3;15;1;
202000016501;154 713 227;A01;1;33;0;2;1;2;1;
202000016502;154 713 224;B01;1;7;0;2;1;1;1;
202000016502;154 713 225;A01;1;7;0;2;2;1;1;
202000016503;154 713 223;A01;2;33;7;0;1;13;1;
202000016504;154 713 221;A01;1;7;0;2;7;0;1;
202000016504;154 713 222;B01;1;7;0;2;1;0;1;
202000016505;154 713 220;A01;0;33;0;0;9;9;1;
202000016506;154 713 219;A01;0;7;0;1;1;1;1;
202000016507;154 713 218;A01;3;36;0;0;1;1;1;
202000016508;154 713 217;A01;3;33;0;0;1;1;1;
202000016509;154 713 215;B01;2;7;0;2;1;1;1;
202000016509;154 713 216;A01;1;7;0;2;2;16;1;
202000016510;154 713 213;B01;3;33;0;2;1;11;0;
202000016510;154 713 214;A01;3;7;0;2;1;1;1;
202000016511;154 713 212;A01;2;7;6;0;1;1;1;
202000016512;154 713 210;A01;2;1;0;2;7;19;6;
202000016512;154 713 211;B01;1;7;0;2;3;1;1;
202000016513;154 713 209;A01;2;10;11;0;2;14;1;
202000016514;154 713 208;A01;2;99;0;0;0;25;6;
202000016515;154 713 207;A01;1;33;0;0;8;26;1;
202000016516;154 713 206;A01;3;7;0;1;2;1;1;
202000016517;154 713 204;A01;3;33;0;2;0;5;1;
202000016517;154 713 205;B01;3;17;0;2;2;0;1;
202000016518;154 713 202;A01;2;7;2;0;4;1;1;
202000016518;154 713 203;B01;2;10;2;2;1;2;1;
202000016519;154 713 201;A01;3;17;6;0;3;0;1;
202000016520;154 713 200;A01;2;7;13;0;1;11;1;
202000016521;154 713 198;B01;1;7;0;2;3;1;6;
202000016521;154 713 199;A01;2;7;0;2;1;21;6;
202000016522;154 713 197;A01;2;7;8;0;1;0;6;
202000016523;154 713 195;A01;0;7;13;0;2;18;1;
202000016524;154 713 191;B01;1;2;0;2;3;15;1;
202000016524;154 713 192;A01;2;7;0;2;1;1;1;
202000016525;154 713 190;A01;3;7;3;0;1;1;1;
202000016526;154 713 189;A01;1;7;7;0;0;1;0;
202000016527;154 713 186;C01;3;7;0;0;8;23;6;
202000016527;154 713 187;B01;1;7;0;2;8;1;1;
202000016527;154 713 188;A01;2;7;0;2;1;15;1;
202000016528;154 713 185;A01;1;1;13;0;0;0;6;
202000016529;154 713 183;B01;3;33;0;2;0;1;1;
202000016529;154 713 184;A01;0;7;0;2;2;11;1;
202000016530;154 713 182;A01;2;7;10;0;2;0;1;
202000016531;154 713 181;A01;2;33;0;0;1;1;1;
202000016532;154 713 180;A01;1;2;0;0;9;1;1;
202000016533;154 713 179;A01;3;7;0;1;1;15;1;
202000016534;154 713 178;A01;0;32;0;0;7;1;1;
202000016535;154 713 177;Z01;0;7;0;1;0;0;0;
202000016536;154 713 175;Z01;3;17;0;2;0;0;1;
202000016536;154 713 176;A01;3;10;0;2;1;19;1;
202000016537;154 713 174;A01;3;7;0;0;0;14;1;
202000016538;154 713 173;A01;2;3;0;1;1;1;1;
202000016539;154 713 171;Z01;1;7;0;2;1;2;0;
202000016539;154 713 172;B01;1;31;0;2;4;1;1;
202000016540;154 713 168;C01;3;7;1;0;7;24;1;
202000016540;154 713 169;B01;1;32;0;2;3;0;1;
202000016540;154 713 170;A01;2;7;0;2;0;0;1;
202000016541;154 713 166;A01;1;7;0;2;7;15;1;
202000016541;154 713 167;B01;2;2;0;2;1;1;1;
202000016542;154 713 164;A01;1;30;0;2;1;26;0;
202000016542;154 713 165;B01;2;7;0;2;2;0;1;
202000016543;154 713 163;A01;2;10;0;1;1;26;1;
202000016544;154 713 162;A01;1;33;0;0;8;1;1;
202000016545;154 713 160;A01;2;7;0;2;1;26;0;
202000016545;154 713 161;B01;1;7;0;0;0;0;0;
202000016546;154 713 158;B01;3;2;0;2;8;19;1;
202000016546;154 713 159;A01;3;7;0;2;1;1;1;
202000016547;154 713 156;A01;1;34;0;2;1;13;0;
202000016547;154 713 157;B01;2;7;0;2;1;1;0;
202000016548;154 713 154;B01;1;7;0;2;7;15;1;
202000016548;154 713 155;A01;2;7;0;2;1;1;1;
202000016549;154 713 153;A01;1;7;0;1;6;1;1;
202000016550;154 713 151;A01;3;2;0;2;1;1;1;
202000016550;154 713 152;B01;3;10;0;2;1;1;1;
202000016551;154 713 149;A01;1;10;0;2;1;2;1;
202000016551;154 713 150;B01;1;15;0;0;6;2;1;
202000016552;154 713 147;B01;1;17;0;0;6;1;0;
202000016552;154 713 148;A01;1;10;0;2;2;2;6;
202000016553;154 713 146;A01;2;33;7;0;1;1;0;
202000016554;154 713 144;A01;1;7;0;2;3;1;1;
202000016554;154 713 145;B01;2;1;0;2;1;1;5;
202000016555;154 713 143;A01;1;33;0;0;7;1;1;
202000016556;154 713 142;A01;2;7;2;0;7;13;1;
202000016557;154 713 140;A01;1;3;0;2;3;15;1;
202000016557;154 713 141;B01;1;7;0;2;1;1;1;
202000016558;154 713 138;Y01;2;60;0;2;1;25;5;
202000016558;154 713 139;A01;1;7;0;2;1;25;1;
202000016559;154 713 136;B01;1;32;0;2;1;3;1;
202000016559;154 713 137;A01;2;7;0;2;3;15;1;
202000016560;154 713 134;B01;3;30;0;2;3;5;1;
202000016560;154 713 135;A01;3;7;0;2;3;15;1;
202000016561;154 713 132;B01;2;7;0;2;5;16;1;
202000016561;154 713 133;A01;2;7;0;2;1;9;0;
202000016562;154 713 131;A01;2;34;12;0;2;14;1;
202000016563;154 713 130;A01;1;7;0;1;1;0;1;
202000016564;154 713 129;A01;3;2;0;0;7;1;1;
202000016565;154 713 127;B01;1;7;0;2;1;1;1;
202000016565;154 713 128;A01;2;7;0;2;1;15;1;
202000016566;154 713 126;A01;2;7;6;0;1;0;1;
202000016567;154 713 124;A01;2;7;0;2;1;19;1;
202000016567;154 713 125;B01;1;30;0;2;1;17;1;
202000016568;154 713 122;A01;1;7;13;0;3;26;1;
202000016569;154 713 120;B01;1;10;0;2;3;2;1;
202000016569;154 713 121;A01;1;7;0;2;3;5;1;
202000016570;154 713 118;A01;2;7;0;2;5;9;1;
202000016570;154 713 119;B01;2;31;0;2;1;3;1;
202000016571;154 713 117;A01;2;7;2;0;1;1;1;
202000016572;154 713 116;A01;1;10;13;0;1;1;1;
202000016573;154 713 114;B01;2;7;0;2;1;1;1;
202000016573;154 713 115;A01;1;7;0;2;1;1;1;
202000016574;154 713 112;B01;1;7;0;2;1;1;1;
202000016574;154 713 113;A01;2;7;0;2;3;13;1;
202000016575;154 713 111;A01;1;7;1;0;1;1;1;
202000016576;154 713 109;B01;1;7;0;0;4;2;1;
202000016576;154 713 110;A01;1;10;0;2;1;2;1;
202000016577;154 713 108;A01;3;7;2;0;1;1;1;
202000016578;154 713 105;B01;1;7;0;2;1;1;1;
202000016578;154 713 106;A01;2;7;0;2;1;13;1;
202000016579;154 713 102;A01;3;7;13;0;1;1;1;
202000016580;154 713 100;B01;2;7;0;9;2;19;0;
202000016580;154 713 101;A01;2;1;0;2;8;1;0;
202000016581;154 713 098;B01;2;1;0;2;2;12;5;
202000016581;154 713 099;A01;2;7;0;2;8;1;1;
202000016582;154 713 097;A01;1;7;13;0;2;1;1;
202000016583;154 713 096;A01;2;33;8;0;0;1;1;
202000016584;154 713 095;A01;1;2;0;0;7;0;1;
202000016585;154 713 094;A01;3;31;0;0;8;21;1;
202000016586;154 713 091;A01;2;33;3;2;7;17;1;
202000016586;154 713 092;B01;2;7;0;2;7;1;1;
202000016587;154 713 090;A01;1;7;15;0;1;2;1;
202000016588;154 713 089;A01;1;7;0;1;1;1;1;
202000016589;154 713 088;A01;2;7;13;0;3;1;1;
202000016590;154 713 086;B01;2;33;0;2;1;2;1;
202000016590;154 713 087;A01;2;7;0;2;4;23;1;
202000016591;154 713 084;A01;1;7;0;2;3;13;1;
202000016591;154 713 085;B01;2;7;0;2;8;1;1;
202000016592;154 713 083;A01;2;32;0;5;1;1;1;
202000016593;154 713 082;A01;1;17;0;0;9;0;1;
202000016594;154 713 078;A01;1;10;0;2;1;1;1;
202000016594;154 713 079;B01;2;7;0;0;4;2;1;
202000016594;154 713 080;C01;2;10;0;2;4;2;1;
202000016594;154 713 081;D01;2;7;0;0;4;2;1;
202000016595;154 713 074;D01;1;7;0;2;0;0;0;
202000016595;154 713 075;B01;1;7;0;2;4;2;1;
202000016595;154 713 076;C01;1;7;0;2;1;2;1;
202000016595;154 713 077;A01;1;7;0;2;3;2;1;
202000016596;154 713 072;B01;2;2;0;0;1;1;0;
202000016596;154 713 073;A01;1;7;0;0;1;15;0;
202000016597;154 713 071;A01;1;10;8;0;1;1;1;
202000016598;154 713 070;A01;1;33;0;6;1;1;1;
202000016599;154 713 068;A01;2;7;0;2;1;15;0;
202000016599;154 713 069;B01;1;2;0;2;8;1;1;
202000016600;154 713 066;A01;1;7;0;2;3;0;1;
202000016600;154 713 067;B01;2;7;0;2;1;0;0;
202000016601;154 713 065;A01;2;7;2;0;1;1;1;
202000016602;154 713 063;A01;1;2;0;0;4;1;3;
202000016602;154 713 064;B01;1;7;0;2;2;1;1;
202000016603;154 713 061;A01;1;7;0;2;1;5;1;
202000016603;154 713 062;B01;2;7;0;2;3;1;1;
202000016604;154 713 059;A01;1;7;0;2;0;1;1;
202000016604;154 713 060;B01;2;7;0;2;0;1;1;
202000016605;154 713 058;A01;1;7;2;0;1;2;1;
202000016606;154 713 056;B01;1;7;0;0;2;1;1;
202000016606;154 713 057;A01;2;7;0;0;5;15;1;
202000016607;154 713 055;A01;1;7;13;0;1;1;1;
202000016608;154 713 054;A01;1;7;0;1;2;1;6;
202000016609;154 713 045;C01;2;0;0;2;0;1;0;
202000016609;154 713 046;A01;2;17;0;2;5;1;1;
202000016609;154 713 047;B01;2;33;0;2;3;3;1;
202000016610;154 713 043;B01;2;37;0;2;4;23;1;1
202000016610;154 713 044;A01;2;7;0;2;1;14;1;
202000016611;154 713 040;C01;1;7;0;2;4;23;1;
202000016611;154 713 041;B01;1;7;0;2;4;23;1;
202000016611;154 713 042;A01;1;7;0;2;1;2;1;
202000016612;154 713 038;B01;1;17;0;2;4;2;1;
202000016612;154 713 039;A01;1;17;0;2;1;2;1;
202000016613;154 713 036;B01;2;33;0;2;8;1;1;
202000016613;154 713 037;A01;2;7;0;2;5;12;1;
202000016614;154 713 034;B01;1;34;0;2;3;3;0;
202000016614;154 713 035;A01;1;7;0;2;2;12;1;
202000016615;154 713 032;B01;2;14;0;2;6;2;2;
202000016615;154 713 033;A01;2;7;4;2;3;13;1;
202000016616;154 713 029;C01;1;38;0;2;6;12;1;1
202000016616;154 713 030;B01;1;7;0;2;1;1;1;
202000016616;154 713 031;A01;1;7;0;2;1;23;2;
202000016617;154 713 027;A01;2;7;0;2;2;12;1;
202000016617;154 713 028;B01;2;33;0;2;3;3;1;
202000016618;154 713 026;A01;2;32;0;0;9;1;1;
202000016619;154 713 024;B01;2;7;0;2;1;1;0;
202000016619;154 713 025;A01;1;60;0;2;8;1;5;
202000016620;154 713 022;B01;1;7;0;2;7;16;0;
202000016620;154 713 023;A01;1;2;0;2;1;18;1;
202000016621;154 713 021;A01;1;2;0;1;1;1;1;
202000016622;154 713 019;A01;1;7;0;2;4;15;1;
202000016622;154 713 020;B01;1;7;0;2;2;15;1;
202000016623;154 713 016;C01;3;7;0;0;4;2;1;
202000016623;154 713 017;B01;3;7;0;2;1;2;1;
202000016623;154 713 018;A01;3;7;0;2;1;2;1;
202000016624;154 713 014;B01;3;1;0;2;3;2;5;
202000016624;154 713 015;A01;0;7;0;9;2;2;1;
202000016625;154 713 011;C01;2;7;0;2;4;23;1;
202000016625;154 713 012;A01;2;7;0;2;1;1;1;
202000016625;154 713 013;B01;2;7;0;2;4;23;1;
202000016626;154 713 009;B01;1;7;0;2;1;2;1;
202000016626;154 713 010;A01;1;1;0;2;4;15;5;
202000016627;154 713 007;A01;1;7;0;2;2;15;1;
202000016627;154 713 008;B01;2;7;0;2;8;1;1;
202000016628;154 713 005;B01;0;7;0;2;1;1;1;
202000016628;154 713 006;A01;0;7;6;2;1;11;1;
202000016629;154 713 003;A01;1;7;0;2;1;15;1;
202000016629;154 713 004;B01;2;7;0;2;3;1;1;
202000016630;154 713 001;B01;3;2;0;2;1;26;1;
202000016630;154 713 002;A01;2;7;0;2;3;26;1;
202000016631;154 713 000;A01;1;7;2;0;1;1;1;
202000016632;154 712 998;B01;2;2;0;2;8;1;1;
202000016632;154 712 999;A01;2;7;0;2;5;16;1;
202000016633;154 712 994;A01;1;7;0;2;4;23;1;
202000016633;154 712 995;B01;1;7;1;0;1;2;1;
202000016634;154 712 993;A01;1;20;0;1;1;9;1;
202000016635;154 712 992;A01;1;7;2;0;1;17;1;
202000016636;154 712 990;A01;1;7;0;2;8;1;1;
202000016636;154 712 991;B01;2;10;0;2;2;1;1;
202000016637;154 712 988;B01;1;3;0;2;4;2;1;
202000016637;154 712 989;A01;1;7;0;2;1;2;1;
202000016638;154 712 985;C01;1;7;0;2;4;1;0;
202000016638;154 712 986;B01;1;7;0;2;4;1;1;
202000016638;154 712 987;A01;1;7;0;2;2;1;1;
202000016639;154 712 983;B01;2;30;0;2;4;1;1;
202000016639;154 712 984;A01;2;7;0;2;1;26;1;
202000016640;154 712 982;A01;1;2;0;1;1;3;1;
202000016641;154 712 980;A01;2;7;0;2;6;10;1;
202000016641;154 712 981;B01;1;2;0;2;1;1;1;
202000016642;154 712 978;A01;3;7;0;2;1;2;1;
202000016642;154 712 979;B01;3;7;0;2;4;1;1;
202000016643;154 712 977;A01;1;7;0;1;1;17;1;
202000016644;154 712 976;A01;3;7;0;1;3;1;1;
202000016645;154 712 974;B01;2;10;0;2;8;19;1;
202000016645;154 712 975;A01;2;7;0;2;3;1;1;
202000016646;154 712 972;A01;1;7;0;2;1;0;1;
202000016646;154 712 973;B01;1;1;0;2;1;0;5;
202000016647;154 712 971;A01;1;37;0;1;4;0;1;1
202000016648;154 712 970;A01;1;7;8;0;5;14;1;
202000016649;154 712 969;A01;1;7;0;1;3;17;0;
202000016650;154 712 968;A01;2;7;0;1;1;1;1;
202000016651;154 712 966;B01;1;33;0;0;8;1;1;
202000016651;154 712 967;A01;1;10;0;2;7;14;1;