num_acc;id_vehicule;num_veh;senc;catv;obs;obsm;choc;manv;motor;occutc
202000016932;154 712 464;A01;3;2;1;0;1;1;1;
202000016933;154 712 462;B01;2;7;0;2;6;1;1;
202000016933;154 712 463;A01;1;33;0;2;1;13;1;
202000016934;154 712 461;A01;0;7;6;0;3;1;1;
202000016935;154 712 460;A01;-1;33;7;0;0;14;1;
202000016936;154 712 459;A01;2;33;0;1;1;2;1;
202000016937;154 712 458;A01;1;10;0;1;2;16;1;
202000016938;154 712 456;B01;3;7;0;2;4;1;1;
202000016938;154 712 457;A01;3;7;0;2;1;1;1;
202000016939;154 712 454;B01;2;7;0;2;1;0;1;
202000016939;154 712 455;A01;2;34;0;0;4;16;1;
202000016940;154 712 453;A01;1;1;0;1;0;9;0;
202000016941;154 712 450;B01;2;7;0;2;5;1;1;
202000016941;154 712 451;C01;1;37;0;2;1;1;1;1
202000016941;154 712 452;A01;2;7;0;2;1;1;1;
202000016942;154 712 449;A01;2;33;4;0;0;13;1;
202000016943;154 712 448;A01;1;7;6;0;1;14;1;
202000016944;154 712 446;B01;1;10;0;2;3;15;1;
202000016944;154 712 447;A01;1;7;0;2;1;1;1;
202000016945;154 712 445;A01;1;7;0;1;6;26;1;
202000016946;154 712 444;A01;2;30;0;0;7;1;1;
202000016947;154 712 442;A01;1;7;0;2;2;15;1;
202000016947;154 712 443;B01;2;30;0;2;3;1;1;
202000016948;154 712 440;A01;1;7;0;2;1;20;1;
202000016948;154 712 441;B01;1;7;0;2;8;2;1;
202000016949;154 712 439;A01;3;7;0;1;1;15;1;
202000016950;154 712 437;B01;2;10;0;2;4;2;1;
202000016950;154 712 438;A01;2;7;0;2;1;2;1;
202000016951;154 712 435;A01;2;33;0;2;1;2;1;
202000016951;154 712 436;B01;2;7;0;2;4;2;1;
202000016952;154 712 433;A01;1;7;0;2;1;9;1;
202000016952;154 712 434;B01;1;33;0;2;7;1;1;
202000016953;154 712 431;A01;2;7;0;2;7;15;1;
202000016953;154 712 432;B01;1;7;0;2;1;1;1;
202000016954;154 712 430;A01;1;7;0;1;1;16;1;
202000016955;154 712 428;B01;1;33;0;2;1;1;1;
202000016955;154 712 429;A01;2;7;0;2;3;15;1;
202000016956;154 712 426;B01;3;10;0;2;4;23;1;
202000016956;154 712 427;A01;3;7;0;2;1;2;1;
202000016957;154 712 424;A01;1;7;0;2;1;2;1;
202000016957;154 712 425;B01;1;7;0;2;4;1;1;
202000016958;154 712 422;A01;1;80;0;2;8;11;3;
202000016958;154 712 423;B01;1;14;0;2;5;2;1;
202000016959;154 712 418;A01;2;7;0;2;3;9;1;
202000016959;154 712 419;B01;2;33;0;2;1;1;1;
202000016960;154 712 416;B01;3;41;0;2;0;0;0;
202000016960;154 712 417;A01;3;33;0;2;0;0;0;
202000016961;154 712 415;A01;3;7;6;0;1;14;1;
202000016962;154 712 414;A01;0;7;15;0;1;15;1;
202000016963;154 712 412;B01;1;99;14;2;8;15;1;
202000016963;154 712 413;A01;1;32;0;2;1;17;1;
202000016964;154 712 410;B01;2;7;0;2;2;16;1;
202000016964;154 712 411;A01;1;34;0;2;1;18;1;
202000016965;154 712 407;A01;1;10;0;2;1;2;1;
202000016965;154 712 408;B01;1;7;0;2;4;2;1;
202000016965;154 712 409;C01;1;7;0;2;4;2;1;
202000016966;154 712 404;C01;1;7;0;2;4;1;1;
202000016966;154 712 405;B01;1;7;0;2;4;1;1;
202000016966;154 712 406;A01;1;7;0;2;1;1;1;
202000016967;154 712 403;A01;1;7;0;1;1;1;1;
202000016968;154 712 402;A01;1;34;0;1;1;1;1;
202000016969;154 712 400;B01;2;7;0;2;1;1;1;
202000016969;154 712 401;A01;1;7;0;2;2;17;1;
202000016970;154 712 399;A01;2;7;0;1;4;4;1;
202000016971;154 712 398;A01;0;7;0;1;7;1;1;
202000016972;154 712 397;A01;2;10;0;1;4;20;1;
202000016973;154 712 393;D01;1;7;0;2;4;2;1;
202000016973;154 712 394;C01;1;7;0;2;4;2;1;
202000016973;154 712 395;A01;1;7;0;2;1;2;1;
202000016973;154 712 396;B01;1;7;0;2;4;2;1;
202000016974;154 712 392;A01;1;7;0;1;1;1;1;
202000016975;154 712 390;A01;1;7;0;2;1;1;1;
202000016975;154 712 391;B01;1;7;0;2;8;1;1;
202000016976;154 712 388;B01;1;1;0;2;1;1;5;
202000016976;154 712 389;A01;1;7;0;2;2;16;1;
202000016977;154 712 387;A01;1;7;0;1;4;4;1;
202000016978;154 712 386;A01;1;7;0;1;1;16;1;
202000016979;154 712 385;A01;1;7;0;1;4;1;1;
202000016980;154 712 383;A01;1;7;0;2;1;1;1;
202000016980;154 712 384;B01;2;7;0;2;3;23;1;
202000016981;154 712 377;C01;0;7;1;0;3;24;1;
202000016981;154 712 378;B01;0;7;0;2;3;10;1;
202000016981;154 712 379;A01;0;2;1;2;3;17;1;
202000016982;154 712 376;A01;3;7;16;0;1;10;1;
202000016983;154 712 375;A01;1;15;0;1;1;1;1;
202000016984;154 712 374;A01;1;7;0;1;3;15;1;
202000016985;154 712 372;Z01;1;7;0;2;6;9;0;
202000016985;154 712 373;A01;2;1;0;2;1;26;5;
202000016986;154 712 370;B01;1;7;0;2;4;9;1;
202000016986;154 712 371;A01;1;7;0;2;1;2;0;
202000016987;154 712 367;A01;2;7;0;2;1;2;1;
202000016987;154 712 368;C01;2;7;0;2;4;2;1;
202000016987;154 712 369;B01;2;7;0;2;4;2;1;
202000016988;154 712 365;A01;0;7;0;2;6;1;1;
202000016988;154 712 366;B01;0;31;0;2;1;1;1;
202000016989;154 712 363;A01;2;37;0;2;2;1;1;1
202000016989;154 712 364;B01;2;1;0;2;8;1;5;
202000016990;154 712 360;A01;1;30;1;0;1;1;1;
202000016991;154 712 359;A01;1;7;0;1;1;1;1;
202000016992;154 712 357;A01;1;10;0;2;2;9;1;
202000016992;154 712 358;B01;2;7;0;2;5;1;1;
202000016993;154 712 355;A01;1;33;0;2;1;2;1;
202000016993;154 712 356;B01;1;7;0;2;4;23;1;
202000016994;154 712 353;B01;2;32;0;2;8;2;1;
202000016994;154 712 354;A01;2;7;0;2;2;14;1;
202000016995;154 712 352;A01;0;7;0;1;1;1;1;
202000016996;154 712 350;A01;1;7;0;2;2;16;1;
202000016996;154 712 351;B01;1;2;0;2;1;1;1;
202000016997;154 712 349;A01;1;33;0;0;0;21;1;
202000016998;154 712 347;B01;1;2;0;2;1;1;1;
202000016998;154 712 348;A01;1;7;0;2;8;9;1;
202000016999;154 712 344;C01;1;7;0;2;4;1;1;
202000016999;154 712 345;B01;1;7;0;2;4;1;1;
202000016999;154 712 346;A01;1;7;0;2;2;1;1;
202000017000;154 712 342;B01;2;7;0;2;3;1;1;
202000017000;154 712 343;A01;1;10;0;2;1;1;1;
202000017001;154 712 341;A01;1;7;2;0;1;1;1;
202000017002;154 712 340;A01;1;7;17;0;3;15;1;
202000017003;154 712 338;A01;2;7;0;2;1;1;1;
202000017003;154 712 339;B01;1;33;0;2;1;1;1;
202000017004;154 712 337;A01;1;32;14;0;2;21;1;
202000017005;154 712 335;A01;1;10;0;2;1;15;1;
202000017005;154 712 336;B01;2;33;0;2;1;1;1;
202000017006;154 712 333;B01;0;7;0;2;1;1;1;
202000017006;154 712 334;A01;0;7;0;2;1;9;1;
202000017007;154 712 332;A01;2;7;2;0;1;0;1;
202000017008;154 712 331;A01;1;7;13;0;2;14;1;
202000017009;154 712 329;B01;2;7;0;2;4;1;1;
202000017009;154 712 330;A01;2;7;0;2;1;2;1;
202000017010;154 712 327;B01;1;7;0;2;4;1;1;
202000017010;154 712 328;A01;1;7;0;2;1;1;1;
202000017011;154 712 325;A01;2;7;0;2;1;1;1;
202000017011;154 712 326;B01;1;7;0;2;1;1;1;
202000017012;154 712 324;A01;1;33;0;0;8;16;1;
202000017013;154 712 322;A01;1;7;0;2;7;16;1;
202000017013;154 712 323;B01;1;7;0;2;6;18;1;
202000017014;154 712 320;B01;2;7;0;2;3;1;1;
202000017014;154 712 321;A01;1;33;0;2;1;5;1;
202000017015;154 712 318;A01;0;7;0;2;2;17;1;
202000017015;154 712 319;B01;0;10;0;2;3;23;1;
202000017016;154 712 317;A01;1;33;0;1;2;1;1;
202000017017;154 712 315;A01;1;7;0;2;8;9;1;
202000017017;154 712 316;B01;2;32;0;2;1;1;1;
202000017018;154 712 313;A01;1;1;0;2;8;13;5;
202000017018;154 712 314;B01;2;32;0;2;2;2;1;
202000017019;154 712 312;A01;1;7;1;0;9;20;1;
202000017020;154 712 311;A01;2;10;0;1;3;15;1;
202000017021;154 712 309;B01;2;7;0;2;5;1;1;
202000017021;154 712 310;A01;3;7;0;2;3;1;1;
202000017022;154 712 307;A01;1;7;0;2;8;22;1;
202000017022;154 712 308;B01;1;50;0;2;1;1;3;
202000017023;154 712 306;A01;1;7;0;1;7;1;1;
202000017024;154 712 305;A01;1;30;0;1;1;1;3;
202000017025;154 712 303;A01;1;30;0;2;4;23;1;
202000017025;154 712 304;Z01;1;2;0;2;0;2;0;
202000017026;154 712 300;B01;1;34;0;2;1;1;1;
202000017026;154 712 301;C01;2;32;0;2;3;1;1;
202000017026;154 712 302;A01;2;10;0;2;2;15;1;
202000017027;154 712 299;Z01;1;1;0;1;0;1;5;
202000017028;154 712 298;A01;3;33;0;1;1;21;1;
202000017029;154 712 295;A01;1;7;0;2;1;2;1;
202000017029;154 712 296;B01;1;7;0;2;4;2;0;
202000017029;154 712 297;C01;1;7;0;2;4;0;0;
202000017030;154 712 294;A01;2;7;8;0;0;26;1;
202000017031;154 712 293;A01;1;7;4;0;7;16;1;
202000017032;154 712 292;A01;1;7;1;1;1;1;0;
202000017033;154 712 290;A01;2;10;0;2;2;1;1;
202000017033;154 712 291;B01;1;10;1;2;3;15;1;
202000017034;154 712 289;A01;-1;7;0;0;3;26;1;
202000017035;154 712 288;A01;0;7;0;0;0;1;1;
202000017036;154 712 286;A01;-1;10;0;2;3;0;1;
202000017036;154 712 287;B01;-1;1;0;2;2;0;2;
202000017037;154 712 284;B01;0;7;0;2;3;1;0;
202000017037;154 712 285;A01;0;10;0;2;2;1;0;
202000017038;154 712 283;EA01;1;50;0;1;1;25;3;
202000017039;154 712 281;B01;3;7;0;2;1;1;0;
202000017039;154 712 282;A01;-1;7;0;2;-1;-1;-1;
202000017040;154 712 279;A01;0;10;0;2;3;2;1;
202000017040;154 712 280;B01;0;34;0;2;7;2;1;
202000017041;154 712 278;A01;1;7;15;0;1;13;1;
202000017042;154 712 276;B01;1;33;0;2;1;1;1;
202000017042;154 712 277;A01;1;7;0;2;5;23;1;
202000017043;154 712 275;A01;0;7;2;0;2;1;0;
202000017044;154 712 273;A01;1;7;0;2;3;1;1;
202000017044;154 712 274;B01;1;7;0;2;4;17;0;
202000017045;154 712 271;A01;2;33;0;0;3;1;1;
202000017046;154 712 269;A01;2;7;0;2;3;1;1;
202000017046;154 712 270;B01;1;2;0;0;4;23;1;
202000017047;154 712 267;A01;1;7;0;2;2;1;1;
202000017047;154 712 268;B01;3;2;0;0;8;26;1;
202000017048;154 712 265;A01;3;7;8;2;8;15;1;
202000017048;154 712 266;B01;3;7;0;2;1;1;1;
202000017049;154 712 263;B01;1;33;0;0;7;1;1;
202000017049;154 712 264;A01;1;7;0;2;1;19;1;
202000017050;154 712 261;A01;2;7;0;1;1;1;1;
202000017051;154 712 259;B01;1;32;0;2;7;17;1;
202000017051;154 712 260;A01;1;7;0;0;3;15;1;
202000017052;154 712 257;A01;1;7;0;0;2;15;1;
202000017052;154 712 258;B01;2;7;0;2;1;1;1;
202000017053;154 712 256;A01;2;7;0;1;2;15;1;
202000017054;154 712 254;B01;2;7;0;2;4;2;1;
202000017054;154 712 255;A01;2;7;0;2;1;2;1;
202000017055;154 712 253;A01;2;7;6;0;1;1;1;
202000017056;154 712 252;A01;1;7;0;1;1;1;1;
202000017057;154 712 251;A01;3;7;2;0;3;13;1;
202000017058;154 712 249;A01;1;7;0;0;4;23;1;
202000017058;154 712 250;B01;1;7;0;0;1;1;1;
202000017059;154 712 247;B01;0;7;0;9;1;16;1;
202000017059;154 712 248;A01;2;80;0;0;7;1;3;
202000017060;154 712 244;A01;2;7;0;2;7;15;1;
202000017060;154 712 245;C01;1;33;0;2;1;1;1;
202000017060;154 712 246;B01;2;7;0;2;3;1;1;
202000017061;154 712 243;A01;3;7;0;1;2;1;1;
202000017062;154 712 242;A01;2;17;0;0;8;0;1;
202000017063;154 712 240;B01;2;7;0;2;1;15;1;
202000017063;154 712 241;A01;1;33;0;2;7;17;1;
202000017064;154 712 239;A01;1;7;0;1;2;1;0;
202000017065;154 712 237;A01;0;7;0;9;3;15;1;
202000017065;154 712 238;B01;3;32;0;2;1;1;1;
202000017066;154 712 235;A01;1;7;0;2;8;15;0;
202000017066;154 712 236;B01;1;2;0;2;1;17;0;
202000017067;154 712 234;A01;0;7;13;0;1;0;0;
202000017068;154 712 233;A01;1;2;0;2;1;2;1;
202000017069;154 712 231;B01;2;1;0;2;4;1;5;
202000017069;154 712 232;A01;2;7;0;2;2;1;0;
202000017070;154 712 230;A01;3;10;2;0;1;26;1;
202000017071;154 712 228;B01;1;7;0;2;1;13;1;
202000017071;154 712 229;A01;2;7;0;2;3;1;1;
202000017072;154 712 226;B01;2;2;0;2;2;17;1;
202000017072;154 712 227;A01;1;7;0;0;8;19;1;
202000017073;154 712 224;A01;2;7;0;2;4;2;1;
202000017073;154 712 225;B01;2;7;0;2;1;2;0;
202000017074;154 712 222;B01;1;33;0;2;4;2;1;
202000017074;154 712 223;A01;1;7;0;2;1;2;1;
202000017075;154 712 220;B01;2;31;0;2;0;1;1;
202000017075;154 712 221;A01;2;7;0;2;0;1;1;
202000017076;154 712 218;A01;2;7;0;2;4;1;1;
202000017076;154 712 219;B01;2;14;0;2;1;1;1;
202000017077;154 712 216;A01;2;7;0;2;6;1;1;
202000017077;154 712 217;B01;2;31;0;2;2;1;1;
202000017078;154 712 214;A01;2;7;0;2;2;15;1;
202000017078;154 712 215;B01;2;7;0;2;5;1;1;
202000017079;154 712 213;A01;0;30;0;0;0;0;0;
202000017080;154 712 211;B01;1;1;0;2;8;1;0;
202000017080;154 712 212;A01;2;7;0;2;2;15;0;
202000017081;154 712 207;D01;2;99;0;2;4;2;1;
202000017081;154 712 208;A01;1;7;0;2;4;9;1;
202000017081;154 712 209;B01;2;7;0;2;4;2;1;
202000017081;154 712 210;C01;1;7;0;2;4;2;1;
202000017082;154 712 206;A01;0;7;0;1;2;1;0;
202000017083;154 712 204;A01;1;7;0;2;2;10;1;
202000017083;154 712 205;B01;1;33;0;2;1;1;1;
202000017084;154 712 202;B01;3;7;0;2;3;11;0;
202000017084;154 712 203;A01;3;7;0;2;2;2;0;
202000017085;154 712 200;G01;2;7;0;2;2;9;1;
202000017085;154 712 201;A01;1;7;0;2;3;2;1;
202000017086;154 712 197;A01;3;7;0;1;2;1;1;
202000017087;154 712 193;D01;1;7;0;2;4;2;1;
202000017087;154 712 194;B01;1;7;0;2;4;2;1;
202000017087;154 712 195;C01;1;7;0;2;4;2;1;
202000017087;154 712 196;A01;1;7;0;2;1;2;1;
202000017088;154 712 190;A01;2;7;0;2;8;10;1;
202000017088;154 712 191;B01;2;33;0;2;2;17;1;
202000017088;154 712 192;C01;2;33;0;2;0;2;1;
202000017089;154 712 189;A01;3;7;0;1;1;26;1;
202000017090;154 712 188;A01;1;7;0;1;4;20;1;
202000017091;154 712 186;B01;2;1;0;2;4;1;5;
202000017091;154 712 187;Z01;2;10;0;2;2;15;0;
202000017092;154 712 185;Z01;1;7;8;1;1;14;1;
202000017093;154 712 183;A01;2;7;0;2;1;2;3;
202000017093;154 712 184;B01;2;7;0;2;4;2;1;
202000017094;154 712 182;A01;2;7;0;1;2;9;0;
202000017095;154 712 181;A01;1;7;0;1;7;16;1;
202000017096;154 712 179;B01;2;1;0;2;7;15;5;
202000017096;154 712 180;A01;1;7;0;2;1;1;1;
202000017097;154 712 178;A01;1;7;7;0;1;14;1;
202000017098;154 712 176;A01;1;30;0;2;1;1;1;
202000017098;154 712 177;B01;1;7;0;2;7;15;1;
202000017099;154 712 171;A01;1;7;0;2;1;1;1;
202000017099;154 712 172;E01;1;7;0;0;4;2;0;
202000017099;154 712 173;C01;1;7;0;2;4;1;1;
202000017099;154 712 174;D01;1;7;0;2;4;1;1;
202000017099;154 712 175;B01;1;7;0;2;4;1;1;
202000017100;154 712 170;A01;2;7;0;1;3;15;1;
202000017101;154 712 169;A01;2;33;0;0;1;1;1;
202000017102;154 712 167;A01;1;2;0;2;1;21;1;
202000017102;154 712 168;B01;1;2;0;2;4;1;1;
202000017103;154 712 164;A01;2;10;12;0;9;14;1;
202000017104;154 712 163;A01;3;7;0;0;0;26;1;
202000017105;154 712 162;A01;2;7;0;1;2;26;1;
202000017106;154 712 160;B01;3;7;0;2;4;1;1;
202000017106;154 712 161;A01;3;10;0;2;1;1;1;
202000017107;154 712 158;B01;1;7;0;2;9;1;1;
202000017107;154 712 159;A01;2;7;0;2;1;1;1;
202000017108;154 712 157;A01;1;7;0;1;3;1;1;
202000017109;154 712 155;A01;3;7;0;2;1;9;0;
202000017109;154 712 156;B01;3;10;0;2;7;1;0;
202000017110;154 712 154;A01;3;10;4;1;1;1;1;
202000017111;154 712 152;B01;1;33;0;2;7;2;1;
202000017111;154 712 153;A01;1;7;0;2;6;11;1;
202000017112;154 712 150;A01;1;10;0;2;1;2;1;
202000017112;154 712 151;B01;1;7;0;2;4;2;1;
202000017113;154 712 148;B01;1;33;0;2;2;1;1;
202000017113;154 712 149;A01;1;10;0;2;3;22;1;
202000017114;154 712 147;Z01;1;7;0;1;1;1;2;
202000017115;154 712 145;B01;1;7;0;2;2;22;1;
202000017115;154 712 146;A01;1;30;0;2;2;18;1;
202000017116;154 712 143;A01;1;1;0;2;8;13;5;
202000017116;154 712 144;B01;1;7;0;2;2;7;1;
202000017117;154 712 141;A01;3;7;0;2;3;13;1;
202000017117;154 712 142;B01;3;7;0;2;3;1;1;
202000017118;154 712 140;A01;1;1;1;1;1;21;5;
202000017119;154 712 138;A01;1;10;0;2;2;1;1;
202000017119;154 712 139;B01;1;1;0;2;4;23;5;
202000017120;154 712 136;B01;1;1;0;2;3;18;5;
202000017120;154 712 137;A01;1;7;0;2;2;23;1;
202000017121;154 712 134;A01;1;1;0;2;1;19;5;
202000017121;154 712 135;B01;1;50;0;2;1;1;3;
202000017122;154 712 131;Z01;2;99;0;2;0;0;0;
202000017122;154 712 132;B01;2;7;0;2;0;0;1;
202000017122;154 712 133;A01;2;7;0;0;0;0;1;
202000017123;154 712 130;A01;2;7;8;0;1;15;6;
202000017124;154 712 128;A01;1;7;0;2;9;9;0;
202000017124;154 712 129;B01;1;7;1;0;3;1;1;
202000017125;154 712 126;A01;1;7;0;2;1;19;1;
202000017125;154 712 127;B01;2;34;0;2;1;19;1;
202000017126;154 712 124;B01;2;7;0;2;6;9;1;
202000017126;154 712 125;A01;1;33;0;2;1;0;1;
202000017127;154 712 121;C01;1;15;0;2;1;1;1;
202000017127;154 712 122;B01;1;17;0;2;6;21;1;
202000017127;154 712 123;A01;2;7;0;2;1;13;6;
202000017128;154 712 120;A01;1;7;15;0;1;13;1;
202000017129;154 712 118;B01;1;7;0;2;0;0;1;
202000017129;154 712 119;A01;2;34;0;2;0;0;1;
202000017130;154 712 117;A01;2;7;4;0;2;14;1;
202000017131;154 712 115;B01;1;33;0;2;4;2;1;
202000017131;154 712 116;A01;1;7;0;2;1;2;1;
202000017132;154 712 113;B01;3;7;0;2;3;0;1;
202000017132;154 712 114;A01;3;34;0;2;1;0;1;
202000017133;154 712 111;B01;3;7;0;0;0;0;1;
202000017133;154 712 112;A01;3;7;0;2;1;13;1;
202000017134;154 712 109;B01;1;1;0;2;0;1;0;
202000017134;154 712 110;A01;1;7;0;2;3;16;1;
202000017135;154 712 107;B01;1;7;0;2;7;19;1;
202000017135;154 712 108;A01;2;32;0;2;1;19;1;
202000017136;154 712 106;A01;1;7;0;1;2;18;1;
202000017137;154 712 105;A01;1;7;0;1;2;16;1;
202000017138;154 712 103;A01;1;1;0;2;1;1;5;
202000017138;154 712 104;Z01;2;7;0;2;0;0;1;
202000017139;154 712 101;B01;2;1;0;2;1;19;5;
202000017139;154 712 102;A01;1;7;0;2;2;15;1;
202000017140;154 712 099;A01;0;7;0;2;8;24;1;
202000017140;154 712 100;B01;1;1;0;0;0;1;5;
202000017141;154 712 097;B01;2;33;0;2;4;15;1;
202000017141;154 712 098;A01;2;10;0;2;3;1;1;
202000017142;154 712 096;A01;1;32;12;0;8;1;1;
202000017143;154 712 094;A01;2;7;0;2;1;2;1;
202000017143;154 712 095;B01;2;7;0;2;4;23;1;
202000017144;154 712 092;B01;2;37;0;2;6;0;2;1
202000017144;154 712 093;A01;2;33;0;2;2;11;1;
202000017145;154 712 091;A01;3;7;12;0;1;16;1;
202000017146;154 712 089;A01;3;30;0;2;7;26;1;
202000017146;154 712 090;B01;3;7;0;2;0;9;1;
202000017147;154 712 088;A01;2;43;13;0;8;26;1;
202000017148;154 712 086;B01;1;7;12;0;5;23;1;
202000017148;154 712 087;A01;2;7;3;2;3;13;1;
202000017149;154 712 084;B01;2;31;0;2;1;0;6;
202000017149;154 712 085;A01;2;7;0;2;2;15;6;
202000017150;154 712 083;A01;2;7;0;1;7;17;1;
202000017151;154 712 081;A01;1;1;0;2;7;12;5;
202000017151;154 712 082;B01;1;7;0;2;3;9;1;
202000017152;154 712 079;A01;3;10;0;2;7;16;1;
202000017152;154 712 080;B01;3;1;0;2;8;1;5;
202000017153;154 712 077;B01;3;31;0;2;1;1;1;
202000017153;154 712 078;Z01;3;7;0;2;4;1;1;
202000017154;154 712 075;A01;3;7;0;0;0;20;1;
202000017154;154 712 076;B01;1;2;0;2;0;21;1;
202000017155;154 712 073;B01;1;2;0;2;7;1;1;
202000017155;154 712 074;A01;1;7;0;9;8;13;1;
202000017156;154 712 071;A01;1;7;0;0;7;15;0;
202000017156;154 712 072;B01;2;33;0;2;1;1;0;
202000017157;154 712 069;A01;1;7;0;2;3;15;1;
202000017157;154 712 070;B01;1;17;0;2;2;1;1;
202000017158;154 712 065;A01;1;7;0;2;3;5;1;
202000017158;154 712 066;B01;2;10;0;2;4;1;1;
202000017158;154 712 067;C01;2;7;0;2;5;1;1;
202000017158;154 712 068;D01;2;10;0;2;3;1;1;
202000017159;154 712 064;A01;1;7;0;1;0;1;0;
202000017160;154 712 062;B01;1;1;0;0;3;19;6;
202000017160;154 712 063;A01;2;40;0;2;1;1;3;
202000017161;154 712 061;A01;2;32;0;1;1;1;1;
202000017162;154 712 059;A01;3;7;0;2;1;26;1;
202000017162;154 712 060;B01;3;7;0;2;4;1;1;
202000017163;154 712 057;A01;2;30;0;2;1;1;1;
202000017163;154 712 058;B01;2;7;0;2;7;15;1;
202000017164;154 712 055;A01;1;7;0;2;2;15;1;
202000017164;154 712 056;B01;2;30;0;2;1;1;1;
202000017165;154 712 053;B01;2;7;0;2;7;15;1;
202000017165;154 712 054;A01;3;7;0;2;0;26;0;
202000017166;154 712 051;B01;3;7;0;2;2;1;1;
202000017166;154 712 052;A01;3;33;0;2;1;18;0;
202000017167;154 712 050;A01;0;7;0;1;1;1;1;
202000017168;154 712 048;A01;0;7;0;2;4;1;1;
202000017168;154 712 049;B01;0;2;0;2;1;0;3;
202000017169;154 712 046;B01;1;7;0;2;1;1;1;
202000017169;154 712 047;A01;2;30;0;2;1;15;1;
202000017170;154 712 044;B01;1;1;0;2;8;17;5;
202000017170;154 712 045;A01;1;7;0;2;8;22;1;
202000017171;154 712 039;A01;1;7;0;1;1;19;0;
202000017172;154 712 037;B01;2;2;0;2;1;1;1;
202000017172;154 712 038;A01;1;7;0;2;2;15;1;
202000017173;154 712 035;A01;2;7;0;0;0;15;6;
202000017173;154 712 036;B01;1;7;0;2;2;1;6;
202000017174;154 712 031;B01;3;7;0;2;1;1;1;
202000017174;154 712 032;D01;3;7;0;2;4;1;1;
202000017174;154 712 033;C01;3;7;0;2;1;1;1;
202000017174;154 712 034;A01;3;7;0;2;1;1;1;
202000017175;154 712 030;A01;1;7;0;1;1;15;1;
202000017176;154 712 029;A01;3;7;0;1;1;26;1;
202000017177;154 712 027;B01;3;30;0;9;8;0;-1;
202000017177;154 712 028;A01;3;37;0;2;2;16;-1;1
202000017178;154 712 025;B01;1;10;0;2;3;1;1;
202000017178;154 712 026;A01;1;10;0;2;8;10;1;
202000017179;154 712 023;A01;1;10;0;1;1;1;1;
202000017179;154 712 024;B01;1;10;0;2;4;0;1;
202000017180;154 712 021;B01;2;7;0;2;6;23;1;
202000017180;154 712 022;A01;2;7;0;2;2;21;1;
202000017181;154 712 019;A01;1;31;0;2;2;14;1;
202000017181;154 712 020;B01;1;7;0;2;0;1;1;
202000017182;154 712 017;B01;1;10;0;2;7;1;1;
202000017182;154 712 018;A01;1;31;0;2;3;11;1;
202000017183;154 712 015;A01;2;30;0;2;8;1;1;
202000017183;154 712 016;Z01;2;7;0;2;7;12;1;
202000017184;154 712 013;B01;1;7;0;2;2;16;1;
202000017184;154 712 014;A01;1;7;7;2;3;7;1;
202000017185;154 712 011;A01;1;38;0;2;8;8;2;1
202000017185;154 712 012;B01;1;80;0;2;7;17;3;
202000017186;154 712 009;B01;3;10;0;2;1;1;1;
202000017186;154 712 010;A01;2;7;0;2;2;1;1;
202000017187;154 712 007;B01;3;37;0;2;3;15;2;1
202000017187;154 712 008;A01;3;33;0;2;2;17;1;
202000017188;154 712 006;A01;1;10;0;1;1;1;1;
202000017189;154 712 004;B01;1;7;0;2;7;22;1;
202000017189;154 712 005;A01;1;1;0;2;1;1;5;
202000017190;154 712 002;A01;1;30;0;2;0;1;1;
202000017190;154 712 003;Z01;0;7;0;2;0;0;0;
202000017191;154 712 000;B01;2;7;0;2;6;23;1;
202000017191;154 712 001;A01;2;1;0;2;6;2;5;
202000017192;154 711 999;Z01;2;1;0;1;1;2;5;
202000017193;154 711 998;A01;1;32;0;0;0;1;1;
202000017194;154 711 997;A01;1;1;0;1;1;1;5;
202000017195;154 711 996;A01;3;80;12;0;7;14;3;
202000017196;154 711 994;A01;1;7;0;2;1;1;2;
202000017196;154 711 995;B01;1;7;0;2;8;1;1;
202000017197;154 711 993;A01;1;50;12;0;1;14;3;
202000017198;154 711 991;B01;1;50;0;2;2;1;3;
202000017198;154 711 992;A01;1;7;0;2;1;1;2;
202000017199;154 711 989;B01;3;33;0;2;1;1;1;
202000017199;154 711 990;A01;3;7;0;2;7;15;1;
202000017200;154 711 987;A01;2;7;0;2;3;21;1;
202000017200;154 711 988;B01;2;32;0;2;1;1;1;
202000017201;154 711 985;B01;2;7;0;2;4;1;1;
202000017201;154 711 986;A01;2;34;0;2;1;1;1;
202000017202;154 711 984;A01;1;33;0;0;7;1;1;
202000017203;154 711 982;A01;2;33;0;2;2;17;1;
202000017203;154 711 983;B01;2;10;0;2;3;15;1;
202000017204;154 711 981;A01;1;7;0;1;1;1;1;
202000017205;154 711 978;A01;1;7;0;2;1;26;1;
202000017205;154 711 979;B01;1;20;0;2;4;26;1;
202000017205;154 711 980;C01;1;7;0;2;4;1;2;
202000017206;154 711 977;A01;2;7;0;1;1;1;3;
202000017207;154 711 975;A01;3;50;0;2;1;5;3;
202000017207;154 711 976;B01;0;7;0;9;8;15;1;
202000017208;154 711 973;B01;0;34;0;0;4;2;1;
202000017208;154 711 974;A01;0;7;0;2;1;2;1;
202000017209;154 711 971;B01;1;99;0;2;3;1;1;
202000017209;154 711 972;A01;2;7;0;2;2;19;1;
202000017210;154 711 969;A01;-1;17;0;2;6;9;1;
202000017210;154 711 970;B01;-1;33;0;2;2;2;1;