num_acc;id_vehicule;num_veh;senc;catv;obs;obsm;choc;manv;motor;occutc
202000017211;154 711 968;A01;2;7;0;1;8;13;1;
202000017212;154 711 966;B01;1;7;0;2;1;1;0;
202000017212;154 711 967;A01;3;3;0;2;1;15;0;
202000017213;154 711 965;A01;-1;10;0;1;1;15;1;
202000017214;154 711 964;A01;3;7;0;1;3;1;1;
202000017215;154 711 962;B01;0;1;0;2;0;0;0;
202000017215;154 711 963;A01;0;7;0;2;1;13;1;
202000017216;154 711 960;A01;0;7;0;2;4;16;1;
202000017216;154 711 961;B01;0;1;0;2;1;1;0;
202000017217;154 711 958;B01;3;33;0;2;1;17;1;
202000017217;154 711 959;A01;3;7;0;2;3;15;1;
202000017218;154 711 957;A01;1;7;6;0;1;9;0;
202000017219;154 711 956;X01;3;34;0;1;7;5;0;
202000017220;154 711 954;B01;2;2;0;2;1;1;1;
202000017220;154 711 955;A01;1;7;0;2;2;10;1;
202000017221;154 711 952;B01;2;50;0;2;1;1;3;
202000017221;154 711 953;A01;1;7;0;9;8;15;1;
202000017222;154 711 950;A01;1;1;0;2;1;25;5;
202000017222;154 711 951;B01;1;14;0;2;5;16;1;
202000017223;154 711 948;B01;2;34;0;2;8;9;0;
202000017223;154 711 949;A01;1;7;0;2;2;9;1;
202000017224;154 711 946;B01;1;33;0;2;4;1;1;
202000017224;154 711 947;A01;1;7;0;2;4;15;1;
202000017225;154 711 945;A01;1;7;0;1;1;15;1;
202000017226;154 711 943;A01;1;7;0;2;2;19;1;
202000017226;154 711 944;B01;1;32;0;2;3;0;1;
202000017227;154 711 941;A01;2;7;0;2;3;15;1;
202000017227;154 711 942;B01;1;33;0;2;0;0;1;
202000017228;154 711 940;A01;3;33;3;0;7;1;1;
202000017229;154 711 939;A01;1;31;8;0;7;1;1;
202000017230;154 711 938;A01;3;2;11;0;3;1;1;
202000017231;154 711 937;A01;1;7;8;0;2;1;1;
202000017232;154 711 935;A01;1;7;0;2;1;2;1;
202000017232;154 711 936;B01;1;31;0;0;4;2;1;
202000017233;154 711 933;B01;1;33;0;2;1;1;1;
202000017233;154 711 934;A01;1;7;0;2;3;9;1;
202000017234;154 711 928;A01;1;7;7;0;1;26;1;
202000017235;154 711 927;A01;3;34;0;0;8;1;1;
202000017236;154 711 925;A01;2;7;0;2;3;15;1;
202000017236;154 711 926;B01;1;1;0;2;8;1;5;
202000017237;154 711 924;A01;3;33;6;0;8;1;1;
202000017238;154 711 923;A01;3;7;13;0;2;1;1;
202000017239;154 711 921;B01;1;33;0;2;2;16;0;
202000017239;154 711 922;A01;1;7;0;2;3;16;0;
202000017240;154 711 919;A01;3;7;0;2;2;17;1;
202000017240;154 711 920;B01;3;7;0;2;6;1;1;
202000017241;154 711 917;A01;1;7;0;2;3;13;1;
202000017241;154 711 918;B01;1;10;0;2;2;17;1;
202000017242;154 711 915;B01;0;2;0;2;1;1;1;
202000017242;154 711 916;A01;3;7;0;2;7;15;1;
202000017243;154 711 912;A01;1;7;13;0;1;13;1;
202000017244;154 711 911;A01;1;7;0;1;3;1;1;
202000017245;154 711 910;A01;3;7;6;0;2;0;0;
202000017246;154 711 908;A01;3;7;0;2;1;15;1;
202000017246;154 711 909;B01;3;2;0;2;1;1;1;
202000017247;154 711 906;A01;3;7;0;2;1;1;1;
202000017247;154 711 907;B01;3;7;15;0;5;1;1;
202000017248;154 711 904;B01;1;33;0;2;1;1;1;
202000017248;154 711 905;A01;2;10;0;2;3;15;1;
202000017249;154 711 903;A01;1;33;0;0;8;0;1;
202000017250;154 711 901;A01;1;21;0;2;3;15;1;
202000017250;154 711 902;B01;1;10;0;2;2;17;1;
202000017251;154 711 898;C01;0;33;0;2;1;1;0;
202000017251;154 711 899;B01;0;7;0;0;4;1;0;
202000017251;154 711 900;A01;0;7;0;0;0;15;0;
202000017252;154 711 896;B01;3;21;0;2;3;16;1;
202000017252;154 711 897;A01;3;33;0;2;1;1;1;
202000017253;154 711 895;A01;2;7;0;1;1;1;1;
202000017254;154 711 894;A01;2;33;0;0;9;1;1;
202000017255;154 711 893;A01;2;33;0;0;0;13;1;
202000017256;154 711 891;A01;3;10;0;2;1;16;1;
202000017256;154 711 892;B01;3;7;0;2;2;1;1;
202000017257;154 711 888;A01;1;10;0;2;3;13;1;
202000017257;154 711 889;B01;2;7;0;2;1;1;1;
202000017257;154 711 890;C01;1;10;0;2;3;1;1;
202000017258;154 711 887;A01;1;7;13;0;1;1;1;
202000017259;154 711 886;A01;1;7;16;0;9;14;1;
202000017260;154 711 885;A01;1;7;3;0;1;1;1;
202000017261;154 711 883;A01;1;2;0;2;8;5;1;
202000017261;154 711 884;B01;2;7;0;2;3;1;1;
202000017262;154 711 879;A01;1;7;0;2;3;13;0;
202000017262;154 711 880;B01;2;7;0;2;3;1;0;
202000017262;154 711 881;C01;2;7;0;2;3;1;0;
202000017262;154 711 882;D01;2;7;0;2;1;1;0;
202000017263;154 711 877;B01;1;7;0;2;1;1;6;
202000017263;154 711 878;A01;2;7;0;2;5;13;6;
202000017264;154 711 875;B01;2;1;0;2;3;13;5;
202000017264;154 711 876;A01;1;33;0;2;1;21;1;
202000017265;154 711 874;A01;3;7;0;1;2;9;1;
202000017266;154 711 872;B01;2;7;0;2;6;1;1;
202000017266;154 711 873;A01;2;7;0;2;2;21;1;
202000017267;154 711 870;A01;3;7;0;2;2;1;0;
202000017267;154 711 871;B01;2;33;0;2;1;1;0;
202000017268;154 711 869;A01;1;7;14;0;2;1;1;
202000017269;154 711 867;B01;1;7;0;2;1;1;1;
202000017269;154 711 868;A01;2;7;0;2;7;13;1;
202000017270;154 711 866;A01;1;7;3;0;1;6;1;
202000017271;154 711 865;A01;2;7;0;1;2;1;1;
202000017272;154 711 864;A01;1;7;0;0;1;1;1;
202000017273;154 711 862;A01;2;33;0;2;9;17;1;
202000017273;154 711 863;B01;1;7;0;2;3;1;1;
202000017274;154 711 859;A01;2;7;6;0;1;1;1;
202000017275;154 711 857;A01;1;7;0;2;3;1;1;
202000017275;154 711 858;B01;3;1;0;2;8;15;5;
202000017276;154 711 856;A01;1;2;7;0;1;1;1;
202000017277;154 711 854;A01;3;7;0;2;2;15;1;
202000017277;154 711 855;B01;1;2;0;2;1;1;1;
202000017278;154 711 853;A01;1;7;0;1;2;1;2;
202000017279;154 711 851;A01;1;7;0;2;3;9;1;
202000017279;154 711 852;B01;1;1;0;2;7;1;5;
202000017280;154 711 849;A01;1;7;3;0;3;13;1;
202000017281;154 711 847;B01;3;1;0;2;2;0;5;
202000017281;154 711 848;A01;3;7;0;9;2;1;1;
202000017282;154 711 846;A01;2;32;13;0;7;16;1;
202000017283;154 711 845;A01;3;33;12;0;2;1;1;
202000017284;154 711 843;B01;2;33;0;9;1;2;1;
202000017284;154 711 844;A01;2;7;0;0;-1;1;1;
202000017285;154 711 841;A01;1;10;0;2;2;1;0;
202000017285;154 711 842;B01;3;10;0;2;3;1;0;
202000017286;154 711 840;A01;3;33;3;0;2;1;1;
202000017287;154 711 839;A01;2;33;0;0;0;1;1;
202000017288;154 711 836;A01;2;7;0;2;1;21;1;
202000017288;154 711 837;B01;1;1;0;2;1;1;5;
202000017288;154 711 838;C01;1;1;0;2;1;1;5;
202000017289;154 711 834;B01;2;7;0;2;1;1;1;
202000017289;154 711 835;A01;1;7;0;2;1;13;1;
202000017290;154 711 833;A01;1;7;0;1;3;1;1;
202000017291;154 711 831;A01;2;7;0;2;1;19;1;
202000017291;154 711 832;B01;2;7;0;2;8;1;1;
202000017292;154 711 827;A01;1;7;0;2;4;1;1;
202000017292;154 711 828;B01;1;7;0;2;4;2;1;
202000017292;154 711 829;C01;1;7;0;2;1;2;1;
202000017293;154 711 824;C01;2;7;0;2;1;2;1;
202000017293;154 711 825;B01;2;7;0;2;4;2;1;
202000017293;154 711 826;A01;2;7;0;2;4;1;1;
202000017294;154 711 821;A01;2;7;0;2;1;1;1;
202000017294;154 711 822;C01;2;7;0;2;4;1;1;
202000017294;154 711 823;B01;2;7;0;2;4;1;1;
202000017295;154 711 820;A01;2;7;0;0;1;26;1;
202000017296;154 711 816;C01;2;7;0;2;1;2;1;
202000017296;154 711 817;A01;2;7;0;0;4;1;1;
202000017296;154 711 818;D01;2;7;0;2;1;2;1;
202000017296;154 711 819;B01;2;7;0;2;1;2;0;
202000017297;154 711 812;B01;2;7;4;0;1;2;0;
202000017297;154 711 813;A01;2;15;0;0;0;2;1;
202000017297;154 711 814;C01;2;7;4;0;1;2;1;
202000017297;154 711 815;D01;2;7;4;0;6;2;1;
202000017298;154 711 808;A01;2;7;0;2;1;1;1;
202000017298;154 711 809;B01;2;7;0;2;0;2;1;
202000017298;154 711 810;C01;2;7;0;2;0;2;1;
202000017298;154 711 811;D01;2;7;0;2;0;2;1;
202000017299;154 711 806;B01;2;7;0;2;5;1;1;
202000017299;154 711 807;A01;2;7;0;2;1;2;1;
202000017300;154 711 805;A01;2;14;3;0;1;13;1;
202000017301;154 711 804;A01;1;33;0;0;9;2;1;
202000017302;154 711 802;A01;3;7;0;2;8;9;1;
202000017302;154 711 803;B01;3;33;0;2;7;2;1;
202000017303;154 711 800;B01;2;7;0;0;4;2;1;
202000017303;154 711 801;A01;2;7;0;2;1;1;1;
202000017304;154 711 798;A01;1;15;0;2;2;1;1;
202000017304;154 711 799;B01;1;7;0;2;6;11;1;
202000017305;154 711 796;B01;2;7;0;2;5;1;1;
202000017305;154 711 797;A01;2;33;0;2;1;3;1;
202000017306;154 711 794;B01;2;7;1;0;4;1;1;
202000017306;154 711 795;A01;2;7;1;0;1;1;1;
202000017307;154 711 793;A01;2;7;0;0;9;21;1;
202000017308;154 711 792;A01;1;33;14;0;9;3;1;
202000017309;154 711 790;B01;2;31;0;2;8;3;1;
202000017309;154 711 791;A01;2;7;0;2;5;12;1;
202000017310;154 711 788;B01;1;7;0;2;6;9;4;
202000017310;154 711 789;A01;1;33;0;2;1;1;1;
202000017311;154 711 787;A01;1;33;0;9;1;21;1;
202000017312;154 711 785;A01;1;7;0;1;0;1;1;
202000017313;154 711 782;A01;2;7;0;2;1;1;1;
202000017313;154 711 783;B01;2;10;0;2;4;23;1;
202000017313;154 711 784;C01;2;7;0;2;4;23;1;
202000017314;154 711 779;C01;1;7;0;2;4;2;1;
202000017314;154 711 780;B01;1;7;0;2;4;2;1;
202000017314;154 711 781;A01;1;7;0;2;1;2;1;
202000017315;154 711 777;B01;1;7;0;2;1;9;1;
202000017315;154 711 778;A01;1;2;0;2;7;9;1;
202000017316;154 711 776;A01;2;7;0;1;5;16;1;
202000017317;154 711 774;A01;0;7;0;9;7;14;0;
202000017317;154 711 775;B01;0;50;0;2;8;1;3;
202000017318;154 711 773;A01;1;36;6;0;1;1;1;
202000017319;154 711 771;A01;2;7;16;2;2;2;1;
202000017319;154 711 772;B01;2;10;16;2;6;2;1;
202000017320;154 711 770;A01;1;7;6;0;3;5;0;
202000017321;154 711 768;B01;1;7;0;2;2;1;1;
202000017321;154 711 769;A01;2;7;13;2;9;1;1;
202000017322;154 711 767;A01;0;7;17;0;3;0;1;
202000017323;154 711 765;A01;1;7;0;2;2;2;1;
202000017323;154 711 766;B01;1;80;0;2;2;2;3;
202000017324;154 711 763;A01;1;10;2;0;7;26;1;
202000017325;154 711 760;A01;2;7;0;2;1;2;1;
202000017325;154 711 761;C01;2;7;0;2;4;23;1;
202000017325;154 711 762;B01;2;7;0;2;4;23;1;
202000017326;154 711 758;A01;0;7;0;2;2;10;1;
202000017326;154 711 759;B01;1;33;0;2;1;1;1;
202000017327;154 711 757;A01;2;7;2;0;2;1;1;
202000017328;154 711 755;B01;2;7;0;2;1;26;1;
202000017328;154 711 756;A01;1;7;0;2;8;6;0;
202000017329;154 711 753;A01;1;7;0;2;2;1;1;
202000017329;154 711 754;B01;2;7;0;2;3;16;1;
202000017330;154 711 752;A01;2;7;8;0;2;1;1;
202000017331;154 711 750;A01;1;7;0;2;1;1;1;
202000017331;154 711 751;B01;1;7;0;0;4;1;1;
202000017332;154 711 748;A01;2;7;0;2;4;2;1;
202000017332;154 711 749;B01;2;7;0;2;1;1;1;
202000017333;154 711 745;A01;2;7;4;2;2;14;1;
202000017333;154 711 746;B01;2;7;0;2;1;1;1;
202000017333;154 711 747;C01;2;7;0;2;7;1;1;
202000017334;154 711 742;C01;2;7;0;2;4;2;1;
202000017334;154 711 743;B01;2;7;0;2;4;2;1;
202000017334;154 711 744;A01;2;7;0;2;1;2;1;
202000017335;154 711 740;C01;2;7;0;2;4;1;1;
202000017335;154 711 741;B01;2;7;0;2;4;2;1;
202000017336;154 711 739;A01;1;7;4;0;1;13;0;
202000017337;154 711 738;A01;1;7;0;0;9;13;1;
202000017338;154 711 736;B01;1;7;0;2;2;1;1;
202000017338;154 711 737;A01;1;7;0;2;7;9;1;
202000017339;154 711 734;B01;1;7;0;2;1;2;1;
202000017339;154 711 735;A01;1;7;0;2;1;2;1;
202000017340;154 711 733;A01;1;33;15;0;1;14;1;
202000017341;154 711 731;B01;1;7;0;2;7;1;1;
202000017341;154 711 732;A01;2;7;0;2;1;15;1;
202000017342;154 711 730;A01;1;7;6;0;1;14;1;
202000017343;154 711 728;A01;2;7;0;2;5;9;1;
202000017343;154 711 729;B01;1;31;0;2;1;1;1;
202000017344;154 711 726;B01;1;7;0;2;6;13;1;
202000017344;154 711 727;A01;1;7;0;2;3;1;1;
202000017345;154 711 724;B01;0;7;14;0;0;0;0;
202000017345;154 711 725;A01;0;31;0;2;7;17;0;
202000017346;154 711 723;A01;1;7;0;1;4;20;1;
202000017347;154 711 721;A01;1;34;0;2;1;19;1;
202000017347;154 711 722;B01;1;7;0;2;7;19;1;
202000017348;154 711 720;A01;1;33;4;0;7;17;1;
202000017349;154 711 717;B01;1;7;0;2;7;1;1;
202000017349;154 711 718;A01;2;7;0;2;2;9;1;
202000017350;154 711 716;A01;3;7;8;0;1;26;1;
202000017351;154 711 715;A01;1;7;0;1;1;1;0;
202000017352;154 711 714;A01;3;7;0;1;2;1;1;
202000017353;154 711 713;A01;2;7;0;1;1;1;1;
202000017354;154 711 711;B01;2;7;0;2;3;15;1;
202000017354;154 711 712;A01;1;7;0;2;2;17;1;
202000017355;154 711 710;A01;1;7;13;0;9;1;1;
202000017356;154 711 708;B01;2;7;0;2;0;1;1;
202000017356;154 711 709;A01;1;10;0;2;0;26;1;
202000017357;154 711 706;B01;2;7;0;2;7;1;1;
202000017357;154 711 707;A01;2;7;0;2;3;15;1;
202000017358;154 711 704;B01;1;7;0;2;3;1;1;
202000017358;154 711 705;A01;1;7;0;2;1;1;1;
202000017359;154 711 702;A01;2;7;0;2;1;19;1;
202000017359;154 711 703;B01;3;7;0;2;3;19;1;
202000017360;154 711 699;A01;2;99;0;1;3;19;3;
202000017361;154 711 695;A01;1;7;0;2;3;19;1;
202000017361;154 711 696;B01;3;1;0;2;2;1;5;
202000017362;154 711 693;A01;2;10;0;2;2;9;1;
202000017362;154 711 694;B01;1;33;0;0;1;15;1;
202000017363;154 711 691;A01;3;7;12;0;1;13;1;
202000017363;154 711 692;B01;3;7;14;0;1;26;1;
202000017364;154 711 688;B01;1;10;0;2;7;1;0;
202000017364;154 711 689;A01;1;10;1;2;9;1;0;
202000017364;154 711 690;C01;1;10;0;2;8;1;0;
202000017365;154 711 686;B01;2;33;1;2;2;1;1;
202000017365;154 711 687;A01;1;7;0;2;2;9;1;
202000017366;154 711 684;A01;1;1;0;2;3;13;5;
202000017366;154 711 685;B01;2;80;0;2;2;14;3;
202000017367;154 711 682;B01;2;7;0;2;1;1;1;
202000017367;154 711 683;A01;1;7;0;2;1;1;1;
202000017368;154 711 680;B01;1;2;0;2;1;1;1;
202000017368;154 711 681;A01;1;7;0;2;6;9;1;
202000017369;154 711 678;A01;1;7;0;2;1;2;1;
202000017369;154 711 679;B01;2;1;0;2;4;1;5;
202000017370;154 711 675;B01;1;7;0;2;1;1;1;
202000017370;154 711 676;C01;1;7;0;2;3;23;1;
202000017370;154 711 677;A01;2;7;0;2;7;1;1;
202000017371;154 711 673;A01;1;7;0;2;0;20;0;
202000017371;154 711 674;B01;2;50;0;2;0;0;3;
202000017372;154 711 671;B01;3;32;0;2;1;1;1;
202000017372;154 711 672;A01;3;7;0;2;7;15;1;
202000017373;154 711 669;A01;3;7;0;2;1;15;1;
202000017373;154 711 670;B01;1;7;0;2;3;19;1;
202000017374;154 711 667;B01;1;33;0;2;8;26;1;
202000017374;154 711 668;A01;2;7;0;2;1;15;1;
202000017375;154 711 665;A01;1;7;0;9;1;15;1;
202000017375;154 711 666;B01;1;1;0;2;1;13;5;
202000017376;154 711 663;B01;1;30;0;2;5;1;1;
202000017376;154 711 664;A01;2;7;0;2;1;9;1;
202000017377;154 711 662;A01;1;7;2;0;0;0;1;
202000017378;154 711 660;A01;1;10;0;2;1;9;1;
202000017378;154 711 661;B01;1;7;0;2;5;0;1;
202000017379;154 711 658;A01;1;7;0;2;0;0;1;
202000017379;154 711 659;B01;1;7;0;2;0;0;1;
202000017380;154 711 657;A01;2;7;0;1;1;17;1;
202000017381;154 711 656;A01;1;33;0;0;8;16;1;
202000017382;154 711 655;A01;1;10;13;0;1;1;1;
202000017383;154 711 653;B01;2;15;0;2;5;1;1;
202000017383;154 711 654;A01;1;33;0;2;3;9;1;
202000017384;154 711 652;A01;2;7;8;0;1;1;1;
202000017385;154 711 651;A01;2;7;0;1;7;1;1;
202000017386;154 711 650;A01;2;7;0;1;2;1;1;
202000017387;154 711 648;B01;3;7;0;2;3;16;1;
202000017387;154 711 649;A01;0;30;0;2;1;1;1;
202000017388;154 711 646;B01;2;7;0;2;7;16;0;
202000017388;154 711 647;A01;1;7;0;2;3;26;1;
202000017389;154 711 645;A01;0;7;8;0;1;1;1;
202000017390;154 711 643;B01;2;7;0;2;7;15;1;
202000017390;154 711 644;A01;1;7;0;2;1;1;1;
202000017391;154 711 641;A01;1;7;0;2;0;0;0;
202000017391;154 711 642;B01;1;7;0;0;0;0;1;
202000017392;154 711 640;A01;3;7;0;1;2;1;1;
202000017393;154 711 638;B01;1;7;0;2;8;1;1;
202000017393;154 711 639;A01;1;7;0;2;4;20;1;
202000017394;154 711 636;A01;1;7;0;0;1;1;1;
202000017394;154 711 637;B01;1;7;0;2;4;23;0;
202000017395;154 711 634;A01;1;7;0;0;1;2;0;
202000017395;154 711 635;B01;1;33;0;0;4;2;0;
202000017396;154 711 633;A01;3;2;0;0;0;16;1;
202000017397;154 711 632;A01;3;7;0;0;1;1;1;
202000017398;154 711 630;A01;1;7;0;2;1;1;1;
202000017398;154 711 631;B01;2;15;0;2;1;1;1;
202000017399;154 711 627;A01;1;1;0;2;1;19;5;
202000017399;154 711 628;C01;2;7;0;2;1;1;1;
202000017399;154 711 629;B01;2;7;0;2;2;1;1;
202000017400;154 711 625;B01;3;2;0;2;1;11;1;
202000017400;154 711 626;A01;1;7;0;2;2;9;1;
202000017401;154 711 624;A01;2;7;0;1;1;26;1;
202000017402;154 711 622;A01;1;7;0;2;1;5;1;
202000017402;154 711 623;B01;1;7;0;2;1;1;1;
202000017403;154 711 620;B01;1;99;0;2;1;1;0;
202000017403;154 711 621;A01;1;99;0;2;2;5;0;
202000017404;154 711 619;A01;0;7;5;0;1;1;1;
202000017405;154 711 617;A01;1;2;0;2;1;1;1;
202000017405;154 711 618;B01;1;7;0;2;6;2;1;
202000017406;154 711 615;B01;1;32;0;2;1;23;1;
202000017406;154 711 616;A01;1;10;0;2;4;4;1;
202000017407;154 711 613;B01;2;32;0;2;8;1;1;
202000017407;154 711 614;A01;1;7;0;2;1;15;1;
202000017408;154 711 612;A01;2;7;8;0;1;1;1;
202000017409;154 711 610;B01;1;7;0;2;5;1;1;
202000017409;154 711 611;A01;2;33;0;2;1;18;1;
202000017410;154 711 608;A01;1;34;0;2;1;3;1;
202000017410;154 711 609;B01;1;7;0;2;5;1;1;
202000017411;154 711 606;Z01;1;7;0;2;0;1;1;
202000017411;154 711 607;A01;1;60;0;2;7;19;5;
202000017412;154 711 605;A01;1;50;0;1;1;1;3;
202000017413;154 711 604;A01;3;7;9;0;2;15;1;
202000017414;154 711 602;B01;1;7;0;2;8;15;1;
202000017414;154 711 603;A01;1;32;0;2;2;17;1;
202000017415;154 711 601;A01;1;1;0;0;0;1;5;
202000017416;154 711 600;Z01;1;10;0;1;1;1;0;
202000017417;154 711 599;A01;2;43;0;1;2;1;1;
202000017418;154 711 597;B01;2;80;0;2;1;15;3;
202000017418;154 711 598;A01;1;7;0;2;3;1;1;
202000017419;154 711 595;B01;1;7;0;2;3;16;2;
202000017419;154 711 596;A01;1;32;0;2;4;1;1;
202000017420;154 711 593;A01;1;7;0;2;1;15;1;
202000017420;154 711 594;B01;2;1;0;2;1;1;5;
202000017421;154 711 591;A01;1;7;0;2;2;1;1;
202000017421;154 711 592;B01;1;1;0;2;1;19;5;
202000017422;154 711 590;A01;1;10;0;1;5;16;1;
202000017423;154 711 588;B01;1;7;0;2;2;16;1;
202000017423;154 711 589;A01;1;37;0;2;3;7;1;2
202000017424;154 711 586;A01;2;30;0;2;3;1;1;
202000017424;154 711 587;B01;2;10;0;2;7;12;1;
202000017425;154 711 585;A01;0;10;0;1;4;20;1;
202000017426;154 711 582;B01;1;33;1;2;4;16;1;
202000017426;154 711 583;A01;1;7;14;2;1;1;1;
202000017426;154 711 584;C01;1;7;1;2;4;0;1;
202000017427;154 711 580;A01;1;7;0;2;1;1;1;
202000017427;154 711 581;B01;1;7;0;2;4;2;1;
202000017428;154 711 579;A01;1;7;0;1;0;1;0;
202000017429;154 711 578;A01;2;7;0;1;2;1;1;
202000017430;154 711 576;A01;1;7;0;9;7;22;1;
202000017430;154 711 577;B01;1;2;0;0;8;0;1;
202000017431;154 711 575;A01;0;30;0;1;1;14;1;
202000017432;154 711 573;B01;1;7;0;2;1;2;0;
202000017432;154 711 574;A01;1;15;0;2;4;2;1;
202000017433;154 711 571;A01;2;7;0;2;1;19;1;
202000017433;154 711 572;B01;1;7;0;2;1;2;1;
202000017434;154 711 570;A01;2;7;12;0;2;26;0;
202000017435;154 711 568;B01;0;1;0;2;8;26;5;
202000017435;154 711 569;A01;0;7;0;2;3;15;0;
202000017436;154 711 566;A01;1;7;0;2;2;20;1;
202000017436;154 711 567;B01;1;1;0;2;2;1;0;
202000017437;154 711 565;A01;2;7;0;1;1;1;1;
202000017438;154 711 563;B01;2;10;0;2;2;19;1;
202000017438;154 711 564;A01;1;7;0;2;3;19;1;
202000017439;154 711 562;A01;1;7;0;1;1;1;1;
202000017440;154 711 560;A01;2;33;0;1;1;17;1;
202000017440;154 711 561;B01;2;7;0;2;8;23;0;
202000017441;154 711 559;A01;2;34;0;1;7;25;1;
202000017442;154 711 557;A01;2;7;0;2;5;16;1;
202000017442;154 711 558;B01;2;1;0;2;1;2;5;
202000017443;154 711 555;A01;1;7;0;2;2;17;1;
202000017443;154 711 556;B01;2;7;0;2;3;1;1;
202000017444;154 711 553;A01;3;7;0;2;1;15;1;
202000017444;154 711 554;B01;2;33;0;0;7;1;1;
202000017445;154 711 551;A01;0;7;0;2;7;17;1;
202000017445;154 711 552;B01;0;2;0;2;8;1;1;
202000017446;154 711 549;B01;1;17;0;2;6;1;1;
202000017446;154 711 550;A01;1;7;3;2;2;17;1;
202000017447;154 711 548;A01;1;7;0;1;2;15;6;
202000017448;154 711 547;A01;1;7;13;0;3;13;1;
202000017449;154 711 546;A01;3;35;0;0;0;13;0;
202000017450;154 711 544;B01;1;7;0;2;2;0;1;
202000017450;154 711 545;A01;2;7;0;2;2;0;1;
202000017451;154 711 542;A01;1;7;0;2;6;1;1;
202000017451;154 711 543;B01;1;7;0;2;6;1;1;
202000017452;154 711 541;A01;1;7;0;1;1;1;1;
202000017453;154 711 538;A01;2;7;0;2;2;2;1;
202000017453;154 711 539;B01;2;1;0;2;4;2;5;
202000017453;154 711 540;C01;2;1;0;2;4;2;5;
202000017454;154 711 535;B01;2;7;0;2;2;1;1;
202000017454;154 711 536;C01;1;7;0;2;3;1;1;
202000017454;154 711 537;A01;2;10;0;0;6;15;1;
202000017455;154 711 533;B01;3;7;0;2;1;15;1;
202000017455;154 711 534;A01;2;7;8;2;2;1;1;
202000017456;154 711 531;B01;1;7;6;2;5;1;1;
202000017456;154 711 532;A01;2;7;0;2;2;19;1;
202000017457;154 711 530;A01;1;7;8;0;1;0;1;
202000017458;154 711 528;B01;1;2;0;2;1;2;1;
202000017458;154 711 529;A01;1;10;0;2;4;4;1;
202000017459;154 711 527;A01;2;7;2;0;0;1;1;
202000017460;154 711 526;A01;1;7;13;0;1;1;1;
202000017461;154 711 525;A01;1;33;13;0;1;17;1;
202000017462;154 711 521;B01;3;1;0;2;8;16;5;
202000017462;154 711 522;A01;3;7;0;2;1;1;1;
202000017463;154 711 520;A01;2;7;13;0;2;21;1;
202000017464;154 711 517;A01;2;7;0;2;1;15;1;
202000017464;154 711 518;B01;1;1;0;2;1;1;5;
202000017465;154 711 513;C01;2;1;0;2;1;1;5;
202000017465;154 711 514;B01;2;1;0;2;1;1;5;
202000017465;154 711 515;A01;1;7;0;2;1;13;1;
202000017466;154 711 511;A01;1;10;0;2;2;19;1;
202000017466;154 711 512;B01;1;33;0;2;7;1;1;
202000017467;154 711 509;B01;2;7;0;0;0;19;1;
202000017467;154 711 510;A01;1;30;0;9;1;0;1;
202000017468;154 711 507;B01;2;7;0;2;1;1;1;
202000017468;154 711 508;A01;1;7;0;2;1;17;1;
202000017469;154 711 506;A01;2;7;2;0;1;19;1;
202000017470;154 711 504;B01;2;7;0;2;3;1;1;
202000017470;154 711 505;A01;1;33;0;2;1;13;1;
202000017471;154 711 503;A01;2;7;13;0;1;14;1;
202000017472;154 711 501;B01;1;2;0;0;1;1;0;
202000017472;154 711 502;A01;2;7;0;0;3;1;0;
202000017473;154 711 500;A01;1;7;6;0;2;1;1;
202000017474;154 711 499;A01;1;10;2;0;8;2;1;
202000017475;154 711 494;A01;1;7;0;2;1;13;1;
202000017475;154 711 495;B01;2;7;0;2;1;1;1;
202000017475;154 711 496;C01;1;15;0;2;6;2;1;
202000017475;154 711 497;D01;2;31;1;0;1;2;1;
202000017475;154 711 498;E01;1;7;0;2;3;1;1;
202000017476;154 711 492;A01;1;7;0;2;2;15;1;
202000017476;154 711 493;B01;1;2;0;2;1;1;1;
202000017477;154 711 486;B01;2;17;0;0;6;1;6;
202000017477;154 711 487;A01;2;10;0;2;2;12;6;
202000017478;154 711 485;A01;3;2;0;0;9;1;1;
202000017479;154 711 483;B01;2;7;0;2;1;1;1;
202000017479;154 711 484;A01;1;7;0;2;1;17;1;
202000017480;154 711 482;A01;3;2;12;0;7;0;0;
202000017481;154 711 480;A01;0;7;0;2;3;15;6;
202000017481;154 711 481;B01;3;2;0;2;1;1;1;
202000017482;154 711 479;A01;2;7;2;0;6;1;1;
202000017483;154 711 478;A01;2;1;0;0;0;1;0;
202000017484;154 711 477;A01;2;7;0;0;9;26;1;
202000017485;154 711 476;A01;0;7;0;1;3;1;1;
202000017486;154 711 475;A01;1;7;0;1;1;1;1;
202000017487;154 711 474;A01;1;7;2;0;8;1;0;
202000017488;154 711 473;A01;2;7;16;0;9;1;1;
202000017489;154 711 472;A01;0;7;8;0;2;1;1;
202000017490;154 711 469;C01;3;33;0;2;1;1;1;
202000017490;154 711 470;B01;3;7;0;2;3;1;1;
202000017490;154 711 471;A01;3;7;0;2;3;21;1;
202000017491;154 711 467;B01;1;7;0;2;7;1;1;
202000017491;154 711 468;A01;1;7;0;2;3;11;1;
202000017492;154 711 465;B01;2;32;0;2;4;1;1;
202000017492;154 711 466;A01;2;10;0;2;1;2;1;
202000017493;154 711 463;B01;1;10;0;2;5;1;1;