num_acc;id_vehicule;num_veh;senc;catv;obs;obsm;choc;manv;motor;occutc
202000017493;154 711 464;A01;1;33;0;2;1;3;1;
202000017494;154 711 461;A01;2;7;0;2;1;1;1;
202000017494;154 711 462;B01;2;7;0;2;4;1;1;
202000017495;154 711 458;C01;2;7;0;2;4;2;1;
202000017495;154 711 459;A01;2;7;0;2;1;2;1;
202000017495;154 711 460;B01;2;10;0;2;4;2;1;
202000017496;154 711 456;A01;1;7;0;2;1;1;1;
202000017496;154 711 457;B01;1;7;0;2;4;2;1;
202000017497;154 711 453;C01;1;7;3;2;4;1;1;
202000017497;154 711 454;A01;1;10;0;2;1;2;1;
202000017497;154 711 455;B01;1;10;0;2;5;2;1;
202000017498;154 711 452;A01;2;7;4;0;2;14;1;
202000017499;154 711 450;B01;2;7;0;2;8;1;1;
202000017499;154 711 451;A01;2;17;0;2;2;14;1;
202000017500;154 711 447;C01;2;10;0;2;4;2;1;
202000017500;154 711 448;B01;2;7;0;2;4;2;1;
202000017500;154 711 449;A01;2;10;0;2;1;2;1;
202000017501;154 711 445;B01;1;7;4;2;6;1;1;
202000017501;154 711 446;A01;1;7;0;2;2;1;1;
202000017502;154 711 442;C01;2;7;0;2;4;1;1;
202000017502;154 711 443;B01;2;7;0;2;4;1;1;
202000017502;154 711 444;A01;2;7;0;2;1;1;1;
202000017503;154 711 441;A01;1;7;0;1;1;1;1;
202000017504;154 711 440;A01;3;31;0;0;8;26;1;
202000017505;154 711 438;B01;1;40;0;9;2;1;3;
202000017505;154 711 439;A01;1;50;8;-1;7;19;3;
202000017506;154 711 437;A01;3;1;0;1;0;0;5;
202000017507;154 711 435;B01;1;7;0;2;4;23;1;
202000017507;154 711 436;A01;1;7;0;2;1;1;1;
202000017508;154 711 433;B01;1;7;0;2;1;1;1;
202000017508;154 711 434;A01;1;7;0;2;5;15;1;
202000017509;154 711 432;A01;1;17;6;1;1;1;1;
202000017510;154 711 431;A01;0;7;2;0;1;26;0;
202000017511;154 711 429;A01;3;31;0;2;8;16;1;
202000017511;154 711 430;B01;3;30;0;2;7;2;1;
202000017512;154 711 428;A01;1;7;4;0;1;1;1;
202000017513;154 711 426;B01;0;1;0;2;6;19;5;
202000017513;154 711 427;A01;1;7;0;2;4;16;1;
202000017514;154 711 424;B01;1;7;0;0;3;9;1;
202000017514;154 711 425;A01;1;34;0;2;2;21;1;
202000017515;154 711 422;A01;1;7;0;2;2;1;1;
202000017515;154 711 423;B01;3;60;0;2;8;1;5;
202000017516;154 711 421;A01;2;33;0;0;7;15;1;
202000017517;154 711 420;A01;2;7;1;0;1;13;1;
202000017518;154 711 419;A01;0;7;15;0;4;4;1;
202000017519;154 711 418;A01;2;7;6;0;1;26;1;
202000017520;154 711 417;Z01;1;7;0;1;0;0;0;
202000017521;154 711 415;B01;0;7;0;2;0;0;1;
202000017521;154 711 416;A01;0;7;0;2;0;16;0;
202000017522;154 711 412;C01;2;37;0;0;4;1;1;1
202000017522;154 711 413;B01;2;7;0;2;4;1;1;
202000017522;154 711 414;Z01;2;7;0;2;1;1;1;
202000017523;154 711 410;A01;2;7;0;2;2;1;0;
202000017523;154 711 411;B01;2;7;0;2;1;1;0;
202000017524;154 711 408;B01;1;7;0;2;1;9;1;
202000017524;154 711 409;A01;1;7;0;2;4;9;1;
202000017525;154 711 405;B01;1;7;0;2;2;15;1;
202000017525;154 711 406;A01;1;32;0;2;1;18;1;
202000017525;154 711 407;C01;1;7;0;2;4;0;1;
202000017526;154 711 403;A01;2;33;0;2;1;1;1;
202000017526;154 711 404;B01;2;10;0;2;4;1;1;
202000017527;154 711 401;A01;2;7;0;2;3;15;1;
202000017527;154 711 402;B01;1;7;0;2;3;1;1;
202000017528;154 711 400;A01;1;7;0;1;1;15;1;
202000017529;154 711 398;B01;2;7;0;2;4;2;1;
202000017529;154 711 399;A01;2;7;0;2;1;2;1;
202000017530;154 711 396;A01;1;7;0;2;2;1;1;
202000017530;154 711 397;B01;1;60;0;2;0;9;5;
202000017531;154 711 394;A01;1;7;0;2;1;2;1;
202000017531;154 711 395;B01;1;7;0;2;4;2;1;
202000017532;154 711 392;A01;1;7;0;2;2;1;1;
202000017532;154 711 393;B01;1;7;1;2;0;9;1;
202000017533;154 711 390;B01;1;7;0;2;0;15;1;
202000017533;154 711 391;A01;2;30;0;2;1;1;1;
202000017534;154 711 389;A01;1;1;12;0;1;14;5;
202000017535;154 711 387;A01;1;7;0;2;1;1;1;
202000017535;154 711 388;B01;1;10;0;2;4;23;1;
202000017536;154 711 385;A01;2;7;0;2;7;1;1;
202000017536;154 711 386;B01;2;32;0;2;1;1;1;
202000017537;154 711 384;A01;1;32;0;1;1;1;1;
202000017538;154 711 382;B01;2;30;0;2;7;17;1;
202000017538;154 711 383;A01;2;7;0;2;8;13;1;
202000017539;154 711 380;A01;1;7;0;2;2;1;1;
202000017539;154 711 381;B01;1;43;0;2;8;3;1;
202000017540;154 711 379;A01;1;1;14;0;1;13;5;
202000017541;154 711 377;A01;1;10;0;2;2;26;1;
202000017541;154 711 378;B01;1;34;0;2;1;1;1;
202000017542;154 711 376;A01;3;13;0;1;2;21;1;
202000017543;154 711 374;A01;1;7;0;2;1;1;0;
202000017543;154 711 375;B01;1;7;0;2;4;1;0;
202000017544;154 711 372;B01;2;10;0;2;2;1;1;
202000017544;154 711 373;A01;1;7;0;2;4;15;1;
202000017545;154 711 370;A01;-1;20;0;2;1;2;0;
202000017545;154 711 371;B01;-1;20;0;2;0;0;0;
202000017546;154 711 367;C01;1;7;1;0;3;0;1;
202000017546;154 711 368;B01;1;7;0;0;4;0;1;
202000017546;154 711 369;A01;1;7;0;2;1;13;1;
202000017547;154 711 365;A01;1;34;0;2;1;19;1;
202000017547;154 711 366;B01;1;7;0;9;3;15;1;
202000017548;154 711 364;B01;1;30;0;0;5;26;1;
202000017549;154 711 363;A01;3;50;0;1;4;25;3;
202000017550;154 711 361;A01;3;10;0;2;3;18;0;
202000017550;154 711 362;B01;3;34;0;0;0;0;0;
202000017551;154 711 360;A01;1;30;0;0;7;8;1;
202000017552;154 711 358;A01;2;7;0;2;3;20;1;
202000017552;154 711 359;B01;2;99;1;2;3;2;3;
202000017553;154 711 356;B01;2;7;0;0;6;1;1;
202000017553;154 711 357;A01;0;7;0;2;8;9;1;
202000017554;154 711 354;B01;1;99;0;0;6;23;6;
202000017554;154 711 355;A01;1;7;0;2;2;17;1;
202000017555;154 711 353;A01;1;7;0;1;6;4;1;
202000017556;154 711 351;A01;2;7;0;2;1;13;1;
202000017556;154 711 352;B01;1;7;0;2;1;1;1;
202000017557;154 711 349;A01;2;10;4;2;9;17;1;
202000017557;154 711 350;B01;2;17;0;2;8;1;1;
202000017558;154 711 347;B01;2;7;0;2;1;1;1;
202000017558;154 711 348;A01;1;7;13;2;2;13;1;
202000017559;154 711 345;B01;1;7;0;2;5;14;1;
202000017559;154 711 346;A01;1;7;0;2;3;1;1;
202000017560;154 711 343;A01;2;7;0;2;4;2;1;
202000017560;154 711 344;B01;2;2;0;2;1;2;1;
202000017561;154 711 342;A01;2;7;0;0;1;1;1;
202000017562;154 711 340;A01;1;7;0;2;1;2;1;
202000017562;154 711 341;B01;1;10;0;0;4;2;1;
202000017563;154 711 338;B01;1;32;0;0;4;1;1;
202000017563;154 711 339;A01;1;7;0;2;1;1;1;
202000017564;154 711 335;B01;1;10;0;2;1;1;1;
202000017564;154 711 336;C01;1;10;0;2;3;1;1;
202000017564;154 711 337;A01;2;15;3;2;1;0;1;
202000017565;154 711 334;A01;2;17;13;0;2;1;1;
202000017566;154 711 332;B01;2;7;0;0;4;2;1;
202000017566;154 711 333;A01;2;7;0;2;1;2;1;
202000017567;154 711 326;B01;2;33;0;2;1;1;1;
202000017567;154 711 327;A01;2;7;0;2;7;19;1;
202000017568;154 711 324;A01;2;7;0;2;8;9;1;
202000017568;154 711 325;B01;2;2;0;2;1;1;1;
202000017569;154 711 323;A01;3;2;13;0;1;14;1;
202000017570;154 711 321;B01;1;32;0;2;1;1;1;
202000017570;154 711 322;A01;2;7;0;2;3;15;1;
202000017571;154 711 319;A01;3;7;0;2;3;1;1;
202000017571;154 711 320;B01;3;2;0;2;3;1;1;
202000017572;154 711 317;B01;2;33;0;2;1;1;1;
202000017572;154 711 318;A01;1;10;0;2;6;15;1;
202000017573;154 711 316;A01;2;33;13;0;1;13;1;
202000017574;154 711 314;B01;1;7;0;2;1;1;1;
202000017574;154 711 315;A01;2;7;0;2;1;13;1;
202000017575;154 711 313;A01;3;2;1;0;1;1;0;
202000017576;154 711 312;A01;1;2;13;0;1;1;1;
202000017577;154 711 310;B01;0;1;0;2;1;1;5;
202000017577;154 711 311;A01;0;7;0;2;3;1;1;
202000017578;154 711 307;B01;2;7;0;2;3;23;1;
202000017578;154 711 308;C01;2;7;0;2;2;1;1;
202000017578;154 711 309;A01;1;7;0;2;7;15;1;
202000017579;154 711 305;B01;3;31;0;2;1;16;1;
202000017579;154 711 306;A01;3;7;0;2;3;15;1;
202000017580;154 711 303;B01;1;7;0;0;8;16;1;
202000017580;154 711 304;A01;1;7;0;2;1;1;1;
202000017581;154 711 302;A01;2;1;3;0;3;1;5;
202000017582;154 711 299;C01;1;7;0;2;1;13;1;
202000017582;154 711 300;B01;2;7;0;2;1;1;1;
202000017582;154 711 301;A01;2;7;0;2;8;1;1;
202000017583;154 711 295;A01;1;7;0;2;3;1;1;
202000017583;154 711 296;B01;2;7;0;2;3;1;1;
202000017584;154 711 293;A01;3;7;8;0;1;1;1;
202000017585;154 711 290;A01;1;7;1;0;3;15;1;
202000017585;154 711 291;B01;1;37;0;2;2;13;1;1
202000017585;154 711 292;C01;2;7;0;0;4;26;1;
202000017586;154 711 288;A01;0;7;0;2;1;13;1;
202000017586;154 711 289;B01;0;7;0;2;1;1;1;
202000017587;154 711 286;A01;0;7;0;2;3;13;1;
202000017587;154 711 287;B01;1;7;0;2;3;1;1;
202000017588;154 711 284;A01;2;7;0;2;2;5;1;
202000017588;154 711 285;B01;1;2;0;2;7;1;1;
202000017589;154 711 282;A01;3;2;0;2;3;13;1;
202000017589;154 711 283;B01;3;7;0;2;3;1;1;
202000017590;154 711 280;A01;1;30;0;2;1;15;1;
202000017590;154 711 281;B01;2;7;0;2;3;1;1;
202000017591;154 711 279;A01;2;7;8;0;2;14;1;
202000017592;154 711 277;B01;1;7;0;2;8;9;6;
202000017592;154 711 278;A01;2;7;0;2;1;1;6;
202000017593;154 711 276;A01;1;33;0;6;1;0;1;
202000017594;154 711 275;A01;1;7;0;0;9;1;1;
202000017595;154 711 271;D01;2;7;0;2;7;1;0;
202000017595;154 711 272;C01;2;7;0;2;3;2;0;
202000017595;154 711 273;B01;2;7;0;2;5;13;0;
202000017595;154 711 274;A01;2;7;0;0;0;1;0;
202000017596;154 711 270;A01;1;7;13;0;0;0;1;
202000017597;154 711 268;A01;3;7;0;2;7;15;1;
202000017597;154 711 269;B01;3;0;0;2;0;1;0;
202000017598;154 711 267;A01;1;7;2;0;5;1;1;
202000017599;154 711 264;A01;0;7;13;0;0;1;1;
202000017600;154 711 261;B01;2;15;0;2;8;1;1;
202000017600;154 711 263;A01;2;7;4;2;1;17;1;
202000017601;154 711 260;B01;1;1;0;2;4;2;5;
202000017601;154 711 262;A01;1;7;0;2;2;2;1;
202000017602;154 711 257;A01;2;7;0;2;7;3;0;
202000017602;154 711 258;B01;2;7;0;2;1;1;0;
202000017602;154 711 259;C01;2;13;0;2;2;1;0;
202000017603;154 711 255;A01;1;2;12;0;2;0;1;
202000017604;154 711 254;A01;1;7;3;2;1;13;2;
202000017604;154 711 256;B01;1;7;0;2;5;1;1;
202000017605;154 711 253;A01;1;33;12;0;2;1;1;
202000017606;154 711 251;A01;2;7;15;0;1;13;1;
202000017607;154 711 250;A01;1;7;0;2;1;1;1;
202000017607;154 711 252;B01;1;7;0;2;4;2;1;
202000017608;154 711 249;A01;3;7;0;1;2;16;1;
202000017609;154 711 247;A01;1;7;0;2;1;2;1;
202000017609;154 711 248;B01;1;1;0;2;4;2;5;
202000017610;154 711 245;A01;1;1;0;0;8;1;5;
202000017610;154 711 246;B01;1;7;0;2;7;2;1;
202000017611;154 711 244;A01;2;7;5;0;1;26;1;
202000017612;154 711 241;A01;1;10;4;0;1;13;1;
202000017613;154 711 240;A01;1;7;0;1;2;1;1;
202000017614;154 711 242;B01;2;10;0;2;1;1;1;
202000017614;154 711 243;A01;1;7;0;2;1;13;1;
202000017615;154 711 238;A01;1;7;0;2;1;15;1;
202000017615;154 711 239;B01;2;33;0;2;2;1;1;
202000017616;154 711 236;B01;2;31;0;2;1;17;1;
202000017616;154 711 237;A01;1;10;0;2;3;20;1;
202000017617;154 711 233;A01;1;7;0;2;3;9;0;
202000017617;154 711 235;B01;1;7;0;2;7;1;1;
202000017618;154 711 231;C01;2;7;0;9;7;10;1;
202000017618;154 711 232;B01;1;1;0;2;1;1;5;
202000017618;154 711 234;A01;1;1;0;2;1;1;5;
202000017619;154 711 229;B01;1;7;0;2;7;13;1;
202000017619;154 711 230;A01;2;7;3;2;2;13;1;
202000017620;154 711 227;A01;0;7;0;9;1;1;0;
202000017620;154 711 228;B01;0;1;0;2;2;5;0;
202000017621;154 711 226;A01;2;7;2;0;7;13;1;
202000017622;154 711 224;A01;2;7;0;2;1;1;0;
202000017622;154 711 225;B01;1;7;0;2;7;15;0;
202000017623;154 711 221;B01;0;7;0;2;8;15;0;
202000017623;154 711 223;A01;2;31;0;2;1;13;0;
202000017624;154 711 220;B01;1;99;0;2;1;1;3;
202000017624;154 711 222;A01;2;7;0;9;3;1;1;
202000017625;154 711 216;A01;1;7;0;2;0;0;1;
202000017625;154 711 218;C01;1;7;0;2;4;1;1;
202000017625;154 711 219;B01;1;7;0;2;4;1;1;
202000017626;154 711 215;A01;1;7;0;2;1;1;1;
202000017626;154 711 217;B01;1;7;0;2;4;1;1;
202000017627;154 711 213;B01;2;7;0;2;0;0;1;
202000017627;154 711 214;A01;2;7;0;2;1;2;1;
202000017628;154 711 211;A01;2;7;0;2;2;26;1;
202000017628;154 711 212;B01;2;30;0;2;4;0;1;
202000017629;154 711 209;A01;2;15;0;2;2;1;1;
202000017629;154 711 210;B01;2;7;4;2;6;1;1;
202000017630;154 711 207;B01;2;99;0;2;2;1;1;
202000017630;154 711 208;A01;2;1;0;2;2;19;5;
202000017631;154 711 204;A01;3;7;0;2;1;26;1;
202000017631;154 711 205;B01;3;1;0;2;6;26;5;
202000017632;154 711 206;A01;1;33;0;0;5;1;1;
202000017633;154 711 203;A01;1;30;9;0;1;1;1;
202000017634;154 711 202;A01;1;7;0;5;1;21;1;
202000017635;154 711 199;A01;3;7;0;9;3;1;1;
202000017635;154 711 201;B01;3;1;12;2;1;1;5;
202000017636;154 711 200;A01;1;7;3;0;2;14;1;
202000017637;154 711 195;A01;3;10;0;2;2;15;1;
202000017637;154 711 197;B01;3;33;0;2;1;1;1;
202000017638;154 711 196;A01;2;15;0;2;2;12;1;
202000017638;154 711 198;B01;2;7;0;2;6;1;1;
202000017639;154 711 193;A01;2;33;0;2;7;2;1;
202000017639;154 711 194;B01;2;7;0;2;6;2;1;
202000017640;154 711 192;A01;2;7;0;1;1;1;1;
202000017641;154 711 189;B01;1;33;0;2;4;2;1;
202000017641;154 711 191;A01;1;7;0;2;1;2;1;
202000017642;154 711 183;E01;1;7;0;2;4;26;1;
202000017642;154 711 185;D01;1;7;0;2;4;21;1;
202000017642;154 711 187;C01;1;7;0;2;4;26;1;
202000017642;154 711 188;A01;1;7;0;2;1;21;1;
202000017642;154 711 190;B01;1;7;0;2;4;21;1;
202000017643;154 711 184;A01;2;10;0;2;5;1;1;
202000017643;154 711 186;B01;2;1;0;2;5;1;5;
202000017644;154 711 180;A01;0;7;0;9;8;15;1;
202000017644;154 711 182;B01;1;31;0;2;1;1;1;
202000017645;154 711 179;A01;2;7;0;2;6;19;1;
202000017645;154 711 181;B01;2;33;1;2;1;1;1;
202000017646;154 711 177;A01;2;0;0;9;7;16;0;
202000017646;154 711 178;B01;2;2;0;2;1;1;1;
202000017647;154 711 176;A01;3;7;0;1;2;2;3;
202000017648;154 711 174;A01;1;34;0;9;0;26;1;
202000017648;154 711 175;B01;2;30;0;9;0;0;1;
202000017649;154 711 170;A01;2;7;0;2;2;12;1;
202000017649;154 711 171;B01;2;7;0;2;3;1;1;
202000017650;154 711 167;A01;1;1;0;2;1;1;5;
202000017650;154 711 169;B01;2;7;0;2;8;1;1;
202000017651;154 711 164;A01;1;1;0;1;1;5;5;
202000017652;154 711 165;Z01;1;7;0;2;1;1;1;
202000017652;154 711 166;B01;2;7;0;2;1;1;1;
202000017653;154 711 163;A01;1;7;0;0;9;14;1;
202000017654;154 711 161;A01;1;7;12;0;1;26;1;
202000017655;154 711 160;A01;1;30;0;2;8;1;1;
202000017655;154 711 162;B01;1;7;0;2;2;16;1;
202000017656;154 711 158;A01;2;7;0;2;1;15;1;
202000017656;154 711 159;B01;0;33;0;2;8;1;1;
202000017657;154 711 157;A01;1;10;0;1;0;1;1;
202000017658;154 711 154;A01;1;30;0;0;8;1;1;
202000017659;154 711 153;A01;1;7;0;2;1;17;1;
202000017659;154 711 155;B01;2;7;0;2;1;1;0;
202000017659;154 711 156;C01;2;7;0;2;3;1;1;
202000017660;154 711 150;A01;0;7;0;2;1;1;1;
202000017660;154 711 152;B01;0;7;0;2;8;1;1;
202000017661;154 711 149;A01;1;7;0;2;1;1;0;
202000017661;154 711 151;B01;1;7;0;0;0;0;0;
202000017662;154 711 147;A01;3;7;0;1;8;0;1;
202000017663;154 711 146;A01;1;7;0;2;1;26;1;
202000017663;154 711 148;B01;1;2;0;2;1;26;1;
202000017664;154 711 145;A01;1;7;0;1;1;1;1;
202000017665;154 711 144;A01;1;7;0;1;2;1;1;
202000017666;154 711 142;A01;0;7;0;1;0;0;1;
202000017667;154 711 141;B01;0;7;0;2;8;1;1;
202000017667;154 711 143;A01;0;7;0;2;3;1;1;
202000017668;154 711 138;A01;2;7;0;2;2;17;1;
202000017668;154 711 140;B01;2;80;0;2;8;1;3;
202000017669;154 711 137;B01;1;37;0;0;7;1;1;1
202000017669;154 711 139;A01;1;1;0;2;7;9;5;
202000017670;154 711 134;A01;1;7;0;2;4;2;1;
202000017670;154 711 135;B01;1;7;0;2;4;2;1;
202000017670;154 711 136;Z01;1;7;0;2;1;2;1;
202000017671;154 711 132;A01;1;7;0;2;1;1;1;
202000017671;154 711 133;B01;1;7;0;2;4;1;1;
202000017672;154 711 130;Z01;1;7;0;2;0;1;0;
202000017672;154 711 131;A01;0;34;0;2;8;1;1;
202000017673;154 711 128;B01;1;7;14;0;0;16;1;
202000017673;154 711 129;A01;1;7;15;0;0;15;1;
202000017674;154 711 126;A01;1;7;0;2;1;2;1;
202000017674;154 711 127;B01;1;10;0;2;4;2;1;
202000017675;154 711 123;A01;2;7;0;1;3;1;1;
202000017676;154 711 124;B01;1;7;0;0;0;1;1;
202000017676;154 711 125;A01;2;7;0;1;1;1;1;
202000017677;154 711 120;A01;1;7;0;2;3;1;1;
202000017677;154 711 122;B01;1;7;0;2;1;1;1;
202000017678;154 711 119;A01;1;7;0;2;3;9;1;
202000017678;154 711 121;B01;1;1;0;2;7;1;5;
202000017679;154 711 115;A01;1;7;0;2;1;2;0;
202000017679;154 711 117;B01;1;7;0;2;4;2;0;
202000017680;154 711 116;B01;1;33;0;2;4;2;1;
202000017680;154 711 118;A01;1;7;0;2;1;2;1;
202000017681;154 711 112;A01;0;99;0;2;3;19;1;
202000017681;154 711 114;B01;0;99;8;2;1;1;1;
202000017682;154 711 111;A01;3;7;0;1;1;15;1;
202000017683;154 711 109;A01;2;7;0;1;3;1;2;
202000017684;154 711 110;B01;0;3;0;2;7;0;1;
202000017684;154 711 113;A01;0;7;0;2;1;1;1;
202000017685;154 711 108;A01;1;3;0;1;2;1;1;
202000017686;154 711 106;A01;1;7;0;2;1;1;1;
202000017686;154 711 107;B01;1;7;0;2;0;23;1;
202000017687;154 711 104;B01;3;7;0;2;1;1;1;
202000017687;154 711 105;A01;3;7;0;1;1;1;1;
202000017688;154 711 101;A01;2;7;0;9;3;1;1;
202000017688;154 711 103;B01;1;1;0;2;1;19;5;
202000017689;154 711 100;A01;1;1;0;2;0;1;5;
202000017689;154 711 102;B01;1;7;0;2;0;0;1;
202000017690;154 711 098;A01;1;7;14;0;1;1;1;
202000017691;154 711 099;A01;2;34;12;0;1;14;1;
202000017692;154 711 097;A01;1;80;14;0;1;9;3;
202000017693;154 711 096;A01;3;32;0;0;8;26;1;
202000017694;154 711 093;B01;1;7;0;2;4;23;1;
202000017694;154 711 094;C01;1;7;0;2;4;23;1;
202000017694;154 711 095;A01;1;10;0;2;1;9;1;
202000017695;154 711 092;A01;2;32;0;0;8;17;1;
202000017696;154 711 090;B01;3;7;0;2;1;2;1;
202000017696;154 711 091;A01;3;7;0;2;8;13;1;
202000017697;154 711 087;A01;2;7;0;2;1;1;1;
202000017697;154 711 089;B01;2;35;0;2;4;1;1;
202000017698;154 711 086;B01;0;1;0;2;1;2;5;
202000017698;154 711 088;A01;0;99;0;2;3;22;1;
202000017699;154 711 084;B01;1;1;0;2;1;1;5;
202000017699;154 711 085;A01;2;7;0;2;1;15;1;
202000017700;154 711 079;B01;3;2;0;2;7;1;1;
202000017700;154 711 081;A01;3;7;0;2;6;19;1;
202000017701;154 711 080;B01;2;33;0;2;1;1;1;
202000017701;154 711 082;A01;1;7;0;2;1;15;1;
202000017702;154 711 077;A01;3;7;0;2;8;10;0;
202000017702;154 711 078;B01;3;31;0;0;0;0;0;
202000017703;154 711 074;B01;2;7;0;2;3;1;1;
202000017703;154 711 076;A01;1;10;0;2;3;13;1;
202000017704;154 711 073;A01;1;10;0;2;3;16;1;
202000017704;154 711 075;B01;1;1;0;2;2;1;5;
202000017705;154 711 072;A01;1;7;0;2;1;14;1;
202000017706;154 711 071;A01;0;40;0;1;1;1;3;
202000017707;154 711 069;B01;1;7;0;2;7;1;1;
202000017707;154 711 070;A01;1;30;0;2;8;1;1;
202000017708;154 711 066;B01;0;40;0;2;1;1;3;
202000017708;154 711 067;A01;0;1;0;4;1;1;5;
202000017709;154 711 068;A01;3;7;4;0;1;0;1;
202000017710;154 711 064;A01;1;1;0;2;8;11;5;
202000017710;154 711 065;B01;1;31;0;2;1;1;1;
202000017711;154 711 062;B01;1;7;0;2;3;21;1;
202000017711;154 711 063;A01;2;7;0;2;1;13;1;
202000017712;154 711 061;A01;0;7;1;0;1;1;1;
202000017713;154 711 059;A01;1;7;0;1;1;1;1;
202000017714;154 711 058;A01;1;7;0;2;2;16;1;
202000017714;154 711 060;B01;1;31;0;2;1;1;1;
202000017715;154 711 056;A01;2;7;13;0;9;0;1;
202000017715;154 711 057;B01;2;7;0;2;1;2;1;
202000017716;154 711 055;A01;1;7;0;0;9;1;1;
202000017717;154 711 053;B01;1;1;0;2;8;1;5;
202000017717;154 711 054;A01;1;7;0;2;2;16;1;
202000017718;154 711 052;A01;0;2;0;1;1;1;1;
202000017719;154 711 050;A01;2;32;11;0;1;1;1;
202000017720;154 711 049;B01;1;7;0;0;4;1;3;
202000017720;154 711 051;A01;1;31;0;2;1;1;1;
202000017721;154 711 046;B01;1;33;0;0;0;0;0;
202000017721;154 711 048;A01;2;7;0;2;8;17;1;
202000017722;154 711 045;A01;0;7;0;2;3;15;1;
202000017722;154 711 047;B01;0;7;0;2;1;1;1;
202000017723;154 711 042;B01;3;50;0;2;0;0;3;
202000017723;154 711 044;A01;3;7;0;2;1;9;1;
202000017724;154 711 041;B01;0;33;0;0;4;1;1;
202000017724;154 711 043;A01;0;7;0;2;1;2;1;
202000017725;154 711 038;B01;2;1;0;2;1;1;0;
202000017725;154 711 040;A01;1;7;0;9;3;15;1;
202000017726;154 711 033;B01;0;7;0;2;8;1;1;
202000017726;154 711 034;A01;0;7;0;2;0;1;1;
202000017727;154 711 030;Z01;0;7;0;2;0;0;0;
202000017727;154 711 031;A01;2;7;0;2;8;2;1;
202000017728;154 711 032;A01;3;10;0;2;8;9;6;
202000017728;154 711 035;B01;3;1;0;2;7;1;0;
202000017729;154 711 028;A01;1;33;3;0;1;0;1;
202000017730;154 711 027;A01;2;7;0;2;2;26;1;
202000017730;154 711 029;B01;2;7;0;2;6;26;1;
202000017731;154 711 026;A01;2;7;3;0;1;15;1;
202000017732;154 711 025;A01;3;37;0;1;3;19;1;1
202000017733;154 711 023;A01;1;7;8;0;1;2;1;
202000017734;154 711 022;A01;2;7;0;2;8;9;1;
202000017734;154 711 024;B01;1;30;0;2;0;1;0;
202000017735;154 711 020;B01;1;32;0;2;1;1;1;
202000017735;154 711 021;A01;1;7;0;2;3;10;1;
202000017736;154 711 018;Z01;1;3;0;1;5;1;0;
202000017737;154 711 017;B01;1;7;0;2;4;0;1;
202000017737;154 711 019;A01;1;7;0;2;1;26;1;
202000017738;154 711 015;B01;1;7;0;2;6;4;1;
202000017738;154 711 016;A01;1;31;0;2;1;2;1;
202000017739;154 711 014;A01;2;80;0;0;0;1;3;
202000017740;154 711 010;C01;2;7;0;2;4;1;0;
202000017740;154 711 012;B01;2;7;0;2;9;1;1;
202000017740;154 711 013;A01;2;10;0;2;1;1;1;
202000017741;154 711 009;B01;2;7;0;2;4;1;1;
202000017741;154 711 011;A01;1;31;0;2;1;26;1;
202000017742;154 711 007;A01;0;7;0;2;2;13;1;
202000017742;154 711 008;B01;1;7;0;2;2;1;1;
202000017743;154 711 004;A01;1;10;0;1;1;2;1;
202000017743;154 711 005;B01;1;7;0;2;1;2;1;
202000017744;154 711 001;B01;3;7;0;2;1;1;0;
202000017744;154 711 003;A01;3;7;0;2;1;13;0;
202000017745;154 711 000;B01;2;17;0;2;6;1;1;
202000017745;154 711 002;A01;2;33;0;2;1;2;1;
202000017746;154 710 998;B01;1;1;0;2;8;0;5;
202000017746;154 710 999;A01;1;7;0;2;7;16;1;
202000017747;154 710 992;B01;1;7;0;2;2;26;0;
202000017747;154 710 995;A01;1;7;16;2;6;15;1;
202000017748;154 710 991;D01;1;10;0;2;1;2;6;
202000017748;154 710 993;E01;1;7;0;2;4;9;1;
202000017748;154 710 994;A01;1;32;0;2;1;2;1;
202000017748;154 710 996;B01;1;10;0;2;1;2;1;
202000017748;154 710 997;C01;1;7;0;2;1;2;1;
202000017749;154 710 988;B01;1;32;0;2;8;3;1;
202000017749;154 710 990;A01;1;7;0;2;7;12;1;
202000017750;154 710 987;A01;3;7;0;0;0;0;0;
202000017750;154 710 989;B01;3;2;0;2;0;21;0;
202000017751;154 710 984;A01;1;7;0;2;3;15;1;
202000017751;154 710 985;B01;1;31;0;2;1;21;1;
202000017752;154 710 986;A01;1;7;4;0;3;1;1;
202000017753;154 710 982;A01;1;30;0;2;1;2;1;
202000017753;154 710 983;B01;2;7;0;2;0;15;1;
202000017754;154 710 981;A01;1;7;12;1;1;14;3;
202000017755;154 710 980;A01;1;1;0;1;0;21;5;
202000017756;154 710 979;A01;1;7;0;1;6;1;1;
202000017757;154 710 977;A01;1;7;0;2;2;10;1;
202000017757;154 710 978;B01;2;1;0;2;8;1;5;
202000017758;154 710 975;A01;3;7;0;2;1;12;1;
202000017758;154 710 976;B01;3;7;0;2;3;1;1;
202000017759;154 710 974;A01;2;7;0;1;3;1;1;
202000017760;154 710 972;A01;1;1;0;2;1;1;5;
202000017760;154 710 973;B01;1;1;0;2;6;1;5;
202000017761;154 710 970;A01;3;7;0;2;1;2;1;
202000017761;154 710 971;B01;3;7;0;2;3;1;1;
202000017762;154 710 969;A01;2;7;8;0;3;13;1;
202000017763;154 710 968;A01;1;10;0;1;1;1;1;
202000017764;154 710 965;B01;3;7;0;2;3;0;2;