num_acc;id_vehicule;num_veh;senc;catv;obs;obsm;choc;manv;motor;occutc
202000018050;154 710 471;B01;1;7;0;2;5;9;1;
202000018051;154 710 469;A01;1;7;0;1;1;1;1;
202000018052;154 710 468;A01;0;7;1;-1;2;1;1;
202000018053;154 710 467;A01;1;7;0;1;2;1;1;
202000018054;154 710 466;A01;0;7;0;1;1;1;1;
202000018055;154 710 464;A01;0;7;0;2;2;24;1;
202000018055;154 710 465;B01;0;1;0;2;1;25;5;
202000018056;154 710 461;C01;2;10;0;2;4;1;1;
202000018056;154 710 462;B01;2;7;0;2;5;1;1;
202000018056;154 710 463;A01;2;7;0;2;3;26;0;
202000018057;154 710 459;A01;0;31;0;2;1;17;1;
202000018057;154 710 460;B01;0;10;0;2;6;20;0;
202000018058;154 710 458;A01;3;7;6;0;1;9;1;
202000018059;154 710 457;A01;0;7;0;1;1;1;1;
202000018060;154 710 454;A01;2;10;0;2;1;2;1;
202000018060;154 710 455;B01;2;10;0;2;9;2;1;
202000018060;154 710 456;C01;2;10;0;2;4;2;1;
202000018061;154 710 452;A01;1;7;0;2;1;13;1;
202000018061;154 710 453;B01;2;7;0;2;3;1;1;
202000018062;154 710 451;A01;3;7;2;0;1;1;1;
202000018063;154 710 450;A01;1;7;0;1;1;1;3;
202000018064;154 710 449;A01;1;7;0;1;1;1;1;
202000018065;154 710 448;A01;3;7;0;1;2;1;1;
202000018066;154 710 447;A01;2;7;16;0;1;13;1;
202000018067;154 710 445;B01;1;7;0;2;7;1;1;
202000018067;154 710 446;A01;3;7;0;2;3;9;1;
202000018068;154 710 443;A01;3;7;0;2;3;10;1;
202000018068;154 710 444;B01;3;7;0;2;0;0;1;
202000018069;154 710 442;A01;2;7;0;1;1;1;0;
202000018070;154 710 441;A01;3;7;13;0;7;1;1;
202000018071;154 710 437;D01;3;7;0;2;1;1;1;
202000018071;154 710 438;B01;3;7;1;2;8;26;1;
202000018071;154 710 439;C01;3;10;1;2;6;26;1;
202000018071;154 710 440;A01;2;33;1;0;1;14;1;
202000018072;154 710 435;A01;3;7;0;2;3;15;0;
202000018072;154 710 436;B01;1;2;0;2;1;1;0;
202000018073;154 710 433;A01;3;7;0;2;8;9;1;
202000018073;154 710 434;B01;2;1;0;2;1;19;5;
202000018074;154 710 431;A01;1;10;0;2;1;15;1;
202000018074;154 710 432;B01;2;7;0;2;1;1;1;
202000018075;154 710 429;Z01;2;7;0;2;0;1;0;
202000018075;154 710 430;A01;2;31;0;2;8;11;1;
202000018076;154 710 427;B01;1;7;0;2;6;2;1;
202000018076;154 710 428;A01;1;10;0;2;2;2;1;
202000018077;154 710 425;A01;2;32;0;2;3;3;1;
202000018077;154 710 426;B01;2;7;0;2;5;1;1;
202000018078;154 710 423;B01;3;50;0;2;7;19;3;
202000018078;154 710 424;A01;3;7;0;2;1;1;1;
202000018079;154 710 421;B01;2;33;0;2;7;1;1;
202000018079;154 710 422;A01;1;7;0;2;3;15;1;
202000018080;154 710 420;A01;3;30;0;0;0;1;1;
202000018081;154 710 419;A01;1;80;0;0;0;16;3;
202000018082;154 710 418;A01;1;30;12;0;0;14;1;
202000018083;154 710 416;B01;1;7;0;2;2;1;1;
202000018083;154 710 417;A01;2;1;0;2;1;1;5;
202000018084;154 710 415;A01;1;7;0;1;1;16;1;
202000018085;154 710 413;B01;1;7;0;2;3;9;1;
202000018085;154 710 414;A01;2;34;0;2;1;17;1;
202000018086;154 710 411;B01;1;34;0;2;1;1;1;
202000018086;154 710 412;A01;1;7;0;2;1;15;1;
202000018087;154 710 408;C01;2;7;0;2;4;23;1;
202000018087;154 710 409;B01;2;7;0;2;4;23;1;
202000018087;154 710 410;A01;2;7;0;2;1;1;1;
202000018088;154 710 406;B01;1;1;0;2;7;2;5;
202000018088;154 710 407;A01;2;7;0;9;1;16;1;
202000018089;154 710 404;B01;1;7;0;2;7;1;1;
202000018089;154 710 405;A01;1;7;0;2;1;1;1;
202000018090;154 710 402;A01;2;7;0;2;3;1;5;
202000018090;154 710 403;B01;2;7;0;0;5;15;5;
202000018091;154 710 397;A01;1;7;0;2;4;1;1;
202000018091;154 710 398;B01;1;7;0;2;1;1;1;
202000018092;154 710 396;A01;3;7;6;0;1;2;1;
202000018093;154 710 394;A01;2;2;0;0;1;26;1;
202000018093;154 710 395;B01;1;7;0;2;8;9;1;
202000018094;154 710 392;A01;1;7;0;2;7;15;1;
202000018094;154 710 393;B01;2;31;0;2;1;1;1;
202000018095;154 710 391;A01;3;10;0;1;6;20;1;
202000018096;154 710 390;A01;1;7;0;1;1;16;1;
202000018097;154 710 388;A01;2;10;1;0;0;22;1;
202000018097;154 710 389;B01;2;1;1;2;8;21;5;
202000018098;154 710 386;A01;2;7;0;0;3;17;1;
202000018098;154 710 387;B01;1;10;0;0;3;1;1;
202000018099;154 710 385;A01;2;14;0;1;2;16;1;
202000018100;154 710 383;A01;1;7;0;2;2;15;0;
202000018100;154 710 384;B01;2;33;0;2;1;1;1;
202000018101;154 710 381;A01;1;7;0;2;3;1;1;
202000018101;154 710 382;B01;2;1;0;2;1;1;5;
202000018102;154 710 379;A01;1;2;0;0;9;2;1;
202000018102;154 710 380;B01;1;7;0;2;0;17;0;
202000018103;154 710 378;A01;2;7;16;0;9;1;1;
202000018104;154 710 376;B01;1;7;0;2;3;1;1;
202000018104;154 710 377;A01;2;80;0;2;8;13;3;
202000018105;154 710 375;A01;2;7;2;0;2;14;1;
202000018106;154 710 372;C01;2;7;0;2;3;1;1;
202000018106;154 710 373;B01;1;17;0;2;3;1;1;
202000018106;154 710 374;A01;1;7;0;2;1;1;2;
202000018107;154 710 370;A01;3;7;0;2;2;13;1;
202000018107;154 710 371;B01;3;30;0;2;1;13;1;
202000018108;154 710 369;A01;3;7;8;0;2;1;1;
202000018109;154 710 368;A01;1;7;0;1;3;1;1;
202000018110;154 710 367;A01;3;7;0;1;4;4;0;
202000018111;154 710 366;A01;1;7;0;0;0;1;1;
202000018112;154 710 364;B01;1;15;0;2;3;1;1;
202000018112;154 710 365;A01;1;7;0;2;7;19;1;
202000018113;154 710 362;B01;2;7;0;2;8;15;1;
202000018113;154 710 363;A01;2;33;0;2;2;17;1;
202000018114;154 710 361;A01;3;7;0;1;3;1;1;
202000018115;154 710 359;B01;1;7;0;0;8;19;1;
202000018115;154 710 360;A01;1;15;0;2;1;1;1;
202000018116;154 710 358;A01;2;7;0;1;3;1;1;
202000018117;154 710 357;A01;2;32;0;0;1;1;0;
202000018118;154 710 355;B01;0;7;0;2;1;17;1;
202000018118;154 710 356;A01;3;7;0;2;1;1;1;
202000018119;154 710 353;A01;1;33;0;0;0;1;0;
202000018120;154 710 351;A01;1;7;0;2;1;1;0;
202000018120;154 710 352;B01;2;7;0;2;2;15;0;
202000018121;154 710 350;A01;3;7;2;0;1;1;1;
202000018122;154 710 348;A01;3;33;0;2;7;1;1;
202000018122;154 710 349;B01;3;7;0;2;7;19;1;
202000018123;154 710 347;A01;3;7;0;1;2;1;1;
202000018124;154 710 345;A01;2;7;0;2;4;1;1;
202000018124;154 710 346;B01;2;10;0;2;1;2;1;
202000018125;154 710 341;A01;1;7;0;2;6;18;0;
202000018125;154 710 342;D01;1;7;4;2;7;2;3;
202000018125;154 710 343;C01;1;10;0;2;7;2;0;
202000018125;154 710 344;B01;1;14;0;2;2;12;0;
202000018126;154 710 339;B01;2;10;0;2;4;2;1;
202000018126;154 710 340;A01;2;10;0;2;1;1;1;
202000018127;154 710 338;A01;1;7;3;0;1;14;1;
202000018128;154 710 337;A01;1;33;0;0;7;1;1;
202000018129;154 710 336;A01;1;7;4;0;1;1;1;
202000018130;154 710 335;A01;1;1;0;1;1;1;5;
202000018131;154 710 334;Z01;1;33;0;1;7;1;6;
202000018132;154 710 333;A01;3;3;0;1;8;26;6;
202000018133;154 710 330;B01;3;7;12;2;8;1;1;
202000018133;154 710 331;A01;3;7;0;2;1;17;1;
202000018133;154 710 332;C01;3;7;0;2;1;1;1;
202000018134;154 710 328;B01;1;7;0;2;1;2;1;
202000018134;154 710 329;A01;1;7;0;2;4;0;1;
202000018135;154 710 326;A01;1;7;0;2;1;10;0;
202000018135;154 710 327;B01;2;33;0;2;8;1;1;
202000018136;154 710 325;A01;1;7;7;0;2;26;1;
202000018137;154 710 322;A01;2;7;2;0;2;13;1;
202000018138;154 710 321;A01;3;7;0;1;1;1;1;
202000018139;154 710 320;A01;0;99;0;1;3;19;1;
202000018140;154 710 317;A01;1;10;0;2;1;1;1;
202000018140;154 710 318;B01;1;10;0;2;4;23;1;
202000018140;154 710 319;C01;1;10;0;2;4;23;1;
202000018141;154 710 315;A01;1;7;0;2;2;9;1;
202000018141;154 710 316;B01;2;7;0;2;1;1;1;
202000018142;154 710 313;B01;2;7;0;2;1;9;1;
202000018142;154 710 314;A01;2;1;0;2;1;1;5;
202000018143;154 710 312;A01;2;7;0;1;2;26;1;
202000018144;154 710 310;A01;3;7;0;2;2;15;1;
202000018144;154 710 311;B01;3;32;0;2;1;1;1;
202000018145;154 710 309;A01;2;30;0;0;0;1;1;
202000018146;154 710 308;A01;1;30;12;0;1;1;1;
202000018147;154 710 307;A01;2;7;9;9;9;2;1;
202000018148;154 710 305;B01;1;1;6;0;4;1;0;
202000018148;154 710 306;A01;1;30;6;9;1;2;1;
202000018149;154 710 303;B01;1;50;0;2;1;1;3;
202000018149;154 710 304;A01;1;7;0;2;3;22;2;
202000018150;154 710 301;B01;1;7;0;2;6;1;1;
202000018150;154 710 302;A01;1;7;0;2;1;1;1;
202000018151;154 710 299;B01;2;7;0;2;2;9;1;
202000018151;154 710 300;A01;1;33;0;2;1;17;1;
202000018152;154 710 298;A01;1;30;0;0;0;17;1;
202000018153;154 710 296;B01;1;7;0;2;5;23;1;
202000018153;154 710 297;A01;1;32;0;2;8;18;1;
202000018154;154 710 294;A01;2;7;0;2;5;1;1;
202000018154;154 710 295;B01;1;10;0;2;1;1;1;
202000018155;154 710 293;A01;2;99;0;1;7;1;1;
202000018156;154 710 291;B01;0;7;2;0;6;4;0;
202000018156;154 710 292;A01;0;7;0;2;7;26;0;
202000018157;154 710 289;A01;1;7;0;2;7;10;1;
202000018157;154 710 290;B01;2;33;0;2;1;1;1;
202000018158;154 710 288;A01;2;30;0;0;0;2;1;
202000018159;154 710 287;A01;1;33;12;0;7;17;1;
202000018160;154 710 286;A01;2;7;0;1;1;1;1;
202000018161;154 710 285;A01;1;7;7;0;3;1;1;
202000018162;154 710 284;A01;1;7;13;0;2;1;1;
202000018163;154 710 282;A01;1;33;0;2;4;2;1;
202000018163;154 710 283;B01;1;33;0;2;1;1;1;
202000018164;154 710 281;A01;1;7;13;0;2;14;1;
202000018165;154 710 280;A01;2;7;13;0;1;13;1;
202000018166;154 710 278;B01;1;7;0;2;3;16;1;
202000018166;154 710 279;A01;2;2;0;2;8;13;1;
202000018167;154 710 275;A01;1;7;0;2;2;15;1;
202000018167;154 710 276;B01;2;7;0;2;1;1;1;
202000018167;154 710 277;C01;2;7;0;2;8;23;1;
202000018168;154 710 273;B01;2;7;0;2;1;1;1;
202000018168;154 710 274;A01;1;2;0;2;0;13;3;
202000018169;154 710 271;A01;2;7;0;2;3;9;2;
202000018169;154 710 272;B01;2;7;0;0;2;1;1;
202000018170;154 710 270;A01;1;31;8;0;1;1;1;
202000018171;154 710 269;A01;2;7;3;0;9;1;1;
202000018172;154 710 268;A01;1;7;2;0;1;1;1;
202000018173;154 710 266;B01;1;15;0;2;3;1;1;
202000018173;154 710 267;A01;2;7;0;2;8;13;1;
202000018174;154 710 264;B01;2;2;0;2;1;1;1;
202000018174;154 710 265;A01;2;7;0;2;3;10;1;
202000018175;154 710 262;A01;1;7;0;2;4;20;1;
202000018175;154 710 263;B01;1;30;0;2;1;1;1;
202000018176;154 710 261;A01;1;3;0;1;2;1;1;
202000018177;154 710 260;A01;1;7;2;0;1;1;1;
202000018178;154 710 258;B01;2;7;0;2;3;1;1;
202000018178;154 710 259;A01;2;7;0;2;3;13;1;
202000018179;154 710 257;A01;3;7;6;0;3;13;1;
202000018180;154 710 255;A01;1;17;0;0;7;13;1;
202000018180;154 710 256;B01;1;1;0;0;8;2;5;
202000018181;154 710 253;A01;3;2;0;0;1;1;1;
202000018181;154 710 254;B01;3;7;0;2;2;15;1;
202000018182;154 710 250;A01;1;7;0;0;4;1;0;
202000018182;154 710 251;B01;1;17;0;2;1;2;1;
202000018182;154 710 252;C01;1;14;0;2;1;2;1;
202000018183;154 710 249;A01;3;10;2;0;9;1;1;
202000018184;154 710 247;B01;2;1;3;0;0;2;5;
202000018184;154 710 248;A01;2;7;0;0;0;2;1;
202000018185;154 710 244;A01;1;30;0;2;2;26;1;
202000018185;154 710 245;B01;1;13;0;2;3;1;1;
202000018185;154 710 246;C01;1;7;0;2;1;1;1;
202000018186;154 710 242;B01;0;7;0;2;2;26;1;
202000018186;154 710 243;A01;3;32;1;0;1;0;1;
202000018187;154 710 240;B01;3;2;0;2;3;1;1;
202000018187;154 710 241;A01;0;7;0;2;1;13;1;
202000018188;154 710 239;A01;1;7;13;0;3;1;1;
202000018189;154 710 237;A01;1;7;0;2;3;1;1;
202000018189;154 710 238;B01;2;7;0;2;3;13;1;
202000018190;154 710 236;A01;0;7;1;0;3;1;0;
202000018191;154 710 235;A01;1;33;0;0;0;0;1;
202000018192;154 710 233;B01;2;32;0;2;1;1;1;
202000018192;154 710 234;A01;2;7;0;2;7;15;1;
202000018193;154 710 232;A01;2;1;0;0;9;1;5;
202000018194;154 710 231;A01;2;80;0;0;1;0;3;
202000018195;154 710 229;A01;1;7;0;0;1;1;1;
202000018195;154 710 230;B01;1;1;0;0;7;19;5;
202000018196;154 710 227;A01;0;10;0;0;5;4;0;
202000018196;154 710 228;B01;0;1;0;2;1;1;0;
202000018197;154 710 225;A01;3;7;0;2;7;19;1;
202000018197;154 710 226;B01;0;7;0;2;1;2;1;
202000018198;154 710 223;B01;2;7;0;2;1;2;1;
202000018198;154 710 224;A01;2;7;0;2;5;12;1;
202000018199;154 710 222;A01;2;7;3;0;0;14;1;
202000018200;154 710 221;A01;1;33;4;0;3;1;1;
202000018201;154 710 220;A01;2;7;4;9;5;1;1;
202000018202;154 710 219;A01;2;30;4;0;0;26;1;
202000018203;154 710 217;Z01;1;7;0;2;1;14;0;
202000018203;154 710 218;A01;1;7;0;2;4;1;1;
202000018204;154 710 214;C01;1;7;0;2;1;1;1;
202000018204;154 710 215;B01;1;7;0;2;4;21;1;
202000018204;154 710 216;A01;1;7;3;0;1;12;1;
202000018205;154 710 212;B01;1;7;0;2;8;2;1;
202000018205;154 710 213;A01;1;2;0;2;7;3;1;
202000018206;154 710 210;A01;2;7;0;2;2;14;1;
202000018206;154 710 211;B01;2;7;0;2;6;23;1;
202000018207;154 710 209;Z01;3;7;16;1;1;9;0;
202000018208;154 710 207;B01;1;2;0;2;4;2;1;
202000018208;154 710 208;A01;2;7;0;2;1;2;1;
202000018209;154 710 205;A01;1;7;16;0;0;0;1;
202000018209;154 710 206;B01;1;10;16;0;0;0;1;
202000018210;154 710 201;A01;1;10;0;2;1;2;1;
202000018210;154 710 202;B01;1;7;0;2;9;2;1;
202000018210;154 710 203;C01;1;7;0;2;0;0;0;
202000018210;154 710 204;D01;1;10;0;2;0;2;1;
202000018211;154 710 199;A01;2;7;0;2;1;0;0;
202000018211;154 710 200;B01;2;1;0;2;2;1;5;
202000018212;154 710 197;B01;2;7;0;2;4;23;1;
202000018212;154 710 198;A01;2;7;0;2;1;9;1;
202000018213;154 710 195;B01;1;7;0;2;1;1;1;
202000018213;154 710 196;A01;1;7;0;2;2;1;1;
202000018214;154 710 193;A01;2;14;0;2;2;5;1;
202000018214;154 710 194;B01;1;7;0;2;2;21;1;
202000018215;154 710 191;A01;3;7;0;2;1;16;1;
202000018215;154 710 192;Y01;0;1;0;2;7;1;0;
202000018216;154 710 189;A01;1;7;0;2;5;15;3;
202000018216;154 710 190;B01;2;33;0;2;2;1;1;
202000018217;154 710 186;A01;1;10;0;0;1;13;0;
202000018218;154 710 184;A01;1;7;0;2;3;9;1;
202000018218;154 710 185;B01;1;17;0;0;0;0;1;
202000018219;154 710 182;A01;2;7;0;2;1;15;1;
202000018219;154 710 183;B01;1;7;0;2;1;1;1;
202000018220;154 710 180;B01;3;7;0;2;3;1;1;
202000018220;154 710 181;A01;1;30;0;2;3;19;0;
202000018221;154 710 178;B01;3;7;0;2;8;1;0;
202000018221;154 710 179;A01;3;7;0;2;1;1;0;
202000018222;154 710 177;A01;1;7;0;0;0;0;0;
202000018223;154 710 176;A01;1;7;0;1;1;1;1;
202000018224;154 710 174;A01;2;7;0;1;7;1;1;
202000018225;154 710 173;A01;1;50;0;0;0;15;3;
202000018226;154 710 172;A01;2;7;3;0;1;1;1;
202000018227;154 710 170;Z01;0;7;0;2;1;1;1;
202000018227;154 710 171;A01;0;7;0;2;4;1;1;
202000018228;154 710 168;A01;1;7;0;2;8;11;1;
202000018228;154 710 169;B01;1;7;0;2;1;17;1;
202000018229;154 710 166;A01;2;31;0;2;1;2;1;
202000018229;154 710 167;B01;2;7;0;2;4;2;1;
202000018230;154 710 165;A01;3;7;15;0;1;1;1;
202000018231;154 710 164;A01;1;7;0;1;4;26;1;
202000018232;154 710 161;A01;2;7;1;0;1;0;0;
202000018232;154 710 162;B01;0;10;1;0;1;23;0;
202000018232;154 710 163;C01;0;7;0;0;1;23;0;
202000018233;154 710 160;A01;3;10;0;1;1;0;0;
202000018234;154 710 159;A01;3;7;0;1;1;1;1;
202000018235;154 710 157;B01;1;10;0;2;8;9;1;
202000018235;154 710 158;A01;1;33;0;2;1;1;1;
202000018236;154 710 155;Z01;2;7;0;2;5;12;0;
202000018236;154 710 156;A01;2;30;0;2;3;1;1;
202000018237;154 710 153;A01;2;7;0;2;6;11;1;
202000018237;154 710 154;B01;2;15;0;2;2;1;1;
202000018238;154 710 150;C01;2;43;0;2;1;3;1;
202000018238;154 710 151;B01;2;10;0;2;5;1;1;
202000018238;154 710 152;A01;2;32;0;2;3;13;1;
202000018239;154 710 148;B01;3;33;0;2;1;1;1;
202000018239;154 710 149;A01;3;80;0;2;8;13;3;
202000018240;154 710 146;A01;2;30;0;2;8;13;1;
202000018240;154 710 147;B01;1;1;0;2;8;1;5;
202000018241;154 710 144;A01;1;32;0;2;2;15;1;
202000018241;154 710 145;B01;1;7;0;2;1;1;1;
202000018242;154 710 142;A01;1;1;0;2;0;1;5;
202000018242;154 710 143;Z01;2;50;0;2;1;13;3;
202000018243;154 710 140;B01;1;10;0;2;7;1;1;
202000018243;154 710 141;A01;1;7;0;2;1;1;4;
202000018244;154 710 139;A01;2;7;0;1;2;1;1;
202000018245;154 710 138;A01;1;7;0;1;1;1;1;
202000018246;154 710 136;B01;1;2;0;2;1;13;0;
202000018246;154 710 137;A01;1;10;0;2;3;13;0;
202000018247;154 710 135;A01;1;7;1;0;9;5;1;
202000018248;154 710 133;B01;3;7;0;2;2;1;0;
202000018248;154 710 134;A01;2;30;0;2;1;19;0;
202000018249;154 710 131;B01;3;7;0;2;1;15;1;
202000018249;154 710 132;A01;3;7;0;2;1;1;1;
202000018250;154 710 129;B01;2;2;0;2;1;1;1;
202000018250;154 710 130;A01;1;7;0;2;3;10;0;
202000018251;154 710 128;A01;1;7;2;0;1;1;1;
202000018252;154 710 126;B01;3;60;0;2;1;25;5;
202000018252;154 710 127;A01;1;7;0;2;2;1;1;
202000018253;154 710 125;A01;1;7;4;0;2;1;1;
202000018254;154 710 124;A01;0;7;9;1;1;0;1;
202000018255;154 710 122;A01;1;7;0;2;7;1;0;
202000018255;154 710 123;B01;2;7;0;2;1;1;1;
202000018256;154 710 121;A01;2;7;0;1;2;1;2;
202000018257;154 710 120;A01;1;33;14;0;1;17;0;
202000018258;154 710 119;A01;2;33;13;0;2;1;1;
202000018259;154 710 117;B01;2;7;0;2;3;1;1;
202000018259;154 710 118;A01;1;7;0;2;3;1;1;
202000018260;154 710 116;A01;2;7;13;0;1;14;1;
202000018261;154 710 114;A01;1;33;0;2;2;17;1;
202000018261;154 710 115;B01;1;21;2;2;3;15;1;
202000018262;154 710 112;A01;2;33;12;0;3;1;1;
202000018263;154 710 111;A01;2;33;13;0;1;21;1;
202000018264;154 710 110;A01;1;3;13;0;8;13;1;
202000018265;154 710 108;A01;1;2;0;2;1;1;0;
202000018265;154 710 109;B01;2;33;0;2;1;1;0;
202000018266;154 710 107;A01;2;7;15;0;2;0;1;
202000018267;154 710 105;B01;3;7;0;2;3;1;1;
202000018267;154 710 106;A01;3;2;0;2;1;13;1;
202000018268;154 710 103;A01;1;7;0;2;1;13;1;
202000018268;154 710 104;B01;2;7;0;2;3;1;1;
202000018269;154 710 101;A01;2;7;3;2;1;1;1;
202000018269;154 710 102;B01;2;7;0;2;4;1;1;
202000018270;154 710 099;B01;2;7;0;2;7;1;1;
202000018270;154 710 100;A01;1;7;0;2;2;1;0;
202000018271;154 710 098;A01;2;7;3;0;2;1;0;
202000018272;154 710 096;A01;1;7;0;2;4;2;1;
202000018272;154 710 097;B01;1;7;0;2;1;2;1;
202000018273;154 710 095;A01;2;7;5;0;1;12;1;
202000018274;154 710 094;A01;2;7;0;1;3;1;1;
202000018275;154 710 093;A01;3;7;0;1;3;1;1;
202000018276;154 710 092;A01;1;33;9;0;0;1;1;
202000018277;154 710 090;A01;1;7;0;2;1;1;1;
202000018277;154 710 091;B01;1;7;0;2;4;1;1;
202000018278;154 710 089;A01;2;7;16;0;1;26;1;
202000018279;154 710 088;A01;1;34;0;1;1;1;1;
202000018280;154 710 086;B01;2;37;0;0;4;1;1;1
202000018280;154 710 087;A01;2;30;0;2;1;1;1;
202000018281;154 710 084;A01;2;7;0;9;8;16;1;
202000018281;154 710 085;B01;2;50;0;2;1;1;3;
202000018282;154 710 082;A01;1;7;0;2;2;2;1;
202000018282;154 710 083;B01;1;7;0;2;6;20;1;
202000018283;154 710 080;B01;1;7;0;9;1;15;1;
202000018283;154 710 081;A01;2;1;0;2;1;1;5;
202000018284;154 710 078;B01;1;36;0;0;8;15;1;
202000018284;154 710 079;A01;1;7;0;2;2;17;0;
202000018285;154 710 077;A01;3;7;0;1;4;20;1;
202000018286;154 710 075;A01;3;17;0;2;6;15;1;
202000018286;154 710 076;B01;1;7;0;2;3;1;1;
202000018287;154 710 073;A01;2;7;12;2;2;1;1;
202000018287;154 710 074;B01;2;1;0;1;6;1;0;
202000018288;154 710 071;B01;1;2;0;2;1;1;1;
202000018288;154 710 072;A01;2;7;0;2;7;15;1;
202000018289;154 710 070;A01;1;33;2;0;1;13;1;
202000018290;154 710 069;A01;3;10;0;1;1;1;0;
202000018291;154 710 066;A01;1;10;6;2;2;1;1;
202000018291;154 710 067;B01;1;7;6;2;8;3;1;
202000018291;154 710 068;C01;1;7;0;2;1;11;1;
202000018292;154 710 064;B01;1;7;0;2;1;9;1;
202000018292;154 710 065;A01;1;1;0;2;1;26;5;
202000018293;154 710 062;A01;2;7;0;2;8;15;-1;
202000018293;154 710 063;B01;2;33;0;2;1;17;-1;
202000018294;154 710 060;A01;1;34;0;2;1;1;1;
202000018294;154 710 061;B01;1;7;0;2;2;1;1;
202000018295;154 710 059;A01;3;10;0;1;1;15;0;
202000018296;154 710 058;A01;2;7;0;1;1;1;1;
202000018297;154 710 056;B01;1;7;0;2;8;1;1;
202000018297;154 710 057;A01;1;33;0;2;7;17;1;
202000018298;154 710 055;A01;1;7;1;0;3;1;1;
202000018299;154 710 053;B01;0;10;0;2;6;15;1;
202000018299;154 710 054;A01;1;31;0;2;1;17;1;
202000018300;154 710 051;A01;2;7;0;2;1;13;1;
202000018300;154 710 052;B01;1;2;0;2;1;1;1;
202000018301;154 710 049;A01;1;7;0;2;6;0;0;
202000018301;154 710 050;B01;1;7;0;2;1;0;0;
202000018302;154 710 048;A01;1;33;0;0;2;1;1;
202000018303;154 710 047;A01;2;7;3;0;1;13;1;
202000018304;154 710 045;A01;1;7;0;2;1;2;1;
202000018304;154 710 046;B01;1;7;0;2;4;2;1;
202000018305;154 710 044;A01;1;10;0;1;3;15;0;
202000018306;154 710 043;A01;1;7;0;1;1;1;1;
202000018307;154 710 041;B01;0;10;0;9;8;2;1;
202000018307;154 710 042;A01;1;1;0;2;1;1;5;
202000018308;154 710 039;B01;1;7;0;2;3;1;1;
202000018308;154 710 040;A01;2;7;0;2;6;1;1;
202000018309;154 710 038;A01;2;7;2;0;8;1;1;
202000018310;154 710 036;A01;2;33;0;2;0;3;1;
202000018310;154 710 037;B01;2;7;0;0;4;2;1;
202000018311;154 710 034;A01;0;7;2;0;1;13;1;
202000018312;154 710 033;A01;3;7;6;0;1;1;1;
202000018313;154 710 032;A01;1;80;0;0;8;1;3;
202000018314;154 710 030;B01;3;2;0;2;8;19;1;
202000018314;154 710 031;A01;1;7;0;2;2;21;1;
202000018315;154 710 027;B01;1;10;0;2;3;1;1;
202000018315;154 710 028;A01;2;7;0;2;5;1;1;
202000018316;154 710 026;A01;1;7;8;0;1;14;1;
202000018317;154 710 025;A01;1;7;6;0;3;13;1;
202000018318;154 710 023;B01;2;10;0;2;8;13;1;
202000018318;154 710 024;A01;1;33;0;2;8;1;1;
202000018319;154 710 022;A01;2;7;4;0;3;0;1;
202000018320;154 710 021;A01;1;33;6;0;3;1;1;
202000018321;154 710 019;A01;1;7;0;0;4;23;1;
202000018321;154 710 020;B01;1;10;1;0;1;2;1;
202000018322;154 710 018;A01;2;34;0;5;1;2;1;
202000018323;154 710 017;A01;1;7;8;0;0;1;1;
202000018324;154 710 016;A01;1;33;14;0;1;1;1;
202000018325;154 710 014;B01;1;30;0;2;0;2;1;
202000018325;154 710 015;A01;1;7;0;2;8;10;1;
202000018326;154 710 012;B01;2;7;0;1;4;1;1;
202000018326;154 710 013;A01;2;10;0;2;1;2;1;
202000018327;154 710 011;A01;2;7;2;0;2;13;0;
202000018328;154 710 010;A01;1;2;14;0;1;26;1;
202000018329;154 710 008;A01;2;7;0;2;8;19;1;
202000018329;154 710 009;B01;2;7;0;2;8;19;1;
202000018330;154 710 007;A01;3;7;0;1;3;2;1;
202000018331;154 710 006;A01;1;7;6;0;1;16;1;
202000018332;154 710 005;A01;1;2;0;0;0;15;1;
202000018333;154 710 004;A01;2;7;8;0;1;13;1;
202000018334;154 710 002;A01;1;30;0;2;1;26;1;
202000018334;154 710 003;B01;1;7;0;2;4;26;1;
202000018335;154 710 000;A01;1;31;0;2;2;1;1;
202000018335;154 710 001;Z01;2;7;0;2;0;1;1;
202000018336;154 709 998;A01;1;7;0;2;5;15;1;
202000018336;154 709 999;B01;1;7;0;2;1;1;1;
202000018337;154 709 996;B01;2;7;0;2;4;1;1;
202000018337;154 709 997;A01;2;7;3;2;1;12;1;
202000018338;154 709 994;B01;1;7;0;2;3;1;1;
202000018338;154 709 995;A01;2;32;0;2;7;1;1;
202000018339;154 709 992;B01;3;37;0;2;3;1;0;1
202000018339;154 709 993;A01;2;32;0;2;1;1;0;
202000018340;154 709 990;A01;2;7;0;2;1;19;1;
202000018340;154 709 991;B01;2;7;0;2;2;1;1;
202000018341;154 709 988;Z01;1;7;0;2;0;15;0;
202000018341;154 709 989;A01;1;34;0;2;0;21;1;
202000018342;154 709 987;A01;3;7;6;0;2;1;1;
202000018343;154 709 986;A01;1;33;15;0;1;21;1;
202000018344;154 709 985;A01;1;7;2;0;1;1;1;
202000018345;154 709 984;A01;1;7;2;0;2;1;0;
202000018346;154 709 983;A01;3;3;2;0;1;21;1;
202000018347;154 709 982;A01;2;10;0;0;9;1;1;
202000018348;154 709 981;A01;2;7;2;1;0;1;6;
202000018349;154 709 980;A01;1;7;6;0;1;13;1;