num_acc;id_vehicule;num_veh;senc;catv;obs;obsm;choc;manv;motor;occutc
202000018350;154 709 979;A01;3;10;9;0;2;1;1;
202000018351;154 709 977;A01;2;15;0;2;3;19;1;
202000018351;154 709 978;B01;1;7;0;2;1;1;1;
202000018352;154 709 976;A01;2;7;4;0;3;1;0;
202000018353;154 709 975;A01;1;33;0;0;7;1;1;
202000018354;154 709 973;A01;1;7;4;0;2;15;1;
202000018355;154 709 972;A01;2;7;4;0;3;1;1;
202000018356;154 709 968;B01;1;7;0;2;8;0;5;
202000018356;154 709 969;D01;1;7;0;2;2;17;0;
202000018356;154 709 970;A01;1;7;1;0;2;11;5;
202000018356;154 709 971;C01;1;7;0;2;4;23;0;
202000018357;154 709 966;B01;1;7;0;2;6;20;1;
202000018357;154 709 967;A01;1;10;0;2;1;1;1;
202000018358;154 709 965;A01;1;7;2;0;8;1;1;
202000018359;154 709 963;B01;1;7;0;2;4;2;1;
202000018359;154 709 964;A01;1;7;0;2;1;1;2;
202000018360;154 709 961;A01;2;7;0;2;1;15;1;
202000018360;154 709 962;B01;1;7;0;2;1;1;1;
202000018361;154 709 960;A01;1;7;4;0;1;9;1;
202000018362;154 709 959;A01;3;30;0;0;0;26;3;
202000018363;154 709 957;B01;3;2;0;2;8;1;1;
202000018363;154 709 958;A01;3;7;0;2;1;15;1;
202000018364;154 709 956;A01;2;7;2;0;0;1;1;
202000018365;154 709 954;B01;2;7;0;2;8;1;1;
202000018365;154 709 955;A01;1;2;0;2;1;5;1;
202000018366;154 709 952;B01;3;7;0;2;2;15;1;
202000018366;154 709 953;A01;3;99;0;2;3;2;1;
202000018367;154 709 951;A01;1;30;0;0;1;0;1;
202000018368;154 709 950;A01;1;7;0;1;0;0;1;
202000018369;154 709 948;B01;2;38;0;2;1;2;1;1
202000018369;154 709 949;A01;2;7;0;2;4;23;1;
202000018370;154 709 946;B01;3;1;0;2;4;1;5;
202000018370;154 709 947;A01;0;7;0;9;1;15;1;
202000018371;154 709 944;A01;3;14;0;2;4;4;0;
202000018371;154 709 945;B01;3;33;0;2;1;26;1;
202000018372;154 709 942;B01;2;30;0;2;7;1;1;
202000018372;154 709 943;A01;2;10;0;2;1;9;1;
202000018373;154 709 940;A01;0;7;0;2;3;19;1;
202000018373;154 709 941;B01;0;33;0;2;1;1;1;
202000018374;154 709 939;A01;1;10;13;0;7;14;1;
202000018375;154 709 938;A01;3;7;0;1;1;1;1;
202000018376;154 709 937;A01;2;7;1;0;1;19;1;
202000018377;154 709 935;A01;1;7;0;2;1;15;1;
202000018377;154 709 936;B01;2;33;0;2;1;1;1;
202000018378;154 709 933;B01;3;33;0;2;1;1;1;
202000018378;154 709 934;A01;3;10;0;2;1;5;0;
202000018379;154 709 931;A01;1;7;0;2;1;1;1;
202000018379;154 709 932;B01;1;1;0;2;8;19;5;
202000018380;154 709 929;Z01;1;7;0;2;5;10;0;
202000018380;154 709 930;A01;2;1;0;2;1;1;5;
202000018381;154 709 927;A01;1;33;0;2;8;17;1;
202000018381;154 709 928;B01;1;10;0;2;3;10;1;
202000018382;154 709 925;A01;1;30;0;2;1;1;0;
202000018382;154 709 926;B01;1;10;0;2;8;1;1;
202000018383;154 709 923;A01;2;7;0;2;7;1;1;
202000018383;154 709 924;B01;1;2;0;2;1;1;1;
202000018384;154 709 921;B01;2;7;0;2;4;23;1;
202000018384;154 709 922;A01;2;10;14;2;1;2;1;
202000018385;154 709 919;B01;3;10;0;2;8;1;1;
202000018385;154 709 920;A01;3;7;0;2;1;26;1;
202000018386;154 709 915;A01;1;7;4;2;1;1;0;
202000018386;154 709 916;B01;1;7;4;2;4;23;1;
202000018386;154 709 917;C01;1;7;4;2;6;23;1;
202000018386;154 709 918;D01;1;7;4;2;4;1;0;
202000018387;154 709 913;A01;0;7;0;0;0;0;0;
202000018387;154 709 914;B01;0;32;0;0;4;2;0;
202000018388;154 709 912;A01;1;7;12;0;3;13;1;
202000018389;154 709 910;A01;1;7;0;2;3;15;1;
202000018389;154 709 911;B01;1;34;0;2;2;1;1;
202000018390;154 709 908;B01;2;30;1;0;1;1;1;
202000018390;154 709 909;A01;3;7;1;0;3;9;1;
202000018391;154 709 907;A01;1;7;2;0;1;0;1;
202000018392;154 709 906;A01;1;7;2;0;2;1;1;
202000018393;154 709 904;A01;1;7;0;2;1;1;1;
202000018393;154 709 905;B01;2;7;0;2;1;1;1;
202000018394;154 709 903;A01;1;7;2;0;7;1;1;
202000018395;154 709 902;A01;2;10;0;0;3;0;1;
202000018396;154 709 900;A01;1;7;0;2;1;1;1;
202000018396;154 709 901;B01;1;17;0;0;4;1;1;
202000018397;154 709 899;A01;3;33;0;0;1;1;1;
202000018398;154 709 898;A01;0;10;0;1;6;4;1;
202000018399;154 709 897;A01;2;7;0;1;1;1;1;
202000018400;154 709 894;A01;1;7;0;2;7;1;1;
202000018400;154 709 895;B01;2;7;0;2;1;1;1;
202000018400;154 709 896;C01;2;31;0;2;1;1;1;
202000018401;154 709 893;A01;2;7;0;0;1;1;1;
202000018402;154 709 892;A01;1;7;8;0;9;1;1;
202000018403;154 709 890;A01;3;7;0;2;1;1;1;
202000018403;154 709 891;B01;1;2;0;0;8;1;1;
202000018404;154 709 889;A01;3;2;2;0;1;1;1;
202000018405;154 709 887;A01;2;7;0;2;3;13;1;
202000018405;154 709 888;B01;1;21;0;2;3;1;1;
202000018406;154 709 885;B01;2;15;0;2;1;1;1;
202000018406;154 709 886;A01;1;7;0;2;4;13;1;
202000018407;154 709 884;A01;1;7;13;0;1;1;1;
202000018408;154 709 882;B01;2;13;0;2;3;9;1;
202000018408;154 709 883;A01;1;33;0;2;1;1;1;
202000018409;154 709 878;A01;2;7;9;0;1;6;1;
202000018410;154 709 876;B01;1;17;0;2;6;2;1;
202000018410;154 709 877;A01;1;7;0;2;2;2;1;
202000018411;154 709 875;A01;2;10;0;2;1;12;1;
202000018412;154 709 874;A01;2;7;4;2;1;1;1;
202000018413;154 709 872;B01;2;32;0;2;7;1;1;
202000018413;154 709 873;A01;2;10;0;2;8;11;1;
202000018414;154 709 871;A01;1;7;0;1;2;14;1;
202000018415;154 709 869;A01;3;7;0;2;1;15;1;
202000018415;154 709 870;B01;3;1;0;2;5;1;5;
202000018416;154 709 867;B01;1;7;0;2;8;1;1;
202000018416;154 709 868;A01;2;7;0;2;1;1;1;
202000018417;154 709 866;A01;1;7;1;1;1;26;1;
202000018418;154 709 864;B01;3;37;0;2;2;1;1;1
202000018418;154 709 865;A01;1;7;0;2;3;1;1;
202000018419;154 709 862;A01;1;10;0;2;1;26;1;
202000018419;154 709 863;B01;1;1;0;2;1;26;0;
202000018420;154 709 861;A01;1;7;6;0;1;2;1;
202000018421;154 709 858;C01;1;7;0;2;4;2;1;
202000018421;154 709 859;B01;1;33;0;2;4;2;1;
202000018421;154 709 860;A01;1;7;0;2;1;2;1;
202000018422;154 709 857;A01;2;36;2;0;1;0;1;
202000018423;154 709 855;B01;1;7;0;2;0;9;1;
202000018423;154 709 856;A01;1;7;0;2;0;9;1;
202000018424;154 709 853;A01;1;2;0;1;1;1;1;
202000018425;154 709 851;B01;2;7;0;2;8;1;1;
202000018425;154 709 852;A01;2;33;0;2;4;15;1;
202000018426;154 709 849;B01;2;10;0;2;2;1;1;
202000018426;154 709 850;A01;1;7;0;2;2;15;1;
202000018427;154 709 847;B01;2;30;0;2;1;1;1;
202000018427;154 709 848;A01;2;7;0;2;3;9;1;
202000018428;154 709 846;A01;2;10;0;1;1;16;1;
202000018429;154 709 844;B01;1;7;0;2;1;1;1;
202000018429;154 709 845;A01;2;7;0;2;2;15;1;
202000018430;154 709 842;A01;2;32;3;2;8;13;1;
202000018430;154 709 843;B01;1;7;0;2;6;1;1;
202000018431;154 709 841;A01;3;33;0;0;1;1;1;
202000018432;154 709 840;A01;0;7;0;1;1;2;1;
202000018433;154 709 838;B01;1;10;9;2;2;1;1;
202000018433;154 709 839;A01;1;7;0;0;5;1;1;
202000018434;154 709 837;A01;0;7;5;0;2;0;1;
202000018435;154 709 835;A01;2;7;0;2;3;1;1;
202000018435;154 709 836;B01;1;7;0;2;3;1;1;
202000018436;154 709 832;B01;2;7;0;0;6;1;1;
202000018436;154 709 833;A01;2;33;0;2;1;17;1;
202000018436;154 709 834;C01;1;7;0;2;1;1;1;
202000018437;154 709 831;A01;2;7;8;1;1;25;1;
202000018438;154 709 829;A01;2;31;0;2;1;2;1;
202000018438;154 709 830;B01;2;10;0;2;5;15;1;
202000018439;154 709 828;A01;1;17;8;0;7;1;1;
202000018440;154 709 827;A01;2;33;16;0;8;1;1;
202000018441;154 709 823;A01;2;7;2;0;3;1;1;
202000018442;154 709 821;A01;2;33;0;0;0;1;1;
202000018442;154 709 822;B01;2;33;0;0;0;1;1;
202000018443;154 709 819;A01;2;7;0;2;1;2;1;
202000018443;154 709 820;B01;2;7;0;0;4;23;1;
202000018444;154 709 818;A01;2;7;0;0;9;21;1;
202000018445;154 709 816;A01;1;2;0;2;1;1;1;
202000018445;154 709 817;B01;1;31;0;2;4;1;1;
202000018446;154 709 815;A01;1;7;6;0;1;1;1;
202000018447;154 709 813;B01;2;7;0;2;3;1;1;
202000018447;154 709 814;A01;1;7;12;2;3;13;1;
202000018448;154 709 812;A01;0;33;16;0;1;21;1;
202000018449;154 709 810;A01;1;7;0;2;3;1;1;
202000018449;154 709 811;B01;2;7;0;2;3;1;1;
202000018450;154 709 809;A01;3;2;12;0;7;16;6;
202000018451;154 709 808;A01;2;7;13;0;9;1;1;
202000018452;154 709 806;A01;1;7;0;2;3;15;6;
202000018452;154 709 807;B01;2;1;0;2;1;0;5;
202000018453;154 709 804;B01;1;7;0;2;4;2;1;
202000018453;154 709 805;A01;1;7;0;2;1;2;1;
202000018454;154 709 803;A01;2;7;4;0;1;1;1;
202000018455;154 709 801;B01;1;10;0;0;8;23;1;
202000018455;154 709 802;A01;1;14;1;0;2;14;1;
202000018456;154 709 800;A01;1;7;4;0;1;2;1;
202000018457;154 709 799;A01;2;10;4;0;2;14;1;
202000018458;154 709 798;A01;1;7;0;0;9;13;1;
202000018459;154 709 796;A01;1;7;0;2;7;1;0;
202000018459;154 709 797;B01;1;1;0;2;8;1;5;
202000018460;154 709 793;A01;3;7;0;2;1;1;1;
202000018460;154 709 794;B01;3;7;0;2;4;23;1;
202000018460;154 709 795;C01;3;7;0;2;4;23;1;
202000018461;154 709 792;A01;3;7;0;1;1;1;1;
202000018462;154 709 788;B01;1;10;0;2;4;23;1;
202000018462;154 709 789;A01;1;31;0;2;1;2;1;
202000018463;154 709 786;B01;1;2;0;2;3;2;1;
202000018463;154 709 787;A01;1;7;0;2;2;2;1;
202000018464;154 709 785;A01;1;2;8;0;1;25;1;
202000018465;154 709 777;F01;3;7;0;2;0;0;1;
202000018465;154 709 778;D01;3;7;0;2;0;0;0;
202000018465;154 709 779;C01;3;7;0;2;0;0;1;
202000018465;154 709 780;G01;3;7;0;2;0;0;1;
202000018465;154 709 781;A01;1;10;1;2;2;1;1;
202000018465;154 709 782;H01;3;7;0;2;0;0;1;
202000018465;154 709 783;E01;3;7;0;2;0;0;1;
202000018465;154 709 784;B01;2;7;0;2;1;1;1;
202000018466;154 709 775;B01;1;10;0;2;2;15;1;
202000018466;154 709 776;A01;2;31;0;2;1;1;1;
202000018467;154 709 773;B01;1;15;0;2;3;0;1;
202000018467;154 709 774;A01;1;7;0;2;7;14;1;
202000018468;154 709 771;B01;1;10;0;2;1;1;0;
202000018468;154 709 772;A01;1;7;0;2;4;23;0;
202000018469;154 709 770;A01;1;7;2;0;1;14;1;
202000018470;154 709 768;A01;2;31;3;2;1;1;1;
202000018470;154 709 769;B01;1;7;0;2;3;1;1;
202000018471;154 709 767;A01;1;7;2;1;0;9;1;
202000018472;154 709 765;A01;1;7;0;2;2;10;1;
202000018472;154 709 766;B01;2;31;0;2;8;1;1;
202000018473;154 709 763;A01;1;7;0;2;1;1;1;
202000018473;154 709 764;B01;2;1;0;2;2;1;5;
202000018474;154 709 762;A01;1;7;1;0;1;1;1;
202000018475;154 709 760;B01;1;33;0;2;3;1;1;
202000018475;154 709 761;A01;2;7;0;2;3;1;1;
202000018476;154 709 759;A01;1;7;2;0;1;0;1;
202000018477;154 709 758;A01;1;7;3;0;3;2;1;
202000018478;154 709 756;A01;1;7;0;2;1;13;1;
202000018478;154 709 757;B01;1;15;0;2;6;13;1;
202000018479;154 709 755;A01;2;7;0;1;3;1;1;
202000018480;154 709 753;A01;2;7;0;2;3;1;1;
202000018480;154 709 754;B01;1;7;0;2;2;9;1;
202000018481;154 709 750;B01;2;7;0;2;3;1;1;
202000018481;154 709 751;A01;1;7;0;2;3;17;1;
202000018481;154 709 752;C01;1;15;0;2;3;1;1;
202000018482;154 709 749;A01;1;7;0;1;2;9;1;
202000018483;154 709 747;B01;2;7;0;0;6;15;1;
202000018483;154 709 748;A01;2;33;0;2;1;17;1;
202000018484;154 709 746;A01;1;10;8;0;2;1;0;
202000018485;154 709 744;A01;1;7;13;0;2;1;1;
202000018486;154 709 742;B01;2;7;0;0;4;23;1;
202000018486;154 709 743;A01;2;7;1;0;1;12;1;
202000018487;154 709 740;A01;1;7;0;2;1;15;1;
202000018487;154 709 741;B01;2;2;0;2;8;1;1;
202000018488;154 709 738;A01;1;7;0;2;3;1;1;
202000018488;154 709 739;B01;1;7;0;2;2;12;1;
202000018489;154 709 736;B01;1;33;0;2;1;2;1;
202000018489;154 709 737;A01;1;10;0;2;4;1;1;
202000018490;154 709 733;B01;1;17;0;2;2;12;1;
202000018490;154 709 734;A01;1;7;0;2;6;1;1;
202000018490;154 709 735;C01;1;7;0;2;1;17;1;
202000018491;154 709 731;B01;1;7;0;2;1;11;1;
202000018491;154 709 732;A01;1;7;0;2;4;23;3;
202000018492;154 709 730;A01;2;7;13;0;1;14;1;
202000018493;154 709 727;A01;2;7;0;2;1;2;1;
202000018493;154 709 728;B01;2;7;0;2;1;2;1;
202000018493;154 709 729;C01;2;7;0;2;0;2;1;
202000018494;154 709 725;B01;2;10;0;2;4;2;1;
202000018494;154 709 726;A01;2;10;0;2;1;2;1;
202000018495;154 709 723;A01;1;7;0;2;5;12;1;
202000018495;154 709 724;B01;1;33;0;2;3;3;1;
202000018496;154 709 721;A01;1;14;0;2;1;26;1;
202000018496;154 709 722;B01;0;7;0;2;8;0;1;
202000018497;154 709 718;A01;2;7;0;2;1;2;1;
202000018497;154 709 719;C01;2;7;0;2;4;2;1;
202000018497;154 709 720;B01;2;7;0;2;1;2;1;
202000018498;154 709 714;C01;1;7;0;2;1;2;1;
202000018498;154 709 715;B01;1;10;0;2;4;1;1;
202000018498;154 709 716;A01;1;7;0;2;1;2;1;
202000018498;154 709 717;D01;1;7;0;2;1;2;1;
202000018499;154 709 710;A01;2;14;1;0;1;2;1;
202000018499;154 709 711;B01;2;10;0;2;4;23;1;
202000018499;154 709 712;C01;2;7;0;2;4;23;4;
202000018499;154 709 713;D01;2;7;0;2;4;23;1;
202000018500;154 709 708;Z01;1;7;0;2;0;0;0;
202000018500;154 709 709;A01;1;7;0;2;4;1;2;
202000018501;154 709 706;A01;1;33;0;2;1;3;1;
202000018501;154 709 707;B01;1;7;0;2;6;1;1;
202000018502;154 709 703;Z01;2;7;0;2;1;2;1;
202000018502;154 709 704;C01;2;7;0;2;4;2;1;
202000018502;154 709 705;B01;2;7;0;2;4;2;1;
202000018503;154 709 701;A01;2;10;0;2;4;1;1;
202000018503;154 709 702;B01;2;7;0;2;1;2;1;
202000018504;154 709 700;A01;1;7;9;0;1;1;1;
202000018505;154 709 699;A01;2;7;4;0;9;21;1;
202000018506;154 709 697;B01;1;1;0;2;8;1;5;
202000018506;154 709 698;A01;1;7;0;2;2;9;1;
202000018507;154 709 695;B01;2;30;0;2;1;1;1;
202000018507;154 709 696;A01;2;7;0;2;6;1;1;
202000018508;154 709 693;A01;2;30;0;2;8;18;1;
202000018508;154 709 694;B01;2;7;0;2;7;16;1;
202000018509;154 709 691;B01;2;1;1;0;1;1;5;
202000018509;154 709 692;A01;2;7;0;2;7;22;1;
202000018510;154 709 689;A01;2;7;0;2;1;1;0;
202000018510;154 709 690;B01;3;60;0;2;8;19;5;
202000018511;154 709 688;A01;1;7;0;1;1;1;1;
202000018512;154 709 687;A01;1;7;0;1;2;19;0;
202000018513;154 709 686;A01;1;10;0;1;2;16;0;
202000018514;154 709 684;B01;0;7;0;2;4;2;1;
202000018514;154 709 685;A01;0;10;0;2;1;2;1;
202000018515;154 709 683;A01;3;37;12;0;1;0;0;2
202000018516;154 709 681;A01;1;30;0;2;2;17;1;
202000018516;154 709 682;B01;2;10;9;0;8;15;1;
202000018517;154 709 680;A01;1;7;0;1;2;1;1;
202000018518;154 709 679;A01;3;7;0;1;4;4;1;
202000018519;154 709 678;A01;2;7;0;1;4;9;1;
202000018520;154 709 675;A01;2;10;0;2;1;2;1;
202000018520;154 709 676;B01;2;7;0;2;4;2;1;
202000018521;154 709 674;A01;0;7;0;1;2;1;1;
202000018522;154 709 672;B01;3;7;0;2;1;1;1;
202000018522;154 709 673;A01;3;7;0;2;1;15;1;
202000018523;154 709 670;A01;1;7;0;2;1;1;1;
202000018523;154 709 671;B01;2;7;0;2;7;1;1;
202000018524;154 709 668;A01;2;37;0;2;2;1;1;1
202000018524;154 709 669;B01;1;3;0;2;7;15;1;
202000018525;154 709 667;A01;1;7;9;0;1;11;1;
202000018526;154 709 665;A01;1;7;0;2;1;2;1;
202000018526;154 709 666;B01;1;7;0;2;4;2;1;
202000018527;154 709 662;C01;1;10;0;2;4;2;1;
202000018527;154 709 663;A01;1;7;0;2;1;1;1;
202000018527;154 709 664;B01;1;7;0;2;4;2;0;
202000018528;154 709 661;A01;2;2;0;0;8;1;1;
202000018529;154 709 659;A01;2;7;0;2;1;0;1;
202000018529;154 709 660;B01;2;2;0;2;1;1;1;
202000018530;154 709 657;B01;3;7;0;2;2;1;1;
202000018530;154 709 658;A01;3;7;0;2;7;0;1;
202000018531;154 709 655;A01;1;7;0;2;3;15;1;
202000018531;154 709 656;B01;1;50;0;2;1;1;3;
202000018532;154 709 654;A01;1;10;0;1;3;1;1;
202000018533;154 709 653;A01;1;7;6;0;1;14;1;
202000018534;154 709 652;A01;1;7;0;1;1;1;1;
202000018535;154 709 650;A01;0;7;1;0;1;13;1;
202000018536;154 709 649;A01;1;99;1;0;2;26;1;
202000018537;154 709 647;A01;1;7;0;2;1;2;1;
202000018537;154 709 648;B01;1;7;0;2;4;1;1;
202000018538;154 709 645;B01;0;7;0;2;0;0;1;
202000018538;154 709 646;A01;0;7;0;1;3;9;1;
202000018539;154 709 643;A01;1;7;0;2;0;0;1;
202000018539;154 709 644;B01;1;2;0;2;0;0;1;
202000018540;154 709 640;C01;1;7;0;2;1;26;0;
202000018540;154 709 641;B01;1;7;0;2;4;0;0;
202000018540;154 709 642;A01;1;7;0;2;1;10;0;
202000018541;154 709 638;B01;2;1;0;2;1;1;5;
202000018541;154 709 639;A01;1;7;0;2;1;15;1;
202000018542;154 709 636;B01;2;7;0;2;1;1;1;
202000018542;154 709 637;A01;1;33;0;2;1;13;1;
202000018543;154 709 635;A01;1;7;9;0;1;1;1;
202000018544;154 709 634;A01;3;7;2;0;1;14;1;
202000018545;154 709 630;B01;1;10;0;2;1;2;1;
202000018545;154 709 631;D01;1;7;0;0;4;23;1;
202000018545;154 709 632;C01;1;7;0;9;1;1;1;
202000018545;154 709 633;A01;1;7;0;2;1;2;1;
202000018546;154 709 629;Z01;3;7;0;1;1;15;0;
202000018547;154 709 628;A01;2;7;0;1;1;1;0;
202000018548;154 709 626;Z01;0;37;0;2;0;1;1;0
202000018548;154 709 627;A01;0;7;0;2;2;1;1;
202000018549;154 709 623;C01;1;7;0;2;1;23;1;
202000018549;154 709 624;B01;1;7;0;2;2;1;1;
202000018549;154 709 625;A01;1;7;0;2;3;9;1;
202000018550;154 709 622;A01;1;7;0;1;1;1;0;
202000018551;154 709 621;A01;1;7;0;1;1;1;1;
202000018552;154 709 619;B01;1;7;0;2;1;1;1;
202000018552;154 709 620;A01;1;7;0;2;1;10;1;
202000018553;154 709 616;A01;2;7;0;2;4;1;1;
202000018553;154 709 617;Z01;2;7;0;2;1;2;1;
202000018553;154 709 618;B01;2;7;0;2;4;2;1;
202000018554;154 709 614;B01;1;2;0;2;1;1;1;
202000018554;154 709 615;A01;2;7;0;2;5;15;1;
202000018555;154 709 612;B01;2;30;0;2;1;1;1;
202000018555;154 709 613;Z01;1;32;0;2;1;5;0;
202000018556;154 709 609;C01;0;7;0;2;4;15;1;
202000018556;154 709 610;A01;0;7;0;2;3;16;1;
202000018556;154 709 611;B01;0;7;0;2;1;14;1;
202000018557;154 709 605;C01;1;10;0;2;6;2;1;
202000018557;154 709 606;D01;1;37;0;2;7;2;1;3
202000018557;154 709 607;A01;2;10;0;2;1;1;0;
202000018557;154 709 608;B01;3;7;15;2;3;0;1;
202000018558;154 709 603;A01;1;7;0;2;1;13;1;
202000018558;154 709 604;B01;1;7;0;2;1;15;1;
202000018559;154 709 602;A01;2;7;2;0;2;21;3;
202000018560;154 709 600;B01;1;31;0;2;1;1;1;
202000018560;154 709 601;A01;2;7;0;2;1;19;1;
202000018561;154 709 598;A01;3;1;0;2;1;21;5;
202000018561;154 709 599;B01;3;7;0;2;7;15;1;
202000018562;154 709 597;A01;3;7;1;0;1;1;1;
202000018563;154 709 596;A01;1;60;1;0;1;1;5;
202000018564;154 709 594;A01;1;33;0;2;3;1;1;
202000018564;154 709 595;B01;2;33;0;2;3;1;1;
202000018565;154 709 593;A01;1;7;0;1;1;9;1;
202000018566;154 709 591;B01;3;2;0;2;1;1;1;
202000018566;154 709 592;A01;3;7;0;2;5;15;1;
202000018567;154 709 588;A01;1;43;0;2;3;3;1;
202000018567;154 709 589;C01;1;33;0;2;1;3;1;
202000018567;154 709 590;B01;1;10;0;2;5;1;1;
202000018568;154 709 586;A01;1;32;0;2;3;3;1;
202000018568;154 709 587;Z01;1;7;0;2;5;12;0;
202000018569;154 709 584;B01;1;33;0;2;1;3;1;
202000018569;154 709 585;A01;1;7;0;2;7;12;1;
202000018570;154 709 582;A01;1;7;0;2;7;1;1;
202000018570;154 709 583;B01;1;30;0;2;8;18;1;
202000018571;154 709 581;A01;1;33;0;1;1;1;1;
202000018572;154 709 580;A01;0;50;0;1;1;13;3;
202000018573;154 709 578;A01;1;30;0;2;1;2;1;
202000018573;154 709 579;Z01;1;7;0;2;4;2;0;
202000018574;154 709 577;Z01;2;30;0;1;0;1;0;
202000018575;154 709 575;B01;1;30;0;2;2;1;3;
202000018575;154 709 576;A01;1;7;0;2;3;9;1;
202000018576;154 709 573;A01;2;1;0;2;8;19;5;
202000018576;154 709 574;B01;0;43;0;2;1;1;1;
202000018577;154 709 571;A01;1;7;0;2;3;10;1;
202000018577;154 709 572;B01;1;32;0;2;1;1;1;
202000018578;154 709 570;A01;1;7;1;0;2;13;3;
202000018579;154 709 569;A01;1;1;0;1;1;1;5;
202000018580;154 709 567;B01;2;7;0;2;2;16;1;
202000018580;154 709 568;A01;2;30;0;2;8;18;1;
202000018581;154 709 566;A01;1;50;0;1;1;1;3;
202000018582;154 709 564;B01;1;7;0;2;7;16;1;
202000018582;154 709 565;A01;1;34;0;2;8;18;1;
202000018583;154 709 563;A01;2;1;0;0;2;21;5;
202000018584;154 709 562;A01;2;32;0;1;3;1;1;
202000018585;154 709 560;A01;3;33;0;2;1;16;1;
202000018585;154 709 561;B01;3;7;0;2;4;4;1;
202000018586;154 709 558;B01;2;50;0;2;0;1;3;
202000018586;154 709 559;A01;1;1;0;2;0;17;5;
202000018587;154 709 557;A01;1;1;0;0;8;1;5;
202000018588;154 709 554;A01;1;32;0;2;6;2;1;
202000018588;154 709 555;Z01;1;7;0;2;0;2;0;
202000018588;154 709 556;B01;1;1;0;2;8;7;5;
202000018589;154 709 553;A01;3;7;14;1;6;10;1;
202000018590;154 709 551;A01;1;7;0;2;7;1;1;
202000018590;154 709 552;B01;1;7;0;2;1;15;1;
202000018591;154 709 549;B01;2;50;0;2;8;19;3;
202000018591;154 709 550;A01;1;7;0;2;1;1;0;
202000018592;154 709 548;Z01;0;7;0;1;4;4;0;
202000018593;154 709 547;A01;1;7;0;1;1;1;1;
202000018594;154 709 546;A01;-1;7;0;1;0;-1;-1;
202000018595;154 709 545;A01;1;10;0;2;1;1;1;
202000018596;154 709 544;A01;3;37;0;1;3;21;1;1
202000018597;154 709 542;B01;1;20;0;2;4;4;0;
202000018597;154 709 543;A01;2;0;0;2;1;2;0;
202000018598;154 709 540;A01;1;7;0;2;4;23;0;
202000018598;154 709 541;B01;1;14;0;2;1;1;0;
202000018599;154 709 538;A01;1;7;0;2;3;10;1;
202000018599;154 709 539;B01;1;33;0;2;1;2;1;
202000018600;154 709 537;A01;3;7;0;1;1;15;1;
202000018601;154 709 534;C01;2;7;0;2;4;0;1;
202000018601;154 709 535;B01;2;7;0;2;1;2;1;
202000018601;154 709 536;A01;2;7;0;2;1;2;1;
202000018602;154 709 532;A01;1;10;0;2;1;19;1;
202000018602;154 709 533;B01;2;32;0;2;1;1;0;
202000018603;154 709 531;A01;2;7;0;1;3;15;1;
202000018604;154 709 530;A01;2;30;0;0;8;1;1;
202000018605;154 709 529;A01;2;7;16;0;0;1;1;
202000018606;154 709 526;B01;2;7;0;2;6;23;0;
202000018606;154 709 527;A01;2;7;0;0;4;23;0;
202000018606;154 709 528;C01;2;10;0;2;1;2;0;
202000018607;154 709 524;A01;1;7;0;2;1;1;1;
202000018607;154 709 525;B01;0;10;0;2;7;19;1;
202000018608;154 709 523;A01;1;7;16;0;1;14;1;
202000018609;154 709 522;A01;2;32;0;0;8;3;1;
202000018610;154 709 517;A01;1;7;8;0;2;1;1;
202000018611;154 709 514;A01;1;7;0;2;1;13;1;
202000018611;154 709 515;B01;2;10;0;2;3;0;1;
202000018611;154 709 516;C01;1;7;0;2;3;13;1;
202000018612;154 709 512;B01;2;14;0;2;2;1;1;
202000018612;154 709 513;A01;2;3;0;2;3;19;1;
202000018613;154 709 510;B01;2;10;0;2;1;0;1;
202000018613;154 709 511;A01;1;7;0;2;1;13;1;
202000018614;154 709 508;B01;2;20;0;2;6;2;1;
202000018614;154 709 509;A01;2;30;0;2;1;2;1;
202000018615;154 709 507;A01;3;1;13;0;9;1;5;
202000018616;154 709 506;A01;2;33;0;0;0;0;1;
202000018617;154 709 504;A01;3;7;0;2;2;9;1;
202000018617;154 709 505;B01;2;7;0;2;3;1;1;
202000018618;154 709 502;B01;2;2;0;2;5;1;1;
202000018618;154 709 503;A01;1;7;0;2;3;15;0;
202000018619;154 709 499;A01;1;10;0;1;2;1;1;
202000018620;154 709 498;A01;2;7;13;0;2;1;1;
202000018621;154 709 497;A01;3;7;0;0;0;1;1;
202000018622;154 709 495;A01;0;7;0;2;1;13;1;
202000018622;154 709 496;B01;0;7;0;2;1;1;1;
202000018623;154 709 493;B01;1;7;0;2;1;1;1;
202000018623;154 709 494;A01;2;7;0;2;2;1;1;
202000018624;154 709 491;A01;0;2;0;2;1;1;1;
202000018624;154 709 492;B01;0;7;0;2;5;23;1;
202000018625;154 709 490;A01;2;7;17;0;3;0;1;
202000018626;154 709 489;A01;2;7;13;0;2;1;0;
202000018627;154 709 487;A01;1;31;0;2;1;1;1;
202000018627;154 709 488;B01;1;7;0;2;5;1;1;
202000018628;154 709 485;B01;2;7;0;2;4;2;1;
202000018628;154 709 486;A01;2;15;0;2;1;2;1;
202000018629;154 709 483;A01;2;15;0;2;8;23;1;
202000018629;154 709 484;B01;2;15;1;0;7;2;1;
202000018630;154 709 482;A01;2;17;0;0;8;1;1;
202000018631;154 709 480;B01;0;7;0;2;6;15;1;