num_acc;id_vehicule;num_veh;senc;catv;obs;obsm;choc;manv;motor;occutc
202000018631;154 709 481;A01;0;7;0;2;2;17;1;
202000018632;154 709 479;A01;1;7;6;0;9;14;1;
202000018633;154 709 477;A01;1;7;0;2;5;12;0;
202000018633;154 709 478;B01;1;33;0;2;1;3;0;
202000018634;154 709 473;A01;1;7;0;1;1;1;1;
202000018635;154 709 471;B01;1;7;0;2;4;9;1;
202000018635;154 709 472;A01;1;7;0;2;1;2;1;
202000018636;154 709 469;C01;2;10;0;2;8;14;1;
202000018636;154 709 470;A01;2;10;0;2;7;1;1;
202000018637;154 709 467;B01;2;7;0;2;4;2;1;
202000018637;154 709 468;A01;2;7;0;2;1;1;1;
202000018638;154 709 465;A01;2;10;0;2;1;1;1;
202000018638;154 709 466;B01;2;10;0;2;4;1;1;
202000018639;154 709 463;B01;2;7;0;2;4;12;1;
202000018639;154 709 464;A01;2;33;0;2;1;3;1;
202000018640;154 709 461;B01;2;7;0;2;6;14;1;
202000018640;154 709 462;A01;2;33;0;2;1;3;1;
202000018641;154 709 459;A01;1;7;1;0;2;2;2;
202000018641;154 709 460;B01;1;10;4;2;4;23;1;
202000018642;154 709 457;A01;1;7;0;2;4;2;1;
202000018642;154 709 458;Z01;1;0;0;2;1;2;0;
202000018643;154 709 454;A01;1;7;0;2;5;2;1;
202000018643;154 709 455;C01;1;33;0;2;1;3;1;
202000018643;154 709 456;B01;1;7;0;2;3;2;1;
202000018644;154 709 452;A01;1;7;0;2;6;11;1;
202000018644;154 709 453;B01;1;33;0;2;1;3;1;
202000018645;154 709 450;A01;3;7;0;2;3;9;1;
202000018645;154 709 451;B01;3;7;0;2;7;19;1;
202000018646;154 709 448;A01;1;7;0;2;1;16;0;
202000018646;154 709 449;B01;3;1;0;2;1;0;0;
202000018647;154 709 447;A01;1;7;0;1;3;1;1;
202000018648;154 709 446;A01;3;7;6;2;1;26;1;
202000018649;154 709 445;A01;2;7;8;0;2;14;6;
202000018650;154 709 442;A01;2;7;0;1;2;1;1;
202000018651;154 709 440;A01;1;7;0;2;4;23;1;
202000018651;154 709 441;B01;1;10;0;2;1;2;1;
202000018652;154 709 439;A01;3;32;0;1;3;1;1;
202000018653;154 709 437;A01;2;7;0;2;1;26;1;
202000018653;154 709 438;B01;1;31;0;2;7;17;1;
202000018654;154 709 435;B01;2;7;0;2;1;1;0;
202000018654;154 709 436;A01;1;7;0;2;3;1;0;
202000018655;154 709 434;A01;1;7;0;1;2;14;1;
202000018656;154 709 432;A01;2;7;0;2;1;10;1;
202000018656;154 709 433;B01;1;33;0;2;8;1;1;
202000018657;154 709 431;A01;2;7;0;1;1;1;1;
202000018658;154 709 429;A01;2;10;0;2;1;1;1;
202000018658;154 709 430;B01;2;17;0;2;4;1;1;
202000018659;154 709 427;B01;1;7;0;2;4;0;1;
202000018659;154 709 428;A01;1;2;0;2;1;2;1;
202000018660;154 709 425;B01;0;7;0;2;8;1;1;
202000018660;154 709 426;A01;0;7;0;2;1;1;3;
202000018661;154 709 423;B01;0;7;0;2;8;15;1;
202000018661;154 709 424;A01;0;2;0;2;1;1;1;
202000018662;154 709 422;A01;0;7;0;1;1;16;1;
202000018663;154 709 421;A01;3;7;0;1;1;1;-1;
202000018664;154 709 420;A01;2;7;0;1;1;15;0;
202000018665;154 709 419;A01;1;7;2;0;2;13;2;
202000018666;154 709 417;B01;3;7;0;0;0;2;1;
202000018666;154 709 418;A01;3;33;13;0;1;2;1;
202000018667;154 709 414;A01;1;7;0;2;2;15;1;
202000018667;154 709 415;C01;1;7;0;9;0;1;1;
202000018667;154 709 416;B01;2;33;0;2;1;1;1;
202000018668;154 709 412;B01;2;21;0;2;1;5;1;
202000018668;154 709 413;A01;1;33;0;2;1;1;1;
202000018669;154 709 410;B01;2;7;0;2;3;15;1;
202000018669;154 709 411;A01;1;31;0;2;1;1;1;
202000018670;154 709 409;A01;1;33;0;6;1;1;1;
202000018671;154 709 407;A01;1;7;0;0;5;2;1;
202000018671;154 709 408;B01;1;7;0;2;3;2;1;
202000018672;154 709 405;A01;1;7;3;0;3;1;1;
202000018673;154 709 403;B01;1;7;3;2;6;1;2;
202000018673;154 709 404;A01;1;15;0;2;2;12;1;
202000018674;154 709 402;B01;2;7;0;1;2;1;0;
202000018675;154 709 400;A01;1;2;1;0;2;0;1;
202000018675;154 709 401;B01;0;7;0;2;6;24;1;
202000018676;154 709 398;B01;1;7;0;2;8;1;1;
202000018676;154 709 399;A01;2;7;0;2;3;1;1;
202000018677;154 709 396;B01;1;33;8;2;1;1;1;
202000018677;154 709 397;A01;0;7;0;2;0;9;1;
202000018678;154 709 395;A01;3;1;0;0;9;0;5;
202000018679;154 709 394;A01;1;7;2;0;1;21;1;
202000018680;154 709 393;A01;3;2;12;0;7;26;0;
202000018681;154 709 391;A01;1;15;0;2;6;1;1;
202000018681;154 709 392;B01;2;7;0;2;3;1;1;
202000018682;154 709 389;A01;1;33;0;2;1;1;1;
202000018682;154 709 390;B01;2;10;0;2;3;1;1;
202000018683;154 709 388;A01;1;7;2;0;1;1;1;
202000018684;154 709 387;A01;2;7;0;0;9;13;1;
202000018685;154 709 385;B01;0;1;0;2;8;19;5;
202000018685;154 709 386;A01;0;31;0;9;1;1;1;
202000018686;154 709 384;A01;2;33;0;6;1;1;1;
202000018687;154 709 380;C01;1;7;0;2;1;1;1;
202000018687;154 709 381;B01;1;7;0;2;1;1;1;
202000018687;154 709 382;A01;1;7;0;2;1;13;1;
202000018688;154 709 378;A01;2;7;0;2;8;2;1;
202000018688;154 709 379;B01;2;13;0;2;2;12;1;
202000018689;154 709 376;B01;2;7;0;2;1;2;1;
202000018689;154 709 377;A01;2;7;0;2;4;1;1;
202000018690;154 709 373;B01;2;7;0;2;2;2;1;
202000018690;154 709 374;A01;2;7;0;2;6;2;1;
202000018690;154 709 375;C01;2;7;0;9;9;2;1;
202000018691;154 709 372;A01;1;7;4;0;3;15;1;
202000018692;154 709 369;A01;2;7;0;2;1;1;1;
202000018692;154 709 370;B01;2;7;0;2;1;1;1;
202000018692;154 709 371;C01;2;7;0;2;4;1;1;
202000018693;154 709 368;A01;2;7;4;0;9;0;1;
202000018694;154 709 367;A01;2;33;0;0;9;1;1;
202000018695;154 709 366;A01;2;7;4;0;2;17;1;
202000018696;154 709 365;A01;1;33;0;2;8;1;1;
202000018697;154 709 361;B01;2;10;0;2;1;2;1;
202000018697;154 709 362;C01;2;7;0;2;1;2;1;
202000018697;154 709 363;A01;2;10;0;2;4;2;1;
202000018697;154 709 364;D01;2;7;0;2;1;2;1;
202000018698;154 709 360;A01;2;7;3;0;2;1;1;
202000018699;154 709 357;A01;1;34;0;2;1;17;1;
202000018699;154 709 358;B01;1;7;0;2;8;15;1;
202000018700;154 709 355;B01;2;7;0;2;1;1;0;
202000018700;154 709 356;A01;2;7;0;2;7;9;0;
202000018701;154 709 353;A01;1;7;0;2;1;1;0;
202000018701;154 709 354;B01;1;7;8;2;7;1;0;
202000018702;154 709 351;B01;2;33;0;2;3;1;1;
202000018702;154 709 352;A01;2;7;0;2;1;11;1;
202000018703;154 709 349;B01;2;10;0;2;2;1;1;
202000018703;154 709 350;A01;1;10;0;2;3;1;1;
202000018704;154 709 347;A01;1;7;0;2;4;1;1;
202000018704;154 709 348;B01;2;7;0;2;1;1;0;
202000018705;154 709 343;A01;0;7;0;2;1;1;1;
202000018705;154 709 344;B01;0;7;0;2;4;1;1;
202000018706;154 709 342;A01;1;7;1;2;7;1;1;
202000018707;154 709 340;A01;2;7;0;2;3;13;1;
202000018707;154 709 341;B01;1;7;0;2;3;1;1;
202000018708;154 709 339;A01;1;7;13;0;1;21;1;
202000018709;154 709 337;A01;3;7;0;2;4;9;1;
202000018709;154 709 338;B01;3;14;0;2;4;2;1;
202000018710;154 709 335;B01;1;33;0;2;1;17;0;
202000018710;154 709 336;A01;1;7;0;2;3;15;0;
202000018711;154 709 334;A01;2;7;1;0;1;1;0;
202000018712;154 709 333;B01;3;7;1;0;1;0;1;
202000018713;154 709 331;A01;1;33;0;2;1;13;1;
202000018713;154 709 332;B01;2;7;0;2;3;1;1;
202000018714;154 709 329;A01;3;7;0;2;2;26;1;
202000018714;154 709 330;B01;3;7;0;2;8;16;1;
202000018715;154 709 328;A01;1;7;0;1;1;26;1;
202000018716;154 709 327;A01;2;7;0;1;2;1;1;
202000018717;154 709 326;A01;1;7;2;0;1;14;1;
202000018718;154 709 324;B01;3;7;0;2;8;15;1;
202000018718;154 709 325;A01;3;33;0;2;0;15;1;
202000018719;154 709 323;A01;3;7;17;0;9;1;1;
202000018720;154 709 322;A01;3;7;0;1;6;4;1;
202000018721;154 709 321;A01;2;30;1;0;1;1;1;
202000018722;154 709 320;A01;2;7;0;1;1;1;1;
202000018723;154 709 318;B01;2;7;0;2;4;2;1;
202000018723;154 709 319;A01;2;7;0;2;1;2;1;
202000018724;154 709 316;A01;2;7;0;2;1;9;1;
202000018724;154 709 317;B01;2;7;0;2;5;1;1;
202000018725;154 709 314;A01;2;7;0;2;3;2;1;
202000018725;154 709 315;B01;2;50;0;2;7;16;3;
202000018726;154 709 312;A01;1;7;0;2;2;15;1;
202000018726;154 709 313;B01;1;7;0;2;1;1;1;
202000018727;154 709 310;A01;1;7;12;2;5;1;1;
202000018727;154 709 311;B01;2;7;0;2;2;2;1;
202000018728;154 709 308;A01;0;10;0;9;0;9;1;
202000018728;154 709 309;B01;0;33;0;2;0;21;1;
202000018729;154 709 307;A01;0;10;2;0;1;1;1;
202000018730;154 709 306;Z01;1;7;15;1;1;26;0;
202000018731;154 709 303;A01;1;7;0;0;4;23;1;
202000018731;154 709 304;B01;1;7;0;0;4;23;1;
202000018731;154 709 305;Z01;1;3;0;0;1;2;1;
202000018732;154 709 298;E01;2;7;1;0;5;26;1;
202000018732;154 709 299;D01;2;7;1;0;2;26;1;
202000018732;154 709 300;C01;2;7;0;2;4;23;1;
202000018732;154 709 301;B01;2;2;0;0;8;23;1;
202000018732;154 709 302;A01;2;7;0;2;1;1;1;
202000018733;154 709 297;A01;1;7;8;0;1;1;1;
202000018734;154 709 296;A01;2;32;14;0;0;21;1;
202000018735;154 709 294;B01;1;7;0;2;7;1;1;
202000018735;154 709 295;A01;3;7;0;2;1;1;1;
202000018736;154 709 292;B01;1;7;0;2;8;1;1;
202000018736;154 709 293;A01;1;33;0;2;2;14;1;
202000018737;154 709 290;A01;2;7;0;2;8;11;1;
202000018737;154 709 291;B01;2;31;0;2;7;3;1;
202000018738;154 709 288;A01;1;7;0;2;1;1;1;
202000018738;154 709 289;B01;1;32;0;2;8;1;1;
202000018739;154 709 286;A01;2;1;0;2;4;12;5;
202000018739;154 709 287;Z01;2;31;0;2;1;18;0;
202000018740;154 709 285;Z01;0;30;0;1;0;1;0;
202000018741;154 709 283;A01;2;1;0;2;1;14;5;
202000018741;154 709 284;B01;1;1;0;2;0;1;5;
202000018742;154 709 282;A01;1;32;1;1;1;17;1;
202000018743;154 709 280;A01;2;50;0;2;1;5;3;
202000018743;154 709 281;B01;1;1;0;2;1;1;5;
202000018744;154 709 278;A01;1;7;0;2;2;2;1;
202000018744;154 709 279;B01;1;10;0;2;4;2;1;
202000018745;154 709 276;A01;2;43;0;2;8;1;1;
202000018745;154 709 277;B01;2;1;0;2;8;9;5;
202000018746;154 709 274;A01;2;50;0;2;3;1;3;
202000018746;154 709 275;B01;2;7;0;2;1;1;1;
202000018747;154 709 271;Z01;3;7;0;2;1;1;1;
202000018747;154 709 272;B01;1;31;0;2;2;7;1;
202000018747;154 709 273;C01;1;7;0;2;3;23;1;
202000018748;154 709 270;A01;2;33;1;0;2;14;1;
202000018749;154 709 269;A01;2;50;14;0;3;14;3;
202000018750;154 709 267;B01;2;50;0;2;1;15;3;
202000018750;154 709 268;A01;1;1;0;2;1;1;5;
202000018751;154 709 266;A01;2;7;0;1;1;1;1;
202000018752;154 709 264;A01;1;7;0;2;7;9;1;
202000018752;154 709 265;B01;2;32;0;2;1;1;1;
202000018753;154 709 262;B01;2;7;0;2;4;23;1;
202000018753;154 709 263;A01;2;2;0;2;1;0;1;
202000018754;154 709 260;A01;0;30;0;2;1;15;0;
202000018754;154 709 261;B01;0;7;0;2;5;15;0;
202000018755;154 709 258;B01;3;1;0;2;1;16;5;
202000018755;154 709 259;A01;3;7;0;2;2;2;1;
202000018756;154 709 256;B01;3;33;0;2;0;0;0;
202000018756;154 709 257;A01;3;32;0;2;5;16;0;
202000018757;154 709 255;A01;0;7;0;1;3;1;0;
202000018758;154 709 254;A01;3;10;0;1;1;26;0;
202000018759;154 709 252;A01;-1;7;0;2;1;16;1;
202000018759;154 709 253;B01;3;7;0;2;8;16;0;
202000018760;154 709 251;A01;2;10;0;1;2;1;0;
202000018761;154 709 250;A01;1;7;0;1;1;1;1;
202000018762;154 709 249;A01;0;30;0;0;0;1;0;
202000018763;154 709 247;A01;1;7;9;9;2;16;1;
202000018763;154 709 248;B01;1;50;9;2;8;1;3;
202000018764;154 709 245;B01;2;31;0;2;7;17;1;
202000018764;154 709 246;A01;2;7;0;2;8;13;1;
202000018765;154 709 243;A01;1;7;0;2;1;9;1;
202000018765;154 709 244;B01;1;7;0;0;6;1;1;
202000018766;154 709 241;B01;0;2;0;2;1;19;1;
202000018766;154 709 242;A01;0;3;0;2;8;19;2;
202000018767;154 709 239;A01;2;80;0;0;0;0;3;
202000018767;154 709 240;B01;2;7;0;2;0;9;1;
202000018768;154 709 237;A01;1;7;0;2;3;15;1;
202000018768;154 709 238;B01;2;33;0;2;1;1;1;
202000018769;154 709 235;A01;2;33;0;2;1;1;1;
202000018769;154 709 236;B01;2;7;0;2;2;9;1;
202000018770;154 709 233;A01;1;7;0;2;2;15;1;
202000018770;154 709 234;B01;2;2;0;2;3;1;1;
202000018771;154 709 230;A01;3;7;15;0;0;1;1;
202000018772;154 709 228;A01;3;7;0;2;2;13;1;
202000018772;154 709 229;B01;3;7;0;2;1;1;1;
202000018773;154 709 227;A01;0;31;1;0;1;0;0;
202000018774;154 709 226;A01;1;34;14;0;1;1;0;
202000018775;154 709 224;A01;2;7;0;2;8;17;0;
202000018775;154 709 225;B01;1;1;0;2;3;21;5;
202000018776;154 709 223;A01;2;7;2;0;3;1;0;
202000018777;154 709 221;A01;2;7;0;2;1;13;1;
202000018777;154 709 222;B01;1;33;0;2;1;1;1;
202000018778;154 709 218;C01;1;33;0;2;8;2;1;
202000018778;154 709 219;B01;1;7;0;2;4;2;0;
202000018778;154 709 220;A01;1;7;0;2;1;2;1;
202000018779;154 709 216;B01;1;7;0;2;4;2;0;
202000018779;154 709 217;A01;1;7;0;2;1;2;0;
202000018780;154 709 212;B01;3;7;0;2;3;1;1;
202000018780;154 709 213;A01;3;2;0;2;1;13;1;
202000018781;154 709 208;A01;1;7;13;0;3;1;0;
202000018782;154 709 207;A01;1;7;13;0;1;1;1;
202000018783;154 709 205;B01;3;7;0;2;2;13;1;
202000018783;154 709 206;A01;3;30;0;2;7;13;1;
202000018784;154 709 204;A01;1;2;12;0;1;0;0;
202000018785;154 709 203;A01;1;33;0;0;1;1;1;
202000018786;154 709 201;A01;0;7;0;2;2;19;1;
202000018786;154 709 202;B01;2;33;0;2;1;1;1;
202000018787;154 709 200;A01;0;33;2;0;8;0;1;
202000018788;154 709 199;A01;1;7;6;0;2;0;1;
202000018789;154 709 197;A01;2;7;1;0;2;1;1;
202000018789;154 709 198;B01;2;13;0;1;6;23;1;
202000018790;154 709 195;B01;1;7;0;0;3;1;1;
202000018790;154 709 196;A01;1;7;0;2;1;19;1;
202000018791;154 709 194;A01;1;1;0;1;7;1;5;
202000018792;154 709 193;A01;2;35;15;0;2;0;1;
202000018793;154 709 192;A01;1;3;0;0;2;14;1;
202000018794;154 709 191;A01;2;1;0;1;1;1;5;
202000018795;154 709 190;A01;1;7;0;1;3;1;1;
202000018796;154 709 187;A01;1;7;0;2;2;2;1;
202000018796;154 709 188;C01;1;1;0;2;0;2;5;
202000018796;154 709 189;B01;1;1;0;2;4;2;5;
202000018797;154 709 185;B01;1;33;0;2;1;1;6;
202000018797;154 709 186;A01;2;21;0;2;1;15;6;
202000018798;154 709 183;A01;3;1;0;2;0;1;5;
202000018798;154 709 184;B01;3;21;0;2;8;1;1;
202000018799;154 709 181;B01;2;31;0;2;1;13;1;
202000018799;154 709 182;A01;1;7;0;2;3;1;1;
202000018800;154 709 179;A01;2;33;0;2;3;13;1;
202000018800;154 709 180;B01;1;7;0;2;3;1;1;
202000018801;154 709 177;B01;1;7;7;2;1;1;0;
202000018801;154 709 178;A01;0;7;0;2;3;16;1;
202000018802;154 709 175;B01;1;1;0;2;1;1;5;
202000018802;154 709 176;A01;2;7;0;2;3;13;1;
202000018803;154 709 174;A01;2;33;13;0;1;1;1;
202000018804;154 709 171;C01;2;7;0;2;6;1;1;
202000018804;154 709 172;B01;1;7;0;2;3;1;1;
202000018804;154 709 173;A01;2;7;0;2;3;17;1;
202000018805;154 709 169;A01;1;33;13;2;3;13;1;
202000018805;154 709 170;B01;1;33;0;2;8;1;1;
202000018806;154 709 168;A01;3;34;0;0;7;26;1;
202000018807;154 709 164;A01;1;7;0;2;3;13;1;
202000018807;154 709 165;B01;2;7;0;2;3;1;1;
202000018808;154 709 162;B01;2;7;0;0;0;1;1;
202000018808;154 709 163;A01;1;33;0;0;7;1;1;
202000018809;154 709 160;A01;1;33;0;2;1;2;1;
202000018809;154 709 161;B01;1;15;0;0;4;2;1;
202000018810;154 709 158;A01;3;2;0;2;1;2;1;
202000018810;154 709 159;B01;3;7;0;2;4;2;1;
202000018811;154 709 156;A01;1;7;0;2;2;14;6;
202000018811;154 709 157;B01;1;7;0;2;3;1;1;
202000018812;154 709 154;A01;1;7;0;2;7;15;1;
202000018812;154 709 155;B01;2;33;0;2;1;1;1;
202000018813;154 709 153;A01;1;7;3;0;2;1;1;
202000018814;154 709 151;A01;2;7;0;2;3;9;1;
202000018814;154 709 152;B01;2;10;0;2;2;1;1;
202000018815;154 709 145;A01;1;7;0;2;3;2;1;
202000018815;154 709 146;B01;1;7;0;0;7;2;1;
202000018815;154 709 147;C01;1;7;0;2;7;2;1;
202000018815;154 709 148;D01;1;7;0;0;8;2;1;
202000018815;154 709 149;E01;1;7;0;0;4;2;1;
202000018815;154 709 150;F01;1;7;0;0;4;1;1;
202000018816;154 709 143;A01;2;7;0;2;1;2;1;
202000018816;154 709 144;B01;2;7;0;0;4;2;1;
202000018817;154 709 140;B01;2;33;0;2;1;1;1;
202000018817;154 709 141;A01;1;7;0;2;1;11;1;
202000018818;154 709 139;A01;2;33;7;0;1;13;1;
202000018819;154 709 138;A01;3;7;7;1;4;26;1;
202000018820;154 709 136;A01;2;2;0;0;4;15;1;
202000018820;154 709 137;B01;2;33;7;0;1;0;1;
202000018821;154 709 135;A01;1;34;16;0;1;1;1;
202000018822;154 709 134;A01;2;1;0;0;1;0;5;
202000018823;154 709 132;B01;1;7;0;2;3;1;1;
202000018823;154 709 133;A01;1;7;2;2;2;14;1;
202000018824;154 709 130;B01;1;33;0;2;2;1;1;
202000018824;154 709 131;A01;2;13;0;2;5;15;1;
202000018825;154 709 129;A01;2;7;3;0;2;17;1;
202000018826;154 709 127;A01;3;7;0;4;8;23;1;
202000018826;154 709 128;B01;0;39;0;2;1;1;6;
202000018827;154 709 125;B01;1;7;0;2;1;5;1;
202000018827;154 709 126;A01;2;7;0;2;1;1;1;
202000018828;154 709 124;A01;1;2;0;0;7;23;1;
202000018829;154 709 123;A01;3;1;0;1;1;1;5;
202000018830;154 709 119;D01;1;7;0;2;1;2;1;
202000018830;154 709 120;C01;1;7;0;2;4;2;1;
202000018830;154 709 121;B01;1;7;0;2;4;2;1;
202000018830;154 709 122;A01;1;7;0;2;4;1;1;
202000018831;154 709 114;A01;2;7;0;2;4;1;1;
202000018831;154 709 115;B01;2;7;0;2;1;2;1;
202000018831;154 709 116;C01;2;7;0;2;1;2;1;
202000018831;154 709 117;D01;2;7;0;2;1;2;0;
202000018831;154 709 118;E01;2;7;0;2;1;2;2;
202000018832;154 709 112;B01;2;7;0;2;1;2;1;
202000018832;154 709 113;A01;2;7;0;2;4;2;1;
202000018833;154 709 110;A01;2;7;14;2;3;13;1;
202000018833;154 709 111;B01;2;7;0;2;7;1;1;
202000018834;154 709 108;B01;2;0;0;2;1;0;-1;
202000018834;154 709 109;A01;2;7;0;2;4;1;1;
202000018835;154 709 103;C01;1;7;0;2;1;2;1;
202000018835;154 709 104;B01;1;7;0;2;1;2;1;
202000018835;154 709 105;A01;1;7;0;2;2;2;1;
202000018835;154 709 106;E01;1;7;0;2;4;2;1;
202000018835;154 709 107;D01;1;7;0;2;1;2;1;
202000018836;154 709 101;A01;1;7;0;2;1;1;1;
202000018836;154 709 102;B01;1;7;0;2;6;11;1;
202000018837;154 709 099;A01;1;7;3;0;4;23;1;
202000018837;154 709 100;B01;1;7;1;0;1;1;0;
202000018838;154 709 098;A01;1;7;4;0;1;13;1;
202000018839;154 709 097;A01;2;33;0;2;2;1;1;
202000018840;154 709 096;A01;2;7;4;0;1;14;1;
202000018841;154 709 094;B01;1;7;0;2;4;2;1;
202000018841;154 709 095;A01;1;10;0;2;1;1;1;
202000018842;154 709 093;A01;2;31;0;2;1;1;1;
202000018843;154 709 091;A01;2;30;12;2;7;17;1;
202000018843;154 709 092;B01;2;7;0;2;3;13;1;
202000018844;154 709 089;B01;1;1;0;2;7;0;5;
202000018844;154 709 090;A01;0;7;0;9;2;9;1;
202000018845;154 709 088;A01;3;7;4;1;1;26;1;
202000018846;154 709 087;A01;3;37;0;1;3;15;1;1
202000018847;154 709 086;A01;1;7;6;0;2;9;1;
202000018848;154 709 085;A01;2;7;0;1;1;1;1;
202000018849;154 709 083;B01;3;7;0;2;1;19;1;
202000018849;154 709 084;A01;3;32;0;2;1;19;1;
202000018850;154 709 082;A01;1;7;0;2;9;21;1;
202000018851;154 709 079;C01;2;7;0;2;3;1;0;
202000018851;154 709 080;B01;1;7;0;2;1;13;1;
202000018851;154 709 081;A01;2;7;0;2;1;1;1;
202000018852;154 709 077;A01;2;7;0;2;6;11;0;
202000018852;154 709 078;B01;2;33;0;2;2;2;0;
202000018853;154 709 076;A01;3;7;2;0;0;1;0;
202000018854;154 709 075;A01;1;33;16;0;1;1;-1;
202000018855;154 709 074;A01;3;1;0;0;1;26;5;
202000018856;154 709 072;B01;1;7;0;0;1;1;1;
202000018856;154 709 073;A01;2;7;0;2;1;17;1;
202000018857;154 709 069;A01;1;7;3;0;1;2;1;
202000018858;154 709 068;A01;2;1;0;0;0;1;5;
202000018859;154 709 067;A01;1;1;0;9;1;2;6;
202000018860;154 709 065;A01;2;7;0;2;3;1;1;
202000018860;154 709 066;B01;3;7;0;2;2;19;1;
202000018861;154 709 064;A01;2;33;7;0;1;1;1;
202000018862;154 709 062;B01;3;7;0;2;3;1;1;
202000018862;154 709 063;A01;3;7;0;2;3;13;1;
202000018863;154 709 061;A01;0;7;0;1;1;20;1;
202000018864;154 709 059;B01;2;7;0;2;2;21;1;
202000018864;154 709 060;A01;1;7;0;0;7;15;1;
202000018865;154 709 058;A01;2;7;16;0;3;1;1;
202000018866;154 709 056;A01;2;7;0;2;7;19;1;
202000018866;154 709 057;B01;2;7;0;2;1;1;1;
202000018867;154 709 055;A01;1;7;15;0;0;1;1;
202000018868;154 709 054;A01;1;2;12;0;0;1;1;
202000018869;154 709 052;A01;1;7;13;2;1;1;1;
202000018869;154 709 053;B01;2;17;0;2;1;1;1;
202000018870;154 709 051;A01;2;7;13;9;1;1;1;
202000018871;154 709 050;A01;2;7;2;0;1;13;1;
202000018872;154 709 049;A01;3;7;2;0;1;13;1;
202000018873;154 709 047;B01;2;31;0;2;1;1;1;
202000018873;154 709 048;A01;1;7;0;2;7;15;1;
202000018874;154 709 046;A01;0;7;6;1;3;14;1;
202000018875;154 709 045;A01;1;7;2;0;1;1;0;
202000018876;154 709 043;B01;1;36;0;2;4;9;1;
202000018876;154 709 044;A01;3;7;0;2;4;1;1;
202000018877;154 709 041;B01;1;7;0;2;1;1;1;
202000018877;154 709 042;A01;1;10;0;0;3;15;1;
202000018878;154 709 040;A01;0;7;13;0;1;13;1;
202000018879;154 709 036;A01;1;7;0;2;2;1;1;
202000018879;154 709 037;D01;1;34;0;2;1;13;1;
202000018879;154 709 038;C01;1;34;0;2;1;18;1;
202000018879;154 709 039;B01;2;7;0;2;3;1;1;
202000018880;154 709 035;A01;2;2;8;0;1;0;1;
202000018881;154 709 034;A01;1;7;13;0;1;13;0;
202000018882;154 709 032;A01;1;7;0;2;1;1;1;
202000018882;154 709 033;B01;1;7;3;0;4;1;1;
202000018883;154 709 030;B01;2;7;0;2;6;2;1;
202000018883;154 709 031;A01;2;7;0;2;1;2;1;
202000018884;154 709 027;B01;1;33;0;2;1;1;1;
202000018884;154 709 028;A01;1;10;0;2;3;9;1;
202000018885;154 709 025;B01;0;7;8;2;1;1;1;
202000018885;154 709 026;A01;1;7;8;0;5;1;1;
202000018886;154 709 023;A01;2;7;0;2;8;13;1;
202000018886;154 709 024;B01;1;13;0;2;8;1;1;
202000018887;154 709 022;A01;2;38;13;0;2;1;1;4
202000018888;154 709 020;A01;3;7;0;2;3;16;1;
202000018888;154 709 021;B01;3;2;0;2;7;15;1;
202000018889;154 709 018;B01;2;33;0;2;1;21;1;
202000018889;154 709 019;A01;1;7;0;9;3;3;1;
202000018890;154 709 014;B01;2;15;0;2;1;1;1;
202000018890;154 709 015;A01;1;7;0;2;1;13;1;
202000018890;154 709 016;C01;1;7;0;2;1;1;1;
202000018891;154 709 013;A01;3;33;0;0;0;1;1;
202000018892;154 709 012;A01;2;7;0;1;2;1;1;
202000018893;154 709 010;B01;1;7;0;2;2;2;1;
202000018893;154 709 011;A01;1;2;0;0;4;2;1;
202000018894;154 709 008;B01;0;7;0;2;2;15;1;
202000018894;154 709 009;A01;0;33;0;2;1;5;1;
202000018895;154 709 006;B01;1;7;0;2;3;1;1;
202000018895;154 709 007;A01;1;80;0;2;1;0;3;
202000018896;154 709 005;A01;2;7;14;0;9;0;1;
202000018897;154 709 004;A01;3;13;0;1;1;1;1;
202000018898;154 709 001;A01;2;7;0;2;4;1;1;
202000018898;154 709 002;B01;2;7;0;2;1;1;1;
202000018898;154 709 003;C01;2;7;0;2;1;1;0;
202000018899;154 708 998;A01;2;7;0;2;4;1;1;
202000018899;154 708 999;B01;2;7;0;2;4;1;1;
202000018899;154 709 000;C01;2;7;0;2;1;1;1;
202000018900;154 708 997;A01;2;7;4;2;3;1;1;
202000018901;154 708 995;B01;2;33;0;2;1;3;1;
202000018901;154 708 996;A01;2;7;0;2;5;1;1;
202000018902;154 708 992;C01;1;7;0;2;1;2;1;
202000018902;154 708 993;B01;1;7;0;2;4;2;1;
202000018902;154 708 994;A01;1;7;0;2;4;2;1;
202000018903;154 708 990;A01;1;13;0;2;4;2;1;
202000018903;154 708 991;B01;1;7;3;2;2;2;1;
202000018904;154 708 988;A01;2;7;0;9;5;1;1;
202000018904;154 708 989;B01;2;33;0;2;8;26;1;
202000018905;154 708 986;B01;1;7;0;0;4;2;1;
202000018905;154 708 987;A01;1;7;0;2;1;2;1;
202000018906;154 708 985;A01;2;7;4;0;7;14;6;
202000018907;154 708 983;B01;1;10;0;2;5;2;1;
202000018907;154 708 984;A01;1;33;0;2;3;21;1;
202000018908;154 708 982;A01;2;7;5;0;3;11;1;
202000018909;154 708 981;Y01;1;1;0;2;0;19;6;
202000018910;154 708 979;Z01;2;7;0;2;0;13;0;
202000018910;154 708 980;A01;2;33;0;2;7;1;1;
202000018911;154 708 977;B01;1;2;0;2;4;2;1;
202000018911;154 708 978;A01;1;7;0;2;1;2;1;