num_acc;id_vehicule;num_veh;senc;catv;obs;obsm;choc;manv;motor;occutc
202000018912;154 708 976;Z01;1;10;0;1;3;15;0;
202000018913;154 708 974;B01;2;7;0;2;1;15;1;
202000018913;154 708 975;A01;1;2;0;2;1;1;1;
202000018914;154 708 972;A01;1;7;0;2;8;15;1;
202000018914;154 708 973;B01;1;33;0;2;1;1;1;
202000018915;154 708 970;B01;2;30;0;2;1;1;1;
202000018915;154 708 971;A01;1;7;0;2;1;15;1;
202000018916;154 708 969;A01;2;10;0;1;1;16;1;
202000018917;154 708 967;B01;3;32;0;2;2;1;1;
202000018917;154 708 968;A01;3;7;0;2;3;1;1;
202000018918;154 708 965;B01;1;7;0;2;3;9;1;
202000018918;154 708 966;A01;1;7;0;2;1;9;1;
202000018919;154 708 963;A01;1;7;0;2;1;11;0;
202000018919;154 708 964;B01;1;7;0;2;4;1;0;
202000018920;154 708 961;B01;3;7;0;2;1;2;0;
202000018920;154 708 962;A01;3;0;0;2;1;2;0;
202000018921;154 708 960;A01;3;99;0;1;4;4;1;
202000018922;154 708 958;A01;1;1;0;2;1;1;5;
202000018922;154 708 959;B01;1;7;0;2;3;9;1;
202000018923;154 708 956;A01;1;7;0;2;3;1;0;
202000018923;154 708 957;B01;2;7;0;2;3;13;1;
202000018924;154 708 955;A01;0;36;0;0;0;0;1;
202000018925;154 708 954;A01;2;7;13;0;1;13;1;
202000018926;154 708 952;A01;1;7;0;0;0;1;1;
202000018927;154 708 950;B01;1;7;0;2;7;23;1;
202000018927;154 708 951;A01;3;7;0;2;4;4;1;
202000018928;154 708 949;A01;3;31;2;0;1;26;1;
202000018929;154 708 947;B01;2;32;0;2;1;1;1;
202000018929;154 708 948;A01;1;7;0;2;7;15;1;
202000018930;154 708 945;A01;3;33;0;2;5;23;1;
202000018930;154 708 946;B01;3;10;0;2;2;2;1;
202000018931;154 708 943;B01;3;7;0;2;8;1;0;
202000018931;154 708 944;A01;1;7;0;2;1;1;0;
202000018932;154 708 942;A01;1;7;0;0;0;1;1;
202000018933;154 708 941;A01;2;10;0;1;6;20;1;
202000018934;154 708 940;A01;1;2;0;0;8;15;1;
202000018935;154 708 939;A01;1;7;3;0;6;13;1;
202000018936;154 708 937;B01;0;7;0;2;3;2;1;
202000018936;154 708 938;A01;0;7;0;2;3;11;1;
202000018937;154 708 935;B01;2;40;0;2;1;1;3;
202000018937;154 708 936;A01;1;7;0;4;8;1;1;
202000018938;154 708 933;B01;0;7;0;2;3;1;1;
202000018938;154 708 934;A01;0;50;0;2;1;1;3;
202000018939;154 708 931;B01;1;33;0;2;1;1;1;
202000018939;154 708 932;A01;2;7;0;2;8;1;1;
202000018940;154 708 930;A01;1;7;4;0;2;1;1;
202000018941;154 708 927;A01;1;7;0;2;5;16;1;
202000018941;154 708 928;B01;1;1;0;2;0;0;5;
202000018942;154 708 925;B01;3;10;0;2;3;1;1;
202000018942;154 708 926;A01;3;30;0;2;1;5;1;
202000018943;154 708 924;A01;1;7;0;1;1;15;1;
202000018944;154 708 923;A01;1;37;0;1;2;1;0;1
202000018945;154 708 922;A01;1;7;0;1;3;15;1;
202000018946;154 708 920;A01;2;30;0;2;1;2;0;
202000018946;154 708 921;B01;2;7;0;0;4;2;0;
202000018947;154 708 918;B01;2;7;0;2;3;1;1;
202000018947;154 708 919;A01;1;7;0;2;3;13;1;
202000018948;154 708 916;B01;2;7;0;2;4;23;1;
202000018948;154 708 917;A01;2;7;0;2;1;1;1;
202000018949;154 708 914;B01;1;30;0;2;1;1;3;
202000018949;154 708 915;A01;1;10;0;2;2;1;1;
202000018950;154 708 913;A01;1;1;0;1;8;16;5;
202000018951;154 708 911;A01;1;1;0;2;8;1;5;
202000018951;154 708 912;Z01;1;7;0;2;2;16;0;
202000018952;154 708 910;A01;2;1;1;0;1;1;5;
202000018953;154 708 909;A01;1;7;0;1;3;12;1;
202000018954;154 708 908;A01;2;7;0;1;2;1;1;
202000018955;154 708 905;C01;2;7;0;2;5;23;1;
202000018955;154 708 906;A01;2;7;0;2;1;1;1;
202000018955;154 708 907;B01;2;7;0;2;1;23;1;
202000018956;154 708 903;B01;1;32;0;2;1;3;1;
202000018956;154 708 904;A01;1;7;0;2;4;11;1;
202000018957;154 708 901;B01;1;7;0;2;6;10;1;
202000018957;154 708 902;A01;2;7;0;2;1;1;3;
202000018958;154 708 899;A01;1;7;0;2;8;15;2;
202000018958;154 708 900;B01;1;33;0;2;7;1;1;
202000018959;154 708 897;B01;1;50;0;2;1;1;3;
202000018959;154 708 898;A01;1;10;0;2;3;15;1;
202000018960;154 708 895;A01;1;33;0;2;3;1;1;
202000018960;154 708 896;Z01;1;7;0;2;0;1;0;
202000018961;154 708 893;A01;1;33;0;2;1;1;1;
202000018961;154 708 894;B01;1;7;0;2;4;1;1;
202000018962;154 708 891;A01;3;10;0;2;3;16;0;
202000018962;154 708 892;B01;3;10;0;2;1;19;0;
202000018963;154 708 889;A01;3;7;0;2;5;15;1;
202000018963;154 708 890;B01;3;34;0;2;1;1;1;
202000018964;154 708 887;A01;1;7;0;2;2;1;1;
202000018964;154 708 888;B01;1;33;0;2;3;16;1;
202000018965;154 708 886;A01;3;7;0;1;1;16;1;
202000018966;154 708 883;C01;1;7;0;2;7;1;0;
202000018966;154 708 884;B01;1;7;0;2;8;1;0;
202000018966;154 708 885;A01;1;30;0;2;7;1;0;
202000018967;154 708 881;B01;1;0;0;0;0;0;0;
202000018967;154 708 882;A01;1;33;0;2;4;11;1;
202000018968;154 708 880;A01;1;10;16;2;3;14;3;
202000018969;154 708 879;A01;1;7;0;0;0;0;1;
202000018970;154 708 877;B01;1;7;0;0;8;13;1;
202000018970;154 708 878;A01;2;7;0;0;8;1;1;
202000018971;154 708 874;A01;1;33;0;2;1;1;1;
202000018971;154 708 875;B01;3;7;0;2;1;19;1;
202000018972;154 708 873;A01;1;7;17;0;1;2;1;
202000018973;154 708 871;B01;2;7;0;2;3;2;1;
202000018973;154 708 872;A01;1;34;0;2;1;5;1;
202000018974;154 708 869;B01;1;7;0;2;1;13;1;
202000018974;154 708 870;A01;2;7;0;2;1;13;1;
202000018975;154 708 867;B01;2;7;0;0;4;2;1;
202000018975;154 708 868;A01;2;7;0;2;1;2;1;
202000018976;154 708 866;A01;1;7;14;0;1;1;1;
202000018977;154 708 865;A01;2;7;13;0;1;0;6;
202000018978;154 708 864;A01;1;31;13;0;2;1;1;
202000018979;154 708 862;B01;1;33;0;2;1;1;1;
202000018979;154 708 863;A01;2;7;0;2;2;15;1;
202000018980;154 708 861;A01;1;33;0;0;0;1;1;
202000018981;154 708 859;A01;2;2;0;2;8;2;1;
202000018981;154 708 860;B01;2;2;0;2;7;2;1;
202000018982;154 708 858;A01;2;1;0;0;1;1;5;
202000018983;154 708 856;A01;1;34;0;2;1;18;1;
202000018983;154 708 857;B01;1;7;0;2;2;16;1;
202000018984;154 708 854;A01;2;31;16;2;3;13;1;
202000018984;154 708 855;B01;1;7;0;2;3;1;1;
202000018985;154 708 853;A01;3;33;0;0;0;1;1;
202000018986;154 708 851;B01;2;7;0;2;1;1;1;
202000018986;154 708 852;A01;1;33;0;2;1;17;1;
202000018987;154 708 850;A01;2;33;0;1;1;1;1;
202000018988;154 708 849;A01;2;7;2;0;1;11;1;
202000018989;154 708 848;A01;1;7;3;0;1;14;1;
202000018990;154 708 847;A01;0;36;7;1;1;1;1;
202000018991;154 708 845;B01;3;7;0;2;1;23;1;
202000018991;154 708 846;A01;1;7;0;2;1;5;1;
202000018992;154 708 843;B01;1;1;0;2;3;1;5;
202000018992;154 708 844;C01;1;0;0;9;3;0;-1;
202000018993;154 708 842;A01;1;7;6;0;1;1;1;
202000018994;154 708 841;A01;2;7;0;1;2;1;1;
202000018995;154 708 840;A01;2;7;13;0;2;0;1;
202000018996;154 708 839;A01;2;33;13;0;1;16;1;
202000018997;154 708 838;A01;1;2;13;0;1;1;1;
202000018998;154 708 836;A01;1;7;0;2;7;15;1;
202000018998;154 708 837;B01;2;33;0;2;1;1;1;
202000018999;154 708 835;A01;2;2;0;5;1;0;1;
202000019000;154 708 834;A01;2;7;0;0;2;0;0;
202000019001;154 708 831;C01;2;7;0;1;0;26;1;
202000019001;154 708 832;B01;1;7;0;2;1;1;1;
202000019001;154 708 833;A01;2;10;0;2;1;13;1;
202000019002;154 708 826;A01;2;7;0;2;2;1;1;
202000019002;154 708 827;C01;3;10;0;2;3;23;1;
202000019002;154 708 828;B01;3;20;0;2;3;23;1;
202000019003;154 708 824;B01;2;7;0;2;2;1;1;
202000019003;154 708 825;A01;2;7;4;2;2;14;1;
202000019004;154 708 822;A01;2;7;4;2;7;14;1;
202000019004;154 708 823;B01;2;7;0;0;8;1;1;
202000019005;154 708 821;A01;2;33;0;0;0;1;1;
202000019006;154 708 819;A01;2;10;0;2;1;13;1;
202000019006;154 708 820;B01;2;10;0;2;8;1;1;
202000019007;154 708 817;B01;0;7;0;0;8;1;1;
202000019007;154 708 818;A01;0;7;0;2;1;17;1;
202000019008;154 708 816;A01;1;36;16;0;0;1;1;
202000019009;154 708 814;A01;2;7;5;2;0;1;1;
202000019009;154 708 815;B01;1;7;0;2;2;1;1;
202000019010;154 708 811;B01;2;7;0;2;3;15;1;
202000019010;154 708 812;A01;1;2;0;2;8;1;1;
202000019010;154 708 813;C01;0;7;0;2;3;0;1;
202000019011;154 708 810;A01;2;2;6;0;1;0;1;
202000019012;154 708 809;A01;1;7;15;0;2;1;1;
202000019013;154 708 806;B01;1;7;4;2;4;2;1;
202000019013;154 708 807;A01;1;10;0;2;1;2;1;
202000019014;154 708 804;B01;1;33;0;2;7;1;1;
202000019014;154 708 805;A01;1;7;0;2;2;1;1;
202000019015;154 708 802;B01;1;33;0;2;1;1;1;
202000019015;154 708 803;A01;1;10;0;2;4;20;1;
202000019016;154 708 801;A01;3;10;0;1;0;26;0;
202000019017;154 708 799;A01;2;7;0;2;3;15;0;
202000019017;154 708 800;B01;2;2;0;2;2;17;0;
202000019018;154 708 797;A01;2;7;0;2;3;15;1;
202000019018;154 708 798;B01;1;7;0;2;3;1;2;
202000019019;154 708 795;A01;1;7;0;2;8;1;1;
202000019019;154 708 796;B01;2;7;0;2;8;1;1;
202000019020;154 708 793;A01;3;7;0;2;1;13;1;
202000019020;154 708 794;B01;3;7;0;2;3;1;1;
202000019021;154 708 792;A01;1;7;0;1;1;1;1;
202000019022;154 708 790;B01;0;1;0;2;0;0;5;
202000019022;154 708 791;A01;1;7;0;2;3;9;1;
202000019023;154 708 787;C01;3;7;0;2;4;1;1;
202000019023;154 708 788;B01;3;7;0;2;4;2;1;
202000019023;154 708 789;A01;3;7;0;2;1;2;1;
202000019024;154 708 785;A01;2;7;0;2;8;19;1;
202000019024;154 708 786;B01;1;2;0;2;1;1;1;
202000019025;154 708 782;B01;2;7;0;2;4;1;1;
202000019025;154 708 783;C01;2;7;0;2;4;1;1;
202000019025;154 708 784;A01;2;7;0;2;1;2;1;
202000019026;154 708 780;B01;2;2;6;2;1;1;1;
202000019026;154 708 781;A01;2;50;0;2;1;15;3;
202000019027;154 708 779;A01;3;33;0;0;1;16;1;
202000019028;154 708 777;A01;1;30;0;2;1;26;1;
202000019028;154 708 778;B01;3;7;0;2;3;15;1;
202000019029;154 708 775;A01;3;7;0;2;3;19;1;
202000019029;154 708 776;B01;2;7;0;2;1;1;1;
202000019030;154 708 774;A01;3;7;0;1;7;1;1;
202000019031;154 708 772;B01;3;1;0;2;1;5;5;
202000019031;154 708 773;A01;3;7;0;2;3;16;1;
202000019032;154 708 771;A01;3;7;0;1;1;1;0;
202000019033;154 708 770;A01;1;7;0;1;2;0;1;
202000019034;154 708 768;A01;1;7;0;2;1;13;1;
202000019034;154 708 769;B01;2;13;0;2;0;0;1;
202000019035;154 708 767;A01;2;7;0;1;1;1;1;
202000019036;154 708 765;A01;0;10;0;2;1;19;1;
202000019036;154 708 766;B01;2;7;15;2;7;1;1;
202000019037;154 708 763;B01;1;10;0;2;1;15;1;
202000019037;154 708 764;A01;1;7;0;2;3;1;1;
202000019038;154 708 761;B01;2;32;0;2;1;1;1;
202000019038;154 708 762;A01;1;7;0;2;2;15;1;
202000019039;154 708 759;B01;3;1;0;2;2;1;5;
202000019039;154 708 760;A01;1;7;0;2;1;1;1;
202000019040;154 708 758;A01;2;7;0;1;1;1;1;
202000019041;154 708 757;A01;1;7;0;1;2;1;1;
202000019042;154 708 755;A01;2;7;0;2;3;15;0;
202000019042;154 708 756;B01;2;30;0;2;8;1;1;
202000019043;154 708 753;A01;1;7;0;2;2;1;1;
202000019043;154 708 754;B01;1;7;0;2;6;1;0;
202000019044;154 708 751;A01;1;2;0;2;1;3;1;
202000019044;154 708 752;B01;1;7;0;2;2;16;1;
202000019045;154 708 749;A01;3;1;0;2;1;1;5;
202000019045;154 708 750;B01;3;2;0;2;1;1;1;
202000019046;154 708 747;A01;2;7;0;2;3;17;1;
202000019046;154 708 748;B01;2;7;0;2;2;15;1;
202000019047;154 708 745;B01;2;7;0;2;2;1;1;
202000019047;154 708 746;A01;1;34;0;2;8;1;1;
202000019048;154 708 743;A01;1;10;0;2;2;15;1;
202000019048;154 708 744;B01;1;2;0;2;1;16;1;
202000019049;154 708 741;B01;1;7;0;2;2;15;1;
202000019049;154 708 742;A01;2;33;0;2;1;1;1;
202000019050;154 708 739;A01;2;7;0;2;8;15;1;
202000019050;154 708 740;B01;2;33;0;2;1;1;1;
202000019051;154 708 738;A01;2;7;0;1;3;15;1;
202000019052;154 708 737;A01;1;33;0;0;7;1;1;
202000019053;154 708 736;A01;1;1;0;0;0;21;5;
202000019054;154 708 735;A01;2;7;0;1;1;1;1;
202000019055;154 708 733;B01;2;1;0;2;2;1;5;
202000019055;154 708 734;A01;1;7;0;2;2;15;1;
202000019056;154 708 731;B01;2;33;0;2;0;3;0;
202000019056;154 708 732;A01;2;7;0;2;0;12;0;
202000019057;154 708 730;A01;0;7;2;0;1;14;1;
202000019058;154 708 728;Z01;0;7;0;2;0;0;0;
202000019058;154 708 729;A01;0;7;0;2;0;0;1;
202000019059;154 708 724;A01;1;7;0;2;3;15;1;
202000019059;154 708 725;B01;1;30;0;2;1;1;1;
202000019060;154 708 722;B01;2;80;0;2;1;18;3;
202000019060;154 708 723;A01;2;17;0;2;2;16;1;
202000019061;154 708 720;A01;1;1;0;2;1;19;5;
202000019061;154 708 721;B01;1;37;0;2;2;16;1;1
202000019062;154 708 718;A01;1;7;0;2;1;19;1;
202000019062;154 708 719;B01;1;7;0;2;3;1;1;
202000019063;154 708 715;C01;2;7;0;2;1;1;1;
202000019063;154 708 716;A01;1;7;0;2;3;5;1;
202000019063;154 708 717;B01;2;7;0;2;3;1;1;
202000019064;154 708 714;A01;2;7;0;1;2;0;1;
202000019065;154 708 712;B01;2;50;0;2;7;1;3;
202000019065;154 708 713;A01;1;7;0;9;1;1;1;
202000019066;154 708 710;A01;3;34;0;2;1;2;1;
202000019066;154 708 711;B01;3;7;0;2;5;15;1;
202000019067;154 708 708;B01;1;33;0;2;1;18;1;
202000019067;154 708 709;A01;1;7;0;2;2;22;1;
202000019068;154 708 707;A01;1;7;12;0;1;1;1;
202000019069;154 708 705;B01;1;2;0;2;8;1;1;
202000019069;154 708 706;A01;1;7;0;2;2;16;1;
202000019070;154 708 701;B01;3;7;0;2;4;2;1;
202000019070;154 708 702;C01;3;7;0;2;4;2;1;
202000019070;154 708 703;D01;3;7;0;2;4;2;1;
202000019070;154 708 704;A01;3;10;0;2;1;2;1;
202000019071;154 708 698;C01;1;30;0;2;4;1;1;
202000019071;154 708 699;B01;2;7;0;2;3;23;1;
202000019071;154 708 700;A01;1;10;0;2;3;1;1;
202000019072;154 708 696;A01;1;31;0;2;1;15;1;
202000019072;154 708 697;B01;2;10;0;2;7;1;1;
202000019073;154 708 693;A01;1;7;0;2;3;9;1;
202000019073;154 708 694;C01;2;7;0;2;3;1;1;
202000019073;154 708 695;B01;1;7;0;2;7;2;1;
202000019074;154 708 691;B01;2;33;0;2;7;21;1;
202000019074;154 708 692;A01;3;21;0;2;1;26;1;
202000019075;154 708 689;A01;1;7;0;2;8;15;1;
202000019075;154 708 690;B01;1;17;0;2;3;1;1;
202000019076;154 708 687;A01;1;50;0;2;1;1;3;
202000019076;154 708 688;B01;1;7;0;9;4;1;1;
202000019077;154 708 685;A01;3;7;0;2;0;18;1;
202000019077;154 708 686;B01;3;1;0;2;4;1;5;
202000019078;154 708 683;B01;3;1;0;2;8;1;5;
202000019078;154 708 684;A01;3;7;0;2;7;14;0;
202000019079;154 708 682;A01;1;7;15;1;2;14;1;
202000019080;154 708 681;A01;3;31;0;1;1;1;1;
202000019081;154 708 680;A01;1;7;0;1;0;1;2;
202000019082;154 708 678;B01;3;1;0;2;0;1;5;
202000019082;154 708 679;A01;3;7;0;2;3;1;1;
202000019083;154 708 676;B01;0;2;0;2;1;1;1;
202000019083;154 708 677;A01;0;7;0;2;4;15;1;
202000019084;154 708 674;A01;1;7;0;2;0;1;1;
202000019084;154 708 675;B01;1;1;0;2;0;0;0;
202000019085;154 708 673;A01;1;7;3;0;1;1;1;
202000019086;154 708 671;A01;1;7;0;2;3;15;1;
202000019086;154 708 672;B01;1;32;0;2;3;1;1;
202000019087;154 708 669;A01;1;7;0;2;1;1;1;
202000019087;154 708 670;B01;1;33;0;2;1;1;1;
202000019088;154 708 668;A01;0;1;0;2;1;1;5;
202000019089;154 708 667;A01;0;33;0;0;0;1;1;
202000019090;154 708 665;B01;0;7;0;2;1;2;1;
202000019090;154 708 666;A01;0;7;0;2;7;19;3;
202000019091;154 708 664;A01;1;7;0;1;3;10;1;
202000019092;154 708 663;A01;1;1;0;1;1;19;5;
202000019093;154 708 660;B01;2;2;0;2;4;1;1;
202000019093;154 708 661;C01;2;7;0;2;4;1;1;
202000019093;154 708 662;A01;2;7;0;2;1;1;1;
202000019094;154 708 658;A01;3;7;0;2;3;10;1;
202000019094;154 708 659;B01;3;7;0;2;1;1;1;
202000019095;154 708 656;B01;2;7;0;2;7;16;1;
202000019095;154 708 657;A01;2;34;0;2;3;7;1;
202000019096;154 708 654;A01;2;32;0;2;1;15;1;
202000019096;154 708 655;B01;1;1;0;2;1;1;5;
202000019097;154 708 652;A01;2;7;0;2;1;1;1;
202000019097;154 708 653;B01;2;7;0;2;4;1;1;
202000019098;154 708 650;B01;0;60;0;2;1;19;5;
202000019098;154 708 651;A01;2;7;0;2;8;1;1;
202000019099;154 708 648;A01;2;33;0;2;8;16;1;
202000019099;154 708 649;B01;2;10;0;2;3;1;1;
202000019100;154 708 645;C01;1;7;0;2;1;1;1;
202000019100;154 708 646;B01;1;7;0;2;9;1;1;
202000019100;154 708 647;A01;2;7;0;2;4;1;1;
202000019101;154 708 643;B01;1;7;3;0;4;1;1;
202000019101;154 708 644;A01;1;7;0;2;1;1;1;
202000019102;154 708 641;B01;1;33;0;2;1;1;1;
202000019102;154 708 642;A01;2;37;0;2;1;15;1;1
202000019103;154 708 639;A01;1;7;0;2;4;15;0;
202000019103;154 708 640;B01;2;1;0;2;1;1;0;
202000019104;154 708 638;A01;2;30;0;0;3;0;1;
202000019105;154 708 635;B01;3;2;0;2;2;1;1;
202000019105;154 708 636;A01;2;7;0;2;3;15;1;
202000019106;154 708 633;B01;1;7;0;2;5;15;1;
202000019106;154 708 634;A01;0;7;0;2;1;1;1;
202000019107;154 708 631;B01;1;7;0;2;1;26;1;
202000019107;154 708 632;A01;1;10;0;2;1;13;1;
202000019108;154 708 629;A01;2;10;0;2;1;2;1;
202000019108;154 708 630;B01;2;7;0;2;4;16;1;
202000019109;154 708 627;B01;0;33;0;2;4;1;1;
202000019109;154 708 628;A01;1;7;0;2;2;2;1;
202000019110;154 708 625;B01;1;7;0;2;4;0;0;
202000019110;154 708 626;A01;1;10;0;2;2;1;0;
202000019111;154 708 623;B01;1;10;0;2;4;1;1;
202000019111;154 708 624;A01;1;31;0;2;1;2;1;
202000019112;154 708 621;A01;2;1;0;2;3;19;5;
202000019112;154 708 622;B01;2;7;0;2;0;1;1;
202000019113;154 708 617;A01;2;15;0;2;2;12;1;
202000019113;154 708 618;D01;2;7;0;2;7;1;1;
202000019113;154 708 619;B01;2;7;0;2;6;1;1;
202000019113;154 708 620;C01;2;10;0;2;7;1;3;
202000019114;154 708 613;D01;2;7;0;2;5;23;1;
202000019114;154 708 614;C01;2;10;0;2;6;1;1;
202000019114;154 708 615;B01;2;7;0;2;2;14;1;
202000019114;154 708 616;A01;2;34;0;2;1;3;1;
202000019115;154 708 611;B01;1;32;0;2;4;20;3;
202000019115;154 708 612;A01;1;10;0;2;6;2;1;
202000019116;154 708 609;A01;1;7;0;2;1;2;1;
202000019116;154 708 610;B01;1;33;0;2;4;23;1;
202000019117;154 708 607;A01;2;30;0;2;3;18;1;
202000019117;154 708 608;B01;2;37;0;2;2;16;1;1
202000019118;154 708 605;B01;1;7;0;2;3;15;1;
202000019118;154 708 606;A01;1;7;0;2;7;17;6;
202000019119;154 708 603;B01;2;32;0;2;2;1;1;
202000019119;154 708 604;Z01;2;7;0;2;6;13;1;
202000019120;154 708 602;A01;2;33;8;2;0;21;1;
202000019121;154 708 600;A01;1;7;0;2;1;1;1;
202000019121;154 708 601;B01;1;1;0;2;8;19;5;
202000019122;154 708 599;A01;1;80;0;0;0;1;3;
202000019123;154 708 598;A01;0;50;0;0;0;1;3;
202000019124;154 708 597;A01;2;30;0;0;0;21;1;
202000019125;154 708 596;A01;3;32;0;1;1;1;1;
202000019126;154 708 594;B01;2;7;0;2;8;13;1;
202000019126;154 708 595;A01;2;30;0;2;2;5;1;
202000019127;154 708 593;Z01;1;50;0;1;1;1;3;
202000019128;154 708 592;A01;2;1;0;1;1;1;5;
202000019129;154 708 591;A01;2;2;0;0;0;1;3;
202000019130;154 708 589;A01;2;33;0;2;1;1;1;
202000019130;154 708 590;B01;1;7;0;2;3;1;1;
202000019131;154 708 587;B01;1;7;0;2;3;23;1;
202000019131;154 708 588;A01;1;32;0;2;7;1;1;
202000019132;154 708 585;A01;1;1;0;2;1;5;5;
202000019132;154 708 586;B01;2;1;0;2;1;1;5;
202000019133;154 708 584;A01;1;10;0;1;8;15;1;
202000019134;154 708 582;Z01;2;7;0;2;1;2;0;
202000019134;154 708 583;A01;2;50;0;2;4;2;3;
202000019135;154 708 580;A01;1;7;0;2;7;15;1;
202000019135;154 708 581;B01;2;34;0;2;1;1;1;
202000019136;154 708 578;B01;2;50;0;2;1;1;3;
202000019136;154 708 579;A01;2;7;0;9;2;16;1;
202000019137;154 708 576;B01;2;7;0;2;0;0;1;
202000019137;154 708 577;A01;2;10;2;2;1;1;1;
202000019138;154 708 574;A01;1;1;0;2;1;18;5;
202000019138;154 708 575;B01;1;7;0;9;5;2;0;
202000019139;154 708 571;C01;1;10;0;2;6;1;0;
202000019139;154 708 572;B01;1;10;0;2;1;1;0;
202000019139;154 708 573;A01;1;10;0;2;1;9;0;
202000019140;154 708 569;B01;1;33;0;2;1;1;1;
202000019140;154 708 570;A01;2;7;0;2;3;15;1;
202000019141;154 708 567;A01;1;2;0;2;1;1;1;
202000019141;154 708 568;B01;2;7;0;2;3;0;1;
202000019142;154 708 564;A01;3;10;0;2;1;17;1;
202000019142;154 708 565;C01;-1;30;0;2;1;0;0;
202000019142;154 708 566;B01;-1;37;0;0;0;0;0;1
202000019143;154 708 562;B01;1;80;0;2;1;3;3;
202000019143;154 708 563;A01;1;7;0;2;2;12;1;
202000019144;154 708 560;B01;1;34;0;2;1;18;1;
202000019144;154 708 561;A01;1;3;0;2;7;16;1;
202000019145;154 708 559;A01;0;30;0;1;1;25;0;
202000019146;154 708 557;A01;3;33;0;2;7;17;1;
202000019146;154 708 558;B01;3;7;0;2;3;17;1;
202000019147;154 708 556;A01;1;10;8;0;2;1;1;
202000019148;154 708 555;A01;1;10;0;1;7;1;1;
202000019149;154 708 553;B01;1;10;0;0;4;2;1;
202000019149;154 708 554;A01;1;30;0;2;1;26;1;
202000019150;154 708 552;B01;1;32;0;4;1;2;1;
202000019151;154 708 550;B01;0;1;0;2;3;0;5;
202000019151;154 708 551;A01;1;10;0;2;3;1;1;
202000019152;154 708 548;B01;2;1;0;2;3;12;5;
202000019152;154 708 549;A01;2;7;0;2;3;1;1;
202000019153;154 708 546;B01;1;34;0;2;7;21;1;
202000019153;154 708 547;A01;1;7;1;0;1;19;1;
202000019154;154 708 544;B01;1;7;0;2;4;1;1;
202000019154;154 708 545;A01;1;30;0;2;1;26;1;
202000019155;154 708 542;A01;1;1;0;2;7;19;5;
202000019155;154 708 543;B01;1;30;0;2;1;21;1;
202000019156;154 708 540;A01;2;30;0;2;1;10;1;
202000019156;154 708 541;B01;1;33;0;2;3;1;1;
202000019157;154 708 539;A01;1;7;0;1;2;1;1;
202000019158;154 708 536;A01;1;31;0;2;1;1;1;
202000019158;154 708 537;C01;2;7;13;0;1;14;1;
202000019158;154 708 538;B01;1;7;0;2;4;1;1;
202000019159;154 708 534;B01;1;7;0;2;1;1;1;
202000019159;154 708 535;A01;2;33;0;2;1;15;1;
202000019160;154 708 532;A01;2;33;0;0;0;1;1;
202000019160;154 708 533;B01;1;21;0;0;0;15;1;
202000019161;154 708 531;A01;1;33;12;0;1;1;1;
202000019162;154 708 529;A01;3;7;0;2;7;9;1;
202000019162;154 708 530;B01;3;7;0;2;1;2;1;
202000019163;154 708 527;A01;1;14;0;2;6;1;6;
202000019163;154 708 528;B01;2;1;0;2;3;13;5;
202000019164;154 708 524;A01;1;33;15;0;0;17;1;
202000019165;154 708 522;B01;3;1;0;0;1;1;5;
202000019165;154 708 523;A01;2;17;0;2;3;15;1;
202000019166;154 708 519;C01;1;7;0;2;7;1;1;
202000019166;154 708 520;A01;1;7;0;9;1;14;1;
202000019166;154 708 521;B01;1;1;0;2;4;1;5;
202000019167;154 708 517;B01;2;33;0;2;1;1;1;
202000019167;154 708 518;A01;1;7;0;2;2;10;1;
202000019168;154 708 515;B01;2;7;0;2;3;1;1;
202000019168;154 708 516;A01;1;7;0;2;3;13;1;
202000019169;154 708 513;A01;1;7;0;9;2;1;1;
202000019169;154 708 514;B01;2;80;0;2;8;19;3;
202000019170;154 708 512;A01;1;7;3;0;8;1;1;
202000019171;154 708 510;B01;3;7;0;2;3;19;1;
202000019171;154 708 511;A01;1;14;0;2;1;1;1;
202000019172;154 708 508;A01;2;7;0;2;5;19;1;
202000019172;154 708 509;B01;1;33;0;2;2;1;1;
202000019173;154 708 507;A01;2;7;0;1;2;1;1;
202000019174;154 708 505;A01;1;7;0;2;8;15;6;
202000019174;154 708 506;B01;1;7;0;2;3;1;2;
202000019175;154 708 504;A01;2;1;0;0;0;13;6;
202000019176;154 708 502;B01;0;30;0;2;7;1;1;
202000019176;154 708 503;A01;0;38;0;2;3;1;1;1
202000019177;154 708 501;A01;1;7;8;0;3;0;1;
202000019178;154 708 498;C01;1;7;0;2;1;1;0;
202000019178;154 708 499;A01;2;7;0;2;2;1;0;
202000019178;154 708 500;B01;2;7;9;2;3;1;0;
202000019179;154 708 496;A01;2;33;0;2;1;13;1;
202000019179;154 708 497;B01;1;7;0;2;1;1;1;
202000019180;154 708 494;A01;0;7;7;2;8;1;1;
202000019180;154 708 495;B01;2;7;0;2;1;1;1;
202000019181;154 708 493;A01;1;7;16;0;9;17;1;
202000019182;154 708 491;A01;2;10;0;2;2;1;6;
202000019182;154 708 492;B01;2;1;0;2;4;1;5;
202000019183;154 708 489;B01;3;7;0;2;3;1;1;
202000019183;154 708 490;A01;3;30;0;2;1;19;1;
202000019184;154 708 487;B01;1;7;13;0;3;1;0;
202000019184;154 708 488;A01;2;7;0;2;3;13;1;