num_acc;id_vehicule;num_veh;senc;catv;obs;obsm;choc;manv;motor;occutc
202000019185;154 708 485;A01;1;10;0;2;4;23;1;
202000019185;154 708 486;B01;1;7;0;2;1;2;1;
202000019186;154 708 484;A01;2;7;8;0;1;1;1;
202000019187;154 708 482;B01;1;2;0;2;4;2;1;
202000019187;154 708 483;A01;1;7;0;2;0;2;0;
202000019188;154 708 480;A01;1;10;0;9;1;1;1;
202000019188;154 708 481;B01;1;1;0;2;8;15;6;
202000019189;154 708 479;A01;1;33;0;9;1;1;1;
202000019190;154 708 477;A01;2;7;0;0;3;15;1;
202000019190;154 708 478;B01;1;7;0;2;1;1;1;
202000019191;154 708 476;A01;2;7;13;0;2;16;1;
202000019192;154 708 473;A01;1;7;0;2;3;15;1;
202000019192;154 708 474;B01;2;33;0;2;1;1;1;
202000019192;154 708 475;C01;2;7;0;0;8;23;1;
202000019193;154 708 471;A01;2;7;0;2;4;1;1;
202000019193;154 708 472;B01;2;33;0;2;1;1;1;
202000019194;154 708 469;B01;2;10;0;2;1;2;1;
202000019194;154 708 470;A01;2;1;0;0;4;2;5;
202000019195;154 708 468;A01;2;2;0;0;8;26;1;
202000019196;154 708 466;A01;1;7;0;2;1;13;1;
202000019196;154 708 467;B01;2;21;0;2;8;2;1;
202000019197;154 708 464;B01;1;31;0;2;7;17;1;
202000019197;154 708 465;A01;2;7;0;2;3;19;1;
202000019198;154 708 462;A01;1;2;0;2;1;3;1;
202000019198;154 708 463;B01;1;7;0;2;8;15;0;
202000019199;154 708 460;A01;1;10;0;2;0;1;1;
202000019199;154 708 461;B01;2;33;0;2;1;1;1;
202000019200;154 708 458;A01;1;1;1;0;1;1;5;
202000019200;154 708 459;B01;1;7;0;0;4;24;1;
202000019201;154 708 456;B01;1;1;0;2;8;1;5;
202000019201;154 708 457;A01;1;7;0;9;5;1;1;
202000019202;154 708 455;A01;2;7;8;0;2;1;0;
202000019203;154 708 453;A01;1;7;0;2;1;16;1;
202000019203;154 708 454;B01;1;7;13;2;5;1;1;
202000019204;154 708 451;A01;0;10;0;2;4;4;1;
202000019204;154 708 452;B01;0;1;0;2;1;1;5;
202000019205;154 708 450;A01;2;33;13;0;0;1;0;
202000019206;154 708 448;B01;2;80;0;2;4;1;3;
202000019206;154 708 449;A01;2;10;0;2;2;1;1;
202000019207;154 708 447;A01;1;7;13;0;3;1;1;
202000019208;154 708 446;A01;0;2;10;0;7;1;1;
202000019209;154 708 444;B01;1;7;0;2;1;1;1;
202000019209;154 708 445;A01;2;7;0;2;1;13;1;
202000019210;154 708 442;B01;2;7;0;2;1;1;1;
202000019210;154 708 443;A01;1;7;0;2;2;1;1;
202000019211;154 708 440;B01;1;33;0;2;1;1;1;
202000019211;154 708 441;A01;2;7;0;2;2;15;1;
202000019212;154 708 438;B01;2;33;0;0;2;17;1;
202000019212;154 708 439;A01;2;10;0;2;7;15;1;
202000019213;154 708 437;A01;1;7;13;0;8;0;1;
202000019214;154 708 435;B01;1;7;0;2;3;1;1;
202000019214;154 708 436;A01;2;7;0;2;3;15;1;
202000019215;154 708 434;A01;2;33;4;0;8;13;1;
202000019216;154 708 432;A01;3;7;0;2;8;15;1;
202000019216;154 708 433;B01;3;2;0;2;2;17;1;
202000019217;154 708 431;A01;1;99;13;0;0;1;1;
202000019218;154 708 429;A01;2;7;0;2;3;10;1;
202000019218;154 708 430;B01;2;7;0;2;2;21;1;
202000019219;154 708 427;A01;2;31;0;2;8;9;1;
202000019219;154 708 428;B01;1;7;0;2;3;1;1;
202000019220;154 708 426;A01;1;7;0;1;3;1;1;
202000019221;154 708 423;A01;2;7;0;2;3;13;1;
202000019221;154 708 424;B01;1;7;0;2;3;1;1;
202000019222;154 708 422;A01;1;2;2;0;1;0;1;
202000019223;154 708 420;B01;3;31;0;2;1;1;0;
202000019223;154 708 421;A01;3;34;0;2;2;14;0;
202000019224;154 708 418;B01;0;33;0;2;1;1;1;
202000019224;154 708 419;A01;0;7;0;2;8;15;1;
202000019225;154 708 417;A01;3;7;0;1;3;1;1;
202000019226;154 708 415;B01;1;7;0;2;3;5;1;
202000019226;154 708 416;A01;2;33;0;2;3;5;1;
202000019227;154 708 414;A01;1;7;13;0;1;13;1;
202000019228;154 708 413;A01;1;1;0;0;8;14;5;
202000019229;154 708 410;B01;1;13;0;2;2;26;0;
202000019229;154 708 411;C01;2;7;0;2;6;1;0;
202000019229;154 708 412;A01;2;13;0;9;2;13;0;
202000019230;154 708 409;A01;2;2;15;0;1;1;1;
202000019231;154 708 407;A01;2;1;1;0;1;1;5;
202000019231;154 708 408;B01;2;7;0;1;6;23;1;
202000019232;154 708 404;C01;1;7;0;2;4;2;0;
202000019232;154 708 405;B01;1;7;0;2;1;2;0;
202000019232;154 708 406;A01;1;7;0;2;1;2;0;
202000019233;154 708 402;B01;2;7;0;2;1;1;0;
202000019233;154 708 403;A01;2;7;0;0;4;23;0;
202000019234;154 708 400;B01;2;7;0;2;1;0;1;
202000019234;154 708 401;A01;1;7;0;2;1;13;1;
202000019235;154 708 399;A01;2;33;0;6;1;1;1;
202000019236;154 708 397;B01;0;31;0;2;1;1;1;
202000019236;154 708 398;A01;0;10;0;0;1;15;1;
202000019237;154 708 396;A01;3;7;13;0;1;1;1;
202000019238;154 708 395;A01;2;7;0;0;9;1;1;
202000019239;154 708 394;A01;3;80;0;0;0;1;3;
202000019240;154 708 384;A01;1;31;0;2;2;2;1;
202000019240;154 708 385;B01;1;7;0;2;4;1;1;
202000019241;154 708 382;B01;1;7;0;2;8;19;1;
202000019241;154 708 383;A01;1;7;0;2;1;1;1;
202000019242;154 708 380;A01;3;7;0;2;2;19;1;
202000019242;154 708 381;B01;3;30;0;2;1;19;1;
202000019243;154 708 379;A01;3;15;0;1;1;9;1;
202000019244;154 708 377;B01;1;2;0;2;3;17;1;
202000019244;154 708 378;A01;1;7;0;2;3;15;1;
202000019245;154 708 376;A01;1;31;12;0;1;1;1;
202000019246;154 708 372;B01;2;7;0;2;3;15;1;
202000019246;154 708 373;A01;1;33;0;2;1;17;1;
202000019247;154 708 370;B01;2;7;0;2;1;1;1;
202000019247;154 708 371;A01;1;7;0;2;1;13;1;
202000019248;154 708 368;A01;0;7;0;2;1;15;1;
202000019248;154 708 369;B01;0;7;0;2;6;1;1;
202000019249;154 708 365;A01;1;37;0;1;7;1;1;1
202000019250;154 708 363;B01;2;34;0;2;1;17;1;
202000019250;154 708 364;A01;2;7;0;2;8;10;1;
202000019251;154 708 361;B01;2;1;0;2;0;15;5;
202000019251;154 708 362;A01;2;37;0;2;2;2;1;1
202000019252;154 708 359;A01;1;7;0;2;2;1;1;
202000019252;154 708 360;B01;1;7;0;2;5;15;1;
202000019253;154 708 358;A01;2;7;1;0;2;26;1;
202000019254;154 708 355;C01;1;7;0;2;4;1;1;
202000019254;154 708 356;B01;1;7;0;2;4;1;1;
202000019254;154 708 357;A01;1;13;0;2;1;1;1;
202000019255;154 708 353;B01;1;33;0;2;1;1;1;
202000019255;154 708 354;A01;1;17;0;2;4;20;1;
202000019256;154 708 351;A01;1;7;0;2;2;2;1;
202000019256;154 708 352;B01;1;2;0;0;4;23;1;
202000019257;154 708 350;A01;1;7;0;1;1;1;-1;
202000019258;154 708 349;A01;1;7;0;1;1;1;1;
202000019259;154 708 347;B01;2;7;0;2;7;1;1;
202000019259;154 708 348;A01;1;7;8;2;1;13;1;
202000019260;154 708 345;A01;2;10;0;2;3;25;1;
202000019260;154 708 346;B01;1;2;0;2;1;1;1;
202000019261;154 708 343;B01;1;7;0;2;8;1;1;
202000019261;154 708 344;A01;2;7;0;2;1;1;1;
202000019262;154 708 341;A01;2;7;0;2;1;15;0;
202000019262;154 708 342;B01;1;2;0;2;1;18;0;
202000019263;154 708 339;A01;0;2;0;2;1;1;1;
202000019263;154 708 340;B01;0;10;0;2;3;15;1;
202000019264;154 708 337;B01;0;7;0;2;4;2;1;
202000019264;154 708 338;A01;0;7;0;2;1;2;1;
202000019265;154 708 336;A01;3;2;0;0;7;1;1;
202000019266;154 708 334;A01;0;7;15;2;1;15;1;
202000019266;154 708 335;B01;0;7;0;0;4;16;0;
202000019267;154 708 333;A01;3;7;0;1;1;1;-1;
202000019268;154 708 331;B01;1;1;0;2;4;2;0;
202000019268;154 708 332;A01;1;7;0;2;3;9;1;
202000019269;154 708 330;A01;2;7;0;2;2;21;1;
202000019270;154 708 329;A01;3;7;6;0;1;26;1;
202000019271;154 708 327;B01;3;7;0;2;4;2;1;
202000019271;154 708 328;A01;3;7;0;2;1;2;1;
202000019272;154 708 325;B01;2;1;0;2;8;26;5;
202000019272;154 708 326;A01;1;7;0;2;1;9;1;
202000019273;154 708 324;A01;2;7;13;0;1;14;1;
202000019274;154 708 323;A01;1;30;14;0;1;1;1;
202000019275;154 708 320;C01;2;37;0;2;3;23;4;1
202000019275;154 708 321;B01;1;2;0;2;7;12;1;
202000019275;154 708 322;A01;1;7;0;2;3;1;1;
202000019276;154 708 318;A01;1;7;0;2;5;19;1;
202000019276;154 708 319;B01;1;7;0;2;6;19;0;
202000019277;154 708 316;B01;2;7;0;2;8;15;1;
202000019277;154 708 317;A01;2;30;0;2;1;17;1;
202000019278;154 708 314;B01;1;1;0;2;8;1;5;
202000019278;154 708 315;A01;1;10;0;9;2;9;1;
202000019279;154 708 311;A01;2;10;0;2;1;1;1;
202000019279;154 708 312;B01;2;7;0;2;4;23;1;
202000019279;154 708 313;C01;2;7;0;2;4;23;1;
202000019280;154 708 309;A01;3;10;0;2;1;1;1;
202000019280;154 708 310;B01;3;30;0;2;2;8;1;
202000019281;154 708 308;A01;3;33;15;0;9;19;1;
202000019282;154 708 304;B01;0;7;0;2;4;2;0;
202000019282;154 708 305;D01;0;7;0;2;4;0;0;
202000019282;154 708 306;C01;0;7;0;2;4;0;0;
202000019282;154 708 307;A01;0;7;0;2;1;26;0;
202000019283;154 708 302;Z01;0;7;0;9;3;0;0;
202000019283;154 708 303;B01;2;50;0;2;3;1;3;
202000019284;154 708 300;B01;0;7;0;2;1;15;1;
202000019284;154 708 301;A01;0;32;0;0;0;1;1;
202000019285;154 708 298;A01;1;7;0;2;4;2;1;
202000019285;154 708 299;Z01;1;7;0;2;1;2;1;
202000019286;154 708 295;C01;1;33;0;2;1;23;1;
202000019286;154 708 296;B01;2;34;0;2;1;1;1;
202000019286;154 708 297;A01;1;7;0;2;7;15;1;
202000019287;154 708 293;B01;1;50;0;2;8;19;3;
202000019287;154 708 294;A01;1;7;0;2;1;26;0;
202000019288;154 708 292;A01;1;32;0;1;1;1;1;
202000019289;154 708 291;A01;1;7;1;0;1;14;1;
202000019290;154 708 287;B01;2;7;0;2;7;12;1;
202000019290;154 708 288;A01;2;33;4;2;3;18;1;
202000019290;154 708 289;D01;2;7;0;2;6;1;1;
202000019290;154 708 290;C01;2;10;0;2;7;23;1;
202000019291;154 708 285;B01;1;10;0;2;6;1;1;
202000019291;154 708 286;A01;1;32;0;2;2;1;1;
202000019292;154 708 284;A01;1;7;0;1;7;1;1;
202000019293;154 708 283;Z01;1;32;0;1;1;1;0;
202000019294;154 708 281;Z01;1;7;0;2;3;15;0;
202000019294;154 708 282;A01;2;1;0;2;8;1;5;
202000019295;154 708 280;A01;2;31;0;0;0;1;1;
202000019296;154 708 278;A01;2;50;0;2;1;13;3;
202000019296;154 708 279;B01;2;7;0;2;6;1;1;
202000019297;154 708 277;A01;2;7;0;1;4;4;3;
202000019298;154 708 275;Z01;2;7;0;2;6;14;0;
202000019298;154 708 276;A01;2;1;0;2;6;1;5;
202000019299;154 708 273;B01;2;1;0;2;7;7;5;
202000019299;154 708 274;A01;1;80;0;2;1;16;3;
202000019300;154 708 270;A01;1;7;0;2;5;22;1;
202000019300;154 708 271;B01;1;34;0;2;3;18;1;
202000019301;154 708 268;B01;2;1;0;2;1;1;5;
202000019301;154 708 269;A01;1;7;0;2;1;1;1;
202000019302;154 708 266;B01;2;50;0;2;1;1;3;
202000019302;154 708 267;A01;2;7;0;9;3;15;1;
202000019303;154 708 264;A01;1;33;0;2;1;1;1;
202000019303;154 708 265;B01;1;7;0;2;5;16;1;
202000019304;154 708 263;A01;2;7;12;0;1;1;1;
202000019305;154 708 262;A01;2;7;0;1;0;26;0;
202000019306;154 708 260;A01;1;7;0;2;1;1;1;
202000019306;154 708 261;B01;1;7;0;2;4;1;1;
202000019307;154 708 259;A01;1;32;14;0;1;26;1;
202000019308;154 708 257;A01;1;7;14;0;3;15;1;
202000019308;154 708 258;B01;1;33;0;2;3;2;1;
202000019309;154 708 255;A01;2;7;0;9;1;9;1;
202000019309;154 708 256;B01;2;1;0;2;8;1;5;
202000019310;154 708 253;B01;1;2;0;2;8;1;0;
202000019310;154 708 254;A01;1;7;0;2;1;15;0;
202000019311;154 708 251;B01;2;1;0;2;1;1;5;
202000019311;154 708 252;A01;1;30;0;2;7;15;1;
202000019312;154 708 250;A01;1;2;0;0;0;0;1;
202000019313;154 708 249;A01;3;42;12;0;2;14;6;
202000019314;154 708 247;A01;3;2;0;2;0;2;1;
202000019314;154 708 248;B01;3;2;0;0;5;2;1;
202000019315;154 708 245;A01;1;10;0;2;1;19;1;
202000019315;154 708 246;B01;2;7;0;0;6;1;1;
202000019316;154 708 243;A01;3;7;0;2;2;1;1;
202000019316;154 708 244;B01;3;30;0;2;1;1;1;
202000019317;154 708 241;B01;0;31;0;2;0;1;0;
202000019317;154 708 242;A01;0;7;0;2;3;19;0;
202000019318;154 708 239;A01;3;7;0;1;2;15;0;
202000019319;154 708 236;A01;2;33;0;2;7;1;1;
202000019319;154 708 237;B01;1;7;0;2;8;1;1;
202000019319;154 708 238;C01;1;7;0;2;3;1;1;
202000019320;154 708 235;A01;1;34;1;0;2;1;1;
202000019321;154 708 233;B01;1;7;0;2;1;1;1;
202000019321;154 708 234;A01;2;7;0;2;1;13;1;
202000019322;154 708 232;A01;3;7;13;0;0;1;1;
202000019323;154 708 230;B01;1;7;0;2;3;15;1;
202000019323;154 708 231;A01;2;7;0;2;1;1;1;
202000019324;154 708 228;B01;1;7;13;2;3;1;1;
202000019324;154 708 229;A01;2;7;0;2;3;13;1;
202000019325;154 708 226;B01;2;7;0;2;1;1;1;
202000019325;154 708 227;A01;1;7;3;2;7;13;1;
202000019326;154 708 225;A01;0;7;1;0;1;1;1;
202000019327;154 708 224;A01;2;7;2;0;3;1;1;
202000019328;154 708 223;A01;2;2;13;0;0;1;1;
202000019329;154 708 221;A01;1;7;0;2;1;13;1;
202000019329;154 708 222;B01;2;10;0;2;1;1;1;
202000019330;154 708 219;B01;2;33;0;2;1;1;1;
202000019330;154 708 220;A01;1;7;0;2;7;15;1;
202000019331;154 708 217;A01;1;7;0;2;1;1;6;
202000019331;154 708 218;B01;2;7;0;0;1;1;6;
202000019332;154 708 215;B01;1;99;0;2;8;1;1;
202000019332;154 708 216;A01;1;7;0;2;1;19;1;
202000019333;154 708 213;B01;3;21;0;2;6;1;1;
202000019333;154 708 214;A01;3;2;0;2;8;0;1;
202000019334;154 708 210;A01;1;7;14;0;1;1;1;
202000019335;154 708 206;A01;1;2;12;0;7;1;1;
202000019336;154 708 202;A01;2;7;0;2;5;4;1;
202000019336;154 708 203;B01;1;2;0;2;1;1;1;
202000019337;154 708 199;A01;2;7;0;0;1;1;0;
202000019338;154 708 197;B01;1;14;0;0;4;1;1;
202000019338;154 708 198;A01;1;10;0;2;1;12;1;
202000019339;154 708 196;A01;1;15;0;1;2;1;1;
202000019340;154 708 195;A01;1;2;0;0;1;1;1;
202000019341;154 708 192;A01;1;7;1;0;1;11;1;
202000019341;154 708 193;B01;2;7;0;2;1;1;1;
202000019341;154 708 194;C01;1;7;1;2;5;15;1;
202000019342;154 708 190;B01;3;1;0;2;8;19;5;
202000019342;154 708 191;A01;3;7;0;9;2;1;1;
202000019343;154 708 188;A01;2;33;0;2;1;2;1;
202000019343;154 708 189;C01;2;99;0;2;5;16;0;
202000019344;154 708 186;A01;2;34;0;2;2;17;1;
202000019344;154 708 187;B01;2;7;0;2;8;15;1;
202000019345;154 708 184;B01;2;7;0;2;3;1;1;
202000019345;154 708 185;A01;1;7;0;2;3;17;1;
202000019346;154 708 182;B01;2;2;6;0;1;1;1;
202000019346;154 708 183;A01;2;7;0;2;5;4;1;
202000019347;154 708 180;A01;3;7;0;2;2;1;1;
202000019347;154 708 181;B01;3;7;0;2;3;1;1;
202000019348;154 708 178;A01;2;7;0;0;3;15;1;
202000019348;154 708 179;B01;2;31;8;0;1;17;1;
202000019349;154 708 176;B01;1;7;0;2;2;1;1;
202000019349;154 708 177;A01;1;7;0;2;8;20;1;
202000019350;154 708 174;A01;2;7;0;2;2;15;1;
202000019350;154 708 175;B01;1;2;0;2;1;1;1;
202000019351;154 708 173;A01;0;7;13;2;1;1;1;
202000019352;154 708 172;A01;0;33;0;0;8;1;1;
202000019353;154 708 167;B01;2;7;0;2;4;2;1;
202000019353;154 708 168;C01;2;7;0;2;4;2;1;
202000019353;154 708 169;D01;2;7;0;2;4;2;1;
202000019353;154 708 170;A01;2;10;0;2;1;2;1;
202000019354;154 708 164;A01;2;10;0;2;1;12;1;
202000019354;154 708 165;B01;2;10;0;2;4;1;1;
202000019354;154 708 166;C01;2;10;0;2;4;1;0;
202000019355;154 708 163;A01;2;7;0;0;0;1;1;
202000019356;154 708 161;A01;2;10;3;2;1;14;1;
202000019356;154 708 162;B01;2;7;0;2;4;1;6;
202000019357;154 708 159;A01;1;32;0;2;1;2;1;
202000019357;154 708 160;B01;1;7;0;2;8;2;1;
202000019358;154 708 158;A01;2;33;0;0;9;1;1;
202000019359;154 708 156;B01;2;7;0;2;4;2;1;
202000019359;154 708 157;A01;2;7;0;2;1;2;1;
202000019360;154 708 154;A01;2;33;14;0;1;2;1;
202000019360;154 708 155;B01;2;7;0;2;8;2;1;
202000019361;154 708 152;A01;2;33;0;2;1;1;1;
202000019361;154 708 153;Z01;2;10;0;2;0;2;1;
202000019362;154 708 150;B01;1;7;0;2;4;2;1;
202000019362;154 708 151;A01;1;34;0;2;1;2;1;
202000019363;154 708 147;C01;1;7;0;2;5;2;1;
202000019363;154 708 148;B01;1;7;0;2;4;2;1;
202000019363;154 708 149;A01;1;7;0;2;1;2;1;
202000019364;154 708 146;A01;1;33;0;0;7;1;1;
202000019365;154 708 144;A01;2;7;0;2;6;1;1;
202000019365;154 708 145;B01;2;7;0;2;1;2;1;
202000019366;154 708 143;A01;2;10;0;2;8;1;1;
202000019367;154 708 141;Z01;2;15;0;2;2;9;1;
202000019367;154 708 142;A01;2;7;0;2;8;1;1;
202000019368;154 708 140;A01;3;7;0;1;0;0;1;
202000019369;154 708 138;A01;3;10;0;2;3;16;1;
202000019369;154 708 139;B01;3;1;0;2;1;1;5;
202000019370;154 708 136;A01;3;7;0;2;3;15;1;
202000019370;154 708 137;B01;3;7;0;2;6;1;1;
202000019371;154 708 134;B01;2;99;0;2;3;2;1;
202000019371;154 708 135;A01;2;99;0;2;3;9;1;
202000019372;154 708 132;A01;1;7;0;9;7;17;1;
202000019372;154 708 133;B01;1;1;0;2;8;1;6;
202000019373;154 708 130;B01;1;1;0;2;1;2;5;
202000019373;154 708 131;A01;1;7;0;9;1;1;1;
202000019374;154 708 128;B01;1;7;0;9;3;19;1;
202000019374;154 708 129;A01;1;2;0;2;1;17;1;
202000019375;154 708 126;B01;2;7;0;2;5;15;1;
202000019375;154 708 127;A01;1;7;0;2;1;1;1;
202000019376;154 708 124;A01;2;50;0;2;7;1;3;
202000019376;154 708 125;B01;2;7;0;2;3;19;1;
202000019377;154 708 121;C01;2;7;0;2;4;2;0;
202000019377;154 708 122;B01;2;7;0;2;4;2;0;
202000019377;154 708 123;A01;2;7;0;2;1;2;0;
202000019378;154 708 120;A01;1;30;1;0;1;1;1;
202000019379;154 708 119;A01;3;7;8;0;2;1;1;
202000019380;154 708 117;A01;1;7;0;2;4;2;1;
202000019380;154 708 118;Z01;1;7;0;2;1;2;1;
202000019381;154 708 116;A01;3;7;0;1;3;16;1;
202000019382;154 708 114;Z01;1;7;0;2;3;1;0;
202000019382;154 708 115;B01;1;1;0;2;7;1;5;
202000019383;154 708 112;A01;0;30;0;2;0;1;1;
202000019383;154 708 113;Z01;1;7;0;2;0;1;1;
202000019384;154 708 111;A01;3;7;0;1;1;1;1;
202000019385;154 708 109;B01;1;7;0;2;4;1;1;
202000019385;154 708 110;A01;1;32;0;2;1;1;1;
202000019386;154 708 107;A01;2;7;1;2;8;13;0;
202000019386;154 708 108;B01;1;7;0;2;8;1;0;
202000019387;154 708 104;B01;1;10;0;2;4;2;1;
202000019387;154 708 105;A01;1;7;0;2;1;9;1;
202000019387;154 708 106;C01;2;7;0;2;5;1;1;
202000019388;154 708 103;A01;1;30;0;0;7;1;1;
202000019389;154 708 101;B01;2;7;0;2;4;2;1;
202000019389;154 708 102;A01;2;31;0;2;1;2;1;
202000019390;154 708 099;B01;1;33;0;2;4;2;1;
202000019390;154 708 100;A01;3;7;0;2;1;9;1;
202000019391;154 708 097;A01;2;32;0;2;7;26;1;
202000019391;154 708 098;B01;2;7;0;2;3;15;1;
202000019392;154 708 095;B01;1;33;0;2;1;17;1;
202000019392;154 708 096;A01;1;7;0;2;3;15;1;
202000019393;154 708 093;B01;1;7;0;2;4;2;1;
202000019393;154 708 094;A01;1;7;0;2;1;2;1;
202000019394;154 708 089;C01;2;7;0;2;4;2;1;
202000019394;154 708 090;B01;2;7;0;2;4;2;1;
202000019394;154 708 091;A01;2;17;0;2;1;2;1;
202000019394;154 708 092;D01;2;7;0;2;4;2;1;
202000019395;154 708 087;A01;0;1;0;2;1;19;0;
202000019395;154 708 088;B01;0;7;0;2;3;0;1;
202000019396;154 708 086;A01;1;7;14;0;2;0;1;
202000019397;154 708 085;A01;1;7;0;1;2;0;1;
202000019398;154 708 084;A01;1;1;0;0;0;0;5;
202000019399;154 708 082;B01;2;7;0;2;4;23;1;
202000019399;154 708 083;A01;2;30;0;2;1;2;1;
202000019400;154 708 081;A01;3;10;0;1;4;4;1;
202000019401;154 708 079;B01;2;0;0;2;7;10;0;
202000019401;154 708 080;A01;2;32;0;2;8;1;1;
202000019402;154 708 076;B01;1;7;0;2;4;1;1;
202000019402;154 708 077;C01;1;7;0;2;4;1;1;
202000019402;154 708 078;A01;1;7;0;2;1;1;1;
202000019403;154 708 075;A01;2;7;13;0;1;26;1;
202000019404;154 708 073;B01;1;1;0;2;1;1;5;
202000019404;154 708 074;A01;1;7;0;2;5;15;1;
202000019405;154 708 071;A01;2;7;0;2;1;14;1;
202000019405;154 708 072;B01;2;7;0;2;4;1;1;
202000019406;154 708 069;B01;2;2;0;2;2;17;1;
202000019406;154 708 070;A01;0;7;0;2;1;9;1;
202000019407;154 708 068;A01;1;7;7;0;2;14;1;
202000019408;154 708 067;A01;1;7;0;1;7;17;1;
202000019409;154 708 066;A01;2;7;6;0;2;14;1;
202000019410;154 708 064;B01;1;10;0;0;4;1;1;
202000019410;154 708 065;A01;1;10;0;2;1;1;1;
202000019411;154 708 060;B01;1;31;0;2;7;17;0;
202000019411;154 708 061;A01;1;10;0;2;8;15;1;
202000019412;154 708 059;A01;2;7;13;0;1;14;1;
202000019413;154 708 058;A01;2;1;9;0;0;26;5;
202000019414;154 708 057;A01;1;7;0;1;3;9;1;
202000019415;154 708 055;B01;1;30;0;2;4;1;0;
202000019415;154 708 056;Z01;1;7;0;2;1;1;0;
202000019416;154 708 052;C01;1;7;0;2;1;1;1;
202000019416;154 708 053;A01;2;7;0;2;1;1;1;
202000019416;154 708 054;B01;1;7;0;2;3;15;1;
202000019417;154 708 050;B01;1;2;0;2;1;2;1;
202000019417;154 708 051;A01;2;7;0;2;2;15;0;
202000019418;154 708 048;B01;1;7;0;2;4;2;1;
202000019418;154 708 049;A01;1;7;0;2;1;1;1;
202000019419;154 708 047;A01;1;7;4;0;3;1;1;
202000019420;154 708 045;A01;1;7;0;2;1;9;0;
202000019420;154 708 046;B01;1;2;0;2;8;1;1;
202000019421;154 708 044;A01;1;7;0;1;3;15;0;
202000019422;154 708 039;A01;1;1;0;2;1;5;6;
202000019422;154 708 040;B01;3;2;0;2;1;26;1;
202000019423;154 708 037;A01;1;10;0;2;1;2;1;
202000019423;154 708 038;Z01;1;7;0;2;4;2;0;
202000019424;154 708 035;A01;1;7;0;2;1;1;1;
202000019424;154 708 036;B01;1;10;0;2;4;1;1;
202000019425;154 708 033;B01;1;10;0;2;4;2;1;
202000019425;154 708 034;A01;1;7;0;2;1;2;1;
202000019426;154 708 030;B01;1;7;0;2;4;2;1;
202000019426;154 708 031;C01;1;15;0;2;4;2;1;
202000019426;154 708 032;A01;1;15;0;2;1;2;1;
202000019427;154 708 029;A01;1;50;0;0;1;1;3;
202000019428;154 708 028;A01;2;30;14;0;3;13;1;
202000019429;154 708 026;A01;1;7;0;2;2;15;1;
202000019429;154 708 027;B01;2;32;0;2;1;1;1;
202000019430;154 708 024;B01;2;2;0;2;1;1;1;
202000019430;154 708 025;A01;1;7;0;2;7;15;1;
202000019431;154 708 021;A01;1;7;0;2;2;21;1;
202000019431;154 708 022;B01;2;7;0;2;1;1;1;
202000019431;154 708 023;C01;1;7;0;0;6;23;1;
202000019432;154 708 018;A01;3;7;13;0;3;15;1;
202000019433;154 708 017;A01;2;7;13;0;1;1;1;
202000019434;154 708 015;A01;2;33;0;2;7;13;1;
202000019434;154 708 016;B01;1;17;0;2;4;21;1;
202000019435;154 708 013;B01;1;7;0;2;3;15;1;
202000019435;154 708 014;A01;1;2;0;2;2;17;1;
202000019436;154 708 011;B01;0;30;0;2;2;1;1;
202000019436;154 708 012;A01;0;7;0;2;3;9;1;
202000019437;154 708 010;A01;2;7;0;2;2;1;1;
202000019438;154 708 008;A01;1;10;0;2;5;15;0;
202000019438;154 708 009;B01;1;33;0;0;1;1;0;
202000019439;154 708 006;A01;2;2;0;2;3;1;1;
202000019439;154 708 007;B01;1;7;0;2;3;15;1;
202000019440;154 708 004;B01;1;14;0;2;4;1;1;
202000019440;154 708 005;A01;1;7;0;2;1;2;1;
202000019441;154 708 002;A01;1;7;0;2;1;2;1;
202000019441;154 708 003;B01;1;21;0;0;4;2;1;
202000019442;154 708 000;B01;3;7;0;2;2;1;1;
202000019442;154 708 001;A01;3;1;0;2;1;19;5;
202000019443;154 707 999;A01;2;33;8;0;1;17;1;
202000019444;154 707 998;A01;1;7;6;0;1;1;1;
202000019445;154 707 997;A01;3;33;0;0;3;1;1;
202000019446;154 707 996;A01;3;20;0;0;3;1;1;
202000019447;154 707 994;A01;0;7;0;9;2;19;0;
202000019447;154 707 995;B01;2;1;0;2;1;1;0;
202000019448;154 707 992;B01;2;2;0;2;1;1;1;
202000019448;154 707 993;A01;1;7;0;2;2;15;1;
202000019449;154 707 990;A01;2;14;0;2;3;1;1;
202000019449;154 707 991;B01;1;1;0;2;1;1;5;
202000019450;154 707 988;B01;3;33;0;2;8;1;1;
202000019450;154 707 989;A01;3;7;0;2;1;19;1;
202000019451;154 707 987;A01;1;7;13;0;3;1;1;
202000019452;154 707 985;B01;0;1;0;2;1;1;6;
202000019452;154 707 986;A01;0;7;0;2;2;19;1;
202000019453;154 707 982;A01;1;7;0;0;0;1;1;
202000019454;154 707 980;A01;3;7;0;2;3;15;0;
202000019454;154 707 981;B01;2;33;0;2;1;1;0;
202000019455;154 707 979;A01;3;7;2;0;1;21;1;
202000019456;154 707 978;A01;0;7;0;1;1;1;0;
202000019457;154 707 977;A01;1;2;16;0;1;13;1;
202000019458;154 707 975;B01;1;7;0;2;3;1;1;
202000019458;154 707 976;A01;1;7;0;2;1;19;1;
202000019459;154 707 973;A01;1;7;0;2;3;15;1;
202000019459;154 707 974;B01;1;33;0;2;2;1;1;