num_acc;id_vehicule;num_veh;senc;catv;obs;obsm;choc;manv;motor;occutc
202000019460;154 707 972;A01;3;36;0;0;0;1;1;
202000019461;154 707 971;A01;1;7;0;1;3;1;6;
202000019462;154 707 969;A01;3;7;0;2;5;15;0;
202000019462;154 707 970;B01;3;33;0;2;1;1;0;
202000019463;154 707 967;A01;0;7;13;0;3;1;1;
202000019464;154 707 966;B01;3;7;0;2;7;1;1;
202000019464;154 707 968;A01;3;7;0;2;1;1;1;
202000019465;154 707 964;B01;1;7;0;2;2;1;1;
202000019465;154 707 965;A01;2;7;0;2;1;13;1;
202000019466;154 707 960;A01;1;7;1;0;1;26;1;
202000019466;154 707 961;B01;1;7;1;0;9;24;1;
202000019466;154 707 962;C01;1;7;1;1;4;24;1;
202000019467;154 707 959;B01;1;7;0;2;2;1;1;
202000019467;154 707 963;A01;2;7;0;2;3;16;1;
202000019468;154 707 957;A01;1;7;0;2;1;15;1;
202000019468;154 707 958;B01;2;31;0;2;7;17;1;
202000019469;154 707 956;A01;1;10;2;0;8;1;1;
202000019470;154 707 955;A01;1;30;0;0;7;1;1;
202000019471;154 707 951;B01;1;7;0;2;1;1;1;
202000019471;154 707 953;A01;2;10;0;2;4;13;1;
202000019472;154 707 948;A01;1;7;0;2;2;2;1;
202000019472;154 707 950;D01;1;1;0;2;6;2;5;
202000019472;154 707 952;C01;1;1;0;2;6;2;5;
202000019472;154 707 954;B01;1;1;0;0;0;2;5;
202000019473;154 707 949;A01;1;80;0;0;0;1;3;
202000019474;154 707 945;A01;1;7;0;2;7;15;1;
202000019474;154 707 946;B01;2;2;0;2;1;1;1;
202000019475;154 707 944;B01;2;7;0;2;1;23;1;
202000019475;154 707 947;A01;1;7;8;2;1;1;1;
202000019476;154 707 939;A01;1;30;0;0;8;1;1;
202000019477;154 707 930;C01;2;7;0;2;2;23;0;
202000019477;154 707 931;B01;2;7;0;2;1;1;0;
202000019477;154 707 932;A01;2;7;0;2;7;1;1;
202000019478;154 707 929;A01;3;10;6;0;2;14;1;
202000019479;154 707 927;A01;2;34;0;2;1;9;0;
202000019479;154 707 928;B01;2;10;0;2;5;23;6;
202000019480;154 707 925;H01;1;10;0;0;4;2;1;
202000019480;154 707 933;G01;1;7;0;2;4;2;1;
202000019480;154 707 934;D01;1;7;0;2;4;2;1;
202000019480;154 707 935;E01;1;7;0;2;4;2;1;
202000019480;154 707 936;F01;1;7;0;2;4;2;1;
202000019480;154 707 937;A01;1;14;0;2;2;2;1;
202000019480;154 707 938;B01;1;7;0;2;4;2;1;
202000019480;154 707 940;C01;1;7;0;2;4;2;1;
202000019481;154 707 924;B01;1;40;0;2;2;1;0;
202000019481;154 707 926;A01;1;7;0;-1;3;15;1;
202000019482;154 707 922;B01;2;33;0;2;1;1;1;
202000019482;154 707 923;A01;1;7;0;2;3;2;1;
202000019483;154 707 921;A01;2;7;5;0;8;13;3;
202000019484;154 707 916;A01;3;10;0;2;1;26;1;
202000019484;154 707 918;B01;3;1;0;2;7;0;5;
202000019485;154 707 911;A01;3;7;0;1;2;1;3;
202000019486;154 707 910;B01;1;7;0;2;4;23;1;
202000019486;154 707 912;H01;1;17;0;2;6;11;0;
202000019486;154 707 913;A01;1;7;4;2;7;2;0;
202000019486;154 707 914;E01;1;7;0;2;4;2;0;
202000019486;154 707 915;F01;1;7;0;2;8;2;0;
202000019486;154 707 917;G01;1;7;0;2;5;23;1;
202000019486;154 707 919;C01;1;7;14;0;1;21;1;
202000019486;154 707 920;D01;1;7;15;2;1;21;1;
202000019487;154 707 909;A01;2;7;0;1;2;1;1;
202000019488;154 707 906;A01;2;7;0;4;8;15;1;
202000019488;154 707 908;B01;2;40;0;2;1;1;3;
202000019489;154 707 905;A01;1;7;0;2;8;13;1;
202000019489;154 707 907;B01;1;7;0;2;7;1;1;
202000019490;154 707 903;B01;2;7;0;2;3;1;1;
202000019490;154 707 904;A01;1;7;0;2;3;13;1;
202000019491;154 707 900;A01;0;7;0;2;8;20;0;
202000019491;154 707 902;B01;0;2;0;2;7;1;1;
202000019492;154 707 901;A01;1;7;0;0;9;1;1;
202000019493;154 707 898;A01;1;7;0;2;2;13;1;
202000019493;154 707 899;B01;1;30;0;2;7;17;1;
202000019494;154 707 896;A01;1;7;0;2;5;13;1;
202000019494;154 707 897;B01;2;7;0;2;1;1;1;
202000019495;154 707 894;A01;1;33;0;2;1;15;1;
202000019495;154 707 895;B01;2;1;0;2;1;1;5;
202000019496;154 707 889;C01;1;7;0;2;4;1;1;
202000019496;154 707 891;D01;1;32;0;2;2;1;1;
202000019496;154 707 892;B01;1;7;0;2;2;1;1;
202000019496;154 707 893;A01;1;7;0;2;2;1;1;
202000019497;154 707 888;A01;2;7;0;2;1;2;1;
202000019497;154 707 890;B01;2;10;0;2;4;2;1;
202000019498;154 707 887;A01;1;33;0;0;7;1;1;
202000019499;154 707 886;A01;1;1;0;0;0;1;5;
202000019500;154 707 884;B01;2;7;0;2;4;2;1;
202000019500;154 707 885;A01;2;33;0;2;1;2;1;
202000019501;154 707 882;A01;1;7;0;2;3;15;1;
202000019501;154 707 883;B01;2;2;0;2;1;1;1;
202000019502;154 707 880;B01;3;10;0;2;1;0;1;
202000019502;154 707 881;A01;1;33;12;2;8;17;1;
202000019503;154 707 879;A01;3;40;0;1;2;26;3;
202000019504;154 707 878;A01;3;7;6;0;2;1;1;
202000019505;154 707 877;A01;2;1;0;0;0;21;5;
202000019506;154 707 874;A01;3;7;0;1;1;15;1;
202000019507;154 707 875;A01;1;7;0;2;8;15;1;
202000019507;154 707 876;B01;1;33;0;2;7;17;1;
202000019508;154 707 871;B01;3;1;0;2;4;15;5;
202000019508;154 707 872;A01;3;1;0;2;1;2;5;
202000019509;154 707 870;A01;1;7;0;2;3;1;0;
202000019509;154 707 873;B01;2;7;0;2;3;1;0;
202000019510;154 707 868;A01;3;7;0;1;4;4;1;
202000019511;154 707 867;B01;3;7;0;2;4;2;1;
202000019511;154 707 869;A01;3;2;0;2;1;2;1;
202000019512;154 707 864;B01;1;1;0;2;1;1;5;
202000019512;154 707 866;A01;1;7;0;2;0;1;1;
202000019513;154 707 863;B01;2;7;0;2;3;1;1;
202000019513;154 707 865;A01;1;7;0;2;3;1;1;
202000019514;154 707 861;A01;3;7;0;1;3;15;1;
202000019515;154 707 860;A01;1;7;0;2;0;1;1;
202000019515;154 707 862;B01;1;7;0;2;1;1;1;
202000019516;154 707 855;A01;0;7;0;2;0;1;1;
202000019516;154 707 857;B01;0;7;0;0;0;0;1;
202000019516;154 707 858;C01;0;7;0;0;0;0;1;
202000019517;154 707 854;A01;1;7;0;2;1;5;1;
202000019517;154 707 856;B01;2;7;0;2;6;1;1;
202000019517;154 707 859;C01;2;7;0;2;1;1;1;
202000019518;154 707 852;A01;1;7;0;2;1;1;1;
202000019518;154 707 853;B01;1;34;0;2;1;1;1;
202000019519;154 707 851;A01;2;7;2;0;3;0;1;
202000019520;154 707 849;B01;1;1;0;2;7;1;5;
202000019520;154 707 850;A01;1;7;0;2;7;1;1;
202000019521;154 707 848;A01;0;1;12;0;1;1;5;
202000019522;154 707 847;A01;1;30;0;0;0;0;1;
202000019523;154 707 846;A01;2;7;0;0;9;1;1;
202000019524;154 707 845;A01;1;1;0;2;0;9;5;
202000019525;154 707 844;A01;1;7;8;0;9;1;1;
202000019526;154 707 843;A01;0;30;0;0;0;0;0;
202000019527;154 707 842;A01;1;7;0;1;3;1;1;
202000019528;154 707 839;A01;1;7;0;2;1;9;1;
202000019528;154 707 841;B01;1;1;0;2;7;1;5;
202000019529;154 707 837;A01;1;34;0;2;3;18;1;
202000019529;154 707 838;B01;1;7;0;2;7;1;1;
202000019530;154 707 836;B01;2;7;0;2;5;16;1;
202000019530;154 707 840;A01;2;2;0;2;2;2;1;
202000019531;154 707 834;A01;1;7;2;0;8;1;0;
202000019532;154 707 833;B01;1;7;0;2;3;24;1;
202000019532;154 707 835;A01;1;7;1;0;2;1;1;
202000019533;154 707 831;A01;2;10;0;1;2;1;1;
202000019534;154 707 829;A01;2;7;0;2;1;26;6;
202000019534;154 707 830;B01;2;7;0;2;6;26;6;
202000019535;154 707 825;A01;2;10;0;2;4;1;1;
202000019535;154 707 827;B01;2;34;0;2;1;0;1;
202000019535;154 707 828;C01;2;7;0;2;1;0;1;
202000019536;154 707 824;B01;3;7;0;2;2;16;0;
202000019536;154 707 826;A01;3;7;8;1;1;1;0;
202000019537;154 707 822;B01;1;10;0;2;4;1;1;
202000019537;154 707 823;A01;1;33;0;2;1;2;1;
202000019538;154 707 819;A01;1;7;16;0;9;0;1;
202000019539;154 707 818;Z01;0;7;0;2;1;1;1;
202000019539;154 707 820;B01;0;7;0;2;4;1;1;
202000019539;154 707 821;C01;0;7;0;2;4;1;1;
202000019540;154 707 815;B01;1;17;0;2;4;23;1;
202000019540;154 707 817;A01;1;7;0;2;1;1;1;
202000019541;154 707 814;B01;3;10;0;2;3;1;1;
202000019541;154 707 816;A01;3;10;0;2;3;13;1;
202000019542;154 707 812;A01;2;7;0;2;3;1;1;
202000019542;154 707 813;B01;2;7;0;2;3;1;1;
202000019543;154 707 809;B01;0;31;0;2;2;1;1;
202000019543;154 707 811;A01;0;7;0;2;3;1;1;
202000019544;154 707 808;A01;1;10;0;2;6;13;1;
202000019544;154 707 810;B01;1;10;0;2;8;1;1;
202000019545;154 707 806;A01;2;7;0;0;8;2;1;
202000019546;154 707 805;A01;2;7;0;0;1;1;0;
202000019546;154 707 807;B01;2;7;0;2;4;23;0;
202000019547;154 707 801;A01;1;7;0;2;2;12;1;
202000019547;154 707 803;B01;1;33;0;2;3;3;1;
202000019547;154 707 804;C01;1;7;0;2;2;1;6;
202000019548;154 707 799;A01;2;7;4;0;1;21;1;
202000019549;154 707 798;A01;2;17;4;0;1;1;1;
202000019550;154 707 800;B01;3;7;0;2;1;0;1;
202000019550;154 707 802;A01;0;7;0;2;7;9;1;
202000019551;154 707 795;B01;2;7;0;2;3;10;1;
202000019551;154 707 796;A01;3;43;0;2;2;17;1;
202000019552;154 707 794;A01;1;10;0;1;1;1;1;
202000019553;154 707 791;B01;-1;50;0;2;4;1;3;
202000019553;154 707 793;A01;-1;7;0;2;1;9;1;
202000019554;154 707 790;B01;1;1;0;2;3;18;5;
202000019554;154 707 792;A01;3;13;0;2;5;23;1;
202000019555;154 707 789;A01;2;7;13;0;2;1;1;
202000019556;154 707 787;A01;1;7;0;1;1;1;0;
202000019557;154 707 786;A01;3;7;0;2;3;15;0;
202000019557;154 707 788;B01;3;33;0;2;3;1;0;
202000019558;154 707 784;B01;2;33;0;2;9;1;1;
202000019558;154 707 785;A01;1;10;0;2;3;15;1;
202000019559;154 707 782;Z01;1;7;0;2;1;2;0;
202000019559;154 707 783;B01;1;7;0;2;4;2;0;
202000019560;154 707 780;A01;1;33;0;1;2;1;0;
202000019561;154 707 779;A01;1;7;0;2;2;10;1;
202000019561;154 707 781;B01;1;7;0;2;1;1;1;
202000019562;154 707 777;A01;2;10;0;2;1;15;1;
202000019562;154 707 778;B01;1;7;0;2;3;2;1;
202000019563;154 707 775;A01;1;31;0;2;7;21;1;
202000019563;154 707 776;B01;1;7;0;2;8;1;1;
202000019564;154 707 774;A01;1;30;0;1;0;0;0;
202000019565;154 707 772;A01;2;32;0;1;1;1;1;
202000019566;154 707 771;A01;2;7;0;2;6;15;1;
202000019566;154 707 773;B01;2;33;0;2;2;16;1;
202000019567;154 707 769;B01;0;7;0;0;6;0;0;
202000019567;154 707 770;A01;0;7;1;0;2;0;0;
202000019568;154 707 768;A01;3;10;14;0;1;1;1;
202000019569;154 707 766;B01;0;7;0;2;0;0;1;
202000019569;154 707 767;A01;0;33;0;2;0;0;1;
202000019570;154 707 765;A01;1;10;0;1;1;26;1;
202000019571;154 707 764;A01;2;30;0;0;3;1;1;
202000019572;154 707 761;A01;2;7;0;2;1;13;1;
202000019572;154 707 762;B01;1;7;0;2;1;1;1;
202000019573;154 707 759;B01;1;7;0;2;3;23;1;
202000019573;154 707 760;A01;2;7;1;0;3;1;1;
202000019574;154 707 757;A01;1;99;0;0;1;26;1;
202000019575;154 707 754;A01;1;17;0;2;1;1;0;
202000019575;154 707 756;B01;3;7;0;2;1;1;0;
202000019576;154 707 753;A01;3;7;0;2;3;1;1;
202000019576;154 707 755;B01;3;50;0;2;1;19;3;
202000019577;154 707 749;C01;1;7;0;2;3;0;1;
202000019577;154 707 750;B01;1;7;0;2;8;21;1;
202000019577;154 707 752;A01;2;10;9;2;3;13;1;
202000019578;154 707 748;B01;2;7;0;2;8;1;1;
202000019578;154 707 751;A01;2;15;0;2;2;12;1;
202000019579;154 707 744;C01;1;50;0;2;8;1;3;
202000019579;154 707 745;B01;2;31;0;2;8;1;1;
202000019579;154 707 747;A01;2;7;0;2;8;15;1;
202000019580;154 707 743;A01;3;7;0;2;1;26;1;
202000019580;154 707 746;B01;3;7;0;2;3;26;1;
202000019581;154 707 741;A01;3;7;0;2;4;4;1;
202000019581;154 707 742;B01;3;1;0;2;1;1;5;
202000019582;154 707 739;B01;3;7;14;0;0;0;0;
202000019582;154 707 740;A01;3;1;14;2;8;14;5;
202000019583;154 707 737;A01;2;10;0;2;7;16;1;
202000019583;154 707 738;B01;2;80;0;2;8;1;3;
202000019584;154 707 734;Z01;2;30;0;2;1;1;0;
202000019584;154 707 735;B01;2;1;0;2;8;15;5;
202000019585;154 707 733;A01;3;7;0;2;3;9;1;
202000019585;154 707 736;B01;3;7;0;2;1;1;1;
202000019586;154 707 731;B01;1;7;0;2;6;2;1;
202000019586;154 707 732;A01;1;31;0;2;1;2;1;
202000019587;154 707 727;A01;1;7;0;2;1;17;1;
202000019587;154 707 729;C01;1;7;0;2;8;2;1;
202000019587;154 707 730;B01;1;7;0;2;1;1;1;
202000019588;154 707 726;B01;2;30;0;2;1;1;1;
202000019588;154 707 728;A01;2;7;0;2;3;22;1;
202000019589;154 707 723;A01;1;7;0;2;1;1;1;
202000019589;154 707 724;B01;1;7;0;2;4;23;2;
202000019590;154 707 719;A01;1;7;0;2;3;15;1;
202000019590;154 707 721;B01;2;1;0;2;1;1;5;
202000019591;154 707 718;A01;1;7;0;2;6;13;1;
202000019591;154 707 720;B01;1;32;0;2;2;1;1;
202000019592;154 707 716;B01;1;10;0;2;6;23;1;
202000019592;154 707 717;A01;1;32;0;2;1;17;1;
202000019593;154 707 711;B01;2;7;0;2;6;23;1;
202000019593;154 707 713;C01;1;7;0;2;0;20;1;
202000019593;154 707 715;A01;2;1;0;2;2;17;5;
202000019594;154 707 712;A01;1;30;0;2;3;1;1;
202000019594;154 707 714;B01;1;7;0;2;5;16;1;
202000019595;154 707 709;A01;3;43;0;2;1;23;1;
202000019595;154 707 710;Z01;0;7;0;2;0;9;1;
202000019596;154 707 707;B01;1;1;0;2;1;1;5;
202000019596;154 707 708;A01;2;7;0;2;6;15;1;
202000019597;154 707 706;B01;2;1;0;0;0;21;5;
202000019598;154 707 703;A01;1;2;0;2;2;1;1;
202000019598;154 707 705;Z01;2;7;0;2;1;9;1;
202000019599;154 707 704;A01;2;1;0;1;1;1;5;
202000019600;154 707 701;A01;2;33;6;0;0;1;0;
202000019601;154 707 700;Z01;2;37;0;2;6;13;0;0
202000019601;154 707 702;A01;2;60;0;2;7;17;5;
202000019602;154 707 697;A01;2;30;0;2;1;2;1;
202000019602;154 707 699;B01;2;7;0;2;4;2;0;
202000019603;154 707 698;A01;1;30;0;9;3;1;1;
202000019604;154 707 695;A01;1;31;0;1;1;17;1;
202000019605;154 707 696;A01;1;7;1;0;3;1;1;
202000019606;154 707 693;A01;2;7;1;0;1;14;1;
202000019607;154 707 691;A01;2;1;0;0;1;21;5;
202000019608;154 707 692;B01;1;1;0;2;7;1;5;
202000019608;154 707 694;A01;2;7;0;2;2;9;1;
202000019609;154 707 688;A01;3;10;0;2;1;2;1;
202000019609;154 707 689;B01;3;7;15;2;4;2;1;
202000019610;154 707 686;B01;3;7;0;2;2;15;1;
202000019610;154 707 687;A01;3;34;0;2;3;16;1;
202000019611;154 707 684;A01;1;1;0;2;1;19;6;
202000019611;154 707 685;B01;1;7;0;2;0;19;0;
202000019612;154 707 683;A01;2;7;8;0;3;2;1;
202000019613;154 707 681;A01;1;14;0;1;8;1;1;
202000019614;154 707 680;A01;3;7;0;2;1;17;1;
202000019614;154 707 682;B01;0;1;0;2;8;15;0;
202000019615;154 707 678;B01;2;7;0;2;3;15;0;
202000019615;154 707 679;A01;2;33;0;2;1;1;0;
202000019616;154 707 674;A01;2;2;0;2;1;19;1;
202000019616;154 707 675;B01;2;10;0;2;3;1;3;
202000019617;154 707 676;B01;2;7;0;2;8;1;1;
202000019617;154 707 677;A01;2;14;0;2;2;14;1;
202000019618;154 707 670;A01;3;7;0;2;5;12;1;
202000019618;154 707 673;B01;3;34;0;2;7;1;1;
202000019619;154 707 669;A01;2;7;0;2;1;2;1;
202000019619;154 707 671;B01;2;7;0;2;4;2;1;
202000019619;154 707 672;C01;2;7;0;2;4;2;1;
202000019620;154 707 668;A01;2;31;0;1;1;1;1;
202000019621;154 707 666;B01;2;31;0;2;1;1;1;
202000019621;154 707 667;A01;2;7;0;2;2;1;1;
202000019622;154 707 665;A01;0;7;0;1;7;1;0;
202000019623;154 707 662;A01;1;10;0;2;3;15;1;
202000019623;154 707 664;B01;1;2;0;2;2;1;1;
202000019624;154 707 661;A01;1;30;0;0;0;1;1;
202000019624;154 707 663;B01;1;38;0;0;0;16;0;1
202000019625;154 707 660;A01;1;7;0;0;9;1;1;
202000019626;154 707 658;B01;1;7;0;2;4;1;1;
202000019626;154 707 659;A01;1;7;0;2;1;1;2;
202000019627;154 707 657;A01;1;2;0;0;0;1;1;
202000019628;154 707 655;B01;2;7;0;2;7;15;0;
202000019628;154 707 656;A01;1;32;0;2;3;2;0;
202000019629;154 707 652;A01;1;7;0;2;4;4;1;
202000019629;154 707 653;B01;1;7;0;2;1;1;1;
202000019630;154 707 651;B01;1;32;0;2;8;1;1;
202000019630;154 707 654;A01;1;7;0;2;7;16;1;
202000019631;154 707 650;A01;1;7;14;0;1;26;1;
202000019632;154 707 649;A01;3;33;0;0;1;26;1;
202000019633;154 707 647;A01;3;10;0;2;8;16;1;
202000019633;154 707 648;B01;3;1;0;2;1;1;5;
202000019634;154 707 644;A01;1;7;0;1;3;1;1;
202000019634;154 707 646;B01;2;2;0;2;7;0;1;
202000019635;154 707 643;A01;2;7;0;2;3;15;1;
202000019635;154 707 645;B01;2;2;0;2;2;1;1;
202000019636;154 707 641;B01;-1;7;0;2;1;9;1;
202000019636;154 707 642;A01;-1;34;0;2;1;1;1;
202000019637;154 707 640;A01;1;7;0;1;1;1;1;
202000019638;154 707 639;A01;3;7;0;1;2;1;1;
202000019639;154 707 637;B01;1;80;0;2;8;19;3;
202000019639;154 707 638;A01;2;7;0;2;1;15;1;
202000019640;154 707 636;A01;-1;7;0;1;2;19;1;
202000019641;154 707 633;A01;0;7;1;0;2;21;0;
202000019642;154 707 634;A01;1;7;0;2;7;15;1;
202000019642;154 707 635;B01;2;7;0;2;1;1;1;
202000019643;154 707 630;A01;1;33;0;2;7;1;0;
202000019643;154 707 632;B01;1;7;0;2;1;1;0;
202000019644;154 707 629;B01;3;50;0;2;0;0;3;
202000019644;154 707 631;A01;3;7;0;2;2;2;1;
202000019645;154 707 627;A01;3;60;0;0;0;26;5;
202000019646;154 707 626;B01;1;7;0;2;2;15;1;
202000019646;154 707 628;A01;2;7;0;2;1;1;1;
202000019647;154 707 624;B01;2;33;0;2;7;17;1;
202000019647;154 707 625;A01;2;7;0;2;8;15;1;
202000019648;154 707 622;A01;1;30;0;0;0;1;1;
202000019649;154 707 621;B01;1;3;0;2;8;1;1;
202000019649;154 707 623;A01;2;7;0;2;1;1;1;
202000019650;154 707 620;A01;0;1;0;0;0;1;5;
202000019651;154 707 618;B01;1;7;0;2;1;1;1;
202000019651;154 707 619;A01;1;7;0;2;4;9;1;
202000019652;154 707 616;Z01;1;7;0;1;0;0;0;
202000019653;154 707 613;A01;0;50;0;2;1;0;3;
202000019653;154 707 614;B01;1;7;0;2;2;1;1;
202000019654;154 707 611;B01;2;33;0;2;1;1;1;
202000019654;154 707 612;A01;1;7;0;2;7;15;1;
202000019655;154 707 615;A01;1;30;0;2;1;1;1;
202000019655;154 707 617;B01;1;7;0;2;8;15;1;
202000019656;154 707 609;B01;1;10;0;9;4;2;1;
202000019656;154 707 610;A01;1;10;8;2;1;2;1;
202000019657;154 707 608;A01;1;7;0;1;2;16;0;
202000019658;154 707 606;B01;1;31;0;2;1;1;1;
202000019658;154 707 607;A01;1;7;0;2;8;9;1;
202000019659;154 707 605;A01;2;7;2;0;9;13;1;
202000019660;154 707 603;A01;1;17;2;0;1;0;1;
202000019661;154 707 602;A01;1;32;0;2;0;26;0;
202000019661;154 707 604;B01;1;7;14;0;4;0;0;
202000019662;154 707 600;A01;1;10;2;0;3;13;1;
202000019663;154 707 599;A01;3;7;0;2;1;1;1;
202000019663;154 707 601;B01;3;7;0;2;8;1;1;
202000019664;154 707 598;A01;1;7;0;1;2;1;1;
202000019665;154 707 597;A01;2;7;2;0;1;1;1;
202000019666;154 707 594;A01;1;7;13;0;9;2;1;
202000019667;154 707 595;B01;1;7;0;0;4;2;0;
202000019667;154 707 596;A01;1;7;0;2;1;2;0;
202000019668;154 707 591;A01;2;7;0;2;1;2;1;
202000019668;154 707 592;B01;2;7;0;2;4;2;1;
202000019669;154 707 589;B01;1;7;0;2;3;1;1;
202000019669;154 707 590;A01;2;7;0;2;3;1;1;
202000019670;154 707 587;B01;2;7;0;2;3;15;1;
202000019670;154 707 588;A01;2;33;0;2;7;17;1;
202000019671;154 707 585;B01;1;17;0;0;4;2;1;
202000019671;154 707 586;A01;1;10;0;2;1;2;1;
202000019672;154 707 583;A01;2;7;0;2;3;1;1;
202000019672;154 707 584;B01;1;7;0;2;3;1;1;
202000019673;154 707 582;A01;1;10;15;0;1;0;1;
202000019674;154 707 593;A01;3;7;6;0;1;1;0;
202000019675;154 707 580;B01;2;2;0;2;1;1;1;
202000019675;154 707 581;A01;1;7;0;2;2;17;3;
202000019676;154 707 578;A01;2;7;6;0;1;1;1;
202000019677;154 707 576;A01;2;7;0;2;3;13;1;
202000019677;154 707 577;B01;1;7;0;2;3;1;1;
202000019678;154 707 579;A01;2;40;0;1;7;1;3;
202000019679;154 707 572;A01;2;7;0;2;2;1;1;
202000019679;154 707 573;Z01;2;7;0;2;1;4;1;
202000019680;154 707 571;A01;2;7;14;0;1;26;1;
202000019681;154 707 569;B01;1;7;0;2;1;1;1;
202000019681;154 707 570;A01;2;7;0;2;1;15;1;
202000019682;154 707 567;A01;3;7;0;2;4;20;1;
202000019682;154 707 568;B01;3;2;0;2;1;1;3;
202000019683;154 707 574;A01;0;7;0;2;1;1;1;
202000019683;154 707 575;B01;0;7;0;1;1;1;1;
202000019684;154 707 565;B01;2;7;0;2;5;2;1;
202000019684;154 707 566;A01;2;33;0;2;1;2;1;
202000019685;154 707 562;A01;1;7;0;2;8;11;1;
202000019685;154 707 563;B01;1;32;0;2;7;1;3;
202000019686;154 707 560;A01;2;7;0;2;6;15;1;
202000019686;154 707 561;B01;2;2;0;2;2;1;1;
202000019687;154 707 559;A01;1;32;12;0;2;16;1;
202000019688;154 707 556;A01;2;7;0;2;0;15;1;
202000019688;154 707 557;B01;2;7;0;2;3;1;1;
202000019689;154 707 558;A01;1;7;0;2;1;13;1;
202000019689;154 707 564;B01;2;10;0;2;1;1;1;
202000019690;154 707 555;A01;1;7;0;1;1;2;0;
202000019691;154 707 553;A01;1;7;0;2;4;2;1;
202000019691;154 707 554;B01;1;7;0;2;1;1;1;
202000019692;154 707 552;A01;1;30;0;1;1;1;1;
202000019693;154 707 550;A01;1;7;1;0;3;1;1;
202000019694;154 707 548;B01;2;7;0;2;8;15;0;
202000019694;154 707 549;A01;2;30;0;2;2;17;0;
202000019695;154 707 547;A01;1;32;4;0;1;1;0;
202000019696;154 707 545;Z01;1;30;0;1;1;26;1;
202000019697;154 707 544;A01;3;3;8;0;9;2;0;
202000019698;154 707 542;B01;1;33;0;2;7;17;1;
202000019698;154 707 543;A01;1;7;0;2;3;13;1;
202000019699;154 707 540;B01;0;1;0;2;7;19;5;
202000019699;154 707 541;A01;0;7;0;2;1;1;1;
202000019700;154 707 538;A01;2;7;0;2;5;1;0;
202000019700;154 707 539;B01;1;10;0;2;1;1;0;
202000019701;154 707 536;A01;3;2;0;2;1;17;0;
202000019701;154 707 537;B01;1;7;0;2;3;15;6;
202000019702;154 707 535;A01;1;7;8;0;1;14;0;
202000019703;154 707 546;A01;1;7;0;2;6;1;1;
202000019703;154 707 551;B01;1;7;0;2;1;19;1;
202000019704;154 707 533;A01;2;10;6;0;1;17;0;
202000019705;154 707 532;A01;1;14;0;1;2;1;1;
202000019706;154 707 530;B01;2;7;0;2;3;1;1;
202000019706;154 707 531;A01;1;7;0;2;3;13;1;
202000019707;154 707 534;A01;2;36;0;0;9;1;1;
202000019708;154 707 529;A01;0;7;6;0;1;26;1;
202000019709;154 707 526;A01;0;7;0;2;1;1;1;
202000019709;154 707 527;B01;0;7;0;2;1;1;1;
202000019710;154 707 523;B01;1;7;0;2;7;1;1;
202000019710;154 707 525;A01;1;7;0;2;3;15;1;
202000019711;154 707 521;A01;2;2;0;2;1;1;1;
202000019711;154 707 522;B01;1;7;0;2;3;15;1;
202000019712;154 707 519;B01;1;7;0;0;4;15;1;
202000019712;154 707 520;A01;1;2;0;2;1;2;1;
202000019713;154 707 516;A01;2;7;0;2;7;17;1;
202000019713;154 707 517;B01;1;7;0;2;3;1;1;
202000019713;154 707 518;C01;1;7;0;2;1;1;1;
202000019714;154 707 515;A01;2;7;0;1;3;2;1;
202000019715;154 707 514;A01;3;7;0;1;1;1;1;
202000019716;154 707 524;A01;1;31;0;2;1;21;0;
202000019716;154 707 528;B01;1;0;0;0;6;10;0;
202000019717;154 707 512;A01;1;7;4;2;2;1;1;
202000019717;154 707 513;B01;1;7;3;0;6;1;1;
202000019718;154 707 509;B01;1;7;0;2;3;1;1;
202000019718;154 707 510;A01;2;7;3;2;3;17;1;
202000019719;154 707 507;A01;2;32;0;2;1;1;1;
202000019719;154 707 508;B01;2;7;0;0;0;0;0;
202000019720;154 707 506;A01;1;7;0;1;1;1;0;
202000019721;154 707 511;A01;1;7;4;0;3;13;1;
202000019722;154 707 504;A01;1;17;1;0;2;14;1;
202000019723;154 707 502;B01;2;7;0;2;1;1;1;
202000019723;154 707 503;A01;1;10;0;2;1;19;1;
202000019724;154 707 500;A01;2;7;15;0;1;2;1;
202000019725;154 707 501;A01;2;17;0;0;4;23;1;
202000019725;154 707 505;B01;2;17;0;2;1;2;1;
202000019726;154 707 499;A01;1;7;14;0;1;1;1;
202000019727;154 707 496;A01;3;33;0;2;1;2;1;
202000019727;154 707 497;B01;3;33;0;0;5;2;1;
202000019728;154 707 495;A01;2;1;0;0;0;1;5;
202000019729;154 707 491;A01;2;7;0;2;5;16;1;
202000019729;154 707 492;B01;2;1;0;2;1;1;5;
202000019729;154 707 493;C01;2;1;0;2;1;1;5;
202000019729;154 707 494;D01;2;1;0;2;1;1;5;
202000019730;154 707 490;A01;1;7;13;0;2;1;1;
202000019731;154 707 489;A01;0;7;0;1;1;1;1;
202000019732;154 707 486;B01;1;7;0;2;3;1;1;
202000019732;154 707 487;A01;2;7;0;2;3;1;1;
202000019733;154 707 485;A01;2;7;13;0;3;13;1;
202000019734;154 707 484;A01;3;33;13;0;1;1;1;
202000019735;154 707 483;A01;1;7;0;0;0;17;1;
202000019736;154 707 481;A01;2;33;0;0;3;23;1;
202000019736;154 707 482;B01;2;7;0;2;2;14;1;