num_acc;id_vehicule;num_veh;senc;catv;obs;obsm;choc;manv;motor;occutc
202000019737;154 707 480;A01;2;36;13;0;2;1;1;
202000019738;154 707 479;A01;1;1;0;0;0;2;5;
202000019739;154 707 488;A01;1;7;0;2;1;9;1;
202000019739;154 707 498;B01;2;33;0;2;1;1;1;
202000019740;154 707 476;A01;3;7;2;0;1;14;1;
202000019741;154 707 477;A01;1;7;13;0;0;13;1;
202000019741;154 707 478;B01;2;14;0;9;3;1;1;
202000019742;154 707 474;B01;2;7;0;2;1;0;1;
202000019742;154 707 475;A01;1;7;0;2;1;0;1;
202000019743;154 707 471;A01;3;7;0;9;3;15;1;
202000019743;154 707 472;B01;3;50;0;2;1;1;3;
202000019744;154 707 470;A01;0;7;2;0;1;14;1;
202000019745;154 707 473;A01;2;7;15;0;2;1;1;
202000019746;154 707 468;A01;2;99;0;2;2;19;0;
202000019746;154 707 469;B01;2;30;0;2;1;1;0;
202000019747;154 707 466;B01;3;33;0;2;6;1;1;
202000019747;154 707 467;A01;3;7;0;2;3;15;1;
202000019748;154 707 465;A01;1;7;3;0;2;2;1;
202000019749;154 707 463;A01;1;2;0;9;1;17;1;
202000019749;154 707 464;B01;1;1;0;2;8;15;5;
202000019750;154 707 462;A01;2;2;0;0;0;1;1;
202000019751;154 707 459;C01;2;7;0;2;4;1;1;
202000019751;154 707 460;B01;2;7;0;2;4;2;1;
202000019751;154 707 461;A01;2;7;0;2;1;2;1;
202000019752;154 707 457;B01;1;7;0;2;4;1;6;
202000019752;154 707 458;A01;1;7;0;2;1;2;1;
202000019753;154 707 455;A01;1;17;0;2;3;1;1;
202000019753;154 707 456;B01;1;7;0;2;0;12;1;
202000019754;154 707 453;B01;2;7;0;2;6;1;1;
202000019754;154 707 454;A01;2;7;0;2;1;14;1;
202000019755;154 707 448;A01;1;7;0;2;1;2;1;
202000019755;154 707 449;B01;1;7;0;2;4;2;1;
202000019755;154 707 450;C01;1;7;0;2;4;2;1;
202000019755;154 707 452;D01;1;7;0;2;1;2;1;
202000019756;154 707 445;B01;2;7;0;2;1;1;1;
202000019756;154 707 446;A01;1;30;0;2;1;13;1;
202000019757;154 707 444;A01;1;7;0;1;1;1;1;
202000019758;154 707 442;B01;2;7;0;2;1;2;1;
202000019758;154 707 443;A01;2;17;0;2;4;2;1;
202000019759;154 707 441;A01;1;34;6;0;1;1;1;
202000019760;154 707 440;A01;3;7;4;0;2;15;1;
202000019761;154 707 438;B01;3;7;0;2;3;1;1;
202000019761;154 707 439;A01;3;7;0;2;6;13;1;
202000019762;154 707 436;B01;0;7;0;2;8;19;6;
202000019762;154 707 437;A01;0;30;0;2;1;1;6;
202000019763;154 707 434;B01;1;30;0;2;1;1;1;
202000019763;154 707 435;A01;3;30;0;2;8;16;1;
202000019764;154 707 432;A01;1;7;0;2;1;19;1;
202000019764;154 707 433;B01;1;1;0;2;7;1;5;
202000019765;154 707 451;A01;2;7;13;0;1;11;1;
202000019766;154 707 430;A01;2;7;0;2;2;2;1;
202000019766;154 707 431;B01;2;10;0;2;3;2;1;
202000019767;154 707 428;B01;0;50;0;2;1;1;3;
202000019767;154 707 429;A01;1;7;0;2;3;16;1;
202000019768;154 707 426;A01;3;7;0;2;1;12;1;
202000019768;154 707 427;B01;3;7;0;2;4;1;1;
202000019769;154 707 424;A01;2;7;11;0;6;1;1;
202000019770;154 707 423;B01;3;99;0;2;6;9;0;
202000019770;154 707 425;A01;3;99;0;2;1;9;0;
202000019771;154 707 422;A01;1;33;15;0;1;1;1;
202000019772;154 707 421;A01;2;7;0;1;1;9;1;
202000019773;154 707 419;A01;1;7;0;2;3;13;1;
202000019773;154 707 420;B01;2;7;0;2;3;1;1;
202000019774;154 707 418;A01;3;7;3;0;7;14;1;
202000019775;154 707 416;B01;1;33;0;2;1;17;1;
202000019775;154 707 417;A01;1;7;0;0;6;15;1;
202000019776;154 707 414;C01;3;7;0;2;7;24;1;
202000019776;154 707 415;A01;1;7;1;1;2;14;1;
202000019777;154 707 411;B01;2;7;0;2;3;9;1;
202000019777;154 707 413;A01;2;2;0;0;7;0;1;
202000019778;154 707 412;A01;1;7;6;0;2;1;1;
202000019779;154 707 410;A01;2;2;0;0;8;1;1;
202000019780;154 707 408;B01;1;7;0;2;1;2;1;
202000019780;154 707 409;A01;1;7;0;0;4;1;1;
202000019781;154 707 407;A01;2;7;0;1;1;1;1;
202000019782;154 707 405;A01;3;7;6;2;2;15;1;
202000019782;154 707 406;B01;3;33;0;2;1;1;1;
202000019783;154 707 403;B01;3;2;0;2;1;1;1;
202000019783;154 707 404;A01;1;7;0;2;5;15;1;
202000019784;154 707 402;A01;3;7;2;0;1;1;1;
202000019785;154 707 400;A01;3;7;0;9;1;21;1;
202000019786;154 707 398;A01;1;7;0;1;3;15;1;
202000019787;154 707 396;A01;2;33;3;0;8;13;1;
202000019787;154 707 397;B01;2;33;0;0;0;26;1;
202000019788;154 707 394;Z01;2;7;0;2;6;1;0;
202000019788;154 707 395;A01;1;31;0;2;3;1;1;
202000019789;154 707 392;A01;1;7;13;0;1;1;1;
202000019790;154 707 391;B01;1;13;0;0;1;23;1;
202000019790;154 707 393;A01;1;13;0;0;4;4;1;
202000019791;154 707 390;A01;1;7;2;0;1;26;1;
202000019792;154 707 387;A01;1;10;0;2;1;9;1;
202000019792;154 707 389;B01;1;7;0;0;7;26;1;
202000019793;154 707 386;B01;1;7;0;2;3;1;1;
202000019793;154 707 388;A01;3;37;0;2;8;9;1;1
202000019794;154 707 384;A01;1;10;0;2;2;17;1;
202000019794;154 707 385;B01;1;17;0;0;6;1;6;
202000019795;154 707 381;A01;1;10;0;0;9;1;1;
202000019796;154 707 377;B01;2;15;0;2;4;1;1;
202000019796;154 707 378;A01;2;7;0;2;1;2;1;
202000019797;154 707 371;C01;2;7;0;0;4;2;1;
202000019797;154 707 373;B01;2;7;0;2;4;2;1;
202000019797;154 707 374;A01;2;7;0;2;1;2;1;
202000019798;154 707 370;C01;1;7;13;0;0;21;1;
202000019798;154 707 372;B01;2;7;0;2;3;1;1;
202000019798;154 707 375;D01;2;7;0;2;3;1;1;
202000019798;154 707 376;A01;2;7;0;2;3;13;1;
202000019799;154 707 366;B01;1;2;0;2;6;1;1;
202000019799;154 707 368;A01;1;7;0;2;2;1;1;
202000019800;154 707 365;B01;3;7;1;2;6;17;1;
202000019800;154 707 367;A01;3;7;12;2;1;2;1;
202000019800;154 707 369;C01;3;10;1;0;0;23;1;
202000019801;154 707 363;A01;1;7;0;1;1;19;1;
202000019802;154 707 362;A01;1;7;1;0;2;14;1;
202000019803;154 707 360;A01;1;31;0;2;3;1;1;
202000019803;154 707 361;B01;2;7;0;2;3;15;1;
202000019804;154 707 358;B01;1;7;0;2;1;1;1;
202000019804;154 707 359;A01;1;7;0;2;1;5;1;
202000019805;154 707 357;A01;1;7;3;0;1;1;1;
202000019806;154 707 355;B01;0;2;0;2;1;1;1;
202000019806;154 707 356;A01;0;7;0;2;1;15;1;
202000019807;154 707 354;B01;2;15;0;2;3;13;1;
202000019807;154 707 364;A01;2;7;0;2;7;1;1;
202000019808;154 707 352;B01;1;7;0;2;6;20;1;
202000019808;154 707 353;A01;1;7;0;2;2;17;1;
202000019809;154 707 351;A01;0;7;0;1;8;1;1;
202000019810;154 707 349;B01;1;7;0;0;4;2;6;
202000019810;154 707 350;A01;1;7;0;2;1;2;1;
202000019811;154 707 347;B01;2;1;0;2;4;1;0;
202000019811;154 707 348;A01;2;7;0;2;1;9;1;
202000019812;154 707 346;A01;1;7;0;1;2;1;1;
202000019813;154 707 344;B01;1;33;0;2;1;1;1;
202000019813;154 707 345;A01;3;7;0;2;7;1;1;
202000019814;154 707 343;B01;2;34;0;2;8;2;1;
202000019815;154 707 341;B01;3;99;0;2;4;2;0;
202000019815;154 707 342;A01;3;7;0;2;1;2;1;
202000019816;154 707 339;B01;3;7;0;2;2;19;1;
202000019816;154 707 340;A01;3;7;8;2;1;19;1;
202000019817;154 707 338;A01;3;7;8;0;1;15;1;
202000019818;154 707 336;B01;1;7;14;2;1;2;0;
202000019818;154 707 337;A01;1;7;14;2;4;23;0;
202000019819;154 707 335;A01;1;33;0;0;1;19;1;
202000019820;154 707 332;C01;1;7;0;2;4;23;1;
202000019820;154 707 333;B01;1;7;0;2;9;23;1;
202000019820;154 707 334;A01;1;7;0;2;1;2;1;
202000019821;154 707 331;A01;1;7;0;1;2;26;1;
202000019822;154 707 330;A01;1;7;0;1;8;16;1;
202000019823;154 707 329;A01;2;33;15;0;2;1;1;
202000019824;154 707 327;A01;2;33;0;2;1;0;1;
202000019824;154 707 328;B01;0;0;0;2;0;0;0;
202000019825;154 707 326;A01;3;7;0;1;3;20;1;
202000019826;154 707 325;A01;3;7;0;0;0;20;1;
202000019827;154 707 323;B01;2;7;0;2;1;1;1;
202000019827;154 707 324;A01;1;7;0;2;2;1;1;
202000019828;154 707 322;A01;2;7;13;0;1;13;1;
202000019829;154 707 318;D01;2;7;14;0;3;2;1;
202000019829;154 707 319;C01;2;10;0;2;1;0;1;
202000019829;154 707 320;B01;1;15;0;2;8;1;1;
202000019829;154 707 321;A01;1;7;0;2;7;14;1;
202000019830;154 707 317;A01;3;7;0;1;8;17;0;
202000019831;154 707 315;A01;2;33;0;2;1;2;1;
202000019831;154 707 316;B01;2;7;0;2;3;0;0;
202000019832;154 707 313;A01;1;7;0;9;2;17;1;
202000019832;154 707 314;B01;1;1;0;0;0;1;5;
202000019833;154 707 312;A01;2;7;0;1;1;1;1;
202000019834;154 707 310;A01;1;14;3;0;6;24;0;
202000019834;154 707 311;B01;1;10;1;0;2;2;1;
202000019835;154 707 308;A01;1;50;0;1;6;2;3;
202000019835;154 707 309;B01;1;7;0;2;0;2;1;
202000019836;154 707 306;B01;1;7;0;0;3;1;0;
202000019836;154 707 307;A01;2;7;0;0;2;13;0;
202000019837;154 707 305;A01;1;7;2;0;1;1;1;
202000019838;154 707 303;B01;3;7;0;2;3;1;1;
202000019838;154 707 304;A01;3;7;0;2;3;1;1;
202000019839;154 707 302;A01;1;7;0;1;1;1;1;
202000019840;154 707 301;A01;2;7;2;0;1;1;1;
202000019841;154 707 298;A01;1;7;0;2;1;11;1;
202000019841;154 707 299;B01;2;7;0;2;1;1;1;
202000019841;154 707 300;C01;1;7;0;2;1;1;1;
202000019842;154 707 297;A01;2;7;0;1;2;1;0;
202000019843;154 707 295;A01;3;15;0;2;5;19;1;
202000019843;154 707 296;B01;3;7;0;2;3;1;1;
202000019844;154 707 293;A01;0;7;0;0;3;1;6;
202000019844;154 707 294;B01;0;10;0;0;3;13;6;
202000019845;154 707 292;A01;1;7;13;0;7;1;1;
202000019846;154 707 289;A01;1;7;0;0;4;23;1;
202000019846;154 707 290;B01;1;7;0;0;4;23;1;
202000019846;154 707 291;C01;1;7;14;0;1;2;1;
202000019847;154 707 287;A01;0;7;0;2;1;19;6;
202000019847;154 707 288;B01;1;7;0;0;3;1;1;
202000019848;154 707 285;A01;3;80;0;2;1;16;3;
202000019848;154 707 286;B01;3;7;0;9;3;15;1;
202000019849;154 707 283;A01;2;7;0;2;3;13;1;
202000019849;154 707 284;B01;1;7;0;2;1;1;1;
202000019850;154 707 281;A01;1;2;0;2;1;1;1;
202000019850;154 707 282;B01;2;7;0;2;1;15;1;
202000019851;154 707 279;A01;-1;10;0;2;8;1;1;
202000019851;154 707 280;B01;1;7;0;2;1;1;1;
202000019852;154 707 277;B01;2;7;0;2;2;1;1;
202000019852;154 707 278;A01;1;7;0;0;2;1;1;
202000019853;154 707 276;A01;1;2;7;0;3;6;1;
202000019854;154 707 274;B01;2;7;0;0;6;2;1;
202000019854;154 707 275;A01;2;2;0;2;1;2;1;
202000019855;154 707 273;A01;0;99;12;0;1;1;3;
202000019856;154 707 271;B01;0;1;0;2;1;1;5;
202000019856;154 707 272;A01;0;7;0;2;3;15;1;
202000019857;154 707 270;A01;2;7;3;0;3;0;1;
202000019858;154 707 267;A01;1;7;0;0;5;1;0;
202000019858;154 707 268;B01;1;7;0;2;1;1;0;
202000019858;154 707 269;C01;1;7;0;2;4;1;0;
202000019859;154 707 265;A01;1;7;6;2;0;1;0;
202000019859;154 707 266;B01;1;7;0;2;2;1;0;
202000019860;154 707 264;A01;2;7;3;0;2;0;1;
202000019861;154 707 263;A01;2;33;7;0;3;0;1;
202000019862;154 707 261;B01;1;17;0;0;6;2;1;
202000019862;154 707 262;A01;1;10;0;2;1;2;1;
202000019863;154 707 260;A01;0;17;0;1;3;1;6;
202000019864;154 707 259;A01;2;7;0;0;9;2;1;
202000019865;154 707 258;A01;3;7;0;1;4;20;1;
202000019866;154 707 257;A01;3;7;1;0;2;1;1;
202000019867;154 707 256;A01;2;7;0;1;3;1;1;
202000019868;154 707 255;A01;3;7;0;1;2;15;1;
202000019869;154 707 253;A01;1;7;0;2;2;10;1;
202000019869;154 707 254;B01;1;33;0;2;1;21;1;
202000019870;154 707 252;A01;2;7;3;0;1;11;1;
202000019871;154 707 250;A01;1;7;0;2;1;12;1;
202000019871;154 707 251;B01;2;7;0;2;6;1;1;
202000019872;154 707 247;A01;2;7;0;2;1;2;1;
202000019872;154 707 248;B01;2;7;0;2;4;2;1;
202000019872;154 707 249;C01;2;7;0;2;4;2;1;
202000019873;154 707 244;C01;1;10;0;2;4;2;1;
202000019873;154 707 245;B01;1;7;0;2;4;2;1;
202000019873;154 707 246;A01;1;7;0;2;1;2;1;
202000019874;154 707 243;A01;1;7;0;0;0;17;1;
202000019875;154 707 240;A01;2;7;0;2;2;12;1;
202000019875;154 707 241;B01;2;7;0;2;6;1;1;
202000019875;154 707 242;C01;2;7;0;2;3;1;1;
202000019876;154 707 239;A01;2;15;4;0;1;2;1;
202000019877;154 707 238;A01;2;7;0;1;6;1;1;
202000019878;154 707 237;A01;1;7;4;0;2;14;1;
202000019879;154 707 236;A01;1;7;7;0;1;0;1;
202000019880;154 707 234;A01;1;7;0;2;1;15;1;
202000019880;154 707 235;B01;2;7;0;2;3;1;1;
202000019881;154 707 232;A01;0;7;0;2;1;9;1;
202000019881;154 707 233;B01;0;7;0;9;4;9;1;
202000019882;154 707 230;B01;3;1;0;2;7;1;0;
202000019882;154 707 231;A01;2;7;0;9;3;9;1;
202000019883;154 707 229;A01;1;7;0;1;3;1;1;
202000019884;154 707 228;A01;1;7;15;0;1;1;1;
202000019885;154 707 226;B01;1;2;0;2;7;1;1;
202000019885;154 707 227;A01;1;7;0;2;1;1;1;
202000019886;154 707 224;A01;2;7;0;9;3;26;1;
202000019886;154 707 225;B01;1;1;0;2;1;1;5;
202000019887;154 707 222;B01;3;7;0;2;2;15;0;
202000019887;154 707 223;A01;3;7;0;2;1;1;0;
202000019888;154 707 219;C01;2;7;0;2;4;1;1;
202000019888;154 707 220;B01;2;7;14;0;6;1;1;
202000019888;154 707 221;A01;1;7;0;2;2;1;1;
202000019889;154 707 218;A01;1;7;8;0;1;1;1;
202000019890;154 707 215;C01;2;7;0;2;3;5;1;
202000019890;154 707 216;B01;1;7;0;2;3;2;1;
202000019890;154 707 217;A01;1;34;0;2;9;9;1;
202000019891;154 707 213;A01;1;7;0;2;4;4;1;
202000019891;154 707 214;B01;1;1;0;2;0;0;5;
202000019892;154 707 211;A01;1;7;0;2;2;15;-1;
202000019892;154 707 212;B01;2;30;0;2;7;1;-1;
202000019893;154 707 209;B01;1;7;12;0;6;2;1;
202000019893;154 707 210;A01;1;7;13;0;1;17;1;
202000019894;154 707 208;A01;1;31;0;2;1;1;1;
202000019895;154 707 206;B01;1;7;0;0;6;1;1;
202000019895;154 707 207;A01;2;7;4;0;1;19;1;
202000019896;154 707 204;Z01;3;7;0;2;1;17;0;
202000019896;154 707 205;A01;3;3;0;2;1;1;0;
202000019897;154 707 203;A01;3;7;4;0;1;9;1;
202000019898;154 707 201;A01;3;2;0;2;2;1;0;
202000019898;154 707 202;B01;3;7;0;2;3;1;0;
202000019899;154 707 199;B01;1;7;0;2;8;15;1;
202000019899;154 707 200;A01;1;32;0;2;1;17;1;
202000019900;154 707 197;A01;1;37;0;2;3;13;1;2
202000019900;154 707 198;B01;3;7;0;2;3;9;1;
202000019901;154 707 195;A01;1;7;0;2;5;16;1;
202000019901;154 707 196;B01;1;33;0;2;1;1;1;
202000019902;154 707 194;A01;0;7;2;1;2;1;1;
202000019903;154 707 192;B01;3;7;0;2;1;1;0;
202000019903;154 707 193;A01;3;7;0;2;3;1;0;
202000019904;154 707 189;A01;0;7;8;0;2;12;1;
202000019905;154 707 187;B01;0;7;0;0;4;23;1;
202000019905;154 707 188;A01;0;1;0;2;1;13;5;
202000019906;154 707 186;A01;1;10;0;1;6;4;1;
202000019907;154 707 184;A01;1;7;0;2;1;2;1;
202000019907;154 707 185;B01;1;7;0;2;4;23;1;
202000019908;154 707 182;B01;2;31;0;2;1;1;1;
202000019908;154 707 183;A01;3;7;0;2;3;9;1;
202000019909;154 707 180;A01;1;7;0;2;2;17;1;
202000019909;154 707 181;B01;1;7;0;2;8;15;1;
202000019910;154 707 178;A01;3;33;9;2;7;17;1;
202000019910;154 707 179;B01;3;30;0;2;8;26;1;
202000019911;154 707 176;A01;1;7;0;2;3;13;1;
202000019911;154 707 177;B01;2;7;0;2;1;1;1;
202000019912;154 707 175;A01;3;7;0;1;7;1;1;
202000019913;154 707 173;A01;1;33;0;2;1;1;1;
202000019913;154 707 174;B01;1;33;0;2;4;1;1;
202000019914;154 707 172;A01;1;7;0;1;3;1;2;
202000019915;154 707 170;B01;1;7;0;2;1;1;1;
202000019915;154 707 171;A01;2;7;0;2;1;13;1;
202000019916;154 707 169;A01;1;7;13;0;0;1;1;
202000019917;154 707 168;A01;3;7;2;0;9;1;1;
202000019918;154 707 167;A01;3;7;8;0;1;1;1;
202000019919;154 707 163;A01;2;33;0;0;0;1;1;
202000019920;154 707 162;A01;1;7;14;0;1;6;1;
202000019921;154 707 159;A01;1;7;0;2;2;5;1;
202000019921;154 707 160;B01;2;7;0;2;2;1;1;
202000019921;154 707 161;C01;2;2;0;2;2;21;1;
202000019922;154 707 157;A01;1;7;0;2;3;1;1;
202000019922;154 707 158;B01;2;1;0;2;1;1;5;
202000019923;154 707 156;A01;1;7;0;0;3;1;4;
202000019924;154 707 154;A01;1;7;4;2;1;2;1;
202000019924;154 707 155;B01;1;7;0;2;4;2;1;
202000019925;154 707 152;A01;1;7;0;2;1;1;1;
202000019925;154 707 153;B01;0;7;0;2;4;1;1;
202000019926;154 707 150;B01;1;40;0;2;3;1;3;
202000019926;154 707 151;A01;1;10;9;4;1;1;1;
202000019927;154 707 148;B01;2;7;0;2;3;1;1;
202000019927;154 707 149;A01;2;7;0;2;2;9;1;
202000019928;154 707 146;A01;1;7;0;2;5;17;1;
202000019928;154 707 147;B01;1;7;0;2;3;2;1;
202000019929;154 707 144;A01;2;7;0;2;3;15;1;
202000019929;154 707 145;B01;1;1;0;2;3;2;5;
202000019930;154 707 143;A01;2;7;0;1;1;1;1;
202000019931;154 707 141;A01;0;7;0;2;8;9;1;
202000019931;154 707 142;B01;1;2;0;2;1;1;1;
202000019932;154 707 140;A01;3;13;0;1;1;9;3;
202000019933;154 707 139;A01;1;10;0;1;2;1;0;
202000019934;154 707 137;A01;1;7;2;0;1;1;1;
202000019935;154 707 133;A01;1;7;0;2;4;1;1;
202000019935;154 707 134;D01;1;7;0;2;4;1;1;
202000019935;154 707 135;C01;1;7;0;2;4;1;1;
202000019935;154 707 136;B01;1;7;0;2;4;1;1;
202000019936;154 707 131;Z01;1;7;0;2;1;1;1;
202000019936;154 707 132;A01;1;7;0;2;7;1;1;
202000019937;154 707 129;A01;1;7;0;2;3;15;1;
202000019937;154 707 130;B01;1;33;0;2;1;0;1;
202000019938;154 707 127;A01;3;7;0;2;1;13;0;
202000019938;154 707 128;B01;3;7;0;2;1;9;0;
202000019939;154 707 125;B01;1;7;0;2;3;1;1;
202000019939;154 707 126;A01;2;30;0;2;1;1;1;
202000019940;154 707 122;A01;1;7;0;2;5;17;1;
202000019940;154 707 123;C01;1;7;0;2;1;1;1;
202000019940;154 707 124;B01;1;7;4;0;3;1;1;
202000019941;154 707 121;A01;3;31;0;0;7;1;1;
202000019942;154 707 120;A01;1;7;8;0;1;1;1;
202000019943;154 707 119;A01;1;7;0;1;3;1;1;
202000019944;154 707 117;A01;2;7;0;2;3;26;1;
202000019944;154 707 118;B01;1;60;0;2;8;25;5;
202000019945;154 707 115;A01;1;30;0;2;4;23;1;
202000019945;154 707 116;Z01;1;7;0;2;1;2;0;
202000019946;154 707 113;B01;2;32;0;2;2;1;1;
202000019946;154 707 114;A01;1;7;0;2;3;15;1;
202000019947;154 707 111;A01;3;30;0;2;7;1;1;
202000019947;154 707 112;Z01;3;7;0;2;0;1;0;
202000019948;154 707 109;A01;3;7;0;2;1;1;1;
202000019948;154 707 110;B01;1;31;0;2;8;1;1;
202000019949;154 707 108;A01;2;7;0;1;3;1;1;
202000019950;154 707 106;A01;1;30;0;2;4;2;1;
202000019950;154 707 107;B01;1;7;0;2;4;23;1;
202000019951;154 707 104;A01;2;30;0;2;2;17;1;
202000019951;154 707 105;B01;2;7;0;2;3;1;2;
202000019952;154 707 102;Z01;1;7;0;2;1;1;1;
202000019952;154 707 103;A01;1;7;0;2;4;2;1;
202000019953;154 707 100;Z01;2;10;0;2;0;17;0;
202000019953;154 707 101;A01;2;80;0;2;8;1;3;
202000019954;154 707 099;A01;2;1;0;1;1;1;5;
202000019955;154 707 097;Z01;2;7;0;2;3;9;3;
202000019955;154 707 098;A01;2;33;0;2;7;1;1;
202000019956;154 707 095;B01;2;50;0;2;3;7;3;
202000019956;154 707 096;A01;2;32;0;2;2;16;3;
202000019957;154 707 093;A01;3;7;0;2;1;1;0;
202000019957;154 707 094;B01;3;1;0;2;8;19;5;
202000019958;154 707 091;B01;1;43;0;0;0;0;1;
202000019958;154 707 092;A01;1;7;0;2;6;11;1;
202000019959;154 707 089;A01;1;30;0;2;1;23;1;
202000019959;154 707 090;B01;2;7;0;2;0;0;0;
202000019960;154 707 087;A01;0;7;0;2;1;0;0;
202000019960;154 707 088;B01;2;30;0;2;2;15;0;
202000019961;154 707 086;A01;1;7;0;1;4;15;1;
202000019962;154 707 085;A01;1;32;4;0;0;1;1;
202000019963;154 707 082;A01;3;7;0;2;7;15;0;
202000019963;154 707 083;C01;3;7;0;2;1;2;1;
202000019963;154 707 084;B01;3;2;0;2;1;2;1;
202000019964;154 707 080;A01;1;7;0;2;1;26;1;
202000019964;154 707 081;B01;1;7;0;0;4;1;1;
202000019965;154 707 078;A01;1;7;0;2;2;15;1;
202000019965;154 707 079;B01;2;33;0;2;3;2;1;
202000019966;154 707 076;B01;-1;32;0;2;1;13;0;
202000019966;154 707 077;A01;-1;7;0;2;8;9;0;
202000019967;154 707 075;A01;1;7;1;0;1;19;1;
202000019968;154 707 073;B01;1;2;0;2;3;2;1;
202000019968;154 707 074;A01;1;10;0;2;3;15;1;
202000019969;154 707 072;A01;1;7;0;1;1;1;0;
202000019970;154 707 069;C01;2;7;0;2;4;23;1;
202000019970;154 707 070;B01;2;7;0;2;4;23;1;
202000019970;154 707 071;A01;2;10;0;2;1;2;1;
202000019971;154 707 067;B01;1;30;3;0;4;23;0;
202000019971;154 707 068;A01;1;7;3;2;2;9;0;
202000019972;154 707 065;A01;2;30;0;2;7;15;1;
202000019972;154 707 066;B01;2;7;0;2;1;19;1;
202000019973;154 707 064;A01;3;31;12;0;8;1;1;
202000019974;154 707 063;A01;2;7;0;1;1;1;1;
202000019975;154 707 061;B01;1;7;8;2;2;19;0;
202000019975;154 707 062;A01;2;7;0;2;3;15;0;
202000019976;154 707 059;P01;3;60;0;2;4;1;5;
202000019976;154 707 060;B01;0;1;0;1;1;26;5;
202000019977;154 707 057;A01;2;7;0;2;3;1;1;
202000019977;154 707 058;B01;1;7;0;2;1;15;1;
202000019978;154 707 055;B01;1;1;0;2;8;19;0;
202000019978;154 707 056;A01;1;34;0;9;8;1;1;
202000019979;154 707 053;A01;1;7;0;2;2;2;1;
202000019979;154 707 054;B01;1;7;0;0;6;2;1;
202000019980;154 707 052;A01;1;7;0;1;2;1;1;
202000019981;154 707 051;A01;1;7;0;1;1;2;1;
202000019982;154 707 049;B01;2;7;0;2;1;1;0;
202000019982;154 707 050;A01;1;7;0;2;1;5;0;
202000019983;154 707 047;B01;1;7;0;2;1;1;1;
202000019983;154 707 048;A01;2;7;0;2;3;13;1;
202000019984;154 707 045;A01;1;7;0;2;8;11;1;
202000019984;154 707 046;B01;2;33;0;2;5;17;1;
202000019985;154 707 044;A01;2;33;0;2;0;0;1;
202000019986;154 707 042;A01;2;7;0;2;2;13;1;
202000019986;154 707 043;B01;1;7;0;2;1;1;1;
202000019987;154 707 040;B01;0;2;1;0;1;21;1;
202000019987;154 707 041;A01;0;2;0;2;6;24;1;
202000019988;154 707 035;E01;2;2;0;2;1;1;1;
202000019988;154 707 036;D01;2;2;0;2;1;1;1;
202000019988;154 707 037;C01;2;2;0;2;1;1;1;
202000019988;154 707 038;B01;2;2;0;2;1;1;0;
202000019988;154 707 039;A01;1;7;0;2;3;5;0;
202000019989;154 707 034;A01;2;7;0;1;0;0;1;
202000019990;154 707 033;A01;1;7;0;1;2;1;1;
202000019991;154 707 031;A01;0;1;0;0;1;1;5;
202000019991;154 707 032;B01;0;2;0;2;1;1;1;
202000019992;154 707 029;B01;1;2;0;2;1;1;1;
202000019992;154 707 030;A01;3;7;0;2;1;15;1;
202000019993;154 707 027;A01;2;7;0;2;2;15;0;
202000019993;154 707 028;B01;1;7;0;2;2;1;0;
202000019994;154 707 025;A01;1;7;0;2;1;13;1;
202000019994;154 707 026;B01;2;7;0;2;1;1;1;
202000019995;154 707 024;A01;1;7;2;0;2;14;1;
202000019996;154 707 020;B01;1;7;0;2;1;13;1;
202000019996;154 707 021;C01;1;7;0;2;1;23;1;
202000019996;154 707 022;A01;1;7;0;2;2;9;1;
202000019997;154 707 018;A01;1;7;0;2;8;15;1;
202000019997;154 707 019;B01;2;50;0;2;3;1;3;
202000019998;154 707 016;A01;2;7;0;1;2;1;1;
202000019999;154 707 014;A01;3;31;0;2;7;1;1;
202000019999;154 707 015;B01;3;7;0;2;2;15;1;
202000020000;154 707 011;C01;2;7;0;2;3;1;1;
202000020000;154 707 012;B01;1;7;0;2;1;1;1;
202000020000;154 707 013;A01;2;7;0;2;1;17;0;
202000020001;154 707 009;B01;1;21;0;0;4;2;1;
202000020001;154 707 010;A01;1;7;0;2;1;2;1;
202000020002;154 707 008;A01;2;33;13;0;3;1;1;
202000020003;154 707 006;B01;2;7;0;2;3;1;1;
202000020003;154 707 007;A01;1;7;0;2;3;1;1;
202000020004;154 707 003;A01;1;7;16;0;3;2;1;
202000020005;154 706 999;D01;2;14;0;2;2;1;1;
202000020005;154 707 000;C01;2;7;0;2;6;1;1;
202000020005;154 707 001;B01;2;10;0;2;1;1;1;
202000020005;154 707 002;A01;1;7;0;0;0;1;1;
202000020006;154 706 998;A01;1;7;0;1;1;1;1;
202000020007;154 706 996;B01;1;7;0;2;1;1;1;
202000020007;154 706 997;A01;1;13;0;2;8;19;1;
202000020008;154 706 994;A01;3;10;0;2;1;9;1;
202000020008;154 706 995;B01;2;33;0;2;5;1;1;
202000020009;154 706 992;A01;2;7;0;2;1;15;1;
202000020009;154 706 993;B01;1;32;0;2;8;1;1;
202000020010;154 706 990;A01;1;99;0;2;1;19;1;
202000020010;154 706 991;B01;1;7;0;2;5;19;1;
202000020011;154 706 989;A01;1;7;0;1;3;1;1;
202000020012;154 706 985;D01;1;7;0;2;4;2;1;
202000020012;154 706 986;C01;1;7;1;2;9;2;1;
202000020012;154 706 987;B01;1;7;1;0;9;2;1;