num_acc;id_vehicule;num_veh;senc;catv;obs;obsm;choc;manv;motor;occutc
202000020012;154 706 988;A01;1;7;14;0;1;2;1;
202000020013;154 706 983;B01;2;2;0;2;6;1;1;
202000020013;154 706 984;A01;1;7;0;2;6;15;1;
202000020014;154 706 981;B01;1;34;0;2;2;17;1;
202000020014;154 706 982;A01;2;3;0;2;3;15;1;
202000020015;154 706 979;B01;1;33;0;2;1;3;1;
202000020015;154 706 980;A01;1;7;0;2;6;2;3;
202000020016;154 706 978;A01;1;7;9;0;1;9;1;
202000020017;154 706 976;B01;2;7;0;2;1;23;0;
202000020017;154 706 977;A01;1;7;14;0;1;13;0;
202000020018;154 706 974;B01;3;1;0;2;5;0;0;
202000020018;154 706 975;A01;1;3;0;2;1;1;0;
202000020019;154 706 972;B01;2;1;0;2;4;1;5;
202000020019;154 706 973;A01;2;7;0;2;4;9;1;
202000020020;154 706 971;A01;1;7;0;1;1;9;1;
202000020021;154 706 969;A01;2;30;0;2;1;0;1;
202000020021;154 706 970;B01;2;7;0;2;8;0;1;
202000020022;154 706 967;A01;2;7;0;2;1;1;0;
202000020022;154 706 968;B01;2;7;0;2;4;2;0;
202000020023;154 706 966;A01;2;10;1;0;2;14;1;
202000020024;154 706 964;A01;0;7;0;2;7;19;1;
202000020024;154 706 965;B01;0;50;0;2;1;1;3;
202000020025;154 706 963;A01;2;7;0;1;1;1;1;
202000020026;154 706 962;A01;2;7;0;1;2;1;1;
202000020027;154 706 961;A01;1;7;0;1;3;15;1;
202000020028;154 706 959;A01;1;10;8;2;1;13;1;
202000020028;154 706 960;B01;2;7;0;2;1;5;1;
202000020029;154 706 958;A01;1;7;0;1;2;21;1;
202000020030;154 706 957;A01;1;7;0;1;2;1;1;
202000020031;154 706 955;A01;2;7;0;9;1;19;1;
202000020031;154 706 956;B01;1;1;0;2;2;19;5;
202000020032;154 706 954;A01;2;7;0;1;1;1;1;
202000020033;154 706 952;B01;1;15;0;0;2;1;0;
202000020033;154 706 953;A01;1;7;1;0;4;23;0;
202000020034;154 706 951;A01;2;7;0;1;2;1;1;
202000020035;154 706 950;A01;1;7;0;1;0;16;1;
202000020036;154 706 948;B01;2;1;0;2;1;1;5;
202000020036;154 706 949;A01;1;7;0;2;2;15;1;
202000020037;154 706 946;B01;2;3;0;2;3;15;0;
202000020037;154 706 947;A01;2;7;0;2;2;1;1;
202000020038;154 706 944;B01;2;1;0;2;7;1;0;
202000020038;154 706 945;A01;1;7;0;2;1;9;1;
202000020039;154 706 943;A01;1;7;0;0;1;14;1;
202000020040;154 706 941;A01;2;15;0;2;7;12;1;
202000020040;154 706 942;B01;1;7;3;2;8;1;1;
202000020041;154 706 938;B01;1;7;0;2;5;2;1;
202000020041;154 706 939;A01;1;7;0;2;4;2;1;
202000020041;154 706 940;C01;1;7;0;2;1;2;0;
202000020042;154 706 936;B01;1;31;0;2;2;1;3;
202000020042;154 706 937;A01;1;1;0;2;1;1;5;
202000020043;154 706 934;B01;0;40;0;2;2;1;3;
202000020043;154 706 935;A01;0;1;0;4;1;1;5;
202000020044;154 706 933;A01;1;30;0;0;7;1;1;
202000020045;154 706 932;A01;1;7;0;1;1;1;1;
202000020046;154 706 930;B01;1;7;0;2;4;26;1;
202000020046;154 706 931;A01;1;1;0;2;1;1;5;
202000020047;154 706 927;A01;1;7;0;2;1;2;1;
202000020047;154 706 928;B01;1;30;0;2;0;0;1;
202000020047;154 706 929;C01;1;2;0;2;4;2;1;
202000020048;154 706 926;A01;1;7;0;1;1;15;1;
202000020049;154 706 924;A01;3;7;0;2;8;9;1;
202000020049;154 706 925;B01;3;99;0;2;0;0;0;
202000020050;154 706 922;B01;1;7;0;2;6;23;1;
202000020050;154 706 923;A01;1;2;1;0;2;2;1;
202000020051;154 706 920;A01;1;7;0;2;2;15;1;
202000020051;154 706 921;B01;2;7;0;2;1;1;1;
202000020052;154 706 917;A01;2;7;0;2;3;15;1;
202000020052;154 706 918;B01;1;7;1;2;8;21;1;
202000020052;154 706 919;C01;1;38;0;2;1;24;1;1
202000020053;154 706 914;C01;3;7;0;2;8;23;1;
202000020053;154 706 915;B01;3;33;0;2;8;3;1;
202000020053;154 706 916;A01;3;7;0;2;3;13;1;
202000020054;154 706 912;B01;1;2;0;2;1;1;1;
202000020054;154 706 913;A01;2;2;0;2;7;19;1;
202000020055;154 706 910;A01;1;7;14;0;1;1;1;
202000020055;154 706 911;B01;1;7;0;2;4;23;1;
202000020056;154 706 908;A01;3;7;0;2;2;19;3;
202000020056;154 706 909;B01;1;7;0;2;3;1;0;
202000020057;154 706 907;A01;1;7;0;1;2;1;1;
202000020058;154 706 905;B01;3;30;0;2;8;0;1;
202000020058;154 706 906;A01;2;7;0;2;3;15;1;
202000020059;154 706 904;A01;2;7;0;1;1;1;1;
202000020060;154 706 902;A01;1;7;0;2;1;21;0;
202000020060;154 706 903;B01;1;33;0;2;4;15;0;
202000020061;154 706 901;A01;3;7;0;1;1;1;1;
202000020062;154 706 900;A01;1;7;0;1;8;26;3;
202000020063;154 706 898;A01;1;32;0;2;3;3;1;
202000020063;154 706 899;B01;1;7;0;2;5;12;1;
202000020064;154 706 897;A01;2;7;0;1;3;15;1;
202000020065;154 706 895;B01;1;7;0;2;2;1;1;
202000020065;154 706 896;A01;1;1;0;2;3;19;5;
202000020066;154 706 893;B01;2;1;0;2;7;1;5;
202000020066;154 706 894;A01;2;7;0;2;8;22;1;
202000020067;154 706 891;A01;0;33;0;2;1;1;1;
202000020067;154 706 892;B01;2;7;0;2;5;1;1;
202000020068;154 706 889;B01;3;10;0;2;2;16;1;
202000020068;154 706 890;A01;2;1;0;2;3;1;5;
202000020069;154 706 888;A01;2;7;0;1;7;1;1;
202000020070;154 706 886;A01;2;33;0;2;8;1;1;
202000020070;154 706 887;B01;2;1;0;2;7;12;5;
202000020071;154 706 885;A01;3;1;0;0;0;1;5;
202000020072;154 706 883;B01;3;1;0;2;1;19;5;
202000020072;154 706 884;A01;2;7;0;2;5;16;1;
202000020073;154 706 881;A01;2;10;0;2;3;15;1;
202000020073;154 706 882;B01;2;32;0;2;1;17;1;
202000020074;154 706 879;B01;1;7;0;2;2;1;1;
202000020074;154 706 880;A01;2;1;0;2;7;5;5;
202000020075;154 706 876;C01;1;7;0;2;1;1;1;
202000020075;154 706 877;B01;1;37;0;2;1;2;2;2
202000020075;154 706 878;A01;1;7;0;2;2;16;1;
202000020076;154 706 875;A01;3;80;0;1;1;25;3;
202000020077;154 706 873;A01;1;7;0;2;3;14;1;
202000020077;154 706 874;B01;1;33;0;2;2;23;1;
202000020078;154 706 872;Z01;2;30;0;1;1;16;1;
202000020079;154 706 870;A01;2;7;0;2;8;1;1;
202000020079;154 706 871;B01;1;33;0;2;1;1;1;
202000020080;154 706 867;C01;2;7;0;2;2;1;1;
202000020080;154 706 868;B01;2;30;0;2;1;1;1;
202000020080;154 706 869;A01;1;7;0;2;3;5;1;
202000020081;154 706 865;B01;3;30;0;0;0;0;1;
202000020081;154 706 866;A01;3;99;0;0;0;0;0;
202000020082;154 706 864;A01;2;7;0;1;1;1;6;
202000020083;154 706 862;B01;2;1;0;2;1;1;5;
202000020083;154 706 863;A01;1;1;0;2;1;13;5;
202000020084;154 706 861;A01;1;10;0;1;6;15;1;
202000020085;154 706 860;A01;2;7;1;0;1;26;1;
202000020086;154 706 859;A01;1;7;0;1;1;0;1;
202000020087;154 706 857;B01;3;7;8;0;8;15;1;
202000020087;154 706 858;A01;3;7;8;2;1;18;1;
202000020088;154 706 855;TB01;1;33;0;2;2;17;0;
202000020088;154 706 856;A01;1;3;0;2;3;15;1;
202000020089;154 706 854;A01;-1;7;0;1;1;1;0;
202000020090;154 706 852;B01;3;60;0;2;8;19;5;
202000020090;154 706 853;A01;1;7;0;2;7;16;0;
202000020091;154 706 851;A01;1;7;0;1;2;15;1;
202000020092;154 706 849;A01;1;10;0;9;2;0;1;
202000020092;154 706 850;B01;1;1;0;2;0;0;0;
202000020093;154 706 848;A01;1;99;0;1;3;1;1;
202000020094;154 706 846;A01;3;7;0;2;6;2;0;
202000020094;154 706 847;B01;3;7;0;2;5;2;0;
202000020095;154 706 844;A01;1;34;0;2;1;1;1;
202000020095;154 706 845;B01;2;7;0;2;5;15;1;
202000020096;154 706 842;A01;1;7;0;2;2;15;1;
202000020096;154 706 843;B01;2;7;0;2;3;1;1;
202000020097;154 706 840;B01;1;30;0;2;3;19;1;
202000020097;154 706 841;A01;1;30;0;2;2;26;0;
202000020098;154 706 838;B01;1;7;0;2;8;1;0;
202000020098;154 706 839;A01;3;13;0;2;1;15;0;
202000020099;154 706 836;B01;1;2;0;2;5;17;1;
202000020099;154 706 837;A01;1;10;0;2;6;13;1;
202000020100;154 706 835;A01;2;7;0;1;2;1;0;
202000020101;154 706 834;A01;2;7;6;0;2;2;1;
202000020102;154 706 833;A01;2;2;13;0;9;26;1;
202000020103;154 706 832;A01;3;31;6;0;1;1;1;
202000020104;154 706 831;A01;0;7;2;0;0;0;0;
202000020105;154 706 830;A01;2;7;13;0;1;17;1;
202000020106;154 706 828;B01;1;7;0;2;1;13;1;
202000020106;154 706 829;A01;1;7;0;2;8;15;1;
202000020107;154 706 825;A01;3;7;0;2;5;9;1;
202000020107;154 706 826;B01;1;7;0;2;2;1;1;
202000020108;154 706 824;A01;3;7;13;0;3;1;1;
202000020109;154 706 823;A01;3;7;6;9;3;0;1;
202000020110;154 706 821;A01;1;1;0;2;8;5;5;
202000020110;154 706 822;B01;2;10;0;9;3;1;1;
202000020111;154 706 820;A01;2;7;2;0;2;14;1;
202000020112;154 706 818;A01;3;21;0;0;0;17;1;
202000020112;154 706 819;B01;3;80;0;0;0;1;3;
202000020113;154 706 817;A01;2;7;0;1;0;15;0;
202000020114;154 706 815;A01;1;7;0;2;5;17;1;
202000020114;154 706 816;B01;1;2;3;2;0;2;1;
202000020115;154 706 813;A01;1;7;0;2;3;1;1;
202000020115;154 706 814;B01;2;7;0;2;3;1;1;
202000020116;154 706 812;A01;1;7;2;0;1;21;1;
202000020117;154 706 811;A01;1;7;17;0;1;1;1;
202000020118;154 706 809;B01;1;7;0;2;4;15;1;
202000020118;154 706 810;A01;1;10;0;2;3;1;1;
202000020119;154 706 808;A01;1;7;6;0;1;15;1;
202000020120;154 706 806;A01;2;7;0;2;3;15;1;
202000020120;154 706 807;B01;2;1;0;0;1;23;5;
202000020121;154 706 804;B01;2;7;0;2;1;1;1;
202000020121;154 706 805;A01;1;7;0;2;1;13;1;
202000020122;154 706 802;A01;1;7;0;9;2;11;1;
202000020122;154 706 803;B01;1;1;0;2;1;11;5;
202000020123;154 706 800;B01;1;1;0;2;1;1;5;
202000020123;154 706 801;A01;2;1;0;2;1;13;5;
202000020124;154 706 799;A01;2;3;6;0;1;14;1;
202000020125;154 706 798;A01;3;7;16;0;1;1;1;
202000020126;154 706 796;A01;0;7;0;0;8;19;1;
202000020126;154 706 797;B01;2;10;0;2;1;1;1;
202000020127;154 706 793;C01;1;7;0;2;1;1;1;
202000020127;154 706 794;A01;2;7;0;2;1;17;1;
202000020127;154 706 795;B01;1;7;0;2;1;1;1;
202000020128;154 706 791;B01;2;2;0;2;3;17;1;
202000020128;154 706 792;A01;2;7;0;0;6;15;1;
202000020129;154 706 789;B01;1;7;0;2;1;1;1;
202000020129;154 706 790;A01;2;7;0;2;3;13;1;
202000020130;154 706 787;B01;2;10;0;2;3;1;1;
202000020130;154 706 788;A01;2;7;0;2;6;9;1;
202000020131;154 706 785;B01;1;15;0;2;2;12;1;
202000020131;154 706 786;A01;1;7;1;2;6;1;1;
202000020132;154 706 783;A01;2;7;1;0;1;0;1;
202000020132;154 706 784;B01;2;10;0;2;4;0;1;
202000020133;154 706 782;A01;1;7;6;0;3;1;1;
202000020134;154 706 781;A01;1;7;0;1;3;1;1;
202000020135;154 706 780;A01;2;7;0;1;1;1;1;
202000020136;154 706 778;A01;0;10;0;2;8;15;1;
202000020136;154 706 779;B01;0;31;0;2;1;1;1;
202000020137;154 706 776;A01;1;7;0;2;5;20;1;
202000020137;154 706 777;B01;1;2;0;2;7;1;1;
202000020138;154 706 774;B01;1;7;0;2;1;1;1;
202000020138;154 706 775;A01;1;7;0;2;8;19;1;
202000020139;154 706 773;A01;2;33;0;0;8;21;6;
202000020140;154 706 771;A01;1;60;0;2;1;1;5;
202000020140;154 706 772;B01;1;7;0;2;3;1;1;
202000020141;154 706 769;A01;2;50;0;2;4;19;3;
202000020141;154 706 770;B01;2;7;0;2;4;1;1;
202000020142;154 706 767;A01;1;7;0;2;1;1;1;
202000020142;154 706 768;B01;3;50;0;2;7;19;3;
202000020143;154 706 765;B01;2;1;0;2;0;0;5;
202000020143;154 706 766;A01;2;7;0;2;2;2;1;
202000020144;154 706 763;B01;3;2;0;2;8;9;1;
202000020144;154 706 764;A01;3;34;0;2;1;1;1;
202000020145;154 706 761;B01;1;30;1;2;3;1;0;
202000020145;154 706 762;A01;1;10;0;2;2;20;0;
202000020146;154 706 759;B01;1;7;0;2;1;1;1;
202000020146;154 706 760;A01;1;7;0;2;8;1;1;
202000020147;154 706 758;A01;2;7;0;1;1;1;1;
202000020148;154 706 757;A01;2;33;0;1;1;1;0;
202000020149;154 706 755;B01;2;7;1;2;4;0;1;
202000020149;154 706 756;A01;2;7;1;0;1;0;1;
202000020150;154 706 753;A01;2;7;0;2;1;1;1;
202000020150;154 706 754;B01;2;2;0;2;4;1;1;
202000020151;154 706 751;A01;2;7;0;2;5;15;1;
202000020151;154 706 752;B01;1;2;0;2;1;1;0;
202000020152;154 706 750;A01;2;7;13;0;7;14;1;
202000020153;154 706 749;A01;1;10;1;0;1;14;1;
202000020154;154 706 748;A01;1;7;0;1;1;1;1;
202000020155;154 706 746;A01;0;7;0;1;1;1;1;
202000020156;154 706 744;B01;3;1;0;2;0;0;5;
202000020156;154 706 745;A01;3;7;0;2;0;14;1;
202000020157;154 706 743;A01;1;3;0;1;1;15;3;
202000020158;154 706 738;B01;1;10;0;2;1;1;1;
202000020158;154 706 739;A01;2;7;0;2;1;13;1;
202000020158;154 706 740;C01;1;10;0;2;2;2;1;
202000020159;154 706 736;B01;2;1;0;2;1;15;5;
202000020159;154 706 737;A01;1;7;0;2;1;15;1;
202000020160;154 706 734;B01;2;2;0;2;3;1;1;
202000020160;154 706 735;A01;1;7;0;2;3;13;1;
202000020161;154 706 732;A01;2;7;0;2;3;15;1;
202000020161;154 706 733;B01;1;33;0;2;1;1;1;
202000020162;154 706 731;A01;2;1;1;0;7;1;5;
202000020163;154 706 728;C01;2;21;0;2;3;1;1;
202000020163;154 706 729;B01;1;7;0;2;6;26;1;
202000020163;154 706 730;A01;1;2;0;2;1;17;1;
202000020164;154 706 727;A01;2;7;0;1;1;26;1;
202000020165;154 706 726;A01;2;7;0;1;2;1;1;
202000020166;154 706 725;A01;2;7;0;1;1;17;1;
202000020167;154 706 723;A01;3;7;0;2;8;20;1;
202000020167;154 706 724;B01;3;32;0;2;1;1;1;
202000020168;154 706 721;B01;1;7;0;9;5;2;1;
202000020168;154 706 722;A01;1;1;0;2;1;2;5;
202000020169;154 706 719;A01;2;7;0;2;3;15;0;
202000020169;154 706 720;B01;2;33;0;2;1;17;1;
202000020170;154 706 717;A01;1;7;0;2;1;1;1;
202000020170;154 706 718;B01;1;7;0;2;1;1;1;
202000020171;154 706 716;A01;3;7;15;0;1;15;1;
202000020172;154 706 714;A01;0;1;0;2;2;15;5;
202000020172;154 706 715;B01;0;7;0;2;1;2;1;
202000020173;154 706 712;A01;0;7;0;2;4;15;1;
202000020173;154 706 713;B01;0;7;0;2;1;2;1;
202000020174;154 706 710;B01;0;7;0;2;3;1;1;
202000020174;154 706 711;A01;0;7;0;2;3;1;1;
202000020175;154 706 709;A01;1;37;0;1;2;16;1;1
202000020176;154 706 707;Z01;0;7;0;2;0;1;1;
202000020176;154 706 708;A01;1;2;0;2;4;1;1;
202000020177;154 706 705;B01;2;7;0;2;1;1;1;
202000020177;154 706 706;A01;1;2;0;2;1;19;1;
202000020178;154 706 704;A01;2;30;0;0;7;0;1;
202000020179;154 706 702;A01;1;7;0;2;3;9;1;
202000020179;154 706 703;B01;2;33;0;2;1;1;1;
202000020180;154 706 701;A01;2;7;0;0;1;0;1;
202000020181;154 706 699;B01;1;7;0;2;4;1;1;
202000020181;154 706 700;A01;1;7;0;2;1;2;1;
202000020182;154 706 697;B01;2;33;0;2;1;1;0;
202000020182;154 706 698;A01;0;7;0;2;3;10;1;
202000020183;154 706 695;A01;2;33;8;2;3;5;0;
202000020183;154 706 696;B01;2;7;0;2;3;15;0;
202000020184;154 706 693;A01;1;7;0;2;6;1;3;
202000020184;154 706 694;B01;1;7;0;2;1;1;1;
202000020185;154 706 690;B01;1;7;0;2;8;1;1;
202000020185;154 706 691;C01;1;43;0;2;7;3;1;
202000020185;154 706 692;A01;1;32;0;2;7;11;1;
202000020186;154 706 688;A01;2;1;0;2;8;7;5;
202000020186;154 706 689;B01;3;7;0;2;7;1;1;
202000020187;154 706 687;A01;2;32;0;1;1;1;1;
202000020188;154 706 685;A01;1;7;0;2;0;16;1;
202000020188;154 706 686;B01;1;37;0;2;0;7;1;3
202000020189;154 706 684;A01;1;1;0;1;7;25;5;
202000020190;154 706 683;A01;2;7;0;1;3;1;2;
202000020191;154 706 681;A01;2;31;0;2;1;1;0;
202000020191;154 706 682;B01;2;7;0;2;6;2;0;
202000020192;154 706 678;A01;2;33;0;2;1;17;1;
202000020192;154 706 679;B01;2;7;0;2;3;1;1;
202000020192;154 706 680;C01;1;7;0;2;1;1;1;
202000020193;154 706 677;A01;1;7;1;1;7;9;1;
202000020194;154 706 676;A01;-1;7;0;1;3;1;1;
202000020195;154 706 674;A01;-1;20;7;2;3;9;1;
202000020195;154 706 675;B01;-1;20;7;2;5;1;1;
202000020196;154 706 672;B01;0;7;0;2;1;15;1;
202000020196;154 706 673;A01;2;32;0;2;7;1;1;
202000020197;154 706 670;B01;3;7;0;2;2;12;0;
202000020197;154 706 671;A01;3;32;0;2;8;1;0;
202000020198;154 706 668;B01;-1;2;0;2;1;1;1;
202000020198;154 706 669;A01;-1;7;0;2;8;15;1;
202000020199;154 706 666;B01;1;31;0;2;1;19;1;
202000020199;154 706 667;A01;1;7;0;2;2;16;1;
202000020200;154 706 663;C01;1;7;0;2;1;1;1;
202000020200;154 706 664;B01;1;7;0;2;9;23;1;
202000020200;154 706 665;A01;1;7;0;2;4;16;1;
202000020201;154 706 661;A01;0;7;0;2;0;15;1;
202000020201;154 706 662;B01;2;33;0;2;1;1;1;
202000020202;154 706 659;B01;2;7;0;2;3;1;1;
202000020202;154 706 660;A01;1;2;0;2;1;13;1;
202000020203;154 706 658;A01;2;7;15;0;9;1;1;
202000020204;154 706 656;A01;1;7;7;0;1;1;1;
202000020205;154 706 654;B01;1;10;0;2;1;26;1;
202000020205;154 706 655;A01;2;10;0;2;1;13;1;
202000020206;154 706 653;A01;3;0;0;0;0;26;0;
202000020207;154 706 651;A01;3;7;0;9;3;15;1;
202000020207;154 706 652;B01;3;1;0;2;2;1;5;
202000020208;154 706 649;A01;0;15;0;2;2;0;1;
202000020208;154 706 650;B01;0;1;0;2;0;0;0;
202000020209;154 706 647;B01;1;1;0;2;0;19;5;
202000020209;154 706 648;A01;1;7;0;2;1;1;1;
202000020210;154 706 646;A01;3;10;0;1;4;4;1;
202000020211;154 706 643;B01;2;7;0;2;6;1;1;
202000020211;154 706 644;A01;2;7;0;2;1;12;1;
202000020211;154 706 645;C01;2;7;0;2;4;1;1;
202000020212;154 706 642;A01;1;7;4;0;7;14;1;
202000020213;154 706 640;B01;1;7;0;2;3;1;1;
202000020213;154 706 641;A01;2;1;0;2;2;5;5;
202000020214;154 706 638;A01;1;1;0;2;6;1;5;
202000020214;154 706 639;B01;1;10;0;2;6;1;1;
202000020215;154 706 637;A01;2;1;0;1;1;16;5;
202000020216;154 706 635;B01;1;2;0;2;8;11;1;
202000020216;154 706 636;A01;1;7;0;2;8;1;1;
202000020217;154 706 633;B01;1;7;0;2;2;16;1;
202000020217;154 706 634;A01;1;30;0;2;1;18;1;
202000020218;154 706 632;A01;2;1;12;0;3;13;5;
202000020219;154 706 630;B01;0;7;1;2;0;0;0;
202000020219;154 706 631;A01;2;7;1;0;2;0;0;
202000020220;154 706 629;A01;2;2;0;1;8;1;0;
202000020221;154 706 627;B01;3;7;0;2;3;1;1;
202000020221;154 706 628;A01;3;7;0;2;2;1;1;
202000020222;154 706 625;B01;1;2;0;2;1;1;1;
202000020222;154 706 626;A01;1;10;0;2;3;16;1;
202000020223;154 706 623;A01;1;7;0;2;3;1;0;
202000020223;154 706 624;B01;1;7;0;2;4;1;1;
202000020224;154 706 621;A01;3;7;0;2;3;26;0;
202000020224;154 706 622;B01;3;7;0;2;3;0;0;
202000020225;154 706 619;A01;1;7;0;2;1;17;1;
202000020225;154 706 620;B01;2;7;0;2;1;1;1;
202000020226;154 706 616;C01;2;7;1;0;8;0;1;
202000020226;154 706 617;B01;2;7;0;2;2;0;1;
202000020226;154 706 618;A01;1;31;0;2;2;14;1;
202000020227;154 706 614;A01;1;10;0;2;8;1;0;
202000020227;154 706 615;B01;1;33;0;2;1;1;0;
202000020228;154 706 612;B01;1;10;14;2;1;1;0;
202000020228;154 706 613;A01;1;10;0;0;4;23;0;
202000020229;154 706 610;A01;0;15;0;2;7;9;0;
202000020229;154 706 611;B01;3;7;0;2;6;0;0;
202000020230;154 706 608;B01;1;30;0;2;1;1;1;
202000020230;154 706 609;A01;2;1;0;2;1;13;5;
202000020231;154 706 607;A01;2;7;2;0;2;1;1;
202000020232;154 706 606;A01;1;7;2;0;2;1;1;
202000020233;154 706 605;A01;2;7;8;0;2;1;1;
202000020234;154 706 603;B01;2;7;0;2;6;1;1;
202000020234;154 706 604;A01;1;7;0;2;1;1;1;
202000020235;154 706 601;B01;1;17;0;2;6;26;1;
202000020235;154 706 602;A01;1;33;0;2;2;17;1;
202000020236;154 706 600;A01;3;7;12;0;7;15;1;
202000020237;154 706 598;A01;0;60;0;1;8;19;5;
202000020237;154 706 599;B01;2;31;0;2;1;17;1;
202000020238;154 706 596;B01;2;33;0;2;7;1;1;
202000020238;154 706 597;A01;3;7;0;2;1;1;1;
202000020239;154 706 595;A01;1;7;13;0;3;1;1;
202000020240;154 706 593;A01;2;7;0;2;5;17;1;
202000020240;154 706 594;B01;1;31;0;2;4;1;1;
202000020241;154 706 592;A01;2;17;1;1;2;1;1;
202000020242;154 706 591;A01;3;7;0;0;9;1;1;
202000020243;154 706 589;B01;1;33;0;2;1;1;1;
202000020243;154 706 590;A01;1;7;0;2;3;19;1;
202000020244;154 706 586;A01;1;7;3;0;9;26;1;
202000020245;154 706 585;A01;1;7;5;0;3;26;1;
202000020246;154 706 583;B01;2;14;0;2;4;1;1;
202000020246;154 706 584;A01;2;10;0;2;1;26;1;
202000020247;154 706 579;D01;1;10;0;2;8;1;1;
202000020247;154 706 580;C01;1;7;0;2;6;1;1;
202000020247;154 706 581;B01;1;10;0;2;7;1;1;
202000020247;154 706 582;A01;1;7;0;2;3;3;1;
202000020248;154 706 578;A01;1;32;0;0;0;0;1;
202000020249;154 706 577;Z01;1;7;0;1;5;16;1;
202000020250;154 706 576;A01;1;14;0;1;1;15;1;
202000020251;154 706 575;A01;3;10;0;1;1;15;1;
202000020252;154 706 573;B01;2;7;0;2;3;15;1;
202000020252;154 706 574;A01;1;7;0;2;1;17;1;
202000020253;154 706 572;A01;1;20;0;1;1;26;1;
202000020254;154 706 571;A01;1;7;0;1;1;13;1;
202000020255;154 706 569;B01;2;1;0;2;0;0;0;
202000020255;154 706 570;A01;2;7;0;2;3;15;0;
202000020256;154 706 568;A01;2;36;2;0;0;1;1;
202000020257;154 706 567;A01;2;33;0;0;7;21;1;
202000020258;154 706 566;A01;1;7;0;1;1;26;1;
202000020259;154 706 565;A01;3;7;6;0;1;13;0;
202000020260;154 706 564;A01;0;7;14;1;1;1;1;
202000020261;154 706 562;Z01;1;7;0;0;0;10;1;
202000020261;154 706 563;A01;2;33;0;0;8;21;1;
202000020262;154 706 560;A01;1;7;0;2;3;26;1;
202000020262;154 706 561;B01;1;80;0;2;8;15;3;
202000020263;154 706 559;A01;0;1;0;1;1;1;5;
202000020264;154 706 557;B01;1;2;0;2;4;23;0;
202000020264;154 706 558;A01;1;7;0;2;1;2;1;
202000020265;154 706 555;B01;2;7;0;2;2;1;1;
202000020265;154 706 556;A01;3;1;0;2;1;19;5;
202000020266;154 706 554;A01;1;7;13;0;1;1;1;
202000020267;154 706 553;A01;2;7;0;1;7;1;1;
202000020268;154 706 552;A01;0;33;8;0;1;25;0;
202000020269;154 706 550;B01;1;7;0;2;2;1;1;
202000020269;154 706 551;A01;1;7;0;2;1;9;1;
202000020270;154 706 548;A01;0;7;0;2;1;16;1;
202000020270;154 706 549;B01;3;1;0;2;3;25;5;
202000020271;154 706 546;A01;1;7;0;2;2;15;1;
202000020271;154 706 547;B01;2;7;0;2;1;1;1;
202000020272;154 706 545;A01;0;15;0;1;1;1;1;
202000020273;154 706 544;A01;1;7;0;0;9;1;1;
202000020274;154 706 542;B01;2;31;0;2;9;13;1;
202000020274;154 706 543;A01;1;33;0;2;7;1;1;
202000020275;154 706 540;B01;2;7;0;2;1;2;1;
202000020275;154 706 541;A01;2;10;0;2;4;15;1;
202000020276;154 706 539;A01;3;7;0;1;1;1;1;
202000020277;154 706 538;A01;3;7;0;0;3;13;1;
202000020278;154 706 537;A01;2;33;0;2;1;1;1;
202000020279;154 706 535;A01;1;7;0;2;5;1;1;
202000020279;154 706 536;B01;1;7;0;2;1;2;1;
202000020280;154 706 534;A01;2;7;0;1;1;15;0;
202000020281;154 706 532;B01;1;2;0;2;1;17;1;
202000020281;154 706 533;A01;1;10;0;2;8;10;1;
202000020282;154 706 531;A01;1;30;0;0;0;21;1;
202000020283;154 706 530;A01;1;34;0;1;1;1;0;
202000020284;154 706 528;A01;0;7;0;2;1;0;1;
202000020284;154 706 529;B01;0;7;0;2;2;26;1;
202000020285;154 706 527;A01;3;7;1;0;2;1;1;
202000020286;154 706 525;B01;1;7;0;2;3;1;6;
202000020286;154 706 526;A01;0;30;0;2;1;26;0;
202000020287;154 706 523;A01;1;7;0;2;1;16;1;
202000020287;154 706 524;B01;1;2;0;2;1;23;1;
202000020288;154 706 521;A01;1;7;0;2;2;1;0;
202000020288;154 706 522;B01;2;1;0;2;8;1;0;
202000020289;154 706 519;C01;1;7;0;2;1;2;1;
202000020289;154 706 520;A01;1;17;0;0;4;2;1;
202000020290;154 706 518;A01;1;7;13;0;1;11;1;
202000020291;154 706 517;A01;1;7;13;0;1;5;1;
202000020292;154 706 515;A01;1;7;0;2;3;13;1;
202000020292;154 706 516;B01;2;7;0;2;3;1;1;
202000020293;154 706 514;A01;2;7;15;0;1;1;1;
202000020294;154 706 513;A01;0;7;13;0;1;1;1;
202000020295;154 706 511;B01;3;21;0;2;3;1;1;
202000020295;154 706 512;A01;3;36;0;2;8;1;1;
202000020296;154 706 510;A01;1;33;0;0;1;1;1;
202000020297;154 706 509;A01;1;7;0;9;1;1;1;
202000020298;154 706 508;A01;0;7;13;0;1;1;1;
202000020299;154 706 504;C01;1;7;0;2;3;1;1;
202000020299;154 706 505;D01;1;2;0;2;1;1;1;
202000020299;154 706 506;B01;1;7;0;0;3;2;1;
202000020299;154 706 507;A01;1;7;0;2;1;17;1;
202000020300;154 706 502;A01;2;7;0;2;8;9;0;
202000020300;154 706 503;B01;1;30;0;2;1;1;0;
202000020301;154 706 500;A01;3;7;0;2;3;16;1;
202000020301;154 706 501;B01;1;7;0;2;3;1;1;
202000020302;154 706 499;A01;3;7;0;1;2;1;1;