num_acc;id_vehicule;num_veh;senc;catv;obs;obsm;choc;manv;motor;occutc
202000020303;154 706 498;A01;3;2;0;0;7;1;1;
202000020304;154 706 497;A01;1;7;3;0;1;14;1;
202000020305;154 706 496;A01;1;7;0;1;1;15;1;
202000020306;154 706 495;A01;3;31;0;0;0;16;1;
202000020307;154 706 494;A01;2;7;4;0;3;13;1;
202000020308;154 706 493;A01;2;30;1;0;1;18;1;
202000020309;154 706 492;A01;2;30;0;1;1;26;1;
202000020310;154 706 490;A01;1;31;0;2;7;17;1;
202000020310;154 706 491;B01;1;7;0;2;3;15;1;
202000020311;154 706 489;A01;0;33;0;0;0;26;1;
202000020312;154 706 487;A01;1;7;0;2;3;1;1;
202000020312;154 706 488;B01;1;33;0;2;1;17;1;
202000020313;154 706 483;B01;2;7;0;2;1;1;1;
202000020313;154 706 484;A01;1;7;0;2;6;15;1;
202000020314;154 706 482;A01;1;7;1;0;1;14;1;
202000020315;154 706 481;A01;2;7;15;0;1;14;1;
202000020316;154 706 479;B01;-1;2;0;2;5;2;1;
202000020316;154 706 480;A01;-1;7;0;2;2;19;1;
202000020317;154 706 477;A01;1;7;0;9;7;22;1;
202000020317;154 706 478;B01;1;50;0;2;1;18;3;
202000020318;154 706 475;B01;1;7;0;2;2;15;1;
202000020318;154 706 476;A01;1;99;9;2;3;1;0;
202000020319;154 706 473;A01;1;33;0;2;0;17;1;
202000020319;154 706 474;B01;2;7;0;0;0;0;1;
202000020320;154 706 472;A01;1;7;1;1;0;1;1;
202000020321;154 706 471;A01;2;33;13;0;1;1;1;
202000020322;154 706 470;A01;1;7;2;0;1;1;1;
202000020323;154 706 469;A01;2;33;3;0;2;14;1;
202000020324;154 706 466;C01;3;33;0;2;8;1;1;
202000020324;154 706 467;B01;3;7;0;2;1;1;1;
202000020324;154 706 468;A01;3;7;0;2;1;1;1;
202000020325;154 706 465;A01;2;33;15;0;1;0;1;
202000020326;154 706 464;A01;2;10;0;1;1;1;1;
202000020327;154 706 463;A01;2;2;0;0;0;0;0;
202000020328;154 706 462;A01;1;7;2;0;1;1;1;
202000020329;154 706 460;A01;2;7;0;2;1;2;1;
202000020329;154 706 461;B01;2;15;0;0;4;2;1;
202000020330;154 706 459;A01;2;7;12;0;1;15;1;
202000020331;154 706 458;A01;3;7;16;0;0;0;1;
202000020332;154 706 457;A01;3;7;6;0;2;10;0;
202000020333;154 706 456;A01;2;2;12;0;1;13;1;
202000020334;154 706 455;A01;3;7;0;0;1;1;1;
202000020335;154 706 454;A01;1;7;6;0;1;1;1;
202000020336;154 706 452;B01;2;7;0;2;3;1;1;
202000020336;154 706 453;A01;1;7;0;2;2;19;0;
202000020337;154 706 451;A01;2;10;6;0;3;13;1;
202000020338;154 706 450;A01;1;7;4;2;1;1;1;
202000020339;154 706 449;A01;2;7;0;0;9;1;1;
202000020340;154 706 444;E01;1;10;0;2;0;14;1;
202000020340;154 706 445;D01;1;7;0;2;4;1;1;
202000020340;154 706 446;A01;1;10;0;2;1;17;1;
202000020340;154 706 447;C01;1;7;0;2;4;1;1;
202000020340;154 706 448;B01;1;7;0;2;6;1;1;
202000020341;154 706 443;A01;1;10;0;1;1;26;1;
202000020342;154 706 442;A01;1;7;9;0;1;0;0;
202000020343;154 706 438;A01;1;1;0;2;1;2;5;
202000020343;154 706 439;B01;1;7;0;2;5;16;1;
202000020344;154 706 437;A01;3;7;0;1;2;1;1;
202000020345;154 706 436;A01;0;30;0;1;0;19;1;
202000020346;154 706 434;B01;0;33;0;2;1;21;1;
202000020346;154 706 435;A01;0;7;0;2;3;9;1;
202000020347;154 706 432;B01;1;1;0;2;1;1;0;
202000020347;154 706 433;A01;2;10;0;9;0;11;1;
202000020348;154 706 431;A01;2;7;0;1;2;1;1;
202000020349;154 706 430;A01;1;7;0;1;5;4;1;
202000020350;154 706 428;A01;2;10;0;2;1;1;1;
202000020350;154 706 429;B01;2;2;0;2;4;23;1;
202000020351;154 706 426;A01;3;50;0;2;1;9;3;
202000020351;154 706 427;Z01;1;0;0;9;3;16;0;
202000020352;154 706 425;A01;0;7;0;1;8;1;0;
202000020353;154 706 424;A01;2;7;13;0;3;1;1;
202000020354;154 706 423;A01;2;33;13;0;1;1;1;
202000020355;154 706 421;B01;2;33;0;2;1;1;1;
202000020355;154 706 422;A01;1;7;0;2;2;5;1;
202000020356;154 706 420;A01;1;7;13;0;0;13;1;
202000020357;154 706 418;B01;1;2;0;2;1;1;0;
202000020357;154 706 419;A01;2;7;0;2;3;5;0;
202000020358;154 706 417;A01;3;7;2;0;1;1;1;
202000020359;154 706 416;A01;0;7;15;0;1;1;1;
202000020360;154 706 415;A01;1;7;8;0;1;0;1;
202000020361;154 706 414;A01;2;7;8;0;1;0;1;
202000020362;154 706 412;A01;1;7;0;2;1;17;1;
202000020362;154 706 413;B01;1;7;0;2;8;15;1;
202000020363;154 706 410;A01;3;7;0;2;4;4;1;
202000020363;154 706 411;B01;3;1;0;2;7;1;5;
202000020364;154 706 407;A01;2;2;0;2;1;13;1;
202000020364;154 706 408;B01;1;10;0;2;3;1;1;
202000020365;154 706 405;A01;1;7;0;2;8;1;1;
202000020365;154 706 406;B01;2;7;0;2;8;1;1;
202000020366;154 706 404;A01;1;7;2;0;1;26;1;
202000020367;154 706 403;A01;3;7;0;1;0;1;1;
202000020368;154 706 402;A01;2;7;0;0;1;0;1;
202000020369;154 706 400;B01;1;7;7;2;1;1;1;
202000020369;154 706 401;A01;2;7;7;2;1;5;1;
202000020370;154 706 399;A01;2;7;2;0;1;1;1;
202000020371;154 706 397;A01;2;7;0;2;3;13;1;
202000020371;154 706 398;B01;1;7;0;2;1;1;1;
202000020372;154 706 395;B01;3;7;0;0;4;15;1;
202000020372;154 706 396;A01;3;33;0;2;1;2;1;
202000020373;154 706 393;A01;1;34;0;2;2;17;1;
202000020373;154 706 394;B01;1;7;0;2;8;17;1;
202000020374;154 706 392;A01;3;7;15;0;3;1;1;
202000020375;154 706 391;A01;0;1;13;0;1;1;6;
202000020376;154 706 390;A01;2;17;16;0;7;17;1;
202000020377;154 706 388;B01;2;7;0;2;4;23;1;
202000020377;154 706 389;A01;2;7;1;0;1;2;1;
202000020378;154 706 386;A01;2;10;0;2;3;9;1;
202000020378;154 706 387;B01;1;33;0;2;9;17;1;
202000020379;154 706 385;A01;1;13;10;0;1;14;1;
202000020380;154 706 383;A01;1;7;0;2;7;26;1;
202000020380;154 706 384;B01;1;7;0;2;8;21;0;
202000020381;154 706 381;A01;2;7;0;2;1;1;1;
202000020381;154 706 382;B01;1;7;0;2;1;1;1;
202000020382;154 706 379;A01;1;7;2;2;3;12;1;
202000020382;154 706 380;B01;2;32;0;2;0;0;1;
202000020383;154 706 378;B01;1;1;0;9;0;26;6;
202000020384;154 706 376;B01;2;33;0;2;1;2;1;
202000020384;154 706 377;A01;2;7;0;2;4;23;1;
202000020385;154 706 374;B01;2;7;0;2;5;10;1;
202000020385;154 706 375;A01;2;7;0;2;3;9;1;
202000020386;154 706 373;A01;1;33;3;0;1;1;1;
202000020387;154 706 372;A01;0;30;0;0;7;0;1;
202000020388;154 706 370;B01;1;38;0;2;2;1;0;1
202000020388;154 706 371;A01;2;7;0;2;4;13;1;
202000020389;154 706 368;A01;1;7;15;2;2;19;1;
202000020389;154 706 369;B01;1;7;0;2;1;1;1;
202000020390;154 706 366;B01;3;7;8;2;6;2;1;
202000020390;154 706 367;A01;3;7;0;2;2;2;1;
202000020391;154 706 364;B01;2;7;0;2;2;1;1;
202000020391;154 706 365;A01;1;2;0;2;8;9;1;
202000020392;154 706 363;A01;1;33;0;0;0;1;1;
202000020393;154 706 361;B01;3;60;0;2;8;1;5;
202000020393;154 706 362;A01;3;7;0;2;2;1;1;
202000020394;154 706 359;A01;1;7;0;2;1;15;1;
202000020394;154 706 360;B01;2;50;0;2;7;1;3;
202000020395;154 706 358;A01;3;7;3;0;1;1;1;
202000020396;154 706 357;A01;0;7;0;1;1;26;1;
202000020397;154 706 354;B01;1;33;0;2;4;23;1;
202000020397;154 706 355;A01;1;7;0;2;1;2;1;
202000020397;154 706 356;C01;1;7;0;2;4;0;1;
202000020398;154 706 353;A01;1;7;0;1;1;1;1;
202000020399;154 706 352;A01;3;10;0;1;1;9;1;
202000020400;154 706 351;A01;1;33;0;0;7;1;1;
202000020401;154 706 349;A01;0;7;0;2;1;19;1;
202000020401;154 706 350;B01;0;7;0;2;8;1;1;
202000020402;154 706 347;A01;1;10;0;2;8;10;0;
202000020402;154 706 348;B01;2;32;0;1;1;1;0;
202000020403;154 706 345;A01;2;10;0;2;1;19;1;
202000020403;154 706 346;B01;1;10;0;2;1;1;1;
202000020404;154 706 343;A01;2;7;8;1;2;2;1;
202000020404;154 706 344;B01;2;7;8;2;6;24;1;
202000020405;154 706 341;A01;1;7;0;2;8;10;1;
202000020405;154 706 342;B01;1;7;0;2;1;1;1;
202000020406;154 706 340;A01;2;7;2;0;2;14;1;
202000020407;154 706 338;B01;1;50;1;2;4;23;3;
202000020407;154 706 339;A01;1;10;0;2;2;1;1;
202000020408;154 706 334;C01;1;7;0;2;4;2;1;
202000020408;154 706 335;A01;1;7;0;2;1;2;1;
202000020408;154 706 336;B01;1;7;0;2;4;2;1;
202000020408;154 706 337;D01;1;7;0;2;4;2;1;
202000020409;154 706 332;A01;1;30;0;2;1;1;1;
202000020409;154 706 333;B01;1;10;0;2;3;1;0;
202000020410;154 706 331;A01;2;7;13;0;1;1;0;
202000020411;154 706 329;A01;1;2;0;2;1;17;1;
202000020411;154 706 330;B01;1;7;0;2;8;15;0;
202000020412;154 706 328;A01;2;2;11;0;2;1;1;
202000020413;154 706 326;A01;1;7;0;2;1;2;1;
202000020413;154 706 327;B01;1;7;0;2;4;2;1;
202000020414;154 706 325;A01;1;7;0;1;9;26;1;
202000020415;154 706 324;A01;1;7;0;1;1;1;1;
202000020416;154 706 323;A01;3;7;0;1;3;1;1;
202000020417;154 706 322;A01;1;7;0;1;1;2;0;
202000020418;154 706 321;A01;1;7;0;1;1;1;0;
202000020419;154 706 319;B01;2;30;0;2;7;17;1;
202000020419;154 706 320;A01;2;7;0;2;1;15;1;
202000020420;154 706 318;A01;2;7;0;1;1;1;1;
202000020421;154 706 316;B01;1;2;0;2;1;1;1;
202000020421;154 706 317;A01;2;13;0;2;1;15;1;
202000020422;154 706 315;A01;3;7;8;0;3;13;1;
202000020423;154 706 314;A01;1;31;0;0;9;0;1;
202000020424;154 706 312;B01;1;7;0;2;0;0;1;
202000020424;154 706 313;A01;1;7;0;2;0;0;1;
202000020425;154 706 311;A01;1;7;0;1;0;0;1;
202000020426;154 706 309;B01;0;7;0;2;2;1;1;
202000020426;154 706 310;A01;0;1;0;2;3;19;5;
202000020427;154 706 307;B01;1;7;0;2;5;23;1;
202000020427;154 706 308;A01;1;30;0;2;1;26;1;
202000020428;154 706 306;A01;3;30;0;1;1;17;1;
202000020429;154 706 304;B01;1;7;0;2;7;1;1;
202000020429;154 706 305;A01;1;32;0;2;1;10;1;
202000020430;154 706 301;A01;1;7;0;2;1;26;1;
202000020430;154 706 302;B01;2;7;0;2;1;1;1;
202000020430;154 706 303;C01;2;15;0;2;8;1;1;
202000020431;154 706 299;B01;1;37;0;2;1;1;1;2
202000020431;154 706 300;A01;1;7;0;2;3;9;1;
202000020432;154 706 297;B01;0;7;0;2;6;15;1;
202000020432;154 706 298;A01;0;32;0;2;2;16;1;
202000020433;154 706 295;A01;3;7;0;2;1;19;1;
202000020433;154 706 296;B01;3;7;0;2;8;1;1;
202000020434;154 706 294;A01;0;7;0;1;1;26;1;
202000020435;154 706 293;A01;0;7;0;1;3;1;1;
202000020436;154 706 291;B01;2;7;0;2;1;1;1;
202000020436;154 706 292;A01;1;7;0;2;8;1;1;
202000020437;154 706 289;A01;1;7;0;2;1;2;1;
202000020437;154 706 290;B01;1;2;0;2;4;2;1;
202000020438;154 706 288;A01;2;7;0;1;2;1;1;
202000020439;154 706 286;B01;1;80;0;2;4;1;3;
202000020439;154 706 287;A01;1;7;0;2;1;9;1;
202000020440;154 706 284;B01;1;14;0;2;1;1;1;
202000020440;154 706 285;A01;1;7;8;2;6;16;1;
202000020441;154 706 282;A01;2;10;0;2;8;1;1;
202000020441;154 706 283;B01;1;33;0;2;1;1;1;
202000020442;154 706 281;A01;2;7;0;1;7;1;1;
202000020443;154 706 279;B01;1;17;0;2;7;1;0;
202000020443;154 706 280;A01;1;33;0;2;8;13;1;
202000020444;154 706 278;A01;1;7;0;1;1;21;1;
202000020445;154 706 276;B01;1;2;0;2;1;17;1;
202000020445;154 706 277;A01;3;7;0;2;0;0;1;
202000020446;154 706 274;B01;2;7;0;2;1;15;1;
202000020446;154 706 275;A01;1;7;0;2;1;21;1;
202000020447;154 706 273;A01;1;7;0;1;1;1;6;
202000020448;154 706 271;A01;1;7;0;2;1;1;0;
202000020448;154 706 272;B01;1;99;0;2;8;1;0;
202000020449;154 706 270;A01;2;10;8;0;0;2;1;
202000020450;154 706 268;A01;1;7;0;2;2;19;1;
202000020450;154 706 269;B01;2;7;0;2;3;1;0;
202000020451;154 706 266;A01;0;32;0;2;0;2;1;
202000020451;154 706 267;Z01;3;7;0;2;0;15;1;
202000020452;154 706 265;A01;3;3;0;1;1;26;1;
202000020453;154 706 263;B01;1;7;0;2;1;11;0;
202000020453;154 706 264;A01;2;7;0;2;3;1;0;
202000020454;154 706 262;A01;2;7;0;1;2;19;1;
202000020455;154 706 260;A01;2;7;0;2;3;15;1;
202000020455;154 706 261;B01;1;34;0;2;1;1;1;
202000020456;154 706 258;A01;1;7;0;2;2;19;1;
202000020456;154 706 259;B01;2;32;0;2;7;17;1;
202000020457;154 706 257;A01;3;37;10;0;3;8;4;21
202000020458;154 706 256;A01;1;7;6;0;1;1;1;
202000020459;154 706 254;A01;1;7;0;2;1;2;1;
202000020459;154 706 255;B01;1;7;0;2;4;2;1;
202000020460;154 706 252;A01;2;33;0;2;1;1;1;
202000020460;154 706 253;B01;2;7;0;2;6;11;1;
202000020461;154 706 251;A01;1;43;12;0;1;14;1;
202000020462;154 706 250;A01;2;37;0;1;5;1;2;1
202000020463;154 706 248;B01;1;1;0;2;4;2;5;
202000020463;154 706 249;A01;1;7;0;2;3;2;1;
202000020464;154 706 246;A01;1;30;0;2;8;9;1;
202000020464;154 706 247;B01;1;10;0;2;5;1;1;
202000020465;154 706 244;A01;1;7;0;2;3;13;3;
202000020465;154 706 245;B01;1;32;0;2;5;1;1;
202000020466;154 706 243;A01;1;50;0;1;1;25;3;
202000020467;154 706 241;B01;1;33;0;2;6;15;1;
202000020467;154 706 242;A01;1;7;0;2;2;17;1;
202000020468;154 706 239;B01;1;2;0;2;7;16;1;
202000020468;154 706 240;A01;1;43;0;2;1;1;1;
202000020469;154 706 238;A01;3;7;6;0;1;16;1;
202000020470;154 706 236;B01;1;7;0;2;2;1;1;
202000020470;154 706 237;A01;2;7;0;2;1;5;1;
202000020471;154 706 234;A01;3;10;0;2;3;1;1;
202000020471;154 706 235;B01;3;1;0;2;5;1;5;
202000020472;154 706 232;A01;2;7;0;2;3;1;1;
202000020472;154 706 233;B01;1;50;0;2;2;19;3;
202000020473;154 706 231;A01;3;43;0;1;1;10;1;
202000020474;154 706 229;B01;2;2;0;2;7;17;1;
202000020474;154 706 230;A01;2;7;0;2;8;13;1;
202000020475;154 706 227;Z01;1;7;0;2;2;2;0;
202000020475;154 706 228;A01;1;60;0;2;0;2;5;
202000020476;154 706 226;A01;1;31;0;0;2;26;1;
202000020477;154 706 224;A01;1;33;0;2;1;13;1;
202000020477;154 706 225;B01;2;10;0;2;1;1;1;
202000020478;154 706 222;Z01;1;13;12;2;4;1;0;
202000020478;154 706 223;A01;1;1;12;0;4;1;0;
202000020479;154 706 220;A01;1;31;0;2;7;1;1;
202000020479;154 706 221;Z01;1;7;0;0;0;0;0;
202000020480;154 706 219;A01;2;7;0;1;2;1;1;
202000020481;154 706 217;A01;1;7;0;2;1;1;0;
202000020481;154 706 218;B01;2;37;0;2;6;1;0;1
202000020482;154 706 216;A01;0;7;0;1;3;15;1;
202000020483;154 706 214;A01;1;7;0;2;1;9;1;
202000020483;154 706 215;B01;-1;7;0;2;4;23;1;
202000020484;154 706 212;A01;2;32;0;2;7;1;1;
202000020484;154 706 213;B01;2;3;0;2;1;9;1;
202000020485;154 706 210;A01;1;7;0;2;3;19;1;
202000020485;154 706 211;B01;1;32;0;2;2;0;1;
202000020486;154 706 207;A01;1;7;0;2;8;9;1;
202000020486;154 706 208;B01;1;7;0;2;1;2;1;
202000020486;154 706 209;C01;1;7;0;2;1;2;1;
202000020487;154 706 206;A01;1;32;12;0;3;16;0;
202000020488;154 706 205;A01;2;7;1;1;4;4;1;
202000020489;154 706 204;A01;3;7;0;1;2;15;1;
202000020490;154 706 202;B01;2;10;0;2;2;15;1;
202000020490;154 706 203;A01;2;7;0;2;3;26;1;
202000020491;154 706 200;MA01;1;7;3;2;2;21;1;
202000020491;154 706 201;B01;1;7;0;2;0;9;1;
202000020492;154 706 199;A01;1;7;0;1;1;9;1;
202000020493;154 706 197;A01;1;7;0;2;1;26;1;
202000020493;154 706 198;B01;1;80;0;2;1;1;3;
202000020494;154 706 195;B01;2;7;0;2;6;1;1;
202000020494;154 706 196;A01;2;30;0;2;1;21;1;
202000020495;154 706 194;A01;3;7;0;1;3;1;1;
202000020496;154 706 192;B01;1;7;0;2;5;1;1;
202000020496;154 706 193;A01;1;7;0;2;1;16;1;
202000020497;154 706 190;B01;1;7;0;2;6;1;1;
202000020497;154 706 191;A01;1;33;0;2;2;14;1;
202000020498;154 706 188;A01;1;32;0;2;2;17;1;
202000020498;154 706 189;B01;1;7;0;2;3;15;1;
202000020499;154 706 186;A01;2;7;0;2;2;15;1;
202000020499;154 706 187;B01;1;7;0;2;3;1;1;
202000020500;154 706 185;A01;1;7;0;1;3;1;1;
202000020501;154 706 183;A01;1;7;0;2;3;1;0;
202000020501;154 706 184;B01;2;7;0;2;1;13;0;
202000020502;154 706 181;A01;3;7;0;2;2;1;1;
202000020502;154 706 182;B01;3;15;0;2;3;1;0;
202000020503;154 706 180;A01;2;7;0;1;1;1;1;
202000020504;154 706 176;A01;1;7;0;2;1;13;1;
202000020504;154 706 177;B01;2;7;0;2;1;1;1;
202000020505;154 706 174;A01;1;7;0;2;2;2;1;
202000020505;154 706 175;B01;1;1;0;0;4;1;5;
202000020506;154 706 172;B01;2;7;0;2;1;26;1;
202000020506;154 706 173;A01;1;7;0;0;4;23;1;
202000020507;154 706 170;A01;2;33;0;2;3;1;1;
202000020507;154 706 171;B01;2;7;0;0;5;15;1;
202000020508;154 706 168;A01;1;10;0;2;3;16;1;
202000020508;154 706 169;B01;1;33;0;2;1;1;1;
202000020509;154 706 166;A01;2;7;4;2;7;26;1;
202000020509;154 706 167;B01;1;7;0;2;1;1;1;
202000020510;154 706 165;A01;1;10;0;1;7;1;0;
202000020511;154 706 163;A01;1;15;0;2;1;5;1;
202000020511;154 706 164;B01;2;7;0;2;1;1;1;
202000020512;154 706 162;A01;2;7;13;0;1;1;1;
202000020513;154 706 159;A01;2;7;0;2;3;13;1;
202000020513;154 706 160;B01;1;7;0;2;3;1;1;
202000020513;154 706 161;C01;1;7;0;2;3;1;1;
202000020514;154 706 157;B01;1;7;0;2;1;1;1;
202000020514;154 706 158;A01;1;7;0;2;2;15;1;
202000020515;154 706 155;B01;2;1;0;2;4;1;6;
202000020515;154 706 156;A01;2;7;0;9;2;1;1;
202000020516;154 706 154;A01;1;7;15;0;2;1;1;
202000020517;154 706 151;C01;1;7;0;2;3;1;1;
202000020517;154 706 152;A01;2;7;0;2;3;5;1;
202000020517;154 706 153;B01;1;7;0;2;3;1;1;
202000020518;154 706 149;A01;2;7;0;2;1;5;1;
202000020518;154 706 150;B01;1;7;0;2;1;1;1;
202000020519;154 706 147;B01;1;1;0;2;8;19;5;
202000020519;154 706 148;A01;1;7;0;2;1;1;1;
202000020520;154 706 144;A01;2;7;0;2;1;5;1;
202000020520;154 706 145;C01;1;7;0;2;1;1;1;
202000020520;154 706 146;B01;1;7;0;2;1;1;1;
202000020521;154 706 143;A01;2;7;0;1;2;13;1;
202000020522;154 706 142;A01;3;7;0;1;1;1;1;
202000020523;154 706 141;A01;1;2;0;0;7;1;1;
202000020524;154 706 140;A01;1;7;2;0;1;1;1;
202000020525;154 706 138;A01;2;7;0;2;8;1;1;
202000020525;154 706 139;B01;1;37;0;2;1;1;1;16
202000020526;154 706 136;B01;1;15;0;2;4;2;1;
202000020526;154 706 137;A01;1;7;0;2;1;2;1;
202000020527;154 706 134;B01;1;15;0;2;1;1;1;
202000020527;154 706 135;A01;2;7;0;2;3;17;1;
202000020528;154 706 132;A01;3;7;0;2;2;1;1;
202000020528;154 706 133;B01;3;1;0;2;8;26;5;
202000020529;154 706 129;C01;2;7;0;2;5;2;1;
202000020529;154 706 130;B01;2;17;0;2;3;0;1;
202000020529;154 706 131;A01;2;33;4;2;7;12;1;
202000020530;154 706 128;A01;3;7;16;0;9;1;1;
202000020531;154 706 126;B01;1;33;0;2;3;26;1;
202000020531;154 706 127;A01;2;7;0;2;3;2;1;
202000020532;154 706 124;A01;2;10;0;1;1;1;1;
202000020532;154 706 125;B01;1;7;0;1;3;1;1;
202000020533;154 706 122;A01;2;10;1;0;1;1;0;
202000020533;154 706 123;B01;2;10;0;0;4;24;0;
202000020534;154 706 121;A01;1;7;8;0;2;0;1;
202000020535;154 706 119;A01;2;34;0;2;7;3;1;
202000020535;154 706 120;B01;2;7;0;2;6;15;1;
202000020536;154 706 117;A01;2;7;12;2;1;6;1;
202000020536;154 706 118;B01;1;7;12;2;3;1;1;
202000020537;154 706 116;A01;3;7;0;1;3;1;1;
202000020538;154 706 113;B01;2;7;0;2;3;1;1;
202000020538;154 706 114;A01;2;33;0;2;1;13;1;
202000020539;154 706 111;A01;3;7;0;0;3;15;1;
202000020539;154 706 112;B01;3;1;0;0;1;1;5;
202000020540;154 706 110;A01;1;7;0;1;1;1;1;
202000020541;154 706 108;A01;1;7;0;2;3;15;0;
202000020541;154 706 109;B01;2;33;0;2;1;1;0;
202000020542;154 706 107;A01;1;7;2;0;7;1;1;
202000020543;154 706 102;B01;1;7;0;2;1;1;0;
202000020543;154 706 103;A01;1;7;0;2;4;1;1;
202000020544;154 706 100;A01;2;7;0;2;2;12;1;
202000020544;154 706 101;B01;2;7;0;2;8;1;1;
202000020545;154 706 097;C01;1;7;0;9;1;1;1;
202000020545;154 706 098;B01;1;7;4;0;4;1;1;
202000020545;154 706 099;A01;1;7;0;2;1;2;1;
202000020546;154 706 094;A01;1;10;0;2;1;2;1;
202000020546;154 706 095;B01;1;7;0;2;4;2;1;
202000020546;154 706 096;C01;1;7;0;2;4;2;1;
202000020547;154 706 092;A01;1;7;0;2;1;1;1;
202000020547;154 706 093;B01;1;7;0;2;4;13;1;
202000020548;154 706 090;B01;2;7;0;2;1;2;1;
202000020548;154 706 091;A01;2;7;0;2;4;23;1;
202000020549;154 706 088;A01;2;7;0;2;2;26;1;
202000020549;154 706 089;B01;2;7;0;2;6;2;1;
202000020550;154 706 086;B01;2;7;0;2;6;11;1;
202000020550;154 706 087;A01;2;33;0;2;1;3;1;
202000020551;154 706 084;A01;2;7;0;2;0;0;1;
202000020551;154 706 085;B01;2;33;0;2;0;0;1;
202000020552;154 706 082;A01;1;33;0;2;1;3;1;
202000020552;154 706 083;B01;1;7;0;2;6;26;1;
202000020553;154 706 080;A01;1;7;0;2;1;1;0;
202000020553;154 706 081;B01;1;7;0;2;4;1;0;
202000020554;154 706 076;A01;2;10;0;2;1;2;1;
202000020554;154 706 077;B01;2;10;0;2;4;2;1;
202000020554;154 706 078;C01;2;10;0;2;4;2;1;
202000020554;154 706 079;D01;2;7;0;2;4;2;1;
202000020555;154 706 074;A01;1;7;0;2;1;2;1;
202000020555;154 706 075;B01;1;7;0;2;4;2;1;
202000020556;154 706 071;C01;1;7;0;2;4;2;1;
202000020556;154 706 072;B01;1;7;0;2;4;2;1;
202000020556;154 706 073;A01;1;7;0;2;1;2;1;
202000020557;154 706 069;B01;1;33;0;2;1;3;1;
202000020557;154 706 070;A01;1;10;0;2;7;12;1;
202000020558;154 706 067;B01;1;34;0;2;1;3;1;
202000020558;154 706 068;A01;1;7;0;2;8;11;1;
202000020559;154 706 065;A01;2;7;0;2;1;2;1;
202000020559;154 706 066;B01;2;10;0;2;4;2;1;
202000020560;154 706 063;A01;1;30;0;2;2;1;1;
202000020560;154 706 064;B01;0;7;0;2;1;15;1;
202000020561;154 706 060;A01;1;10;0;2;1;2;1;
202000020561;154 706 061;B01;1;10;0;2;4;2;1;
202000020561;154 706 062;C01;1;10;0;2;4;2;0;
202000020562;154 706 058;A01;3;7;4;2;0;26;1;
202000020562;154 706 059;B01;3;7;0;2;1;1;1;
202000020563;154 706 056;B01;0;2;0;2;1;2;1;
202000020563;154 706 057;A01;0;2;0;2;8;10;1;
202000020564;154 706 054;B01;2;7;1;2;5;0;1;
202000020564;154 706 055;A01;2;31;1;2;1;3;1;
202000020565;154 706 053;A01;1;7;0;1;1;11;1;
202000020566;154 706 051;B01;2;7;0;2;1;1;1;
202000020566;154 706 052;A01;2;32;0;2;1;1;1;
202000020567;154 706 047;C01;1;7;4;2;0;0;1;
202000020567;154 706 048;D01;1;7;4;2;0;0;1;
202000020567;154 706 049;B01;1;7;4;2;0;0;1;
202000020567;154 706 050;A01;1;7;4;2;0;0;1;
202000020568;154 706 044;A01;1;7;0;2;1;13;1;
202000020568;154 706 045;B01;2;2;0;2;1;1;1;
202000020569;154 706 042;A01;1;7;4;2;1;17;1;
202000020569;154 706 043;B01;1;10;0;2;3;1;1;
202000020570;154 706 041;A01;1;7;0;1;1;1;1;
202000020571;154 706 039;A01;3;7;0;2;3;15;1;
202000020571;154 706 040;B01;3;33;0;2;8;1;1;
202000020572;154 706 037;A01;2;7;0;2;1;5;1;
202000020572;154 706 038;B01;1;7;0;2;1;1;1;
202000020573;154 706 036;A01;3;30;12;0;0;0;1;
202000020574;154 706 035;A01;1;7;6;0;1;1;1;
202000020575;154 706 034;A01;0;7;0;0;9;1;1;
202000020576;154 706 033;A01;0;7;0;1;2;1;1;
202000020577;154 706 032;A01;2;7;0;1;2;1;2;
202000020578;154 706 031;A01;0;33;0;1;1;17;1;
202000020579;154 706 029;A01;0;2;0;2;1;16;1;
202000020579;154 706 030;B01;2;7;0;2;3;1;1;
202000020580;154 706 027;B01;2;7;0;2;2;15;1;
202000020580;154 706 028;A01;2;7;0;2;2;16;1;
202000020581;154 706 026;A01;1;7;0;1;1;1;1;
202000020582;154 706 024;B01;3;7;0;2;6;5;1;
202000020582;154 706 025;A01;3;7;0;2;3;15;1;
202000020583;154 706 023;A01;1;7;8;0;1;14;1;
202000020584;154 706 021;B01;1;1;0;2;8;1;5;
202000020584;154 706 022;A01;1;7;0;2;2;17;1;
202000020585;154 706 019;B01;1;31;0;2;4;2;1;
202000020585;154 706 020;A01;1;7;0;2;1;2;1;
202000020586;154 706 017;A01;1;30;1;0;0;14;3;
202000020586;154 706 018;B01;1;7;0;0;8;24;1;
202000020587;154 706 015;A01;1;7;0;2;7;16;1;
202000020587;154 706 016;B01;1;14;0;2;3;1;0;
202000020588;154 706 013;B01;3;7;0;2;3;15;1;
202000020588;154 706 014;A01;3;30;0;2;0;17;1;
202000020589;154 706 012;A01;1;30;0;0;7;1;1;
202000020590;154 706 011;A01;3;30;0;0;0;1;1;
202000020591;154 706 009;B01;1;7;0;2;4;23;1;
202000020591;154 706 010;A01;1;7;0;2;1;2;1;
202000020592;154 706 007;A01;1;7;0;2;1;20;1;