num_acc;id_vehicule;num_veh;senc;catv;obs;obsm;choc;manv;motor;occutc
202000020592;154 706 008;M01;1;30;0;2;7;1;0;
202000020593;154 706 005;A01;1;30;0;2;1;2;1;
202000020593;154 706 006;B01;1;10;0;2;3;0;1;
202000020594;154 706 003;A01;3;7;0;2;4;2;0;
202000020594;154 706 004;B01;3;1;0;2;4;2;5;
202000020595;154 706 001;B01;1;1;0;2;1;1;5;
202000020595;154 706 002;A01;1;7;0;2;3;15;1;
202000020596;154 705 999;B01;3;80;0;2;1;1;3;
202000020596;154 706 000;A01;3;31;0;9;5;16;1;
202000020597;154 705 994;C01;1;7;0;2;5;2;1;
202000020597;154 705 995;B01;1;7;0;2;4;2;1;
202000020597;154 705 996;A01;1;10;0;2;1;2;1;
202000020597;154 705 997;E01;1;7;0;2;4;2;1;
202000020597;154 705 998;D01;1;7;0;2;6;2;1;
202000020598;154 705 993;A01;1;80;0;0;1;1;3;
202000020599;154 705 991;A01;2;7;0;2;8;10;1;
202000020599;154 705 992;B01;2;33;0;2;1;1;1;
202000020600;154 705 989;A01;0;7;0;9;1;15;1;
202000020600;154 705 990;B01;1;1;6;2;8;1;5;
202000020601;154 705 987;B01;1;7;0;2;8;1;1;
202000020601;154 705 988;A01;2;7;0;2;8;15;1;
202000020602;154 705 985;A01;0;7;0;2;3;0;1;
202000020602;154 705 986;Z01;0;7;6;2;1;5;1;
202000020603;154 705 984;A01;0;2;0;0;3;1;1;
202000020604;154 705 982;A01;1;20;0;2;3;21;1;
202000020604;154 705 983;B01;1;20;0;2;5;1;1;
202000020605;154 705 980;B01;1;7;16;0;4;15;0;
202000020605;154 705 981;A01;1;7;0;2;1;26;0;
202000020606;154 705 979;A01;3;7;0;1;1;1;1;
202000020607;154 705 977;B01;1;7;0;2;6;23;1;
202000020607;154 705 978;A01;1;33;0;2;1;1;1;
202000020608;154 705 976;A01;2;99;8;0;1;13;1;
202000020609;154 705 974;A01;3;16;0;2;7;13;1;
202000020609;154 705 975;B01;0;33;0;2;1;1;1;
202000020610;154 705 973;B01;2;7;0;1;3;2;1;
202000020611;154 705 970;C01;2;7;0;2;4;2;1;
202000020611;154 705 971;B01;2;10;0;2;4;2;1;
202000020611;154 705 972;A01;2;7;0;2;1;2;1;
202000020612;154 705 968;A01;2;7;0;2;4;4;1;
202000020612;154 705 969;B01;2;1;0;2;2;1;5;
202000020613;154 705 966;B01;2;7;0;2;1;1;6;
202000020613;154 705 967;A01;1;7;0;2;1;13;1;
202000020614;154 705 965;A01;3;7;0;0;2;14;1;
202000020615;154 705 963;B01;1;1;0;2;0;2;5;
202000020615;154 705 964;Z01;1;7;0;9;1;1;1;
202000020616;154 705 961;A01;1;1;0;2;3;1;5;
202000020616;154 705 962;B01;3;32;0;2;2;1;1;
202000020617;154 705 959;A01;1;7;0;2;3;13;1;
202000020617;154 705 960;B01;1;33;12;2;2;1;1;
202000020618;154 705 957;B01;2;50;0;2;4;2;3;
202000020618;154 705 958;A01;2;7;0;2;1;2;1;
202000020619;154 705 955;A01;1;30;0;2;3;1;1;
202000020619;154 705 956;Z01;1;31;0;2;0;16;0;
202000020620;154 705 952;C01;1;7;0;2;6;23;1;
202000020620;154 705 953;B01;1;7;0;2;4;23;1;
202000020620;154 705 954;A01;1;7;0;2;1;2;1;
202000020621;154 705 950;A01;1;33;0;2;1;2;1;
202000020621;154 705 951;B01;1;7;0;2;6;23;2;
202000020622;154 705 949;A01;1;14;1;0;3;13;6;
202000020623;154 705 947;B01;1;7;0;2;2;2;6;
202000020623;154 705 948;A01;1;7;0;2;4;4;1;
202000020624;154 705 946;A01;1;7;0;1;1;16;1;
202000020625;154 705 943;A01;2;33;0;2;1;2;1;
202000020625;154 705 944;B01;2;33;0;2;4;23;1;
202000020625;154 705 945;C01;2;33;0;2;4;23;1;
202000020626;154 705 941;A01;2;7;0;2;2;10;1;
202000020626;154 705 942;B01;1;33;0;2;2;1;1;
202000020627;154 705 940;A01;2;7;0;1;1;1;1;
202000020628;154 705 939;A01;1;43;14;0;0;16;1;
202000020629;154 705 938;A01;1;50;0;1;2;25;3;
202000020630;154 705 937;A01;3;30;0;0;0;7;1;
202000020631;154 705 936;A01;1;50;0;0;0;1;3;
202000020632;154 705 934;A01;1;7;0;2;2;19;1;
202000020632;154 705 935;B01;2;37;0;2;3;1;1;1
202000020633;154 705 933;A01;3;7;0;1;1;1;1;
202000020634;154 705 931;A01;1;7;0;2;7;19;1;
202000020634;154 705 932;B01;2;32;0;2;1;1;1;
202000020635;154 705 930;A01;0;37;0;1;2;21;6;1
202000020636;154 705 928;B01;3;7;0;2;4;2;1;
202000020636;154 705 929;A01;3;7;0;2;1;2;1;
202000020637;154 705 926;A01;1;7;0;2;1;1;0;
202000020637;154 705 927;B01;1;7;0;2;1;1;0;
202000020638;154 705 925;A01;3;7;9;0;1;16;1;
202000020639;154 705 922;C01;1;7;0;0;4;2;1;
202000020639;154 705 923;B01;2;7;0;0;0;2;1;
202000020639;154 705 924;A01;2;7;0;2;1;9;1;
202000020640;154 705 920;A01;0;31;0;2;3;2;1;
202000020640;154 705 921;B01;0;7;0;2;2;15;1;
202000020641;154 705 918;A01;1;7;0;2;5;10;1;
202000020641;154 705 919;B01;1;33;0;2;1;1;1;
202000020642;154 705 916;A01;3;10;0;2;1;15;1;
202000020642;154 705 917;B01;3;34;0;2;1;1;1;
202000020643;154 705 914;A01;2;7;1;0;7;1;1;
202000020643;154 705 915;B01;2;7;0;2;3;24;1;
202000020644;154 705 913;A01;-1;33;0;0;1;26;1;
202000020645;154 705 911;A01;1;7;0;9;1;9;0;
202000020645;154 705 912;AY01;2;1;0;2;8;1;0;
202000020646;154 705 910;A01;2;7;8;1;1;9;1;
202000020647;154 705 909;A01;1;30;0;1;7;18;1;
202000020648;154 705 907;A01;1;7;0;9;8;19;1;
202000020648;154 705 908;B01;2;60;0;2;1;1;5;
202000020649;154 705 905;A01;1;7;0;9;2;1;1;
202000020649;154 705 906;B01;1;1;0;2;1;1;5;
202000020650;154 705 903;B01;1;7;13;2;9;1;1;
202000020650;154 705 904;A01;3;7;2;2;7;2;1;
202000020651;154 705 901;A01;2;7;0;2;1;15;1;
202000020651;154 705 902;B01;1;1;0;2;1;1;6;
202000020652;154 705 900;A01;1;33;6;0;1;19;1;
202000020653;154 705 898;A01;2;33;0;2;1;14;1;
202000020653;154 705 899;B01;2;7;0;0;6;0;1;
202000020654;154 705 897;A01;1;7;0;1;4;4;1;
202000020655;154 705 894;B01;1;80;0;0;4;25;3;
202000020655;154 705 895;C01;2;7;0;9;2;1;1;
202000020655;154 705 896;A01;1;7;3;2;2;25;1;
202000020656;154 705 892;A01;2;7;0;2;1;5;1;
202000020656;154 705 893;B01;1;7;0;2;1;21;1;
202000020657;154 705 890;B01;2;7;0;2;2;15;1;
202000020657;154 705 891;A01;2;7;0;2;1;1;1;
202000020658;154 705 888;B01;3;1;0;9;0;1;5;
202000020658;154 705 889;A01;3;1;0;0;8;13;5;
202000020659;154 705 887;A01;1;33;0;0;8;1;1;
202000020660;154 705 885;B01;2;1;0;2;6;15;5;
202000020660;154 705 886;A01;2;1;0;9;1;1;5;
202000020661;154 705 883;A01;3;7;0;2;3;15;0;
202000020661;154 705 884;B01;0;33;0;2;3;1;1;
202000020662;154 705 881;B01;3;7;0;2;3;19;1;
202000020662;154 705 882;A01;3;33;0;2;1;1;1;
202000020663;154 705 880;A01;1;7;2;0;1;1;1;
202000020664;154 705 878;A01;1;7;0;2;3;1;1;
202000020664;154 705 879;B01;2;7;0;2;3;1;1;
202000020665;154 705 876;A01;1;33;0;2;3;13;1;
202000020665;154 705 877;B01;2;7;0;2;3;1;1;
202000020666;154 705 874;B01;1;21;0;2;3;15;1;
202000020666;154 705 875;A01;1;2;0;2;7;17;1;
202000020667;154 705 873;A01;1;1;0;0;0;1;5;
202000020668;154 705 872;A01;1;7;0;0;2;1;1;
202000020669;154 705 871;A01;1;31;13;0;8;1;0;
202000020670;154 705 870;A01;1;7;3;0;9;1;1;
202000020671;154 705 867;B01;2;31;0;2;3;1;1;
202000020671;154 705 868;A01;1;7;9;2;3;1;1;
202000020672;154 705 866;A01;1;7;0;0;1;13;1;
202000020673;154 705 864;A01;2;7;0;2;5;1;1;
202000020673;154 705 865;B01;3;1;0;2;1;19;5;
202000020674;154 705 862;A01;2;33;0;2;8;13;1;
202000020674;154 705 863;B01;1;33;0;2;8;1;1;
202000020675;154 705 861;A01;1;7;13;0;9;13;1;
202000020676;154 705 859;A01;1;2;0;0;4;15;1;
202000020676;154 705 860;B01;2;7;0;0;2;1;1;
202000020677;154 705 858;A01;1;33;16;0;0;1;1;
202000020678;154 705 854;B01;3;7;0;0;4;23;1;
202000020678;154 705 855;C01;3;7;0;2;4;23;1;
202000020678;154 705 856;A01;3;7;0;2;1;1;1;
202000020678;154 705 857;D01;3;7;0;2;4;23;1;
202000020679;154 705 852;B01;0;7;6;2;1;13;1;
202000020679;154 705 853;A01;0;7;0;0;8;13;1;
202000020680;154 705 850;B01;3;1;0;2;1;1;5;
202000020680;154 705 851;A01;3;7;0;2;6;1;1;
202000020681;154 705 848;A01;2;7;0;2;3;15;1;
202000020681;154 705 849;B01;1;1;0;2;1;1;5;
202000020682;154 705 847;A01;1;33;0;6;3;1;1;
202000020683;154 705 845;B01;2;1;0;2;1;1;5;
202000020683;154 705 846;A01;1;7;0;2;1;15;1;
202000020684;154 705 843;B01;1;7;0;2;4;0;0;
202000020684;154 705 844;A01;1;7;0;2;1;0;0;
202000020685;154 705 841;A01;2;7;15;2;5;0;0;
202000020685;154 705 842;B01;2;7;0;2;3;1;1;
202000020686;154 705 839;B01;2;33;0;2;1;1;1;
202000020686;154 705 840;A01;1;7;0;0;1;5;1;
202000020687;154 705 838;A01;2;7;16;0;9;14;1;
202000020688;154 705 836;A01;2;7;3;2;2;13;1;
202000020688;154 705 837;B01;1;7;0;2;2;5;1;
202000020689;154 705 834;A01;1;7;0;2;8;1;1;
202000020689;154 705 835;B01;2;1;0;2;8;1;6;
202000020690;154 705 833;A01;1;33;8;0;7;17;1;
202000020691;154 705 831;B01;0;20;0;2;3;1;1;
202000020691;154 705 832;A01;0;31;0;2;1;19;1;
202000020692;154 705 830;A01;2;7;6;0;2;0;0;
202000020693;154 705 828;A01;1;99;0;2;1;9;3;
202000020693;154 705 829;B01;1;15;0;2;2;1;1;
202000020694;154 705 826;A01;2;33;0;2;1;1;1;
202000020694;154 705 827;B01;2;7;0;2;6;9;1;
202000020695;154 705 824;B01;2;7;4;2;3;1;1;
202000020695;154 705 825;A01;1;7;4;2;3;5;1;
202000020696;154 705 821;A01;2;33;0;0;4;1;1;
202000020697;154 705 819;A01;2;7;0;2;3;15;1;
202000020697;154 705 820;B01;1;7;0;2;3;1;1;
202000020698;154 705 818;A01;1;2;16;0;7;1;1;
202000020699;154 705 817;A01;2;7;13;0;2;1;1;
202000020700;154 705 816;A01;2;33;13;0;1;0;1;
202000020701;154 705 814;B01;1;7;0;2;7;12;1;
202000020701;154 705 815;A01;1;33;0;2;8;3;1;
202000020702;154 705 812;B01;2;33;0;2;2;3;1;
202000020702;154 705 813;A01;2;7;0;2;6;1;1;
202000020703;154 705 810;A01;2;7;0;2;8;11;1;
202000020703;154 705 811;B01;2;43;0;2;7;1;1;
202000020704;154 705 808;B01;2;7;0;2;4;2;1;
202000020704;154 705 809;A01;2;7;0;2;1;2;1;
202000020705;154 705 806;B01;1;7;0;2;4;2;1;
202000020705;154 705 807;A01;1;7;0;2;1;2;1;
202000020706;154 705 803;C01;1;7;0;2;4;1;1;
202000020706;154 705 804;B01;1;7;0;2;4;1;1;
202000020706;154 705 805;A01;1;7;0;2;1;21;1;
202000020707;154 705 800;A01;1;10;0;2;2;14;1;
202000020707;154 705 801;C01;1;15;0;2;6;1;1;
202000020707;154 705 802;B01;1;32;0;2;1;3;1;
202000020708;154 705 797;C01;2;7;0;2;4;2;1;
202000020708;154 705 798;B01;2;10;0;2;4;2;1;
202000020708;154 705 799;A01;2;7;0;2;1;2;1;
202000020709;154 705 796;A01;1;7;3;0;2;26;1;
202000020710;154 705 795;A01;2;7;0;0;9;26;1;
202000020711;154 705 794;A01;2;33;0;0;8;21;1;
202000020712;154 705 793;A01;3;35;0;0;0;26;1;
202000020713;154 705 791;A01;1;33;0;2;1;17;1;
202000020713;154 705 792;B01;1;7;0;2;6;20;1;
202000020714;154 705 790;A01;2;33;13;0;1;1;1;
202000020715;154 705 789;A01;1;30;0;0;8;1;1;
202000020716;154 705 787;A01;2;7;0;9;1;26;0;
202000020716;154 705 788;B01;1;1;0;2;4;25;0;
202000020717;154 705 785;A01;2;7;0;2;2;10;1;
202000020717;154 705 786;B01;0;33;0;2;1;2;0;
202000020718;154 705 783;B01;3;31;0;2;1;2;1;
202000020718;154 705 784;A01;3;7;0;2;4;26;1;
202000020719;154 705 781;A01;2;10;0;2;3;13;1;
202000020719;154 705 782;B01;2;33;0;2;1;1;1;
202000020720;154 705 779;A01;3;7;0;2;8;9;1;
202000020720;154 705 780;B01;1;1;0;2;1;1;5;
202000020721;154 705 778;A01;3;30;1;1;3;26;0;
202000020722;154 705 776;B01;0;7;0;2;1;2;1;
202000020722;154 705 777;A01;0;7;0;2;2;20;0;
202000020723;154 705 774;B01;3;10;0;2;1;1;1;
202000020723;154 705 775;A01;3;33;0;2;2;1;1;
202000020724;154 705 772;A01;1;7;1;0;3;10;1;
202000020724;154 705 773;B01;2;7;0;2;6;24;1;
202000020725;154 705 771;A01;1;30;0;0;0;1;1;
202000020726;154 705 769;A01;3;33;0;2;1;1;1;
202000020726;154 705 770;B01;3;10;0;2;8;1;1;
202000020727;154 705 768;A01;1;30;0;0;0;14;1;
202000020728;154 705 767;A01;0;7;0;1;1;1;1;
202000020729;154 705 765;B01;2;33;0;2;1;1;-1;
202000020729;154 705 766;A01;2;13;0;2;4;23;-1;
202000020730;154 705 761;B01;1;15;0;2;4;23;-1;
202000020730;154 705 762;A01;1;7;0;2;1;1;-1;
202000020731;154 705 759;A01;1;7;0;2;1;1;0;
202000020731;154 705 760;B01;1;7;0;2;4;1;0;
202000020732;154 705 753;A01;2;7;0;2;1;13;1;
202000020732;154 705 754;B01;1;10;0;2;7;13;1;
202000020733;154 705 751;B01;3;2;0;2;1;2;1;
202000020733;154 705 752;A01;3;7;0;2;4;23;1;
202000020734;154 705 749;A01;0;7;0;2;1;1;1;
202000020734;154 705 750;B01;0;7;0;2;1;0;1;
202000020735;154 705 746;C01;-1;7;0;2;1;0;1;
202000020735;154 705 747;A01;-1;7;0;2;1;1;1;
202000020735;154 705 748;B01;-1;7;0;2;1;0;1;
202000020736;154 705 745;A01;1;7;0;1;1;1;1;
202000020737;154 705 744;A01;1;10;0;1;4;4;0;
202000020738;154 705 742;A01;1;7;0;2;2;16;1;
202000020738;154 705 743;B01;1;1;0;2;1;1;5;
202000020739;154 705 740;A01;3;1;0;2;0;1;5;
202000020739;154 705 741;Z01;3;7;0;9;0;0;1;
202000020740;154 705 738;A01;1;7;0;9;1;16;1;
202000020740;154 705 739;B01;3;1;0;2;8;19;0;
202000020741;154 705 735;A01;1;7;0;2;3;13;1;
202000020741;154 705 736;B01;2;7;0;2;3;1;1;
202000020741;154 705 737;C01;1;7;0;2;3;1;1;
202000020742;154 705 733;A01;1;7;0;2;1;2;1;
202000020742;154 705 734;B01;1;7;0;2;4;2;1;
202000020743;154 705 731;B01;0;7;0;2;3;1;1;
202000020743;154 705 732;A01;0;32;0;2;1;19;1;
202000020744;154 705 729;B01;2;7;0;2;6;15;1;
202000020744;154 705 730;A01;2;33;0;2;8;21;1;
202000020745;154 705 727;B01;3;7;0;2;3;1;1;
202000020745;154 705 728;A01;3;30;0;2;3;13;1;
202000020746;154 705 726;A01;1;7;0;1;3;1;1;
202000020747;154 705 724;A01;1;7;0;2;2;13;1;
202000020747;154 705 725;B01;2;7;0;2;2;1;1;
202000020748;154 705 722;B01;2;1;0;2;1;9;5;
202000020748;154 705 723;A01;1;7;0;2;2;1;1;
202000020749;154 705 721;A01;3;7;0;1;4;4;0;
202000020750;154 705 719;B01;2;30;0;0;0;21;1;
202000020750;154 705 720;A01;1;7;0;0;0;9;1;
202000020751;154 705 717;B01;3;1;1;0;1;1;0;
202000020751;154 705 718;A01;3;7;0;0;0;23;1;
202000020752;154 705 715;A01;1;7;0;2;1;15;1;
202000020752;154 705 716;B01;2;50;0;2;1;1;3;
202000020753;154 705 713;B01;1;2;0;2;1;2;1;
202000020753;154 705 714;A01;1;10;0;2;4;4;1;
202000020754;154 705 711;A01;1;7;0;2;1;2;1;
202000020754;154 705 712;B01;1;33;0;2;4;1;1;
202000020755;154 705 710;A01;2;7;6;0;1;1;1;
202000020756;154 705 709;A01;0;32;13;0;7;13;1;
202000020757;154 705 707;A01;1;80;0;2;9;0;3;
202000020757;154 705 708;B01;1;7;0;2;3;0;1;
202000020758;154 705 705;B01;3;2;0;2;1;1;1;
202000020758;154 705 706;A01;3;7;0;2;3;15;1;
202000020759;154 705 703;B01;0;1;0;2;1;10;0;
202000020759;154 705 704;A01;0;30;0;2;1;17;1;
202000020760;154 705 700;A01;3;7;0;2;3;14;1;
202000020760;154 705 701;B01;3;2;0;2;3;2;1;
202000020760;154 705 702;C01;3;7;0;2;6;2;1;
202000020761;154 705 698;A01;2;7;0;2;3;9;1;
202000020761;154 705 699;B01;2;30;0;2;3;1;1;
202000020762;154 705 696;A01;2;10;0;2;0;0;1;
202000020762;154 705 697;B01;1;7;0;2;1;13;1;
202000020763;154 705 694;A01;1;7;0;2;1;1;1;
202000020763;154 705 695;B01;1;7;0;2;4;1;1;
202000020764;154 705 693;A01;2;7;0;0;1;14;1;
202000020765;154 705 692;A01;2;31;0;0;6;26;1;
202000020766;154 705 687;A01;1;7;0;2;1;19;1;
202000020766;154 705 688;B01;1;7;9;0;8;1;1;
202000020767;154 705 685;A01;2;30;14;2;7;15;1;
202000020767;154 705 686;B01;1;7;0;2;1;1;1;
202000020768;154 705 684;A01;1;1;0;1;1;1;5;
202000020769;154 705 682;A01;3;1;0;2;1;19;5;
202000020769;154 705 683;B01;1;7;0;2;3;1;1;
202000020770;154 705 681;Z01;0;7;0;1;0;26;0;
202000020771;154 705 679;B01;1;37;0;2;4;2;1;1
202000020771;154 705 680;A01;1;33;0;2;1;2;1;
202000020772;154 705 678;A01;0;33;0;0;9;0;1;
202000020773;154 705 676;B01;2;2;0;2;8;15;1;
202000020773;154 705 677;A01;1;7;0;2;1;16;1;
202000020774;154 705 674;A01;3;10;0;2;1;15;0;
202000020774;154 705 675;B01;3;1;0;2;1;26;5;
202000020775;154 705 673;A01;0;7;13;0;2;21;1;
202000020776;154 705 671;B01;3;7;0;0;2;1;1;
202000020776;154 705 672;A01;3;35;0;2;3;11;1;
202000020777;154 705 669;B01;3;7;0;0;4;23;1;
202000020777;154 705 670;A01;3;30;0;2;1;1;1;
202000020778;154 705 668;A01;1;7;0;1;3;15;1;
202000020779;154 705 667;A01;2;7;11;1;1;17;1;
202000020780;154 705 665;A01;3;7;0;2;3;1;1;
202000020780;154 705 666;B01;1;7;0;2;7;0;1;
202000020781;154 705 663;A01;2;7;0;2;2;1;1;
202000020781;154 705 664;B01;1;32;0;2;1;16;1;
202000020782;154 705 661;A01;3;7;0;2;3;26;1;
202000020782;154 705 662;B01;2;1;0;2;1;1;0;
202000020783;154 705 659;B01;1;60;0;2;1;1;5;
202000020783;154 705 660;A01;1;7;0;2;1;1;1;
202000020784;154 705 657;D01;3;7;0;2;8;1;1;
202000020784;154 705 658;B01;3;7;0;2;8;1;1;
202000020785;154 705 655;B01;3;7;0;2;4;1;1;
202000020785;154 705 656;Z01;3;7;0;2;1;1;0;
202000020786;154 705 654;A01;1;33;5;0;8;1;1;
202000020787;154 705 652;B01;1;2;0;2;1;1;1;
202000020787;154 705 653;A01;2;7;0;2;2;1;1;
202000020788;154 705 650;A01;0;7;0;2;2;1;1;
202000020788;154 705 651;B01;3;7;0;2;4;1;1;
202000020789;154 705 648;B01;1;1;0;2;2;16;0;
202000020789;154 705 649;A01;1;7;0;2;3;1;3;
202000020790;154 705 646;B01;1;50;0;2;1;2;3;
202000020790;154 705 647;A01;1;7;0;2;7;15;1;
202000020791;154 705 644;B01;2;7;0;2;1;1;1;
202000020791;154 705 645;A01;1;7;2;2;1;13;1;
202000020792;154 705 642;A01;1;2;0;2;1;1;1;
202000020792;154 705 643;B01;1;7;0;2;7;16;1;
202000020793;154 705 641;A01;2;7;0;1;3;15;1;
202000020794;154 705 639;A01;2;7;0;2;3;9;1;
202000020794;154 705 640;B01;1;1;0;2;1;1;5;
202000020795;154 705 637;B01;1;7;0;2;4;1;1;
202000020795;154 705 638;A01;1;7;0;2;1;1;1;
202000020796;154 705 636;A01;1;7;0;1;7;15;1;
202000020797;154 705 634;A01;2;30;0;2;3;3;1;
202000020797;154 705 635;B01;2;7;0;2;5;23;1;
202000020798;154 705 633;A01;1;7;0;1;3;15;1;
202000020799;154 705 631;B01;1;7;0;2;5;0;1;
202000020799;154 705 632;A01;1;2;0;2;9;0;1;
202000020800;154 705 629;B01;1;7;0;2;7;0;1;
202000020800;154 705 630;A01;1;7;0;2;1;0;1;
202000020801;154 705 627;B01;1;7;0;2;1;0;1;
202000020801;154 705 628;A01;1;7;0;2;8;0;1;
202000020802;154 705 625;A01;2;7;0;2;2;12;1;
202000020802;154 705 626;B01;2;7;0;2;0;1;1;
202000020803;154 705 623;A01;1;7;0;2;3;15;1;
202000020803;154 705 624;B01;1;7;0;2;1;17;1;
202000020804;154 705 619;A01;1;50;0;2;7;19;3;
202000020804;154 705 620;B01;2;7;0;9;1;16;1;
202000020805;154 705 618;A01;3;7;9;0;1;26;6;
202000020806;154 705 616;A01;1;7;0;2;7;1;1;
202000020806;154 705 617;B01;1;7;0;2;1;1;1;
202000020807;154 705 614;B01;2;7;0;2;4;2;1;
202000020807;154 705 615;A01;2;7;0;2;1;2;1;
202000020808;154 705 613;A01;1;30;8;0;1;21;1;
202000020809;154 705 611;A01;0;7;4;2;4;1;1;
202000020809;154 705 612;B01;0;7;0;2;1;2;-1;
202000020810;154 705 609;A01;0;7;0;2;5;1;1;
202000020810;154 705 610;B01;0;31;0;2;1;1;1;
202000020811;154 705 608;A01;1;7;1;1;1;2;1;
202000020812;154 705 606;A01;2;21;0;2;5;2;1;
202000020812;154 705 607;B01;2;1;0;2;1;2;5;
202000020813;154 705 604;B01;2;1;0;2;4;1;5;
202000020813;154 705 605;A01;1;7;0;2;3;15;1;
202000020814;154 705 602;B01;1;7;0;2;4;23;1;
202000020814;154 705 603;A01;1;33;0;2;1;2;1;
202000020815;154 705 600;B01;2;1;0;2;8;26;5;
202000020815;154 705 601;A01;2;15;0;2;7;1;1;
202000020816;154 705 598;A01;1;7;0;2;7;15;1;
202000020816;154 705 599;B01;2;2;0;2;1;1;1;
202000020817;154 705 597;A01;1;10;2;0;1;13;1;
202000020818;154 705 595;A01;2;7;0;2;3;9;1;
202000020818;154 705 596;B01;2;7;0;2;2;1;1;
202000020819;154 705 594;B01;0;2;0;2;3;26;0;
202000020820;154 705 592;B01;0;7;0;0;6;1;1;
202000020820;154 705 593;A01;0;7;0;2;1;1;1;
202000020821;154 705 590;B01;2;7;0;2;3;1;1;
202000020821;154 705 591;A01;2;30;0;2;1;17;1;
202000020822;154 705 589;Z01;1;7;0;1;2;1;1;
202000020823;154 705 587;A01;1;7;0;2;7;15;1;
202000020823;154 705 588;B01;2;31;0;2;1;1;1;
202000020824;154 705 585;B01;2;7;0;2;3;1;1;
202000020824;154 705 586;A01;1;7;0;2;3;13;1;
202000020825;154 705 583;B01;2;7;0;2;3;1;1;
202000020825;154 705 584;Z01;2;1;0;2;1;1;5;
202000020826;154 705 581;B01;3;2;0;4;8;0;1;
202000020826;154 705 582;A01;3;39;0;2;1;26;2;
202000020827;154 705 579;B01;1;2;0;2;1;17;1;
202000020827;154 705 580;A01;1;3;0;2;6;23;1;
202000020828;154 705 577;Z01;3;7;0;2;1;15;0;
202000020828;154 705 578;A01;3;33;0;2;8;15;0;
202000020829;154 705 575;B01;1;10;0;2;6;1;1;
202000020829;154 705 576;A01;2;7;0;2;3;13;1;
202000020830;154 705 573;B01;2;7;0;2;1;1;1;
202000020830;154 705 574;A01;2;7;0;2;3;9;1;
202000020831;154 705 571;B01;3;7;0;2;3;1;1;
202000020831;154 705 572;A01;1;7;0;2;1;1;1;
202000020832;154 705 569;B01;1;7;0;2;5;2;1;
202000020832;154 705 570;A01;1;2;0;2;1;2;1;
202000020833;154 705 568;A01;1;7;0;1;2;1;1;
202000020834;154 705 567;A01;1;30;0;1;1;17;1;
202000020835;154 705 565;A01;1;10;0;2;1;16;1;
202000020835;154 705 566;B01;1;32;0;2;8;1;1;
202000020836;154 705 563;A01;0;10;0;1;6;4;1;
202000020837;154 705 562;Z01;1;32;0;1;1;16;1;
202000020838;154 705 560;A01;2;1;0;2;2;1;5;
202000020838;154 705 561;Z01;1;7;0;2;1;16;1;
202000020839;154 705 558;B01;1;37;0;2;5;11;1;1
202000020839;154 705 559;A01;1;1;16;2;6;13;5;
202000020840;154 705 556;B01;2;1;0;2;8;19;5;
202000020840;154 705 557;A01;1;33;0;2;1;1;1;
202000020841;154 705 555;A01;1;7;1;0;2;14;1;
202000020842;154 705 553;B01;1;1;0;2;5;1;5;
202000020842;154 705 554;A01;1;7;0;2;3;9;1;
202000020843;154 705 552;A01;1;10;0;1;1;15;1;
202000020844;154 705 550;A01;1;7;0;2;1;1;1;
202000020844;154 705 551;B01;1;7;0;2;6;1;1;
202000020845;154 705 549;A01;1;33;0;1;2;1;1;
202000020846;154 705 548;A01;2;50;0;1;8;1;3;
202000020847;154 705 547;A01;1;7;2;0;1;14;1;
202000020848;154 705 545;A01;1;7;0;2;8;10;1;
202000020848;154 705 546;B01;1;34;0;2;7;1;1;
202000020849;154 705 543;B01;3;33;0;2;1;1;1;
202000020849;154 705 544;A01;3;1;0;2;2;1;5;
202000020850;154 705 542;A01;1;7;0;1;1;1;1;
202000020851;154 705 541;A01;1;7;0;1;6;1;2;
202000020852;154 705 540;A01;2;10;0;1;0;1;0;
202000020853;154 705 539;A01;1;7;0;1;1;1;1;
202000020854;154 705 537;B01;1;1;0;2;3;25;5;
202000020854;154 705 538;A01;2;7;0;9;2;9;1;
202000020855;154 705 536;A01;1;7;0;1;2;1;1;
202000020856;154 705 534;B01;2;33;0;2;1;2;1;
202000020856;154 705 535;A01;1;7;0;2;5;10;1;
202000020857;154 705 532;B01;1;7;0;2;8;1;1;
202000020857;154 705 533;A01;2;7;0;2;1;15;1;
202000020858;154 705 530;B01;3;30;0;2;1;0;0;
202000020858;154 705 531;A01;3;7;1;0;3;17;0;
202000020859;154 705 529;A01;3;99;0;1;4;20;0;
202000020860;154 705 527;B01;2;7;0;2;3;15;1;
202000020860;154 705 528;A01;2;34;0;2;2;17;1;
202000020861;154 705 526;A01;2;7;0;0;0;22;1;
202000020862;154 705 524;B01;0;33;0;2;8;3;1;
202000020862;154 705 525;A01;0;7;0;2;2;1;1;
202000020863;154 705 522;A01;-1;7;0;2;1;15;0;
202000020863;154 705 523;B01;-1;50;0;2;8;19;3;
202000020864;154 705 520;B01;1;7;0;0;4;1;1;
202000020864;154 705 521;A01;1;7;0;0;1;1;0;
202000020865;154 705 518;A01;1;34;0;2;4;15;1;
202000020865;154 705 519;B01;1;7;0;2;1;2;1;
202000020866;154 705 516;A01;2;7;0;2;7;21;1;
202000020866;154 705 517;B01;2;7;0;2;0;0;1;
202000020867;154 705 512;A01;2;0;0;2;1;1;0;
202000020867;154 705 513;B01;2;7;0;2;4;1;0;
202000020867;154 705 514;C01;2;7;0;2;4;1;0;