num_acc;id_vehicule;num_veh;senc;catv;obs;obsm;choc;manv;motor;occutc
202000020867;154 705 515;D01;2;7;0;2;4;1;0;
202000020868;154 705 510;A01;0;99;0;2;1;1;1;
202000020868;154 705 511;B01;3;7;0;2;3;1;1;
202000020869;154 705 508;A01;3;7;0;2;1;1;1;
202000020869;154 705 509;B01;3;30;0;2;4;23;1;
202000020870;154 705 506;A01;2;7;0;9;3;15;0;
202000020870;154 705 507;B01;2;31;0;2;5;1;0;
202000020871;154 705 504;B01;1;80;0;2;2;1;3;
202000020871;154 705 505;A01;1;7;0;2;0;13;1;
202000020872;154 705 503;A01;1;33;0;1;1;1;1;
202000020873;154 705 501;A01;2;33;0;2;1;18;1;
202000020873;154 705 502;B01;2;7;0;2;2;16;1;
202000020874;154 705 499;B01;2;17;0;2;3;1;1;
202000020874;154 705 500;A01;1;7;0;2;3;13;1;
202000020875;154 705 497;B01;2;7;0;2;1;1;0;
202000020875;154 705 498;A01;2;7;0;2;6;0;0;
202000020876;154 705 496;A01;1;7;5;0;2;0;1;
202000020877;154 705 494;B01;2;7;0;2;3;13;1;
202000020877;154 705 495;A01;1;7;0;2;3;1;1;
202000020878;154 705 491;C01;2;1;0;1;8;1;5;
202000020878;154 705 492;A01;1;33;0;2;1;13;1;
202000020878;154 705 493;B01;2;7;0;2;3;1;1;
202000020879;154 705 489;B01;2;33;0;2;1;1;1;
202000020879;154 705 490;A01;2;7;0;2;2;15;1;
202000020880;154 705 487;B01;2;15;0;0;6;1;1;
202000020880;154 705 488;A01;2;7;3;2;1;2;1;
202000020881;154 705 486;A01;3;7;16;0;0;13;1;
202000020882;154 705 485;A01;1;7;0;1;1;1;1;
202000020883;154 705 483;B01;1;10;0;0;4;1;1;
202000020883;154 705 484;A01;1;31;0;2;1;1;1;
202000020884;154 705 482;A01;1;7;0;0;0;1;1;
202000020885;154 705 480;B01;2;7;0;2;1;1;1;
202000020885;154 705 481;A01;1;10;0;2;1;17;1;
202000020886;154 705 479;A01;2;7;8;0;3;0;1;
202000020887;154 705 478;A01;1;7;6;0;2;1;0;
202000020888;154 705 476;B01;2;1;0;2;5;1;5;
202000020888;154 705 477;A01;2;7;0;9;3;9;3;
202000020889;154 705 474;B01;2;7;0;2;3;1;1;
202000020889;154 705 475;A01;1;2;0;2;7;6;1;
202000020890;154 705 472;B01;1;7;0;2;1;5;0;
202000020890;154 705 473;A01;2;7;0;2;1;5;0;
202000020891;154 705 469;A01;2;7;0;2;1;13;1;
202000020891;154 705 470;B01;1;7;0;2;1;1;1;
202000020892;154 705 467;B01;0;7;0;2;2;1;1;
202000020892;154 705 468;A01;0;7;0;2;3;1;1;
202000020893;154 705 465;A01;2;7;0;2;3;13;1;
202000020893;154 705 466;B01;1;7;0;2;3;1;1;
202000020894;154 705 463;B01;2;33;0;2;1;1;1;
202000020894;154 705 464;A01;1;7;0;2;3;19;1;
202000020895;154 705 462;A01;2;7;13;0;3;16;1;
202000020896;154 705 461;A01;2;2;13;0;7;0;1;
202000020897;154 705 459;A01;3;7;0;2;1;16;6;
202000020897;154 705 460;B01;3;2;0;2;1;1;6;
202000020898;154 705 458;A01;2;7;7;0;1;0;0;
202000020899;154 705 457;A01;2;36;9;0;1;1;1;
202000020900;154 705 455;B01;1;21;0;2;3;1;1;
202000020900;154 705 456;A01;2;33;0;2;1;13;1;
202000020901;154 705 454;A01;2;7;5;9;2;1;0;
202000020902;154 705 452;B01;2;7;0;2;1;1;1;
202000020902;154 705 453;A01;1;33;0;2;9;16;1;
202000020903;154 705 451;A01;3;10;0;1;1;15;1;
202000020904;154 705 449;B01;2;7;0;2;2;1;1;
202000020904;154 705 450;A01;1;7;0;2;7;17;1;
202000020905;154 705 448;A01;2;7;13;0;1;1;1;
202000020906;154 705 447;A01;1;7;13;0;2;1;1;
202000020907;154 705 445;A01;2;7;0;2;2;2;1;
202000020907;154 705 446;B01;2;7;0;0;6;2;1;
202000020908;154 705 443;A01;2;7;0;2;1;2;6;
202000020908;154 705 444;B01;2;7;0;0;4;23;6;
202000020909;154 705 442;A01;1;33;0;0;3;16;1;
202000020910;154 705 440;B01;2;7;0;2;2;0;1;
202000020910;154 705 441;A01;1;7;0;2;8;1;1;
202000020911;154 705 439;A01;3;7;0;0;9;1;1;
202000020912;154 705 438;A01;1;7;13;0;9;0;1;
202000020913;154 705 437;A01;3;7;0;1;4;20;1;
202000020914;154 705 436;A01;1;7;0;1;2;1;1;
202000020915;154 705 435;A01;2;33;0;0;7;1;1;
202000020916;154 705 433;A01;1;7;0;2;1;1;1;
202000020916;154 705 434;B01;1;7;0;0;4;1;1;
202000020917;154 705 432;A01;1;33;0;0;2;17;1;
202000020918;154 705 430;A01;1;33;13;0;1;13;1;
202000020919;154 705 429;A01;2;32;8;0;0;10;1;
202000020920;154 705 427;B01;2;7;0;2;8;15;1;
202000020920;154 705 428;A01;2;31;0;2;2;0;1;
202000020921;154 705 425;A01;1;1;0;0;0;0;5;
202000020922;154 705 423;A01;2;7;0;2;3;15;1;
202000020922;154 705 424;B01;2;33;0;2;1;17;1;
202000020923;154 705 421;A01;2;7;0;2;3;1;1;
202000020923;154 705 422;B01;1;7;0;2;3;1;1;
202000020924;154 705 418;C01;1;7;0;2;1;0;1;
202000020924;154 705 419;B01;1;7;0;2;4;0;1;
202000020924;154 705 420;A01;1;7;0;2;4;0;1;
202000020925;154 705 415;A01;1;7;0;2;2;1;1;
202000020925;154 705 416;C01;1;7;0;2;6;18;1;
202000020925;154 705 417;B01;1;7;0;2;6;1;1;
202000020926;154 705 413;A01;2;32;0;2;1;3;1;
202000020926;154 705 414;B01;2;7;0;2;4;1;1;
202000020927;154 705 409;D01;2;7;0;2;4;1;1;
202000020927;154 705 410;A01;2;7;0;2;1;1;1;
202000020927;154 705 411;B01;2;7;0;2;4;1;1;
202000020927;154 705 412;C01;2;7;0;2;4;1;1;
202000020928;154 705 407;B01;2;7;0;2;4;2;1;
202000020928;154 705 408;A01;2;7;0;2;1;1;1;
202000020929;154 705 404;A01;2;7;0;2;1;2;1;
202000020929;154 705 405;B01;2;7;0;2;4;1;1;
202000020929;154 705 406;C01;2;10;0;2;4;2;1;
202000020930;154 705 402;A01;1;7;0;2;8;11;1;
202000020930;154 705 403;B01;1;7;0;2;2;1;1;
202000020931;154 705 400;B01;1;33;0;2;3;1;0;
202000020931;154 705 401;A01;1;7;0;2;0;12;1;
202000020932;154 705 398;B01;1;7;0;2;2;2;1;
202000020932;154 705 399;A01;1;7;0;2;1;2;1;
202000020933;154 705 396;B01;3;7;0;2;0;0;1;
202000020933;154 705 397;A01;3;7;0;2;1;1;1;
202000020934;154 705 393;A01;2;7;0;2;1;1;1;
202000020934;154 705 394;C01;2;7;0;2;4;1;1;
202000020934;154 705 395;B01;2;7;0;2;4;1;1;
202000020935;154 705 391;B01;1;7;0;2;4;0;1;
202000020935;154 705 392;A01;2;10;15;0;1;26;1;
202000020936;154 705 389;A01;1;7;0;2;1;0;1;
202000020936;154 705 390;B01;1;7;0;2;4;2;1;
202000020937;154 705 386;C01;2;10;0;2;4;1;1;
202000020937;154 705 387;B01;2;7;0;2;6;23;1;
202000020937;154 705 388;A01;2;7;0;2;1;1;1;
202000020938;154 705 382;D01;2;7;0;2;6;1;1;
202000020938;154 705 383;C01;2;43;0;2;1;1;1;
202000020938;154 705 384;B01;2;7;0;2;4;1;1;
202000020938;154 705 385;A01;2;34;0;2;1;3;1;
202000020939;154 705 379;C01;1;7;0;2;2;1;1;
202000020939;154 705 380;B01;1;32;0;2;4;2;1;
202000020939;154 705 381;A01;1;33;0;2;1;2;1;
202000020940;154 705 375;A01;2;10;0;2;1;2;1;
202000020940;154 705 376;D01;2;7;0;2;4;2;1;
202000020940;154 705 377;C01;2;7;0;2;4;2;1;
202000020940;154 705 378;B01;2;7;0;2;4;2;1;
202000020941;154 705 371;A01;1;10;0;2;7;1;1;
202000020941;154 705 372;C01;3;10;0;2;1;0;0;
202000020941;154 705 373;B01;1;10;0;2;1;3;1;
202000020942;154 705 370;A01;1;2;12;0;1;26;1;
202000020943;154 705 366;A01;1;32;0;2;1;9;1;
202000020943;154 705 367;B01;3;7;0;2;7;9;1;
202000020943;154 705 368;C01;1;7;0;2;6;0;0;
202000020943;154 705 369;D01;1;7;0;2;2;0;1;
202000020944;154 705 364;B01;1;7;0;2;6;19;0;
202000020944;154 705 365;A01;1;33;0;2;1;26;1;
202000020945;154 705 362;B01;0;32;0;2;7;16;1;
202000020945;154 705 363;A01;0;2;0;2;8;2;1;
202000020946;154 705 361;A01;1;7;0;1;3;1;1;
202000020947;154 705 359;B01;1;7;0;2;3;15;1;
202000020947;154 705 360;A01;1;2;0;2;2;15;1;
202000020948;154 705 357;A01;2;10;0;2;4;20;1;
202000020948;154 705 358;B01;2;1;0;2;1;0;6;
202000020949;154 705 355;B01;2;1;0;2;1;2;0;
202000020949;154 705 356;A01;2;7;0;2;3;15;1;
202000020950;154 705 354;A01;1;7;0;1;2;1;0;
202000020951;154 705 353;A01;3;40;0;1;1;1;3;
202000020952;154 705 352;A01;2;7;0;1;1;1;1;
202000020953;154 705 350;B01;3;2;0;2;0;0;1;
202000020953;154 705 351;A01;2;10;0;2;6;9;1;
202000020954;154 705 349;A01;2;7;0;1;2;15;0;
202000020955;154 705 347;B01;1;7;0;2;3;1;1;
202000020955;154 705 348;A01;1;7;0;2;2;19;1;
202000020956;154 705 346;A01;1;7;0;1;2;1;0;
202000020957;154 705 345;A01;1;99;0;1;0;26;0;
202000020958;154 705 344;A01;1;3;8;0;8;13;1;
202000020959;154 705 342;A01;1;7;0;9;3;10;1;
202000020959;154 705 343;B01;1;1;0;2;1;1;0;
202000020960;154 705 340;B01;3;1;0;2;4;1;0;
202000020960;154 705 341;A01;3;7;0;2;1;9;1;
202000020961;154 705 338;A01;3;7;0;2;1;9;1;
202000020961;154 705 339;B01;3;1;0;2;7;1;5;
202000020962;154 705 337;A01;2;7;0;1;1;9;1;
202000020963;154 705 332;A01;2;7;0;1;1;1;1;
202000020964;154 705 330;B01;1;7;0;2;4;13;1;
202000020964;154 705 331;A01;1;10;0;2;1;26;0;
202000020965;154 705 329;A01;3;7;0;1;1;1;1;
202000020966;154 705 327;A01;3;7;0;2;3;15;1;
202000020966;154 705 328;B01;3;33;0;2;1;1;1;
202000020967;154 705 326;A01;2;7;0;1;2;16;1;
202000020968;154 705 324;A01;2;7;0;2;1;1;1;
202000020968;154 705 325;B01;2;7;0;2;4;1;1;
202000020969;154 705 323;A01;2;10;0;1;1;1;1;
202000020970;154 705 321;B01;0;7;0;2;0;0;1;
202000020970;154 705 322;A01;3;7;0;2;2;26;1;
202000020971;154 705 320;A01;1;10;0;1;2;26;1;
202000020972;154 705 318;A01;1;10;0;2;1;1;0;
202000020972;154 705 319;B01;1;7;0;2;3;15;0;
202000020973;154 705 316;A01;1;7;0;2;1;1;1;
202000020973;154 705 317;B01;2;1;0;2;7;19;5;
202000020974;154 705 315;A01;3;7;0;1;1;1;1;
202000020975;154 705 313;B01;0;30;0;2;1;17;1;
202000020975;154 705 314;A01;0;30;0;2;0;0;1;
202000020976;154 705 311;A01;2;7;0;2;1;16;1;
202000020976;154 705 312;B01;1;1;0;2;7;21;0;
202000020977;154 705 309;A01;1;2;0;2;7;14;1;
202000020977;154 705 310;B01;1;7;0;2;6;1;1;
202000020978;154 705 307;B01;3;7;0;2;2;1;1;
202000020978;154 705 308;A01;3;7;0;2;1;19;1;
202000020979;154 705 306;A01;1;2;6;0;1;1;1;
202000020980;154 705 304;B01;0;7;0;2;2;0;1;
202000020980;154 705 305;A01;1;33;1;0;8;1;1;
202000020981;154 705 301;A01;1;10;0;2;8;13;1;
202000020981;154 705 302;B01;1;7;0;2;7;1;1;
202000020982;154 705 299;B01;2;7;0;2;6;1;1;
202000020982;154 705 300;A01;2;31;0;2;1;3;1;
202000020983;154 705 296;C01;2;10;0;2;1;1;1;
202000020983;154 705 297;B01;2;10;3;2;6;1;1;
202000020983;154 705 298;A01;2;15;0;2;2;12;1;
202000020984;154 705 293;A01;2;7;0;2;1;1;1;
202000020984;154 705 294;B01;2;7;0;2;4;2;1;
202000020984;154 705 295;C01;2;7;0;2;4;2;1;
202000020985;154 705 291;A01;2;32;0;2;1;13;1;
202000020985;154 705 292;B01;2;10;0;2;4;1;0;
202000020986;154 705 288;A01;1;7;0;2;2;14;0;
202000020986;154 705 289;B01;1;33;0;2;1;3;1;
202000020986;154 705 290;C01;1;7;0;2;3;1;1;
202000020987;154 705 286;A01;2;34;0;0;0;26;1;
202000020987;154 705 287;B01;2;7;0;0;0;0;1;
202000020988;154 705 285;A01;1;33;0;0;0;21;1;
202000020989;154 705 283;A01;1;33;0;2;3;18;0;
202000020989;154 705 284;B01;1;7;0;2;5;1;0;
202000020990;154 705 281;A01;2;7;0;2;4;2;0;
202000020990;154 705 282;B01;2;7;0;2;1;1;0;
202000020991;154 705 280;A01;1;7;3;0;1;13;1;
202000020992;154 705 278;A01;1;7;0;2;5;12;1;
202000020992;154 705 279;B01;1;32;0;2;1;3;1;
202000020993;154 705 276;B01;1;7;0;2;4;2;1;
202000020993;154 705 277;A01;1;7;0;2;1;2;1;
202000020994;154 705 274;B01;1;15;0;2;7;0;0;
202000020994;154 705 275;A01;1;7;0;2;3;0;1;
202000020995;154 705 273;A01;2;7;4;2;2;21;1;
202000020996;154 705 271;B01;1;33;0;2;4;2;1;
202000020996;154 705 272;A01;1;42;0;2;1;2;1;
202000020997;154 705 269;B01;2;33;0;2;1;3;1;
202000020997;154 705 270;A01;2;7;0;2;4;11;1;
202000020998;154 705 267;B01;2;7;0;2;2;1;1;
202000020998;154 705 268;A01;2;7;0;2;3;11;1;
202000020999;154 705 264;A01;1;33;1;2;2;1;1;
202000020999;154 705 265;C01;1;10;0;2;5;1;1;
202000020999;154 705 266;B01;1;7;0;2;6;24;1;
202000021000;154 705 263;A01;2;13;16;0;7;1;1;
202000021001;154 705 261;B01;1;31;0;2;1;3;1;
202000021001;154 705 262;A01;1;7;0;2;3;15;1;
202000021002;154 705 259;A01;3;1;0;2;1;1;0;
202000021002;154 705 260;B01;3;7;0;2;0;0;0;
202000021003;154 705 257;B01;2;7;0;0;7;20;1;
202000021003;154 705 258;A01;2;30;0;2;1;18;1;
202000021004;154 705 255;A01;1;10;0;2;1;1;1;
202000021004;154 705 256;B01;2;7;0;2;5;1;1;
202000021005;154 705 253;A01;3;7;0;2;0;15;1;
202000021005;154 705 254;B01;1;33;0;2;1;1;1;
202000021006;154 705 251;B01;1;33;0;2;7;1;1;
202000021006;154 705 252;A01;1;7;0;2;3;15;1;
202000021007;154 705 249;A01;1;32;0;2;1;17;1;
202000021007;154 705 250;B01;1;7;0;2;6;15;1;
202000021008;154 705 248;A01;2;7;0;1;1;26;6;
202000021009;154 705 246;A01;1;7;0;2;2;15;6;
202000021009;154 705 247;B01;2;31;0;2;7;1;0;
202000021010;154 705 242;B01;3;7;0;2;4;23;1;
202000021010;154 705 243;C01;3;7;0;2;4;23;1;
202000021010;154 705 244;A01;3;7;0;2;1;1;1;
202000021011;154 705 241;A01;0;31;0;0;0;-1;-1;
202000021012;154 705 240;A01;2;30;12;0;1;1;1;
202000021013;154 705 239;A01;1;7;0;1;1;20;1;
202000021014;154 705 238;A01;1;7;0;1;1;1;1;
202000021015;154 705 236;A01;1;7;0;2;2;2;1;
202000021015;154 705 237;B01;1;2;6;2;4;2;1;
202000021016;154 705 234;B01;0;32;0;2;1;2;1;
202000021016;154 705 235;A01;3;50;0;2;8;19;3;
202000021017;154 705 232;B01;1;30;0;2;8;3;1;
202000021017;154 705 233;A01;1;7;0;2;7;1;1;
202000021018;154 705 230;B01;3;7;0;2;5;1;1;
202000021018;154 705 231;A01;2;7;0;2;1;19;1;
202000021019;154 705 228;B01;2;7;0;2;1;1;1;
202000021019;154 705 229;A01;1;7;0;2;1;17;1;
202000021020;154 705 227;Z01;0;7;0;1;1;0;1;
202000021021;154 705 223;A01;1;30;0;2;1;2;0;
202000021021;154 705 224;B01;1;7;0;2;0;0;0;
202000021022;154 705 221;B01;0;7;0;2;1;1;0;
202000021022;154 705 222;A01;0;7;0;2;3;19;0;
202000021023;154 705 218;C01;3;7;0;2;4;24;1;
202000021023;154 705 219;B01;2;7;1;2;1;1;1;
202000021023;154 705 220;A01;2;10;0;2;6;9;1;
202000021024;154 705 216;B01;1;1;0;2;1;1;5;
202000021024;154 705 217;A01;2;7;0;9;1;15;1;
202000021025;154 705 214;A01;1;2;0;2;1;17;1;
202000021025;154 705 215;B01;1;7;0;2;3;15;1;
202000021026;154 705 212;B01;3;1;0;2;0;26;5;
202000021026;154 705 213;A01;3;7;0;9;4;4;1;
202000021027;154 705 210;B01;2;7;0;2;6;1;1;
202000021027;154 705 211;A01;2;33;0;2;1;1;1;
202000021028;154 705 208;B01;1;1;0;2;3;1;5;
202000021028;154 705 209;A01;2;7;0;9;2;1;1;
202000021029;154 705 206;A01;2;7;0;2;2;19;1;
202000021029;154 705 207;B01;1;33;0;2;1;1;1;
202000021030;154 705 204;B01;2;7;0;2;8;15;1;
202000021030;154 705 205;A01;2;31;0;2;2;17;1;
202000021031;154 705 202;A01;1;7;0;2;1;1;1;
202000021031;154 705 203;B01;3;33;0;2;7;19;1;
202000021032;154 705 201;A01;0;7;15;0;2;26;1;
202000021033;154 705 199;Z01;3;7;0;2;1;5;1;
202000021033;154 705 200;A01;3;7;0;2;1;0;6;
202000021034;154 705 197;Y01;1;1;0;2;8;1;-1;
202000021034;154 705 198;A01;3;7;0;9;3;26;1;
202000021035;154 705 195;B01;1;7;0;2;3;23;1;
202000021035;154 705 196;A01;2;7;0;2;3;5;1;
202000021036;154 705 194;A01;1;37;0;1;8;16;1;1
202000021037;154 705 192;B01;2;7;0;2;1;19;1;
202000021037;154 705 193;A01;1;7;0;2;8;19;1;
202000021038;154 705 191;A01;1;2;16;0;8;13;1;
202000021039;154 705 188;B01;2;33;0;2;4;1;1;
202000021039;154 705 189;C01;2;7;0;2;4;1;1;
202000021039;154 705 190;A01;2;7;0;2;1;2;1;
202000021040;154 705 187;A01;2;50;0;1;1;25;3;
202000021041;154 705 185;B01;0;1;0;2;1;1;5;
202000021041;154 705 186;A01;0;7;0;2;2;15;1;
202000021042;154 705 183;A01;2;2;0;2;1;17;1;
202000021042;154 705 184;B01;2;7;0;9;3;15;1;
202000021043;154 705 181;A01;1;7;0;9;3;1;1;
202000021043;154 705 182;B01;1;1;0;2;7;1;5;
202000021044;154 705 180;A01;1;33;0;0;7;1;1;
202000021045;154 705 179;A01;1;7;0;1;5;17;1;
202000021046;154 705 177;A01;3;13;0;2;1;26;6;
202000021046;154 705 178;B01;0;7;0;2;4;0;6;
202000021047;154 705 175;A01;0;30;0;2;1;26;1;
202000021047;154 705 176;B01;0;7;0;2;4;26;1;
202000021048;154 705 174;A01;2;7;2;0;3;1;1;
202000021049;154 705 173;A01;2;1;0;1;5;1;5;
202000021050;154 705 171;B01;2;1;0;2;1;1;5;
202000021050;154 705 172;A01;2;7;0;2;2;16;1;
202000021051;154 705 169;A01;1;7;0;2;3;15;1;
202000021051;154 705 170;B01;0;1;0;2;0;0;5;
202000021052;154 705 167;A01;2;7;8;2;3;1;1;
202000021052;154 705 168;B01;2;7;0;2;7;15;1;
202000021053;154 705 165;B01;0;7;0;2;3;1;1;
202000021053;154 705 166;A01;0;1;0;2;1;19;5;
202000021054;154 705 163;B01;0;33;0;2;1;18;1;
202000021054;154 705 164;A01;0;7;0;2;8;15;1;
202000021055;154 705 161;B01;1;7;0;2;4;1;1;
202000021055;154 705 162;A01;1;7;0;2;1;1;1;
202000021056;154 705 159;B01;2;7;0;2;1;1;1;
202000021056;154 705 160;A01;2;7;0;2;1;13;1;
202000021057;154 705 158;A01;1;7;0;0;1;1;1;
202000021058;154 705 156;A01;1;33;0;2;1;2;1;
202000021058;154 705 157;B01;1;15;0;2;6;2;1;
202000021059;154 705 154;B01;0;7;0;0;4;2;1;
202000021059;154 705 155;A01;0;7;0;2;1;2;1;
202000021060;154 705 153;A01;0;7;0;1;3;1;1;
202000021061;154 705 152;A01;3;7;0;1;1;26;0;
202000021062;154 705 150;B01;2;1;0;2;0;2;0;
202000021062;154 705 151;A01;2;7;0;2;2;17;0;
202000021063;154 705 147;A01;3;33;12;0;7;1;1;
202000021064;154 705 144;A01;3;7;0;2;1;2;1;
202000021064;154 705 145;B01;3;7;0;0;4;1;1;
202000021065;154 705 143;A01;0;32;0;0;8;0;1;
202000021066;154 705 141;A01;1;7;0;2;1;2;0;
202000021066;154 705 142;B01;1;7;0;2;4;1;0;
202000021067;154 705 140;A01;1;7;4;0;1;0;1;
202000021068;154 705 139;A01;3;33;13;0;1;14;1;
202000021069;154 705 138;A01;3;7;0;1;1;1;1;
202000021070;154 705 136;A01;2;7;0;2;1;1;1;
202000021070;154 705 137;B01;1;31;0;2;1;5;1;
202000021071;154 705 134;B01;1;80;0;2;2;1;3;
202000021071;154 705 135;A01;2;7;0;2;1;9;1;
202000021072;154 705 132;B01;2;1;0;2;0;0;5;
202000021072;154 705 133;A01;2;7;0;2;1;1;1;
202000021073;154 705 129;B01;1;7;0;2;3;1;1;
202000021073;154 705 130;C01;1;7;0;2;4;1;1;
202000021073;154 705 131;A01;2;7;0;2;1;2;1;
202000021074;154 705 127;Z01;2;7;0;2;0;12;0;
202000021074;154 705 128;A01;2;43;0;2;8;3;1;
202000021075;154 705 125;A01;1;7;0;2;1;11;1;
202000021075;154 705 126;B01;1;7;0;2;4;1;1;
202000021076;154 705 124;A01;1;33;4;0;8;13;1;
202000021077;154 705 122;B01;1;33;0;2;7;1;1;
202000021077;154 705 123;A01;1;7;0;2;3;22;1;
202000021078;154 705 119;A01;3;7;0;2;1;1;1;
202000021078;154 705 120;B01;3;7;0;2;4;23;1;
202000021078;154 705 121;C01;3;7;0;2;4;1;1;
202000021079;154 705 118;A01;2;50;0;0;0;1;3;
202000021080;154 705 117;A01;1;60;0;1;4;25;5;
202000021081;154 705 116;A01;2;30;0;1;1;1;1;
202000021082;154 705 114;B01;2;7;0;2;1;1;1;
202000021082;154 705 115;A01;2;7;0;2;2;15;2;
202000021083;154 705 113;A01;1;7;0;1;1;15;1;
202000021084;154 705 111;B01;1;1;0;2;1;1;5;
202000021084;154 705 112;A01;1;7;0;2;3;16;1;
202000021085;154 705 109;A01;2;7;0;2;2;1;1;
202000021085;154 705 110;B01;2;1;0;2;8;16;5;
202000021086;154 705 108;A01;2;1;0;1;1;1;5;
202000021087;154 705 106;Z01;3;1;0;2;1;19;5;
202000021087;154 705 107;A01;2;31;0;2;7;1;1;
202000021088;154 705 105;A01;1;7;2;0;1;14;1;
202000021089;154 705 103;Z01;1;7;0;2;0;12;1;
202000021089;154 705 104;A01;1;31;0;2;8;3;1;
202000021090;154 705 101;A01;2;7;0;2;2;1;1;
202000021090;154 705 102;B01;2;7;1;2;3;9;1;
202000021091;154 705 099;B01;1;30;0;2;4;23;1;
202000021091;154 705 100;A01;1;1;0;2;1;2;5;
202000021092;154 705 097;A01;1;7;0;2;2;15;1;
202000021092;154 705 098;B01;2;33;0;2;1;1;1;
202000021093;154 705 095;A01;1;1;0;2;1;18;5;
202000021093;154 705 096;B01;1;50;0;2;5;16;3;
202000021094;154 705 094;A01;2;7;0;1;2;20;1;
202000021095;154 705 092;A01;1;7;0;2;6;15;1;
202000021095;154 705 093;B01;1;33;0;2;1;18;1;
202000021096;154 705 090;Z01;1;1;0;2;1;1;5;
202000021096;154 705 091;A01;1;80;0;2;4;1;3;
202000021097;154 705 088;A01;1;60;0;2;1;19;5;
202000021097;154 705 089;B01;1;1;0;2;1;1;5;
202000021098;154 705 086;A01;1;33;0;2;1;1;1;
202000021098;154 705 087;B01;1;7;0;2;8;15;1;
202000021099;154 705 082;B01;3;60;0;2;0;26;5;
202000021099;154 705 083;A01;3;10;0;2;3;1;1;
202000021100;154 705 080;A01;1;7;0;2;3;1;1;
202000021100;154 705 081;B01;1;7;0;2;1;5;1;
202000021101;154 705 079;A01;2;7;1;1;3;15;0;
202000021102;154 705 077;A01;1;7;0;2;7;2;1;
202000021102;154 705 078;B01;1;1;0;0;8;2;0;
202000021103;154 705 076;A01;1;7;0;1;3;26;1;
202000021104;154 705 075;A01;0;7;12;0;2;26;1;
202000021105;154 705 072;A01;3;7;14;0;1;1;1;
202000021105;154 705 073;B01;3;7;12;0;4;1;1;
202000021105;154 705 074;C01;3;7;12;0;4;15;1;
202000021106;154 705 070;B01;-1;33;0;2;1;0;1;
202000021106;154 705 071;A01;-1;7;0;2;2;15;1;
202000021107;154 705 068;A01;1;33;0;2;8;1;1;
202000021107;154 705 069;B01;2;7;0;2;3;15;1;
202000021108;154 705 067;A01;2;7;0;1;1;1;1;
202000021109;154 705 065;B01;3;7;0;0;8;1;1;
202000021109;154 705 066;A01;3;31;0;2;2;17;1;
202000021110;154 705 063;A01;3;7;0;2;2;9;1;
202000021110;154 705 064;B01;3;1;0;0;4;23;0;
202000021111;154 705 062;X01;2;7;0;1;1;1;0;
202000021112;154 705 060;A01;-1;7;0;2;1;26;0;
202000021112;154 705 061;B01;-1;1;0;9;4;26;5;
202000021113;154 705 059;A01;2;37;0;1;2;1;1;1
202000021114;154 705 058;A01;2;33;14;0;2;1;1;
202000021115;154 705 056;B01;2;33;0;2;1;17;1;
202000021115;154 705 057;A01;2;7;0;2;3;15;1;
202000021116;154 705 054;B01;1;13;1;0;5;26;1;
202000021116;154 705 055;A01;1;31;1;0;5;9;1;
202000021117;154 705 053;A01;1;20;0;1;3;26;0;
202000021118;154 705 052;A01;3;7;0;1;2;1;1;
202000021119;154 705 050;A01;1;33;0;2;4;11;1;
202000021119;154 705 051;B01;1;30;0;2;1;1;0;
202000021120;154 705 049;A01;2;30;2;0;3;13;1;
202000021121;154 705 048;A01;1;7;0;1;7;1;0;
202000021122;154 705 046;B01;0;2;0;0;1;0;0;
202000021122;154 705 047;A01;0;7;0;0;3;16;0;
202000021123;154 705 044;B01;1;7;0;2;4;2;2;
202000021123;154 705 045;A01;1;7;0;1;1;2;1;
202000021124;154 705 042;B01;0;33;0;2;3;1;1;
202000021124;154 705 043;A01;0;7;0;2;2;16;1;
202000021125;154 705 040;B01;3;31;0;2;1;1;1;
202000021125;154 705 041;A01;3;7;0;2;5;15;1;
202000021126;154 705 039;A01;1;7;0;1;3;1;1;
202000021127;154 705 038;A01;1;30;0;0;0;21;1;
202000021128;154 705 037;A01;2;33;0;0;7;1;1;
202000021129;154 705 035;B01;2;1;0;2;7;1;5;
202000021129;154 705 036;A01;2;10;0;2;2;16;1;
202000021130;154 705 032;C01;2;7;12;0;5;1;1;
202000021130;154 705 033;B01;2;7;0;2;5;2;1;
202000021130;154 705 034;A01;2;7;0;2;2;1;1;
202000021131;154 705 031;A01;3;34;1;0;8;18;1;
202000021132;154 705 029;A01;1;7;1;2;3;9;1;
202000021132;154 705 030;B01;1;33;0;2;7;1;1;
202000021133;154 705 027;A01;2;50;0;2;1;19;3;
202000021133;154 705 028;B01;2;7;0;0;0;0;0;
202000021134;154 705 025;B01;1;31;0;2;8;9;1;
202000021134;154 705 026;A01;1;7;0;2;2;16;1;
202000021135;154 705 024;A01;2;33;0;0;8;0;1;
202000021136;154 705 023;A01;3;7;2;0;1;0;1;
202000021137;154 705 022;A01;2;33;3;0;3;1;1;
202000021138;154 705 020;B01;1;30;0;2;1;1;1;
202000021138;154 705 021;A01;2;21;0;2;3;1;1;
202000021139;154 705 017;A01;2;33;0;2;1;0;1;
202000021139;154 705 018;B01;1;7;0;2;3;1;1;
202000021139;154 705 019;C01;2;15;0;2;6;1;1;