num_acc;id_vehicule;num_veh;senc;catv;obs;obsm;choc;manv;motor;occutc
202000021140;154 705 015;A01;1;7;0;2;7;16;1;
202000021140;154 705 016;B01;1;1;0;0;8;1;5;
202000021141;154 705 013;A01;1;7;0;2;3;0;1;
202000021141;154 705 014;B01;1;33;0;2;1;0;1;
202000021142;154 705 012;A01;3;7;0;1;1;2;1;
202000021143;154 705 011;A01;1;7;6;0;1;0;1;
202000021144;154 705 009;B01;2;10;0;2;3;1;0;
202000021144;154 705 010;A01;1;10;0;2;3;13;0;
202000021145;154 705 007;A01;1;2;12;2;2;15;1;
202000021145;154 705 008;B01;2;7;0;2;2;1;1;
202000021146;154 705 005;A01;1;7;0;9;1;1;1;
202000021146;154 705 006;B01;2;1;0;2;1;9;5;
202000021147;154 705 004;A01;2;7;15;0;3;1;1;
202000021148;154 705 002;B01;2;7;0;2;8;1;1;
202000021148;154 705 003;A01;1;7;0;2;1;19;1;
202000021149;154 705 001;A01;2;3;0;0;0;1;3;
202000021150;154 704 999;B01;2;7;7;2;1;1;1;
202000021150;154 705 000;A01;1;7;0;2;7;19;1;
202000021151;154 704 997;B01;2;7;0;0;3;23;0;
202000021151;154 704 998;A01;2;1;0;2;1;14;5;
202000021152;154 704 996;A01;1;7;2;0;1;14;1;
202000021153;154 704 995;A01;3;10;0;1;1;1;1;
202000021154;154 704 993;A01;0;1;0;2;7;19;5;
202000021154;154 704 994;B01;0;7;0;9;1;1;1;
202000021155;154 704 991;A01;0;10;0;2;3;15;1;
202000021155;154 704 992;B01;0;2;0;2;0;0;1;
202000021156;154 704 987;C01;2;7;0;2;8;1;1;
202000021156;154 704 988;A01;1;7;0;2;3;13;1;
202000021156;154 704 989;B01;2;7;0;2;3;1;1;
202000021157;154 704 985;A01;2;7;0;2;6;15;1;
202000021157;154 704 986;B01;1;34;0;2;1;1;1;
202000021158;154 704 983;B01;1;7;0;2;2;1;1;
202000021158;154 704 984;A01;2;33;0;2;1;13;1;
202000021159;154 704 981;B01;1;1;0;2;1;1;5;
202000021159;154 704 982;A01;2;7;0;2;2;19;1;
202000021160;154 704 980;A01;2;7;13;0;9;1;1;
202000021161;154 704 978;A01;2;7;0;2;1;1;1;
202000021161;154 704 979;B01;1;7;0;2;3;9;1;
202000021162;154 704 976;A01;1;7;3;0;1;1;1;
202000021162;154 704 977;B01;2;7;3;0;7;15;1;
202000021163;154 704 974;A01;2;7;6;2;3;1;1;
202000021163;154 704 975;B01;2;7;0;0;5;1;1;
202000021164;154 704 973;A01;1;7;0;1;1;1;1;
202000021165;154 704 971;A01;1;7;0;2;2;15;1;
202000021165;154 704 972;B01;1;7;0;2;3;1;1;
202000021166;154 704 969;B01;1;7;6;0;3;1;0;
202000021166;154 704 970;A01;2;7;0;0;3;13;0;
202000021167;154 704 967;B01;2;33;0;2;4;17;1;
202000021167;154 704 968;A01;2;7;0;2;2;1;1;
202000021168;154 704 965;A01;3;33;0;2;7;17;1;
202000021168;154 704 966;B01;3;7;0;2;3;15;1;
202000021169;154 704 963;B01;2;33;3;2;8;1;1;
202000021169;154 704 964;A01;1;7;0;2;8;17;1;
202000021170;154 704 962;A01;1;7;6;0;1;16;1;
202000021171;154 704 961;A01;2;7;0;0;0;21;1;
202000021172;154 704 959;B01;1;34;0;2;7;1;1;
202000021172;154 704 960;A01;1;1;0;2;7;13;5;
202000021173;154 704 958;A01;1;33;0;1;3;1;1;
202000021174;154 704 957;A01;0;43;12;0;7;14;1;
202000021175;154 704 956;A01;3;50;0;1;1;1;3;
202000021176;154 704 955;A01;2;50;0;1;1;1;3;
202000021177;154 704 954;A01;1;1;1;0;1;1;5;
202000021178;154 704 953;A01;1;7;8;0;1;1;1;
202000021179;154 704 951;B01;1;1;0;2;1;1;5;
202000021179;154 704 952;A01;2;1;0;2;1;13;5;
202000021180;154 704 949;B01;2;7;0;2;8;1;0;
202000021180;154 704 950;A01;2;7;0;2;1;1;0;
202000021181;154 704 948;A01;1;10;8;1;7;15;1;
202000021182;154 704 946;B01;1;32;0;2;1;1;1;
202000021182;154 704 947;A01;1;7;0;2;2;16;1;
202000021183;154 704 945;A01;1;32;0;0;0;1;1;
202000021184;154 704 944;A01;1;7;4;0;0;17;1;
202000021185;154 704 942;B01;3;7;0;2;3;26;1;
202000021185;154 704 943;A01;3;7;1;2;1;26;1;
202000021186;154 704 941;A01;2;34;0;1;3;26;0;
202000021187;154 704 939;B01;2;33;0;2;7;1;1;
202000021187;154 704 940;A01;1;10;0;2;2;9;1;
202000021188;154 704 937;B01;1;2;0;2;2;2;1;
202000021188;154 704 938;A01;1;7;0;2;3;2;0;
202000021189;154 704 935;A01;3;7;0;2;8;21;1;
202000021189;154 704 936;B01;3;7;0;2;9;15;1;
202000021190;154 704 933;A01;2;99;0;2;1;13;1;
202000021190;154 704 934;B01;2;7;0;2;6;15;1;
202000021191;154 704 932;A01;2;7;0;1;4;26;1;
202000021192;154 704 930;B01;3;7;0;2;2;14;1;
202000021192;154 704 931;A01;0;2;0;2;2;5;0;
202000021193;154 704 929;A01;1;10;0;1;2;26;6;
202000021194;154 704 927;B01;3;33;0;2;1;2;1;
202000021194;154 704 928;A01;3;7;0;2;2;15;1;
202000021195;154 704 925;B01;0;43;0;2;7;19;0;
202000021195;154 704 926;A01;0;10;0;2;1;19;0;
202000021196;154 704 924;A01;2;7;9;1;1;1;1;
202000021197;154 704 923;A01;1;7;0;1;1;16;1;
202000021198;154 704 921;A01;1;7;0;9;1;19;0;
202000021198;154 704 922;B01;1;1;0;2;7;1;5;
202000021199;154 704 920;A01;2;15;3;0;8;1;1;
202000021200;154 704 918;B01;3;1;0;2;2;21;5;
202000021200;154 704 919;A01;3;7;0;2;7;19;1;
202000021201;154 704 916;C01;0;1;0;2;8;13;5;
202000021201;154 704 917;A01;0;33;0;9;7;1;1;
202000021202;154 704 914;A01;2;7;0;2;5;15;1;
202000021202;154 704 915;B01;1;33;0;2;4;1;1;
202000021203;154 704 912;A01;1;7;0;2;1;13;1;
202000021203;154 704 913;B01;2;15;0;2;3;1;1;
202000021204;154 704 911;A01;2;10;2;0;1;13;1;
202000021205;154 704 909;A01;3;7;0;2;3;9;1;
202000021205;154 704 910;B01;2;7;0;2;1;21;1;
202000021206;154 704 908;A01;3;7;15;0;1;1;1;
202000021207;154 704 906;A01;1;7;0;2;3;13;1;
202000021207;154 704 907;B01;2;15;0;2;3;1;1;
202000021208;154 704 905;A01;3;7;3;0;1;0;1;
202000021209;154 704 904;A01;0;7;6;0;3;1;1;
202000021210;154 704 902;A01;1;10;8;2;2;1;1;
202000021210;154 704 903;B01;2;7;0;2;2;15;1;
202000021211;154 704 900;B01;1;7;0;2;2;17;1;
202000021211;154 704 901;A01;1;7;0;0;3;15;1;
202000021212;154 704 899;A01;2;7;13;0;3;1;1;
202000021213;154 704 898;A01;1;7;13;0;9;13;1;
202000021214;154 704 897;A01;3;7;16;0;9;1;1;
202000021215;154 704 896;A01;2;7;2;0;1;13;1;
202000021216;154 704 894;B01;2;7;0;2;1;1;1;
202000021216;154 704 895;A01;3;7;0;2;8;1;1;
202000021217;154 704 891;B01;2;7;0;1;3;1;0;
202000021218;154 704 889;A01;2;7;0;2;2;15;1;
202000021218;154 704 890;B01;1;10;0;2;2;1;1;
202000021219;154 704 887;A01;1;7;0;2;1;1;1;
202000021219;154 704 888;B01;2;7;0;2;1;1;1;
202000021220;154 704 885;A01;2;10;0;2;2;1;1;
202000021220;154 704 886;B01;2;1;0;2;1;1;5;
202000021221;154 704 880;C01;1;7;0;2;4;2;1;
202000021221;154 704 881;A01;1;7;0;2;1;2;1;
202000021221;154 704 882;B01;1;7;0;2;1;2;1;
202000021222;154 704 879;A01;2;7;13;6;9;0;0;
202000021223;154 704 877;B01;1;15;0;0;4;2;1;
202000021223;154 704 878;A01;1;7;3;2;1;2;1;
202000021224;154 704 874;C01;3;7;14;2;1;1;0;
202000021224;154 704 875;B01;3;7;0;2;4;2;0;
202000021224;154 704 876;A01;3;7;0;0;4;2;0;
202000021225;154 704 872;A01;1;7;0;2;3;1;1;
202000021225;154 704 873;B01;1;7;0;2;3;17;1;
202000021226;154 704 870;A01;2;7;0;2;3;5;0;
202000021226;154 704 871;B01;2;15;0;2;3;1;1;
202000021227;154 704 868;B01;3;7;0;2;1;1;1;
202000021227;154 704 869;A01;3;7;0;2;1;1;1;
202000021228;154 704 867;A01;2;31;13;0;1;1;1;
202000021229;154 704 865;B01;2;14;0;2;8;19;1;
202000021229;154 704 866;A01;1;33;0;2;1;17;1;
202000021230;154 704 863;B01;1;7;0;2;2;2;1;
202000021230;154 704 864;A01;1;7;0;0;6;15;1;
202000021231;154 704 862;A01;1;7;13;0;3;13;1;
202000021232;154 704 861;A01;1;3;8;0;3;2;1;
202000021233;154 704 856;B01;1;7;0;2;7;1;1;
202000021233;154 704 857;A01;1;7;3;1;1;14;1;
202000021234;154 704 854;B01;2;7;4;2;2;11;1;
202000021234;154 704 855;A01;2;10;0;2;2;1;1;
202000021235;154 704 852;B01;1;7;0;2;6;2;1;
202000021235;154 704 853;A01;1;33;0;2;1;9;1;
202000021236;154 704 849;C01;2;7;0;2;4;2;1;
202000021236;154 704 850;B01;2;7;0;2;4;2;1;
202000021236;154 704 851;A01;2;10;0;2;1;2;1;
202000021237;154 704 846;C01;1;10;0;2;4;2;1;
202000021237;154 704 847;B01;1;7;0;2;5;2;1;
202000021237;154 704 848;A01;1;7;0;2;1;11;1;
202000021238;154 704 844;A01;2;10;0;2;4;23;1;
202000021238;154 704 845;B01;2;10;1;0;1;2;1;
202000021239;154 704 842;A01;1;7;0;2;1;1;1;
202000021239;154 704 843;B01;1;7;0;2;4;23;1;
202000021240;154 704 840;A01;1;7;0;2;3;1;1;
202000021240;154 704 841;B01;2;33;0;2;7;10;1;
202000021241;154 704 839;A01;1;99;0;1;3;1;1;
202000021242;154 704 838;A01;3;7;0;1;1;9;1;
202000021243;154 704 837;A01;1;30;0;0;7;15;1;
202000021244;154 704 836;A01;1;0;0;1;0;0;0;
202000021245;154 704 835;A01;1;99;0;1;1;1;3;
202000021246;154 704 834;A01;1;31;0;0;3;26;1;
202000021247;154 704 832;B01;1;13;0;2;3;1;1;
202000021247;154 704 833;A01;1;7;0;2;3;19;1;
202000021248;154 704 830;A01;1;7;0;2;1;25;0;
202000021248;154 704 831;B01;1;1;0;2;7;1;5;
202000021249;154 704 828;A01;2;7;0;2;2;16;1;
202000021249;154 704 829;B01;2;80;0;2;1;25;3;
202000021250;154 704 827;A01;2;2;0;0;7;1;1;
202000021251;154 704 825;A01;3;30;0;2;1;15;1;
202000021251;154 704 826;B01;3;7;0;2;1;1;1;
202000021252;154 704 823;A01;1;7;0;2;3;15;1;
202000021252;154 704 824;B01;1;33;0;2;1;17;1;
202000021253;154 704 821;B01;3;1;0;2;8;0;5;
202000021253;154 704 822;A01;3;7;0;9;1;16;1;
202000021254;154 704 819;A01;1;10;0;2;6;10;1;
202000021254;154 704 820;B01;1;33;0;2;1;1;1;
202000021255;154 704 817;B01;0;33;0;2;0;0;1;
202000021255;154 704 818;A01;1;7;0;2;3;13;1;
202000021256;154 704 815;B01;3;7;8;0;1;1;1;
202000021256;154 704 816;Z01;3;7;0;0;0;0;0;
202000021257;154 704 813;B01;1;2;0;2;7;1;1;
202000021257;154 704 814;A01;0;7;0;2;1;20;1;
202000021258;154 704 811;B01;2;40;0;2;2;1;3;
202000021258;154 704 812;A01;1;1;0;4;1;19;5;
202000021259;154 704 809;A01;1;7;0;2;3;24;1;
202000021259;154 704 810;B01;1;1;1;0;2;1;5;
202000021260;154 704 807;B01;1;7;0;2;4;1;1;
202000021260;154 704 808;A01;1;2;0;2;1;1;1;
202000021261;154 704 805;A01;1;1;0;2;3;15;5;
202000021261;154 704 806;B01;1;7;0;2;2;17;1;
202000021262;154 704 804;A01;3;7;1;0;2;1;1;
202000021263;154 704 802;B01;2;2;0;2;1;1;1;
202000021263;154 704 803;A01;1;7;0;2;2;13;1;
202000021264;154 704 800;A01;1;7;0;2;1;2;1;
202000021264;154 704 801;B01;1;7;0;2;4;2;1;
202000021265;154 704 799;A01;2;2;0;0;8;1;1;
202000021266;154 704 797;B01;2;7;0;2;7;1;1;
202000021266;154 704 798;A01;1;7;0;2;1;19;1;
202000021267;154 704 795;A01;2;1;0;2;1;2;5;
202000021267;154 704 796;B01;2;7;0;2;4;1;1;
202000021268;154 704 793;A01;2;7;0;2;3;13;0;
202000021268;154 704 794;B01;1;10;0;2;6;26;0;
202000021269;154 704 791;B01;0;7;0;2;2;1;1;
202000021269;154 704 792;A01;0;10;0;2;3;15;1;
202000021270;154 704 789;A01;1;7;0;2;0;0;1;
202000021270;154 704 790;B01;1;2;0;2;8;0;1;
202000021271;154 704 787;A01;3;7;0;2;7;23;1;
202000021271;154 704 788;B01;3;33;0;2;1;1;1;
202000021272;154 704 785;A01;1;7;0;2;2;1;1;
202000021272;154 704 786;B01;1;30;0;2;1;1;1;
202000021273;154 704 784;A01;1;34;14;0;0;1;1;
202000021274;154 704 780;B01;3;7;0;2;3;16;1;
202000021274;154 704 781;A01;3;7;0;2;2;1;1;
202000021275;154 704 778;B01;3;7;0;2;2;14;1;
202000021275;154 704 779;A01;3;33;0;2;1;7;1;
202000021276;154 704 776;B01;3;33;0;2;1;9;1;
202000021276;154 704 777;A01;3;7;0;2;3;9;1;
202000021277;154 704 774;A01;2;33;0;2;1;2;1;
202000021277;154 704 775;B01;2;13;0;2;4;2;1;
202000021278;154 704 772;A01;1;7;0;2;1;2;1;
202000021278;154 704 773;B01;1;10;0;2;4;2;1;
202000021279;154 704 770;A01;1;7;0;2;1;2;1;
202000021279;154 704 771;B01;1;7;0;0;4;2;0;
202000021280;154 704 768;A01;1;7;0;2;1;16;1;
202000021280;154 704 769;B01;1;1;0;2;1;1;0;
202000021281;154 704 766;A01;1;7;0;2;1;15;1;
202000021281;154 704 767;B01;2;32;0;2;1;1;1;
202000021282;154 704 764;B01;1;7;0;2;4;2;1;
202000021282;154 704 765;A01;1;33;0;2;1;18;1;
202000021283;154 704 762;Z01;1;7;0;2;3;9;0;
202000021283;154 704 763;A01;1;30;0;2;2;1;1;
202000021284;154 704 760;A01;1;7;0;2;1;15;1;
202000021284;154 704 761;B01;2;2;0;2;1;1;1;
202000021285;154 704 758;A01;1;34;0;2;1;1;1;
202000021285;154 704 759;B01;2;7;0;2;1;10;1;
202000021286;154 704 756;A01;1;7;0;2;8;22;1;
202000021286;154 704 757;B01;1;1;1;0;1;1;5;
202000021287;154 704 755;A01;1;7;0;1;1;1;1;
202000021288;154 704 753;B01;1;10;0;2;0;1;1;
202000021288;154 704 754;A01;1;1;0;2;1;1;5;
202000021289;154 704 752;A01;1;7;8;0;1;2;1;
202000021290;154 704 751;A01;2;33;0;0;0;1;1;
202000021291;154 704 750;A01;1;7;8;0;1;16;1;
202000021292;154 704 749;A01;2;7;0;1;1;1;1;
202000021293;154 704 748;Z01;2;0;0;1;0;0;0;
202000021294;154 704 745;C01;1;7;0;-1;4;1;0;
202000021294;154 704 746;B01;1;7;0;2;2;1;0;
202000021294;154 704 747;A01;1;7;0;2;1;1;0;
202000021295;154 704 743;A01;1;10;0;2;3;9;1;
202000021295;154 704 744;B01;1;30;0;2;7;1;1;
202000021296;154 704 741;A01;2;7;0;2;2;12;1;
202000021296;154 704 742;B01;2;34;0;2;1;1;1;
202000021297;154 704 740;A01;1;31;0;0;8;1;1;
202000021298;154 704 738;A01;2;7;4;2;6;17;1;
202000021298;154 704 739;Z01;2;7;0;2;1;13;1;
202000021299;154 704 736;A01;2;1;0;2;3;1;5;
202000021299;154 704 737;B01;2;14;0;2;7;16;6;
202000021300;154 704 734;B01;1;31;0;2;7;17;1;
202000021300;154 704 735;A01;2;7;0;2;2;15;1;
202000021301;154 704 732;A01;0;7;0;2;3;17;1;
202000021301;154 704 733;B01;0;43;0;2;1;15;1;
202000021302;154 704 731;A01;1;7;14;0;2;14;1;
202000021303;154 704 729;A01;1;7;0;2;2;16;1;
202000021303;154 704 730;B01;1;50;0;2;3;7;3;
202000021304;154 704 728;A01;2;7;0;1;8;16;1;
202000021305;154 704 727;A01;1;1;0;0;1;1;5;
202000021306;154 704 726;A01;2;30;0;1;4;1;3;
202000021307;154 704 725;A01;2;1;0;1;1;5;5;
202000021308;154 704 723;A01;1;7;0;2;1;1;1;
202000021308;154 704 724;B01;1;7;0;2;2;15;1;
202000021309;154 704 721;A01;2;10;0;2;8;22;1;
202000021309;154 704 722;B01;2;1;0;2;2;1;5;
202000021310;154 704 719;A01;2;30;0;2;1;15;1;
202000021310;154 704 720;B01;2;7;0;2;7;7;1;
202000021311;154 704 717;B01;2;1;0;2;7;1;5;
202000021311;154 704 718;A01;1;7;0;2;1;1;3;
202000021312;154 704 715;B01;1;1;0;2;8;1;5;
202000021312;154 704 716;A01;1;7;0;2;2;16;1;
202000021313;154 704 713;A01;1;2;0;2;8;9;1;
202000021313;154 704 714;B01;1;34;0;2;1;1;1;
202000021314;154 704 712;Z01;2;7;1;0;1;13;1;
202000021315;154 704 710;A01;2;7;0;2;6;1;1;
202000021315;154 704 711;B01;2;33;0;2;4;23;1;
202000021316;154 704 709;A01;1;50;12;0;1;14;3;
202000021317;154 704 707;B01;3;10;0;2;2;0;0;
202000021317;154 704 708;A01;3;7;0;2;1;1;0;
202000021318;154 704 705;A01;-1;31;0;2;8;26;1;
202000021318;154 704 706;B01;-1;7;0;2;0;21;1;
202000021319;154 704 703;A01;1;7;0;2;1;1;1;
202000021319;154 704 704;B01;1;7;0;2;1;1;1;
202000021320;154 704 701;A01;2;30;0;2;8;13;1;
202000021320;154 704 702;B01;2;10;0;2;2;16;1;
202000021321;154 704 699;A01;3;1;0;2;1;2;6;
202000021321;154 704 700;B01;3;7;14;0;4;2;1;
202000021322;154 704 697;A01;1;1;0;0;3;9;5;
202000021322;154 704 698;B01;2;34;0;0;2;1;1;
202000021323;154 704 694;C01;1;7;0;2;4;2;0;
202000021323;154 704 695;B01;1;7;12;2;4;2;0;
202000021323;154 704 696;A01;1;7;12;2;4;2;0;
202000021324;154 704 692;B01;1;7;0;2;1;2;1;
202000021324;154 704 693;A01;1;7;0;2;4;23;1;
202000021325;154 704 691;A01;2;50;0;0;1;1;3;
202000021326;154 704 689;B01;1;7;0;2;3;9;1;
202000021326;154 704 690;A01;1;30;0;2;1;1;1;
202000021327;154 704 687;A01;1;30;0;2;1;1;1;
202000021327;154 704 688;B01;1;7;0;2;4;1;1;
202000021328;154 704 685;B01;2;30;0;2;5;17;1;
202000021328;154 704 686;A01;2;7;0;2;6;1;1;
202000021329;154 704 683;A01;1;0;0;2;2;17;0;
202000021329;154 704 684;B01;1;7;0;2;3;15;1;
202000021330;154 704 681;A01;1;7;0;2;3;20;1;
202000021330;154 704 682;B01;1;34;0;2;2;1;1;
202000021331;154 704 680;A01;3;7;12;0;1;6;1;
202000021332;154 704 678;A01;1;7;0;2;3;13;1;
202000021332;154 704 679;B01;2;7;0;2;3;1;1;
202000021333;154 704 676;B01;1;7;0;2;3;1;0;
202000021333;154 704 677;A01;2;7;0;2;3;13;0;
202000021334;154 704 674;A01;2;7;8;0;0;0;1;
202000021334;154 704 675;B01;2;7;13;0;1;0;1;
202000021335;154 704 673;A01;2;33;0;0;3;1;1;
202000021336;154 704 671;B01;1;33;0;2;1;1;1;
202000021336;154 704 672;A01;2;7;0;2;3;15;1;
202000021337;154 704 670;A01;2;7;8;0;2;1;1;
202000021338;154 704 665;A01;1;7;0;2;7;26;1;
202000021338;154 704 666;B01;2;7;0;2;1;1;1;
202000021339;154 704 664;A01;2;33;8;0;1;0;1;
202000021340;154 704 662;B01;1;33;0;2;1;17;1;
202000021340;154 704 663;A01;1;7;0;0;8;15;1;
202000021341;154 704 659;B01;2;7;0;2;1;1;1;
202000021341;154 704 660;A01;1;7;0;2;1;21;1;
202000021341;154 704 661;C01;1;7;0;2;8;1;1;
202000021342;154 704 658;A01;2;7;0;1;1;1;0;
202000021343;154 704 656;B01;1;21;0;2;3;15;1;
202000021343;154 704 657;A01;1;33;13;2;1;17;1;
202000021344;154 704 655;A01;3;7;2;0;2;2;1;
202000021345;154 704 654;A01;0;33;0;0;0;1;1;
202000021346;154 704 653;A01;2;7;0;1;1;1;0;
202000021347;154 704 651;B01;1;38;0;2;3;13;1;1
202000021347;154 704 652;A01;1;2;0;2;1;1;1;
202000021348;154 704 650;A01;1;7;0;1;1;1;1;
202000021349;154 704 649;A01;3;33;15;9;1;14;1;
202000021350;154 704 641;A01;2;7;0;0;1;1;1;
202000021350;154 704 642;B01;2;7;0;0;8;1;1;
202000021350;154 704 643;C01;2;7;0;0;1;1;1;
202000021351;154 704 639;B01;1;7;0;2;8;0;0;
202000021351;154 704 640;A01;2;7;0;2;3;1;0;
202000021352;154 704 638;A01;1;7;8;0;1;1;1;
202000021353;154 704 637;A01;1;7;0;2;2;1;1;
202000021353;154 704 648;B01;1;30;0;2;8;15;1;
202000021354;154 704 635;A01;2;7;0;2;2;15;1;
202000021354;154 704 636;B01;1;1;0;2;1;1;5;
202000021355;154 704 632;A01;1;7;0;2;9;1;1;
202000021355;154 704 633;B01;2;7;0;2;9;1;1;
202000021355;154 704 634;C01;1;10;5;2;9;1;1;
202000021356;154 704 630;A01;1;33;0;0;1;1;0;
202000021357;154 704 628;B01;1;7;0;2;3;13;0;
202000021357;154 704 629;A01;2;7;0;2;3;23;0;
202000021358;154 704 627;A01;1;10;0;1;4;4;0;
202000021359;154 704 625;A01;1;7;0;2;1;2;1;
202000021359;154 704 626;B01;1;1;0;0;4;1;5;
202000021360;154 704 631;A01;1;7;2;0;1;17;1;
202000021361;154 704 622;A01;0;7;0;2;5;17;1;
202000021361;154 704 623;B01;0;80;0;2;8;1;3;
202000021362;154 704 624;A01;1;7;2;0;7;6;1;
202000021363;154 704 620;A01;1;7;0;2;1;1;1;
202000021363;154 704 621;B01;1;2;7;0;6;1;1;
202000021364;154 704 617;A01;2;7;0;2;1;13;1;
202000021364;154 704 618;B01;1;7;0;2;1;1;1;
202000021365;154 704 615;B01;2;33;0;2;1;1;1;
202000021365;154 704 616;A01;1;7;0;2;1;15;1;
202000021366;154 704 612;A01;3;7;0;2;7;5;1;
202000021366;154 704 613;B01;3;33;0;2;0;0;1;
202000021367;154 704 611;A01;1;7;9;0;1;1;1;
202000021368;154 704 619;A01;2;7;15;0;3;5;1;
202000021369;154 704 610;A01;2;7;5;0;1;14;1;
202000021370;154 704 606;A01;0;7;0;2;8;11;1;
202000021370;154 704 609;B01;0;33;0;2;7;17;1;
202000021371;154 704 605;A01;2;10;0;2;3;2;1;
202000021371;154 704 607;B01;2;7;0;2;9;15;1;
202000021371;154 704 608;C01;1;7;0;2;1;1;1;
202000021372;154 704 601;B01;2;1;0;2;4;2;5;
202000021372;154 704 603;A01;2;7;0;2;2;2;1;
202000021373;154 704 600;A01;1;7;0;2;1;11;1;
202000021373;154 704 602;B01;1;7;0;2;1;0;1;
202000021373;154 704 604;C01;1;7;0;2;4;0;1;
202000021374;154 704 596;A01;1;7;0;0;6;15;1;
202000021374;154 704 598;B01;1;7;0;2;1;1;1;
202000021375;154 704 594;B01;2;33;0;2;1;0;1;
202000021375;154 704 595;A01;1;7;0;2;3;13;1;
202000021376;154 704 592;A01;0;2;0;2;8;26;1;
202000021376;154 704 593;B01;0;7;0;2;3;1;1;
202000021377;154 704 591;B01;2;7;0;2;4;1;1;
202000021377;154 704 597;A01;2;10;0;2;1;1;1;
202000021378;154 704 586;B01;1;7;0;2;1;1;1;
202000021378;154 704 590;A01;2;7;0;2;2;15;1;
202000021379;154 704 587;C01;1;32;0;2;8;3;1;
202000021379;154 704 588;B01;1;10;0;2;2;2;1;
202000021379;154 704 589;A01;1;7;0;2;4;1;1;
202000021380;154 704 585;A01;2;7;15;0;3;0;1;
202000021381;154 704 584;A01;1;33;11;0;8;13;1;
202000021382;154 704 582;B01;3;7;0;2;3;15;1;
202000021382;154 704 583;A01;3;33;0;2;2;17;1;
202000021383;154 704 581;A01;2;7;3;0;8;13;1;
202000021384;154 704 580;A01;2;7;0;1;3;16;1;
202000021385;154 704 577;A01;2;34;3;0;8;17;1;
202000021386;154 704 578;B01;1;7;0;2;2;1;0;
202000021386;154 704 579;A01;1;13;0;2;3;9;0;
202000021387;154 704 575;A01;1;7;0;2;1;2;1;
202000021387;154 704 576;B01;1;7;0;2;4;2;1;
202000021388;154 704 573;Z01;2;10;0;2;6;11;0;
202000021388;154 704 574;A01;2;33;0;2;2;3;1;
202000021389;154 704 571;A01;1;10;0;2;4;2;1;
202000021389;154 704 572;B01;1;7;0;2;1;2;1;
202000021390;154 704 567;A01;2;7;3;2;2;1;1;
202000021390;154 704 569;B01;2;17;0;2;3;11;1;
202000021391;154 704 568;B01;1;7;0;2;4;2;1;
202000021391;154 704 570;A01;1;7;0;2;1;2;1;
202000021392;154 704 563;B01;1;17;0;2;4;2;1;
202000021392;154 704 564;A01;1;10;0;2;1;2;1;
202000021393;154 704 565;B01;2;33;0;2;2;1;1;
202000021393;154 704 566;A01;1;7;0;0;5;15;1;
202000021394;154 704 561;A01;3;0;0;1;2;14;0;
202000021395;154 704 559;B01;3;7;0;2;4;24;1;
202000021395;154 704 560;A01;3;7;1;0;0;24;1;
202000021396;154 704 557;B01;2;7;0;2;0;0;1;
202000021396;154 704 558;A01;1;7;0;2;0;0;1;
202000021397;154 704 555;A01;1;2;0;2;1;17;1;
202000021397;154 704 556;B01;1;7;0;0;0;0;1;
202000021398;154 704 553;A01;1;7;1;0;1;14;1;
202000021398;154 704 554;D01;1;7;1;0;9;0;1;
202000021399;154 704 551;A01;2;7;0;2;1;1;1;
202000021399;154 704 552;B01;2;7;0;2;1;1;1;
202000021400;154 704 549;A01;1;7;0;9;2;15;1;
202000021400;154 704 550;B01;1;50;0;2;1;19;3;
202000021401;154 704 547;A01;2;7;0;2;3;13;1;
202000021401;154 704 548;B01;1;7;0;2;3;1;1;
202000021402;154 704 546;A01;3;32;0;0;1;0;1;
202000021403;154 704 545;A01;2;30;9;0;2;15;1;
202000021404;154 704 544;A01;1;7;0;1;1;1;1;
202000021405;154 704 542;B01;2;10;0;2;2;1;1;
202000021405;154 704 543;A01;2;32;0;2;1;1;1;
202000021406;154 704 540;A01;1;7;0;2;2;9;1;
202000021406;154 704 541;B01;1;31;0;2;4;9;1;
202000021407;154 704 537;C01;2;10;0;2;4;2;1;
202000021407;154 704 538;A01;2;10;0;2;1;2;1;
202000021407;154 704 539;B01;2;10;0;2;4;2;1;
202000021408;154 704 535;A01;0;7;0;2;5;11;1;
202000021408;154 704 536;B01;0;31;0;2;1;1;1;
202000021409;154 704 532;A01;3;1;0;2;1;1;5;
202000021409;154 704 533;B01;0;1;0;2;1;1;5;
202000021409;154 704 534;C01;3;1;0;2;0;1;5;
202000021410;154 704 530;B01;3;7;0;2;8;1;1;
202000021410;154 704 531;A01;3;7;13;2;3;1;1;
202000021411;154 704 529;A01;1;7;8;0;9;1;1;
202000021412;154 704 527;A01;1;33;1;2;2;17;1;
202000021412;154 704 528;B01;2;7;0;2;3;15;1;
202000021413;154 704 525;A01;1;1;0;2;1;5;5;
202000021413;154 704 526;B01;1;2;0;2;1;1;0;
202000021414;154 704 524;Z01;3;7;0;1;0;2;0;
202000021415;154 704 523;A01;1;33;0;9;1;21;1;
202000021416;154 704 522;A01;1;30;0;1;3;17;1;
202000021417;154 704 520;B01;1;7;0;0;0;0;1;
202000021417;154 704 521;A01;1;7;0;2;1;19;1;
202000021418;154 704 518;B01;2;7;0;2;1;21;1;
202000021418;154 704 519;A01;1;30;0;2;7;19;1;
202000021419;154 704 517;A01;3;7;13;0;9;1;1;