num_acc;id_vehicule;num_veh;senc;catv;obs;obsm;choc;manv;motor;occutc
202000021420;154 704 516;A01;1;7;11;0;1;13;1;
202000021421;154 704 514;B01;0;33;0;2;3;0;1;
202000021421;154 704 515;A01;0;10;0;2;7;12;1;
202000021422;154 704 513;A01;1;30;12;0;3;1;1;
202000021423;154 704 511;A01;2;30;0;2;1;14;1;
202000021423;154 704 512;B01;1;1;0;2;1;1;5;
202000021424;154 704 509;B01;1;30;0;2;4;15;1;
202000021424;154 704 510;A01;1;7;0;2;2;17;0;
202000021425;154 704 507;B01;2;1;0;2;1;1;5;
202000021425;154 704 508;A01;2;7;0;2;7;16;1;
202000021426;154 704 505;B01;3;1;0;0;0;19;5;
202000021426;154 704 506;A01;3;31;0;2;1;1;1;
202000021427;154 704 503;B01;2;7;0;2;4;2;1;
202000021427;154 704 504;A01;2;13;0;2;1;2;1;
202000021428;154 704 501;B01;2;7;0;2;4;23;1;
202000021428;154 704 502;A01;2;7;0;2;1;1;1;
202000021429;154 704 499;A01;1;30;0;2;1;19;0;
202000021429;154 704 500;B01;1;7;0;2;0;9;0;
202000021430;154 704 497;Z01;0;7;0;2;2;0;0;
202000021430;154 704 498;B01;1;7;0;2;3;1;0;
202000021431;154 704 495;B01;2;7;0;2;8;15;1;
202000021431;154 704 496;A01;2;2;0;2;5;17;1;
202000021432;154 704 493;B01;1;7;0;2;1;1;1;
202000021432;154 704 494;A01;2;7;0;2;1;15;1;
202000021433;154 704 492;A01;2;7;0;1;2;4;1;
202000021434;154 704 491;A01;1;7;9;0;2;15;1;
202000021435;154 704 490;A01;2;7;7;0;1;14;1;
202000021436;154 704 487;A01;2;7;0;2;2;1;1;
202000021436;154 704 488;C01;2;7;0;2;5;23;1;
202000021436;154 704 489;B01;2;7;0;2;5;23;1;
202000021437;154 704 485;B01;3;30;0;2;1;1;1;
202000021437;154 704 486;A01;2;7;0;2;1;1;1;
202000021438;154 704 483;B01;2;7;0;2;5;9;1;
202000021438;154 704 484;A01;2;7;0;2;1;1;1;
202000021439;154 704 481;A01;1;33;0;2;0;23;1;
202000021439;154 704 482;B01;1;7;0;2;6;4;1;
202000021440;154 704 479;B01;3;2;0;2;1;0;0;
202000021440;154 704 480;A01;3;7;0;2;2;0;0;
202000021441;154 704 478;A01;1;7;6;0;1;25;1;
202000021442;154 704 477;A01;2;37;0;0;1;26;1;4
202000021443;154 704 475;A01;1;10;0;2;2;2;1;
202000021443;154 704 476;B01;1;10;12;0;4;23;1;
202000021444;154 704 472;C01;2;7;1;2;6;0;1;
202000021444;154 704 473;B01;2;31;1;2;1;21;1;
202000021444;154 704 474;A01;2;7;0;2;2;9;1;
202000021445;154 704 470;B01;1;7;0;2;4;0;1;
202000021445;154 704 471;A01;1;7;0;2;1;0;1;
202000021446;154 704 468;A01;2;7;0;2;3;1;1;
202000021446;154 704 469;B01;1;99;0;2;1;1;3;
202000021447;154 704 466;A01;2;7;0;0;2;26;0;
202000021447;154 704 467;B01;2;7;0;2;1;2;0;
202000021448;154 704 464;A01;2;32;0;2;6;15;1;
202000021448;154 704 465;B01;2;32;0;2;1;1;1;
202000021449;154 704 462;B01;-1;7;0;2;2;15;0;
202000021449;154 704 463;A01;-1;7;14;2;1;1;0;
202000021450;154 704 460;B01;1;1;0;2;7;2;5;
202000021450;154 704 461;A01;1;3;0;2;1;2;1;
202000021451;154 704 458;A01;-1;7;0;0;4;23;1;
202000021451;154 704 459;B01;-1;2;0;2;1;2;1;
202000021452;154 704 456;B01;2;32;0;2;1;1;1;
202000021452;154 704 457;A01;1;7;0;2;3;15;1;
202000021453;154 704 455;A01;1;7;9;0;1;2;1;
202000021454;154 704 453;B01;1;10;0;2;2;1;1;
202000021454;154 704 454;A01;1;2;0;0;4;1;1;
202000021455;154 704 452;A01;2;7;0;1;2;0;1;
202000021456;154 704 450;A01;3;10;0;2;3;15;1;
202000021456;154 704 451;B01;1;2;0;0;4;1;0;
202000021457;154 704 448;A01;2;7;0;2;1;1;1;
202000021457;154 704 449;B01;1;33;0;2;0;1;1;
202000021458;154 704 447;A01;1;33;12;0;1;1;1;
202000021459;154 704 446;A01;2;7;13;0;0;1;1;
202000021460;154 704 445;A01;2;7;13;0;2;2;6;
202000021461;154 704 443;B01;2;7;0;2;3;0;0;
202000021461;154 704 444;A01;1;7;0;2;1;0;0;
202000021462;154 704 442;A01;1;33;2;0;1;1;1;
202000021463;154 704 439;A01;3;36;8;0;1;16;1;
202000021464;154 704 437;B01;1;7;0;2;8;1;1;
202000021464;154 704 438;A01;0;7;0;2;1;19;1;
202000021465;154 704 436;A01;2;7;6;0;1;1;1;
202000021466;154 704 432;B01;1;1;0;2;1;1;6;
202000021466;154 704 433;A01;2;7;0;9;2;1;1;
202000021467;154 704 431;A01;2;1;8;0;2;21;5;
202000021468;154 704 430;A01;1;7;6;0;3;13;1;
202000021469;154 704 429;A01;1;2;3;0;3;19;0;
202000021470;154 704 427;A01;1;10;0;2;1;1;1;
202000021470;154 704 428;B01;1;7;0;2;4;23;1;
202000021471;154 704 425;A01;3;7;11;2;8;19;1;
202000021471;154 704 426;B01;3;10;0;2;1;1;1;
202000021472;154 704 424;A01;2;33;0;0;8;1;1;
202000021473;154 704 423;A01;3;31;17;0;1;1;0;
202000021474;154 704 422;A01;3;1;0;1;1;2;5;
202000021475;154 704 420;A01;1;7;0;2;3;17;1;
202000021475;154 704 421;B01;2;33;0;2;1;1;1;
202000021476;154 704 419;A01;2;7;2;0;2;1;1;
202000021477;154 704 417;A01;2;33;13;0;2;0;1;
202000021478;154 704 416;A01;1;10;1;1;1;13;1;
202000021479;154 704 414;A01;1;2;0;2;1;1;1;
202000021479;154 704 415;B01;1;7;0;2;3;1;1;
202000021480;154 704 411;A01;2;7;0;0;0;19;1;
202000021480;154 704 412;C01;1;7;0;2;1;1;1;
202000021480;154 704 413;B01;2;7;0;2;1;21;1;
202000021481;154 704 409;B01;2;7;1;0;1;1;1;
202000021481;154 704 410;A01;2;7;0;0;4;23;1;
202000021482;154 704 407;B01;2;33;0;2;1;1;1;
202000021482;154 704 408;A01;1;7;0;2;5;15;1;
202000021483;154 704 402;A01;3;2;0;0;7;1;1;
202000021484;154 704 400;A01;3;7;0;2;2;1;1;
202000021484;154 704 401;B01;3;1;0;2;6;16;0;
202000021485;154 704 399;A01;2;2;14;0;1;1;0;
202000021486;154 704 398;A01;1;7;13;0;1;1;0;
202000021487;154 704 397;A01;2;7;13;0;1;17;0;
202000021488;154 704 395;B01;1;10;0;0;2;12;1;
202000021488;154 704 396;A01;1;7;0;0;8;11;1;
202000021489;154 704 393;B01;1;7;0;2;8;1;1;
202000021489;154 704 394;A01;1;7;0;2;7;14;1;
202000021490;154 704 391;B01;1;33;0;2;1;1;1;
202000021490;154 704 392;A01;2;10;0;2;7;15;1;
202000021491;154 704 389;A01;2;7;0;2;2;13;1;
202000021491;154 704 390;B01;2;15;0;0;6;1;1;
202000021492;154 704 387;A01;1;7;0;2;7;26;1;
202000021492;154 704 388;B01;1;33;0;2;8;18;1;
202000021493;154 704 386;A01;1;10;16;0;2;14;1;
202000021494;154 704 385;A01;3;7;0;1;7;1;1;
202000021495;154 704 384;A01;1;7;1;0;9;13;1;
202000021496;154 704 382;B01;0;35;0;2;3;26;1;
202000021496;154 704 383;A01;3;7;0;2;6;26;1;
202000021497;154 704 380;A01;2;7;0;2;1;1;1;
202000021497;154 704 381;B01;1;7;0;2;2;15;1;
202000021498;154 704 379;A01;2;7;2;0;3;21;1;
202000021499;154 704 377;B01;2;7;0;2;3;15;1;
202000021499;154 704 378;A01;2;33;0;2;1;17;1;
202000021500;154 704 376;A01;1;7;6;0;3;6;1;
202000021501;154 704 374;B01;0;7;0;0;3;1;1;
202000021501;154 704 375;A01;3;1;0;2;1;1;5;
202000021502;154 704 373;A01;2;33;15;0;5;1;1;
202000021503;154 704 372;A01;1;7;8;0;2;1;1;
202000021504;154 704 370;A01;3;7;0;2;3;15;0;
202000021504;154 704 371;B01;0;33;0;2;8;1;6;
202000021505;154 704 367;A01;3;7;0;1;3;1;1;
202000021506;154 704 366;A01;2;7;13;0;1;1;0;
202000021507;154 704 362;B01;1;7;0;2;6;9;1;
202000021507;154 704 365;A01;2;33;0;2;1;1;1;
202000021508;154 704 361;C01;2;7;0;2;3;5;1;
202000021508;154 704 363;B01;1;7;0;2;4;2;1;
202000021508;154 704 364;A01;1;30;0;2;1;2;1;
202000021509;154 704 358;B01;3;7;0;0;4;1;1;
202000021509;154 704 360;A01;0;7;0;2;1;12;1;
202000021510;154 704 357;A01;2;33;0;2;1;1;1;
202000021510;154 704 359;B01;1;7;0;2;8;26;1;
202000021511;154 704 356;A01;2;10;0;1;1;15;1;
202000021512;154 704 354;A01;1;7;0;1;2;16;1;
202000021513;154 704 351;A01;2;32;14;0;8;1;1;
202000021514;154 704 349;A01;2;7;4;0;1;14;1;
202000021515;154 704 350;C01;2;7;12;0;2;1;1;
202000021515;154 704 352;B01;2;7;0;2;5;1;1;
202000021515;154 704 353;A01;2;7;0;2;3;2;1;
202000021516;154 704 348;A01;2;7;4;0;3;13;1;
202000021517;154 704 346;B01;1;7;0;2;0;1;0;
202000021517;154 704 347;A01;1;7;0;2;0;1;0;
202000021518;154 704 345;A01;1;31;0;9;1;1;1;
202000021519;154 704 344;A01;3;7;0;1;1;15;1;
202000021520;154 704 341;A01;2;7;0;2;4;21;1;
202000021520;154 704 342;B01;2;7;0;2;2;2;1;
202000021520;154 704 343;C01;2;7;0;2;1;2;1;
202000021521;154 704 339;A01;3;7;0;2;2;9;1;
202000021521;154 704 340;B01;1;1;0;0;5;1;5;
202000021522;154 704 337;A01;0;1;0;1;1;1;5;
202000021523;154 704 333;A01;1;7;0;2;1;1;1;
202000021523;154 704 334;B01;1;7;0;2;4;1;1;
202000021523;154 704 335;C01;1;7;0;2;4;1;1;
202000021524;154 704 330;B01;0;7;0;2;3;2;1;
202000021524;154 704 332;A01;0;7;0;2;1;2;1;
202000021525;154 704 329;B01;0;1;0;2;1;1;5;
202000021525;154 704 331;A01;0;7;0;2;2;15;1;
202000021526;154 704 327;A01;3;7;0;2;7;15;1;
202000021526;154 704 328;B01;3;7;0;2;2;1;1;
202000021527;154 704 326;A01;1;7;0;1;2;11;1;
202000021528;154 704 325;A01;1;7;0;1;3;1;1;
202000021529;154 704 324;A01;3;7;0;1;3;15;0;
202000021530;154 704 323;A01;2;7;0;1;7;1;1;
202000021531;154 704 322;A01;1;99;0;0;0;26;1;
202000021532;154 704 319;Z01;0;7;0;2;3;17;0;
202000021532;154 704 320;B01;0;2;0;2;6;1;1;
202000021533;154 704 321;A01;2;7;3;0;3;14;1;
202000021534;154 704 317;A01;0;34;0;2;3;1;1;
202000021534;154 704 318;B01;0;7;0;0;0;0;1;
202000021535;154 704 315;B01;2;2;1;2;1;1;1;
202000021535;154 704 316;A01;1;7;1;0;6;19;1;
202000021536;154 704 313;B01;1;0;0;2;0;0;0;
202000021536;154 704 314;A01;2;7;0;2;3;19;1;
202000021537;154 704 310;C01;0;7;0;2;4;2;1;
202000021537;154 704 311;B01;1;7;0;2;4;2;1;
202000021537;154 704 312;A01;1;7;0;2;1;1;1;
202000021538;154 704 308;B01;2;33;0;2;0;0;0;
202000021538;154 704 309;A01;1;7;0;2;2;19;1;
202000021539;154 704 307;A01;1;7;0;1;1;1;1;
202000021540;154 704 304;A01;1;7;0;2;1;9;1;
202000021540;154 704 306;B01;2;2;0;2;1;1;1;
202000021541;154 704 303;Z01;2;7;0;2;1;2;1;
202000021541;154 704 305;B01;2;7;0;2;4;23;1;
202000021542;154 704 301;B01;2;7;0;2;6;2;1;
202000021542;154 704 302;A01;2;7;0;2;3;2;1;
202000021543;154 704 298;A01;1;30;0;2;3;19;1;
202000021543;154 704 300;B01;1;7;0;2;2;1;1;
202000021544;154 704 297;A01;1;7;0;2;7;15;1;
202000021544;154 704 299;B01;3;7;0;2;1;2;1;
202000021545;154 704 296;A01;3;7;2;0;1;20;1;
202000021546;154 704 292;A01;1;10;0;2;1;1;1;
202000021546;154 704 295;SB01;2;30;0;2;8;1;1;
202000021547;154 704 291;C01;2;10;0;2;4;15;1;
202000021547;154 704 293;A01;2;10;14;2;1;1;1;
202000021547;154 704 294;B01;2;7;14;2;9;15;1;
202000021548;154 704 290;A01;1;33;3;0;2;1;1;
202000021549;154 704 287;B01;2;2;0;2;2;17;0;
202000021549;154 704 289;A01;1;7;0;2;8;15;0;
202000021550;154 704 284;A01;2;31;0;2;1;5;1;
202000021550;154 704 285;B01;1;7;0;2;3;2;1;
202000021551;154 704 286;A01;2;7;1;0;1;19;1;
202000021551;154 704 288;B01;1;34;1;0;1;26;1;
202000021552;154 704 283;A01;3;7;0;1;2;1;1;
202000021553;154 704 281;A01;1;7;0;2;1;26;1;
202000021553;154 704 282;B01;1;7;0;2;4;2;1;
202000021554;154 704 278;B01;1;2;0;2;3;1;1;
202000021554;154 704 279;Z01;2;10;0;2;2;15;1;
202000021555;154 704 277;A01;1;17;0;2;1;13;1;
202000021555;154 704 280;B01;2;7;0;2;1;1;1;
202000021556;154 704 274;B01;2;7;0;2;1;19;1;
202000021556;154 704 275;C01;2;10;0;2;1;23;1;
202000021556;154 704 276;A01;1;7;12;0;1;19;1;
202000021557;154 704 273;A01;3;1;0;0;1;19;5;
202000021558;154 704 269;B01;3;1;0;2;8;1;5;
202000021558;154 704 271;A01;2;7;0;2;2;16;2;
202000021559;154 704 268;A01;1;33;0;2;7;1;1;
202000021559;154 704 270;B01;1;10;0;0;0;1;1;
202000021559;154 704 272;C01;1;31;0;2;1;1;1;
202000021560;154 704 267;A01;1;7;1;1;1;2;1;
202000021561;154 704 266;A01;1;7;6;0;1;26;1;
202000021562;154 704 263;A01;1;32;15;0;1;26;1;
202000021563;154 704 262;A01;2;7;0;2;1;2;1;
202000021563;154 704 264;B01;2;10;0;2;4;23;1;
202000021563;154 704 265;C01;2;7;0;2;4;2;1;
202000021564;154 704 260;A01;2;33;0;2;1;2;1;
202000021564;154 704 261;B01;2;7;0;2;4;2;1;
202000021565;154 704 259;A01;1;30;0;0;8;26;1;
202000021566;154 704 258;A01;2;7;0;1;2;15;1;
202000021567;154 704 257;A01;1;7;0;1;1;15;1;
202000021568;154 704 256;A01;1;34;14;0;2;13;3;
202000021569;154 704 254;A01;1;33;0;1;1;18;1;
202000021570;154 704 253;B01;1;33;0;2;1;1;0;
202000021570;154 704 255;A01;2;7;0;2;3;15;1;
202000021571;154 704 252;A01;2;30;12;0;1;9;1;
202000021572;154 704 251;A01;1;32;0;1;1;1;1;
202000021573;154 704 250;A01;1;32;0;0;0;26;1;
202000021574;154 704 249;A01;2;10;0;1;5;4;1;
202000021575;154 704 247;A01;3;7;0;2;2;19;1;
202000021575;154 704 248;B01;3;34;0;2;8;1;1;
202000021576;154 704 243;B01;2;2;0;2;1;5;1;
202000021576;154 704 245;A01;2;7;0;2;6;15;1;
202000021577;154 704 244;A01;1;10;0;2;3;22;1;
202000021577;154 704 246;B01;1;1;0;2;1;1;5;
202000021578;154 704 239;A01;1;33;0;2;1;2;1;
202000021578;154 704 241;B01;1;33;0;2;4;23;3;
202000021578;154 704 242;C01;1;7;0;2;6;23;1;
202000021579;154 704 240;A01;1;7;0;1;4;4;0;
202000021580;154 704 237;A01;0;99;14;0;0;26;0;
202000021581;154 704 238;A01;1;10;0;1;1;15;1;
202000021582;154 704 233;B01;2;7;0;2;5;23;1;
202000021582;154 704 235;A01;2;30;0;2;1;3;1;
202000021582;154 704 236;C01;2;7;0;2;2;23;1;
202000021583;154 704 232;A01;1;32;0;2;2;13;1;
202000021583;154 704 234;B01;1;7;0;2;6;1;1;
202000021584;154 704 231;A01;2;33;0;1;2;17;1;
202000021585;154 704 229;B01;3;2;0;2;1;2;1;
202000021585;154 704 230;A01;3;10;0;2;4;26;1;
202000021586;154 704 225;B01;1;33;0;2;3;15;1;
202000021586;154 704 226;A01;1;33;0;2;1;7;1;
202000021587;154 704 227;B01;2;33;0;2;4;23;1;
202000021587;154 704 228;A01;2;7;0;2;1;2;1;
202000021588;154 704 222;A01;2;7;0;1;1;17;1;
202000021589;154 704 220;D01;1;7;4;2;5;2;1;
202000021589;154 704 221;C01;1;7;4;2;6;2;1;
202000021589;154 704 223;B01;1;7;0;2;3;2;1;
202000021589;154 704 224;A01;1;7;0;2;1;2;1;
202000021590;154 704 217;B01;2;33;0;2;2;1;3;
202000021590;154 704 219;A01;1;7;0;2;1;15;1;
202000021591;154 704 216;Z01;0;99;0;0;0;0;0;
202000021591;154 704 218;A01;0;30;0;9;0;0;1;
202000021592;154 704 214;B01;1;7;0;2;1;2;1;
202000021592;154 704 215;A01;0;7;0;2;4;2;1;
202000021593;154 704 213;A01;3;7;12;1;1;1;1;
202000021594;154 704 211;A01;1;7;0;1;2;1;1;
202000021595;154 704 210;B01;0;7;0;0;6;1;1;
202000021595;154 704 212;A01;1;7;0;0;2;9;1;
202000021596;154 704 205;C01;2;99;0;2;3;1;1;
202000021596;154 704 207;B01;1;7;13;2;2;2;1;
202000021596;154 704 209;A01;1;7;0;0;6;23;1;
202000021597;154 704 206;B01;0;2;0;2;2;1;1;
202000021597;154 704 208;A01;0;7;0;2;3;9;1;
202000021598;154 704 204;A01;1;33;8;0;2;1;1;
202000021599;154 704 199;A01;3;7;0;2;3;26;1;
202000021599;154 704 201;B01;3;32;0;1;4;2;1;
202000021599;154 704 203;C01;3;7;0;2;6;0;1;
202000021600;154 704 200;A01;2;7;0;2;3;15;0;
202000021600;154 704 202;B01;1;33;0;2;1;1;1;
202000021601;154 704 197;B01;1;7;0;2;1;5;1;
202000021601;154 704 198;A01;2;50;0;2;1;26;3;
202000021602;154 704 196;A01;1;17;0;1;1;2;1;
202000021603;154 704 194;A01;1;7;0;2;3;26;1;
202000021603;154 704 195;B01;1;30;0;2;4;1;3;
202000021604;154 704 192;B01;3;3;0;2;1;19;1;
202000021604;154 704 193;A01;3;7;0;2;8;26;1;
202000021605;154 704 190;A01;3;10;0;2;3;26;1;
202000021605;154 704 191;B01;3;10;0;2;3;2;1;
202000021606;154 704 189;A01;0;0;0;1;1;0;0;
202000021607;154 704 188;A01;-1;7;0;1;5;10;2;
202000021608;154 704 187;A01;-1;7;0;1;1;15;1;
202000021609;154 704 185;A01;2;34;0;1;2;1;1;
202000021609;154 704 186;Z01;1;7;0;1;1;26;0;
202000021610;154 704 183;A01;-1;30;0;2;8;11;1;
202000021610;154 704 184;B01;-1;7;0;2;7;2;1;
202000021611;154 704 182;A01;1;7;0;1;3;1;1;
202000021612;154 704 180;A01;-1;7;0;2;3;2;1;
202000021612;154 704 181;HB01;-1;30;0;2;1;2;1;
202000021613;154 704 179;A01;1;7;15;0;1;1;1;
202000021614;154 704 177;B01;0;7;0;2;2;9;0;
202000021614;154 704 178;A01;0;7;1;2;1;1;1;
202000021615;154 704 176;A01;1;10;0;1;2;1;1;
202000021616;154 704 174;A01;2;7;0;2;3;10;1;
202000021616;154 704 175;B01;2;43;0;2;0;17;1;
202000021617;154 704 172;A01;2;7;0;2;1;1;1;
202000021617;154 704 173;B01;3;60;0;2;8;19;5;
202000021618;154 704 171;A01;2;34;0;1;3;1;1;
202000021619;154 704 169;A01;1;32;0;2;1;1;0;
202000021619;154 704 170;B01;1;1;0;0;8;15;0;
202000021620;154 704 167;B01;3;50;0;2;7;19;3;
202000021620;154 704 168;A01;3;7;0;9;3;16;1;
202000021621;154 704 165;B01;1;14;0;2;2;12;0;
202000021621;154 704 166;A01;1;7;0;2;3;1;0;
202000021622;154 704 162;A01;2;10;0;2;8;1;0;
202000021622;154 704 163;C01;2;10;0;2;7;1;0;
202000021622;154 704 164;B01;2;10;0;2;4;1;0;
202000021623;154 704 160;B01;1;43;0;2;1;1;1;
202000021623;154 704 161;A01;1;10;0;2;5;12;1;
202000021624;154 704 159;A01;1;1;13;0;2;1;5;
202000021625;154 704 157;A01;2;10;3;0;1;0;1;
202000021626;154 704 156;A01;1;7;13;0;1;1;0;
202000021627;154 704 154;B01;2;7;0;0;1;23;1;
202000021627;154 704 155;A01;2;10;0;2;4;4;1;
202000021628;154 704 153;A01;3;7;0;1;1;1;1;
202000021629;154 704 152;A01;2;31;8;0;1;1;1;
202000021630;154 704 149;A01;3;10;0;2;1;1;1;
202000021630;154 704 150;B01;3;7;0;2;1;1;1;
202000021630;154 704 151;C01;3;7;0;2;4;15;1;
202000021631;154 704 148;A01;2;7;0;1;3;1;1;
202000021632;154 704 146;A01;2;10;1;2;5;1;1;
202000021632;154 704 147;B01;1;7;0;2;3;16;1;
202000021633;154 704 145;A01;1;7;7;0;1;1;1;
202000021634;154 704 143;A01;3;7;0;2;1;1;1;
202000021634;154 704 144;B01;0;36;0;2;1;1;1;
202000021635;154 704 140;A01;3;7;0;2;1;1;1;
202000021635;154 704 141;B01;3;7;0;2;4;1;1;
202000021635;154 704 142;C01;3;7;0;2;4;1;1;
202000021636;154 704 139;A01;1;7;13;0;2;14;1;
202000021637;154 704 137;B01;1;7;0;2;3;1;1;
202000021637;154 704 138;A01;1;7;0;2;1;15;1;
202000021638;154 704 136;A01;-1;10;0;1;1;1;1;
202000021639;154 704 135;A01;2;2;12;0;1;1;1;
202000021640;154 704 134;A01;2;7;2;0;2;14;1;
202000021641;154 704 132;B01;2;7;0;2;2;1;1;
202000021641;154 704 133;A01;1;7;0;2;3;15;1;
202000021642;154 704 130;A01;2;7;0;9;2;1;1;
202000021642;154 704 131;B01;2;1;0;2;5;19;5;
202000021643;154 704 128;A01;1;7;0;2;1;13;1;
202000021643;154 704 129;B01;2;7;0;2;1;1;1;
202000021644;154 704 127;A01;2;21;0;0;0;0;1;
202000021645;154 704 125;A01;2;10;12;2;1;1;1;
202000021645;154 704 126;B01;0;10;0;2;7;19;1;
202000021646;154 704 124;A01;1;2;0;0;2;1;1;
202000021647;154 704 121;C01;1;10;0;2;1;2;1;
202000021647;154 704 122;B01;2;17;0;2;3;2;1;
202000021647;154 704 123;A01;1;7;0;2;0;5;1;
202000021648;154 704 120;A01;2;10;8;0;1;13;1;
202000021649;154 704 119;A01;1;7;0;0;1;1;1;
202000021650;154 704 118;A01;2;7;0;0;0;0;0;
202000021651;154 704 115;A01;2;7;13;0;2;14;1;
202000021652;154 704 113;A01;3;33;0;2;1;16;1;
202000021652;154 704 114;B01;3;7;0;2;3;14;1;
202000021653;154 704 111;B01;2;10;0;2;1;1;1;
202000021653;154 704 112;A01;1;7;0;2;1;13;1;
202000021654;154 704 109;B01;3;7;0;2;3;19;1;
202000021654;154 704 110;A01;3;2;0;2;1;1;1;
202000021655;154 704 108;A01;3;2;13;0;1;15;1;
202000021656;154 704 105;A01;1;7;0;2;3;1;1;
202000021656;154 704 106;B01;2;7;0;2;3;1;1;
202000021657;154 704 104;A01;2;7;0;1;3;1;1;
202000021658;154 704 102;A01;1;7;0;2;3;1;1;
202000021658;154 704 103;B01;2;1;0;2;1;1;5;
202000021659;154 704 101;A01;1;14;13;0;2;1;1;
202000021660;154 704 099;A01;2;7;0;2;3;15;1;
202000021660;154 704 100;B01;1;33;12;2;8;1;1;
202000021661;154 704 096;A01;2;7;0;2;1;2;1;
202000021661;154 704 097;B01;2;10;0;2;4;2;1;
202000021661;154 704 098;C01;2;7;0;0;4;2;1;
202000021662;154 704 093;A01;1;7;13;0;1;1;1;
202000021663;154 704 091;B01;1;10;0;2;1;17;1;
202000021663;154 704 092;A01;2;15;0;2;1;1;1;
202000021664;154 704 090;A01;3;2;0;5;7;1;1;
202000021665;154 704 088;A01;1;2;0;2;1;19;1;
202000021665;154 704 089;B01;1;7;0;2;3;19;1;
202000021666;154 704 086;A01;3;31;0;9;1;5;1;
202000021666;154 704 087;B01;3;1;0;2;1;1;5;
202000021667;154 704 084;A01;3;7;0;2;3;15;1;
202000021667;154 704 085;B01;3;2;0;2;1;1;1;
202000021668;154 704 083;A01;3;7;2;0;1;0;1;
202000021669;154 704 081;A01;2;7;0;2;2;1;1;
202000021669;154 704 082;B01;1;1;0;2;1;9;5;
202000021670;154 704 079;A01;1;10;0;2;1;1;1;
202000021670;154 704 080;B01;1;7;0;2;4;13;1;
202000021671;154 704 077;A01;2;7;0;2;1;13;1;
202000021671;154 704 078;B01;1;10;0;2;3;1;1;
202000021672;154 704 075;A01;1;7;0;2;6;15;1;
202000021672;154 704 076;B01;1;32;0;2;1;17;1;
202000021673;154 704 073;A01;3;7;0;2;1;15;1;
202000021673;154 704 074;B01;3;7;0;2;1;13;2;
202000021674;154 704 072;A01;1;7;2;0;3;14;1;
202000021675;154 704 070;A01;1;15;0;2;3;24;1;
202000021675;154 704 071;B01;1;7;1;0;2;14;1;
202000021676;154 704 069;A01;1;7;3;0;8;13;1;
202000021677;154 704 068;A01;3;7;0;1;4;4;1;
202000021678;154 704 065;C01;0;7;0;2;2;5;1;
202000021678;154 704 066;B01;0;7;0;2;5;1;1;
202000021678;154 704 067;A01;0;7;0;2;3;1;1;
202000021679;154 704 063;A01;1;7;0;2;1;19;1;
202000021679;154 704 064;B01;0;33;0;2;8;21;1;
202000021680;154 704 062;A01;1;7;2;0;1;13;0;
202000021681;154 704 060;B01;3;7;0;2;1;13;1;
202000021681;154 704 061;A01;3;7;0;2;1;1;1;
202000021682;154 704 058;B01;2;7;0;2;3;1;1;
202000021682;154 704 059;A01;2;34;0;2;4;1;1;
202000021683;154 704 056;B01;3;7;0;2;4;2;1;
202000021683;154 704 057;A01;3;33;0;2;1;2;1;
202000021684;154 704 054;B01;2;7;0;2;8;2;1;
202000021684;154 704 055;A01;2;7;0;2;8;2;1;
202000021685;154 704 053;A01;3;7;0;0;7;1;1;
202000021686;154 704 051;A01;2;31;0;2;4;21;1;
202000021686;154 704 052;B01;2;31;0;2;1;21;1;
202000021687;154 704 049;B01;2;7;0;2;4;23;1;
202000021687;154 704 050;A01;2;10;0;2;1;1;1;
202000021688;154 704 048;A01;1;7;4;0;2;12;1;
202000021689;154 704 046;B01;2;7;0;2;4;1;1;
202000021689;154 704 047;A01;2;7;0;2;1;1;1;
202000021690;154 704 040;A01;2;7;0;2;1;2;1;
202000021690;154 704 041;B01;2;7;0;2;4;1;1;
202000021690;154 704 042;C01;2;7;0;2;4;2;1;
202000021690;154 704 043;D01;2;10;0;2;4;2;1;
202000021690;154 704 044;E01;2;7;0;2;4;1;1;
202000021690;154 704 045;F01;2;7;0;2;1;1;1;
202000021691;154 704 037;A01;2;7;0;2;1;2;1;
202000021691;154 704 038;B01;2;7;0;2;4;2;1;
202000021691;154 704 039;C01;2;7;0;2;4;2;1;
202000021692;154 704 035;A01;1;7;0;2;1;1;1;
202000021692;154 704 036;B01;1;7;0;2;4;1;1;
202000021693;154 704 033;A01;1;7;0;2;6;11;1;
202000021693;154 704 034;B01;2;33;0;2;2;3;1;
202000021694;154 704 032;A01;2;7;6;0;1;26;1;
202000021695;154 704 030;A01;1;7;0;2;3;11;1;
202000021695;154 704 031;B01;1;31;0;2;7;3;1;
202000021696;154 704 027;B01;2;10;0;2;2;1;1;
202000021696;154 704 028;C01;2;7;0;2;3;1;1;
202000021696;154 704 029;A01;2;7;0;2;5;14;1;
202000021697;154 704 026;A01;2;7;4;0;7;9;1;
202000021698;154 704 024;B01;1;7;0;2;4;1;1;
202000021698;154 704 025;A01;1;7;0;2;2;12;1;
202000021699;154 704 022;B01;1;7;0;2;3;1;1;
202000021699;154 704 023;A01;1;10;0;2;5;1;1;
202000021700;154 704 021;A01;1;7;3;0;3;13;1;
202000021701;154 704 020;A01;1;10;0;1;1;18;1;
202000021702;154 704 019;A01;2;3;1;0;1;1;3;
202000021703;154 704 016;A01;3;7;0;2;1;23;1;