num_acc;id_vehicule;num_veh;senc;catv;obs;obsm;choc;manv;motor;occutc
202000021703;154 704 017;B01;3;80;0;2;8;19;3;
202000021704;154 704 015;A01;1;7;0;0;0;11;1;
202000021705;154 704 013;A01;3;33;0;2;1;1;1;
202000021705;154 704 014;B01;3;7;0;2;5;1;1;
202000021706;154 704 011;B01;3;7;0;2;5;1;6;
202000021706;154 704 012;A01;3;1;0;2;8;15;6;
202000021707;154 704 010;A01;3;7;0;1;1;1;1;
202000021708;154 704 008;B01;0;7;0;2;3;0;1;
202000021708;154 704 009;A01;0;7;0;2;0;15;1;
202000021709;154 704 006;A01;0;7;0;2;1;15;1;
202000021709;154 704 007;B01;0;80;0;2;8;1;3;
202000021710;154 704 004;A01;1;1;0;2;7;19;5;
202000021710;154 704 005;B01;1;7;0;2;1;1;1;
202000021711;154 704 002;A01;2;7;0;2;3;9;1;
202000021711;154 704 003;B01;2;7;0;2;1;1;1;
202000021712;154 704 001;A01;1;7;8;0;1;1;1;
202000021713;154 703 997;A01;1;7;9;2;1;9;1;
202000021713;154 703 998;B01;1;7;0;2;2;1;2;
202000021713;154 703 999;C01;2;7;0;2;6;0;1;
202000021713;154 704 000;D01;1;7;0;2;4;0;1;
202000021714;154 703 995;A01;1;30;0;0;4;1;0;
202000021714;154 703 996;B01;1;20;0;2;0;0;0;
202000021715;154 703 993;A01;3;7;0;2;1;16;1;
202000021715;154 703 994;B01;3;7;0;2;7;1;1;
202000021716;154 703 992;A01;1;7;0;1;3;16;1;
202000021717;154 703 990;A01;1;7;0;1;1;1;1;
202000021718;154 703 989;A01;1;7;3;0;1;14;1;
202000021719;154 703 988;A01;2;7;3;0;1;1;1;
202000021720;154 703 987;A01;1;32;0;0;0;1;0;
202000021721;154 703 986;A01;3;7;0;1;1;1;1;
202000021722;154 703 984;B01;3;7;0;2;3;1;1;
202000021722;154 703 985;A01;3;7;0;2;1;1;1;
202000021723;154 703 983;A01;1;7;17;0;1;14;1;
202000021724;154 703 982;A01;0;30;0;0;0;26;1;
202000021725;154 703 980;B01;2;33;8;2;1;5;1;
202000021725;154 703 981;A01;2;17;0;2;7;16;1;
202000021726;154 703 979;A01;2;7;2;0;1;14;1;
202000021727;154 703 978;A01;3;7;1;0;1;0;1;
202000021728;154 703 977;A01;2;1;0;0;1;0;5;
202000021729;154 703 974;C01;1;10;0;2;2;1;1;
202000021729;154 703 975;B01;2;7;0;2;3;1;1;
202000021729;154 703 976;A01;2;7;4;2;6;11;1;
202000021730;154 703 973;A01;1;7;8;0;1;14;1;
202000021731;154 703 971;B01;1;7;0;2;5;1;1;
202000021731;154 703 972;A01;1;2;0;2;0;13;1;
202000021732;154 703 970;A01;0;7;0;1;0;0;1;
202000021733;154 703 968;A01;1;7;0;2;1;2;1;
202000021733;154 703 969;B01;1;7;0;2;4;2;1;
202000021734;154 703 966;A01;1;7;0;2;3;15;1;
202000021734;154 703 967;B01;2;7;0;2;2;1;1;
202000021735;154 703 964;A01;1;1;0;2;3;19;5;
202000021735;154 703 965;B01;2;7;0;2;1;1;1;
202000021736;154 703 962;B01;1;33;0;2;3;1;1;
202000021736;154 703 963;A01;1;10;0;2;2;16;1;
202000021737;154 703 960;B01;3;1;0;2;8;1;5;
202000021737;154 703 961;A01;3;7;0;2;1;15;1;
202000021738;154 703 958;B01;2;7;0;2;3;1;1;
202000021738;154 703 959;A01;1;7;0;2;2;15;1;
202000021739;154 703 956;B01;1;7;0;2;3;1;1;
202000021739;154 703 957;A01;3;10;0;2;1;19;1;
202000021740;154 703 955;A01;1;33;0;1;1;1;1;
202000021741;154 703 953;A01;3;10;0;2;1;15;1;
202000021741;154 703 954;B01;3;7;0;2;3;1;1;
202000021742;154 703 952;A01;3;7;0;1;1;21;1;
202000021743;154 703 951;A01;3;7;15;0;8;13;1;
202000021744;154 703 948;B01;3;7;0;2;4;2;1;
202000021744;154 703 949;A01;3;7;0;2;1;2;1;
202000021745;154 703 947;A01;1;7;11;0;2;1;1;
202000021746;154 703 946;A01;3;7;8;0;1;17;1;
202000021747;154 703 945;A01;2;7;13;0;2;1;1;
202000021748;154 703 943;B01;1;43;0;2;1;17;1;
202000021748;154 703 944;A01;2;7;0;2;3;15;1;
202000021749;154 703 941;A01;1;33;0;2;2;2;1;
202000021749;154 703 942;B01;1;99;0;2;6;2;1;
202000021750;154 703 940;A01;2;7;2;0;7;1;1;
202000021751;154 703 938;B01;1;7;0;2;4;2;1;
202000021751;154 703 939;A01;1;13;0;2;1;2;1;
202000021752;154 703 936;A01;2;7;0;2;1;15;0;
202000021752;154 703 937;B01;1;31;0;2;1;21;0;
202000021753;154 703 935;A01;1;7;13;0;0;1;1;
202000021754;154 703 934;A01;3;2;0;0;7;16;1;
202000021755;154 703 933;A01;1;7;6;0;0;1;1;
202000021756;154 703 931;B01;0;7;0;2;3;1;0;
202000021756;154 703 932;A01;0;2;0;2;3;13;0;
202000021757;154 703 930;A01;1;7;13;0;1;14;1;
202000021758;154 703 926;A01;1;7;0;2;2;15;1;
202000021758;154 703 927;B01;2;7;0;2;3;1;1;
202000021759;154 703 924;B01;2;7;0;2;3;2;1;
202000021759;154 703 925;A01;1;7;0;2;3;13;1;
202000021760;154 703 923;A01;3;32;0;0;3;14;1;
202000021761;154 703 922;A01;3;1;6;0;1;1;5;
202000021762;154 703 921;A01;1;31;0;6;8;19;1;
202000021763;154 703 920;A01;1;7;0;0;0;0;1;
202000021764;154 703 918;A01;2;7;0;5;3;0;1;
202000021764;154 703 919;B01;1;99;0;2;7;0;6;
202000021765;154 703 916;A01;1;10;0;0;6;15;1;
202000021765;154 703 917;B01;1;7;0;2;1;1;1;
202000021766;154 703 914;A01;1;38;0;2;3;1;1;1
202000021766;154 703 915;B01;2;10;0;2;1;1;1;
202000021767;154 703 913;A01;1;7;6;0;1;1;1;
202000021768;154 703 911;A01;2;15;0;0;5;23;1;
202000021768;154 703 912;B01;2;2;0;2;1;2;1;
202000021769;154 703 909;A01;2;7;0;2;3;1;0;
202000021769;154 703 910;B01;1;7;0;2;3;1;0;
202000021770;154 703 908;A01;3;7;0;1;2;1;1;
202000021771;154 703 907;A01;1;7;13;0;3;1;1;
202000021772;154 703 906;A01;0;7;0;1;4;4;1;
202000021773;154 703 904;B01;3;7;0;2;7;1;1;
202000021773;154 703 905;A01;1;7;0;2;1;1;1;
202000021774;154 703 902;B01;1;20;0;0;6;1;1;
202000021774;154 703 903;A01;1;33;0;2;1;2;1;
202000021775;154 703 901;A01;1;33;0;0;7;16;1;
202000021776;154 703 900;A01;0;1;0;0;0;1;5;
202000021777;154 703 899;A01;1;7;3;0;1;1;1;
202000021778;154 703 898;A01;2;7;4;0;1;26;1;
202000021779;154 703 896;B01;2;7;0;2;7;1;1;
202000021779;154 703 897;A01;2;7;0;2;8;11;1;
202000021780;154 703 894;B01;2;10;0;2;1;2;1;
202000021780;154 703 895;A01;2;10;0;2;5;2;1;
202000021781;154 703 892;A01;1;33;0;2;1;2;1;
202000021781;154 703 893;B01;1;7;0;2;4;2;1;
202000021782;154 703 888;D01;1;7;0;2;4;1;1;
202000021782;154 703 889;C01;1;7;0;2;4;1;1;
202000021782;154 703 890;B01;1;7;0;2;4;1;1;
202000021782;154 703 891;A01;1;7;0;2;1;1;1;
202000021783;154 703 885;C01;1;7;0;2;4;1;1;
202000021783;154 703 886;A01;1;7;0;2;1;1;1;
202000021783;154 703 887;B01;1;7;0;2;4;1;1;
202000021784;154 703 884;A01;1;7;3;0;1;9;1;
202000021785;154 703 882;A01;2;7;0;2;1;2;1;
202000021785;154 703 883;B01;2;7;0;2;4;2;1;
202000021786;154 703 879;C01;1;33;0;2;4;1;1;
202000021786;154 703 880;A01;2;7;0;2;1;1;1;
202000021786;154 703 881;B01;2;7;4;2;1;1;1;
202000021787;154 703 876;C01;2;7;0;2;1;1;1;
202000021787;154 703 877;B01;2;7;0;2;4;1;1;
202000021787;154 703 878;A01;2;7;0;2;4;1;1;
202000021788;154 703 874;A01;2;7;0;2;3;11;1;
202000021788;154 703 875;B01;2;34;4;2;7;3;1;
202000021789;154 703 873;A01;2;7;0;1;1;1;1;
202000021790;154 703 872;A01;3;7;6;0;7;20;1;
202000021791;154 703 871;A01;1;1;0;1;1;25;5;
202000021792;154 703 869;A01;1;1;0;2;8;15;5;
202000021792;154 703 870;B01;1;33;0;2;7;1;6;
202000021793;154 703 868;A01;2;50;0;0;0;26;3;
202000021794;154 703 866;A01;1;10;0;2;7;15;1;
202000021794;154 703 867;B01;1;2;0;2;1;1;1;
202000021795;154 703 864;B01;3;7;0;2;7;19;1;
202000021795;154 703 865;A01;3;31;0;2;8;0;1;
202000021796;154 703 862;B01;2;7;0;9;4;23;1;
202000021796;154 703 863;A01;1;7;0;2;1;26;1;
202000021797;154 703 860;A01;1;7;0;2;3;0;1;
202000021797;154 703 861;B01;1;7;0;2;3;0;1;
202000021798;154 703 859;A01;3;10;0;1;1;15;1;
202000021799;154 703 858;A01;0;7;0;1;1;1;1;
202000021800;154 703 857;A01;0;7;0;1;1;1;1;
202000021801;154 703 855;B01;0;7;0;2;1;1;1;
202000021801;154 703 856;A01;0;2;0;2;1;13;1;
202000021802;154 703 853;A01;2;7;0;2;3;15;1;
202000021802;154 703 854;B01;1;2;0;2;8;1;1;
202000021803;154 703 851;A01;2;7;0;2;2;1;1;
202000021803;154 703 852;B01;2;31;0;2;5;0;1;
202000021804;154 703 850;A01;2;7;0;1;3;16;1;
202000021805;154 703 849;Z01;3;7;0;1;2;1;0;
202000021806;154 703 846;B01;1;1;0;2;1;1;5;
202000021806;154 703 847;C01;1;7;0;2;2;1;1;
202000021806;154 703 848;A01;1;7;1;2;1;19;1;
202000021807;154 703 844;A01;2;7;0;2;2;15;1;
202000021807;154 703 845;B01;1;2;0;2;0;0;1;
202000021808;154 703 842;A01;3;32;0;2;0;0;1;
202000021808;154 703 843;Z01;3;7;0;0;0;10;1;
202000021809;154 703 840;B01;1;7;0;2;7;16;1;
202000021809;154 703 841;A01;1;32;0;2;1;18;1;
202000021810;154 703 838;A01;0;32;0;2;1;1;1;
202000021810;154 703 839;B01;0;7;0;2;5;15;1;
202000021811;154 703 837;A01;2;7;0;1;3;1;1;
202000021812;154 703 835;A01;1;7;0;2;3;11;1;
202000021812;154 703 836;B01;1;2;0;2;1;1;1;
202000021813;154 703 834;A01;2;80;0;1;1;1;3;
202000021814;154 703 832;A01;2;7;0;2;3;22;1;
202000021814;154 703 833;B01;2;1;0;2;1;1;5;
202000021815;154 703 830;B01;1;30;0;2;2;1;1;
202000021815;154 703 831;A01;1;7;0;2;3;9;1;
202000021816;154 703 829;A01;2;99;0;0;0;16;1;
202000021817;154 703 827;A01;1;7;0;2;1;2;1;
202000021817;154 703 828;B01;1;33;0;2;4;1;1;
202000021818;154 703 826;A01;1;1;14;0;1;14;5;
202000021819;154 703 824;A01;1;32;0;2;1;1;1;
202000021819;154 703 825;B01;1;7;0;2;3;1;1;
202000021820;154 703 822;B01;1;2;0;2;0;0;0;
202000021820;154 703 823;A01;1;3;0;2;2;26;0;
202000021821;154 703 821;A01;1;7;1;0;6;20;3;
202000021822;154 703 820;A01;1;33;0;6;0;21;1;
202000021823;154 703 819;A01;2;10;0;1;1;5;1;
202000021824;154 703 817;A01;1;33;0;2;7;17;1;
202000021824;154 703 818;B01;1;14;0;2;6;15;1;
202000021825;154 703 815;A01;1;15;0;2;2;12;1;
202000021825;154 703 816;B01;1;14;13;0;6;1;1;
202000021826;154 703 813;A01;2;7;4;2;1;2;1;
202000021826;154 703 814;B01;2;17;0;0;4;2;1;
202000021827;154 703 812;A01;3;1;0;1;1;0;5;
202000021828;154 703 810;A01;2;7;6;2;3;16;1;
202000021828;154 703 811;B01;1;14;0;2;2;1;1;
202000021829;154 703 808;A01;2;7;0;1;2;2;1;
202000021829;154 703 809;B01;2;7;0;2;6;2;1;
202000021830;154 703 806;A01;2;7;13;0;2;0;1;
202000021831;154 703 805;A01;3;36;1;0;2;13;1;
202000021832;154 703 803;A01;0;7;0;9;1;19;1;
202000021832;154 703 804;B01;0;1;0;2;7;1;5;
202000021833;154 703 802;A01;2;7;6;0;2;14;1;
202000021834;154 703 801;A01;2;7;6;0;1;13;1;
202000021835;154 703 799;B01;2;31;0;2;1;1;1;
202000021835;154 703 800;A01;1;7;0;0;8;20;1;
202000021836;154 703 798;A01;3;7;2;0;3;1;1;
202000021837;154 703 797;A01;1;10;3;0;9;17;1;
202000021838;154 703 795;A01;1;38;0;2;7;2;1;1
202000021838;154 703 796;B01;1;1;0;2;8;15;6;
202000021839;154 703 793;A01;1;7;0;2;2;15;1;
202000021839;154 703 794;B01;2;7;0;2;1;1;1;
202000021840;154 703 792;A01;1;7;2;0;1;0;1;
202000021841;154 703 790;A01;2;7;0;9;3;9;1;
202000021841;154 703 791;B01;2;1;0;2;2;1;6;
202000021842;154 703 786;B01;1;2;0;2;1;2;1;
202000021842;154 703 787;A01;0;7;0;0;6;1;1;
202000021843;154 703 784;B01;0;7;0;2;1;1;1;
202000021843;154 703 785;A01;0;7;0;2;2;15;1;
202000021844;154 703 782;B01;1;15;0;2;8;1;1;
202000021844;154 703 783;A01;2;7;0;2;3;5;1;
202000021845;154 703 781;A01;2;7;13;0;3;0;1;
202000021846;154 703 780;A01;2;43;7;0;1;1;1;
202000021847;154 703 779;A01;2;33;6;0;1;0;0;
202000021848;154 703 777;A01;3;7;0;2;3;9;1;
202000021848;154 703 778;B01;1;34;0;2;1;1;1;
202000021849;154 703 775;B01;2;33;0;2;2;1;1;
202000021849;154 703 776;A01;1;7;0;2;5;15;1;
202000021850;154 703 773;B01;1;38;0;0;7;15;1;1
202000021850;154 703 774;A01;2;2;0;2;1;1;1;
202000021851;154 703 772;A01;1;7;0;0;1;13;1;
202000021852;154 703 770;A01;1;7;0;2;2;17;1;
202000021852;154 703 771;B01;2;7;0;2;8;1;1;
202000021853;154 703 769;A01;1;7;0;1;1;15;1;
202000021854;154 703 768;A01;2;7;0;1;1;16;1;
202000021855;154 703 766;A01;1;7;0;2;2;12;1;
202000021855;154 703 767;B01;1;7;0;2;6;2;1;
202000021856;154 703 764;A01;1;7;0;2;2;9;1;
202000021856;154 703 765;B01;1;7;0;2;8;1;6;
202000021857;154 703 761;A01;3;33;0;2;1;5;1;
202000021857;154 703 762;B01;3;7;0;2;2;23;1;
202000021857;154 703 763;C01;3;7;0;2;3;23;1;
202000021858;154 703 759;A01;2;10;0;2;2;9;1;
202000021858;154 703 760;B01;1;2;0;2;1;21;1;
202000021859;154 703 758;A01;1;7;0;1;3;1;1;
202000021860;154 703 757;A01;1;32;0;1;1;1;1;
202000021861;154 703 756;A01;3;10;0;1;1;1;1;
202000021862;154 703 755;A01;1;0;0;0;0;26;0;
202000021863;154 703 754;A01;0;7;0;1;7;14;1;
202000021864;154 703 753;A01;1;7;11;1;1;13;1;
202000021865;154 703 751;B01;2;7;0;2;3;1;1;
202000021865;154 703 752;A01;1;7;0;2;2;15;1;
202000021866;154 703 749;B01;3;7;0;2;1;1;1;
202000021866;154 703 750;A01;3;50;0;2;1;5;3;
202000021867;154 703 747;B01;1;1;0;2;8;1;5;
202000021867;154 703 748;A01;1;7;0;2;7;14;1;
202000021868;154 703 745;B01;1;7;0;2;5;16;1;
202000021868;154 703 746;A01;1;7;0;2;3;16;1;
202000021869;154 703 742;C01;1;7;0;2;4;2;1;
202000021869;154 703 743;B01;1;7;0;2;1;2;1;
202000021869;154 703 744;A01;1;7;0;2;0;9;1;
202000021870;154 703 740;B01;1;30;0;2;8;1;1;
202000021870;154 703 741;Z01;1;7;0;2;0;0;1;
202000021871;154 703 738;B01;2;1;1;0;1;1;5;
202000021871;154 703 739;A01;2;10;1;0;8;22;1;
202000021872;154 703 737;A01;1;7;0;1;0;26;1;
202000021873;154 703 735;A01;2;7;0;0;0;0;1;
202000021873;154 703 736;B01;1;7;0;2;0;0;1;
202000021874;154 703 733;A01;1;7;0;2;4;4;1;
202000021874;154 703 734;B01;1;1;0;2;1;1;5;
202000021875;154 703 731;B01;3;1;0;2;0;1;5;
202000021875;154 703 732;A01;3;30;0;2;0;1;1;
202000021876;154 703 729;B01;2;33;0;2;0;1;1;
202000021876;154 703 730;A01;2;7;0;2;8;19;1;
202000021877;154 703 728;A01;2;7;0;1;1;16;1;
202000021878;154 703 726;A01;3;7;0;2;6;16;1;
202000021878;154 703 727;B01;0;33;0;2;1;1;1;
202000021879;154 703 724;A01;0;7;0;2;2;15;1;
202000021879;154 703 725;B01;0;31;0;2;3;0;1;
202000021880;154 703 722;B01;0;1;0;2;4;15;6;
202000021880;154 703 723;A01;0;7;0;2;1;9;6;
202000021881;154 703 720;B01;3;40;0;2;3;1;3;
202000021881;154 703 721;A01;3;7;0;-1;2;1;1;
202000021882;154 703 719;A01;3;33;14;0;1;1;1;
202000021883;154 703 717;B01;2;33;0;2;1;1;1;
202000021883;154 703 718;A01;2;7;0;2;2;1;1;
202000021884;154 703 716;A01;1;7;8;0;0;26;1;
202000021885;154 703 714;B01;0;10;0;2;1;1;1;
202000021885;154 703 715;A01;0;7;0;2;1;1;1;
202000021886;154 703 713;A01;2;7;0;1;1;0;0;
202000021887;154 703 711;B01;1;1;0;0;6;12;5;
202000021887;154 703 712;A01;1;2;0;2;1;1;1;
202000021888;154 703 708;A01;2;7;0;2;1;15;1;
202000021888;154 703 709;C01;2;7;0;2;4;23;1;
202000021888;154 703 710;B01;1;7;0;2;2;1;1;
202000021889;154 703 706;A01;2;7;0;2;2;15;1;
202000021889;154 703 707;B01;2;7;0;2;3;15;1;
202000021890;154 703 705;A01;1;7;0;1;1;15;1;
202000021891;154 703 704;A01;2;7;8;0;2;1;1;
202000021892;154 703 703;A01;2;7;0;1;0;15;6;
202000021893;154 703 702;A01;1;1;0;0;0;1;5;
202000021894;154 703 700;B01;1;2;0;2;1;1;1;
202000021894;154 703 701;A01;2;10;0;2;2;15;1;
202000021895;154 703 698;B01;1;33;0;2;8;21;1;
202000021895;154 703 699;A01;1;7;0;2;2;13;1;
202000021896;154 703 696;A01;1;7;12;2;5;15;1;
202000021896;154 703 697;B01;1;7;2;2;3;1;1;
202000021897;154 703 694;A01;3;7;0;2;1;2;1;
202000021897;154 703 695;B01;1;7;0;2;4;2;1;
202000021898;154 703 692;B01;1;30;0;2;1;17;1;
202000021898;154 703 693;A01;1;10;0;2;3;15;1;
202000021899;154 703 690;A01;1;30;0;2;6;2;1;
202000021899;154 703 691;B01;1;7;0;2;6;2;1;
202000021900;154 703 688;A01;1;15;0;2;7;2;1;
202000021900;154 703 689;B01;1;7;0;2;8;2;1;
202000021901;154 703 686;B01;1;10;0;2;3;15;1;
202000021901;154 703 687;A01;1;43;0;2;2;17;1;
202000021902;154 703 684;B01;2;2;0;2;1;1;0;
202000021902;154 703 685;A01;2;7;0;2;8;20;0;
202000021903;154 703 682;B01;1;7;0;2;1;15;1;
202000021903;154 703 683;A01;2;7;0;2;2;1;1;
202000021904;154 703 680;A01;1;32;0;2;2;16;1;
202000021904;154 703 681;B01;1;1;0;2;8;1;5;
202000021905;154 703 678;B01;1;10;0;2;5;1;1;
202000021905;154 703 679;A01;1;30;0;2;1;11;1;
202000021906;154 703 676;A01;1;30;0;2;1;1;1;
202000021906;154 703 677;B01;1;33;0;0;4;23;1;
202000021907;154 703 674;A01;2;7;0;2;1;18;1;
202000021907;154 703 675;B01;2;2;0;2;4;15;3;
202000021908;154 703 673;A01;1;50;0;0;0;1;3;
202000021909;154 703 671;A01;1;7;0;1;2;1;1;
202000021910;154 703 669;B01;2;10;0;2;8;22;1;
202000021910;154 703 670;A01;2;1;0;2;7;1;5;
202000021911;154 703 667;B01;2;1;0;2;1;1;5;
202000021911;154 703 668;A01;2;10;0;2;7;16;1;
202000021912;154 703 665;B01;1;7;0;2;0;16;1;
202000021912;154 703 666;A01;1;30;0;2;8;18;1;
202000021913;154 703 663;A01;2;1;0;2;5;1;5;
202000021913;154 703 664;B01;1;7;0;2;1;1;1;
202000021914;154 703 660;C01;2;7;0;2;0;1;1;
202000021914;154 703 661;B01;2;7;0;2;0;1;1;
202000021914;154 703 662;A01;2;1;0;2;0;1;5;
202000021915;154 703 658;A01;1;7;1;0;2;9;0;
202000021915;154 703 659;B01;2;1;0;2;1;1;0;
202000021916;154 703 656;B01;2;7;0;0;6;2;1;
202000021916;154 703 657;A01;2;32;0;2;1;2;1;
202000021917;154 703 654;A01;1;7;0;2;2;10;1;
202000021917;154 703 655;B01;2;33;0;2;1;1;1;
202000021918;154 703 652;A01;1;14;0;2;7;15;1;
202000021918;154 703 653;B01;2;31;0;2;1;1;1;
202000021919;154 703 650;B01;1;7;0;2;5;1;1;
202000021919;154 703 651;A01;1;10;0;2;3;9;1;
202000021920;154 703 648;B01;2;32;0;2;2;1;1;
202000021920;154 703 649;A01;2;7;0;2;3;16;1;
202000021921;154 703 647;A01;2;10;0;1;2;17;1;
202000021922;154 703 645;B01;0;7;0;2;1;1;0;
202000021922;154 703 646;A01;3;7;0;2;7;16;0;
202000021923;154 703 644;A01;1;32;0;1;1;21;1;
202000021924;154 703 642;A01;1;7;0;2;1;26;1;
202000021924;154 703 643;B01;1;7;0;1;4;0;1;
202000021925;154 703 640;B01;2;7;0;2;3;9;1;
202000021925;154 703 641;A01;2;32;0;2;3;2;1;
202000021926;154 703 639;A01;-1;7;0;1;3;15;0;
202000021927;154 703 637;B01;2;10;0;2;6;20;1;
202000021927;154 703 638;A01;2;10;0;2;2;2;1;
202000021928;154 703 635;B01;3;7;0;2;5;23;1;
202000021928;154 703 636;A01;3;7;0;2;1;1;1;
202000021929;154 703 633;B01;3;7;0;2;2;1;1;
202000021929;154 703 634;A01;1;32;9;2;1;1;1;
202000021930;154 703 631;B01;2;2;0;2;3;1;1;
202000021930;154 703 632;Z01;2;7;0;2;0;0;1;
202000021931;154 703 629;B01;1;34;0;2;3;1;1;
202000021931;154 703 630;A01;2;7;0;2;3;15;1;
202000021932;154 703 627;B01;2;7;0;2;1;1;1;
202000021932;154 703 628;A01;1;21;0;2;1;1;1;
202000021933;154 703 625;A01;1;7;0;2;1;15;1;
202000021933;154 703 626;B01;1;7;0;2;1;2;1;
202000021934;154 703 624;A01;1;7;2;0;1;1;1;
202000021935;154 703 623;A01;3;2;0;0;7;1;1;
202000021936;154 703 622;A01;2;7;8;0;1;13;1;
202000021937;154 703 620;A01;2;7;0;2;1;1;1;
202000021937;154 703 621;B01;2;7;0;0;5;16;1;
202000021938;154 703 617;A01;1;33;8;0;1;1;1;
202000021939;154 703 615;B01;0;80;0;2;1;1;3;
202000021939;154 703 616;A01;0;7;0;9;3;1;1;
202000021940;154 703 614;A01;3;7;15;0;1;1;1;
202000021941;154 703 613;A01;2;7;13;0;3;1;1;
202000021942;154 703 612;A01;2;7;13;0;9;0;1;
202000021943;154 703 610;B01;3;7;0;0;3;1;1;
202000021943;154 703 611;A01;1;15;0;0;3;1;1;
202000021944;154 703 609;A01;0;2;1;0;0;23;1;
202000021945;154 703 607;A01;3;7;0;2;3;15;1;
202000021945;154 703 608;B01;3;1;0;2;1;5;5;
202000021946;154 703 605;B01;2;1;0;0;4;1;5;
202000021946;154 703 606;A01;2;7;0;9;3;14;1;
202000021947;154 703 603;B01;2;2;0;2;8;26;1;
202000021947;154 703 604;A01;2;7;0;2;1;18;1;
202000021948;154 703 601;A01;3;7;0;2;3;15;1;
202000021948;154 703 602;B01;1;2;0;2;2;1;1;
202000021949;154 703 600;A01;2;33;13;0;0;1;1;
202000021950;154 703 599;A01;1;7;4;0;8;1;1;
202000021951;154 703 598;A01;1;7;3;0;3;1;1;
202000021952;154 703 597;A01;2;7;8;0;9;14;1;
202000021953;154 703 595;A01;1;7;0;2;1;13;1;
202000021953;154 703 596;B01;2;38;0;2;3;1;1;1
202000021954;154 703 592;A01;0;7;0;2;5;19;1;
202000021954;154 703 593;B01;0;34;0;2;5;1;1;
202000021955;154 703 590;A01;0;1;0;0;4;0;5;
202000021955;154 703 591;B01;0;99;0;9;2;2;0;
202000021956;154 703 585;A01;2;7;0;0;9;1;1;
202000021957;154 703 584;A01;3;2;1;0;1;26;1;
202000021958;154 703 582;A01;0;10;0;2;5;20;1;
202000021958;154 703 583;B01;0;1;0;2;1;2;5;
202000021959;154 703 580;A01;3;7;0;0;7;16;1;
202000021959;154 703 581;B01;0;1;0;2;1;1;5;
202000021960;154 703 578;B01;2;7;0;9;6;1;1;
202000021960;154 703 579;A01;1;1;0;2;0;1;5;
202000021961;154 703 577;A01;3;7;0;1;1;15;3;
202000021962;154 703 575;B01;0;7;15;2;1;1;1;
202000021962;154 703 576;A01;3;10;7;0;2;19;1;
202000021963;154 703 574;A01;3;7;8;0;2;1;1;
202000021964;154 703 572;B01;3;7;0;2;1;15;1;
202000021964;154 703 573;A01;3;7;0;2;1;1;1;
202000021965;154 703 570;B01;1;7;0;2;1;1;1;
202000021965;154 703 571;A01;2;7;0;2;1;17;1;
202000021966;154 703 569;A01;2;7;0;1;2;1;0;
202000021967;154 703 567;A01;2;7;0;2;3;13;1;
202000021967;154 703 568;B01;1;7;0;2;3;1;1;
202000021968;154 703 565;B01;1;7;0;2;1;1;1;
202000021968;154 703 566;A01;2;7;0;2;1;15;1;
202000021969;154 703 564;A01;3;7;9;0;8;1;0;
202000021970;154 703 562;B01;2;10;0;2;3;21;0;
202000021970;154 703 563;A01;2;7;0;2;5;15;0;
202000021971;154 703 560;A01;1;7;0;0;1;2;1;
202000021971;154 703 561;B01;1;7;0;0;4;2;1;
202000021972;154 703 557;C01;1;7;0;2;3;2;1;
202000021972;154 703 558;B01;1;7;0;2;1;2;1;
202000021972;154 703 559;A01;1;7;0;0;4;1;1;
202000021973;154 703 555;B01;1;7;0;2;6;1;1;
202000021973;154 703 556;A01;1;7;0;2;2;12;1;
202000021974;154 703 553;A01;2;7;0;2;7;1;1;
202000021974;154 703 554;B01;2;32;0;2;8;3;1;
202000021975;154 703 551;A01;1;10;0;2;1;2;1;
202000021975;154 703 552;B01;1;7;0;2;4;2;1;
202000021976;154 703 550;A01;1;7;5;0;1;13;1;
202000021977;154 703 549;A01;2;7;4;0;3;13;1;
202000021978;154 703 546;C01;1;7;0;2;4;2;1;
202000021978;154 703 547;B01;1;7;0;2;4;2;1;
202000021978;154 703 548;A01;1;7;0;2;1;2;1;
202000021979;154 703 544;A01;2;7;0;2;4;1;1;
202000021979;154 703 545;B01;2;7;0;2;1;1;1;
202000021980;154 703 542;B01;2;7;0;2;4;1;1;
202000021980;154 703 543;A01;2;7;0;2;1;1;1;
202000021981;154 703 538;C01;1;7;0;2;6;2;1;
202000021981;154 703 539;D01;1;7;0;2;4;2;1;
202000021981;154 703 540;B01;1;7;0;2;4;2;1;
202000021981;154 703 541;A01;1;7;0;2;1;2;1;
202000021982;154 703 536;A01;1;33;0;2;8;1;1;
202000021982;154 703 537;B01;1;7;0;2;7;12;1;
202000021983;154 703 534;B01;1;7;0;2;3;2;1;
202000021983;154 703 535;A01;1;7;0;2;1;2;1;
202000021984;154 703 532;B01;2;10;0;2;4;1;1;
202000021984;154 703 533;A01;2;10;0;2;1;2;1;
202000021985;154 703 530;B01;1;7;0;2;4;2;1;
202000021985;154 703 531;A01;1;7;0;2;1;2;1;
202000021986;154 703 527;A01;1;7;0;2;2;2;1;
202000021986;154 703 528;B01;2;10;0;2;1;1;1;
202000021986;154 703 529;C01;1;7;0;2;4;1;1;
202000021987;154 703 524;C01;1;7;0;2;4;2;1;
202000021987;154 703 525;A01;1;32;0;2;1;2;1;
202000021987;154 703 526;B01;1;7;0;2;1;2;1;
202000021988;154 703 522;A01;1;7;0;2;2;14;1;
202000021988;154 703 523;B01;1;7;0;2;6;1;1;