num_acc;id_vehicule;num_veh;senc;catv;obs;obsm;choc;manv;motor;occutc
202000021989;154 703 520;A01;2;7;1;2;3;2;1;
202000021989;154 703 521;B01;2;7;0;2;5;2;1;
202000021990;154 703 517;C01;1;7;0;2;4;2;1;
202000021990;154 703 518;A01;1;7;0;2;1;2;1;
202000021990;154 703 519;B01;1;7;0;2;4;2;1;
202000021991;154 703 515;Z01;1;10;0;2;1;1;1;
202000021991;154 703 516;B01;1;7;0;2;4;1;1;
202000021992;154 703 514;A01;2;7;4;0;1;14;1;
202000021993;154 703 512;B01;2;7;0;2;4;2;1;
202000021993;154 703 513;A01;2;7;0;2;1;2;1;
202000021994;154 703 511;A01;2;33;0;0;9;1;1;
202000021995;154 703 509;B01;2;31;0;2;8;3;1;
202000021995;154 703 510;A01;2;7;0;2;7;12;1;
202000021996;154 703 507;A01;2;33;0;2;3;3;1;
202000021996;154 703 508;B01;2;7;0;2;5;1;1;
202000021997;154 703 506;A01;1;7;0;1;3;2;1;
202000021998;154 703 505;A01;0;7;0;1;1;1;0;
202000021999;154 703 504;A01;1;7;0;1;1;15;1;
202000022000;154 703 502;B01;1;7;0;2;8;26;1;
202000022000;154 703 503;A01;1;2;0;2;1;26;1;
202000022001;154 703 499;D01;0;7;0;2;3;0;1;
202000022001;154 703 500;B01;3;7;0;2;3;1;1;
202000022001;154 703 501;A01;3;7;12;2;1;1;1;
202000022002;154 703 497;B01;1;2;0;2;1;1;1;
202000022002;154 703 498;A01;1;7;0;2;3;15;1;
202000022003;154 703 495;B01;2;32;0;2;1;1;1;
202000022003;154 703 496;A01;1;7;0;2;3;15;1;
202000022004;154 703 494;A01;2;7;1;0;3;13;1;
202000022005;154 703 492;A01;1;10;0;9;8;1;1;
202000022005;154 703 493;B01;1;50;0;2;1;19;3;
202000022006;154 703 490;A01;1;7;0;2;5;15;1;
202000022006;154 703 491;B01;2;34;0;2;1;1;6;
202000022007;154 703 486;A01;2;7;0;2;1;2;1;
202000022007;154 703 487;B01;2;7;0;2;5;1;1;
202000022007;154 703 488;C01;2;10;0;2;1;2;1;
202000022007;154 703 489;D01;2;7;0;2;0;0;1;
202000022008;154 703 484;A01;2;7;0;2;7;16;1;
202000022008;154 703 485;B01;2;0;0;2;0;0;0;
202000022009;154 703 481;C01;2;7;0;2;8;24;1;
202000022009;154 703 482;B01;1;7;0;2;4;1;1;
202000022009;154 703 483;A01;1;7;0;2;1;2;1;
202000022010;154 703 480;A01;1;31;0;1;1;1;1;
202000022011;154 703 478;A01;2;31;0;0;2;1;1;
202000022011;154 703 479;B01;1;10;0;0;0;0;1;
202000022012;154 703 476;B01;0;3;0;2;4;2;3;
202000022012;154 703 477;A01;1;7;0;2;2;2;1;
202000022013;154 703 474;B01;3;33;0;2;7;1;1;
202000022013;154 703 475;A01;3;7;0;2;8;1;1;
202000022014;154 703 472;B01;1;7;0;2;5;1;1;
202000022014;154 703 473;A01;1;7;0;2;3;1;1;
202000022015;154 703 471;A01;3;10;0;1;4;20;1;
202000022016;154 703 468;A01;2;7;0;1;1;19;1;
202000022017;154 703 465;A01;3;7;0;2;2;15;1;
202000022017;154 703 466;B01;3;7;0;2;3;1;1;
202000022018;154 703 462;C01;2;13;0;2;1;1;0;
202000022018;154 703 463;B01;2;7;0;2;1;1;0;
202000022018;154 703 464;A01;2;7;0;2;1;1;0;
202000022019;154 703 460;B01;2;7;0;2;4;2;1;
202000022019;154 703 461;A01;2;14;0;2;1;2;1;
202000022020;154 703 459;A01;1;80;0;0;1;14;3;
202000022021;154 703 457;B01;2;7;0;2;3;26;1;
202000022021;154 703 458;A01;1;7;0;2;3;13;1;
202000022022;154 703 455;A01;1;2;0;2;2;2;1;
202000022022;154 703 456;B01;1;7;0;2;6;1;1;
202000022023;154 703 453;A01;0;7;0;2;2;1;1;
202000022023;154 703 454;B01;0;7;0;2;3;15;1;
202000022024;154 703 452;A01;0;7;0;1;1;1;1;
202000022025;154 703 450;A01;0;7;0;2;1;13;1;
202000022025;154 703 451;B01;0;7;0;2;3;1;1;
202000022026;154 703 449;A01;1;7;0;1;2;26;1;
202000022027;154 703 447;B01;1;33;9;0;1;1;1;
202000022027;154 703 448;A01;2;7;9;2;3;15;1;
202000022028;154 703 446;A01;3;37;0;1;7;1;1;1
202000022029;154 703 445;A01;1;7;0;1;1;17;1;
202000022030;154 703 444;A01;3;30;0;0;0;0;1;
202000022031;154 703 443;A01;1;7;0;1;2;1;1;
202000022032;154 703 441;A01;3;7;0;2;3;1;1;
202000022032;154 703 442;B01;3;7;0;2;0;0;1;
202000022033;154 703 439;A01;1;10;0;2;3;9;1;
202000022033;154 703 440;B01;1;36;1;2;7;2;1;
202000022034;154 703 437;A01;1;7;0;2;3;15;1;
202000022034;154 703 438;B01;2;34;0;2;3;1;1;
202000022035;154 703 435;A01;0;7;0;2;1;9;1;
202000022035;154 703 436;B01;0;7;0;2;7;1;1;
202000022036;154 703 433;A01;2;7;0;2;2;15;1;
202000022036;154 703 434;B01;1;7;0;2;3;1;1;
202000022037;154 703 431;A01;1;1;0;2;1;1;5;
202000022037;154 703 432;B01;2;7;0;2;3;1;1;
202000022038;154 703 429;A01;2;30;0;2;1;19;1;
202000022038;154 703 430;B01;2;7;0;2;8;1;1;
202000022039;154 703 428;A01;3;33;0;0;7;1;1;
202000022040;154 703 426;B01;1;33;0;2;3;1;1;
202000022040;154 703 427;A01;1;7;0;2;6;11;1;
202000022041;154 703 424;B01;2;7;0;2;1;1;0;
202000022041;154 703 425;A01;1;7;15;2;7;15;1;
202000022042;154 703 423;A01;1;7;0;1;2;1;1;
202000022043;154 703 421;B01;1;1;0;2;1;19;0;
202000022043;154 703 422;A01;1;7;0;2;3;16;1;
202000022044;154 703 419;A01;2;7;0;2;2;1;1;
202000022044;154 703 420;B01;2;1;0;2;8;9;5;
202000022045;154 703 417;B01;1;1;0;2;8;15;5;
202000022045;154 703 418;A01;1;7;0;2;7;17;1;
202000022046;154 703 416;Z01;1;7;0;1;4;4;1;
202000022047;154 703 414;B01;1;7;0;2;4;2;1;
202000022047;154 703 415;A01;1;7;0;2;1;2;1;
202000022048;154 703 413;A01;1;7;0;1;1;20;1;
202000022049;154 703 411;A01;1;7;0;2;8;15;1;
202000022049;154 703 412;B01;2;2;0;2;1;1;1;
202000022050;154 703 410;A01;3;7;7;0;2;26;1;
202000022051;154 703 409;A01;3;7;0;1;3;1;1;
202000022052;154 703 408;A01;3;7;0;1;3;1;1;
202000022053;154 703 406;B01;1;7;0;2;1;1;1;
202000022053;154 703 407;A01;1;7;0;2;1;1;1;
202000022054;154 703 404;A01;1;7;0;2;0;0;1;
202000022054;154 703 405;B01;1;7;0;2;0;0;1;
202000022055;154 703 402;B01;0;7;0;2;0;0;1;
202000022055;154 703 403;A01;1;1;0;2;0;1;5;
202000022056;154 703 401;A01;1;30;0;0;0;1;1;
202000022057;154 703 399;A01;1;7;0;2;6;13;1;
202000022057;154 703 400;B01;2;7;0;2;1;1;1;
202000022058;154 703 396;A01;1;7;0;1;1;1;1;
202000022059;154 703 394;B01;2;7;0;2;0;0;1;
202000022059;154 703 395;A01;2;7;0;2;3;26;6;
202000022060;154 703 392;B01;3;1;0;9;1;0;5;
202000022060;154 703 393;A01;3;1;0;9;1;17;5;
202000022061;154 703 390;A01;1;31;0;2;3;7;1;
202000022061;154 703 391;B01;1;7;0;2;2;16;1;
202000022062;154 703 388;B01;3;7;0;2;8;1;1;
202000022062;154 703 389;A01;3;15;0;2;2;12;1;
202000022063;154 703 386;A01;3;33;0;2;0;17;1;
202000022063;154 703 387;B01;3;7;0;2;1;1;1;
202000022064;154 703 384;B01;1;31;0;2;1;1;1;
202000022064;154 703 385;A01;2;7;0;2;2;1;1;
202000022065;154 703 382;A01;3;7;0;2;1;2;1;
202000022065;154 703 383;B01;3;7;0;2;4;2;1;
202000022066;154 703 381;A01;1;7;1;0;2;1;1;
202000022067;154 703 380;A01;1;7;0;1;1;1;1;
202000022068;154 703 378;B01;1;7;0;0;0;0;0;
202000022068;154 703 379;A01;1;7;0;2;3;1;0;
202000022069;154 703 377;A01;2;7;0;1;1;26;1;
202000022070;154 703 375;B01;0;34;0;2;1;1;1;
202000022070;154 703 376;A01;0;31;0;2;4;16;1;
202000022071;154 703 373;B01;0;1;0;2;8;19;5;
202000022071;154 703 374;A01;1;7;0;2;2;1;1;
202000022072;154 703 371;A01;2;7;0;2;7;14;1;
202000022072;154 703 372;B01;2;32;0;2;1;1;1;
202000022073;154 703 370;A01;0;10;0;1;3;1;1;
202000022074;154 703 368;A01;3;7;0;9;2;1;1;
202000022074;154 703 369;B01;3;1;0;2;1;0;5;
202000022075;154 703 366;A01;1;7;0;2;3;22;1;
202000022075;154 703 367;B01;1;1;0;2;3;1;5;
202000022076;154 703 364;A01;0;7;0;2;7;19;1;
202000022076;154 703 365;B01;2;1;0;2;1;1;5;
202000022077;154 703 363;A01;2;33;0;9;3;1;1;
202000022078;154 703 360;A01;0;10;0;1;1;1;1;
202000022078;154 703 361;C01;2;7;0;1;3;1;1;
202000022078;154 703 362;B01;2;7;0;1;8;1;1;
202000022079;154 703 358;A01;1;7;0;2;1;13;2;
202000022079;154 703 359;B01;2;7;0;2;2;1;1;
202000022080;154 703 356;A01;1;7;0;2;2;17;1;
202000022080;154 703 357;B01;1;14;0;2;6;0;1;
202000022081;154 703 354;A01;1;7;0;2;1;1;1;
202000022081;154 703 355;B01;1;7;0;2;4;1;1;
202000022082;154 703 353;A01;3;7;12;0;2;13;1;
202000022083;154 703 351;A01;2;7;0;2;1;1;1;
202000022083;154 703 352;B01;1;33;0;2;7;1;1;
202000022084;154 703 349;B01;2;7;0;2;1;0;1;
202000022084;154 703 350;A01;2;7;0;2;3;0;1;
202000022085;154 703 346;A01;1;33;0;2;7;15;1;
202000022085;154 703 347;B01;2;7;0;2;1;1;1;
202000022086;154 703 344;B01;2;50;0;2;2;19;3;
202000022086;154 703 345;A01;2;7;0;2;3;2;0;
202000022087;154 703 342;A01;3;10;0;2;3;9;3;
202000022087;154 703 343;B01;1;31;0;2;8;1;1;
202000022088;154 703 340;A01;3;7;1;2;3;15;1;
202000022088;154 703 341;B01;3;1;1;0;2;1;5;
202000022089;154 703 338;A01;3;7;0;2;1;9;1;
202000022089;154 703 339;B01;1;2;0;2;7;1;1;
202000022090;154 703 337;A01;1;7;0;1;4;4;1;
202000022091;154 703 335;A01;1;10;0;2;3;15;1;
202000022091;154 703 336;B01;1;10;0;2;1;1;1;
202000022092;154 703 334;A01;1;7;0;1;0;15;1;
202000022093;154 703 333;A01;2;7;0;1;1;1;0;
202000022094;154 703 331;A01;1;7;0;2;1;9;1;
202000022094;154 703 332;B01;1;32;0;1;4;2;1;
202000022095;154 703 329;A01;0;1;0;2;1;19;0;
202000022095;154 703 330;B01;3;7;0;2;7;1;1;
202000022096;154 703 327;A01;2;7;0;2;3;16;1;
202000022096;154 703 328;B01;3;1;0;2;5;1;5;
202000022097;154 703 325;A01;1;1;0;2;8;11;5;
202000022097;154 703 326;B01;1;7;0;2;1;1;1;
202000022098;154 703 323;B01;1;2;0;2;6;2;1;
202000022098;154 703 324;A01;1;2;0;2;2;17;1;
202000022099;154 703 322;A01;1;30;0;1;1;18;1;
202000022100;154 703 320;B01;1;10;0;2;4;2;3;
202000022100;154 703 321;A01;1;33;0;2;1;1;1;
202000022101;154 703 318;A01;2;7;0;2;5;22;1;
202000022101;154 703 319;B01;2;1;0;2;1;18;5;
202000022102;154 703 316;B01;1;1;0;2;0;1;5;
202000022102;154 703 317;A01;1;1;0;2;0;1;5;
202000022103;154 703 314;B01;2;32;0;2;2;17;1;
202000022103;154 703 315;A01;2;7;0;2;3;15;1;
202000022104;154 703 312;B01;1;50;0;2;5;23;3;
202000022104;154 703 313;A01;1;10;0;2;8;1;1;
202000022105;154 703 310;B01;1;7;0;2;3;15;1;
202000022105;154 703 311;A01;2;30;0;2;2;17;1;
202000022106;154 703 308;A01;2;10;0;2;2;16;1;
202000022106;154 703 309;B01;1;1;0;2;3;1;5;
202000022107;154 703 306;A01;1;10;0;2;1;1;1;
202000022107;154 703 307;B01;1;7;0;2;4;23;1;
202000022108;154 703 302;A01;2;7;0;2;1;15;1;
202000022108;154 703 303;B01;1;32;0;2;0;1;1;
202000022109;154 703 300;B01;2;7;0;2;7;1;1;
202000022109;154 703 301;A01;2;1;0;2;1;19;5;
202000022110;154 703 299;A01;1;32;0;1;1;1;1;
202000022111;154 703 297;A01;2;7;0;2;5;22;1;
202000022111;154 703 298;B01;2;1;0;2;3;18;5;
202000022112;154 703 296;A01;3;7;7;0;3;15;2;
202000022113;154 703 295;Z01;1;7;0;1;2;16;0;
202000022114;154 703 293;B01;1;30;0;2;7;1;3;
202000022114;154 703 294;A01;1;50;0;2;1;19;3;
202000022115;154 703 291;B01;1;14;0;2;0;16;1;
202000022115;154 703 292;A01;1;7;0;2;3;18;1;
202000022116;154 703 290;A01;1;7;0;1;3;7;2;
202000022117;154 703 288;A01;2;80;0;2;1;1;3;
202000022117;154 703 289;B01;2;10;0;2;3;1;1;
202000022118;154 703 287;A01;1;1;0;0;1;1;5;
202000022119;154 703 286;A01;1;31;0;1;1;18;1;
202000022120;154 703 285;A01;1;7;0;1;1;16;1;
202000022121;154 703 282;C01;1;7;0;2;4;1;0;
202000022121;154 703 283;A01;1;7;0;2;1;2;0;
202000022121;154 703 284;B01;3;7;0;2;4;1;0;
202000022122;154 703 280;A01;-1;7;0;2;4;23;0;
202000022122;154 703 281;B01;-1;15;0;2;1;0;0;
202000022123;154 703 277;C01;-1;32;0;2;3;1;1;
202000022123;154 703 278;B01;1;32;0;2;3;1;1;
202000022123;154 703 279;A01;-1;7;0;0;0;0;0;
202000022124;154 703 275;A01;1;30;0;2;1;1;0;
202000022124;154 703 276;B01;1;1;0;2;8;1;0;
202000022125;154 703 274;A01;2;30;0;1;1;26;1;
202000022126;154 703 271;A01;0;7;0;2;3;1;0;
202000022126;154 703 272;Y01;0;60;0;2;0;0;5;
202000022127;154 703 270;A01;0;34;0;1;1;26;1;
202000022128;154 703 269;A01;2;1;8;0;2;14;5;
202000022129;154 703 267;A01;2;99;1;2;1;14;0;
202000022129;154 703 268;B01;1;31;0;2;1;1;0;
202000022130;154 703 265;A01;2;7;0;2;2;1;1;
202000022130;154 703 266;B01;2;1;0;0;3;1;0;
202000022131;154 703 262;B01;0;7;0;2;2;2;1;
202000022131;154 703 263;A01;0;7;0;2;3;10;1;
202000022132;154 703 261;A01;2;10;0;1;3;15;1;
202000022133;154 703 259;B01;1;7;0;2;3;1;1;
202000022133;154 703 260;A01;2;32;0;2;8;1;1;
202000022134;154 703 258;Z01;2;10;0;1;4;4;0;
202000022135;154 703 256;B01;2;1;0;2;1;1;5;
202000022135;154 703 257;A01;2;7;0;2;8;22;1;
202000022136;154 703 254;B01;2;10;0;2;1;9;1;
202000022136;154 703 255;A01;2;2;0;2;7;1;1;
202000022137;154 703 253;A01;3;37;0;1;1;1;0;1
202000022138;154 703 251;B01;2;33;0;2;1;1;1;
202000022138;154 703 252;A01;1;7;0;2;1;15;1;
202000022139;154 703 250;A01;1;33;15;0;1;14;1;
202000022140;154 703 249;A01;2;7;0;1;2;1;0;
202000022141;154 703 247;B01;2;1;0;0;4;2;5;
202000022141;154 703 248;A01;2;10;0;1;1;2;1;
202000022142;154 703 245;B01;2;14;0;2;3;1;1;
202000022142;154 703 246;A01;1;7;0;2;1;5;6;
202000022143;154 703 244;A01;1;10;6;0;1;1;1;
202000022144;154 703 241;A01;0;7;0;2;2;15;0;
202000022144;154 703 242;B01;2;33;1;2;3;1;0;
202000022144;154 703 243;D01;1;7;0;2;8;1;0;
202000022145;154 703 240;A01;3;7;5;0;1;0;1;
202000022146;154 703 236;A01;2;10;0;0;3;15;1;
202000022146;154 703 237;B01;1;7;0;0;3;1;1;
202000022147;154 703 234;B01;3;33;0;0;9;26;1;
202000022147;154 703 235;A01;0;33;0;0;9;19;1;
202000022148;154 703 233;A01;3;7;0;1;4;4;1;
202000022149;154 703 232;A01;2;7;0;0;9;0;6;
202000022150;154 703 230;B01;3;14;0;2;8;1;1;
202000022150;154 703 231;A01;3;1;0;2;3;13;5;
202000022151;154 703 228;B01;1;14;0;2;2;24;1;
202000022151;154 703 229;A01;2;7;1;0;2;1;1;
202000022152;154 703 226;B01;1;7;8;0;4;2;1;
202000022152;154 703 227;A01;1;10;0;2;1;2;1;
202000022153;154 703 224;A01;2;33;0;9;1;1;1;
202000022153;154 703 225;B01;2;1;0;0;8;15;5;
202000022154;154 703 221;A01;1;33;0;0;7;1;1;
202000022155;154 703 220;A01;1;2;8;0;7;14;1;
202000022156;154 703 218;A01;3;7;0;0;0;1;1;
202000022156;154 703 219;B01;3;14;0;0;0;1;1;
202000022157;154 703 216;B01;1;7;0;2;1;1;1;
202000022157;154 703 217;A01;2;10;0;2;1;5;1;
202000022158;154 703 214;A01;2;17;0;2;8;1;1;
202000022158;154 703 215;B01;1;17;0;2;1;1;1;
202000022159;154 703 213;A01;3;7;0;1;3;1;1;
202000022160;154 703 212;A01;1;7;13;0;1;1;0;
202000022161;154 703 211;A01;3;1;14;0;1;1;5;
202000022162;154 703 209;B01;1;10;0;2;2;16;1;
202000022162;154 703 210;A01;1;30;0;2;1;1;1;
202000022163;154 703 207;A01;1;32;0;2;4;2;1;
202000022163;154 703 208;B01;0;7;0;2;4;15;1;
202000022164;154 703 205;B01;1;34;0;2;1;1;1;
202000022164;154 703 206;A01;2;7;0;2;2;15;1;
202000022165;154 703 204;A01;1;7;15;0;1;21;1;
202000022166;154 703 202;B01;3;32;0;2;2;15;0;
202000022166;154 703 203;A01;3;7;0;2;3;1;6;
202000022167;154 703 200;B01;1;7;0;2;8;15;1;
202000022167;154 703 201;A01;1;30;0;2;0;0;1;
202000022168;154 703 199;A01;3;7;0;1;4;26;1;
202000022169;154 703 197;A01;3;7;0;2;3;1;1;
202000022169;154 703 198;B01;3;7;0;1;7;1;1;
202000022170;154 703 196;A01;2;7;0;1;1;1;1;
202000022171;154 703 195;A01;3;50;12;0;1;26;3;
202000022172;154 703 193;A01;1;10;0;2;1;26;1;
202000022172;154 703 194;B01;2;7;0;2;1;26;1;
202000022173;154 703 192;A01;3;10;0;1;4;26;1;
202000022174;154 703 191;A01;3;7;15;0;1;9;1;
202000022175;154 703 189;B01;2;7;0;0;0;0;1;
202000022175;154 703 190;A01;2;10;0;2;2;14;1;
202000022176;154 703 188;B01;2;7;0;1;2;16;1;
202000022177;154 703 186;A01;2;30;0;2;1;19;1;
202000022177;154 703 187;B01;1;30;0;2;0;19;1;
202000022178;154 703 185;A01;1;31;0;0;2;1;1;
202000022179;154 703 184;A01;0;7;6;0;1;1;1;
202000022180;154 703 182;A01;2;50;0;2;1;1;3;
202000022180;154 703 183;B01;1;7;0;2;8;22;2;
202000022181;154 703 181;A01;1;7;0;1;7;16;1;
202000022182;154 703 180;A01;2;30;12;0;2;16;1;
202000022183;154 703 178;B01;1;7;0;2;1;1;1;
202000022183;154 703 179;A01;3;7;13;2;7;1;1;
202000022184;154 703 177;A01;3;7;7;0;3;2;0;
202000022185;154 703 176;A01;1;33;8;0;1;0;1;
202000022186;154 703 175;A01;2;33;0;0;0;1;1;
202000022187;154 703 173;D01;1;7;-1;2;2;19;1;
202000022187;154 703 174;B01;1;33;0;2;3;1;1;
202000022188;154 703 172;A01;3;21;0;0;0;10;1;
202000022189;154 703 170;A01;2;60;0;0;9;1;5;
202000022190;154 703 169;A01;3;2;0;1;1;21;1;
202000022191;154 703 168;A01;2;7;2;0;3;1;1;
202000022192;154 703 166;B01;2;50;0;0;8;1;3;
202000022192;154 703 167;A01;1;7;0;2;3;1;1;
202000022193;154 703 165;A01;2;7;6;0;3;1;1;
202000022194;154 703 162;A01;2;7;13;0;1;2;0;
202000022195;154 703 160;B01;1;32;0;2;2;1;1;
202000022195;154 703 161;A01;1;10;0;2;1;9;1;
202000022196;154 703 159;A01;2;7;0;0;0;26;1;
202000022197;154 703 158;A01;1;34;4;0;1;1;0;
202000022198;154 703 155;C01;2;7;0;2;7;21;1;
202000022198;154 703 156;B01;2;7;0;2;4;2;1;
202000022198;154 703 157;A01;2;7;0;2;1;2;1;
202000022199;154 703 151;D01;2;7;0;2;4;2;2;
202000022199;154 703 152;C01;2;7;0;2;1;2;1;
202000022199;154 703 153;B01;2;10;0;2;1;2;1;
202000022199;154 703 154;A01;2;7;0;2;1;2;1;
202000022200;154 703 150;A01;1;43;0;0;9;11;1;
202000022201;154 703 148;B01;1;1;0;2;4;1;0;
202000022201;154 703 149;A01;0;7;0;9;1;16;0;
202000022202;154 703 146;B01;3;20;14;0;6;1;1;
202000022202;154 703 147;A01;3;99;0;2;2;17;5;
202000022203;154 703 144;B01;2;80;0;2;1;1;3;
202000022203;154 703 145;A01;1;7;0;2;1;15;0;
202000022204;154 703 142;A01;1;7;0;2;8;13;1;
202000022204;154 703 143;B01;1;7;0;2;7;17;1;
202000022205;154 703 141;A01;2;2;12;0;8;1;1;
202000022206;154 703 140;A01;1;7;0;1;3;15;1;
202000022207;154 703 139;A01;2;10;1;1;3;1;0;
202000022208;154 703 137;B01;2;7;0;2;3;15;1;
202000022208;154 703 138;A01;1;31;0;2;1;1;1;
202000022209;154 703 135;A01;1;7;0;2;2;1;6;
202000022209;154 703 136;B01;1;7;0;0;6;10;6;
202000022210;154 703 134;A01;2;7;1;0;2;14;1;
202000022211;154 703 133;A01;3;7;0;1;3;15;1;
202000022212;154 703 131;B01;2;7;0;2;2;1;1;
202000022212;154 703 132;A01;1;7;7;2;1;9;1;
202000022213;154 703 129;B01;2;15;0;2;1;1;1;
202000022213;154 703 130;A01;1;7;0;2;1;17;1;
202000022214;154 703 127;A01;1;7;0;2;3;17;1;
202000022214;154 703 128;B01;2;33;0;2;1;1;1;
202000022215;154 703 126;Z01;1;37;0;1;7;1;0;0
202000022216;154 703 124;A01;2;1;0;2;1;1;5;
202000022216;154 703 125;B01;1;7;0;2;2;1;1;
202000022217;154 703 123;A01;1;7;0;1;3;1;1;
202000022218;154 703 122;A01;2;1;0;0;0;1;5;
202000022219;154 703 120;B01;1;7;0;2;1;16;1;
202000022219;154 703 121;A01;3;7;0;2;2;1;1;
202000022220;154 703 118;A01;1;7;0;2;2;1;1;
202000022220;154 703 119;B01;1;10;0;2;4;23;3;
202000022221;154 703 116;A01;2;7;0;2;2;10;1;
202000022221;154 703 117;B01;1;33;0;2;8;1;1;
202000022222;154 703 115;A01;2;2;0;0;0;21;1;
202000022223;154 703 114;A01;1;10;0;1;0;4;1;
202000022224;154 703 112;A01;1;30;0;2;3;15;1;
202000022224;154 703 113;B01;1;1;0;2;1;1;5;
202000022225;154 703 111;A01;1;7;0;1;1;15;1;
202000022226;154 703 109;B01;1;7;0;0;0;15;1;
202000022226;154 703 110;A01;1;30;0;2;7;21;1;
202000022227;154 703 108;A01;3;33;0;1;3;19;1;
202000022228;154 703 107;A01;1;2;0;9;1;1;1;
202000022229;154 703 106;A01;1;7;0;0;0;1;1;
202000022230;154 703 104;A01;2;10;0;0;3;15;1;
202000022230;154 703 105;B01;2;30;0;2;3;1;1;
202000022231;154 703 101;C01;2;33;15;2;8;1;0;
202000022231;154 703 102;A01;1;7;0;2;2;1;0;
202000022231;154 703 103;B01;1;7;0;2;6;1;0;
202000022232;154 703 100;A01;1;2;6;0;1;1;1;
202000022233;154 703 098;A01;3;7;0;2;7;19;1;
202000022233;154 703 099;B01;2;33;0;2;1;1;1;
202000022234;154 703 096;A01;2;21;0;2;3;9;1;
202000022234;154 703 097;B01;2;2;0;2;1;1;1;
202000022235;154 703 094;B01;3;10;0;2;1;1;1;
202000022235;154 703 095;A01;3;7;0;2;1;1;1;
202000022236;154 703 093;A01;1;80;0;0;0;1;3;
202000022237;154 703 092;A01;2;33;2;0;1;14;1;
202000022238;154 703 090;A01;1;2;0;2;1;15;1;
202000022238;154 703 091;B01;2;7;0;2;3;1;1;
202000022239;154 703 089;A01;2;7;13;0;1;1;1;
202000022240;154 703 088;A01;2;17;3;0;2;14;1;
202000022241;154 703 085;C01;1;7;0;0;4;23;1;
202000022241;154 703 086;A01;1;17;0;2;1;1;1;
202000022241;154 703 087;B01;1;17;0;2;4;23;1;
202000022242;154 703 084;A01;1;7;3;0;3;0;1;
202000022243;154 703 082;B01;1;15;0;2;3;1;1;
202000022243;154 703 083;A01;2;10;0;2;3;13;1;
202000022244;154 703 081;A01;0;10;2;0;8;14;1;
202000022245;154 703 080;A01;1;7;2;0;1;1;1;
202000022246;154 703 077;B01;1;33;0;2;1;17;1;
202000022246;154 703 078;A01;1;7;0;2;6;15;1;
202000022246;154 703 079;C01;1;7;0;0;0;1;1;
202000022247;154 703 076;A01;1;7;13;0;1;1;1;
202000022248;154 703 072;B01;1;33;0;2;1;1;0;
202000022248;154 703 073;A01;1;7;0;2;8;20;0;
202000022249;154 703 071;A01;2;10;4;0;1;1;1;
202000022250;154 703 070;A01;2;33;0;0;7;1;1;
202000022251;154 703 069;A01;2;10;0;5;1;14;0;
202000022252;154 703 067;A01;2;10;0;2;1;2;1;
202000022252;154 703 068;B01;2;7;0;2;4;24;1;
202000022253;154 703 066;A01;2;7;4;0;1;21;1;
202000022254;154 703 063;B01;2;7;0;2;5;23;1;
202000022254;154 703 064;A01;2;7;1;2;3;21;1;
202000022254;154 703 065;C01;2;10;0;2;6;1;1;
202000022255;154 703 062;A01;1;33;4;0;1;1;1;
202000022256;154 703 061;A01;2;7;0;1;1;17;1;
202000022257;154 703 060;A01;2;7;0;1;1;1;1;
202000022258;154 703 058;A01;2;7;0;0;3;1;1;
202000022258;154 703 059;B01;2;2;0;0;3;0;1;
202000022259;154 703 056;A01;2;10;0;2;1;1;1;
202000022259;154 703 057;B01;2;7;0;2;4;1;1;
202000022260;154 703 055;A01;2;7;2;0;1;1;1;
202000022261;154 703 054;A01;1;7;15;0;3;13;1;
202000022262;154 703 052;A01;1;7;0;2;3;9;1;
202000022262;154 703 053;B01;1;33;0;2;1;1;1;
202000022263;154 703 050;A01;1;30;0;2;3;5;1;
202000022263;154 703 051;B01;2;10;0;2;3;1;1;
202000022264;154 703 049;A01;3;7;3;0;9;13;1;
202000022265;154 703 048;A01;1;7;6;0;3;13;1;
202000022266;154 703 046;A01;2;7;0;2;1;0;1;
202000022266;154 703 047;B01;3;7;0;2;1;26;0;
202000022267;154 703 044;A01;1;7;0;2;1;1;1;
202000022267;154 703 045;B01;0;7;0;2;8;1;1;
202000022268;154 703 043;A01;2;7;2;0;1;13;1;
202000022269;154 703 041;B01;2;10;0;2;1;1;1;
202000022269;154 703 042;A01;2;7;8;2;0;10;1;
202000022270;154 703 040;A01;0;17;12;0;7;1;1;
202000022271;154 703 039;A01;1;30;0;0;0;21;1;
202000022272;154 703 038;A01;3;7;13;0;1;13;1;
202000022273;154 703 037;A01;2;37;0;1;3;15;1;1
202000022274;154 703 035;Z01;1;2;0;2;0;15;0;
202000022274;154 703 036;A01;2;1;0;2;6;1;5;
202000022275;154 703 034;A01;1;10;0;1;3;15;1;
202000022276;154 703 032;B01;2;50;0;2;1;19;3;
202000022276;154 703 033;A01;2;7;0;2;3;15;2;
202000022277;154 703 031;A01;2;7;0;1;1;26;1;
202000022278;154 703 029;B01;2;7;14;0;5;0;0;
202000022278;154 703 030;A01;2;33;0;2;1;26;0;
202000022279;154 703 028;A01;0;7;0;0;1;2;1;
202000022280;154 703 026;A01;0;7;0;0;2;1;1;
202000022280;154 703 027;B01;3;7;0;0;3;16;0;
202000022281;154 703 024;A01;-1;7;0;2;2;1;0;
202000022281;154 703 025;B01;-1;7;0;2;3;1;0;