num_acc;id_vehicule;num_veh;senc;catv;obs;obsm;choc;manv;motor;occutc
202000022571;154 702 517;A01;2;7;0;2;3;1;1;
202000022571;154 702 518;B01;1;7;0;2;3;1;1;
202000022572;154 702 513;B01;1;31;0;2;1;1;1;
202000022572;154 702 514;A01;3;7;0;2;8;9;1;
202000022573;154 702 511;A01;1;7;0;9;7;16;0;
202000022573;154 702 512;B01;1;1;0;2;1;1;5;
202000022574;154 702 509;A01;2;10;0;9;7;17;1;
202000022574;154 702 510;B01;2;1;0;2;8;1;6;
202000022575;154 702 508;A01;1;7;13;0;2;1;1;
202000022576;154 702 507;A01;1;7;13;0;0;18;1;
202000022577;154 702 505;A01;2;33;0;2;1;1;1;
202000022577;154 702 506;B01;2;33;0;2;3;1;1;
202000022578;154 702 504;A01;3;7;0;1;3;4;1;
202000022579;154 702 502;A01;1;7;0;2;5;15;1;
202000022579;154 702 503;B01;2;2;0;2;1;1;1;
202000022580;154 702 498;A01;1;7;0;2;1;9;1;
202000022580;154 702 499;B01;2;80;0;0;7;16;5;
202000022581;154 702 497;A01;2;10;0;1;6;4;1;
202000022582;154 702 495;B01;3;7;0;2;2;1;1;
202000022582;154 702 496;A01;3;1;0;2;3;9;5;
202000022583;154 702 493;B01;2;33;0;2;1;15;1;
202000022583;154 702 494;A01;1;7;0;2;3;1;1;
202000022584;154 702 492;A01;2;2;0;0;0;1;1;
202000022585;154 702 490;B01;2;7;0;2;3;1;1;
202000022585;154 702 491;A01;1;7;0;2;1;5;1;
202000022586;154 702 488;B01;2;33;0;2;1;6;1;
202000022586;154 702 489;A01;1;7;0;2;1;1;1;
202000022587;154 702 485;C01;2;7;0;0;8;1;1;
202000022587;154 702 486;B01;2;7;0;0;4;15;1;
202000022587;154 702 487;A01;2;7;0;2;1;17;1;
202000022588;154 702 484;A01;1;7;15;0;1;1;1;
202000022589;154 702 481;A01;3;7;1;2;1;26;0;
202000022589;154 702 482;B01;0;7;13;2;5;23;0;
202000022589;154 702 483;C01;0;7;0;9;7;24;0;
202000022590;154 702 480;A01;1;33;15;0;1;1;1;
202000022591;154 702 478;A01;2;2;0;0;8;15;1;
202000022591;154 702 479;B01;2;2;0;0;8;17;1;
202000022592;154 702 477;A01;0;7;0;1;7;1;0;
202000022593;154 702 476;A01;1;33;12;0;1;16;1;
202000022594;154 702 475;A01;1;31;13;0;2;1;1;
202000022595;154 702 473;B01;1;7;0;2;8;15;1;
202000022595;154 702 474;A01;2;7;0;2;3;1;1;
202000022596;154 702 471;B01;3;7;0;2;1;1;1;
202000022596;154 702 472;A01;3;2;0;2;1;1;1;
202000022597;154 702 469;A01;1;7;0;0;2;13;1;
202000022597;154 702 470;B01;2;7;0;2;1;2;1;
202000022598;154 702 468;A01;2;7;13;0;0;14;1;
202000022599;154 702 467;A01;3;7;17;0;1;0;1;
202000022600;154 702 465;A01;2;7;0;2;1;2;1;
202000022600;154 702 466;B01;2;7;0;0;4;2;1;
202000022601;154 702 464;A01;1;7;4;0;9;13;1;
202000022602;154 702 463;A01;1;7;0;0;1;21;1;
202000022603;154 702 461;B01;2;7;0;2;2;1;0;
202000022603;154 702 462;A01;1;7;0;2;3;1;0;
202000022604;154 702 459;B01;2;7;0;2;1;1;1;
202000022604;154 702 460;A01;1;7;13;2;7;1;1;
202000022605;154 702 458;A01;3;10;2;0;1;15;1;
202000022606;154 702 456;B01;1;33;0;2;1;2;1;
202000022606;154 702 457;A01;1;7;0;0;8;15;1;
202000022607;154 702 454;B01;3;2;0;2;7;1;5;
202000022607;154 702 455;A01;3;7;0;2;3;16;5;
202000022608;154 702 452;B01;2;2;0;2;1;1;1;
202000022608;154 702 453;A01;1;7;0;2;2;15;1;
202000022609;154 702 450;B01;1;7;0;2;3;9;1;
202000022609;154 702 451;A01;1;33;0;2;1;1;1;
202000022610;154 702 448;B01;2;33;0;2;8;1;1;
202000022610;154 702 449;A01;1;10;0;2;2;1;1;
202000022611;154 702 446;B01;1;7;0;2;1;1;0;
202000022611;154 702 447;A01;2;7;0;2;1;13;0;
202000022612;154 702 442;C01;0;7;0;0;1;2;0;
202000022612;154 702 443;D01;0;31;0;0;1;0;0;
202000022612;154 702 444;B01;0;7;0;0;1;2;0;
202000022612;154 702 445;A01;0;7;0;0;4;2;0;
202000022613;154 702 441;A01;0;7;13;0;1;26;1;
202000022614;154 702 439;B01;3;2;0;2;1;17;1;
202000022614;154 702 440;A01;3;7;0;2;8;15;1;
202000022615;154 702 438;A01;2;80;13;0;1;1;3;
202000022616;154 702 437;A01;2;7;13;0;0;1;1;
202000022617;154 702 435;B01;1;7;0;9;1;15;1;
202000022617;154 702 436;A01;2;1;0;2;7;1;5;
202000022618;154 702 434;A01;2;7;0;1;3;1;1;
202000022619;154 702 433;A01;2;10;0;1;6;4;1;
202000022620;154 702 430;A01;3;7;0;2;3;13;1;
202000022620;154 702 431;B01;3;7;0;2;8;1;1;
202000022621;154 702 428;A01;2;7;3;2;1;2;1;
202000022621;154 702 429;B01;2;7;3;0;4;2;1;
202000022622;154 702 426;B01;0;7;0;2;1;1;1;
202000022622;154 702 427;A01;0;7;0;2;8;16;1;
202000022623;154 702 422;B01;1;10;0;2;4;1;1;
202000022623;154 702 423;D01;1;7;0;2;4;1;1;
202000022623;154 702 424;A01;1;7;0;2;1;2;1;
202000022623;154 702 425;C01;1;7;0;2;4;1;1;
202000022624;154 702 421;A01;1;7;4;0;1;1;1;
202000022625;154 702 419;A01;1;7;0;9;3;2;1;
202000022625;154 702 420;B01;1;1;0;2;3;19;5;
202000022626;154 702 417;A01;2;7;0;2;5;12;1;
202000022626;154 702 418;B01;2;33;0;2;8;1;1;
202000022627;154 702 414;A01;1;7;0;2;3;11;1;
202000022627;154 702 415;B01;1;7;0;2;2;1;1;
202000022627;154 702 416;C01;1;7;0;2;6;1;1;
202000022628;154 702 410;C01;1;7;0;2;4;2;1;
202000022628;154 702 411;A01;1;7;0;2;1;1;1;
202000022628;154 702 412;D01;1;7;0;2;4;2;1;
202000022628;154 702 413;B01;2;7;0;2;4;2;1;
202000022629;154 702 408;B01;1;7;0;2;3;11;1;
202000022629;154 702 409;A01;1;33;0;2;1;2;1;
202000022630;154 702 406;A01;2;43;0;0;0;3;0;
202000022630;154 702 407;B01;2;43;0;0;0;12;0;
202000022631;154 702 404;B01;1;43;0;2;6;3;0;
202000022631;154 702 405;A01;1;7;0;2;2;12;0;
202000022632;154 702 402;A01;1;7;0;2;1;11;1;
202000022632;154 702 403;B01;1;7;0;2;7;12;1;
202000022633;154 702 400;A01;1;7;0;2;2;2;1;
202000022633;154 702 401;B01;1;31;0;2;6;11;1;
202000022634;154 702 399;A01;1;7;4;0;3;26;1;
202000022635;154 702 397;B01;2;7;0;2;8;11;1;
202000022635;154 702 398;A01;2;34;0;2;2;1;1;
202000022636;154 702 395;B01;2;15;0;2;4;2;1;
202000022636;154 702 396;A01;2;32;0;2;2;2;1;
202000022637;154 702 393;B01;2;33;0;2;1;3;1;
202000022637;154 702 394;A01;2;7;0;2;4;12;1;
202000022638;154 702 391;B01;2;33;0;2;8;3;1;
202000022638;154 702 392;A01;2;7;0;2;2;12;1;
202000022639;154 702 389;B01;1;7;0;2;2;23;1;
202000022639;154 702 390;A01;1;33;1;0;2;5;1;
202000022640;154 702 388;A01;1;7;0;1;1;1;1;
202000022641;154 702 384;C01;1;7;0;2;4;1;1;
202000022641;154 702 385;B01;1;7;0;2;4;1;1;
202000022641;154 702 386;A01;1;7;0;2;1;2;1;
202000022642;154 702 382;A01;3;33;0;2;1;17;1;
202000022642;154 702 383;B01;1;7;0;2;6;20;1;
202000022643;154 702 380;B01;2;7;0;2;3;13;1;
202000022643;154 702 381;A01;1;7;0;2;3;13;1;
202000022644;154 702 379;A01;0;7;4;0;2;1;1;
202000022645;154 702 378;A01;1;7;8;0;1;26;1;
202000022646;154 702 375;A01;3;7;0;2;1;2;1;
202000022646;154 702 376;B01;3;7;0;2;4;2;1;
202000022646;154 702 377;C01;3;7;0;2;4;2;1;
202000022647;154 702 373;A01;2;7;0;2;3;15;1;
202000022647;154 702 374;B01;2;2;0;2;7;17;1;
202000022648;154 702 369;B01;2;2;0;2;1;1;1;
202000022648;154 702 370;A01;1;7;0;9;8;19;1;
202000022649;154 702 367;A01;1;34;0;2;1;13;1;
202000022649;154 702 368;B01;2;7;0;2;8;1;0;
202000022650;154 702 365;B01;2;32;0;2;2;15;1;
202000022650;154 702 366;A01;2;7;0;2;3;15;1;
202000022651;154 702 363;A01;2;7;0;2;2;16;1;
202000022651;154 702 364;B01;2;1;0;2;1;1;0;
202000022652;154 702 361;A01;0;32;0;4;8;15;1;
202000022652;154 702 362;B01;1;40;0;2;1;1;3;
202000022653;154 702 359;A01;2;7;0;9;8;1;1;
202000022653;154 702 360;B01;1;1;0;2;1;15;0;
202000022654;154 702 358;A01;1;7;0;1;0;15;1;
202000022655;154 702 356;B01;1;33;0;2;7;1;1;
202000022655;154 702 357;A01;1;7;0;2;3;15;1;
202000022656;154 702 354;B01;1;7;0;2;1;15;1;
202000022656;154 702 355;A01;2;99;0;2;3;0;1;
202000022657;154 702 352;B01;1;7;0;0;4;26;1;
202000022657;154 702 353;A01;1;7;0;2;1;2;0;
202000022658;154 702 348;D01;1;7;0;2;4;26;0;
202000022658;154 702 349;C01;1;7;0;2;1;26;0;
202000022658;154 702 350;B01;1;7;0;2;4;1;3;
202000022658;154 702 351;A01;1;31;0;2;1;1;1;
202000022659;154 702 347;A01;3;1;6;0;1;26;1;
202000022660;154 702 345;B01;0;33;0;2;1;26;1;
202000022660;154 702 346;A01;0;7;0;2;6;10;1;
202000022661;154 702 344;A01;3;7;0;1;3;15;2;
202000022662;154 702 342;A01;2;34;0;2;1;1;1;
202000022662;154 702 343;B01;2;7;0;2;6;0;1;
202000022663;154 702 340;A01;1;7;0;2;1;1;1;
202000022663;154 702 341;B01;1;7;0;2;4;2;1;
202000022664;154 702 339;A01;3;14;0;0;8;1;1;
202000022665;154 702 337;A01;3;7;0;2;1;15;1;
202000022665;154 702 338;B01;3;32;0;2;7;1;1;
202000022666;154 702 335;A01;2;7;0;2;8;2;1;
202000022666;154 702 336;B01;2;7;0;2;1;15;1;
202000022667;154 702 333;B01;3;7;0;2;1;1;1;
202000022667;154 702 334;A01;3;7;0;2;1;5;1;
202000022668;154 702 331;A01;2;30;0;2;1;17;1;
202000022668;154 702 332;B01;1;7;0;2;3;15;1;
202000022669;154 702 329;A01;1;7;0;2;8;19;1;
202000022669;154 702 330;B01;2;7;0;2;1;19;1;
202000022670;154 702 327;A01;3;7;0;2;3;26;1;
202000022670;154 702 328;B01;3;7;0;2;8;1;1;
202000022671;154 702 325;B01;2;1;1;0;1;1;5;
202000022671;154 702 326;A01;1;7;0;2;8;22;1;
202000022672;154 702 323;B01;1;7;0;2;1;1;1;
202000022672;154 702 324;A01;1;7;0;2;2;15;1;
202000022673;154 702 322;A01;1;7;0;1;2;1;1;
202000022674;154 702 320;A01;0;7;5;4;3;16;1;
202000022674;154 702 321;B01;0;40;0;2;0;0;3;
202000022675;154 702 318;B01;2;7;0;2;1;1;1;
202000022675;154 702 319;A01;1;1;0;2;1;17;5;
202000022676;154 702 316;B01;1;7;0;2;7;2;0;
202000022676;154 702 317;A01;1;33;0;2;1;18;1;
202000022677;154 702 314;A01;2;7;0;2;3;13;1;
202000022677;154 702 315;B01;1;7;0;2;3;1;1;
202000022678;154 702 313;A01;1;30;4;0;1;1;1;
202000022679;154 702 311;B01;1;7;0;2;1;1;1;
202000022679;154 702 312;A01;2;30;0;2;7;19;1;
202000022680;154 702 310;A01;3;10;6;0;1;13;1;
202000022681;154 702 308;A01;3;7;0;2;1;1;1;
202000022681;154 702 309;B01;3;7;0;2;7;1;1;
202000022682;154 702 306;A01;1;32;0;2;2;1;1;
202000022682;154 702 307;B01;1;7;0;2;6;9;1;
202000022683;154 702 305;A01;0;10;0;0;1;0;1;
202000022684;154 702 304;A01;1;1;0;0;8;26;5;
202000022685;154 702 302;B01;1;1;0;2;1;1;5;
202000022685;154 702 303;A01;2;7;0;2;7;15;1;
202000022686;154 702 300;B01;1;2;0;2;7;1;1;
202000022686;154 702 301;A01;2;7;0;2;3;15;1;
202000022687;154 702 297;C01;1;7;0;2;4;2;1;
202000022687;154 702 298;B01;1;7;0;2;4;2;1;
202000022687;154 702 299;A01;1;7;0;2;1;2;1;
202000022688;154 702 296;A01;2;7;0;1;1;1;1;
202000022689;154 702 294;B01;1;1;0;2;1;1;0;
202000022689;154 702 295;A01;1;10;0;9;8;22;1;
202000022690;154 702 292;B01;0;2;0;2;1;1;1;
202000022690;154 702 293;A01;0;7;0;2;8;10;1;
202000022691;154 702 290;B01;1;7;0;2;7;0;1;
202000022691;154 702 291;A01;1;7;0;2;1;0;1;
202000022692;154 702 288;A01;1;7;0;2;7;0;1;
202000022692;154 702 289;B01;1;7;0;2;1;0;1;
202000022693;154 702 286;B01;0;10;0;2;7;1;1;
202000022693;154 702 287;A01;1;30;0;2;1;26;1;
202000022694;154 702 285;A01;3;33;4;0;1;26;1;
202000022695;154 702 284;A01;1;2;12;0;1;26;0;
202000022696;154 702 283;A01;1;7;0;1;2;2;1;
202000022697;154 702 281;B01;1;7;0;2;3;1;1;
202000022697;154 702 282;A01;2;33;0;2;3;13;1;
202000022698;154 702 279;B01;3;33;0;2;1;1;1;
202000022698;154 702 280;A01;3;7;0;2;8;15;1;
202000022699;154 702 277;A01;3;7;0;2;1;1;1;
202000022699;154 702 278;B01;3;7;0;2;3;1;0;
202000022700;154 702 275;A01;3;7;0;1;1;1;1;
202000022700;154 702 276;B01;3;7;0;1;1;1;1;
202000022701;154 702 273;B01;1;7;0;2;1;1;1;
202000022701;154 702 274;A01;2;37;0;2;1;15;1;1
202000022702;154 702 271;A01;3;7;0;2;3;16;1;
202000022702;154 702 272;B01;3;7;0;2;3;1;1;
202000022703;154 702 270;A01;1;7;0;1;0;0;1;
202000022704;154 702 269;A01;1;13;0;1;1;1;1;
202000022705;154 702 267;B01;3;1;0;2;7;2;5;
202000022705;154 702 268;A01;1;7;0;2;2;9;1;
202000022706;154 702 265;A01;2;7;0;2;1;1;1;
202000022706;154 702 266;B01;1;7;0;2;3;1;1;
202000022707;154 702 263;B01;1;2;0;2;1;1;1;
202000022707;154 702 264;A01;3;7;0;2;0;19;1;
202000022708;154 702 262;A01;1;7;3;0;1;26;1;
202000022709;154 702 260;A01;0;7;0;2;3;9;1;
202000022709;154 702 261;B01;0;1;0;2;1;1;5;
202000022710;154 702 259;B01;2;33;0;1;7;2;1;
202000022711;154 702 258;A01;1;32;0;0;1;1;1;
202000022712;154 702 256;B01;1;33;0;2;7;1;1;
202000022712;154 702 257;A01;1;32;0;2;1;1;1;
202000022713;154 702 254;B01;2;31;0;2;1;1;1;
202000022713;154 702 255;A01;2;7;0;2;8;15;1;
202000022714;154 702 253;A01;3;7;0;1;3;15;1;
202000022715;154 702 252;A01;2;37;0;1;3;1;1;1
202000022716;154 702 251;A01;1;7;0;1;1;16;1;
202000022717;154 702 249;A01;1;7;0;2;1;2;1;
202000022717;154 702 250;B01;1;7;0;2;4;23;1;
202000022718;154 702 247;A01;1;7;0;2;2;9;1;
202000022718;154 702 248;B01;2;2;0;2;1;1;1;
202000022719;154 702 246;A01;1;7;9;1;1;26;1;
202000022720;154 702 245;A01;2;7;0;1;3;2;1;
202000022721;154 702 243;A01;2;99;0;1;1;25;1;
202000022722;154 702 242;A01;2;7;0;1;1;1;1;
202000022723;154 702 241;A01;1;7;0;1;1;1;1;
202000022724;154 702 239;A01;1;7;0;2;1;9;1;
202000022724;154 702 240;B01;1;37;0;2;7;1;1;2
202000022725;154 702 235;B01;1;10;0;2;4;23;1;
202000022725;154 702 236;A01;1;14;0;2;1;2;1;
202000022725;154 702 237;D01;1;10;0;2;4;23;1;
202000022725;154 702 238;C01;1;7;0;2;4;23;1;
202000022726;154 702 233;A01;3;7;0;2;1;1;1;
202000022726;154 702 234;B01;3;7;0;2;4;1;1;
202000022727;154 702 232;A01;3;7;0;1;1;1;1;
202000022728;154 702 231;A01;1;7;0;1;3;17;1;
202000022729;154 702 229;B01;2;2;0;2;1;1;1;
202000022729;154 702 230;A01;2;7;0;2;3;15;1;
202000022730;154 702 227;A01;1;2;0;2;1;19;1;
202000022730;154 702 228;B01;1;7;0;2;2;1;1;
202000022731;154 702 224;C01;2;7;0;2;8;1;0;
202000022731;154 702 225;B01;1;7;0;2;5;15;0;
202000022731;154 702 226;A01;1;37;0;2;1;21;6;1
202000022732;154 702 222;B01;1;7;0;2;1;1;1;
202000022732;154 702 223;A01;1;10;0;2;4;4;1;
202000022733;154 702 220;B01;1;1;0;2;1;1;5;
202000022733;154 702 221;A01;2;7;0;2;3;15;1;
202000022734;154 702 219;A01;2;7;0;1;3;15;1;
202000022735;154 702 218;A01;2;7;0;1;1;15;2;
202000022736;154 702 216;B01;1;7;0;2;3;1;2;
202000022736;154 702 217;A01;1;30;0;2;1;1;1;
202000022737;154 702 215;A01;1;37;0;1;7;1;1;1
202000022738;154 702 214;A01;2;34;0;0;7;1;1;
202000022739;154 702 212;B01;1;7;0;2;0;2;1;
202000022739;154 702 213;A01;1;34;0;2;7;17;1;
202000022740;154 702 211;A01;1;30;0;0;5;1;1;
202000022741;154 702 209;A01;1;1;12;2;1;19;5;
202000022741;154 702 210;B01;1;7;0;2;3;16;1;
202000022742;154 702 207;B01;2;37;0;2;1;1;1;4
202000022742;154 702 208;A01;3;7;0;2;7;1;1;
202000022743;154 702 205;A01;2;34;0;2;3;21;1;
202000022743;154 702 206;B01;2;7;0;2;2;1;2;
202000022744;154 702 204;A01;2;7;0;1;1;1;1;
202000022745;154 702 202;B01;1;7;0;2;3;1;1;
202000022745;154 702 203;A01;2;30;0;2;1;15;1;
202000022746;154 702 200;A01;2;7;0;2;4;0;1;
202000022746;154 702 201;B01;2;7;0;2;1;0;1;
202000022747;154 702 199;A01;1;33;0;0;1;1;0;
202000022748;154 702 198;A01;1;7;0;1;1;1;1;
202000022749;154 702 197;A01;3;32;0;1;1;13;1;
202000022750;154 702 195;A01;3;7;0;2;1;1;0;
202000022750;154 702 196;B01;3;7;0;2;3;1;6;
202000022751;154 702 194;A01;2;7;0;1;3;1;1;
202000022752;154 702 192;B01;1;7;0;2;3;15;1;
202000022752;154 702 193;A01;2;43;0;2;1;1;1;
202000022753;154 702 191;A01;3;10;0;1;4;26;1;
202000022754;154 702 190;A01;2;1;0;1;1;1;5;
202000022755;154 702 189;A01;2;7;0;1;1;15;1;
202000022756;154 702 187;A01;2;7;0;2;3;15;1;
202000022756;154 702 188;B01;2;33;0;2;2;17;1;
202000022757;154 702 185;B01;2;33;0;2;0;2;1;
202000022757;154 702 186;A01;2;10;0;2;4;26;1;
202000022758;154 702 184;A01;1;7;0;1;1;1;1;
202000022759;154 702 183;A01;2;7;0;0;9;0;1;
202000022760;154 702 179;B01;1;7;4;2;7;1;1;
202000022760;154 702 180;A01;1;7;0;2;8;17;1;
202000022760;154 702 181;C01;1;17;0;2;6;1;1;
202000022761;154 702 178;A01;1;1;0;0;0;1;5;
202000022762;154 702 177;A01;0;7;8;0;3;1;1;
202000022763;154 702 175;A01;2;7;0;2;5;15;1;
202000022763;154 702 176;B01;1;33;0;2;1;1;1;
202000022764;154 702 174;A01;0;2;12;0;1;0;1;
202000022765;154 702 172;B01;0;7;0;0;4;1;1;
202000022765;154 702 173;A01;0;33;0;2;1;1;0;
202000022766;154 702 171;A01;1;31;6;0;2;1;1;
202000022767;154 702 170;A01;3;7;0;1;6;4;1;
202000022768;154 702 169;A01;1;2;13;0;2;1;1;
202000022769;154 702 167;B01;1;7;0;2;1;1;0;
202000022769;154 702 168;A01;2;7;0;2;3;19;0;
202000022770;154 702 165;B01;1;3;16;0;4;1;1;
202000022770;154 702 166;A01;1;7;0;2;1;1;1;
202000022771;154 702 163;B01;2;7;4;0;0;21;1;
202000022771;154 702 164;A01;1;7;0;0;0;5;1;
202000022772;154 702 160;B01;2;7;3;2;1;0;1;
202000022772;154 702 161;C01;2;7;0;2;2;1;1;
202000022772;154 702 162;A01;1;7;3;2;7;17;1;
202000022773;154 702 158;A01;1;7;0;2;3;1;1;
202000022773;154 702 159;B01;2;33;12;2;8;15;1;
202000022774;154 702 157;A01;2;7;2;0;1;2;1;
202000022775;154 702 155;A01;2;7;0;2;1;1;1;
202000022775;154 702 156;B01;1;7;0;2;1;5;1;
202000022776;154 702 154;A01;2;7;0;0;0;1;0;
202000022777;154 702 153;A01;1;7;0;1;3;1;1;
202000022778;154 702 152;A01;2;7;2;9;7;1;0;
202000022779;154 702 151;A01;1;10;0;0;9;1;1;
202000022780;154 702 149;B01;1;1;0;2;6;16;5;
202000022780;154 702 150;A01;1;7;0;9;5;17;0;
202000022781;154 702 148;A01;0;36;13;0;1;1;1;
202000022782;154 702 146;B01;1;33;0;2;0;17;1;
202000022782;154 702 147;A01;0;10;0;2;3;1;1;
202000022783;154 702 145;A01;3;7;0;1;2;1;1;
202000022784;154 702 143;B01;2;1;0;2;1;1;5;
202000022784;154 702 144;A01;1;7;0;2;5;19;1;
202000022785;154 702 141;A01;2;7;0;9;2;2;1;
202000022785;154 702 142;B01;2;1;0;2;4;2;5;
202000022786;154 702 139;B01;1;7;0;2;1;9;1;
202000022786;154 702 140;A01;2;10;10;2;3;17;1;
202000022787;154 702 137;A01;2;7;0;2;8;15;1;
202000022787;154 702 138;B01;2;10;0;2;1;1;1;
202000022788;154 702 136;A01;1;7;13;6;3;13;1;
202000022789;154 702 134;B01;1;2;0;2;1;0;1;
202000022789;154 702 135;A01;1;7;0;0;3;19;1;
202000022790;154 702 131;A01;1;7;0;2;2;1;1;
202000022790;154 702 132;B01;3;1;0;2;8;19;5;
202000022791;154 702 130;A01;2;7;2;0;1;1;1;
202000022792;154 702 129;A01;2;3;13;0;3;13;1;
202000022793;154 702 127;A01;2;10;0;2;1;1;1;
202000022793;154 702 128;B01;2;3;0;2;4;1;1;
202000022794;154 702 126;A01;1;17;2;0;1;13;1;
202000022795;154 702 124;A01;2;7;0;2;1;1;1;
202000022795;154 702 125;B01;2;15;0;0;4;2;1;
202000022796;154 702 123;A01;2;7;0;6;1;1;1;
202000022797;154 702 119;A01;2;43;14;0;7;17;1;
202000022797;154 702 120;B01;2;7;12;0;2;14;1;
202000022798;154 702 116;C01;2;7;0;2;1;1;1;
202000022798;154 702 117;B01;2;7;0;0;8;1;1;
202000022798;154 702 118;A01;2;7;0;2;2;17;1;
202000022799;154 702 114;A01;1;7;0;2;3;13;1;
202000022799;154 702 115;B01;2;15;0;2;1;21;1;
202000022800;154 702 112;B01;2;15;0;2;4;1;1;
202000022800;154 702 113;A01;2;7;0;2;1;1;1;
202000022801;154 702 110;A01;2;7;0;2;1;19;1;
202000022801;154 702 111;B01;2;17;0;2;3;19;1;
202000022802;154 702 109;A01;1;7;0;1;1;1;1;
202000022803;154 702 107;A01;2;7;0;2;3;9;1;
202000022803;154 702 108;B01;2;2;0;2;5;2;1;
202000022804;154 702 106;A01;1;7;0;1;3;1;1;
202000022805;154 702 105;A01;2;7;6;0;2;1;0;
202000022806;154 702 103;A01;3;7;0;2;3;17;1;
202000022806;154 702 104;B01;3;32;0;2;3;1;1;
202000022807;154 702 101;A01;2;7;0;2;1;17;1;
202000022807;154 702 102;B01;1;7;0;2;1;1;1;
202000022808;154 702 100;A01;2;7;0;5;1;19;1;
202000022809;154 702 099;A01;1;7;0;1;8;1;1;
202000022810;154 702 098;A01;3;7;2;0;3;14;1;
202000022811;154 702 096;A01;2;7;0;2;3;5;1;
202000022811;154 702 097;B01;1;15;0;2;1;1;1;
202000022812;154 702 094;B01;1;7;0;2;2;1;0;
202000022812;154 702 095;A01;2;1;0;2;2;1;0;
202000022813;154 702 090;B01;1;10;0;2;4;1;1;
202000022813;154 702 091;A01;1;10;0;2;1;26;1;
202000022813;154 702 092;C01;1;10;0;2;4;1;1;
202000022814;154 702 088;A01;1;7;0;2;4;23;1;
202000022814;154 702 089;B01;1;33;0;2;1;2;1;
202000022815;154 702 086;B01;2;14;0;2;4;1;1;
202000022815;154 702 087;A01;2;7;0;2;1;14;1;
202000022816;154 702 084;A01;1;7;0;0;0;11;1;
202000022816;154 702 085;B01;1;33;0;0;2;3;1;
202000022817;154 702 082;B01;1;7;0;2;3;21;1;
202000022817;154 702 083;A01;1;7;0;2;5;1;1;
202000022818;154 702 080;A01;2;7;0;2;1;26;1;
202000022818;154 702 081;B01;2;7;0;2;6;2;1;
202000022819;154 702 076;A01;0;7;0;2;1;1;6;
202000022819;154 702 077;B01;3;7;0;2;4;1;6;
202000022820;154 702 075;A01;3;7;0;1;8;1;6;
202000022821;154 702 073;B01;0;50;0;1;8;19;3;
202000022821;154 702 074;A01;2;7;0;2;1;1;0;
202000022822;154 702 071;A01;3;32;0;2;8;15;1;
202000022822;154 702 072;B01;3;7;0;2;2;1;1;
202000022823;154 702 070;A01;1;7;0;1;1;17;1;
202000022824;154 702 068;A01;1;2;0;2;3;13;1;
202000022824;154 702 069;B01;1;7;0;2;1;21;1;
202000022825;154 702 066;A01;1;31;0;2;2;21;1;
202000022825;154 702 067;B01;1;7;0;2;4;15;1;
202000022826;154 702 064;A01;2;7;0;2;1;13;1;
202000022826;154 702 065;B01;2;7;0;2;3;0;1;
202000022827;154 702 063;A01;1;7;0;1;1;15;1;
202000022828;154 702 061;B01;2;33;0;2;1;26;1;
202000022828;154 702 062;A01;1;7;0;2;2;15;1;
202000022829;154 702 059;A01;1;10;1;0;0;0;1;
202000022829;154 702 060;B01;1;33;0;2;6;1;1;
202000022830;154 702 058;A01;1;50;0;2;0;21;3;
202000022831;154 702 057;A01;1;7;0;1;2;1;1;
202000022832;154 702 056;A01;3;2;1;1;1;1;1;
202000022833;154 702 055;A01;1;7;0;1;2;1;1;
202000022834;154 702 054;A01;3;37;0;1;1;1;2;1
202000022835;154 702 052;B01;3;1;0;2;4;16;5;
202000022835;154 702 053;A01;3;7;0;2;2;16;1;
202000022836;154 702 050;B01;3;7;0;2;1;1;1;
202000022836;154 702 051;A01;3;7;0;2;1;26;1;
202000022837;154 702 046;D01;1;7;0;2;5;1;1;
202000022837;154 702 047;C01;1;7;0;2;3;1;1;
202000022837;154 702 048;B01;1;7;0;2;8;21;1;
202000022837;154 702 049;A01;2;7;1;2;1;5;1;
202000022838;154 702 044;A01;2;7;0;2;6;1;1;
202000022838;154 702 045;B01;2;7;0;2;2;1;1;
202000022839;154 702 043;A01;3;7;0;0;0;21;1;
202000022840;154 702 042;A01;2;30;0;1;1;16;1;
202000022841;154 702 040;B01;1;1;0;2;1;1;5;
202000022841;154 702 041;A01;2;10;0;2;3;26;1;
202000022842;154 702 039;A01;2;7;0;1;1;1;1;
202000022843;154 702 038;A01;1;7;0;1;1;1;1;
202000022844;154 702 036;A01;2;7;0;2;1;1;1;
202000022844;154 702 037;B01;1;7;0;2;2;15;1;
202000022845;154 702 034;B01;1;7;0;0;0;0;0;
202000022845;154 702 035;A01;1;7;3;2;2;9;0;
202000022846;154 702 033;A01;3;37;0;1;2;26;6;1
202000022847;154 702 032;A01;1;7;14;0;1;14;1;
202000022848;154 702 031;A01;1;30;0;0;0;21;1;
202000022849;154 702 029;B01;1;2;0;2;1;1;1;
202000022849;154 702 030;A01;2;7;0;2;2;15;1;
202000022850;154 702 027;B01;1;7;0;2;2;1;1;
202000022850;154 702 028;A01;1;1;0;2;1;1;5;
202000022851;154 702 025;A01;3;7;0;0;0;0;0;
202000022851;154 702 026;B01;3;7;0;0;4;23;0;
202000022852;154 702 023;A01;1;7;0;2;3;0;1;
202000022852;154 702 024;B01;1;1;0;2;1;0;5;