num_acc;id_vehicule;num_veh;senc;catv;obs;obsm;choc;manv;motor;occutc
202000022853;154 702 022;A01;0;7;0;1;1;1;1;
202000022854;154 702 019;B01;2;7;0;2;2;1;1;
202000022854;154 702 020;A01;2;7;9;2;6;17;1;
202000022854;154 702 021;C01;3;7;0;2;8;26;1;
202000022855;154 702 018;A01;0;7;0;1;1;1;1;
202000022856;154 702 016;B01;1;2;1;0;1;2;1;
202000022856;154 702 017;A01;1;7;1;0;4;23;1;
202000022857;154 702 015;A01;0;1;0;1;1;0;0;
202000022858;154 702 013;B01;0;33;0;2;7;17;1;
202000022858;154 702 014;A01;3;7;0;2;3;17;1;
202000022859;154 702 011;B01;0;31;0;2;8;1;1;
202000022859;154 702 012;A01;0;7;0;2;1;19;1;
202000022860;154 702 010;A01;1;7;0;1;3;15;1;
202000022861;154 702 008;B01;2;32;0;2;1;1;1;
202000022861;154 702 009;A01;1;7;0;2;2;15;1;
202000022862;154 702 006;A01;0;7;0;2;1;1;1;
202000022862;154 702 007;B01;0;7;0;2;7;1;1;
202000022863;154 702 005;Z01;1;15;0;1;0;1;0;
202000022864;154 702 003;A01;3;7;0;2;2;1;1;
202000022864;154 702 004;B01;1;2;0;2;7;1;1;
202000022865;154 702 002;A01;2;7;0;1;7;16;3;
202000022866;154 702 000;A01;2;7;0;2;6;15;1;
202000022866;154 702 001;B01;2;31;0;2;1;17;1;
202000022867;154 701 999;A01;1;15;0;1;0;11;1;
202000022868;154 701 997;B01;0;7;0;2;3;1;1;
202000022868;154 701 998;A01;3;7;0;2;2;1;1;
202000022869;154 701 995;B01;1;10;0;2;0;26;1;
202000022869;154 701 996;A01;1;30;0;2;0;0;1;
202000022870;154 701 993;B01;1;7;0;0;6;15;1;
202000022870;154 701 994;A01;1;2;0;2;2;17;1;
202000022871;154 701 991;A01;2;7;0;2;7;16;1;
202000022871;154 701 992;B01;3;37;0;2;2;2;1;1
202000022872;154 701 989;A01;1;30;0;2;1;2;1;
202000022872;154 701 990;B01;1;7;0;2;5;23;1;
202000022873;154 701 987;Z01;2;7;0;0;1;1;0;
202000022873;154 701 988;B01;1;30;0;2;8;1;1;
202000022874;154 701 986;A01;0;7;0;1;4;9;1;
202000022875;154 701 984;A01;1;10;0;2;3;13;1;
202000022875;154 701 985;B01;1;33;0;2;2;1;1;
202000022876;154 701 983;A01;1;33;0;0;0;1;1;
202000022877;154 701 981;B01;1;15;0;2;7;1;1;
202000022877;154 701 982;A01;0;32;0;2;1;2;1;
202000022878;154 701 980;A01;1;17;8;0;7;15;1;
202000022879;154 701 978;B01;1;2;0;2;2;26;1;
202000022879;154 701 979;A01;1;7;0;9;8;15;1;
202000022880;154 701 976;A01;1;10;0;2;2;2;1;
202000022880;154 701 977;B01;1;2;0;2;8;2;1;
202000022881;154 701 974;A01;1;10;0;2;1;1;1;
202000022881;154 701 975;B01;1;10;0;2;3;9;1;
202000022882;154 701 972;A01;3;10;0;2;1;15;1;
202000022882;154 701 973;B01;2;7;0;2;7;1;1;
202000022883;154 701 971;A01;0;7;0;1;3;1;1;
202000022884;154 701 969;A01;2;31;0;2;1;13;1;
202000022884;154 701 970;B01;1;7;0;2;1;1;1;
202000022885;154 701 968;A01;2;7;0;1;2;1;0;
202000022886;154 701 966;B01;3;10;0;2;2;15;1;
202000022886;154 701 967;A01;3;33;0;2;1;1;1;
202000022887;154 701 965;A01;1;1;1;0;1;21;5;
202000022888;154 701 963;B01;1;7;0;2;1;1;1;
202000022888;154 701 964;A01;1;50;0;2;7;1;3;
202000022889;154 701 961;B01;1;50;0;2;1;2;3;
202000022889;154 701 962;A01;2;1;0;2;1;13;5;
202000022890;154 701 960;A01;2;7;0;1;1;15;1;
202000022891;154 701 959;A01;1;7;0;1;1;1;2;
202000022892;154 701 957;Z01;1;7;0;2;0;0;0;
202000022892;154 701 958;A01;1;1;0;2;0;1;5;
202000022893;154 701 956;A01;2;1;0;1;1;15;5;
202000022894;154 701 954;A01;1;7;0;2;5;22;1;
202000022894;154 701 955;B01;1;1;0;2;1;18;5;
202000022895;154 701 952;A01;1;7;0;2;2;15;1;
202000022895;154 701 953;B01;2;33;0;2;1;1;1;
202000022896;154 701 951;A01;2;33;0;0;0;0;1;
202000022897;154 701 945;A01;3;7;0;2;8;19;1;
202000022897;154 701 946;B01;2;31;0;2;1;1;1;
202000022897;154 701 947;C01;1;13;0;0;1;1;1;
202000022898;154 701 943;A01;0;3;0;2;3;1;1;
202000022898;154 701 944;B01;0;10;0;2;3;5;1;
202000022899;154 701 942;A01;1;33;0;0;0;0;0;
202000022900;154 701 940;A01;1;7;0;2;3;13;1;
202000022900;154 701 941;B01;2;7;0;2;2;1;1;
202000022901;154 701 938;A01;1;7;0;2;3;0;0;
202000022901;154 701 939;B01;2;7;0;2;3;13;0;
202000022902;154 701 936;A01;2;10;0;9;3;1;1;
202000022902;154 701 937;B01;1;1;0;0;8;19;5;
202000022903;154 701 935;A01;2;7;0;1;3;15;1;
202000022904;154 701 933;A01;1;7;0;2;3;1;0;
202000022904;154 701 934;B01;1;7;0;2;3;13;0;
202000022905;154 701 931;A01;2;30;0;2;1;5;1;
202000022905;154 701 932;B01;1;7;0;2;3;1;1;
202000022906;154 701 929;B01;1;7;0;2;1;1;1;
202000022906;154 701 930;A01;1;7;0;0;4;1;1;
202000022907;154 701 928;A01;3;7;0;1;3;1;1;
202000022908;154 701 926;A01;1;33;0;2;2;17;1;
202000022908;154 701 927;B01;2;7;0;2;3;15;1;
202000022909;154 701 924;B01;1;7;14;0;3;1;1;
202000022909;154 701 925;A01;1;7;4;0;9;1;1;
202000022910;154 701 923;A01;3;7;0;1;5;4;1;
202000022911;154 701 922;A01;2;32;0;0;0;21;1;
202000022912;154 701 921;A01;2;7;1;0;2;0;1;
202000022913;154 701 919;A01;3;7;0;9;3;1;0;
202000022913;154 701 920;B01;3;80;0;2;7;1;3;
202000022914;154 701 917;B01;1;1;0;2;8;1;5;
202000022914;154 701 918;A01;1;7;0;0;3;1;1;
202000022915;154 701 915;B01;1;7;0;2;1;24;1;
202000022915;154 701 916;A01;1;7;1;0;1;1;1;
202000022916;154 701 914;A01;2;33;0;0;9;17;1;
202000022917;154 701 913;A01;2;7;4;0;3;1;1;
202000022918;154 701 911;B01;2;7;0;2;1;2;1;
202000022918;154 701 912;A01;2;7;0;2;4;1;1;
202000022919;154 701 909;A01;1;7;4;2;5;2;1;
202000022919;154 701 910;B01;2;7;4;2;3;2;1;
202000022920;154 701 907;A01;2;7;0;2;1;17;1;
202000022920;154 701 908;B01;2;7;0;2;6;11;1;
202000022921;154 701 905;A01;2;15;0;2;1;2;1;
202000022921;154 701 906;B01;2;7;0;2;6;1;1;
202000022922;154 701 903;A01;2;33;0;2;9;2;1;
202000022922;154 701 904;B01;1;7;0;2;0;2;1;
202000022923;154 701 901;A01;1;7;3;2;1;2;1;
202000022923;154 701 902;B01;1;10;0;2;4;2;1;
202000022924;154 701 900;A01;2;7;5;0;9;2;1;
202000022925;154 701 897;C01;2;15;0;2;1;2;1;
202000022925;154 701 898;B01;2;7;0;2;4;2;1;
202000022925;154 701 899;A01;2;15;0;2;1;2;1;
202000022926;154 701 895;A01;1;7;0;2;8;11;1;
202000022926;154 701 896;B01;1;33;0;2;3;2;1;
202000022927;154 701 893;Z01;0;10;0;0;0;0;0;
202000022927;154 701 894;A01;2;33;0;2;1;14;1;
202000022928;154 701 889;A01;1;7;0;0;0;26;1;
202000022928;154 701 890;B01;1;7;0;0;0;23;2;
202000022928;154 701 891;C01;1;7;0;0;0;23;2;
202000022928;154 701 892;D01;1;7;0;0;0;2;1;
202000022929;154 701 886;A01;1;17;0;2;2;12;1;
202000022929;154 701 887;B01;1;7;0;2;8;1;1;
202000022929;154 701 888;C01;1;33;0;2;7;3;1;
202000022930;154 701 885;A01;2;7;0;1;2;1;1;
202000022931;154 701 883;A01;2;10;0;2;1;1;1;
202000022931;154 701 884;B01;2;2;0;2;8;1;1;
202000022932;154 701 882;A01;1;7;0;1;8;2;1;
202000022933;154 701 880;A01;1;7;0;2;1;2;1;
202000022933;154 701 881;B01;1;7;0;2;4;2;1;
202000022934;154 701 879;A01;2;10;0;1;1;19;1;
202000022935;154 701 877;B01;3;7;0;2;1;1;2;
202000022935;154 701 878;A01;3;7;0;2;1;1;1;
202000022936;154 701 875;A01;1;7;0;9;8;15;6;
202000022936;154 701 876;B01;1;1;0;2;7;1;6;
202000022937;154 701 873;A01;2;7;0;2;2;19;1;
202000022937;154 701 874;B01;2;32;0;2;2;19;1;
202000022938;154 701 871;B01;1;7;0;2;2;15;1;
202000022938;154 701 872;A01;1;33;0;2;1;7;1;
202000022939;154 701 869;B01;3;1;0;2;0;0;5;
202000022939;154 701 870;A01;1;7;16;0;7;9;1;
202000022940;154 701 867;B01;2;2;0;2;1;1;1;
202000022940;154 701 868;A01;2;7;0;2;3;16;2;
202000022941;154 701 866;A01;1;30;0;0;0;1;0;
202000022942;154 701 864;B01;1;7;0;2;1;15;1;
202000022942;154 701 865;A01;2;30;0;2;1;17;1;
202000022943;154 701 862;B01;1;1;0;2;1;16;0;
202000022943;154 701 863;A01;1;14;0;2;5;1;1;
202000022944;154 701 860;B01;3;1;0;2;0;0;5;
202000022944;154 701 861;A01;3;7;0;2;1;1;1;
202000022945;154 701 858;A01;3;7;0;2;3;0;1;
202000022945;154 701 859;B01;3;7;0;2;3;0;1;
202000022946;154 701 857;A01;2;34;0;0;0;26;1;
202000022947;154 701 855;A01;1;7;0;2;1;13;0;
202000022947;154 701 856;B01;1;7;0;2;1;1;0;
202000022948;154 701 853;B01;3;7;0;2;1;1;1;
202000022948;154 701 854;A01;3;30;0;2;3;15;1;
202000022949;154 701 852;A01;1;7;0;1;1;26;1;
202000022950;154 701 851;A01;2;10;0;1;3;26;1;
202000022951;154 701 850;A01;3;7;0;1;1;1;1;
202000022952;154 701 849;A01;0;7;0;1;1;15;0;
202000022953;154 701 847;B01;1;7;0;2;3;0;0;
202000022953;154 701 848;A01;1;7;0;2;2;26;1;
202000022954;154 701 846;A01;3;10;0;1;6;23;1;
202000022955;154 701 844;A01;2;7;0;9;3;1;1;
202000022955;154 701 845;B01;1;1;0;2;1;5;0;
202000022956;154 701 842;B01;2;33;0;2;1;1;1;
202000022956;154 701 843;A01;2;7;0;2;8;15;1;
202000022957;154 701 840;A01;1;7;0;2;1;5;1;
202000022957;154 701 841;B01;2;7;0;2;1;1;1;
202000022958;154 701 839;A01;1;7;0;1;1;1;1;
202000022959;154 701 833;A01;3;7;0;2;3;9;1;
202000022959;154 701 834;B01;3;7;0;2;7;26;1;
202000022960;154 701 830;C01;2;7;0;2;1;1;1;
202000022960;154 701 831;B01;2;2;0;2;3;1;1;
202000022960;154 701 832;A01;1;7;0;2;1;13;1;
202000022961;154 701 828;A01;2;7;0;0;0;15;1;
202000022961;154 701 829;B01;1;33;0;2;0;1;1;
202000022962;154 701 827;A01;1;7;2;0;1;0;1;
202000022963;154 701 825;B01;2;10;0;2;8;19;1;
202000022963;154 701 826;A01;1;7;0;2;1;1;1;
202000022964;154 701 822;C01;0;7;0;2;1;1;1;
202000022964;154 701 823;B01;0;7;0;2;1;1;1;
202000022964;154 701 824;A01;0;7;0;2;1;13;1;
202000022965;154 701 821;A01;1;31;0;0;0;26;1;
202000022966;154 701 819;A01;2;7;0;2;6;16;1;
202000022966;154 701 820;B01;1;1;0;2;1;1;5;
202000022967;154 701 818;A01;0;36;15;0;3;13;1;
202000022968;154 701 816;A01;2;7;0;2;2;16;1;
202000022968;154 701 817;B01;2;1;0;2;4;1;5;
202000022969;154 701 814;B01;2;32;0;0;0;0;-1;
202000022969;154 701 815;A01;2;7;0;2;0;19;1;
202000022970;154 701 812;A01;1;7;0;2;2;9;1;
202000022970;154 701 813;B01;1;7;0;2;3;1;1;
202000022971;154 701 811;A01;2;32;12;0;0;1;1;
202000022972;154 701 809;A01;3;1;0;2;6;1;5;
202000022972;154 701 810;B01;1;7;0;2;3;1;1;
202000022973;154 701 807;A01;1;7;0;9;3;19;1;
202000022973;154 701 808;B01;1;1;0;2;8;1;5;
202000022974;154 701 805;A01;1;7;0;2;1;1;1;
202000022974;154 701 806;B01;2;1;0;2;6;19;5;
202000022975;154 701 803;Z01;0;7;0;2;0;0;0;
202000022975;154 701 804;A01;1;1;0;2;4;0;5;
202000022976;154 701 801;A01;1;7;0;2;2;15;1;
202000022976;154 701 802;B01;2;99;0;2;1;21;1;
202000022977;154 701 799;A01;1;7;0;2;1;1;1;
202000022977;154 701 800;B01;1;7;0;2;3;1;1;
202000022978;154 701 798;A01;1;10;0;1;8;1;1;
202000022979;154 701 796;B01;2;7;0;2;8;1;1;
202000022979;154 701 797;A01;1;7;0;2;1;1;1;
202000022980;154 701 794;B01;2;10;0;2;3;1;1;
202000022980;154 701 795;A01;1;2;0;2;1;5;1;
202000022981;154 701 792;B01;2;30;0;2;0;0;1;
202000022981;154 701 793;A01;1;7;0;2;3;15;1;
202000022982;154 701 791;A01;2;7;0;1;1;1;1;
202000022983;154 701 789;B01;1;10;0;2;6;23;1;
202000022983;154 701 790;A01;1;33;0;2;7;17;1;
202000022984;154 701 788;A01;3;7;1;1;2;0;0;
202000022985;154 701 787;A01;0;1;0;2;3;26;0;
202000022986;154 701 786;A01;0;7;0;1;1;19;0;
202000022987;154 701 784;B01;2;30;0;0;0;1;1;
202000022987;154 701 785;A01;1;7;0;0;0;20;0;
202000022988;154 701 782;B01;1;7;0;2;8;1;1;
202000022988;154 701 783;A01;1;7;0;2;1;1;1;
202000022989;154 701 780;Z01;2;7;0;2;3;9;0;
202000022989;154 701 781;A01;1;1;0;2;7;1;5;
202000022990;154 701 778;B01;2;7;0;2;2;16;1;
202000022990;154 701 779;A01;2;2;0;2;8;16;1;
202000022991;154 701 776;B01;2;1;0;2;7;1;5;
202000022991;154 701 777;A01;1;7;0;2;3;9;1;
202000022992;154 701 774;A01;1;10;0;2;2;2;1;
202000022992;154 701 775;B01;1;33;0;2;4;23;1;
202000022993;154 701 772;B01;3;1;0;2;1;19;5;
202000022993;154 701 773;A01;1;7;0;2;8;1;1;
202000022994;154 701 770;A01;3;7;0;2;8;9;1;
202000022994;154 701 771;B01;1;34;0;2;1;1;1;
202000022995;154 701 768;B01;1;0;0;2;1;2;0;
202000022995;154 701 769;A01;1;7;0;2;4;2;1;
202000022996;154 701 766;B01;3;99;0;2;1;5;5;
202000022996;154 701 767;A01;3;7;0;2;3;13;1;
202000022997;154 701 764;A01;2;33;0;2;1;1;0;
202000022997;154 701 765;B01;2;7;0;2;6;1;0;
202000022998;154 701 762;A01;1;7;0;2;1;2;1;
202000022998;154 701 763;B01;1;32;0;2;4;2;1;
202000022999;154 701 759;A01;3;7;0;2;3;16;1;
202000022999;154 701 760;B01;3;1;0;2;1;19;5;
202000023000;154 701 757;B01;1;33;0;2;1;7;1;
202000023000;154 701 758;A01;1;7;0;2;5;16;1;
202000023001;154 701 755;A01;1;7;0;2;3;2;1;
202000023001;154 701 756;B01;1;7;0;2;4;2;1;
202000023002;154 701 753;A01;0;7;0;2;2;26;1;
202000023002;154 701 754;B01;0;33;0;2;1;0;1;
202000023003;154 701 751;B01;0;7;0;2;6;1;3;
202000023003;154 701 752;A01;3;30;0;2;1;9;1;
202000023004;154 701 749;B01;1;7;0;2;4;23;1;
202000023004;154 701 750;A01;1;33;0;2;1;2;1;
202000023005;154 701 748;A01;0;33;0;1;9;18;1;
202000023006;154 701 746;B01;1;7;0;2;7;1;1;
202000023006;154 701 747;A01;1;7;0;2;1;9;1;
202000023007;154 701 744;B01;3;7;0;2;3;1;1;
202000023007;154 701 745;A01;3;3;0;2;3;13;1;
202000023008;154 701 743;A01;3;7;6;0;1;13;1;
202000023009;154 701 742;A01;2;7;5;0;1;12;1;
202000023010;154 701 740;B01;0;1;0;2;0;0;5;
202000023010;154 701 741;A01;1;7;0;2;0;0;1;
202000023011;154 701 738;A01;1;7;0;2;2;16;1;
202000023011;154 701 739;B01;1;2;0;2;1;1;1;
202000023012;154 701 736;B01;1;10;0;2;2;1;1;
202000023012;154 701 737;A01;2;1;0;2;1;5;5;
202000023013;154 701 734;A01;0;7;0;2;3;1;1;
202000023013;154 701 735;B01;1;7;0;2;1;1;1;
202000023014;154 701 732;A01;0;7;0;2;1;1;1;
202000023014;154 701 733;B01;0;1;0;2;1;25;5;
202000023015;154 701 730;A01;2;33;0;2;1;1;1;
202000023015;154 701 731;B01;2;7;0;2;6;15;1;
202000023016;154 701 729;Z01;0;7;0;1;0;0;0;
202000023017;154 701 728;A01;1;37;0;1;1;21;1;1
202000023018;154 701 727;A01;3;7;0;1;1;26;1;
202000023019;154 701 725;A01;1;7;0;2;3;9;1;
202000023019;154 701 726;B01;2;1;0;2;1;26;0;
202000023020;154 701 724;A01;1;7;0;1;1;9;1;
202000023021;154 701 723;A01;3;7;0;1;3;9;1;
202000023022;154 701 721;B01;2;7;0;2;4;0;1;
202000023022;154 701 722;A01;2;7;0;2;3;2;1;
202000023023;154 701 720;A01;0;7;0;1;1;15;1;
202000023024;154 701 718;B01;1;33;0;2;1;1;1;
202000023024;154 701 719;A01;1;7;0;2;3;9;1;
202000023025;154 701 716;B01;1;2;0;2;7;2;1;
202000023025;154 701 717;A01;1;10;0;2;8;15;1;
202000023026;154 701 714;A01;3;7;0;2;3;13;0;
202000023026;154 701 715;B01;3;7;0;2;3;1;0;
202000023027;154 701 712;B01;3;7;0;2;1;1;1;
202000023027;154 701 713;A01;1;30;0;2;1;1;1;
202000023028;154 701 710;B01;1;2;0;2;1;1;1;
202000023028;154 701 711;A01;2;7;0;2;2;15;1;
202000023029;154 701 708;A01;1;30;0;2;1;17;1;
202000023029;154 701 709;B01;1;7;0;2;8;15;1;
202000023030;154 701 704;D01;1;7;0;2;6;1;1;
202000023030;154 701 705;A01;1;34;0;2;1;3;1;
202000023030;154 701 706;B01;1;31;0;2;4;3;1;
202000023030;154 701 707;C01;1;32;0;2;4;1;1;
202000023031;154 701 702;A01;2;7;0;2;2;11;1;
202000023031;154 701 703;B01;2;7;0;2;6;1;1;
202000023032;154 701 700;B01;2;10;0;2;3;23;1;
202000023032;154 701 701;A01;1;1;0;2;1;13;5;
202000023033;154 701 699;A01;2;30;0;1;1;1;1;
202000023034;154 701 698;A01;3;50;0;0;0;1;3;
202000023035;154 701 696;A01;2;32;0;2;1;17;1;
202000023035;154 701 697;B01;2;10;0;2;3;15;1;
202000023036;154 701 695;A01;2;7;0;1;2;1;1;
202000023037;154 701 693;A01;2;1;0;2;5;1;5;
202000023037;154 701 694;Z01;1;30;0;2;0;13;0;
202000023038;154 701 691;A01;1;7;0;2;3;15;1;
202000023038;154 701 692;B01;2;33;0;2;3;1;1;
202000023039;154 701 689;A01;1;7;0;2;2;9;1;
202000023039;154 701 690;B01;1;31;0;2;3;1;1;
202000023040;154 701 688;A01;0;7;2;0;1;1;1;
202000023041;154 701 687;A01;1;30;0;1;3;1;1;
202000023042;154 701 685;A01;2;7;0;2;2;12;1;
202000023042;154 701 686;B01;2;1;0;2;8;7;5;
202000023043;154 701 683;B01;2;34;0;2;7;1;1;
202000023043;154 701 684;A01;2;10;0;2;3;10;1;
202000023044;154 701 682;A01;3;31;0;0;8;1;1;
202000023045;154 701 681;A01;1;1;0;0;1;21;5;
202000023046;154 701 679;B01;2;33;0;2;0;15;1;
202000023046;154 701 680;A01;1;7;0;2;1;19;1;
202000023047;154 701 677;A01;2;7;0;2;3;10;1;
202000023047;154 701 678;B01;2;2;0;2;1;17;1;
202000023048;154 701 675;B01;1;1;0;2;8;1;5;
202000023048;154 701 676;A01;1;7;0;2;0;0;0;
202000023049;154 701 673;A01;-1;32;0;2;8;16;1;
202000023049;154 701 674;B01;-1;7;0;2;2;1;1;
202000023050;154 701 671;B01;2;32;0;0;2;19;1;
202000023050;154 701 672;A01;2;7;0;2;8;22;1;
202000023051;154 701 670;A01;1;31;0;0;1;1;1;
202000023052;154 701 668;A01;1;7;0;2;3;26;1;
202000023052;154 701 669;B01;-1;80;1;2;0;0;3;
202000023053;154 701 667;A01;1;10;8;0;1;26;0;
202000023054;154 701 666;A01;1;7;0;1;2;26;0;
202000023055;154 701 664;B01;-1;7;0;0;4;2;1;
202000023055;154 701 665;A01;-1;7;7;2;1;2;1;
202000023056;154 701 662;A01;2;1;1;0;1;1;5;
202000023056;154 701 663;B01;0;7;0;0;0;22;1;
202000023057;154 701 660;B01;2;7;0;2;4;15;1;
202000023057;154 701 661;A01;2;1;0;2;1;2;5;
202000023058;154 701 659;A01;2;7;15;0;1;13;2;
202000023059;154 701 657;B01;1;7;0;2;5;26;0;
202000023059;154 701 658;A01;1;10;0;1;3;0;0;
202000023060;154 701 655;A01;2;7;0;2;1;2;0;
202000023060;154 701 656;B01;2;7;0;2;4;23;0;
202000023061;154 701 654;A01;2;1;15;1;1;13;5;
202000023062;154 701 652;A01;1;32;0;2;1;1;1;
202000023062;154 701 653;B01;1;10;0;2;4;20;1;
202000023063;154 701 651;A01;1;33;0;1;1;1;1;
202000023064;154 701 649;A01;2;7;0;2;3;24;1;
202000023064;154 701 650;Z01;2;7;1;0;2;0;0;
202000023065;154 701 648;A01;0;7;0;1;1;1;1;
202000023066;154 701 647;A01;1;7;6;0;1;1;1;
202000023067;154 701 645;A01;2;7;0;2;1;16;1;
202000023067;154 701 646;B01;1;1;0;0;7;19;5;
202000023068;154 701 644;A01;3;7;0;1;2;1;1;
202000023069;154 701 642;A01;2;7;0;2;3;0;1;
202000023069;154 701 643;B01;1;33;0;2;1;0;1;
202000023070;154 701 640;B01;3;7;0;2;2;1;1;
202000023070;154 701 641;A01;3;1;0;2;8;9;5;
202000023071;154 701 639;A01;1;7;15;0;1;1;1;
202000023072;154 701 636;A01;2;7;3;2;1;17;1;
202000023072;154 701 637;B01;2;7;0;2;4;11;1;
202000023072;154 701 638;C01;2;7;3;2;6;1;1;
202000023073;154 701 635;A01;1;7;8;0;1;1;1;
202000023074;154 701 634;A01;2;33;13;0;7;1;1;
202000023075;154 701 633;A01;1;33;16;0;9;1;1;
202000023076;154 701 632;A01;2;7;17;0;3;13;1;
202000023077;154 701 631;A01;1;7;0;1;1;1;0;
202000023078;154 701 629;A01;2;7;0;9;8;2;1;
202000023078;154 701 630;B01;2;1;0;2;7;2;5;
202000023079;154 701 627;A01;3;7;0;2;0;1;1;
202000023079;154 701 628;B01;0;1;0;2;4;1;5;
202000023080;154 701 626;A01;3;10;0;1;4;26;1;
202000023081;154 701 624;A01;3;7;0;2;3;19;3;
202000023081;154 701 625;B01;1;7;0;2;2;1;1;
202000023082;154 701 622;A01;1;7;3;2;3;17;1;
202000023082;154 701 623;B01;2;7;0;2;3;1;1;
202000023083;154 701 620;A01;2;7;0;2;8;10;1;
202000023083;154 701 621;B01;2;15;0;2;2;1;1;
202000023084;154 701 618;A01;1;7;0;2;8;19;1;
202000023084;154 701 619;B01;1;7;0;2;1;1;1;
202000023085;154 701 616;B01;1;7;0;2;3;1;1;
202000023085;154 701 617;A01;2;7;0;2;2;5;1;
202000023086;154 701 615;A01;0;7;6;0;1;13;1;
202000023087;154 701 614;A01;2;7;0;1;1;1;1;
202000023088;154 701 612;A01;3;7;0;1;3;1;1;
202000023089;154 701 610;B01;1;33;0;0;3;1;0;
202000023089;154 701 611;A01;2;7;0;2;3;9;0;
202000023090;154 701 609;A01;1;7;0;1;2;1;1;
202000023091;154 701 607;B01;1;7;0;0;3;1;0;
202000023091;154 701 608;A01;1;7;0;2;3;17;0;
202000023092;154 701 605;B01;1;34;0;2;1;1;1;
202000023092;154 701 606;A01;2;7;0;2;1;5;1;
202000023093;154 701 603;A01;2;43;0;2;3;1;1;
202000023093;154 701 604;Z01;2;7;0;2;7;16;1;
202000023094;154 701 602;A01;1;7;0;1;4;4;0;
202000023095;154 701 599;A01;2;7;0;2;3;15;1;
202000023095;154 701 600;B01;1;7;0;2;6;23;2;
202000023095;154 701 601;C01;1;33;0;2;1;17;1;
202000023096;154 701 597;B01;1;31;0;2;2;17;1;
202000023096;154 701 598;A01;1;14;0;2;3;10;1;
202000023097;154 701 594;A01;1;30;0;2;7;3;3;
202000023097;154 701 595;B01;1;7;0;2;6;16;1;
202000023097;154 701 596;C01;1;7;0;2;5;16;1;
202000023098;154 701 592;B01;1;7;0;2;3;1;1;
202000023098;154 701 593;A01;1;50;0;2;7;1;3;
202000023099;154 701 591;A01;2;50;8;0;1;25;3;
202000023100;154 701 589;A01;1;50;0;2;1;1;3;
202000023100;154 701 590;Z01;2;7;0;2;0;15;1;
202000023101;154 701 587;B01;2;7;0;2;8;1;2;
202000023101;154 701 588;A01;2;50;0;2;7;1;3;
202000023102;154 701 585;A01;1;7;0;2;2;1;3;
202000023102;154 701 586;B01;2;80;0;2;1;13;3;
202000023103;154 701 583;B01;1;33;0;2;8;13;1;
202000023103;154 701 584;A01;1;30;0;2;2;9;0;
202000023104;154 701 577;C01;3;7;0;2;2;5;1;
202000023104;154 701 578;B01;3;7;0;2;3;0;1;
202000023104;154 701 579;A01;3;33;0;2;2;3;1;
202000023105;154 701 576;A01;0;7;0;1;7;16;0;
202000023106;154 701 574;B01;1;99;15;0;4;16;3;
202000023106;154 701 575;A01;1;7;15;0;3;16;1;
202000023107;154 701 572;B01;2;10;0;2;1;16;0;
202000023107;154 701 573;A01;2;10;0;2;7;17;0;
202000023108;154 701 570;B01;1;7;0;2;4;2;0;
202000023108;154 701 571;A01;1;7;0;2;1;1;0;
202000023109;154 701 569;A01;1;10;1;1;2;1;0;
202000023110;154 701 567;A01;3;1;0;2;3;1;5;
202000023110;154 701 568;B01;3;30;0;2;1;19;0;
202000023111;154 701 565;A01;1;7;0;2;1;15;1;
202000023111;154 701 566;B01;2;33;0;2;3;2;1;
202000023112;154 701 563;A01;2;15;0;2;1;12;1;
202000023112;154 701 564;B01;2;7;0;2;8;1;1;
202000023113;154 701 561;B01;0;1;0;2;1;5;5;
202000023113;154 701 562;A01;3;7;0;2;1;1;1;
202000023114;154 701 559;B01;2;7;0;2;1;21;1;
202000023114;154 701 560;A01;2;7;0;2;3;15;1;
202000023115;154 701 557;B01;1;7;3;2;8;1;1;
202000023115;154 701 558;A01;1;10;3;2;7;17;1;
202000023116;154 701 556;A01;1;33;0;0;7;1;1;
202000023117;154 701 554;B01;1;7;2;2;1;1;1;
202000023117;154 701 555;A01;2;7;0;2;1;13;1;
202000023118;154 701 553;A01;0;7;13;0;1;17;0;
202000023119;154 701 552;A01;1;7;0;0;0;2;6;
202000023120;154 701 551;A01;2;7;13;0;2;1;0;
202000023121;154 701 550;A01;1;31;9;0;1;16;1;
202000023122;154 701 549;A01;1;7;13;0;1;18;1;
202000023123;154 701 548;A01;1;7;13;0;0;13;1;
202000023124;154 701 547;A01;1;33;0;0;7;1;1;
202000023125;154 701 546;A01;3;7;6;0;1;1;1;
202000023126;154 701 545;A01;2;7;16;0;9;13;1;
202000023127;154 701 544;A01;1;7;1;1;7;21;1;
202000023128;154 701 543;A01;2;1;13;0;0;21;5;
202000023129;154 701 542;A01;1;36;6;0;3;1;1;
202000023130;154 701 540;A01;2;7;0;2;7;17;1;
202000023130;154 701 541;B01;2;7;0;2;8;1;1;
202000023131;154 701 539;A01;2;7;0;1;1;1;1;
202000023132;154 701 537;B01;2;33;0;2;1;1;1;
202000023132;154 701 538;A01;1;7;0;2;3;15;1;
202000023133;154 701 535;A01;3;21;0;2;3;15;1;
202000023133;154 701 536;B01;3;2;0;2;8;21;1;
202000023134;154 701 533;A01;1;10;0;2;1;3;1;
202000023134;154 701 534;B01;2;33;0;2;1;26;1;
202000023135;154 701 531;A01;1;7;0;2;1;13;1;