num_acc;id_vehicule;num_veh;senc;catv;obs;obsm;choc;manv;motor;occutc
202000023698;154 700 529;B01;1;38;0;0;1;14;1;7
202000023699;154 700 526;A01;1;10;0;0;1;14;1;
202000023700;154 700 525;A01;1;7;0;2;1;9;1;
202000023700;154 700 527;B01;1;1;0;2;7;1;5;
202000023701;154 700 523;A01;0;2;0;0;2;1;1;
202000023702;154 700 522;B01;1;7;0;2;1;1;6;
202000023702;154 700 524;A01;1;7;5;2;2;15;1;
202000023703;154 700 521;A01;1;7;15;0;1;1;0;
202000023704;154 700 519;A01;2;7;0;2;1;17;1;
202000023704;154 700 520;B01;1;7;0;2;1;1;1;
202000023705;154 700 516;A01;1;7;1;0;2;1;1;
202000023705;154 700 517;B01;1;7;1;0;6;22;1;
202000023706;154 700 514;A01;1;0;0;2;1;1;0;
202000023706;154 700 515;B01;1;10;0;2;4;23;1;
202000023707;154 700 513;A01;2;7;0;9;9;1;0;
202000023708;154 700 518;A01;1;7;0;0;2;0;1;
202000023709;154 700 512;A01;1;7;3;0;4;26;1;
202000023710;154 700 510;B01;1;7;0;0;4;15;1;
202000023710;154 700 511;A01;1;32;0;2;1;2;1;
202000023711;154 700 509;A01;1;50;-1;-1;-1;-1;3;
202000023712;154 700 507;A01;1;7;0;2;1;1;1;
202000023712;154 700 508;B01;1;1;0;2;7;1;5;
202000023713;154 700 506;A01;3;1;0;0;0;0;5;
202000023714;154 700 505;A01;1;7;2;0;5;1;1;
202000023715;154 700 504;A01;1;1;0;0;0;1;5;
202000023716;154 700 501;B01;1;2;0;2;1;1;1;
202000023716;154 700 503;A01;2;7;0;2;2;10;1;
202000023717;154 700 500;A01;3;1;1;0;0;25;5;
202000023717;154 700 502;B01;3;7;0;0;0;23;1;
202000023718;154 700 498;A01;1;7;1;1;9;20;1;
202000023719;154 700 497;B01;1;31;0;2;1;1;1;
202000023719;154 700 499;A01;2;7;0;2;1;15;1;
202000023720;154 700 496;A01;1;7;0;0;9;14;1;
202000023721;154 700 494;A01;3;7;0;9;2;22;1;
202000023721;154 700 495;B01;3;1;1;0;3;25;5;
202000023722;154 700 492;A01;2;7;0;2;3;1;1;
202000023722;154 700 493;B01;1;33;0;2;1;1;1;
202000023723;154 700 490;A01;3;7;0;2;2;1;1;
202000023723;154 700 491;B01;1;7;0;2;1;1;1;
202000023724;154 700 488;B01;2;7;0;2;3;1;1;
202000023724;154 700 489;A01;1;10;0;2;2;15;1;
202000023725;154 700 486;A01;1;33;7;0;1;13;1;
202000023726;154 700 487;A01;2;2;0;0;8;1;3;
202000023727;154 700 485;A01;1;32;0;0;0;1;1;
202000023728;154 700 482;A01;1;7;0;2;3;19;0;
202000023728;154 700 484;B01;1;7;0;2;1;1;1;
202000023729;154 700 479;A01;1;7;0;0;7;1;1;
202000023729;154 700 480;B01;1;7;0;0;1;1;1;
202000023730;154 700 481;B01;0;7;0;2;4;2;1;
202000023730;154 700 483;A01;0;7;0;2;1;2;1;
202000023731;154 700 477;B01;1;7;0;2;1;0;1;
202000023731;154 700 478;A01;2;7;0;2;1;0;1;
202000023732;154 700 475;A01;1;34;0;2;1;0;1;
202000023732;154 700 476;B01;1;7;0;2;0;0;1;
202000023733;154 700 474;A01;3;7;6;0;2;14;0;
202000023734;154 700 473;A01;1;7;1;2;2;1;1;
202000023735;154 700 472;A01;3;7;0;1;8;1;1;
202000023736;154 700 470;B01;0;7;0;2;3;26;1;
202000023736;154 700 471;A01;0;7;0;2;2;26;1;
202000023737;154 700 466;A01;2;33;0;0;0;1;1;
202000023738;154 700 467;B01;2;37;0;2;3;1;1;1
202000023738;154 700 468;A01;1;3;0;2;1;17;1;
202000023739;154 700 462;C01;2;7;0;2;1;1;1;
202000023739;154 700 463;B01;2;13;0;2;4;1;1;
202000023739;154 700 465;A01;2;7;0;2;1;1;1;
202000023740;154 700 459;B01;2;33;0;2;2;1;0;
202000023740;154 700 460;A01;2;10;0;2;4;11;0;
202000023741;154 700 461;B01;3;37;0;2;5;1;3;2
202000023741;154 700 464;A01;1;7;0;2;1;1;1;
202000023742;154 700 457;A01;1;7;4;2;2;17;1;
202000023742;154 700 458;B01;1;10;5;2;6;26;1;
202000023743;154 700 456;A01;1;7;0;1;4;20;1;
202000023744;154 700 453;A01;3;7;0;2;0;0;0;
202000023744;154 700 454;B01;3;50;0;2;7;1;3;
202000023745;154 700 451;B01;2;7;0;2;6;2;1;
202000023745;154 700 452;A01;2;32;0;2;1;2;1;
202000023746;154 700 450;A01;2;7;0;1;3;1;1;
202000023747;154 700 448;B01;2;7;4;0;5;1;1;
202000023747;154 700 449;A01;2;7;4;0;1;12;1;
202000023748;154 700 446;A01;3;10;0;2;6;19;1;
202000023748;154 700 447;B01;1;30;0;2;1;1;1;
202000023749;154 700 445;A01;3;34;7;0;1;7;1;
202000023750;154 700 443;A01;1;7;0;2;1;16;1;
202000023750;154 700 444;VB01;2;1;0;2;8;1;0;
202000023751;154 700 438;B01;1;33;0;2;1;1;1;
202000023751;154 700 440;A01;1;7;0;2;4;9;1;
202000023752;154 700 437;D01;2;7;0;2;4;23;1;
202000023752;154 700 439;C01;2;7;0;2;7;23;1;
202000023752;154 700 441;B01;2;7;0;2;4;23;1;
202000023752;154 700 442;A01;2;7;0;2;1;1;1;
202000023753;154 700 436;A01;1;7;13;0;0;1;1;
202000023754;154 700 435;Z01;2;30;0;1;7;1;3;
202000023755;154 700 433;B01;2;50;0;2;1;15;3;
202000023755;154 700 434;A01;2;7;0;9;3;1;1;
202000023756;154 700 430;A01;3;32;12;0;1;1;1;
202000023757;154 700 431;B01;1;2;0;2;1;1;1;
202000023757;154 700 432;A01;1;7;0;2;1;10;1;
202000023758;154 700 427;A01;2;7;0;2;2;1;0;
202000023758;154 700 428;B01;2;1;0;2;0;0;5;
202000023759;154 700 425;B01;2;7;0;2;5;1;1;
202000023759;154 700 426;A01;2;7;0;2;3;1;1;
202000023759;154 700 429;C01;2;7;0;2;0;9;0;
202000023760;154 700 421;A01;3;7;1;2;1;1;1;
202000023760;154 700 423;B01;3;7;0;2;5;19;1;
202000023761;154 700 420;A01;3;7;0;2;1;16;1;
202000023761;154 700 422;B01;3;7;0;2;3;1;1;
202000023762;154 700 418;B01;2;30;0;2;3;1;1;
202000023762;154 700 419;A01;1;7;0;2;7;15;1;
202000023763;154 700 414;A01;2;7;1;2;1;7;1;
202000023763;154 700 416;B01;2;7;9;0;5;16;1;
202000023763;154 700 417;C01;2;7;0;2;7;1;1;
202000023764;154 700 413;A01;3;33;0;2;4;23;1;
202000023764;154 700 415;Z01;3;7;0;2;1;1;0;
202000023765;154 700 411;A01;3;99;0;2;3;19;0;
202000023765;154 700 412;B01;1;7;0;2;3;9;1;
202000023766;154 700 410;A01;3;60;0;0;0;19;5;
202000023767;154 700 408;B01;1;7;0;2;1;1;1;
202000023767;154 700 409;A01;2;30;0;2;1;1;1;
202000023768;154 700 406;B01;1;32;0;2;1;17;1;
202000023768;154 700 407;A01;1;7;0;2;4;10;1;
202000023769;154 700 404;A01;0;7;0;1;1;1;0;
202000023770;154 700 403;A01;1;7;0;2;3;2;1;
202000023770;154 700 405;B01;2;50;0;2;0;19;3;
202000023771;154 700 401;A01;1;32;0;1;3;1;1;
202000023772;154 700 400;A01;1;30;0;2;1;1;1;
202000023772;154 700 402;B01;1;7;0;2;3;1;1;
202000023773;154 700 399;A01;1;7;0;1;1;15;1;
202000023774;154 700 398;A01;3;3;1;0;2;26;1;
202000023775;154 700 395;A01;1;1;0;2;8;19;5;
202000023775;154 700 396;B01;2;7;0;2;1;1;1;
202000023776;154 700 394;Z01;1;7;0;2;3;13;1;
202000023776;154 700 397;A01;2;30;0;2;3;1;1;
202000023777;154 700 391;A01;1;7;0;2;7;22;1;
202000023777;154 700 393;B01;1;50;0;2;1;1;3;
202000023778;154 700 390;A01;1;7;8;2;1;15;0;
202000023778;154 700 392;B01;1;7;0;2;2;23;0;
202000023779;154 700 388;A01;2;7;0;1;2;1;1;
202000023780;154 700 387;A01;1;7;0;2;6;15;1;
202000023780;154 700 389;B01;1;33;0;2;1;17;0;
202000023781;154 700 384;B01;2;7;0;2;6;1;1;
202000023781;154 700 386;A01;2;7;6;2;1;26;1;
202000023782;154 700 383;A01;1;7;0;2;1;19;1;
202000023782;154 700 385;B01;2;7;0;2;1;1;1;
202000023783;154 700 381;Z01;2;7;0;2;2;12;1;
202000023783;154 700 382;A01;2;33;0;2;8;1;1;
202000023784;154 700 378;B01;1;60;0;2;3;1;5;
202000023784;154 700 379;A01;1;7;0;2;3;1;1;
202000023785;154 700 377;A01;3;7;0;2;2;26;1;
202000023785;154 700 380;B01;3;1;0;0;7;26;5;
202000023786;154 700 376;A01;-1;32;15;0;1;1;1;
202000023787;154 700 373;B01;1;10;0;0;3;1;1;
202000023787;154 700 375;A01;1;2;0;2;1;1;1;
202000023788;154 700 371;A01;1;32;15;0;1;16;1;
202000023789;154 700 372;B01;1;30;0;2;7;26;0;
202000023789;154 700 374;A01;1;7;0;2;2;16;0;
202000023790;154 700 369;B01;2;7;0;2;2;1;1;
202000023790;154 700 370;A01;1;30;0;2;3;15;1;
202000023791;154 700 367;B01;1;30;1;0;0;0;1;
202000023791;154 700 368;A01;1;7;1;0;0;23;1;
202000023792;154 700 365;Z01;3;7;0;2;0;1;1;
202000023792;154 700 366;A01;3;1;0;2;1;1;5;
202000023793;154 700 363;B01;1;7;0;2;5;16;1;
202000023793;154 700 364;A01;1;32;0;2;1;1;1;
202000023794;154 700 362;A01;2;1;0;0;0;1;5;
202000023795;154 700 360;A01;1;10;0;1;1;15;1;
202000023796;154 700 359;A01;3;7;0;2;1;1;1;
202000023796;154 700 361;B01;3;7;0;2;1;1;1;
202000023797;154 700 358;A01;1;7;0;1;1;1;1;
202000023798;154 700 357;A01;3;2;15;0;1;14;1;
202000023799;154 700 355;B01;1;1;0;2;1;26;6;
202000023799;154 700 356;A01;1;34;1;9;8;9;1;
202000023800;154 700 354;A01;1;2;0;0;7;1;0;
202000023801;154 700 352;A01;1;7;0;2;3;15;1;
202000023801;154 700 353;B01;1;7;0;2;1;1;1;
202000023802;154 700 348;B01;3;2;0;2;4;1;1;
202000023802;154 700 350;A01;3;7;0;2;1;1;1;
202000023803;154 700 346;B01;3;7;0;2;2;1;1;
202000023803;154 700 347;A01;-1;30;0;2;1;16;1;
202000023804;154 700 349;A01;3;7;13;0;1;1;1;
202000023805;154 700 344;B01;2;32;0;9;7;1;1;
202000023805;154 700 345;A01;2;60;0;2;8;15;5;
202000023806;154 700 342;A01;1;10;1;0;1;0;1;
202000023807;154 700 341;A01;2;1;0;0;0;2;0;
202000023807;154 700 343;B01;2;1;0;0;0;2;0;
202000023808;154 700 339;A01;1;7;0;2;1;2;0;
202000023808;154 700 340;B01;1;2;0;0;4;2;0;
202000023809;154 700 334;B01;2;7;0;2;1;1;1;
202000023809;154 700 335;A01;1;7;0;2;3;15;1;
202000023810;154 700 332;A01;1;31;0;0;8;16;1;
202000023811;154 700 331;A01;2;7;0;2;7;13;1;
202000023811;154 700 333;B01;1;7;0;2;1;1;1;
202000023812;154 700 329;B01;1;7;0;0;4;15;1;
202000023812;154 700 330;A01;1;30;0;2;1;15;1;
202000023813;154 700 326;A01;2;7;2;0;3;0;1;
202000023814;154 700 321;B01;2;32;0;2;2;1;1;
202000023814;154 700 322;A01;2;7;0;0;6;11;1;
202000023815;154 700 320;C01;2;7;0;2;4;2;1;
202000023815;154 700 323;D01;2;7;0;2;4;2;1;
202000023815;154 700 324;F01;2;7;0;2;4;2;1;
202000023815;154 700 325;E01;2;7;0;2;4;2;1;
202000023815;154 700 327;B01;2;15;0;2;4;2;1;
202000023815;154 700 328;A01;2;15;0;2;1;2;1;
202000023816;154 700 319;A01;3;1;0;1;1;1;5;
202000023817;154 700 318;A01;0;7;13;0;1;1;1;
202000023818;154 700 317;A01;1;7;6;0;8;14;1;
202000023819;154 700 315;A01;0;7;13;0;4;4;1;
202000023819;154 700 316;B01;0;7;13;0;4;4;1;
202000023820;154 700 313;A01;1;7;0;2;3;2;1;
202000023820;154 700 314;B01;2;7;0;2;3;2;1;
202000023821;154 700 312;A01;1;7;0;1;7;1;1;
202000023822;154 700 310;B01;2;10;0;2;1;19;1;
202000023822;154 700 311;A01;1;7;8;2;3;1;0;
202000023823;154 700 308;A01;2;7;0;2;2;17;1;
202000023823;154 700 309;B01;2;1;0;2;4;2;5;
202000023824;154 700 307;A01;2;7;2;0;1;14;1;
202000023825;154 700 305;A01;1;7;13;0;7;1;1;
202000023826;154 700 304;B01;1;7;8;0;3;1;1;
202000023826;154 700 306;A01;1;7;8;0;8;1;1;
202000023827;154 700 301;A01;1;7;0;2;7;19;1;
202000023827;154 700 303;B01;1;7;0;2;1;1;1;
202000023828;154 700 300;A01;2;7;0;2;1;1;1;
202000023828;154 700 302;B01;1;1;0;2;2;19;5;
202000023829;154 700 299;A01;1;10;0;1;5;25;1;
202000023830;154 700 296;C01;1;7;0;0;0;15;1;
202000023830;154 700 297;B01;1;7;0;2;4;0;1;
202000023830;154 700 298;A01;1;7;0;2;1;2;1;
202000023831;154 700 295;A01;3;7;16;0;3;1;1;
202000023832;154 700 292;A01;1;7;0;2;1;0;1;
202000023832;154 700 294;B01;2;31;0;2;0;0;1;
202000023833;154 700 291;A01;3;13;0;2;1;19;1;
202000023833;154 700 293;B01;0;2;0;2;1;1;1;
202000023834;154 700 290;A01;2;7;2;0;9;1;1;
202000023835;154 700 289;A01;2;2;14;0;1;1;1;
202000023836;154 700 288;A01;1;7;13;0;1;1;1;
202000023837;154 700 286;B01;1;7;0;2;1;21;1;
202000023837;154 700 287;A01;1;3;0;2;3;9;1;
202000023838;154 700 285;A01;2;33;6;0;1;17;1;
202000023839;154 700 283;B01;2;7;0;2;3;1;1;
202000023839;154 700 284;A01;1;7;0;2;3;1;1;
202000023840;154 700 279;A01;2;33;0;2;1;1;1;
202000023840;154 700 281;B01;2;7;0;0;5;1;1;
202000023841;154 700 278;A01;1;7;0;2;3;1;1;
202000023841;154 700 280;C01;2;13;10;0;5;2;1;
202000023841;154 700 282;B01;1;7;0;2;1;17;1;
202000023842;154 700 276;B01;2;7;0;2;3;1;1;
202000023842;154 700 277;A01;1;7;0;2;3;5;1;
202000023843;154 700 275;A01;1;7;0;0;1;1;1;
202000023844;154 700 274;A01;1;7;13;0;2;1;1;
202000023845;154 700 272;A01;2;7;4;0;2;1;1;
202000023846;154 700 271;A01;3;10;0;2;3;13;1;
202000023846;154 700 273;B01;3;80;0;2;3;1;3;
202000023847;154 700 270;A01;2;7;2;0;2;1;1;
202000023848;154 700 268;B01;2;7;0;2;1;1;1;
202000023848;154 700 269;A01;1;7;0;2;3;15;1;
202000023849;154 700 265;C01;1;7;0;2;1;1;1;
202000023849;154 700 266;B01;1;7;0;2;6;1;1;
202000023849;154 700 267;A01;2;10;0;2;3;15;1;
202000023850;154 700 263;B01;2;10;0;9;6;1;1;
202000023850;154 700 264;A01;1;2;0;2;6;26;1;
202000023851;154 700 262;A01;1;7;13;0;1;1;1;
202000023852;154 700 259;A01;1;7;0;2;2;12;1;
202000023852;154 700 260;B01;1;17;0;2;6;1;1;
202000023853;154 700 258;A01;1;7;11;0;1;14;1;
202000023854;154 700 256;A01;1;7;3;2;7;12;1;
202000023854;154 700 257;B01;1;33;0;2;1;1;1;
202000023855;154 700 255;A01;1;7;4;0;9;11;1;
202000023856;154 700 252;A01;1;2;0;2;1;1;1;
202000023856;154 700 253;B01;2;7;0;2;3;10;1;
202000023857;154 700 250;B01;3;1;0;2;8;1;5;
202000023857;154 700 251;A01;3;7;0;2;2;17;1;
202000023858;154 700 248;A01;1;7;0;2;3;15;1;
202000023858;154 700 249;B01;2;33;0;2;1;1;1;
202000023859;154 700 246;A01;0;7;0;2;4;23;0;
202000023859;154 700 247;B01;3;7;0;2;1;1;0;
202000023860;154 700 244;B01;2;1;0;2;1;1;5;
202000023860;154 700 245;A01;1;10;0;2;1;15;1;
202000023861;154 700 242;A01;1;7;0;0;0;13;1;
202000023861;154 700 243;B01;1;30;0;2;0;2;1;
202000023862;154 700 239;B01;3;33;0;2;7;21;1;
202000023862;154 700 240;A01;1;7;0;0;0;14;1;
202000023862;154 700 241;C01;3;7;0;2;6;23;1;
202000023863;154 700 238;A01;2;7;0;1;1;1;1;
202000023864;154 700 236;B01;1;7;0;2;1;1;1;
202000023864;154 700 237;A01;2;7;0;2;6;1;1;
202000023865;154 700 234;A01;1;7;0;2;1;13;1;
202000023865;154 700 235;B01;2;7;0;2;1;1;6;
202000023866;154 700 232;B01;2;15;0;2;3;1;1;
202000023866;154 700 233;A01;1;7;0;2;3;13;1;
202000023867;154 700 229;A01;2;17;0;2;0;11;0;
202000023867;154 700 230;B01;2;10;0;2;4;11;1;
202000023867;154 700 231;C01;2;17;0;0;4;1;1;
202000023868;154 700 227;B01;2;7;0;2;3;1;1;
202000023868;154 700 228;A01;1;33;0;2;1;5;1;
202000023869;154 700 225;B01;2;2;0;0;4;2;1;
202000023869;154 700 226;A01;2;7;0;2;2;1;1;
202000023870;154 700 224;A01;0;2;15;0;2;1;0;
202000023871;154 700 223;A01;1;7;13;0;1;14;1;
202000023872;154 700 222;A01;3;30;6;0;1;13;1;
202000023873;154 700 221;A01;3;7;2;0;7;15;1;
202000023874;154 700 219;B01;1;7;0;2;1;1;1;
202000023874;154 700 220;A01;2;7;0;2;7;1;1;
202000023875;154 700 216;A01;2;7;13;0;7;1;1;
202000023876;154 700 214;B01;2;50;0;0;1;9;3;
202000023876;154 700 215;A01;1;2;0;2;1;1;1;
202000023877;154 700 213;A01;2;1;0;0;0;1;5;
202000023878;154 700 212;A01;2;33;13;0;3;1;1;
202000023879;154 700 210;A01;1;7;0;2;3;13;1;
202000023879;154 700 211;B01;2;10;0;2;3;1;0;
202000023880;154 700 208;B01;1;10;0;2;3;1;0;
202000023880;154 700 209;A01;2;7;0;2;2;15;0;
202000023881;154 700 206;B01;2;7;0;2;1;1;1;
202000023881;154 700 207;A01;1;10;0;2;2;1;1;
202000023882;154 700 205;A01;2;7;6;0;0;1;0;
202000023883;154 700 203;B01;2;7;0;2;9;1;1;
202000023883;154 700 204;A01;1;7;13;2;9;13;1;
202000023884;154 700 200;A01;1;7;6;0;1;1;1;
202000023885;154 700 199;A01;2;7;0;1;1;1;1;
202000023886;154 700 197;A01;1;7;1;1;3;1;1;
202000023887;154 700 196;A01;2;33;0;6;0;1;1;
202000023888;154 700 195;A01;2;31;0;0;1;1;1;
202000023889;154 700 193;A01;1;7;0;2;1;13;1;
202000023889;154 700 194;B01;2;7;0;2;1;1;1;
202000023890;154 700 192;A01;0;2;16;0;8;16;1;
202000023891;154 700 190;B01;2;7;0;2;1;1;1;
202000023891;154 700 191;A01;1;7;1;2;7;15;1;
202000023892;154 700 189;A01;1;7;13;0;1;1;1;
202000023893;154 700 187;A01;2;7;0;2;3;15;0;
202000023893;154 700 188;B01;1;31;0;2;8;1;0;
202000023894;154 700 185;B01;3;7;0;2;3;1;1;
202000023894;154 700 186;A01;3;33;0;2;1;17;1;
202000023895;154 700 184;A01;1;7;4;0;3;9;1;
202000023896;154 700 183;A01;2;7;3;0;1;1;1;
202000023897;154 700 182;A01;1;33;11;0;1;17;1;
202000023898;154 700 180;B01;3;7;0;2;2;13;1;
202000023898;154 700 181;A01;3;7;0;2;3;1;1;
202000023899;154 700 178;A01;2;1;0;2;0;0;5;
202000023899;154 700 179;B01;2;0;0;2;1;0;0;
202000023900;154 700 176;A01;0;7;0;0;2;1;1;
202000023900;154 700 177;B01;0;1;0;2;2;0;5;
202000023901;154 700 174;B01;2;7;4;2;1;1;1;
202000023901;154 700 175;A01;1;7;0;2;1;5;1;
202000023902;154 700 173;A01;1;7;6;0;1;13;1;
202000023903;154 700 171;A01;0;2;0;2;1;2;0;
202000023903;154 700 172;B01;0;7;0;2;4;2;0;
202000023904;154 700 170;A01;1;7;0;0;3;0;1;
202000023905;154 700 169;A01;0;7;8;0;1;2;1;
202000023906;154 700 168;A01;1;7;3;0;2;3;1;
202000023907;154 700 167;A01;3;2;0;0;1;21;1;
202000023908;154 700 165;A01;1;7;0;2;2;13;1;
202000023908;154 700 166;B01;2;7;0;2;1;1;1;
202000023909;154 700 161;B01;1;7;0;2;1;1;1;
202000023909;154 700 162;A01;1;7;0;2;4;1;1;
202000023910;154 700 158;A01;1;7;0;2;1;2;1;
202000023910;154 700 159;B01;1;7;0;2;4;2;1;
202000023910;154 700 160;C01;1;7;0;2;4;2;1;
202000023911;154 700 156;A01;2;7;0;2;4;1;1;
202000023911;154 700 157;B01;2;7;0;2;1;2;1;
202000023912;154 700 155;A01;2;7;12;0;2;14;1;
202000023913;154 700 152;A01;1;31;0;2;8;3;1;
202000023913;154 700 153;B01;1;7;0;2;7;12;1;
202000023913;154 700 154;C01;1;7;0;2;4;1;1;
202000023914;154 700 150;A01;1;33;0;2;1;26;1;
202000023914;154 700 151;B01;1;10;0;2;5;1;1;
202000023915;154 700 148;B01;1;7;0;2;8;1;0;
202000023915;154 700 149;A01;1;15;0;2;7;12;0;
202000023916;154 700 145;A01;1;33;0;2;3;3;1;
202000023916;154 700 146;B01;1;7;0;2;3;1;1;
202000023916;154 700 147;C01;1;7;0;2;5;1;1;
202000023917;154 700 144;A01;1;7;4;0;1;1;1;
202000023918;154 700 143;A01;2;33;4;0;1;1;1;
202000023919;154 700 142;A01;2;7;4;0;1;1;1;
202000023920;154 700 140;A01;2;7;0;2;8;11;1;
202000023920;154 700 141;B01;2;33;0;2;7;3;1;
202000023921;154 700 137;C01;2;33;0;2;6;1;1;
202000023921;154 700 138;A01;2;7;0;2;8;11;1;
202000023921;154 700 139;B01;2;33;0;2;2;3;1;
202000023922;154 700 136;A01;2;7;0;1;3;1;1;
202000023923;154 700 135;A01;1;7;6;0;2;14;1;
202000023924;154 700 133;B01;1;7;0;2;1;1;1;
202000023924;154 700 134;A01;2;7;0;2;7;15;1;
202000023925;154 700 132;A01;2;31;0;0;8;21;1;
202000023926;154 700 128;SB01;3;2;0;2;7;1;1;
202000023926;154 700 129;PA01;3;10;0;2;3;15;1;
202000023927;154 700 126;A01;1;2;0;2;8;16;1;
202000023927;154 700 127;B01;1;7;0;9;5;16;1;
202000023928;154 700 124;B01;1;2;0;2;0;1;1;
202000023928;154 700 125;A01;1;7;0;2;0;16;1;
202000023929;154 700 123;A01;3;7;0;9;2;1;1;
202000023930;154 700 121;B01;3;7;0;2;4;1;1;
202000023930;154 700 122;A01;3;7;0;2;1;1;1;
202000023931;154 700 118;C01;2;7;0;2;4;23;0;
202000023931;154 700 119;B01;2;7;0;2;4;23;1;
202000023931;154 700 120;A01;2;7;0;2;1;2;1;
202000023932;154 700 115;C01;2;7;0;2;4;2;6;
202000023932;154 700 116;A01;2;7;0;2;1;2;6;
202000023932;154 700 117;B01;2;7;0;2;4;2;6;
202000023933;154 700 113;A01;1;10;0;9;2;2;1;
202000023933;154 700 114;B01;1;50;0;2;0;2;3;
202000023934;154 700 111;A01;1;7;0;2;1;15;1;
202000023934;154 700 112;B01;2;33;0;2;1;1;1;
202000023935;154 700 110;A01;1;7;0;1;1;1;6;
202000023936;154 700 108;B01;1;7;0;9;1;1;1;
202000023936;154 700 109;A01;1;1;0;2;7;0;5;
202000023937;154 700 106;B01;2;7;0;2;2;1;1;
202000023937;154 700 107;A01;2;7;0;2;6;1;0;
202000023938;154 700 104;A01;1;10;0;2;5;9;1;
202000023938;154 700 105;B01;1;7;0;2;1;9;1;
202000023939;154 700 102;B01;3;32;0;2;8;0;1;
202000023939;154 700 103;A01;3;7;0;2;1;15;0;
202000023940;154 700 100;A01;2;50;0;2;1;19;3;
202000023940;154 700 101;B01;1;7;0;2;7;1;1;
202000023941;154 700 098;A01;1;2;0;2;7;17;1;
202000023941;154 700 099;B01;1;17;0;2;6;1;0;
202000023942;154 700 096;A01;1;33;0;0;8;1;0;
202000023942;154 700 097;B01;2;10;0;0;0;15;0;
202000023943;154 700 090;B01;1;1;0;2;1;1;5;
202000023944;154 700 088;A01;3;7;0;2;1;2;1;
202000023944;154 700 089;B01;0;7;0;2;4;2;1;
202000023945;154 700 087;A01;1;7;13;0;0;26;0;
202000023946;154 700 086;A01;2;7;6;0;1;14;1;
202000023947;154 700 084;B01;3;7;0;2;1;1;1;
202000023947;154 700 085;A01;3;7;0;2;2;15;1;
202000023948;154 700 082;A01;1;7;0;2;3;15;1;
202000023948;154 700 083;B01;2;2;0;2;8;1;1;
202000023949;154 700 080;B01;2;1;0;2;0;0;5;
202000023949;154 700 081;A01;1;7;0;2;0;26;1;
202000023950;154 700 078;B01;2;7;0;2;8;1;1;
202000023950;154 700 079;A01;1;7;0;2;3;13;1;
202000023951;154 700 076;A01;1;7;0;2;1;9;1;
202000023951;154 700 077;B01;2;80;0;2;5;1;3;
202000023952;154 700 075;A01;2;7;0;1;2;1;1;
202000023953;154 700 073;A01;1;7;0;2;1;15;1;
202000023953;154 700 074;B01;2;34;0;2;1;1;0;
202000023954;154 700 071;A01;1;7;0;2;7;6;1;
202000023954;154 700 072;B01;2;30;0;2;1;1;1;
202000023955;154 700 067;A01;2;7;0;2;1;13;1;
202000023955;154 700 068;B01;1;7;13;0;0;21;1;
202000023955;154 700 069;C01;1;7;3;2;7;21;1;
202000023955;154 700 070;D01;1;7;0;2;8;1;1;
202000023956;154 700 066;A01;2;50;0;0;0;2;3;
202000023957;154 700 064;A01;1;7;0;2;4;2;1;
202000023957;154 700 065;B01;1;10;0;2;4;2;1;
202000023958;154 700 062;A01;2;7;0;2;1;2;1;
202000023958;154 700 063;B01;2;7;0;2;4;2;1;
202000023959;154 700 061;A01;1;7;0;1;1;1;1;
202000023960;154 700 059;A01;1;7;0;2;1;1;1;
202000023960;154 700 060;B01;1;1;0;2;1;1;5;
202000023961;154 700 057;A01;1;7;0;2;1;9;1;
202000023961;154 700 058;B01;1;7;0;0;4;23;1;
202000023962;154 700 055;B01;1;40;0;2;2;1;3;
202000023962;154 700 056;A01;1;7;0;4;8;10;1;
202000023963;154 700 053;A01;3;7;0;2;3;16;1;
202000023963;154 700 054;B01;3;7;0;2;7;1;1;
202000023964;154 700 051;B01;1;1;0;2;7;1;5;
202000023964;154 700 052;A01;1;7;0;2;1;16;1;
202000023965;154 700 049;A01;1;7;0;2;4;1;1;
202000023965;154 700 050;B01;1;7;0;2;1;1;1;
202000023966;154 700 047;A01;1;7;0;2;7;16;1;
202000023966;154 700 048;B01;1;15;0;2;3;1;1;
202000023967;154 700 046;A01;0;80;0;0;1;1;3;
202000023968;154 700 043;B01;3;7;0;2;6;1;1;
202000023968;154 700 044;A01;3;7;1;2;8;15;1;
202000023968;154 700 045;Z01;3;7;0;2;0;0;1;
202000023969;154 700 041;A01;2;10;0;2;3;15;1;
202000023969;154 700 042;B01;2;31;0;2;1;1;1;
202000023970;154 700 039;A01;1;31;0;2;1;18;1;
202000023970;154 700 040;B01;2;7;0;2;6;15;1;
202000023971;154 700 037;B01;1;10;0;2;1;19;1;
202000023971;154 700 038;A01;1;10;0;2;2;19;1;
202000023972;154 700 035;B01;1;2;0;2;8;1;1;
202000023972;154 700 036;A01;1;7;0;2;7;14;1;
202000023973;154 700 034;A01;2;7;0;0;9;13;1;
202000023974;154 700 032;A01;1;7;0;2;7;1;1;
202000023974;154 700 033;B01;1;2;0;2;1;1;1;
202000023975;154 700 031;A01;1;7;0;1;1;1;1;
202000023976;154 700 030;A01;3;37;0;1;2;1;1;1
202000023977;154 700 029;A01;1;7;0;1;1;0;1;
202000023978;154 700 028;A01;1;13;0;1;3;1;1;
202000023979;154 700 027;A01;1;7;0;1;1;1;1;
202000023980;154 700 026;A01;1;7;0;1;1;1;1;