num_acc;id_vehicule;num_veh;senc;catv;obs;obsm;choc;manv;motor;occutc
202000023981;154 700 024;A01;2;7;0;2;3;13;1;
202000023981;154 700 025;B01;2;7;0;2;3;1;1;
202000023982;154 700 023;A01;0;10;0;1;4;4;1;
202000023983;154 700 022;Z01;1;3;0;1;1;1;0;
202000023984;154 700 019;C01;1;7;0;2;4;23;1;
202000023984;154 700 020;B01;1;7;0;2;4;1;1;
202000023984;154 700 021;A01;1;7;0;2;1;1;1;
202000023985;154 700 016;A01;1;7;0;2;1;2;1;
202000023985;154 700 017;B01;1;7;0;2;4;2;1;
202000023985;154 700 018;C01;1;15;0;2;4;2;0;
202000023986;154 700 015;A01;1;7;0;1;1;1;1;
202000023987;154 700 014;A01;3;7;0;1;2;1;0;
202000023988;154 700 012;B01;1;7;0;2;1;1;1;
202000023988;154 700 013;A01;3;7;0;2;3;9;1;
202000023989;154 700 010;A01;2;7;0;2;1;13;1;
202000023989;154 700 011;B01;1;7;0;2;1;1;1;
202000023990;154 700 008;B01;1;7;0;2;5;1;1;
202000023990;154 700 009;A01;1;32;0;2;3;12;1;
202000023991;154 700 006;B01;1;7;0;2;4;2;1;
202000023991;154 700 007;A01;1;33;0;2;1;2;1;
202000023992;154 700 004;A01;2;33;0;2;1;3;1;
202000023992;154 700 005;B01;2;7;0;2;5;12;1;
202000023993;154 700 001;B01;1;10;0;2;3;22;1;
202000023993;154 700 002;C01;2;37;0;2;7;23;1;1
202000023993;154 700 003;A01;1;33;0;2;7;18;1;
202000023994;154 699 999;A01;1;7;0;2;7;12;1;
202000023994;154 700 000;B01;1;1;0;2;1;1;5;
202000023995;154 699 997;A01;2;7;0;2;1;1;1;
202000023995;154 699 998;B01;2;50;0;2;7;1;3;
202000023996;154 699 996;A01;1;1;0;1;1;25;5;
202000023997;154 699 995;A01;1;7;0;1;8;1;1;
202000023998;154 699 993;Z01;2;1;0;2;3;15;5;
202000023998;154 699 994;B01;2;43;0;2;2;17;1;
202000023999;154 699 991;B01;2;1;0;2;1;1;5;
202000023999;154 699 992;A01;2;7;0;2;2;14;2;
202000024000;154 699 989;B01;3;14;0;2;2;1;1;
202000024000;154 699 990;A01;3;1;0;2;7;19;5;
202000024001;154 699 988;A01;1;1;0;0;0;1;5;
202000024002;154 699 987;A01;2;80;0;0;0;1;3;
202000024003;154 699 985;A01;1;32;0;2;8;16;1;
202000024003;154 699 986;B01;1;37;0;2;2;7;1;1
202000024004;154 699 984;A01;2;80;1;0;2;14;3;
202000024005;154 699 982;A01;1;33;0;2;7;17;1;
202000024005;154 699 983;B01;1;7;0;2;0;0;1;
202000024006;154 699 981;A01;3;0;0;1;2;0;0;
202000024007;154 699 979;B01;2;7;0;2;8;15;1;
202000024007;154 699 980;A01;2;32;0;2;1;3;1;
202000024008;154 699 977;B01;1;2;0;2;1;1;1;
202000024008;154 699 978;A01;1;10;0;2;3;16;1;
202000024009;154 699 976;A01;1;37;1;0;7;1;0;2
202000024010;154 699 974;A01;2;7;0;2;2;15;1;
202000024010;154 699 975;B01;1;1;0;2;1;1;5;
202000024011;154 699 972;A01;1;7;0;2;2;15;1;
202000024011;154 699 973;B01;2;30;0;2;3;1;1;
202000024012;154 699 970;B01;1;7;0;2;1;2;1;
202000024012;154 699 971;A01;2;7;0;2;7;15;1;
202000024013;154 699 969;A01;2;7;0;1;4;20;1;
202000024014;154 699 967;B01;1;7;0;2;8;2;1;
202000024014;154 699 968;A01;1;7;0;2;1;26;1;
202000024015;154 699 965;A01;2;7;0;2;7;15;1;
202000024015;154 699 966;B01;1;33;0;2;1;1;1;
202000024016;154 699 963;A01;-1;7;0;2;7;15;1;
202000024016;154 699 964;B01;-1;7;0;2;1;1;1;
202000024017;154 699 961;B01;1;7;0;2;0;0;0;
202000024017;154 699 962;A01;2;1;0;2;0;0;0;
202000024018;154 699 959;B01;2;30;0;2;8;19;1;
202000024018;154 699 960;A01;1;7;0;2;2;19;1;
202000024019;154 699 957;B01;2;34;0;2;6;23;1;
202000024019;154 699 958;A01;2;15;0;2;7;15;1;
202000024020;154 699 955;B01;2;32;0;2;1;2;1;
202000024020;154 699 956;A01;2;10;0;2;4;2;1;
202000024021;154 699 954;A01;1;7;15;5;2;15;1;
202000024022;154 699 952;A01;1;7;1;2;3;20;1;
202000024022;154 699 953;B01;1;30;1;2;1;1;1;
202000024023;154 699 951;A01;1;7;0;1;1;1;1;
202000024024;154 699 949;A01;1;7;6;2;3;19;1;
202000024024;154 699 950;B01;1;7;6;2;1;1;1;
202000024025;154 699 947;A01;0;7;3;0;9;26;1;
202000024025;154 699 948;B01;0;99;0;2;0;0;0;
202000024026;154 699 945;A01;1;7;0;0;4;15;1;
202000024026;154 699 946;B01;2;2;0;2;8;1;1;
202000024027;154 699 943;B01;3;7;0;2;8;1;1;
202000024027;154 699 944;A01;3;7;0;2;8;13;1;
202000024028;154 699 942;A01;1;7;0;1;7;1;1;
202000024029;154 699 939;A01;2;7;0;0;0;9;0;
202000024029;154 699 940;B01;2;7;0;2;1;21;0;
202000024029;154 699 941;C01;1;7;0;2;7;1;0;
202000024030;154 699 937;B01;0;7;0;2;1;1;1;
202000024030;154 699 938;A01;0;30;0;2;1;1;1;
202000024031;154 699 934;A01;2;10;1;0;1;23;1;
202000024031;154 699 935;B01;2;10;0;1;4;23;1;
202000024031;154 699 936;C01;2;7;0;1;2;23;1;
202000024032;154 699 933;A01;1;7;0;1;3;15;1;
202000024033;154 699 931;A01;2;7;3;0;0;0;1;
202000024033;154 699 932;B01;2;7;4;0;3;0;1;
202000024034;154 699 929;B01;1;10;0;2;7;11;1;
202000024034;154 699 930;A01;1;32;0;2;3;13;1;
202000024035;154 699 926;C01;2;13;0;2;1;1;1;
202000024035;154 699 927;A01;2;7;0;0;4;1;1;
202000024035;154 699 928;B01;2;7;0;2;4;1;1;
202000024036;154 699 924;B01;2;7;0;2;1;1;0;
202000024036;154 699 925;A01;1;7;0;2;1;1;1;
202000024037;154 699 923;A01;3;7;0;1;3;20;1;
202000024038;154 699 921;B01;2;7;0;0;4;2;1;
202000024038;154 699 922;A01;2;33;0;2;1;2;1;
202000024039;154 699 919;A01;1;7;0;2;2;13;1;
202000024039;154 699 920;B01;2;2;0;2;1;1;1;
202000024040;154 699 918;A01;1;7;0;0;9;1;1;
202000024041;154 699 916;B01;3;1;0;2;2;1;5;
202000024041;154 699 917;A01;1;7;0;2;1;9;1;
202000024042;154 699 915;A01;3;32;12;0;1;2;1;
202000024043;154 699 914;A01;1;7;0;1;2;1;1;
202000024044;154 699 912;A01;2;7;0;2;1;11;1;
202000024044;154 699 913;B01;1;33;0;2;7;1;1;
202000024045;154 699 910;A01;2;7;0;2;5;15;1;
202000024045;154 699 911;B01;1;33;0;2;1;1;1;
202000024046;154 699 909;A01;2;33;13;0;1;1;4;
202000024047;154 699 908;A01;1;7;0;1;2;1;1;
202000024048;154 699 907;A01;1;7;15;0;1;21;1;
202000024049;154 699 905;B01;1;15;0;2;1;1;0;
202000024049;154 699 906;A01;2;33;0;2;1;5;1;
202000024050;154 699 903;A01;2;1;0;2;1;1;5;
202000024050;154 699 904;B01;2;7;0;2;5;23;0;
202000024051;154 699 902;A01;1;7;8;0;2;1;1;
202000024052;154 699 900;B01;1;33;0;2;4;23;0;
202000024052;154 699 901;A01;1;7;0;2;1;1;0;
202000024053;154 699 898;A01;1;7;0;2;7;12;1;
202000024053;154 699 899;B01;1;7;0;0;3;2;1;
202000024054;154 699 896;B01;1;33;0;2;8;1;0;
202000024054;154 699 897;A01;2;7;0;2;2;1;0;
202000024055;154 699 894;B01;1;10;0;2;3;23;1;
202000024055;154 699 895;A01;2;7;1;2;1;21;1;
202000024056;154 699 893;A01;2;7;13;0;2;1;1;
202000024057;154 699 892;A01;1;7;0;0;9;0;1;
202000024058;154 699 889;A01;2;7;0;2;1;1;0;
202000024058;154 699 890;B01;2;99;0;0;4;23;0;
202000024059;154 699 888;A01;1;36;13;0;1;1;1;
202000024060;154 699 886;B01;1;7;0;2;3;26;6;
202000024060;154 699 887;A01;2;33;0;2;3;26;1;
202000024061;154 699 885;A01;2;7;6;0;2;16;1;
202000024062;154 699 884;A01;1;7;0;0;0;1;1;
202000024063;154 699 883;A01;0;31;10;0;0;6;1;
202000024064;154 699 882;A01;2;7;0;0;0;0;0;
202000024065;154 699 881;A01;2;3;13;0;1;0;1;
202000024066;154 699 879;A01;3;33;0;2;7;13;1;
202000024066;154 699 880;B01;3;10;0;2;2;15;1;
202000024067;154 699 878;A01;1;7;2;0;3;13;1;
202000024068;154 699 877;A01;3;80;12;0;1;13;2;
202000024069;154 699 876;A01;3;33;13;0;1;14;1;
202000024070;154 699 874;B01;1;17;0;2;2;21;1;
202000024070;154 699 875;A01;3;2;0;2;1;19;1;
202000024071;154 699 872;B01;2;7;0;2;1;1;1;
202000024071;154 699 873;A01;1;7;0;2;7;1;1;
202000024072;154 699 871;A01;1;7;0;0;8;14;1;
202000024073;154 699 870;A01;2;7;13;0;9;2;0;
202000024074;154 699 868;A01;2;7;6;0;3;0;1;
202000024075;154 699 867;A01;3;36;0;0;9;1;1;
202000024076;154 699 866;A01;1;7;13;0;2;1;1;
202000024077;154 699 864;A01;2;7;13;0;8;13;1;
202000024078;154 699 863;A01;3;7;0;1;4;4;1;
202000024079;154 699 861;B01;2;7;0;0;4;2;1;
202000024079;154 699 862;A01;2;2;0;2;1;1;1;
202000024080;154 699 860;A01;2;33;0;0;8;1;1;
202000024081;154 699 859;A01;1;7;4;0;2;14;1;
202000024082;154 699 857;B01;1;10;0;2;4;2;1;
202000024082;154 699 858;A01;1;10;0;2;1;2;1;
202000024083;154 699 854;C01;2;7;14;0;1;1;1;
202000024083;154 699 855;B01;2;7;0;2;2;1;1;
202000024083;154 699 856;A01;2;7;0;2;6;9;1;
202000024084;154 699 853;A01;2;7;0;1;1;1;1;
202000024085;154 699 851;B01;1;7;0;2;1;1;1;
202000024085;154 699 852;A01;2;7;1;2;7;1;1;
202000024086;154 699 849;A01;1;7;0;0;0;0;1;
202000024086;154 699 850;Y01;2;1;0;2;1;1;6;
202000024087;154 699 848;A01;2;7;13;0;9;15;1;
202000024088;154 699 846;Y01;3;0;0;1;0;19;5;
202000024088;154 699 847;A01;1;7;0;2;3;13;1;
202000024089;154 699 845;A01;1;33;0;1;1;9;0;
202000024090;154 699 843;B01;1;7;0;2;2;0;1;
202000024090;154 699 844;A01;2;7;0;2;7;26;1;
202000024091;154 699 842;A01;3;30;0;0;4;26;1;
202000024092;154 699 840;B01;1;7;0;2;1;26;1;
202000024092;154 699 841;A01;1;7;0;2;3;26;1;
202000024093;154 699 839;A01;1;7;0;1;4;23;1;
202000024094;154 699 837;A01;2;7;0;2;0;15;1;
202000024094;154 699 838;B01;1;31;0;2;0;1;1;
202000024095;154 699 836;A01;2;7;10;0;5;1;0;
202000024096;154 699 834;B01;1;7;0;2;4;23;1;
202000024096;154 699 835;A01;1;7;0;2;1;1;1;
202000024097;154 699 832;A01;1;33;0;2;1;1;1;
202000024097;154 699 833;B01;2;7;0;2;3;16;1;
202000024098;154 699 830;A01;1;7;0;2;3;13;1;
202000024098;154 699 831;B01;2;7;0;2;1;1;1;
202000024099;154 699 828;B01;1;21;0;0;6;16;1;
202000024099;154 699 829;A01;1;10;0;2;2;1;1;
202000024100;154 699 825;B01;1;7;0;2;3;1;1;
202000024100;154 699 826;A01;1;7;0;2;3;13;1;
202000024101;154 699 823;B01;1;7;8;0;1;2;0;
202000024101;154 699 824;A01;1;7;16;0;4;1;0;
202000024102;154 699 822;A01;1;2;0;5;1;19;1;
202000024103;154 699 820;A01;0;7;0;2;3;19;1;
202000024103;154 699 821;B01;2;7;0;2;1;1;1;
202000024104;154 699 819;A01;2;33;2;0;2;1;1;
202000024105;154 699 818;A01;2;7;13;0;2;1;1;
202000024106;154 699 817;A01;1;7;8;0;1;1;1;
202000024107;154 699 816;A01;1;7;0;0;1;14;1;
202000024108;154 699 814;B01;2;20;0;2;8;13;1;
202000024108;154 699 815;A01;1;7;0;2;3;1;1;
202000024109;154 699 812;A01;1;7;0;2;1;1;1;
202000024109;154 699 813;B01;1;7;0;2;1;13;1;
202000024110;154 699 810;B01;3;7;0;0;0;15;1;
202000024110;154 699 811;A01;3;33;0;0;7;1;1;
202000024111;154 699 808;A01;1;10;0;2;1;1;1;
202000024111;154 699 809;B01;3;2;0;2;7;9;1;
202000024112;154 699 807;A01;2;33;0;0;3;1;1;
202000024113;154 699 806;A01;1;7;4;0;1;14;1;
202000024114;154 699 805;A01;0;7;0;1;2;26;1;
202000024115;154 699 804;A01;1;10;0;1;1;1;1;
202000024116;154 699 800;A01;3;7;0;2;5;15;1;
202000024116;154 699 801;B01;3;33;0;2;1;0;0;
202000024117;154 699 798;B01;1;7;0;0;2;15;0;
202000024117;154 699 799;A01;1;33;0;2;3;1;0;
202000024118;154 699 796;B01;1;2;0;2;1;26;1;
202000024118;154 699 797;A01;1;7;0;2;4;23;1;
202000024119;154 699 794;B01;1;2;0;2;2;1;1;
202000024119;154 699 795;A01;1;7;0;2;8;20;1;
202000024120;154 699 793;A01;1;7;0;5;3;13;1;
202000024121;154 699 792;A01;3;36;0;0;1;1;1;
202000024122;154 699 790;B01;1;1;0;0;8;2;5;
202000024122;154 699 791;A01;1;7;0;2;7;2;1;
202000024123;154 699 788;B01;1;30;0;2;5;16;1;
202000024123;154 699 789;A01;1;7;0;2;5;19;1;
202000024124;154 699 787;A01;0;30;7;0;0;26;1;
202000024125;154 699 786;A01;2;10;0;1;1;1;1;
202000024126;154 699 785;A01;1;2;4;0;7;14;1;
202000024127;154 699 783;A01;1;7;0;2;3;1;1;
202000024127;154 699 784;B01;1;7;0;2;1;19;1;
202000024128;154 699 781;A01;1;33;0;2;1;1;1;
202000024128;154 699 782;B01;1;7;0;2;2;15;1;
202000024129;154 699 779;B01;1;7;0;2;3;15;1;
202000024129;154 699 780;A01;2;1;0;2;1;5;5;
202000024130;154 699 778;A01;1;1;0;0;1;1;5;
202000024131;154 699 776;A01;1;7;0;2;1;1;1;
202000024131;154 699 777;B01;1;7;0;2;6;1;1;
202000024132;154 699 775;A01;1;7;0;1;3;1;1;
202000024133;154 699 774;A01;2;7;3;0;9;0;1;
202000024134;154 699 772;B01;1;34;0;2;7;1;1;
202000024134;154 699 773;A01;1;7;0;2;6;15;1;
202000024135;154 699 771;A01;1;7;13;0;2;1;1;
202000024136;154 699 770;A01;0;2;0;0;0;0;1;
202000024137;154 699 768;A01;2;2;0;2;1;13;1;
202000024137;154 699 769;B01;1;7;0;2;3;1;1;
202000024138;154 699 766;B01;1;2;0;2;1;26;1;
202000024138;154 699 767;A01;1;7;0;2;2;1;1;
202000024139;154 699 765;A01;2;7;15;0;1;1;1;
202000024140;154 699 764;A01;1;7;12;0;1;1;1;
202000024141;154 699 763;A01;2;33;4;0;1;1;1;
202000024142;154 699 762;A01;0;7;13;0;0;0;1;
202000024143;154 699 761;A01;0;7;0;0;0;1;1;
202000024144;154 699 760;A01;3;7;2;0;1;1;1;
202000024145;154 699 757;A01;1;33;0;0;7;2;1;
202000024146;154 699 756;A01;2;34;3;0;8;1;6;
202000024147;154 699 755;A01;2;33;6;0;1;1;1;
202000024148;154 699 753;A01;2;7;0;1;2;1;1;
202000024149;154 699 752;A01;0;2;0;0;0;1;1;
202000024150;154 699 750;B01;1;7;0;2;1;1;1;
202000024150;154 699 751;A01;1;10;0;2;6;11;1;
202000024151;154 699 749;A01;1;7;2;0;1;1;1;
202000024152;154 699 748;A01;1;33;0;0;9;2;1;
202000024153;154 699 747;A01;1;43;0;1;1;2;1;
202000024154;154 699 745;A01;1;7;0;2;2;17;1;
202000024154;154 699 746;B01;1;7;0;2;3;15;1;
202000024155;154 699 744;A01;1;34;0;1;1;1;4;
202000024156;154 699 742;B01;1;7;0;2;6;1;1;
202000024156;154 699 743;C01;3;33;0;2;0;1;-1;
202000024157;154 699 741;A01;0;33;0;0;0;1;1;
202000024158;154 699 736;Z01;1;7;0;0;0;23;0;
202000024158;154 699 737;B01;1;7;0;2;1;1;1;
202000024158;154 699 738;A01;1;7;0;2;4;1;1;
202000024158;154 699 739;D01;1;7;0;2;1;1;1;
202000024158;154 699 740;C01;1;7;0;2;1;1;1;
202000024159;154 699 735;A01;3;7;15;0;2;26;0;
202000024160;154 699 734;A01;3;32;13;0;0;1;1;
202000024161;154 699 732;A01;1;33;0;2;1;26;1;
202000024161;154 699 733;B01;1;21;0;2;4;26;1;
202000024162;154 699 731;A01;1;7;13;0;1;1;0;
202000024163;154 699 728;C01;3;7;0;2;4;2;1;
202000024163;154 699 729;A01;3;33;0;2;0;17;1;
202000024163;154 699 730;B01;3;37;0;2;0;1;0;0
202000024164;154 699 726;A01;1;2;0;2;1;13;1;
202000024164;154 699 727;B01;2;7;0;2;1;1;1;
202000024165;154 699 724;B01;1;7;0;2;2;1;1;
202000024165;154 699 725;A01;1;7;0;2;3;26;1;
202000024166;154 699 722;A01;1;7;0;2;1;1;1;
202000024166;154 699 723;B01;1;7;0;2;4;1;1;
202000024167;154 699 721;A01;1;30;0;0;1;1;1;
202000024168;154 699 719;A01;3;7;0;2;3;24;1;
202000024168;154 699 720;B01;1;1;1;0;1;1;0;
202000024169;154 699 717;A01;0;7;0;2;3;1;1;
202000024169;154 699 718;B01;1;7;0;2;1;1;1;
202000024170;154 699 715;A01;3;7;0;2;1;1;1;
202000024170;154 699 716;B01;3;2;0;2;7;9;1;
202000024171;154 699 713;A01;2;30;0;2;1;1;1;
202000024171;154 699 714;B01;2;60;0;2;8;19;5;
202000024172;154 699 712;A01;1;3;0;1;3;16;1;
202000024173;154 699 711;A01;1;7;0;1;7;1;1;
202000024174;154 699 709;A01;1;0;0;0;0;0;0;
202000024174;154 699 710;B01;1;1;0;0;1;0;5;
202000024175;154 699 707;A01;1;7;0;2;2;1;1;
202000024175;154 699 708;B01;1;2;0;2;3;15;1;
202000024176;154 699 705;B01;1;7;0;9;3;1;1;
202000024176;154 699 706;A01;2;1;0;2;1;13;5;
202000024177;154 699 704;A01;1;7;5;0;2;1;1;
202000024178;154 699 703;A01;1;7;6;0;1;6;0;
202000024179;154 699 702;A01;1;7;16;0;0;1;1;
202000024180;154 699 701;A01;1;33;2;0;1;1;1;
202000024181;154 699 700;A01;1;7;13;0;9;1;1;
202000024182;154 699 698;B01;2;7;0;2;1;1;1;
202000024182;154 699 699;A01;3;7;13;2;8;19;1;
202000024183;154 699 697;A01;1;2;12;0;2;1;1;
202000024184;154 699 696;A01;2;7;0;1;1;1;1;
202000024185;154 699 694;A01;2;7;0;2;1;13;1;
202000024185;154 699 695;B01;1;7;0;2;1;1;1;
202000024186;154 699 692;B01;1;15;0;2;1;1;1;
202000024186;154 699 693;A01;2;7;0;2;1;17;1;
202000024187;154 699 691;A01;2;7;0;1;3;21;1;
202000024188;154 699 690;A01;2;33;2;0;1;1;1;
202000024189;154 699 688;A01;3;33;9;0;3;5;0;
202000024190;154 699 687;A01;3;34;0;0;1;26;1;
202000024191;154 699 686;A01;2;99;0;1;1;26;3;
202000024192;154 699 685;A01;1;30;0;1;1;14;1;
202000024193;154 699 683;A01;0;7;0;2;3;1;1;
202000024193;154 699 684;B01;1;1;0;2;2;0;5;
202000024194;154 699 682;A01;0;7;9;0;1;14;1;
202000024195;154 699 680;B01;3;1;0;2;8;1;5;
202000024195;154 699 681;Z01;3;17;0;9;5;1;0;
202000024196;154 699 678;B01;0;7;0;2;3;1;1;
202000024196;154 699 679;A01;0;7;0;2;1;1;1;
202000024197;154 699 676;A01;1;10;0;2;3;9;1;
202000024197;154 699 677;B01;2;50;0;2;1;1;3;
202000024198;154 699 675;A01;1;7;8;0;2;15;1;
202000024199;154 699 674;A01;3;2;8;0;0;26;0;
202000024200;154 699 673;A01;1;1;0;0;0;21;5;
202000024201;154 699 671;B01;2;32;0;2;8;1;1;
202000024201;154 699 672;A01;2;7;0;2;1;10;1;
202000024202;154 699 670;A01;1;7;0;5;1;1;1;
202000024203;154 699 669;A01;0;7;0;1;3;13;1;
202000024204;154 699 667;B01;2;80;0;2;8;1;3;
202000024204;154 699 668;A01;2;7;0;2;1;9;1;
202000024205;154 699 666;A01;1;43;0;1;1;14;1;
202000024206;154 699 664;A01;2;7;0;2;2;10;1;
202000024206;154 699 665;B01;2;33;0;2;1;1;1;
202000024207;154 699 663;A01;1;43;12;0;2;14;1;
202000024208;154 699 662;A01;1;1;12;0;1;13;5;
202000024209;154 699 660;B01;2;7;0;2;4;4;0;
202000024209;154 699 661;A01;2;1;0;2;1;1;5;
202000024210;154 699 659;A01;1;7;2;0;8;0;1;
202000024211;154 699 658;A01;1;33;0;0;8;1;1;
202000024212;154 699 657;A01;2;7;2;0;7;13;1;
202000024213;154 699 654;A01;1;10;0;2;2;1;1;
202000024213;154 699 655;C01;1;7;0;2;1;1;1;
202000024213;154 699 656;B01;2;13;0;2;1;1;1;
202000024214;154 699 653;A01;0;0;0;1;0;0;0;
202000024215;154 699 652;A01;2;33;0;5;1;1;1;
202000024216;154 699 650;B01;2;10;0;2;2;1;1;
202000024216;154 699 651;A01;2;7;0;0;6;15;1;
202000024217;154 699 648;A01;1;7;0;9;1;1;0;
202000024217;154 699 649;B01;2;7;0;0;3;1;0;
202000024218;154 699 646;A01;3;31;0;2;8;15;1;
202000024218;154 699 647;B01;3;7;0;2;3;1;1;
202000024219;154 699 645;A01;1;7;13;0;1;1;1;
202000024220;154 699 644;A01;2;7;7;0;9;0;0;
202000024221;154 699 642;A01;1;10;8;2;5;17;1;
202000024221;154 699 643;B01;1;33;0;0;3;1;1;
202000024222;154 699 641;A01;1;7;0;1;2;1;1;
202000024223;154 699 638;A01;1;33;14;0;1;1;1;
202000024224;154 699 637;A01;2;32;0;0;7;26;1;
202000024225;154 699 636;A01;2;7;0;1;1;21;0;
202000024226;154 699 634;A01;2;16;0;2;2;12;1;
202000024226;154 699 635;B01;2;7;4;2;3;1;1;
202000024227;154 699 632;A01;1;33;0;2;1;0;1;
202000024227;154 699 633;B01;1;7;0;2;5;0;1;
202000024228;154 699 630;B01;2;1;0;2;7;19;5;
202000024228;154 699 631;A01;2;7;0;2;1;16;1;
202000024229;154 699 629;A01;0;40;0;1;0;1;3;
202000024230;154 699 628;A01;3;1;0;0;1;14;5;
202000024231;154 699 626;B01;0;1;0;2;7;1;5;
202000024231;154 699 627;A01;0;10;0;9;1;19;6;
202000024232;154 699 625;A01;-1;7;4;0;1;1;1;
202000024233;154 699 623;A01;2;7;0;2;3;15;1;
202000024233;154 699 624;B01;1;2;0;2;3;1;1;
202000024234;154 699 622;A01;1;7;13;0;1;26;1;
202000024235;154 699 621;A01;3;7;6;0;1;13;1;
202000024236;154 699 619;A01;0;34;0;2;1;26;1;
202000024236;154 699 620;B01;0;7;0;2;8;10;1;
202000024237;154 699 617;A01;1;31;0;2;1;1;1;
202000024237;154 699 618;B01;2;7;0;2;8;1;1;
202000024238;154 699 616;A01;1;7;0;1;1;1;1;
202000024239;154 699 615;A01;1;7;0;1;3;15;1;
202000024240;154 699 614;A01;2;2;0;0;0;21;1;
202000024241;154 699 613;A01;2;7;0;0;0;1;0;
202000024242;154 699 610;C01;0;1;0;0;1;1;5;
202000024242;154 699 611;B01;0;1;0;0;1;1;5;
202000024242;154 699 612;A01;0;1;0;0;1;1;5;
202000024243;154 699 608;A01;1;7;0;2;1;5;0;
202000024243;154 699 609;B01;2;10;0;2;1;1;0;
202000024244;154 699 607;A01;1;33;13;0;9;1;1;
202000024245;154 699 606;A01;0;7;0;1;2;5;1;
202000024246;154 699 604;B01;1;7;7;2;3;1;1;
202000024246;154 699 605;A01;1;7;0;2;3;5;1;
202000024247;154 699 602;B01;1;7;0;2;3;1;1;
202000024247;154 699 603;A01;2;7;0;2;6;26;1;
202000024248;154 699 600;A01;2;7;0;0;5;15;1;
202000024248;154 699 601;B01;1;7;0;2;2;1;0;
202000024249;154 699 599;A01;2;7;0;1;3;1;1;
202000024250;154 699 598;A01;1;7;2;0;1;1;1;
202000024251;154 699 595;B01;1;7;0;2;8;1;1;
202000024251;154 699 596;C01;1;7;0;2;3;1;1;
202000024251;154 699 597;A01;2;7;0;2;1;13;1;
202000024252;154 699 594;A01;2;7;6;0;1;1;1;
202000024253;154 699 592;B01;1;7;0;2;1;1;1;
202000024253;154 699 593;A01;2;7;0;2;1;15;1;
202000024254;154 699 591;A01;-1;7;0;1;1;17;1;
202000024255;154 699 589;B01;2;7;0;2;2;2;1;
202000024255;154 699 590;A01;2;30;0;2;4;1;1;
202000024256;154 699 586;A01;1;7;0;0;4;2;1;
202000024256;154 699 587;B01;1;10;0;2;1;2;1;
202000024256;154 699 588;C01;1;7;3;2;1;21;1;
202000024257;154 699 584;A01;2;7;0;2;1;2;1;
202000024257;154 699 585;B01;2;17;0;0;4;2;1;
202000024258;154 699 581;B01;1;7;0;2;0;2;1;
202000024258;154 699 582;A01;1;7;0;2;3;2;1;
202000024259;154 699 579;A01;3;2;0;2;5;2;1;
202000024259;154 699 580;B01;3;32;0;2;3;2;1;
202000024260;154 699 578;A01;3;2;13;0;7;14;1;
202000024261;154 699 577;A01;2;7;2;0;1;0;6;
202000024262;154 699 576;A01;3;38;0;1;1;26;1;1
202000024263;154 699 575;A01;2;33;3;0;9;1;1;
202000024264;154 699 574;A01;1;7;0;1;2;1;1;
202000024265;154 699 573;A01;3;36;13;0;3;2;1;
202000024266;154 699 572;A01;2;7;13;0;3;2;1;
202000024267;154 699 571;A01;3;7;0;1;1;1;1;
202000024268;154 699 568;A01;1;7;0;2;7;0;1;
202000024268;154 699 569;B01;2;7;0;2;1;0;1;
202000024268;154 699 570;C01;2;10;0;2;3;0;1;
202000024269;154 699 566;A01;1;7;0;2;3;13;1;
202000024269;154 699 567;B01;2;7;0;2;3;1;1;
202000024270;154 699 565;A01;0;7;13;0;9;1;0;
202000024271;154 699 564;A01;1;7;0;1;1;9;1;
202000024272;154 699 562;B01;3;7;0;2;3;1;1;
202000024272;154 699 563;A01;3;7;0;2;3;1;1;
202000024273;154 699 560;A01;1;7;0;2;1;15;1;
202000024273;154 699 561;B01;2;7;0;2;1;1;1;
202000024274;154 699 558;A01;1;7;0;9;3;0;0;
202000024274;154 699 559;B01;1;1;0;2;7;0;5;
202000024275;154 699 557;A01;2;7;0;1;3;15;1;
202000024276;154 699 554;B01;1;7;0;2;3;1;1;
202000024276;154 699 555;A01;2;7;0;2;2;13;1;
202000024277;154 699 547;C01;2;10;0;2;1;2;1;
202000024277;154 699 548;B01;2;7;0;2;4;2;1;
202000024277;154 699 549;A01;2;7;0;2;4;1;1;
202000024278;154 699 545;A01;2;7;0;2;2;3;1;
202000024278;154 699 546;B01;2;7;4;2;6;1;1;
202000024279;154 699 543;A01;1;7;6;2;3;13;1;
202000024279;154 699 544;B01;1;10;0;2;8;1;1;
202000024280;154 699 541;A01;1;7;0;2;4;2;1;
202000024280;154 699 542;B01;1;7;0;2;1;2;1;
202000024281;154 699 539;B01;2;7;0;2;1;2;1;
202000024281;154 699 540;A01;2;7;0;2;4;2;1;
202000024282;154 699 537;B01;2;7;3;2;1;2;1;
202000024282;154 699 538;A01;2;7;3;2;4;2;1;
202000024283;154 699 534;C01;1;7;0;2;4;2;1;
202000024283;154 699 535;B01;1;7;0;2;4;2;1;
202000024283;154 699 536;A01;1;7;0;2;1;2;1;
202000024284;154 699 533;A01;1;7;3;0;8;13;1;
202000024285;154 699 530;B01;1;7;0;2;4;2;1;
202000024285;154 699 531;A01;1;10;0;2;1;2;1;
202000024285;154 699 532;C01;1;7;0;2;4;2;1;
202000024286;154 699 528;B01;1;2;0;2;1;5;1;
202000024286;154 699 529;A01;1;7;0;2;2;1;0;