num_acc;id_vehicule;num_veh;senc;catv;obs;obsm;choc;manv;motor;occutc
202000025117;154 698 023;B01;1;7;14;0;1;13;1;
202000025117;154 698 025;C01;1;38;0;2;2;21;1;1
202000025117;154 698 026;A01;1;7;14;0;4;23;1;
202000025118;154 698 022;A01;1;7;0;2;8;2;1;
202000025118;154 698 024;B01;1;31;0;2;0;2;1;
202000025119;154 698 021;A01;1;7;0;1;2;16;1;
202000025120;154 698 017;C01;1;7;0;2;4;2;1;
202000025120;154 698 018;D01;1;7;0;2;4;2;1;
202000025120;154 698 019;A01;1;7;0;2;2;2;1;
202000025120;154 698 020;B01;1;2;0;2;4;2;1;
202000025121;154 698 015;A01;1;1;0;2;3;11;5;
202000025121;154 698 016;B01;1;7;0;2;0;0;1;
202000025122;154 698 011;A01;3;7;0;1;4;4;1;
202000025123;154 698 010;A01;1;7;6;0;3;13;1;
202000025124;154 698 009;A01;1;33;0;2;1;1;1;
202000025124;154 698 012;B01;1;7;0;2;4;1;1;
202000025125;154 698 004;B01;2;3;0;2;4;2;1;
202000025125;154 698 007;A01;2;7;0;2;1;2;1;
202000025126;154 698 005;B01;3;7;0;2;3;19;0;
202000025126;154 698 008;A01;1;7;0;2;2;1;0;
202000025127;154 698 003;A01;3;7;0;2;2;15;1;
202000025127;154 698 006;B01;3;33;0;2;2;1;1;
202000025128;154 697 999;B01;3;7;0;2;3;1;1;
202000025128;154 698 001;A01;3;7;0;2;1;9;1;
202000025129;154 697 998;A01;2;7;0;9;3;1;1;
202000025129;154 698 002;B01;1;1;0;2;1;11;5;
202000025130;154 697 997;A01;1;7;1;0;1;13;1;
202000025130;154 698 000;B01;2;7;1;2;3;26;1;
202000025131;154 697 995;A01;1;33;7;0;1;1;1;
202000025132;154 697 993;A01;0;7;14;0;1;26;1;
202000025133;154 697 994;B01;2;7;0;2;1;1;1;
202000025133;154 697 996;A01;2;7;0;2;8;10;1;
202000025134;154 697 991;A01;3;20;0;1;1;19;0;
202000025135;154 697 992;A01;1;10;6;0;1;13;1;
202000025136;154 697 990;A01;2;10;0;1;3;15;0;
202000025137;154 697 989;A01;1;7;2;0;2;14;1;
202000025138;154 697 987;B01;2;33;0;2;1;1;1;
202000025138;154 697 988;A01;1;7;0;2;2;15;1;
202000025139;154 697 986;A01;1;7;0;1;1;15;1;
202000025140;154 697 985;A01;1;7;3;2;1;14;1;
202000025141;154 697 981;B01;2;1;0;2;4;1;5;
202000025141;154 697 984;A01;2;7;0;2;1;14;1;
202000025142;154 697 980;A01;2;7;0;2;0;15;1;
202000025142;154 697 982;B01;1;33;16;2;0;1;1;
202000025143;154 697 979;A01;2;7;0;2;2;19;1;
202000025143;154 697 983;B01;1;2;0;2;8;1;1;
202000025144;154 697 978;A01;1;10;2;0;9;13;1;
202000025145;154 697 974;A01;1;10;0;1;1;17;0;
202000025146;154 697 973;C01;1;7;0;2;4;2;1;
202000025146;154 697 976;A01;1;7;0;2;1;2;1;
202000025146;154 697 977;B01;1;7;0;2;4;2;1;
202000025147;154 697 975;A01;3;2;7;0;1;11;1;
202000025148;154 697 971;A01;2;7;0;1;2;26;1;
202000025149;154 697 970;A01;1;7;8;0;1;14;1;
202000025149;154 697 972;B01;2;7;0;9;1;1;1;
202000025150;154 697 967;A01;1;7;2;0;1;0;1;
202000025151;154 697 968;A01;1;7;15;0;2;0;1;
202000025152;154 697 966;B01;2;21;0;2;3;15;1;
202000025152;154 697 969;A01;2;33;0;2;2;17;1;
202000025153;154 697 964;B01;1;3;0;0;6;15;1;
202000025153;154 697 965;A01;1;33;0;2;1;1;1;
202000025154;154 697 963;A01;1;33;0;0;8;1;1;
202000025155;154 697 962;A01;0;7;0;1;1;9;0;
202000025156;154 697 960;B01;1;7;0;0;3;20;1;
202000025156;154 697 961;A01;1;33;1;2;1;17;1;
202000025157;154 697 956;A01;3;7;0;2;1;2;1;
202000025157;154 697 957;B01;3;7;0;2;4;1;1;
202000025158;154 697 955;C01;2;7;0;2;1;1;1;
202000025158;154 697 958;B01;0;7;0;2;3;1;0;
202000025158;154 697 959;A01;1;7;0;2;1;13;1;
202000025159;154 697 950;B01;1;7;0;2;1;2;1;
202000025159;154 697 953;A01;1;1;0;2;4;1;5;
202000025160;154 697 952;B01;1;7;0;2;3;16;1;
202000025160;154 697 954;A01;2;7;6;2;3;15;1;
202000025161;154 697 949;A01;2;31;0;2;1;1;1;
202000025161;154 697 951;B01;2;10;0;0;4;1;1;
202000025162;154 697 944;D01;2;7;1;2;1;0;4;
202000025162;154 697 946;A01;2;7;0;2;1;2;1;
202000025162;154 697 948;C01;1;7;1;2;1;0;1;
202000025163;154 697 943;C01;2;10;0;0;2;1;1;
202000025163;154 697 945;B01;1;7;0;2;5;16;1;
202000025163;154 697 947;A01;1;7;0;2;3;2;1;
202000025164;154 697 939;A01;2;7;0;4;1;1;1;
202000025164;154 697 941;B01;1;1;0;2;7;19;5;
202000025165;154 697 938;A01;0;7;0;2;1;2;1;
202000025165;154 697 940;B01;0;33;0;2;4;2;1;
202000025165;154 697 942;C01;0;7;0;2;4;2;1;
202000025166;154 697 937;A01;3;7;0;0;8;1;1;
202000025167;154 697 936;Z01;0;7;0;1;1;1;1;
202000025168;154 697 934;A01;0;43;0;1;4;1;1;
202000025169;154 697 931;B01;2;1;0;2;1;2;5;
202000025169;154 697 935;A01;2;7;0;9;5;2;1;
202000025170;154 697 932;A01;2;7;0;2;3;13;1;
202000025170;154 697 933;B01;1;7;0;2;9;1;1;
202000025171;154 697 930;A01;2;7;1;0;8;13;1;
202000025172;154 697 928;A01;1;7;0;9;3;15;1;
202000025172;154 697 929;B01;1;1;0;2;8;1;5;
202000025173;154 697 927;A01;1;10;13;0;2;0;1;
202000025174;154 697 925;A01;2;10;0;1;3;1;1;
202000025175;154 697 922;C01;3;7;-1;1;1;1;-1;
202000025176;154 697 921;A01;3;7;0;1;2;1;1;
202000025177;154 697 919;B01;0;1;0;2;7;15;0;
202000025177;154 697 920;A01;3;7;0;2;3;26;1;
202000025178;154 697 924;B01;1;32;0;2;8;1;1;
202000025178;154 697 926;A01;1;10;0;2;1;10;1;
202000025179;154 697 918;A01;1;32;8;0;2;14;1;
202000025180;154 697 916;A01;1;43;0;2;8;15;1;
202000025180;154 697 917;Z01;1;7;0;2;2;17;0;
202000025181;154 697 914;A01;1;7;0;2;1;1;1;
202000025181;154 697 915;B01;1;14;0;2;4;23;1;
202000025182;154 697 913;A01;3;33;0;0;8;1;1;
202000025183;154 697 911;A01;1;1;0;2;8;19;5;
202000025183;154 697 912;Z01;1;7;0;2;1;0;0;
202000025184;154 697 909;A01;1;10;0;1;7;17;1;
202000025185;154 697 908;A01;3;1;0;0;0;1;5;
202000025186;154 697 905;Z01;2;7;0;0;0;0;0;
202000025186;154 697 906;A01;2;7;0;2;7;2;1;
202000025186;154 697 907;B01;2;7;0;2;8;1;1;
202000025187;154 697 904;A01;1;7;0;1;2;16;1;
202000025188;154 697 910;Z01;1;30;0;1;1;16;0;
202000025189;154 697 923;A01;1;33;0;0;0;1;1;
202000025190;154 697 903;A01;3;2;0;0;0;26;1;
202000025191;154 697 899;A01;2;1;0;2;1;1;5;
202000025191;154 697 902;Z01;2;30;0;2;1;1;0;
202000025192;154 697 898;A01;2;7;0;1;1;1;1;
202000025193;154 697 901;A01;1;7;15;0;3;14;1;
202000025194;154 697 897;A01;1;50;0;0;0;25;3;
202000025195;154 697 893;B01;2;7;0;2;3;1;1;
202000025195;154 697 895;A01;1;7;0;2;1;1;1;
202000025196;154 697 890;A01;1;7;0;2;2;15;1;
202000025196;154 697 891;B01;2;31;0;2;1;1;1;
202000025197;154 697 888;B01;1;7;0;0;6;26;1;
202000025197;154 697 896;A01;1;7;0;0;1;26;1;
202000025198;154 697 887;A01;2;7;0;2;1;9;0;
202000025198;154 697 889;B01;1;1;0;2;7;1;0;
202000025199;154 697 883;A01;1;3;2;9;1;2;6;
202000025200;154 697 885;A01;2;30;0;9;1;1;0;
202000025200;154 697 886;B01;2;1;0;2;4;14;5;
202000025201;154 697 882;B01;2;7;0;2;4;1;1;
202000025201;154 697 884;A01;2;7;0;2;1;1;1;
202000025202;154 697 880;B01;1;1;0;2;7;5;6;
202000025202;154 697 881;A01;1;7;0;9;2;1;0;
202000025203;154 697 876;B01;1;7;0;2;1;1;1;
202000025203;154 697 877;A01;2;15;5;2;1;21;1;
202000025203;154 697 879;Z01;1;7;0;0;0;26;1;
202000025204;154 697 875;A01;1;7;8;0;3;13;1;
202000025205;154 697 878;A01;2;7;14;0;2;14;1;
202000025206;154 697 873;B01;0;7;0;2;3;1;1;
202000025206;154 697 874;A01;0;7;0;2;1;15;1;
202000025207;154 697 871;A01;1;7;9;0;1;17;1;
202000025208;154 697 869;A01;2;7;0;1;2;16;1;
202000025209;154 697 866;B01;2;1;0;2;1;1;5;
202000025209;154 697 868;A01;2;7;0;2;2;16;1;
202000025210;154 697 865;A01;1;7;0;2;7;17;1;
202000025210;154 697 867;B01;1;1;0;2;8;2;0;
202000025211;154 697 863;A01;3;7;0;9;3;1;1;
202000025211;154 697 864;B01;0;1;0;2;1;5;5;
202000025212;154 697 861;B01;1;7;0;2;5;1;1;
202000025212;154 697 862;A01;1;30;0;2;1;1;1;
202000025213;154 697 858;A01;1;7;0;2;2;15;1;
202000025213;154 697 859;B01;2;7;0;2;3;1;1;
202000025214;154 697 860;A01;1;7;0;1;2;1;0;
202000025215;154 697 856;B01;2;7;0;2;2;1;1;
202000025215;154 697 857;A01;3;7;0;2;1;26;1;
202000025216;154 697 854;A01;3;7;13;0;3;1;1;
202000025217;154 697 853;A01;2;7;8;0;2;1;1;
202000025218;154 697 852;A01;0;7;0;1;0;26;0;
202000025219;154 697 851;A01;2;7;0;2;3;1;1;
202000025219;154 697 855;B01;1;33;0;2;1;1;1;
202000025220;154 697 847;B01;2;7;0;1;1;21;1;
202000025220;154 697 850;A01;2;7;3;0;1;1;1;
202000025221;154 697 848;A01;0;7;0;2;2;1;0;
202000025221;154 697 849;B01;2;2;0;2;1;1;0;
202000025222;154 697 844;B01;0;7;0;2;1;15;0;
202000025222;154 697 845;A01;1;7;0;2;1;1;0;
202000025223;154 697 846;A01;1;7;13;0;9;1;1;
202000025224;154 697 842;A01;1;33;0;2;1;17;1;
202000025224;154 697 843;B01;2;7;0;2;3;15;1;
202000025225;154 697 838;B01;2;7;0;2;2;21;1;
202000025225;154 697 840;A01;2;7;0;2;3;10;0;
202000025226;154 697 837;B01;2;33;2;0;1;1;1;
202000025226;154 697 839;C01;1;10;0;2;1;1;1;
202000025226;154 697 841;A01;2;33;0;2;1;13;1;
202000025227;154 697 832;B01;0;7;0;2;3;19;1;
202000025227;154 697 836;A01;1;30;0;2;1;26;1;
202000025228;154 697 833;A01;1;33;0;2;1;1;0;
202000025228;154 697 835;B01;1;7;0;0;4;15;0;
202000025229;154 697 830;B01;2;10;0;2;3;1;1;
202000025229;154 697 831;A01;1;1;0;2;1;5;5;
202000025230;154 697 829;A01;2;33;6;0;9;15;1;
202000025231;154 697 826;B01;1;33;12;0;8;1;1;
202000025231;154 697 828;A01;1;10;0;0;1;19;1;
202000025232;154 697 823;A01;2;7;6;2;3;17;1;
202000025232;154 697 827;B01;1;7;6;2;2;16;1;
202000025233;154 697 822;A01;1;7;2;0;2;13;1;
202000025234;154 697 820;B01;2;2;0;2;1;1;1;
202000025234;154 697 821;A01;1;7;0;2;1;15;1;
202000025235;154 697 824;B01;2;2;0;2;1;1;1;
202000025235;154 697 825;A01;1;7;0;2;2;13;1;
202000025236;154 697 819;A01;2;10;0;1;2;1;1;
202000025237;154 697 814;A01;3;7;0;2;3;13;1;
202000025237;154 697 815;B01;3;7;0;2;3;1;1;
202000025238;154 697 812;C01;2;7;0;2;5;1;1;
202000025238;154 697 816;A01;2;1;13;0;4;1;5;
202000025238;154 697 818;B01;2;1;0;0;0;1;5;
202000025239;154 697 811;A01;1;7;0;2;7;15;1;
202000025239;154 697 817;B01;2;2;0;2;5;1;1;
202000025240;154 697 810;B01;3;7;0;2;2;1;1;
202000025240;154 697 813;A01;3;7;0;2;7;1;0;
202000025241;154 697 807;A01;1;7;3;0;7;13;1;
202000025242;154 697 805;B01;2;33;0;2;1;1;1;
202000025242;154 697 806;A01;2;7;0;2;7;9;1;
202000025243;154 697 809;A01;3;36;0;0;0;1;1;
202000025244;154 697 808;A01;1;7;2;0;0;1;1;
202000025245;154 697 799;B01;2;7;0;2;2;1;1;
202000025245;154 697 802;A01;1;31;0;1;1;1;1;
202000025246;154 697 800;B01;2;7;0;2;1;1;1;
202000025246;154 697 804;A01;1;7;0;2;2;19;1;
202000025247;154 697 795;B01;2;10;0;2;1;1;1;
202000025247;154 697 797;A01;2;7;0;2;1;1;1;
202000025248;154 697 796;A01;1;50;0;2;2;1;3;
202000025248;154 697 798;Z01;1;7;0;2;5;14;0;
202000025249;154 697 792;A01;2;7;0;2;1;17;0;
202000025249;154 697 794;B01;2;35;0;0;4;15;1;
202000025250;154 697 791;A01;2;10;0;2;3;13;1;
202000025250;154 697 793;B01;1;32;0;2;6;1;1;
202000025251;154 697 790;A01;2;7;8;0;1;1;1;
202000025252;154 697 788;B01;2;43;0;2;1;1;1;
202000025252;154 697 789;A01;2;30;0;2;8;10;1;
202000025253;154 697 787;A01;1;7;2;0;1;14;1;
202000025254;154 697 783;A01;1;10;0;2;2;16;1;
202000025254;154 697 784;B01;2;1;0;2;1;1;5;
202000025255;154 697 782;Z01;3;1;0;1;0;25;5;
202000025256;154 697 781;A01;1;43;0;1;1;1;1;
202000025257;154 697 785;A01;1;7;2;0;1;0;0;
202000025258;154 697 801;A01;1;7;0;2;3;1;1;
202000025258;154 697 803;B01;2;2;0;2;3;1;1;
202000025259;154 697 780;A01;1;43;0;1;1;17;1;
202000025260;154 697 777;A01;1;43;0;2;1;1;1;
202000025260;154 697 778;B01;1;33;0;2;3;20;1;
202000025261;154 697 776;A01;3;1;0;1;1;1;5;
202000025262;154 697 775;A01;3;1;0;0;1;1;5;
202000025263;154 697 771;A01;2;7;0;0;9;21;1;
202000025264;154 697 772;B01;1;33;0;2;1;1;1;
202000025264;154 697 774;A01;1;7;0;2;4;15;1;
202000025265;154 697 769;B01;2;15;0;0;4;1;1;
202000025265;154 697 770;A01;2;7;0;2;1;0;1;
202000025266;154 697 773;B01;1;7;0;0;1;17;1;
202000025266;154 697 779;A01;2;7;0;0;8;15;1;
202000025267;154 697 766;A01;3;7;0;2;7;1;1;
202000025267;154 697 768;B01;3;1;0;2;0;0;5;
202000025268;154 697 764;A01;1;10;8;0;2;1;1;
202000025269;154 697 761;B01;3;2;0;2;9;9;1;
202000025269;154 697 762;A01;1;7;0;2;2;1;1;
202000025270;154 697 759;A01;2;7;0;2;4;2;1;
202000025270;154 697 760;B01;2;2;0;2;1;2;1;
202000025271;154 697 763;B01;3;37;12;2;3;1;2;3
202000025271;154 697 765;A01;3;15;0;2;2;1;1;
202000025272;154 697 757;A01;2;7;0;2;3;15;1;
202000025272;154 697 758;B01;1;33;0;2;8;1;1;
202000025273;154 697 755;A01;1;7;0;9;7;10;0;
202000025273;154 697 756;B01;1;1;0;2;1;1;0;
202000025274;154 697 752;A01;3;32;0;2;1;11;1;
202000025274;154 697 753;B01;3;7;0;2;3;1;1;
202000025275;154 697 767;A01;2;7;3;0;2;21;1;
202000025276;154 697 754;A01;3;7;2;0;1;1;1;
202000025277;154 697 751;A01;0;7;0;1;1;16;0;
202000025278;154 697 743;D01;1;10;0;2;4;1;6;
202000025278;154 697 744;C01;1;10;0;2;9;1;6;
202000025278;154 697 745;B01;1;10;0;2;9;1;6;
202000025278;154 697 746;A01;1;7;0;2;1;1;1;
202000025279;154 697 742;A01;2;13;0;1;1;26;0;
202000025280;154 697 740;A01;1;7;0;2;3;1;1;
202000025280;154 697 741;B01;2;32;0;2;1;15;1;
202000025281;154 697 738;A01;2;31;0;2;1;1;1;
202000025281;154 697 739;B01;2;10;0;2;6;12;1;
202000025282;154 697 736;A01;2;10;0;2;0;2;0;
202000025282;154 697 737;B01;2;10;0;2;4;1;1;
202000025283;154 697 734;A01;3;7;4;0;1;0;1;
202000025283;154 697 735;B01;1;7;4;0;6;15;1;
202000025284;154 697 732;A01;0;7;0;2;3;26;2;
202000025284;154 697 733;B01;0;33;0;2;1;1;1;
202000025285;154 697 727;B01;2;7;0;2;4;1;1;
202000025285;154 697 731;A01;2;7;0;2;1;1;0;
202000025286;154 697 728;A01;1;15;3;0;9;1;1;
202000025287;154 697 729;B01;1;10;0;0;5;15;1;
202000025287;154 697 730;A01;2;2;0;2;7;1;1;
202000025288;154 697 725;B01;1;1;0;2;1;11;5;
202000025288;154 697 726;A01;1;14;0;2;1;1;0;
202000025289;154 697 722;A01;3;7;2;0;1;1;1;
202000025290;154 697 721;A01;1;33;3;0;7;15;1;
202000025291;154 697 720;B01;1;7;6;2;1;21;1;
202000025291;154 697 723;A01;2;7;0;2;8;15;1;
202000025292;154 697 717;A01;1;7;0;2;3;9;1;
202000025292;154 697 719;B01;2;80;0;2;2;1;3;
202000025293;154 697 716;A01;2;7;0;2;1;13;1;
202000025293;154 697 718;B01;1;7;0;2;3;0;1;
202000025294;154 697 724;A01;1;31;3;0;1;2;1;
202000025295;154 697 713;B01;3;7;0;0;6;1;1;
202000025295;154 697 715;A01;3;1;15;2;0;5;5;
202000025296;154 697 712;B01;1;15;0;2;3;1;1;
202000025296;154 697 714;A01;2;7;0;2;3;13;1;
202000025297;154 697 711;A01;3;7;6;0;1;0;1;
202000025298;154 697 710;A01;2;7;0;6;1;1;1;
202000025299;154 697 706;A01;3;7;0;2;3;15;0;
202000025299;154 697 708;B01;3;30;0;2;1;1;0;
202000025300;154 697 705;C01;1;7;0;0;5;1;1;
202000025300;154 697 707;B01;1;7;0;2;4;1;1;
202000025300;154 697 709;A01;1;7;0;2;1;1;1;
202000025301;154 697 703;A01;2;7;4;0;1;1;1;
202000025302;154 697 702;B01;1;7;0;2;3;1;0;
202000025302;154 697 704;A01;2;7;0;2;3;1;0;
202000025303;154 697 701;A01;1;31;0;0;0;2;1;
202000025304;154 697 698;A01;1;7;0;0;2;15;1;
202000025304;154 697 700;B01;1;33;0;2;1;1;1;
202000025305;154 697 697;A01;1;7;0;2;3;1;1;
202000025305;154 697 699;B01;1;33;0;2;2;1;1;
202000025306;154 697 694;B01;1;7;0;2;2;17;1;
202000025306;154 697 696;A01;1;7;4;0;6;1;1;
202000025307;154 697 693;A01;1;31;0;2;7;26;1;
202000025307;154 697 695;B01;1;2;0;2;7;26;1;
202000025308;154 697 691;A01;3;7;0;0;6;15;0;
202000025308;154 697 692;B01;3;2;0;2;2;2;1;
202000025309;154 697 689;B01;1;7;0;2;3;1;1;
202000025309;154 697 690;A01;2;7;0;2;3;5;1;
202000025310;154 697 687;A01;1;7;0;2;1;16;1;
202000025310;154 697 688;B01;1;1;0;2;4;16;0;
202000025311;154 697 686;A01;0;7;15;0;3;0;1;
202000025312;154 697 682;B01;0;7;0;0;4;0;1;
202000025312;154 697 685;A01;1;7;0;2;1;26;1;
202000025313;154 697 683;B01;2;3;0;0;4;15;1;
202000025313;154 697 684;A01;2;7;0;2;1;1;1;
202000025314;154 697 681;A01;2;7;0;1;1;26;1;
202000025315;154 697 678;A01;1;7;0;2;4;1;1;
202000025315;154 697 679;B01;1;7;0;2;6;1;1;
202000025315;154 697 680;C01;1;7;4;2;1;0;1;
202000025316;154 697 675;A01;1;7;0;2;8;19;1;
202000025316;154 697 677;B01;2;33;0;2;1;1;1;
202000025317;154 697 674;A01;1;7;0;2;4;2;1;
202000025317;154 697 676;Z01;1;10;0;2;1;2;1;
202000025318;154 697 669;A01;1;10;0;2;1;11;1;
202000025318;154 697 671;B01;1;7;0;2;6;1;1;
202000025318;154 697 672;C01;1;7;0;2;8;2;1;
202000025318;154 697 673;D01;1;7;0;2;5;1;1;
202000025319;154 697 668;A01;2;7;0;2;1;2;1;
202000025319;154 697 670;B01;2;7;0;2;4;2;1;
202000025320;154 697 666;B01;2;1;0;2;4;1;5;
202000025320;154 697 667;A01;2;7;0;2;1;14;1;
202000025321;154 697 665;B01;3;30;0;1;1;26;1;
202000025322;154 697 664;A01;1;7;0;1;7;9;1;
202000025323;154 697 661;A01;-1;31;0;2;2;9;1;
202000025323;154 697 662;B01;1;7;0;2;6;1;1;
202000025324;154 697 660;A01;1;7;0;1;4;4;1;
202000025325;154 697 657;A01;3;7;0;2;1;13;1;
202000025325;154 697 659;B01;3;7;0;2;2;1;1;
202000025326;154 697 653;A01;2;2;0;2;2;17;1;
202000025326;154 697 655;B01;2;10;0;2;3;15;1;
202000025327;154 697 650;B01;2;50;1;2;1;1;3;
202000025327;154 697 652;A01;2;7;1;9;3;1;1;
202000025328;154 697 649;A01;3;7;0;2;1;26;1;
202000025328;154 697 651;B01;3;2;14;2;7;26;0;
202000025329;154 697 647;A01;1;10;0;1;0;1;1;
202000025330;154 697 646;A01;3;7;0;2;8;15;1;
202000025330;154 697 648;B01;3;31;0;2;1;26;1;
202000025331;154 697 644;B01;1;7;0;2;1;1;0;
202000025331;154 697 645;A01;2;7;0;2;4;1;0;
202000025332;154 697 640;B01;1;7;0;2;7;14;1;
202000025332;154 697 641;A01;1;30;0;2;8;3;1;
202000025333;154 697 639;A01;2;37;0;1;7;9;1;1
202000025334;154 697 637;A01;1;50;0;2;1;26;3;
202000025334;154 697 638;B01;1;7;0;2;3;1;1;
202000025335;154 697 636;A01;2;7;0;9;8;24;1;
202000025335;154 697 643;B01;2;1;1;9;1;1;0;
202000025336;154 697 634;A01;2;50;0;1;1;18;3;
202000025337;154 697 633;A01;3;33;0;2;1;17;1;
202000025337;154 697 635;B01;3;7;0;2;3;15;1;
202000025338;154 697 632;A01;1;7;4;0;9;14;1;
202000025339;154 697 630;B01;0;7;0;2;1;1;1;
202000025339;154 697 631;A01;0;7;0;2;7;1;1;
202000025340;154 697 628;B01;1;7;0;2;0;0;1;
202000025340;154 697 629;A01;1;32;14;2;7;12;1;
202000025341;154 697 626;B01;0;1;0;2;1;1;0;
202000025341;154 697 627;A01;0;7;0;2;6;9;1;
202000025342;154 697 625;A01;1;32;1;0;6;0;1;
202000025343;154 697 624;A01;1;14;0;1;3;1;0;
202000025344;154 697 622;B01;1;7;0;2;1;13;1;
202000025344;154 697 623;A01;1;7;0;2;1;21;1;
202000025345;154 697 620;A01;1;7;0;2;8;9;1;
202000025345;154 697 621;B01;1;80;0;2;1;1;3;
202000025346;154 697 618;A01;1;7;0;2;6;15;1;
202000025346;154 697 619;B01;1;2;0;2;7;1;1;
202000025347;154 697 616;A01;1;7;6;0;2;26;1;
202000025348;154 697 614;A01;3;2;0;2;1;17;1;
202000025348;154 697 615;B01;3;7;0;2;3;15;1;
202000025349;154 697 611;A01;1;1;0;2;1;19;5;
202000025349;154 697 612;B01;2;7;0;2;2;1;3;
202000025350;154 697 613;A01;0;7;0;1;8;26;1;
202000025351;154 697 609;B01;1;31;0;2;1;0;1;
202000025351;154 697 610;A01;1;7;0;2;1;0;1;
202000025352;154 697 608;A01;1;7;0;1;1;1;1;
202000025353;154 697 607;A01;1;7;8;0;7;14;1;
202000025354;154 697 605;B01;1;2;0;2;1;17;1;
202000025354;154 697 606;A01;1;10;0;2;3;10;1;
202000025355;154 697 603;A01;1;7;0;2;3;15;1;
202000025355;154 697 604;B01;2;2;0;2;1;1;0;
202000025356;154 697 601;B01;1;1;0;2;6;2;5;
202000025356;154 697 602;A01;1;7;0;2;3;13;1;
202000025357;154 697 599;A01;1;7;0;1;1;17;1;
202000025358;154 697 598;B01;1;7;0;2;3;1;1;
202000025358;154 697 600;A01;2;7;0;2;3;15;1;
202000025359;154 697 596;B01;2;7;0;2;2;1;1;
202000025359;154 697 597;A01;1;30;0;2;1;1;1;
202000025360;154 697 595;A01;1;99;0;1;6;16;0;
202000025361;154 697 594;A01;1;7;0;1;1;1;1;
202000025362;154 697 592;A01;1;7;0;2;1;1;1;
202000025362;154 697 593;B01;1;7;0;2;4;1;1;
202000025363;154 697 590;A01;1;7;0;2;3;20;1;
202000025363;154 697 591;B01;1;2;0;2;1;1;1;
202000025364;154 697 586;A01;1;7;0;2;2;1;1;
202000025364;154 697 587;B01;1;7;0;2;3;1;0;
202000025365;154 697 585;C01;3;7;0;2;6;1;1;
202000025365;154 697 588;B01;3;7;0;2;1;1;1;
202000025365;154 697 589;A01;3;7;0;2;1;13;1;
202000025366;154 697 584;A01;1;10;0;1;3;1;1;
202000025367;154 697 582;A01;1;7;0;1;2;1;1;
202000025368;154 697 581;A01;2;50;0;2;4;19;3;
202000025368;154 697 583;B01;2;7;0;2;7;1;1;
202000025369;154 697 577;A01;3;30;0;2;3;9;1;
202000025369;154 697 579;B01;3;7;0;2;3;1;1;
202000025370;154 697 575;B01;0;1;0;2;0;0;0;
202000025370;154 697 576;A01;0;7;0;2;7;16;1;
202000025371;154 697 578;B01;3;7;0;0;0;16;1;
202000025371;154 697 580;A01;3;30;0;2;0;16;1;
202000025372;154 697 573;A01;2;33;12;0;8;13;1;
202000025373;154 697 574;A01;1;1;1;0;1;14;5;
202000025374;154 697 571;B01;1;33;0;2;1;1;1;
202000025374;154 697 572;A01;1;7;0;2;2;26;1;
202000025375;154 697 569;B01;1;7;0;2;1;0;1;
202000025375;154 697 570;A01;1;3;0;2;1;5;1;
202000025376;154 697 568;A01;1;7;0;1;7;1;1;
202000025377;154 697 566;B01;1;7;0;9;3;26;1;
202000025377;154 697 567;A01;2;1;0;2;1;5;5;
202000025378;154 697 564;B01;3;1;0;2;7;1;0;
202000025378;154 697 565;A01;2;7;0;2;2;9;1;
202000025379;154 697 561;B01;1;10;0;2;4;1;1;
202000025379;154 697 563;A01;1;10;0;2;1;2;1;
202000025380;154 697 560;A01;0;7;0;2;2;2;1;
202000025380;154 697 562;B01;0;2;0;2;4;1;1;
202000025381;154 697 557;A01;1;7;0;1;1;1;1;
202000025382;154 697 558;B01;3;7;0;2;4;2;1;
202000025382;154 697 559;A01;3;7;0;2;1;1;1;
202000025383;154 697 553;B01;3;1;0;2;1;1;5;
202000025383;154 697 555;A01;3;7;0;2;1;16;1;
202000025384;154 697 552;A01;0;7;0;1;1;9;1;
202000025385;154 697 549;B01;3;1;0;2;1;1;5;
202000025385;154 697 550;A01;3;31;0;2;1;1;1;
202000025386;154 697 548;B01;3;7;0;2;1;1;1;
202000025386;154 697 551;A01;3;1;0;2;1;2;5;
202000025387;154 697 546;B01;1;7;0;2;0;0;1;
202000025387;154 697 547;A01;1;7;0;2;0;1;1;
202000025388;154 697 545;A01;1;7;0;1;1;1;4;
202000025389;154 697 542;B01;3;1;0;2;3;15;5;
202000025389;154 697 543;A01;3;7;0;2;2;17;1;
202000025390;154 697 544;A01;2;34;6;0;1;2;1;
202000025391;154 697 540;B01;0;33;0;2;8;15;1;
202000025391;154 697 541;A01;0;7;0;2;2;1;1;
202000025392;154 697 539;Z01;3;0;0;1;0;0;0;
202000025393;154 697 537;A01;3;7;0;2;2;17;1;
202000025393;154 697 538;B01;3;30;0;2;3;11;1;
202000025394;154 697 536;A01;2;33;0;1;1;8;0;
202000025395;154 697 533;A01;1;7;0;1;1;1;1;
202000025396;154 697 531;B01;3;7;0;2;4;23;1;
202000025396;154 697 532;A01;3;7;0;2;1;1;1;
202000025397;154 697 529;A01;2;7;0;2;1;1;1;
202000025397;154 697 530;B01;2;7;0;2;6;9;1;
202000025398;154 697 534;A01;0;7;0;2;2;26;1;
202000025398;154 697 535;B01;0;7;0;2;1;26;1;
202000025399;154 697 526;A01;2;7;1;0;9;14;1;
202000025400;154 697 527;B01;3;1;0;2;8;1;5;
202000025400;154 697 528;A01;0;7;0;9;0;15;1;