num_acc;id_vehicule;num_veh;senc;catv;obs;obsm;choc;manv;motor;occutc
202000025401;154 697 523;B01;1;7;0;2;1;1;1;
202000025401;154 697 525;A01;2;7;0;2;2;15;1;
202000025402;154 697 518;B01;2;31;0;2;3;1;1;
202000025402;154 697 519;A01;1;7;0;2;0;1;1;
202000025403;154 697 520;B01;1;2;0;2;1;15;1;
202000025403;154 697 521;A01;1;7;0;2;3;2;1;
202000025404;154 697 516;A01;2;7;1;1;2;14;1;
202000025405;154 697 515;B01;3;2;0;2;1;1;1;
202000025405;154 697 517;A01;3;7;0;2;1;1;1;
202000025406;154 697 512;A01;2;32;0;2;1;2;1;
202000025406;154 697 514;B01;2;10;0;2;4;2;1;
202000025407;154 697 511;B01;3;1;0;4;1;1;5;
202000025407;154 697 513;A01;3;40;0;2;1;1;3;
202000025408;154 697 508;A01;2;33;0;2;2;1;1;
202000025408;154 697 510;B01;2;7;0;2;6;11;2;
202000025409;154 697 507;B01;0;1;0;2;9;1;5;
202000025409;154 697 509;A01;0;10;0;2;1;9;1;
202000025410;154 697 505;A01;3;7;2;0;3;13;1;
202000025411;154 697 504;A01;1;37;0;2;7;15;1;1
202000025411;154 697 506;B01;1;33;0;2;1;1;1;
202000025412;154 697 503;A01;2;7;0;1;8;16;1;
202000025413;154 697 502;A01;2;30;0;1;1;5;1;
202000025414;154 697 499;B01;1;33;0;2;1;23;1;
202000025414;154 697 501;A01;1;10;0;2;6;4;1;
202000025415;154 697 498;A01;0;7;0;1;1;1;1;
202000025416;154 697 496;B01;1;7;0;2;1;1;1;
202000025416;154 697 497;A01;1;7;0;2;4;13;1;
202000025417;154 697 494;A01;1;7;14;1;7;1;1;
202000025417;154 697 495;B01;1;7;0;2;8;22;1;
202000025418;154 697 491;B01;3;30;0;2;1;1;1;
202000025418;154 697 493;A01;3;10;0;2;3;5;1;
202000025419;154 697 492;A01;1;30;0;1;8;17;1;
202000025420;154 697 489;B01;0;7;0;2;1;1;1;
202000025420;154 697 490;A01;0;7;0;2;1;5;1;
202000025421;154 697 487;A01;3;7;3;1;1;1;1;
202000025422;154 697 484;B01;1;10;0;2;1;1;1;
202000025422;154 697 485;A01;1;10;0;2;8;7;1;
202000025423;154 697 486;A01;1;1;0;2;1;5;5;
202000025423;154 697 488;B01;1;7;0;2;3;15;1;
202000025424;154 697 482;Z01;2;32;0;1;1;1;1;
202000025425;154 697 481;B01;1;99;1;2;3;13;0;
202000025425;154 697 483;A01;1;99;0;2;1;20;0;
202000025426;154 697 478;A01;1;7;13;0;1;13;1;
202000025427;154 697 479;Z01;2;37;0;2;0;18;1;0
202000025427;154 697 480;A01;2;50;0;2;7;1;3;
202000025428;154 697 474;B01;2;1;0;2;1;1;5;
202000025428;154 697 477;A01;1;7;0;2;6;1;1;
202000025429;154 697 475;B01;1;7;0;2;8;15;1;
202000025429;154 697 476;A01;1;33;0;2;1;17;1;
202000025430;154 697 470;A01;1;30;0;2;1;2;1;
202000025430;154 697 471;B01;1;7;0;2;6;2;1;
202000025431;154 697 469;B01;1;33;0;0;4;23;1;
202000025431;154 697 472;A01;1;7;0;2;1;1;1;
202000025432;154 697 468;A01;2;1;0;2;8;7;5;
202000025432;154 697 473;Z01;2;7;0;2;7;16;0;
202000025433;154 697 465;A01;3;7;0;2;1;9;1;
202000025433;154 697 467;B01;3;1;0;2;4;16;5;
202000025434;154 697 461;A01;2;43;0;0;8;1;1;
202000025435;154 697 464;A01;2;7;0;2;3;13;1;
202000025435;154 697 466;B01;1;7;0;2;3;1;1;
202000025436;154 697 460;A01;2;33;4;0;7;13;1;
202000025437;154 697 459;A01;1;7;0;1;1;1;1;
202000025438;154 697 457;A01;1;7;0;2;3;10;1;
202000025438;154 697 458;B01;1;32;0;2;1;1;1;
202000025439;154 697 462;A01;2;7;0;2;3;22;1;
202000025439;154 697 463;B01;2;1;0;2;2;1;5;
202000025440;154 697 455;A01;1;1;14;0;7;12;5;
202000025441;154 697 454;B01;1;1;0;2;6;2;5;
202000025441;154 697 456;A01;1;7;0;2;2;14;1;
202000025442;154 697 452;A01;1;32;0;2;7;21;1;
202000025443;154 697 450;A01;1;7;0;2;3;1;1;
202000025443;154 697 453;B01;2;80;0;2;3;1;3;
202000025444;154 697 451;A01;1;7;0;1;1;1;2;
202000025445;154 697 449;A01;2;7;13;0;2;1;1;
202000025446;154 697 448;A01;1;7;0;1;3;1;1;
202000025447;154 697 447;A01;3;33;6;0;3;13;1;
202000025448;154 697 444;A01;1;7;0;2;7;13;1;
202000025448;154 697 446;B01;2;7;0;2;1;1;1;
202000025449;154 697 443;A01;2;30;0;1;1;1;1;
202000025450;154 697 442;B01;2;1;0;2;1;1;0;
202000025450;154 697 445;A01;3;7;0;2;8;9;1;
202000025451;154 697 441;A01;1;7;0;0;9;21;1;
202000025452;154 697 439;B01;1;50;0;2;1;7;3;
202000025452;154 697 440;A01;1;10;0;2;8;22;1;
202000025453;154 697 437;B01;1;7;0;2;3;1;1;
202000025453;154 697 438;A01;2;7;0;2;2;9;1;
202000025454;154 697 434;B01;3;2;0;2;1;9;1;
202000025454;154 697 436;A01;0;7;0;2;6;0;1;
202000025455;154 697 432;B01;2;10;0;2;3;16;1;
202000025455;154 697 435;A01;2;1;0;2;2;1;5;
202000025456;154 697 430;A01;0;7;0;1;1;17;1;
202000025457;154 697 427;A01;2;7;0;2;1;13;1;
202000025457;154 697 428;B01;1;14;0;2;3;1;1;
202000025458;154 697 429;A01;2;1;0;0;0;1;5;
202000025459;154 697 431;A01;3;7;0;2;3;9;0;
202000025459;154 697 433;B01;3;30;0;2;1;2;0;
202000025460;154 697 422;B01;1;3;0;2;1;0;0;
202000025460;154 697 424;A01;1;3;0;2;4;0;0;
202000025461;154 697 423;A01;1;7;0;2;7;16;1;
202000025461;154 697 425;B01;1;50;0;2;0;1;3;
202000025462;154 697 421;A01;1;10;0;9;2;16;1;
202000025462;154 697 426;B01;1;1;0;2;1;21;5;
202000025463;154 697 420;A01;3;7;0;1;4;4;1;
202000025464;154 697 418;A01;3;7;0;2;3;15;1;
202000025464;154 697 419;B01;3;33;0;2;1;17;1;
202000025465;154 697 417;A01;1;7;8;0;1;0;0;
202000025466;154 697 414;A01;2;7;0;2;8;1;1;
202000025466;154 697 415;B01;2;7;8;2;1;2;1;
202000025467;154 697 412;A01;2;7;3;0;1;1;1;
202000025468;154 697 413;B01;1;7;0;0;6;1;1;
202000025468;154 697 416;A01;0;7;0;2;1;1;1;
202000025469;154 697 409;A01;1;10;0;2;1;9;1;
202000025469;154 697 410;B01;1;7;0;2;4;0;1;
202000025469;154 697 411;C01;1;7;0;2;4;0;1;
202000025470;154 697 405;A01;2;7;3;2;0;11;1;
202000025470;154 697 408;B01;2;7;0;2;6;1;1;
202000025471;154 697 406;A01;1;30;0;0;8;26;1;
202000025472;154 697 402;A01;2;33;2;0;0;1;0;
202000025473;154 697 404;A01;2;7;3;0;1;2;1;
202000025474;154 697 401;A01;1;7;0;2;6;13;0;
202000025474;154 697 403;B01;1;2;2;2;2;17;0;
202000025475;154 697 400;A01;1;7;0;1;3;1;6;
202000025476;154 697 399;A01;2;7;13;0;0;1;1;
202000025477;154 697 396;A01;3;1;1;2;1;15;0;
202000025477;154 697 398;B01;1;37;0;2;1;1;0;2
202000025478;154 697 397;A01;2;7;8;0;0;2;1;
202000025479;154 697 391;A01;2;32;0;2;1;1;1;
202000025479;154 697 393;B01;2;7;0;2;3;15;1;
202000025480;154 697 392;A01;3;2;6;0;1;13;0;
202000025481;154 697 385;A01;0;7;1;1;3;14;1;
202000025481;154 697 388;B01;3;7;0;1;5;24;1;
202000025482;154 697 387;A01;1;33;1;2;7;1;0;
202000025482;154 697 389;B01;2;7;12;0;3;23;0;
202000025483;154 697 386;A01;3;7;0;2;2;1;3;
202000025483;154 697 390;B01;3;32;0;2;8;1;1;
202000025484;154 697 384;A01;2;7;9;0;0;0;1;
202000025485;154 697 382;A01;2;7;0;2;1;2;1;
202000025485;154 697 383;B01;1;1;0;2;1;2;5;
202000025486;154 697 379;A01;-1;7;0;1;1;23;1;
202000025487;154 697 378;A01;1;7;0;2;1;17;1;
202000025487;154 697 380;B01;2;7;0;2;1;1;1;
202000025488;154 697 377;A01;2;7;0;2;8;13;1;
202000025488;154 697 381;B01;1;7;0;2;1;1;1;
202000025489;154 697 376;A01;1;7;0;1;6;4;1;
202000025490;154 697 375;A01;3;7;0;1;1;21;1;
202000025491;154 697 372;A01;1;10;9;2;1;1;1;
202000025491;154 697 373;B01;-1;7;0;2;1;1;1;
202000025492;154 697 369;A01;1;7;0;1;3;1;1;
202000025493;154 697 368;C01;1;7;0;2;3;1;1;
202000025493;154 697 370;B01;1;7;3;2;2;21;1;
202000025493;154 697 371;A01;2;7;0;2;9;13;1;
202000025494;154 697 367;A01;3;7;0;1;1;16;1;
202000025495;154 697 365;A01;1;7;0;2;1;13;1;
202000025495;154 697 366;B01;2;7;0;2;1;1;1;
202000025496;154 697 364;A01;1;37;0;0;0;26;0;2
202000025497;154 697 361;B01;0;33;0;2;1;1;1;
202000025497;154 697 363;A01;0;10;0;2;1;15;1;
202000025498;154 697 360;A01;1;33;0;2;2;26;6;
202000025498;154 697 362;Z01;1;32;0;0;0;0;0;
202000025499;154 697 356;B01;3;7;0;2;1;1;1;
202000025499;154 697 357;A01;3;1;0;2;8;19;5;
202000025500;154 697 358;A01;2;7;0;2;2;15;1;
202000025500;154 697 359;B01;1;33;0;2;1;1;1;
202000025501;154 697 353;A01;2;31;0;0;8;1;1;
202000025502;154 697 351;B01;3;15;0;0;6;23;1;
202000025502;154 697 354;A01;3;7;1;0;8;17;1;
202000025503;154 697 348;B01;1;10;0;2;2;15;1;
202000025503;154 697 350;A01;2;31;0;2;2;1;1;
202000025504;154 697 346;A01;1;7;0;2;4;1;1;
202000025504;154 697 347;B01;1;7;0;2;4;1;1;
202000025504;154 697 349;C01;1;7;0;2;1;1;1;
202000025505;154 697 345;A01;2;7;2;0;7;1;1;
202000025506;154 697 352;B01;1;1;0;2;8;15;5;
202000025506;154 697 355;Z01;1;3;0;2;0;0;0;
202000025507;154 697 344;A01;2;7;4;0;1;1;1;
202000025508;154 697 342;A01;1;30;0;2;1;2;1;
202000025508;154 697 343;B01;1;7;0;2;4;2;1;
202000025509;154 697 338;D01;1;10;0;2;1;2;1;
202000025509;154 697 339;C01;1;10;0;2;3;2;1;
202000025509;154 697 340;B01;1;7;0;2;4;2;1;
202000025509;154 697 341;A01;1;7;0;2;4;2;1;
202000025510;154 697 336;A01;1;33;8;0;1;14;1;
202000025511;154 697 334;A01;0;1;0;0;1;0;5;
202000025512;154 697 335;A01;1;7;3;0;1;0;1;
202000025513;154 697 332;A01;2;10;4;0;3;0;1;
202000025514;154 697 333;A01;2;7;2;0;7;0;1;
202000025515;154 697 337;A01;2;20;0;1;5;1;1;
202000025516;154 697 328;A01;1;7;0;2;4;1;1;
202000025516;154 697 331;Z01;1;7;0;2;1;1;0;
202000025517;154 697 325;A01;2;33;6;0;3;16;1;
202000025518;154 697 326;A01;1;32;9;0;5;16;1;
202000025518;154 697 327;B01;1;7;0;0;0;0;0;
202000025519;154 697 323;A01;2;7;0;1;1;13;1;
202000025520;154 697 329;B01;3;7;0;2;1;1;1;
202000025520;154 697 330;A01;3;33;0;2;1;1;1;
202000025521;154 697 321;A01;2;7;0;2;1;21;0;
202000025521;154 697 322;B01;2;7;0;2;5;2;0;
202000025521;154 697 324;C01;2;7;0;2;8;1;0;
202000025522;154 697 320;A01;2;2;0;0;1;1;0;
202000025523;154 697 317;A01;2;7;2;0;0;1;1;
202000025524;154 697 318;B01;2;7;0;2;4;1;1;
202000025524;154 697 319;A01;2;7;0;2;1;11;1;
202000025525;154 697 316;A01;3;7;0;1;3;1;1;
202000025526;154 697 314;A01;1;7;0;2;1;1;1;
202000025527;154 697 312;A01;2;7;4;0;0;26;1;
202000025528;154 697 311;A01;1;7;4;0;3;1;1;
202000025529;154 697 310;A01;0;7;0;1;1;1;0;
202000025530;154 697 309;A01;2;7;0;0;4;23;1;
202000025530;154 697 315;B01;2;7;0;2;1;2;1;
202000025531;154 697 306;A01;2;7;7;0;7;1;1;
202000025532;154 697 313;A01;1;7;6;0;7;1;1;
202000025533;154 697 307;A01;1;7;4;0;0;0;0;
202000025533;154 697 308;B01;1;7;4;0;0;0;0;
202000025534;154 697 304;A01;2;3;13;0;2;2;1;
202000025535;154 697 302;B01;2;7;0;2;1;1;1;
202000025535;154 697 305;A01;1;7;0;2;1;15;1;
202000025536;154 697 301;B01;3;7;0;2;4;1;0;
202000025536;154 697 303;A01;2;7;0;2;1;1;1;
202000025537;154 697 299;A01;1;33;13;0;7;1;1;
202000025538;154 697 297;A01;0;7;13;0;9;1;1;
202000025539;154 697 296;A01;0;7;0;2;1;1;1;
202000025539;154 697 298;B01;0;2;0;0;7;17;1;
202000025540;154 697 294;B01;1;10;0;2;1;1;1;
202000025540;154 697 295;A01;2;7;0;2;1;15;1;
202000025541;154 697 293;A01;1;7;0;1;3;1;1;
202000025542;154 697 292;A01;1;7;4;0;3;1;1;
202000025543;154 697 288;A01;2;7;0;2;3;9;1;
202000025543;154 697 300;B01;2;7;0;2;2;1;1;
202000025544;154 697 287;A01;2;7;13;0;2;14;1;
202000025545;154 697 286;A01;1;7;0;0;9;14;1;
202000025546;154 697 290;A01;1;7;0;2;1;1;1;
202000025546;154 697 291;B01;1;7;0;2;4;1;0;
202000025547;154 697 282;B01;2;7;12;2;2;19;1;
202000025547;154 697 285;A01;1;7;14;2;1;1;1;
202000025548;154 697 279;E01;1;7;0;2;0;0;0;
202000025548;154 697 280;D01;1;7;0;2;0;2;0;
202000025548;154 697 281;B01;1;7;0;2;6;2;0;
202000025548;154 697 283;A01;1;7;0;2;1;1;0;
202000025548;154 697 284;C01;1;7;0;2;0;2;0;
202000025549;154 697 278;A01;1;7;2;0;1;0;0;
202000025550;154 697 276;A01;1;7;0;2;4;26;0;
202000025550;154 697 277;B01;1;7;0;2;1;26;0;
202000025551;154 697 272;A01;0;7;13;0;1;1;1;
202000025552;154 697 271;A01;1;33;0;5;1;1;1;
202000025553;154 697 289;A01;1;7;0;1;3;1;1;
202000025554;154 697 269;B01;2;31;0;2;1;1;1;
202000025554;154 697 270;A01;1;21;0;2;3;15;1;
202000025555;154 697 268;A01;1;33;0;0;9;1;1;
202000025556;154 697 265;B01;1;10;0;2;1;15;1;
202000025556;154 697 267;A01;2;34;0;2;1;1;1;
202000025557;154 697 261;B01;2;7;0;2;3;9;1;
202000025557;154 697 262;A01;1;31;0;2;1;1;1;
202000025558;154 697 266;B01;2;7;1;2;6;19;1;
202000025558;154 697 273;A01;1;7;0;2;1;19;1;
202000025559;154 697 259;B01;2;7;0;2;4;1;1;
202000025559;154 697 260;A01;2;7;3;2;1;1;1;
202000025560;154 697 255;B01;1;10;0;2;4;2;1;
202000025560;154 697 257;A01;1;10;0;2;1;2;1;
202000025560;154 697 258;C01;1;10;0;2;4;2;0;
202000025561;154 697 254;A01;1;32;0;2;1;21;1;
202000025561;154 697 256;B01;1;10;0;2;8;9;1;
202000025562;154 697 252;B01;2;1;0;2;0;0;5;
202000025562;154 697 253;A01;2;0;0;2;1;0;0;
202000025563;154 697 250;A01;1;7;13;0;8;5;1;
202000025564;154 697 249;A01;0;2;0;0;0;0;0;
202000025565;154 697 248;A01;1;7;0;9;9;26;1;
202000025566;154 697 244;B01;1;7;0;2;3;1;1;
202000025566;154 697 245;A01;2;7;0;2;3;13;1;
202000025567;154 697 243;A01;3;7;0;9;1;16;1;
202000025567;154 697 251;B01;3;1;0;2;1;26;5;
202000025568;154 697 241;B01;3;10;0;2;2;2;1;
202000025568;154 697 242;A01;1;2;0;2;8;2;1;
202000025569;154 697 246;B01;3;15;0;2;1;1;1;
202000025569;154 697 247;A01;3;7;0;2;1;5;1;
202000025570;154 697 240;A01;1;7;0;1;3;1;1;
202000025571;154 697 236;A01;2;14;0;2;1;2;1;
202000025571;154 697 237;B01;2;7;0;2;4;2;1;
202000025572;154 697 238;B01;2;7;0;2;3;15;1;
202000025572;154 697 239;A01;2;34;0;2;1;17;1;
202000025573;154 697 233;B01;2;7;0;0;4;1;1;
202000025573;154 697 234;C01;2;7;0;0;4;1;1;
202000025573;154 697 235;A01;2;7;0;2;1;1;1;
202000025574;154 697 232;A01;2;7;0;1;1;1;1;
202000025575;154 697 231;A01;1;7;3;0;0;21;1;
202000025576;154 697 228;A01;0;7;0;2;1;1;1;
202000025576;154 697 229;C01;0;7;0;2;0;1;1;
202000025576;154 697 230;B01;0;2;0;2;4;1;1;
202000025577;154 697 227;A01;3;33;0;0;8;1;1;
202000025578;154 697 223;B01;1;7;0;2;8;1;0;
202000025578;154 697 225;A01;2;7;0;2;1;1;1;
202000025579;154 697 220;C01;1;7;0;2;3;1;1;
202000025579;154 697 221;B01;1;33;0;2;8;1;1;
202000025579;154 697 222;A01;2;3;0;2;3;13;1;
202000025580;154 697 218;B01;3;7;0;2;4;1;1;
202000025580;154 697 219;A01;3;7;0;2;1;2;1;
202000025581;154 697 216;B01;2;2;0;2;1;13;1;
202000025581;154 697 217;A01;1;10;0;2;1;1;1;
202000025582;154 697 213;Z01;1;7;0;2;1;2;0;
202000025582;154 697 214;B01;1;31;0;2;4;2;1;
202000025582;154 697 215;C01;1;7;0;2;6;2;1;
202000025583;154 697 211;B01;2;7;0;2;3;1;1;
202000025583;154 697 212;A01;1;7;0;2;3;13;1;
202000025584;154 697 209;A01;2;2;0;2;3;15;1;
202000025584;154 697 210;B01;1;7;0;2;2;2;1;
202000025585;154 697 205;A01;2;7;0;0;3;9;0;
202000025585;154 697 207;B01;2;7;0;2;1;1;0;
202000025585;154 697 208;C01;1;7;0;2;1;1;0;
202000025586;154 697 224;A01;1;7;0;2;2;2;1;
202000025586;154 697 226;B01;1;1;0;2;8;2;5;
202000025587;154 697 204;B01;1;7;0;2;4;1;1;
202000025587;154 697 206;Z01;1;7;0;0;0;0;1;
202000025588;154 697 202;B01;2;21;0;2;1;1;1;
202000025588;154 697 203;A01;1;7;0;2;1;13;1;
202000025589;154 697 200;A01;3;33;12;0;1;9;1;
202000025590;154 697 198;A01;2;7;0;2;4;2;1;
202000025590;154 697 199;B01;2;13;0;2;1;2;1;
202000025591;154 697 197;A01;2;7;15;0;1;16;2;
202000025592;154 697 195;A01;1;7;0;2;2;14;1;
202000025592;154 697 196;B01;1;7;0;2;3;9;1;
202000025593;154 697 193;A01;2;7;9;2;2;2;1;
202000025593;154 697 201;B01;2;2;9;2;4;0;1;
202000025594;154 697 191;A01;2;7;0;2;1;0;1;
202000025595;154 697 192;B01;1;7;0;0;5;1;1;
202000025595;154 697 194;A01;1;7;0;2;3;2;1;
202000025596;154 697 189;B01;2;7;0;2;8;1;1;
202000025596;154 697 190;A01;1;7;0;2;3;1;1;
202000025597;154 697 188;A01;0;30;8;0;1;24;1;
202000025598;154 697 187;A01;1;10;0;0;9;1;1;
202000025599;154 697 186;A01;3;10;0;1;3;15;1;
202000025600;154 697 184;A01;3;7;0;1;2;1;1;
202000025601;154 697 181;A01;1;7;1;0;1;26;0;
202000025601;154 697 182;C01;1;7;0;2;4;23;0;
202000025601;154 697 183;B01;1;7;0;2;4;1;0;
202000025602;154 697 185;A01;1;33;0;0;0;1;1;
202000025603;154 697 178;A01;3;7;0;2;1;1;1;
202000025603;154 697 179;C01;3;3;0;2;4;1;1;
202000025603;154 697 180;B01;3;7;0;2;4;1;1;
202000025604;154 697 177;A01;2;7;10;0;2;1;1;
202000025605;154 697 175;B01;1;7;0;2;4;2;1;
202000025605;154 697 176;A01;1;7;0;2;1;2;1;
202000025606;154 697 174;A01;3;2;15;0;1;14;1;
202000025607;154 697 172;A01;1;1;0;2;4;1;5;
202000025607;154 697 173;B01;1;10;0;2;4;1;1;
202000025608;154 697 170;B01;0;2;0;2;8;2;1;
202000025608;154 697 171;A01;0;2;6;2;7;2;1;
202000025609;154 697 167;A01;3;7;16;0;9;1;1;
202000025610;154 697 168;B01;3;7;0;2;7;16;1;
202000025610;154 697 169;A01;3;30;0;2;3;18;1;
202000025611;154 697 164;B01;1;33;0;0;0;0;1;
202000025611;154 697 166;A01;1;0;0;2;0;0;0;
202000025612;154 697 165;A01;2;7;3;0;2;1;1;
202000025613;154 697 160;A01;1;7;0;2;4;1;1;
202000025613;154 697 163;B01;1;7;0;2;1;2;1;
202000025614;154 697 159;B01;1;7;8;2;1;1;1;
202000025614;154 697 161;C01;2;7;0;2;2;0;1;
202000025614;154 697 162;A01;1;7;0;2;0;26;1;
202000025615;154 697 158;A01;1;7;4;0;1;14;1;
202000025616;154 697 157;A01;2;7;4;0;2;14;1;
202000025617;154 697 155;A01;2;30;2;0;1;1;1;
202000025618;154 697 154;A01;1;32;0;2;8;3;1;
202000025618;154 697 156;B01;1;7;0;2;7;1;1;
202000025619;154 697 153;A01;1;33;14;0;1;1;1;
202000025620;154 697 152;A01;1;7;4;0;1;13;1;
202000025621;154 697 150;A01;2;33;0;0;0;1;1;
202000025621;154 697 151;B01;2;7;0;0;0;1;1;
202000025622;154 697 146;B01;2;7;0;2;5;9;1;
202000025622;154 697 149;A01;2;7;0;2;2;1;1;
202000025623;154 697 145;C01;1;7;0;2;4;9;1;
202000025623;154 697 147;B01;1;7;0;2;4;1;1;
202000025623;154 697 148;A01;1;7;0;2;1;1;1;
202000025624;154 697 144;A01;3;7;0;1;7;1;1;
202000025625;154 697 143;A01;1;80;0;1;1;1;3;
202000025626;154 697 141;A01;1;7;0;2;1;1;1;
202000025626;154 697 142;B01;1;7;0;2;4;1;1;
202000025627;154 697 137;A01;1;7;0;2;1;1;1;
202000025627;154 697 139;B01;1;7;0;2;4;1;1;
202000025628;154 697 135;A01;1;7;0;2;1;1;1;
202000025628;154 697 136;B01;2;7;0;2;1;1;1;
202000025629;154 697 133;B01;1;31;0;2;1;0;0;
202000025629;154 697 134;A01;1;7;0;0;7;16;1;
202000025630;154 697 138;A01;3;7;9;2;8;19;1;
202000025630;154 697 140;B01;3;7;15;1;1;19;1;
202000025631;154 697 129;B01;1;7;1;2;7;1;1;
202000025631;154 697 131;C01;3;7;0;2;5;0;1;
202000025631;154 697 132;A01;3;7;0;2;1;9;1;
202000025632;154 697 130;A01;1;7;8;0;2;25;1;
202000025633;154 697 126;B01;1;32;0;2;3;9;0;
202000025633;154 697 128;A01;2;7;0;2;7;10;1;
202000025634;154 697 127;A01;3;33;11;0;1;13;1;
202000025635;154 697 125;A01;1;7;15;0;1;1;6;
202000025636;154 697 124;A01;1;7;13;0;1;1;1;
202000025637;154 697 123;A01;1;7;2;0;1;13;1;
202000025638;154 697 120;B01;3;1;0;2;2;1;5;
202000025638;154 697 122;A01;3;10;0;2;2;16;0;
202000025639;154 697 118;A01;1;7;0;1;4;20;1;
202000025640;154 697 119;B01;0;2;0;2;7;0;0;
202000025640;154 697 121;A01;1;7;0;9;1;1;0;
202000025641;154 697 116;A01;1;7;11;0;3;13;1;
202000025642;154 697 115;B01;3;1;0;2;1;1;5;
202000025642;154 697 117;A01;3;7;0;2;2;1;0;
202000025643;154 697 113;A01;1;7;6;0;1;13;1;
202000025644;154 697 111;B01;3;10;0;2;6;16;0;
202000025644;154 697 112;A01;2;34;0;2;1;19;1;
202000025645;154 697 109;A01;2;7;1;0;2;21;1;
202000025645;154 697 110;B01;2;7;0;2;6;24;1;
202000025646;154 697 107;B01;1;33;9;2;8;1;1;
202000025646;154 697 108;A01;1;15;0;2;7;12;0;
202000025647;154 697 114;A01;3;7;16;0;9;0;1;
202000025648;154 697 104;A01;3;7;0;1;3;1;1;
202000025649;154 697 105;A01;0;7;0;2;3;15;1;
202000025649;154 697 106;B01;0;1;0;2;1;1;0;
202000025650;154 697 102;A01;2;7;0;2;2;13;1;
202000025650;154 697 103;B01;1;10;0;2;2;1;1;
202000025651;154 697 098;A01;1;7;0;2;1;2;1;
202000025651;154 697 100;B01;1;7;0;2;4;2;1;
202000025652;154 697 099;A01;2;30;0;2;1;17;1;
202000025652;154 697 101;Z01;2;7;0;2;3;15;1;
202000025653;154 697 095;A01;1;7;1;1;4;4;1;
202000025653;154 697 096;B01;2;7;0;2;2;24;1;
202000025653;154 697 097;E01;2;7;0;2;1;0;1;
202000025654;154 697 094;A01;1;7;0;1;3;1;1;
202000025655;154 697 090;A01;1;32;0;2;3;1;1;
202000025655;154 697 092;Z01;1;7;0;2;7;10;1;
202000025656;154 697 087;A01;1;10;0;2;8;10;1;
202000025656;154 697 088;B01;1;30;0;2;1;1;1;
202000025657;154 697 084;B01;0;10;0;2;3;1;1;
202000025657;154 697 085;A01;0;80;0;2;5;1;3;
202000025658;154 697 083;A01;3;7;0;2;1;2;2;
202000025658;154 697 086;Z01;3;7;0;2;6;23;0;
202000025659;154 697 081;B01;2;33;0;2;1;1;0;
202000025659;154 697 082;A01;1;7;0;2;8;19;0;
202000025660;154 697 079;B01;3;7;0;2;5;23;2;
202000025660;154 697 080;A01;3;7;0;2;1;1;1;
202000025661;154 697 075;C01;1;7;0;2;6;2;1;
202000025661;154 697 077;B01;1;7;0;2;5;1;1;
202000025661;154 697 078;A01;1;7;0;2;1;2;1;
202000025662;154 697 074;B01;1;32;0;2;7;17;1;
202000025662;154 697 076;A01;1;7;0;2;3;10;1;
202000025663;154 697 072;A01;2;7;0;1;1;2;0;
202000025664;154 697 071;A01;1;7;0;2;1;15;1;
202000025664;154 697 073;B01;2;34;0;2;8;1;1;
202000025665;154 697 070;A01;2;17;0;1;3;9;1;
202000025666;154 697 069;A01;1;10;0;1;4;25;1;
202000025667;154 697 068;A01;1;7;0;1;3;1;1;
202000025668;154 697 065;A01;3;7;0;2;8;11;1;
202000025668;154 697 066;B01;3;10;0;2;7;1;1;
202000025668;154 697 067;C01;3;7;0;2;6;1;1;
202000025669;154 697 064;A01;2;7;2;0;8;14;1;
202000025670;154 697 062;Z01;3;7;0;2;3;1;0;
202000025670;154 697 063;A01;3;1;0;2;7;1;5;
202000025671;154 697 060;B01;0;7;0;2;5;1;0;
202000025671;154 697 061;A01;0;30;0;2;1;26;1;
202000025672;154 697 058;B01;2;7;0;2;1;1;1;
202000025672;154 697 059;A01;1;33;0;2;7;13;1;
202000025673;154 697 056;A01;1;1;0;1;1;1;5;
202000025674;154 697 055;B01;3;7;0;0;3;1;6;
202000025674;154 697 057;A01;3;7;0;0;1;5;6;
202000025675;154 697 053;Z01;1;7;0;2;2;15;1;
202000025675;154 697 054;A01;1;43;0;2;8;18;1;
202000025676;154 697 051;A01;1;10;0;1;2;1;1;
202000025677;154 697 050;B01;1;32;0;2;1;1;1;
202000025677;154 697 052;A01;1;7;0;2;3;15;1;
202000025678;154 697 048;B01;2;10;0;2;8;9;1;
202000025678;154 697 049;A01;2;10;0;2;1;1;1;
202000025679;154 697 046;B01;2;10;1;0;1;2;1;
202000025679;154 697 047;A01;2;10;0;2;4;23;1;
202000025680;154 697 043;A01;3;34;0;2;1;1;1;
202000025680;154 697 045;B01;3;7;0;2;3;16;1;
202000025681;154 697 042;A01;1;2;0;2;4;1;6;
202000025681;154 697 044;B01;1;7;0;2;2;1;6;
202000025682;154 697 040;A01;1;13;0;2;2;2;1;
202000025682;154 697 041;B01;1;80;0;2;8;2;3;
202000025683;154 697 038;B01;2;1;0;2;1;1;5;
202000025683;154 697 039;A01;2;7;0;2;0;0;3;
202000025684;154 697 037;Z01;1;7;0;1;0;1;1;
202000025685;154 697 036;A01;2;7;0;1;7;1;1;
202000025686;154 697 033;B01;1;7;0;2;4;1;1;
202000025686;154 697 034;C01;1;7;0;2;4;1;1;
202000025686;154 697 035;A01;1;7;0;2;1;1;1;
202000025687;154 697 031;A01;1;7;0;2;3;26;1;