num_acc;id_vehicule;num_veh;senc;catv;obs;obsm;choc;manv;motor;occutc
202000025687;154 697 032;B01;0;32;0;0;0;0;1;
202000025688;154 697 029;B01;3;7;0;2;1;1;6;
202000025688;154 697 030;A01;3;7;8;2;3;1;6;
202000025689;154 697 027;B01;1;7;0;2;1;1;0;
202000025689;154 697 028;A01;1;31;0;2;8;1;0;
202000025690;154 697 025;A01;3;7;0;2;2;15;1;
202000025690;154 697 026;B01;-1;33;0;2;3;1;1;
202000025691;154 697 023;B01;1;7;0;2;1;1;0;
202000025691;154 697 024;A01;1;7;0;2;2;1;0;
202000025692;154 697 021;B01;1;7;0;2;2;1;1;
202000025692;154 697 022;A01;1;32;0;2;3;9;1;
202000025693;154 697 019;A01;3;7;14;0;5;12;1;
202000025693;154 697 020;B01;3;32;0;2;8;1;1;
202000025694;154 697 017;A01;2;50;0;2;1;19;3;
202000025694;154 697 018;B01;2;7;0;9;2;1;1;
202000025695;154 697 016;A01;1;50;0;1;8;1;3;
202000025696;154 697 015;A01;1;30;8;0;7;26;1;
202000025697;154 697 014;A01;1;7;0;1;2;16;1;
202000025698;154 697 011;C01;1;7;0;2;4;2;1;
202000025698;154 697 012;B01;1;7;0;2;4;2;6;
202000025698;154 697 013;A01;1;7;0;2;1;2;2;
202000025699;154 697 009;B01;1;3;0;2;4;1;1;
202000025699;154 697 010;A01;1;10;0;2;1;1;1;
202000025700;154 697 007;B01;2;7;0;2;4;1;1;
202000025700;154 697 008;A01;2;32;0;2;1;1;1;
202000025701;154 697 005;B01;2;10;0;2;7;16;1;
202000025701;154 697 006;A01;2;32;0;2;1;1;1;
202000025702;154 697 003;B01;2;7;0;2;1;1;1;
202000025702;154 697 004;A01;1;7;12;2;5;14;1;
202000025703;154 697 002;A01;2;33;12;0;1;1;1;
202000025704;154 697 001;A01;2;17;3;0;3;1;1;
202000025705;154 697 000;A01;1;15;0;1;3;15;1;
202000025706;154 696 996;B01;2;7;0;2;4;2;1;
202000025706;154 696 997;D01;2;7;0;0;4;2;1;
202000025706;154 696 998;C01;2;7;0;2;4;2;1;
202000025706;154 696 999;A01;2;7;0;2;1;2;1;
202000025707;154 696 994;A01;3;33;0;2;1;16;0;
202000025707;154 696 995;B01;3;7;0;2;8;15;0;
202000025708;154 696 992;A01;2;7;0;2;2;2;1;
202000025708;154 696 993;B01;2;30;0;0;4;2;1;
202000025709;154 696 991;A01;2;33;11;0;0;2;1;
202000025710;154 696 989;B01;3;7;0;9;7;1;1;
202000025710;154 696 990;A01;1;1;0;2;7;15;5;
202000025711;154 696 988;A01;2;7;0;1;3;1;1;
202000025712;154 696 987;A01;1;7;3;0;2;1;1;
202000025713;154 696 985;B01;1;7;0;2;2;19;1;
202000025713;154 696 986;A01;2;7;0;2;1;1;1;
202000025714;154 696 984;A01;1;7;2;0;9;1;1;
202000025715;154 696 983;A01;3;2;0;0;8;1;1;
202000025716;154 696 982;A01;1;7;0;1;2;1;1;
202000025717;154 696 980;A01;3;33;0;2;1;13;1;
202000025717;154 696 981;B01;3;7;0;2;8;1;0;
202000025718;154 696 978;B01;3;31;0;2;1;1;1;
202000025718;154 696 979;A01;3;13;0;2;2;15;1;
202000025719;154 696 977;A01;1;7;2;0;1;1;1;
202000025720;154 696 976;A01;2;7;17;0;7;21;1;
202000025721;154 696 975;A01;2;7;6;0;3;1;1;
202000025722;154 696 973;B01;2;7;0;2;7;1;1;
202000025722;154 696 974;A01;2;7;2;2;8;1;1;
202000025723;154 696 971;A01;2;7;0;2;7;13;1;
202000025723;154 696 972;B01;1;7;0;2;1;1;1;
202000025724;154 696 969;A01;1;7;0;2;2;1;1;
202000025724;154 696 970;B01;2;50;0;2;1;1;3;
202000025725;154 696 968;A01;1;7;0;1;2;1;1;
202000025726;154 696 967;A01;1;7;0;0;9;13;1;
202000025727;154 696 966;A01;0;2;0;0;0;0;1;
202000025728;154 696 965;A01;2;7;13;0;9;1;1;
202000025729;154 696 964;A01;1;2;0;0;1;1;0;
202000025730;154 696 963;A01;1;10;13;0;2;1;1;
202000025731;154 696 961;A01;2;7;0;2;1;1;1;
202000025731;154 696 962;B01;1;7;0;2;1;13;1;
202000025732;154 696 960;A01;2;2;0;0;0;14;1;
202000025733;154 696 959;A01;1;7;4;0;2;1;1;
202000025734;154 696 957;B01;1;15;0;2;2;1;0;
202000025734;154 696 958;A01;1;7;0;2;8;9;0;
202000025735;154 696 955;A01;1;7;3;0;1;1;6;
202000025735;154 696 956;B01;1;33;0;0;0;1;6;
202000025736;154 696 953;A01;1;7;3;0;9;1;1;
202000025737;154 696 952;A01;2;7;3;0;2;14;1;
202000025738;154 696 951;A01;1;10;13;0;9;14;1;
202000025739;154 696 950;A01;0;10;0;0;9;26;6;
202000025740;154 696 948;B01;2;10;0;2;3;1;1;
202000025740;154 696 949;A01;1;7;0;2;1;15;1;
202000025741;154 696 947;A01;2;7;13;0;1;0;1;
202000025742;154 696 945;A01;1;7;0;2;3;1;1;
202000025742;154 696 946;B01;2;7;0;2;3;13;1;
202000025743;154 696 943;B01;1;1;0;2;4;1;5;
202000025743;154 696 944;A01;1;7;0;9;2;17;1;
202000025744;154 696 942;A01;2;7;13;0;0;1;1;
202000025745;154 696 941;A01;1;7;16;0;3;1;0;
202000025746;154 696 939;A01;2;7;0;2;3;1;1;
202000025746;154 696 940;B01;1;17;0;2;3;1;1;
202000025747;154 696 938;A01;3;7;0;1;2;19;1;
202000025748;154 696 937;A01;1;2;0;0;1;1;1;
202000025749;154 696 935;B01;2;10;0;2;8;1;1;
202000025749;154 696 936;A01;2;1;0;2;1;16;5;
202000025750;154 696 928;A01;2;7;0;2;7;15;6;
202000025750;154 696 929;B01;2;2;0;2;1;1;6;
202000025751;154 696 927;A01;0;7;0;0;9;1;1;
202000025752;154 696 926;A01;1;7;4;0;3;2;1;
202000025753;154 696 924;A01;2;7;4;0;0;0;1;
202000025754;154 696 923;A01;1;7;4;0;5;13;1;
202000025755;154 696 921;A01;2;7;1;1;2;1;1;
202000025755;154 696 922;B01;2;7;3;2;2;23;1;
202000025756;154 696 919;A01;2;7;4;2;4;2;1;
202000025756;154 696 920;B01;2;99;0;2;1;2;1;
202000025757;154 696 918;A01;2;7;3;0;1;0;1;
202000025758;154 696 917;A01;1;7;5;0;1;0;1;
202000025759;154 696 916;A01;2;7;3;0;3;0;1;
202000025760;154 696 914;A01;1;7;0;0;1;0;1;
202000025760;154 696 915;B01;1;7;0;0;4;0;1;
202000025761;154 696 912;B01;1;7;0;0;4;2;1;
202000025761;154 696 913;A01;1;7;0;2;1;2;1;
202000025762;154 696 910;B01;1;7;0;2;9;2;1;
202000025762;154 696 911;A01;1;7;0;2;7;14;1;
202000025763;154 696 908;Z01;2;0;0;2;1;0;0;
202000025763;154 696 909;B01;2;7;4;0;4;2;1;
202000025764;154 696 907;A01;2;7;4;0;4;1;1;
202000025765;154 696 906;A01;1;7;2;0;1;1;1;
202000025766;154 696 905;A01;1;7;0;1;3;19;1;
202000025767;154 696 904;A01;3;30;0;0;8;1;1;
202000025768;154 696 902;A01;1;7;0;2;6;15;1;
202000025768;154 696 903;B01;1;33;0;2;1;17;0;
202000025769;154 696 901;A01;2;7;4;0;1;13;1;
202000025770;154 696 899;B01;1;7;0;2;2;9;1;
202000025770;154 696 900;A01;2;10;0;2;3;9;1;
202000025771;154 696 898;A01;2;10;0;1;1;15;1;
202000025772;154 696 896;B01;2;30;0;2;2;1;1;
202000025772;154 696 897;A01;2;7;0;2;1;9;1;
202000025773;154 696 895;A01;3;1;0;1;8;5;5;
202000025774;154 696 894;A01;1;7;12;0;3;1;1;
202000025775;154 696 892;B01;3;7;1;2;3;1;1;
202000025775;154 696 893;A01;3;10;8;2;1;1;1;
202000025776;154 696 891;A01;2;10;0;1;3;1;0;
202000025777;154 696 889;B01;2;34;0;2;8;1;1;
202000025777;154 696 890;A01;1;7;0;2;1;15;1;
202000025778;154 696 888;A01;1;37;0;1;2;26;1;1
202000025779;154 696 886;A01;1;7;0;9;3;1;3;
202000025779;154 696 887;B01;1;1;0;2;8;9;5;
202000025780;154 696 884;B01;2;1;0;0;8;2;5;
202000025780;154 696 885;A01;1;7;0;9;2;15;1;
202000025781;154 696 882;A01;0;7;0;2;3;9;0;
202000025781;154 696 883;B01;1;7;0;2;2;1;0;
202000025782;154 696 881;A01;1;7;13;0;1;1;1;
202000025783;154 696 879;B01;2;7;0;2;3;15;0;
202000025783;154 696 880;A01;2;33;0;2;1;17;0;
202000025784;154 696 877;A01;1;7;0;1;1;1;1;
202000025785;154 696 876;A01;2;7;13;0;3;13;1;
202000025786;154 696 874;B01;2;7;0;2;8;1;1;
202000025786;154 696 875;A01;2;7;0;2;1;19;1;
202000025787;154 696 873;A01;1;7;0;1;1;1;1;
202000025788;154 696 871;B01;2;2;0;0;4;2;1;
202000025788;154 696 872;A01;2;2;0;2;1;2;1;
202000025789;154 696 870;A01;1;7;2;0;1;1;1;
202000025790;154 696 868;A01;3;3;1;2;2;1;1;
202000025790;154 696 869;B01;3;7;0;2;3;1;1;
202000025791;154 696 867;A01;2;7;6;0;3;1;1;
202000025792;154 696 865;B01;1;33;0;2;8;1;1;
202000025792;154 696 866;A01;3;7;0;2;2;15;1;
202000025793;154 696 864;A01;2;7;6;0;1;15;1;
202000025794;154 696 863;A01;1;7;13;0;3;1;1;
202000025795;154 696 861;A01;3;2;0;2;1;13;1;
202000025795;154 696 862;B01;3;14;0;2;1;1;1;
202000025796;154 696 860;A01;2;7;13;0;9;14;1;
202000025797;154 696 858;B01;2;7;8;2;1;1;1;
202000025797;154 696 859;A01;2;15;0;2;8;15;1;
202000025798;154 696 855;A01;2;7;0;1;2;21;1;
202000025799;154 696 851;C01;3;7;0;2;8;16;1;
202000025799;154 696 852;D01;3;7;0;2;3;0;1;
202000025799;154 696 853;A01;3;33;0;2;7;17;1;
202000025799;154 696 854;B01;3;7;0;2;8;21;1;
202000025800;154 696 849;B01;1;30;0;2;1;1;1;
202000025800;154 696 850;A01;2;7;0;2;1;15;1;
202000025801;154 696 847;B01;1;39;0;2;1;1;1;
202000025801;154 696 848;A01;1;21;0;4;2;1;1;
202000025802;154 696 846;A01;3;2;0;0;0;2;1;
202000025803;154 696 845;A01;3;7;0;1;2;1;1;
202000025804;154 696 843;A01;1;7;0;2;4;2;1;
202000025804;154 696 844;B01;1;17;0;2;1;2;1;
202000025805;154 696 841;B01;1;7;0;2;6;1;1;
202000025805;154 696 842;A01;1;7;0;2;2;17;1;
202000025806;154 696 840;A01;1;7;3;0;3;13;1;
202000025807;154 696 839;A01;2;7;4;0;9;2;1;
202000025808;154 696 837;B01;1;7;0;2;1;1;1;
202000025808;154 696 838;A01;2;7;0;2;1;17;1;
202000025809;154 696 835;B01;3;32;0;9;8;5;0;
202000025809;154 696 836;A01;1;32;0;9;1;1;0;
202000025810;154 696 833;B01;2;33;0;2;1;17;1;
202000025810;154 696 834;A01;1;10;0;2;8;15;0;
202000025811;154 696 832;A01;2;7;2;0;0;14;1;
202000025812;154 696 830;A01;3;10;0;9;1;1;0;
202000025812;154 696 831;B01;3;1;0;2;8;19;6;
202000025813;154 696 828;B01;2;7;3;0;4;24;1;
202000025813;154 696 829;A01;2;17;0;2;1;1;1;
202000025814;154 696 827;A01;1;7;6;0;1;14;1;
202000025815;154 696 825;A01;3;7;0;2;1;5;3;
202000025815;154 696 826;B01;3;33;0;2;3;1;1;
202000025816;154 696 823;B01;3;7;0;2;4;1;1;
202000025816;154 696 824;A01;3;7;0;2;1;2;1;
202000025817;154 696 822;A01;2;1;0;0;0;26;5;
202000025818;154 696 821;A01;2;7;0;1;0;0;0;
202000025819;154 696 819;A01;1;7;0;2;1;15;1;
202000025819;154 696 820;B01;2;7;0;2;3;1;1;
202000025820;154 696 818;A01;1;7;6;0;3;13;1;
202000025821;154 696 815;C01;2;7;0;0;4;23;0;
202000025821;154 696 816;A01;2;7;0;2;1;2;0;
202000025821;154 696 817;B01;2;7;0;2;1;2;0;
202000025822;154 696 813;B01;3;1;0;2;1;5;5;
202000025822;154 696 814;A01;3;7;0;2;1;1;1;
202000025823;154 696 812;A01;2;30;0;0;0;21;1;
202000025824;154 696 809;B01;1;33;0;2;1;1;1;
202000025824;154 696 810;A01;1;7;0;2;3;19;0;
202000025825;154 696 808;A01;1;7;0;1;2;1;0;
202000025826;154 696 806;A01;2;10;0;2;7;12;1;
202000025826;154 696 807;B01;2;31;0;2;3;1;1;
202000025827;154 696 804;Z01;1;7;0;2;1;1;1;
202000025827;154 696 805;A01;1;1;0;2;4;1;5;
202000025828;154 696 803;A01;2;2;8;0;7;15;1;
202000025829;154 696 802;A01;2;10;0;1;5;4;3;
202000025830;154 696 800;A01;2;32;0;2;4;2;1;
202000025830;154 696 801;B01;2;7;0;2;4;23;1;
202000025831;154 696 798;A01;2;7;0;2;1;1;1;
202000025831;154 696 799;B01;2;7;8;2;2;1;2;
202000025832;154 696 797;A01;2;30;0;1;2;5;1;
202000025833;154 696 796;A01;1;7;0;1;1;1;1;
202000025834;154 696 794;B01;0;7;0;2;1;1;0;
202000025834;154 696 795;A01;0;32;0;2;7;1;0;
202000025835;154 696 792;A01;2;7;1;0;1;14;1;
202000025835;154 696 793;B01;2;10;15;2;4;24;1;
202000025836;154 696 790;A01;1;2;0;2;3;13;1;
202000025836;154 696 791;B01;2;7;0;2;3;1;1;
202000025837;154 696 788;A01;3;32;0;2;0;17;1;
202000025837;154 696 789;B01;0;7;0;0;3;10;1;
202000025838;154 696 787;A01;3;7;12;0;1;2;0;
202000025839;154 696 785;B01;1;21;0;0;6;15;1;
202000025839;154 696 786;A01;1;33;0;2;1;17;1;
202000025840;154 696 784;A01;0;2;12;0;8;1;1;
202000025841;154 696 783;A01;1;7;13;0;9;14;1;
202000025842;154 696 782;A01;2;33;3;0;0;1;1;
202000025843;154 696 780;A01;2;7;0;2;3;26;1;
202000025843;154 696 781;B01;2;2;0;2;7;1;1;
202000025844;154 696 779;A01;1;7;3;0;3;2;1;
202000025845;154 696 778;A01;2;7;13;0;0;1;1;
202000025846;154 696 776;A01;2;7;0;2;3;17;1;
202000025846;154 696 777;B01;1;7;0;2;3;21;1;
202000025847;154 696 775;A01;1;32;0;2;3;26;1;
202000025848;154 696 774;A01;1;7;4;0;1;2;1;
202000025849;154 696 773;A01;2;7;0;0;9;13;1;
202000025850;154 696 771;B01;1;7;0;2;1;1;1;
202000025850;154 696 772;A01;1;7;0;2;4;1;1;
202000025851;154 696 769;B01;2;30;0;2;8;1;1;
202000025851;154 696 770;A01;1;7;0;2;1;15;1;
202000025852;154 696 767;A01;2;30;0;2;1;1;1;
202000025852;154 696 768;B01;2;31;0;2;8;1;1;
202000025853;154 696 766;A01;3;7;0;1;1;1;1;
202000025854;154 696 765;A01;3;32;14;0;1;26;1;
202000025855;154 696 764;A01;1;7;0;1;3;1;1;
202000025856;154 696 762;A01;1;50;0;2;7;19;3;
202000025856;154 696 763;B01;1;7;0;2;7;1;1;
202000025857;154 696 760;B01;1;7;0;2;3;1;1;
202000025857;154 696 761;A01;2;33;0;2;2;15;1;
202000025858;154 696 759;A01;3;7;0;1;3;15;1;
202000025859;154 696 758;A01;1;7;13;0;1;19;0;
202000025860;154 696 757;A01;2;33;0;0;1;0;1;
202000025861;154 696 755;B01;2;7;0;2;2;1;1;
202000025861;154 696 756;A01;2;1;0;2;1;15;5;
202000025862;154 696 753;B01;1;15;0;2;3;1;1;
202000025862;154 696 754;A01;2;10;0;2;3;13;1;
202000025863;154 696 752;A01;1;10;0;1;3;1;1;
202000025864;154 696 751;A01;3;7;0;1;2;2;0;
202000025865;154 696 750;A01;2;50;0;0;4;0;3;
202000025866;154 696 749;A01;2;7;13;0;2;0;1;
202000025867;154 696 747;A01;1;7;0;2;1;1;1;
202000025867;154 696 748;B01;3;2;8;2;8;19;1;
202000025868;154 696 746;A01;2;33;0;0;8;1;1;
202000025869;154 696 744;A01;1;7;0;2;3;1;1;
202000025869;154 696 745;B01;3;2;0;2;1;19;1;
202000025870;154 696 743;A01;1;1;0;0;1;0;5;
202000025871;154 696 742;A01;2;7;4;0;3;1;0;
202000025872;154 696 739;B01;2;7;0;2;1;1;1;
202000025872;154 696 740;C01;1;14;0;2;1;1;1;
202000025872;154 696 741;A01;1;7;0;2;1;17;1;
202000025873;154 696 737;A01;1;1;0;2;8;1;0;
202000025873;154 696 738;B01;2;7;0;2;3;15;0;
202000025874;154 696 736;A01;1;33;2;0;8;26;1;
202000025875;154 696 734;A01;1;7;0;1;2;1;1;
202000025876;154 696 733;A01;1;1;13;0;0;14;6;
202000025877;154 696 732;A01;0;7;13;0;7;1;2;
202000025878;154 696 730;B01;1;99;0;2;0;0;0;
202000025878;154 696 731;A01;1;7;0;2;5;15;1;
202000025879;154 696 728;A01;1;7;0;2;1;13;1;
202000025879;154 696 729;B01;2;10;0;2;1;1;1;
202000025880;154 696 727;A01;1;7;12;0;3;1;1;
202000025881;154 696 726;A01;1;10;2;0;1;0;1;
202000025882;154 696 725;A01;1;33;4;0;3;17;1;
202000025883;154 696 724;Z01;0;99;-1;0;1;-1;-1;
202000025884;154 696 723;A01;1;30;15;0;7;14;1;
202000025885;154 696 722;A01;2;0;0;1;0;15;0;
202000025886;154 696 721;A01;1;7;4;0;9;1;1;
202000025887;154 696 720;A01;2;99;13;0;3;13;1;
202000025888;154 696 719;A01;1;7;0;0;1;1;1;
202000025889;154 696 718;A01;1;7;0;1;0;1;6;
202000025890;154 696 716;A01;1;7;0;2;1;9;1;
202000025890;154 696 717;B01;2;1;0;2;4;9;6;
202000025891;154 696 715;A01;2;7;13;0;1;1;1;
202000025892;154 696 714;A01;2;7;6;0;1;14;1;
202000025893;154 696 713;A01;2;30;0;1;8;1;1;
202000025894;154 696 711;A01;1;33;0;2;6;18;1;
202000025894;154 696 712;B01;1;7;0;2;1;26;0;
202000025895;154 696 710;A01;3;33;1;0;1;1;1;
202000025896;154 696 708;A01;0;32;16;0;8;1;1;
202000025897;154 696 707;A01;1;36;6;0;1;1;1;
202000025898;154 696 705;A01;0;1;0;2;1;19;5;
202000025898;154 696 706;B01;1;7;0;2;8;1;1;
202000025899;154 696 703;A01;1;31;12;0;7;1;1;
202000025900;154 696 702;A01;0;7;0;1;2;20;0;
202000025901;154 696 701;A01;1;33;13;0;1;1;1;
202000025902;154 696 699;B01;2;7;0;2;3;1;1;
202000025902;154 696 700;A01;1;33;0;2;1;5;1;
202000025903;154 696 698;A01;3;7;13;0;1;13;1;
202000025904;154 696 697;A01;1;7;0;1;2;1;0;
202000025905;154 696 695;B01;1;33;0;2;1;1;1;
202000025905;154 696 696;A01;2;7;0;2;3;19;1;
202000025906;154 696 694;A01;1;7;0;-1;1;1;1;
202000025907;154 696 692;A01;1;7;0;2;1;2;1;
202000025907;154 696 693;B01;1;7;0;2;5;2;1;
202000025908;154 696 691;A01;1;7;0;0;2;0;1;
202000025909;154 696 688;B01;3;7;0;2;2;21;1;
202000025909;154 696 689;C01;3;10;0;2;1;1;1;
202000025909;154 696 690;A01;3;7;0;2;3;15;1;
202000025910;154 696 687;A01;3;7;15;0;1;26;1;
202000025911;154 696 685;B01;1;7;0;2;3;1;1;
202000025911;154 696 686;A01;2;33;1;2;1;17;1;
202000025912;154 696 684;A01;0;7;6;0;1;10;1;
202000025913;154 696 681;A01;3;7;1;0;1;24;1;
202000025914;154 696 680;A01;2;7;8;0;1;1;1;
202000025915;154 696 678;A01;1;7;0;2;1;2;1;
202000025915;154 696 679;B01;1;7;0;2;4;1;1;
202000025916;154 696 676;A01;1;30;0;2;1;1;1;
202000025916;154 696 677;B01;1;30;0;2;4;1;1;
202000025917;154 696 675;A01;1;33;11;0;1;1;1;
202000025918;154 696 674;A01;1;7;0;1;4;10;0;
202000025919;154 696 672;A01;1;7;1;2;3;19;1;
202000025919;154 696 673;B01;2;32;0;2;1;1;1;
202000025920;154 696 671;A01;1;7;4;0;1;26;1;
202000025921;154 696 670;A01;1;7;0;0;0;1;1;
202000025922;154 696 669;A01;0;10;15;0;3;14;1;
202000025923;154 696 668;A01;3;33;0;0;0;16;1;
202000025924;154 696 667;A01;1;33;16;0;0;5;1;
202000025925;154 696 664;A01;2;33;2;0;1;13;1;
202000025926;154 696 663;A01;3;33;0;0;2;0;1;
202000025927;154 696 661;B01;2;3;0;2;5;1;1;
202000025927;154 696 662;A01;2;7;0;2;2;15;1;
202000025928;154 696 659;A01;2;7;0;9;3;1;1;
202000025928;154 696 660;B01;1;1;0;2;1;5;5;
202000025929;154 696 658;A01;2;7;6;0;3;1;1;
202000025930;154 696 656;B01;2;10;0;2;1;1;0;
202000025930;154 696 657;A01;1;10;0;2;2;19;0;
202000025931;154 696 655;A01;1;33;6;0;3;1;1;
202000025932;154 696 654;A01;1;33;3;0;1;1;1;
202000025933;154 696 653;A01;1;7;3;0;3;13;1;
202000025934;154 696 651;B01;1;10;0;2;1;2;1;
202000025934;154 696 652;A01;1;7;0;2;5;2;1;
202000025935;154 696 649;B01;3;10;0;2;6;1;1;
202000025935;154 696 650;A01;3;7;0;2;2;15;1;
202000025936;154 696 648;A01;3;7;4;0;3;13;1;
202000025937;154 696 646;B01;1;34;0;2;7;1;1;
202000025937;154 696 647;A01;1;1;0;2;1;5;5;
202000025938;154 696 644;A01;1;7;0;2;1;19;1;
202000025938;154 696 645;B01;1;7;15;2;7;1;1;
202000025939;154 696 642;A01;0;7;0;2;3;20;1;
202000025939;154 696 643;B01;1;7;0;2;2;1;1;
202000025940;154 696 640;A01;2;31;0;2;1;17;1;
202000025940;154 696 641;B01;1;7;0;2;1;1;1;
202000025941;154 696 638;A01;3;7;0;2;2;16;1;
202000025941;154 696 639;B01;3;1;0;2;3;1;5;
202000025942;154 696 635;B01;2;15;0;2;1;1;1;
202000025942;154 696 636;A01;1;7;0;2;1;13;1;
202000025943;154 696 634;A01;2;7;0;0;1;0;1;
202000025944;154 696 633;A01;2;80;12;0;1;1;3;
202000025945;154 696 629;A01;2;1;0;2;1;19;5;
202000025945;154 696 630;B01;1;7;0;2;8;15;1;
202000025946;154 696 627;B01;1;7;0;2;1;1;1;
202000025946;154 696 628;A01;1;7;0;2;1;5;1;
202000025947;154 696 625;A01;1;7;0;2;1;9;1;
202000025947;154 696 626;B01;2;7;0;2;7;1;1;
202000025948;154 696 623;B01;0;7;0;2;3;16;1;
202000025948;154 696 624;A01;3;7;0;2;2;19;1;
202000025949;154 696 622;A01;3;7;15;0;1;1;1;
202000025950;154 696 619;C01;1;7;3;0;1;1;2;
202000025950;154 696 620;B01;1;7;3;0;1;1;1;
202000025950;154 696 621;A01;1;15;3;0;3;5;1;
202000025951;154 696 617;B01;1;7;0;2;1;1;1;
202000025951;154 696 618;A01;2;7;0;2;1;1;1;
202000025952;154 696 616;A01;1;7;1;0;2;14;1;
202000025953;154 696 615;A01;2;7;4;0;1;13;1;
202000025954;154 696 613;A01;1;7;0;2;2;1;1;
202000025954;154 696 614;B01;1;17;0;2;1;9;1;
202000025955;154 696 611;A01;1;7;0;9;1;9;1;
202000025955;154 696 612;B01;1;1;0;2;7;1;5;
202000025956;154 696 609;B01;3;31;0;0;1;1;0;
202000025956;154 696 610;A01;3;13;0;0;3;10;0;
202000025957;154 696 608;A01;1;7;4;0;1;14;1;
202000025958;154 696 606;B01;2;7;0;2;1;1;1;
202000025958;154 696 607;A01;1;7;0;2;1;13;1;
202000025959;154 696 604;A01;2;7;0;2;3;13;1;
202000025959;154 696 605;B01;1;10;0;2;3;1;1;
202000025960;154 696 602;A01;1;7;0;2;2;17;1;
202000025960;154 696 603;B01;1;1;13;2;6;1;5;
202000025961;154 696 601;A01;1;7;2;0;1;13;1;
202000025962;154 696 600;A01;1;7;0;1;1;19;0;
202000025963;154 696 599;A01;1;7;0;1;1;1;1;
202000025964;154 696 597;A01;2;21;0;2;2;2;1;
202000025964;154 696 598;B01;2;7;0;1;4;23;1;
202000025965;154 696 596;A01;3;7;0;1;1;1;1;
202000025966;154 696 595;A01;1;17;3;0;2;1;1;
202000025967;154 696 593;A01;1;10;1;0;2;12;1;
202000025967;154 696 594;B01;1;7;0;0;6;24;1;
202000025968;154 696 590;C01;1;7;14;0;1;1;1;
202000025968;154 696 591;B01;1;15;0;0;6;1;1;
202000025968;154 696 592;A01;1;7;0;2;2;17;1;
202000025969;154 696 588;A01;3;2;0;2;1;19;1;
202000025969;154 696 589;B01;0;17;0;0;7;1;1;
202000025970;154 696 586;A01;1;7;0;2;1;2;1;
202000025970;154 696 587;B01;1;17;0;0;4;2;1;
202000025971;154 696 584;A01;1;7;0;2;3;1;0;
202000025971;154 696 585;B01;2;7;0;2;3;1;1;
202000025972;154 696 582;A01;1;7;0;0;9;1;1;
202000025972;154 696 583;B01;1;10;0;0;0;9;1;
202000025973;154 696 580;B01;1;30;0;2;1;1;1;
202000025973;154 696 581;A01;2;31;0;2;1;13;1;
202000025974;154 696 579;A01;0;34;0;0;0;0;1;
202000025975;154 696 577;B01;2;7;0;0;6;1;1;
202000025975;154 696 578;A01;2;7;0;0;2;2;1;
202000025976;154 696 576;A01;2;7;0;0;1;0;1;
202000025977;154 696 574;A01;0;7;0;0;7;19;1;
202000025977;154 696 575;B01;2;7;0;2;1;1;1;
202000025978;154 696 572;B01;3;30;0;2;0;1;1;
202000025978;154 696 573;A01;3;34;0;2;2;17;1;
202000025979;154 696 570;A01;2;7;0;2;3;5;1;
202000025979;154 696 571;B01;1;15;0;2;3;21;1;
202000025980;154 696 569;A01;0;7;15;0;9;1;1;
202000025981;154 696 567;A01;3;31;0;2;1;17;1;
202000025981;154 696 568;B01;3;7;0;0;6;15;1;
202000025982;154 696 565;A01;2;32;14;2;6;1;1;
202000025982;154 696 566;B01;2;7;0;2;3;1;1;
202000025983;154 696 563;B01;2;7;0;9;3;9;0;
202000025983;154 696 564;A01;2;1;0;2;5;1;5;
202000025984;154 696 561;B01;1;7;0;2;1;26;1;
202000025984;154 696 562;A01;2;7;0;2;1;26;1;
202000025985;154 696 557;D01;2;7;0;2;1;1;1;
202000025985;154 696 558;C01;2;7;0;2;1;1;1;
202000025985;154 696 559;B01;2;7;0;2;8;1;1;
202000025985;154 696 560;A01;1;7;0;2;1;13;1;
202000025986;154 696 556;A01;1;7;0;1;1;1;1;
202000025987;154 696 554;B01;3;7;0;2;1;21;0;
202000025987;154 696 555;A01;3;2;0;2;1;5;1;
202000025988;154 696 552;B01;1;7;0;2;3;1;0;
202000025988;154 696 553;A01;1;7;0;2;3;13;0;
202000025989;154 696 551;A01;3;7;0;1;0;1;1;
202000025990;154 696 547;D01;2;7;0;2;1;2;1;
202000025990;154 696 548;C01;2;7;0;2;4;2;1;
202000025990;154 696 549;B01;2;7;0;2;4;2;1;
202000025990;154 696 550;A01;2;7;0;2;4;1;1;
202000025991;154 696 544;C01;1;7;0;2;1;2;1;
202000025991;154 696 545;B01;1;7;0;2;4;2;1;
202000025991;154 696 546;A01;1;7;0;2;4;2;1;
202000025992;154 696 540;D01;1;7;0;2;4;3;2;
202000025992;154 696 541;C01;1;7;0;2;4;2;1;
202000025992;154 696 542;B01;1;99;0;2;4;2;1;
202000025992;154 696 543;A01;1;7;0;2;1;2;1;
202000025993;154 696 537;B01;1;7;0;2;4;2;1;
202000025993;154 696 538;C01;1;7;0;2;4;2;1;
202000025993;154 696 539;A01;1;15;0;2;1;2;1;
202000025994;154 696 534;A01;2;15;0;2;1;2;1;
202000025994;154 696 535;C01;2;7;0;2;4;2;0;
202000025994;154 696 536;B01;2;7;0;2;4;2;1;
202000025995;154 696 532;A01;2;7;0;2;7;12;1;
202000025995;154 696 533;B01;2;32;0;2;3;3;1;
202000025996;154 696 530;A01;1;7;0;2;4;1;0;