num_acc;id_vehicule;num_veh;senc;catv;obs;obsm;choc;manv;motor;occutc
202000025996;154 696 531;B01;1;7;0;2;1;1;0;
202000025997;154 696 527;B01;1;7;0;2;4;2;1;
202000025997;154 696 528;C01;2;7;0;2;4;2;1;
202000025997;154 696 529;A01;1;10;0;2;1;2;1;
202000025998;154 696 526;A01;1;7;0;0;9;16;1;
202000025999;154 696 523;A01;1;7;0;2;1;2;1;
202000025999;154 696 524;B01;1;7;0;2;4;2;1;
202000025999;154 696 525;C01;1;7;0;2;4;2;1;
202000026000;154 696 520;A01;1;10;0;2;3;2;1;
202000026000;154 696 521;B01;1;32;0;2;4;1;1;
202000026000;154 696 522;C01;1;15;0;2;2;1;1;
202000026001;154 696 518;B01;1;32;1;0;1;1;1;
202000026001;154 696 519;A01;1;7;0;2;5;0;1;
202000026002;154 696 517;A01;2;33;0;0;0;26;1;
202000026003;154 696 516;A01;1;33;0;0;9;3;1;
202000026004;154 696 513;C01;1;7;0;2;4;2;1;
202000026004;154 696 514;B01;1;7;0;2;4;2;1;
202000026004;154 696 515;A01;1;7;0;2;1;1;0;
202000026005;154 696 511;B01;1;33;0;2;3;1;1;
202000026005;154 696 512;A01;1;10;0;2;5;12;1;
202000026006;154 696 509;A01;1;17;0;2;3;1;1;
202000026006;154 696 510;B01;1;7;4;2;7;14;1;
202000026007;154 696 508;A01;3;7;13;0;1;1;1;
202000026008;154 696 506;A01;2;33;0;2;7;1;1;
202000026008;154 696 507;B01;2;7;0;2;3;11;1;
202000026009;154 696 504;A01;3;10;0;2;8;1;1;
202000026009;154 696 505;B01;3;1;0;2;1;1;0;
202000026010;154 696 502;B01;1;7;0;2;4;0;0;
202000026010;154 696 503;A01;1;7;0;2;1;1;0;
202000026011;154 696 501;A01;1;37;0;1;1;1;6;1
202000026012;154 696 499;A01;1;7;14;0;1;1;0;
202000026012;154 696 500;B01;1;7;0;2;4;23;0;
202000026013;154 696 497;A01;1;7;0;2;3;1;0;
202000026013;154 696 498;B01;0;50;0;2;1;26;3;
202000026014;154 696 495;B01;1;1;0;2;8;1;5;
202000026014;154 696 496;A01;1;37;0;2;2;1;1;2
202000026015;154 696 494;A01;3;30;0;0;8;23;1;
202000026016;154 696 491;A01;1;7;0;2;4;1;0;
202000026016;154 696 492;B01;1;7;0;2;1;1;0;
202000026016;154 696 493;C01;1;7;0;2;1;1;0;
202000026017;154 696 489;A01;1;33;0;2;1;17;1;
202000026017;154 696 490;B01;1;7;0;0;8;15;1;
202000026018;154 696 487;B01;2;7;0;2;3;1;1;
202000026018;154 696 488;A01;1;7;0;2;3;13;1;
202000026019;154 696 485;B01;1;10;0;2;3;1;1;
202000026019;154 696 486;A01;1;10;14;2;1;1;1;
202000026020;154 696 484;A01;3;10;6;0;1;1;1;
202000026021;154 696 483;A01;3;33;0;0;7;16;1;
202000026022;154 696 481;B01;-1;7;1;0;4;24;3;
202000026022;154 696 482;A01;1;7;1;1;1;1;1;
202000026023;154 696 480;A01;2;7;6;0;2;14;1;
202000026024;154 696 478;B01;1;7;0;2;3;9;1;
202000026024;154 696 479;A01;2;30;0;2;1;9;1;
202000026025;154 696 476;B01;0;7;0;2;2;1;1;
202000026025;154 696 477;A01;0;7;0;2;1;15;1;
202000026026;154 696 474;B01;0;37;0;2;3;1;3;1
202000026026;154 696 475;A01;0;7;0;2;2;9;1;
202000026027;154 696 472;B01;2;32;0;2;1;1;0;
202000026027;154 696 473;A01;1;7;0;2;1;15;1;
202000026028;154 696 470;B01;0;2;0;0;0;0;1;
202000026028;154 696 471;A01;0;7;0;2;1;2;1;
202000026029;154 696 468;B01;0;1;0;2;7;0;5;
202000026029;154 696 469;A01;2;7;0;2;2;9;2;
202000026030;154 696 467;A01;1;7;0;1;1;1;1;
202000026031;154 696 466;A01;1;7;0;1;8;1;1;
202000026032;154 696 462;B01;3;7;0;2;4;1;1;
202000026032;154 696 463;C01;3;7;0;2;4;1;1;
202000026032;154 696 464;D01;3;7;0;2;8;1;1;
202000026032;154 696 465;A01;3;7;14;2;1;1;1;
202000026033;154 696 460;A01;3;7;0;2;8;15;1;
202000026033;154 696 461;B01;3;7;0;2;1;1;1;
202000026034;154 696 458;B01;1;7;0;2;2;16;1;
202000026034;154 696 459;A01;1;2;0;2;1;18;1;
202000026035;154 696 455;A01;1;7;0;2;1;1;1;
202000026035;154 696 456;B01;1;7;0;2;4;1;1;
202000026035;154 696 457;C01;1;7;0;2;4;2;1;
202000026036;154 696 453;B01;1;1;0;2;2;1;5;
202000026036;154 696 454;A01;1;7;0;2;3;24;1;
202000026037;154 696 451;A01;2;30;0;9;1;23;1;
202000026037;154 696 452;B01;1;50;0;2;1;19;3;
202000026038;154 696 449;B01;3;7;0;2;6;2;1;
202000026038;154 696 450;A01;3;33;0;2;1;2;1;
202000026039;154 696 448;A01;1;7;0;1;2;26;1;
202000026040;154 696 447;A01;2;7;0;1;1;1;-1;
202000026041;154 696 445;A01;1;7;0;2;1;2;1;
202000026041;154 696 446;B01;1;7;0;2;6;1;1;
202000026042;154 696 443;B01;2;7;0;2;8;1;1;
202000026042;154 696 444;A01;1;2;0;2;1;13;1;
202000026043;154 696 442;A01;3;7;0;1;1;16;1;
202000026044;154 696 438;A01;2;7;0;2;1;2;1;
202000026044;154 696 439;D01;2;7;0;2;4;2;1;
202000026044;154 696 440;C01;2;7;0;2;4;2;1;
202000026044;154 696 441;B01;2;7;0;2;4;1;1;
202000026045;154 696 436;B01;2;1;0;2;7;1;5;
202000026045;154 696 437;A01;2;7;0;2;1;9;1;
202000026046;154 696 434;B01;0;7;0;2;3;2;1;
202000026046;154 696 435;A01;0;7;0;2;3;15;1;
202000026047;154 696 432;A01;1;7;0;2;1;1;1;
202000026047;154 696 433;B01;1;1;0;2;1;1;5;
202000026048;154 696 431;A01;1;1;8;0;1;1;5;
202000026049;154 696 429;A01;1;7;0;2;0;1;1;
202000026049;154 696 430;B01;1;7;0;2;1;0;1;
202000026050;154 696 427;B01;1;7;0;2;4;1;1;
202000026050;154 696 428;A01;1;30;0;2;1;1;1;
202000026051;154 696 426;A01;1;7;0;1;1;1;1;
202000026052;154 696 424;A01;3;7;0;2;3;1;1;
202000026052;154 696 425;B01;3;33;0;2;1;1;1;
202000026053;154 696 421;A01;1;10;0;2;1;1;1;
202000026053;154 696 422;C01;1;7;0;2;1;0;1;
202000026053;154 696 423;B01;1;10;0;2;5;1;1;
202000026054;154 696 419;A01;3;1;0;2;1;9;5;
202000026054;154 696 420;B01;1;7;0;2;2;1;1;
202000026055;154 696 417;B01;1;7;0;2;1;1;1;
202000026055;154 696 418;A01;3;7;0;2;7;15;1;
202000026056;154 696 416;A01;1;10;0;1;2;15;1;
202000026057;154 696 414;B01;2;7;0;2;3;1;1;
202000026057;154 696 415;A01;2;1;0;2;1;26;5;
202000026058;154 696 413;Z01;2;10;0;1;0;1;0;
202000026059;154 696 412;A01;3;7;0;1;1;1;1;
202000026060;154 696 411;A01;1;7;0;0;3;26;1;
202000026061;154 696 410;A01;3;37;0;1;7;16;0;1
202000026062;154 696 408;A01;3;7;0;2;3;10;1;
202000026062;154 696 409;B01;3;33;0;2;5;1;1;
202000026063;154 696 407;A01;1;7;0;1;3;1;1;
202000026064;154 696 405;A01;1;7;0;2;1;2;1;
202000026064;154 696 406;B01;1;7;0;2;4;1;1;
202000026065;154 696 403;B01;0;10;0;2;1;1;1;
202000026065;154 696 404;A01;0;31;0;2;1;1;1;
202000026066;154 696 401;B01;3;7;0;2;3;0;1;
202000026066;154 696 402;A01;1;7;0;2;2;26;1;
202000026067;154 696 400;Z01;0;7;0;1;0;0;0;
202000026068;154 696 398;A01;2;7;0;2;8;22;1;
202000026068;154 696 399;B01;2;37;1;0;7;1;1;1
202000026069;154 696 394;C01;1;7;0;2;7;9;1;
202000026069;154 696 395;D01;2;10;0;2;2;2;1;
202000026069;154 696 396;A01;2;7;9;2;1;1;1;
202000026069;154 696 397;B01;1;7;0;2;6;1;1;
202000026070;154 696 393;A01;1;7;13;0;1;1;1;
202000026071;154 696 389;A01;2;33;0;2;1;26;1;
202000026071;154 696 390;B01;1;7;0;2;2;9;1;
202000026072;154 696 387;B01;1;33;0;2;6;1;1;
202000026072;154 696 388;A01;1;32;0;2;1;7;1;
202000026073;154 696 385;B01;1;7;0;2;6;23;1;
202000026073;154 696 386;A01;1;32;0;2;3;1;1;
202000026074;154 696 384;A01;1;1;0;1;0;1;5;
202000026075;154 696 383;Z01;1;7;0;1;0;1;0;
202000026076;154 696 382;Z01;1;7;0;1;1;1;0;
202000026077;154 696 380;A01;1;7;0;2;3;15;1;
202000026077;154 696 381;B01;1;1;0;2;1;1;5;
202000026078;154 696 379;Z01;1;10;0;1;1;15;0;
202000026079;154 696 378;A01;2;1;0;1;1;1;5;
202000026080;154 696 376;A01;3;7;0;2;6;15;1;
202000026080;154 696 377;B01;3;32;0;2;2;17;1;
202000026081;154 696 375;A01;1;43;0;0;3;1;1;
202000026082;154 696 373;A01;2;7;0;2;7;17;1;
202000026082;154 696 374;B01;2;1;0;2;8;1;5;
202000026083;154 696 371;A01;3;31;0;0;0;1;3;
202000026084;154 696 369;A01;3;7;0;2;8;13;1;
202000026084;154 696 370;B01;3;32;0;2;7;1;1;
202000026085;154 696 368;A01;2;1;0;0;0;5;5;
202000026086;154 696 367;A01;0;1;14;0;0;14;5;
202000026087;154 696 365;A01;1;14;0;2;7;16;1;
202000026087;154 696 366;B01;1;1;0;2;7;7;5;
202000026088;154 696 363;A01;2;34;0;2;1;17;1;
202000026088;154 696 364;B01;2;7;0;2;8;15;1;
202000026089;154 696 362;A01;0;7;9;0;1;2;1;
202000026090;154 696 361;A01;2;7;0;1;2;21;1;
202000026091;154 696 360;A01;1;7;0;1;1;1;1;
202000026092;154 696 358;B01;3;7;14;0;4;2;1;
202000026092;154 696 359;A01;3;7;14;0;1;2;1;
202000026093;154 696 357;A01;1;10;0;1;1;11;1;
202000026094;154 696 355;A01;1;7;0;2;1;15;1;
202000026094;154 696 356;B01;2;32;0;2;2;1;1;
202000026095;154 696 354;A01;1;7;0;0;9;15;1;
202000026096;154 696 352;B01;1;7;1;0;0;0;1;
202000026096;154 696 353;A01;1;7;0;2;6;23;1;
202000026097;154 696 351;A01;1;7;0;1;3;9;0;
202000026098;154 696 349;A01;2;7;0;2;3;9;1;
202000026098;154 696 350;B01;2;33;0;2;1;2;1;
202000026099;154 696 347;A01;3;7;9;2;7;9;1;
202000026099;154 696 348;B01;3;33;5;2;1;1;3;
202000026100;154 696 346;A01;2;31;0;1;1;17;1;
202000026101;154 696 344;A01;-1;7;0;2;2;15;0;
202000026101;154 696 345;B01;-1;33;0;2;8;1;0;
202000026102;154 696 342;B01;0;30;0;2;8;1;1;
202000026102;154 696 343;A01;0;7;0;2;1;15;1;
202000026103;154 696 341;A01;1;7;0;1;1;1;6;
202000026104;154 696 340;B01;0;0;0;1;0;26;0;
202000026105;154 696 338;B01;3;7;0;2;3;15;1;
202000026105;154 696 339;A01;3;80;0;2;1;1;3;
202000026106;154 696 337;A01;2;7;0;1;2;1;1;
202000026107;154 696 336;A01;1;30;9;0;1;19;1;
202000026108;154 696 335;A01;1;50;0;9;1;21;3;
202000026109;154 696 333;B01;2;7;0;2;3;19;1;
202000026109;154 696 334;A01;1;30;0;2;1;17;1;
202000026110;154 696 332;A01;1;7;9;0;1;1;1;
202000026111;154 696 330;B01;2;7;0;2;4;15;1;
202000026111;154 696 331;A01;2;10;0;2;1;2;1;
202000026112;154 696 328;A01;2;7;0;2;3;13;1;
202000026112;154 696 329;B01;1;15;0;2;3;1;1;
202000026113;154 696 326;A01;1;7;3;2;3;5;1;
202000026113;154 696 327;B01;2;7;0;2;3;17;1;
202000026114;154 696 324;B01;3;2;0;2;8;18;1;
202000026114;154 696 325;A01;-1;3;0;2;3;15;0;
202000026115;154 696 323;A01;2;2;0;0;0;1;1;
202000026116;154 696 321;B01;2;7;3;0;4;2;1;
202000026116;154 696 322;A01;2;10;0;2;2;2;1;
202000026117;154 696 320;A01;2;7;13;0;1;14;1;
202000026118;154 696 318;B01;1;7;0;2;3;1;1;
202000026118;154 696 319;A01;2;3;0;2;2;13;1;
202000026119;154 696 316;A01;1;10;0;2;2;9;0;
202000026119;154 696 317;B01;1;7;0;2;3;1;0;
202000026120;154 696 313;A01;1;7;0;2;3;5;1;
202000026120;154 696 314;B01;2;7;0;2;3;1;1;
202000026120;154 696 315;C01;2;7;0;2;8;1;1;
202000026121;154 696 312;A01;2;7;13;0;2;1;1;
202000026122;154 696 310;A01;0;7;0;2;8;22;1;
202000026122;154 696 311;B01;1;1;1;0;2;1;5;
202000026123;154 696 308;B01;1;7;0;0;4;23;1;
202000026123;154 696 309;A01;2;7;0;2;1;2;1;
202000026124;154 696 306;A01;2;7;0;0;8;15;1;
202000026124;154 696 307;B01;1;7;13;2;2;1;1;
202000026125;154 696 304;A01;1;7;0;2;7;13;1;
202000026125;154 696 305;B01;2;15;0;2;1;1;1;
202000026126;154 696 302;B01;2;7;0;2;1;1;1;
202000026126;154 696 303;A01;1;7;0;2;2;1;1;
202000026127;154 696 298;C01;1;7;0;2;1;1;1;
202000026127;154 696 299;B01;1;7;0;2;1;1;1;
202000026127;154 696 300;A01;2;13;0;2;6;13;1;
202000026128;154 696 295;A01;1;7;0;2;1;17;1;
202000026128;154 696 296;B01;2;7;0;2;1;1;0;
202000026128;154 696 297;C01;2;37;0;2;3;1;0;1
202000026129;154 696 292;C01;3;39;0;0;1;1;-1;
202000026129;154 696 293;A01;2;7;13;2;7;1;1;
202000026129;154 696 294;B01;1;7;0;2;1;19;1;
202000026130;154 696 291;A01;2;7;0;1;1;1;1;
202000026131;154 696 287;B01;3;1;0;2;4;16;5;
202000026131;154 696 288;A01;3;7;0;9;2;1;0;
202000026132;154 696 285;B01;1;2;0;2;1;1;1;
202000026132;154 696 286;A01;2;7;0;2;2;15;1;
202000026133;154 696 283;A01;0;7;0;2;2;15;0;
202000026133;154 696 284;B01;0;7;0;2;1;1;0;
202000026134;154 696 282;A01;0;7;0;1;1;1;1;
202000026135;154 696 279;A01;1;7;0;2;1;1;1;
202000026135;154 696 280;B01;2;7;0;2;1;1;0;
202000026135;154 696 281;C01;2;7;0;2;1;1;1;
202000026136;154 696 277;A01;2;7;0;2;2;2;1;
202000026136;154 696 278;B01;2;1;0;0;4;2;5;
202000026137;154 696 275;A01;2;7;0;2;1;5;1;
202000026137;154 696 276;B01;1;33;0;2;1;1;1;
202000026138;154 696 273;B01;0;2;0;2;1;1;1;
202000026138;154 696 274;A01;0;10;0;2;1;15;1;
202000026139;154 696 271;B01;2;7;0;2;3;1;1;
202000026139;154 696 272;A01;2;33;0;0;7;1;1;
202000026140;154 696 270;A01;1;10;3;0;8;1;1;
202000026141;154 696 269;A01;1;2;13;0;2;17;0;
202000026142;154 696 268;A01;1;2;0;1;1;18;1;
202000026143;154 696 265;A01;1;7;0;1;1;1;1;
202000026144;154 696 264;A01;2;33;0;0;0;1;1;
202000026145;154 696 263;A01;2;7;0;1;0;16;1;
202000026146;154 696 261;B01;0;7;0;2;1;1;1;
202000026146;154 696 262;A01;0;7;0;2;1;17;1;
202000026147;154 696 260;A01;2;2;0;0;8;1;1;
202000026148;154 696 258;B01;2;2;0;2;1;1;1;
202000026148;154 696 259;A01;1;7;0;2;2;15;1;
202000026149;154 696 257;A01;1;7;0;1;1;1;1;
202000026150;154 696 255;A01;0;50;0;2;5;1;3;
202000026150;154 696 256;B01;0;7;0;2;2;15;1;
202000026151;154 696 253;B01;0;7;0;2;3;1;1;
202000026151;154 696 254;A01;0;7;0;2;2;1;1;
202000026152;154 696 251;A01;3;7;0;9;1;9;1;
202000026152;154 696 252;B01;3;1;0;2;7;2;6;
202000026153;154 696 249;A01;3;1;0;2;2;9;5;
202000026153;154 696 250;B01;0;7;0;2;2;1;1;
202000026154;154 696 247;B01;0;7;0;2;3;23;1;
202000026154;154 696 248;A01;0;33;0;1;1;1;1;
202000026155;154 696 246;A01;1;7;0;1;1;1;1;
202000026156;154 696 244;B01;1;7;0;2;3;1;1;
202000026156;154 696 245;A01;1;7;0;2;2;16;1;
202000026157;154 696 242;A01;1;7;0;2;6;10;0;
202000026157;154 696 243;B01;1;2;0;2;1;1;1;
202000026158;154 696 240;B01;2;7;0;2;1;1;1;
202000026158;154 696 241;A01;1;7;0;2;3;15;1;
202000026159;154 696 238;B01;1;33;0;2;7;17;1;
202000026159;154 696 239;A01;1;7;0;2;3;9;1;
202000026160;154 696 236;B01;2;1;0;2;1;1;5;
202000026160;154 696 237;A01;1;7;0;2;2;15;1;
202000026161;154 696 234;B01;1;1;0;2;7;1;5;
202000026161;154 696 235;A01;2;7;0;2;1;1;1;
202000026162;154 696 233;A01;3;10;0;1;2;0;0;
202000026163;154 696 232;A01;1;7;0;1;1;1;1;
202000026164;154 696 229;C01;1;37;0;2;1;1;0;1
202000026164;154 696 230;B01;1;7;0;2;0;1;1;
202000026164;154 696 231;A01;1;7;0;2;1;1;1;
202000026165;154 696 227;B01;1;7;0;2;4;23;1;
202000026165;154 696 228;A01;1;33;0;2;1;1;1;
202000026166;154 696 226;A01;1;7;0;1;1;1;1;
202000026167;154 696 224;A01;0;7;0;2;3;9;1;
202000026167;154 696 225;B01;0;80;0;0;0;0;3;
202000026168;154 696 222;B01;0;7;0;2;4;0;1;
202000026168;154 696 223;A01;0;10;0;2;1;1;1;
202000026169;154 696 221;A01;3;7;0;1;2;26;1;
202000026170;154 696 220;A01;1;7;0;1;1;12;1;
202000026171;154 696 218;B01;2;7;0;2;1;1;1;
202000026171;154 696 219;A01;3;7;0;2;1;15;1;
202000026172;154 696 216;B01;3;7;0;2;5;23;1;
202000026172;154 696 217;A01;3;7;0;2;3;1;1;
202000026173;154 696 215;Z01;3;0;0;1;0;15;0;
202000026174;154 696 214;A01;1;7;0;1;1;10;1;
202000026175;154 696 212;B01;1;7;0;2;1;1;1;
202000026175;154 696 213;A01;2;7;9;2;1;13;1;
202000026176;154 696 210;B01;2;7;0;2;1;1;1;
202000026176;154 696 211;A01;2;7;0;2;1;1;1;
202000026177;154 696 208;A01;1;33;0;2;4;1;1;
202000026177;154 696 209;Z01;1;7;0;2;1;2;0;
202000026178;154 696 207;A01;0;7;0;1;1;1;1;
202000026179;154 696 205;B01;1;7;0;2;1;15;1;
202000026179;154 696 206;A01;2;33;0;2;1;2;1;
202000026180;154 696 203;A01;0;7;0;2;3;1;1;
202000026180;154 696 204;B01;0;33;0;2;1;1;1;
202000026181;154 696 201;A01;1;7;0;2;1;13;1;
202000026181;154 696 202;B01;2;1;0;2;1;0;5;
202000026182;154 696 199;A01;3;7;0;9;1;15;1;
202000026182;154 696 200;B01;3;1;0;2;1;1;5;
202000026183;154 696 198;A01;3;7;8;0;1;26;1;
202000026184;154 696 196;B01;2;7;0;2;4;1;1;
202000026184;154 696 197;A01;2;32;0;2;1;1;1;
202000026185;154 696 193;B01;2;17;0;2;3;23;1;
202000026185;154 696 194;C01;2;1;0;2;0;0;5;
202000026185;154 696 195;A01;2;7;0;2;1;1;1;
202000026186;154 696 191;A01;1;2;0;2;1;17;1;
202000026186;154 696 192;B01;2;7;0;2;3;1;1;
202000026187;154 696 188;A01;1;7;0;2;1;1;1;
202000026187;154 696 189;B01;1;7;0;2;4;2;1;
202000026187;154 696 190;C01;1;10;0;2;3;1;1;
202000026188;154 696 186;A01;1;31;0;1;7;14;1;
202000026188;154 696 187;B01;1;7;0;2;6;1;1;
202000026189;154 696 184;A01;2;7;0;2;1;1;1;
202000026189;154 696 185;B01;2;7;0;2;7;1;1;
202000026190;154 696 182;B01;0;31;0;2;1;1;1;
202000026190;154 696 183;A01;0;7;0;2;1;1;1;
202000026191;154 696 180;A01;1;30;0;2;4;15;1;
202000026191;154 696 181;B01;1;31;15;2;1;21;1;
202000026192;154 696 179;A01;1;7;0;1;1;1;1;
202000026193;154 696 177;A01;1;7;0;2;1;1;1;
202000026193;154 696 178;B01;1;7;0;2;4;2;1;
202000026194;154 696 176;A01;1;30;12;0;0;26;1;
202000026195;154 696 174;A01;2;7;0;2;1;26;1;
202000026195;154 696 175;B01;2;2;0;2;1;1;1;
202000026196;154 696 173;A01;3;7;0;1;2;1;1;
202000026197;154 696 172;A01;1;7;1;1;2;1;1;
202000026198;154 696 170;A01;3;30;0;2;1;15;1;
202000026198;154 696 171;B01;3;7;0;2;1;1;1;
202000026199;154 696 167;C01;1;10;0;2;3;23;0;
202000026199;154 696 168;B01;1;7;0;2;1;1;0;
202000026199;154 696 169;A01;1;7;0;2;7;15;0;
202000026200;154 696 165;B01;3;7;0;2;8;15;0;
202000026200;154 696 166;A01;1;7;0;2;3;1;0;
202000026201;154 696 164;B01;2;31;0;2;1;1;1;
202000026202;154 696 163;A01;0;2;0;0;5;1;1;
202000026203;154 696 162;A01;2;7;0;1;1;7;1;
202000026204;154 696 160;Z01;2;10;0;2;0;0;1;
202000026204;154 696 161;A01;2;3;0;2;3;1;1;
202000026205;154 696 157;B01;1;7;12;0;4;2;1;
202000026205;154 696 158;C01;1;7;0;2;1;2;1;
202000026205;154 696 159;A01;1;7;0;2;1;2;1;
202000026206;154 696 155;B01;1;7;0;2;1;15;0;
202000026206;154 696 156;A01;1;31;0;2;1;18;1;
202000026207;154 696 151;B01;1;33;0;2;1;2;1;
202000026207;154 696 152;A01;2;10;0;2;7;15;1;
202000026208;154 696 149;B01;1;14;0;2;3;2;1;
202000026208;154 696 150;A01;1;7;4;2;5;17;1;
202000026209;154 696 148;A01;2;7;0;0;1;1;1;
202000026210;154 696 147;A01;2;7;0;1;2;1;1;
202000026211;154 696 146;A01;2;7;8;0;2;14;1;
202000026212;154 696 145;A01;1;7;0;1;2;1;1;
202000026213;154 696 144;A01;2;7;0;1;0;16;1;
202000026214;154 696 142;A01;2;30;0;2;7;17;1;
202000026214;154 696 143;B01;2;7;0;2;8;9;1;
202000026215;154 696 139;C01;1;7;0;2;7;2;0;
202000026215;154 696 140;A01;2;7;0;1;2;20;0;
202000026215;154 696 141;B01;1;7;0;2;2;0;0;
202000026216;154 696 137;A01;1;14;0;2;1;1;1;
202000026216;154 696 138;B01;1;1;0;2;7;14;5;
202000026217;154 696 135;A01;2;33;0;2;4;23;1;
202000026217;154 696 136;Z01;2;7;0;2;1;2;0;
202000026218;154 696 133;A01;2;30;0;2;1;5;1;
202000026218;154 696 134;B01;1;43;0;2;3;1;1;
202000026219;154 696 131;B01;1;31;0;2;1;1;1;
202000026219;154 696 132;A01;2;7;0;2;2;1;1;
202000026220;154 696 129;B01;2;7;0;2;3;15;2;
202000026220;154 696 130;A01;2;32;0;2;1;17;1;
202000026221;154 696 127;B01;1;30;0;2;8;9;1;
202000026221;154 696 128;A01;1;33;0;2;1;1;1;
202000026222;154 696 125;B01;1;7;0;2;0;12;1;
202000026222;154 696 126;A01;1;34;1;2;1;1;1;
202000026223;154 696 123;B01;1;50;0;2;7;1;3;
202000026223;154 696 124;A01;2;7;0;2;2;15;1;
202000026224;154 696 121;A01;2;60;0;2;1;17;5;
202000026224;154 696 122;B01;2;7;0;2;3;23;2;
202000026225;154 696 119;B01;1;1;0;2;1;1;5;
202000026225;154 696 120;A01;1;10;0;2;2;16;1;
202000026226;154 696 117;B01;1;33;0;2;2;1;1;
202000026226;154 696 118;A01;1;7;0;2;3;11;1;
202000026227;154 696 115;A01;2;1;0;2;1;2;5;
202000026227;154 696 116;B01;2;7;0;2;4;23;1;
202000026228;154 696 114;A01;1;30;0;1;1;16;3;
202000026229;154 696 112;A01;1;2;0;2;2;16;1;
202000026229;154 696 113;B01;2;1;0;2;2;19;5;
202000026230;154 696 111;A01;2;1;0;0;0;1;5;
202000026231;154 696 110;A01;3;1;0;0;1;25;5;
202000026232;154 696 108;A01;3;7;0;2;2;1;1;
202000026232;154 696 109;B01;1;32;0;2;7;1;1;
202000026233;154 696 106;B01;2;7;0;2;2;1;1;
202000026233;154 696 107;A01;2;32;0;2;3;18;1;
202000026234;154 696 105;A01;1;33;0;1;1;1;1;
202000026235;154 696 103;A01;1;7;0;2;1;16;1;
202000026235;154 696 104;B01;1;34;0;2;4;23;1;
202000026236;154 696 101;A01;1;7;0;2;1;1;1;
202000026236;154 696 102;B01;1;7;0;2;6;1;1;
202000026237;154 696 100;A01;3;10;0;1;4;20;1;
202000026238;154 696 098;B01;2;33;0;2;7;0;1;
202000026238;154 696 099;A01;1;7;0;2;1;1;1;
202000026239;154 696 097;A01;2;7;0;1;3;0;1;
202000026240;154 696 096;A01;0;1;0;1;1;1;0;
202000026241;154 696 095;A01;2;7;0;1;2;1;1;
202000026242;154 696 093;B01;3;7;0;2;4;26;0;
202000026242;154 696 094;A01;3;7;0;2;1;2;1;
202000026243;154 696 091;A01;0;30;0;2;2;17;1;
202000026243;154 696 092;B01;0;7;0;2;3;15;0;
202000026244;154 696 089;B01;1;34;0;2;1;1;1;
202000026244;154 696 090;A01;1;7;0;2;8;15;1;
202000026245;154 696 088;A01;1;30;0;0;0;26;1;
202000026246;154 696 086;B01;3;7;12;2;1;1;1;
202000026246;154 696 087;A01;3;7;12;2;1;1;1;
202000026247;154 696 084;A01;2;7;0;0;4;1;0;
202000026247;154 696 085;B01;2;10;0;2;1;1;0;
202000026248;154 696 082;B01;3;7;0;2;3;19;0;
202000026248;154 696 083;A01;3;7;0;2;1;11;0;
202000026249;154 696 080;B01;3;34;0;2;8;1;1;
202000026249;154 696 081;A01;3;3;0;2;1;9;1;
202000026250;154 696 079;A01;1;7;0;1;1;26;6;
202000026251;154 696 077;B01;3;7;0;2;4;1;0;
202000026251;154 696 078;A01;3;7;0;2;1;2;1;
202000026252;154 696 076;A01;1;7;0;2;1;21;1;
202000026253;154 696 074;A01;1;7;0;2;7;15;1;
202000026253;154 696 075;B01;2;33;0;2;1;1;1;
202000026254;154 696 072;B01;1;10;0;2;0;1;1;
202000026254;154 696 073;A01;1;2;0;2;1;1;1;
202000026255;154 696 071;A01;1;2;0;1;1;1;1;
202000026256;154 696 069;B01;1;7;0;2;4;1;1;
202000026256;154 696 070;A01;1;10;0;2;1;1;1;
202000026257;154 696 068;A01;1;7;0;1;2;1;0;
202000026258;154 696 066;B01;1;10;0;2;5;2;0;
202000026258;154 696 067;A01;1;7;7;2;3;13;1;
202000026259;154 696 065;A01;2;30;0;1;1;1;1;
202000026260;154 696 063;B01;1;7;0;2;3;13;1;
202000026260;154 696 064;A01;1;33;0;2;2;17;1;
202000026261;154 696 061;Z01;2;7;0;2;1;0;0;
202000026261;154 696 062;A01;2;7;0;2;4;23;1;
202000026262;154 696 060;A01;1;7;0;1;4;4;1;
202000026263;154 696 059;A01;2;7;1;1;4;17;1;
202000026264;154 696 057;A01;1;14;0;2;2;1;1;
202000026264;154 696 058;B01;1;7;0;2;3;13;1;
202000026265;154 696 055;B01;1;7;0;0;0;0;1;
202000026265;154 696 056;A01;1;33;0;2;1;17;1;
202000026266;154 696 053;B01;2;31;0;2;1;1;1;
202000026266;154 696 054;A01;1;10;0;2;5;15;1;
202000026267;154 696 052;A01;2;7;2;0;3;13;1;
202000026268;154 696 050;A01;1;7;1;0;6;0;1;
202000026268;154 696 051;B01;1;7;1;0;2;2;1;
202000026269;154 696 049;A01;1;7;0;1;1;1;0;
202000026270;154 696 047;B01;1;2;0;2;1;19;1;
202000026270;154 696 048;A01;2;7;0;2;1;1;1;
202000026271;154 696 046;A01;2;7;0;1;8;4;0;
202000026272;154 696 044;A01;2;17;14;0;2;1;1;
202000026272;154 696 045;B01;2;7;0;0;4;23;1;
202000026273;154 696 043;A01;2;7;2;0;1;1;1;
202000026274;154 696 041;B01;3;32;0;2;3;5;0;
202000026274;154 696 042;A01;3;7;0;2;3;5;1;