num_acc;id_vehicule;num_veh;senc;catv;obs;obsm;choc;manv;motor;occutc
202000026275;154 696 039;B01;2;33;0;2;1;19;1;
202000026275;154 696 040;A01;1;7;0;2;8;10;1;
202000026276;154 696 037;B01;1;7;0;2;8;15;1;
202000026276;154 696 038;A01;1;7;0;2;1;17;1;
202000026277;154 696 036;A01;2;7;13;0;2;1;1;
202000026278;154 696 034;B01;2;7;0;2;3;15;0;
202000026278;154 696 035;A01;2;2;0;2;7;17;1;
202000026279;154 696 032;A01;1;7;0;2;3;13;1;
202000026279;154 696 033;B01;2;16;0;2;3;1;1;
202000026280;154 696 031;A01;1;7;13;0;3;19;1;
202000026281;154 696 030;A01;3;31;13;0;7;1;1;
202000026282;154 696 029;A01;2;33;13;0;3;1;1;
202000026283;154 696 028;A01;2;33;13;0;1;17;1;
202000026284;154 696 026;A01;2;7;0;2;3;13;1;
202000026284;154 696 027;B01;1;7;0;2;3;1;1;
202000026285;154 696 024;A01;2;7;1;0;1;1;1;
202000026285;154 696 025;B01;1;15;0;2;3;24;1;
202000026286;154 696 023;A01;1;7;0;0;9;21;1;
202000026287;154 696 021;A01;1;33;0;2;1;2;1;
202000026287;154 696 022;B01;1;7;0;0;6;1;1;
202000026288;154 696 020;A01;1;10;2;0;1;1;1;
202000026289;154 696 018;B01;1;7;0;2;1;24;1;
202000026289;154 696 019;A01;2;7;1;1;1;13;1;
202000026290;154 696 016;A01;2;33;0;2;7;1;1;
202000026290;154 696 017;B01;2;33;0;0;6;14;1;
202000026291;154 696 015;A01;1;7;13;0;2;2;1;
202000026292;154 696 014;A01;1;7;0;1;3;26;1;
202000026293;154 696 012;B01;1;7;13;2;7;6;1;
202000026293;154 696 013;A01;2;7;0;2;1;1;1;
202000026294;154 696 011;A01;1;7;13;0;2;21;1;
202000026295;154 696 009;A01;2;7;0;0;8;15;1;
202000026295;154 696 010;B01;2;33;0;0;1;17;1;
202000026296;154 696 007;B01;2;10;0;2;1;1;1;
202000026296;154 696 008;A01;1;7;0;2;1;5;1;
202000026297;154 696 005;A01;2;7;0;2;3;26;6;
202000026297;154 696 006;B01;1;33;0;2;0;17;1;
202000026298;154 696 001;A01;2;7;0;2;1;2;1;
202000026298;154 696 002;B01;2;7;0;0;4;23;1;
202000026299;154 695 998;C01;2;7;0;2;1;2;1;
202000026299;154 695 999;A01;2;7;0;2;4;1;1;
202000026299;154 696 000;B01;2;7;0;2;4;2;1;
202000026300;154 695 995;A01;1;7;0;2;3;1;1;
202000026300;154 695 996;B01;1;7;0;2;5;1;1;
202000026300;154 695 997;Z01;1;10;0;2;0;1;1;
202000026301;154 695 994;A01;1;7;4;0;3;13;1;
202000026302;154 695 992;B01;2;7;0;2;5;2;1;
202000026302;154 695 993;A01;2;7;0;2;3;2;1;
202000026303;154 695 989;A01;2;10;0;2;1;12;1;
202000026303;154 695 990;B01;2;7;0;2;4;2;1;
202000026303;154 695 991;C01;2;7;0;2;6;2;1;
202000026304;154 695 985;D01;2;43;0;2;2;1;1;
202000026304;154 695 986;C01;2;7;0;2;4;1;1;
202000026304;154 695 987;B01;2;7;0;2;4;1;1;
202000026304;154 695 988;A01;2;7;0;2;1;11;1;
202000026305;154 695 980;D01;1;7;0;2;1;21;1;
202000026305;154 695 981;C01;1;7;0;2;1;21;1;
202000026305;154 695 982;B01;1;7;0;2;2;21;1;
202000026305;154 695 983;A01;1;33;0;2;1;21;1;
202000026305;154 695 984;E01;1;7;0;2;5;26;1;
202000026306;154 695 979;A01;1;10;0;2;3;1;1;
202000026307;154 695 977;A01;2;7;0;2;2;12;1;
202000026307;154 695 978;B01;2;33;0;2;3;1;1;
202000026308;154 695 976;A01;1;34;0;0;0;3;1;
202000026309;154 695 974;A01;2;7;3;2;1;2;1;
202000026309;154 695 975;B01;2;10;0;2;1;2;1;
202000026310;154 695 973;A01;2;7;4;0;0;1;1;
202000026311;154 695 970;A01;2;10;0;2;1;11;1;
202000026311;154 695 971;B01;2;10;0;2;1;1;1;
202000026311;154 695 972;C01;2;7;0;2;0;0;1;
202000026312;154 695 967;C01;2;7;0;2;0;0;2;
202000026312;154 695 968;A01;2;33;0;2;1;3;1;
202000026312;154 695 969;B01;2;7;0;2;2;1;1;
202000026313;154 695 966;A01;1;33;0;0;9;26;1;
202000026314;154 695 963;A01;2;7;0;2;2;12;1;
202000026314;154 695 964;B01;2;33;0;2;1;3;1;
202000026314;154 695 965;C01;2;7;0;2;4;1;1;
202000026315;154 695 961;A01;1;7;0;2;4;1;1;
202000026315;154 695 962;Z01;1;14;0;2;1;0;0;
202000026316;154 695 959;B01;2;7;0;2;4;2;1;
202000026316;154 695 960;A01;2;10;0;2;1;2;1;
202000026317;154 695 957;A01;2;7;0;2;6;11;2;
202000026317;154 695 958;B01;2;31;0;2;1;3;1;
202000026318;154 695 953;B01;1;7;0;2;1;21;1;
202000026318;154 695 954;A01;1;7;0;2;4;26;1;
202000026318;154 695 955;D01;1;16;0;2;3;21;1;
202000026318;154 695 956;C01;1;7;0;2;2;26;1;
202000026319;154 695 951;A01;1;7;1;0;1;2;1;
202000026319;154 695 952;B01;1;7;0;2;4;23;1;
202000026320;154 695 948;A01;1;7;0;2;1;1;1;
202000026320;154 695 949;C01;1;7;0;2;4;2;1;
202000026320;154 695 950;B01;1;7;0;2;4;2;1;
202000026321;154 695 947;A01;2;33;0;0;9;14;1;
202000026322;154 695 944;A01;1;7;0;2;6;15;0;
202000026322;154 695 945;B01;2;1;0;2;8;1;0;
202000026323;154 695 943;A01;1;1;0;0;0;13;5;
202000026324;154 695 941;A01;1;2;0;2;1;17;1;
202000026324;154 695 942;B01;1;7;0;2;8;15;1;
202000026325;154 695 940;A01;1;7;0;1;3;15;1;
202000026326;154 695 938;A01;2;7;0;2;3;13;1;
202000026326;154 695 939;B01;1;99;0;2;0;1;1;
202000026327;154 695 937;A01;1;7;0;1;3;1;1;
202000026328;154 695 935;A01;3;7;0;2;1;2;0;
202000026328;154 695 936;B01;3;7;0;0;4;23;0;
202000026329;154 695 934;A01;1;7;0;1;3;19;0;
202000026330;154 695 933;A01;2;7;8;0;3;0;1;
202000026331;154 695 930;A01;1;32;0;2;1;17;1;
202000026331;154 695 931;C01;1;14;0;2;6;2;4;
202000026331;154 695 932;B01;2;1;0;2;1;1;5;
202000026332;154 695 928;A01;3;7;0;2;2;1;0;
202000026332;154 695 929;B01;3;7;0;2;3;1;0;
202000026333;154 695 926;A01;2;10;0;2;1;2;0;
202000026333;154 695 927;B01;3;10;0;2;4;2;1;
202000026334;154 695 924;A01;2;7;0;2;3;0;1;
202000026334;154 695 925;B01;1;7;0;2;3;0;1;
202000026335;154 695 922;A01;1;1;0;2;1;1;5;
202000026335;154 695 923;B01;2;7;0;2;2;15;1;
202000026336;154 695 921;A01;2;7;0;1;2;1;-1;
202000026337;154 695 919;A01;3;7;0;2;3;26;0;
202000026337;154 695 920;B01;3;37;0;2;2;8;0;3
202000026338;154 695 918;A01;1;7;0;1;1;1;1;
202000026339;154 695 917;A01;3;7;0;1;2;1;1;
202000026340;154 695 915;A01;2;7;0;2;1;1;1;
202000026340;154 695 916;B01;2;1;0;2;2;1;5;
202000026341;154 695 913;B01;1;33;0;2;1;1;1;
202000026341;154 695 914;A01;3;38;0;2;2;19;1;5
202000026342;154 695 911;B01;1;7;0;2;6;15;1;
202000026342;154 695 912;A01;1;30;0;2;1;17;1;
202000026343;154 695 909;A01;2;31;0;2;1;1;6;
202000026343;154 695 910;B01;2;7;0;2;3;15;6;
202000026344;154 695 907;B01;3;60;0;2;8;19;5;
202000026344;154 695 908;A01;1;7;0;2;1;12;1;
202000026345;154 695 905;A01;1;10;0;2;7;9;1;
202000026345;154 695 906;B01;1;7;0;2;3;2;1;
202000026346;154 695 903;A01;1;3;0;2;8;13;1;
202000026346;154 695 904;B01;1;33;0;2;7;17;1;
202000026347;154 695 902;A01;1;7;0;0;9;0;1;
202000026348;154 695 900;B01;2;7;0;2;2;15;1;
202000026348;154 695 901;A01;1;7;0;2;1;8;1;
202000026349;154 695 898;A01;2;1;0;0;4;26;5;
202000026349;154 695 899;B01;2;7;0;2;1;16;1;
202000026350;154 695 897;A01;2;1;0;1;1;1;5;
202000026351;154 695 895;B01;2;2;0;2;1;23;1;
202000026351;154 695 896;A01;2;7;0;2;1;15;1;
202000026352;154 695 893;B01;2;7;0;2;1;16;1;
202000026352;154 695 894;A01;1;34;0;2;7;25;1;
202000026353;154 695 891;B01;1;1;0;2;5;13;5;
202000026353;154 695 892;A01;0;7;0;2;3;15;0;
202000026354;154 695 888;C01;0;10;0;2;8;1;1;
202000026354;154 695 889;A01;0;30;0;2;7;17;1;
202000026354;154 695 890;B01;0;7;0;2;1;1;1;
202000026355;154 695 887;A01;2;30;0;0;0;15;1;
202000026356;154 695 885;B01;1;7;0;2;4;2;0;
202000026356;154 695 886;Z01;1;7;0;2;1;9;1;
202000026357;154 695 884;A01;2;10;0;1;4;4;1;
202000026358;154 695 882;B01;2;1;0;2;1;1;5;
202000026358;154 695 883;A01;1;7;0;2;2;15;1;
202000026359;154 695 880;B01;1;7;0;2;2;1;1;
202000026359;154 695 881;A01;2;7;0;2;1;13;1;
202000026360;154 695 879;A01;1;33;12;0;3;1;1;
202000026361;154 695 877;B01;2;1;0;2;8;0;5;
202000026361;154 695 878;A01;2;10;0;2;2;9;1;
202000026362;154 695 876;A01;1;7;13;0;7;1;1;
202000026363;154 695 875;A01;1;7;0;1;5;1;1;
202000026364;154 695 874;A01;3;37;0;1;2;25;0;1
202000026365;154 695 872;B01;0;13;0;2;0;0;1;
202000026365;154 695 873;A01;0;7;0;2;3;16;1;
202000026366;154 695 870;B01;1;20;0;0;0;0;1;
202000026366;154 695 871;A01;1;20;16;0;1;9;1;
202000026367;154 695 868;A01;1;7;0;2;5;2;1;
202000026367;154 695 869;B01;2;2;0;2;1;1;1;
202000026368;154 695 866;A01;0;10;0;9;2;15;1;
202000026368;154 695 867;B01;0;43;0;2;8;1;1;
202000026369;154 695 864;B01;3;7;0;0;4;23;1;
202000026369;154 695 865;A01;3;7;0;2;1;26;1;
202000026370;154 695 862;B01;1;7;0;2;5;1;1;
202000026370;154 695 863;A01;2;7;0;2;1;1;1;
202000026371;154 695 860;A01;1;33;0;0;8;13;1;
202000026371;154 695 861;B01;2;10;0;0;0;21;1;
202000026372;154 695 859;A01;1;7;0;1;1;1;1;
202000026373;154 695 855;D01;1;15;0;2;8;1;0;
202000026373;154 695 856;C01;1;7;0;2;2;0;0;
202000026373;154 695 857;B01;1;7;0;2;3;1;0;
202000026373;154 695 858;A01;1;7;0;2;9;12;0;
202000026374;154 695 852;B01;1;7;0;2;5;1;1;
202000026374;154 695 853;C01;1;7;0;2;6;1;2;
202000026374;154 695 854;A01;1;31;0;2;1;3;1;
202000026375;154 695 850;A01;2;43;0;2;2;1;1;
202000026375;154 695 851;B01;2;7;0;2;3;1;1;
202000026376;154 695 848;A01;2;7;0;2;5;12;1;
202000026376;154 695 849;B01;2;32;0;2;1;3;1;
202000026377;154 695 847;A01;1;7;0;1;2;15;2;
202000026378;154 695 846;A01;2;32;0;0;2;21;1;
202000026379;154 695 845;A01;2;10;1;1;7;16;1;
202000026380;154 695 843;B01;2;7;0;2;6;9;1;
202000026380;154 695 844;A01;1;30;0;2;1;17;1;
202000026381;154 695 841;B01;2;7;0;2;6;23;1;
202000026381;154 695 842;A01;2;7;0;2;2;1;1;
202000026382;154 695 839;Z01;1;2;0;2;7;17;0;
202000026382;154 695 840;B01;2;1;0;2;1;1;5;
202000026383;154 695 837;A01;3;31;0;2;1;1;0;
202000026383;154 695 838;B01;3;7;0;2;5;15;0;
202000026384;154 695 835;B01;1;1;0;2;1;1;5;
202000026384;154 695 836;A01;2;7;0;2;7;16;3;
202000026385;154 695 832;A01;3;10;0;2;1;2;1;
202000026385;154 695 833;B01;3;31;0;2;4;2;1;
202000026385;154 695 834;C01;3;7;0;2;4;23;1;
202000026386;154 695 830;A01;0;1;0;2;5;19;5;
202000026386;154 695 831;B01;3;33;0;2;3;1;1;
202000026387;154 695 829;A01;2;33;0;1;1;1;1;
202000026388;154 695 827;Z01;2;1;0;2;0;1;6;
202000026388;154 695 828;A01;1;1;0;2;4;1;5;
202000026389;154 695 826;A01;2;7;0;1;2;1;1;
202000026390;154 695 824;A01;3;7;0;2;8;11;1;
202000026390;154 695 825;B01;3;31;0;2;7;1;1;
202000026391;154 695 822;B01;2;1;0;2;8;1;5;
202000026391;154 695 823;A01;2;7;0;2;2;14;1;
202000026392;154 695 820;B01;1;2;0;2;1;1;1;
202000026392;154 695 821;A01;1;7;0;2;6;10;1;
202000026393;154 695 817;A01;3;7;0;2;2;2;1;
202000026393;154 695 818;B01;3;7;0;2;4;2;1;
202000026393;154 695 819;C01;3;7;0;2;4;23;1;
202000026394;154 695 815;B01;1;33;6;2;2;1;1;
202000026394;154 695 816;A01;1;7;0;2;1;1;1;
202000026395;154 695 814;A01;2;43;0;1;2;1;1;
202000026396;154 695 813;A01;1;34;14;0;1;1;1;
202000026397;154 695 811;B01;3;1;0;2;1;1;5;
202000026397;154 695 812;A01;3;7;0;2;5;22;2;
202000026398;154 695 810;A01;2;33;0;1;1;1;1;
202000026399;154 695 808;A01;1;50;0;2;1;26;3;
202000026399;154 695 809;B01;3;10;0;2;2;2;1;
202000026400;154 695 807;Z01;2;1;0;1;1;1;5;
202000026401;154 695 805;B01;1;33;0;2;4;23;1;
202000026401;154 695 806;A01;1;32;0;2;1;2;1;
202000026402;154 695 803;B01;3;2;0;2;2;1;0;
202000026402;154 695 804;A01;3;7;0;2;7;15;0;
202000026403;154 695 802;A01;3;2;12;0;3;1;1;
202000026404;154 695 801;A01;3;0;0;1;1;26;0;
202000026405;154 695 799;A01;1;7;1;2;5;2;1;
202000026405;154 695 800;B01;1;7;1;2;1;2;0;
202000026406;154 695 797;A01;1;50;0;2;1;1;3;
202000026406;154 695 798;B01;2;7;0;2;1;15;1;
202000026407;154 695 795;A01;1;7;0;9;3;1;1;
202000026407;154 695 796;B01;-1;1;0;2;-1;-1;-1;
202000026408;154 695 793;B01;1;32;0;0;2;1;0;
202000026408;154 695 794;A01;1;7;0;0;8;11;0;
202000026409;154 695 791;B01;2;7;0;2;1;0;0;
202000026409;154 695 792;A01;1;7;0;2;1;9;0;
202000026410;154 695 789;A01;1;1;1;0;0;0;0;
202000026410;154 695 790;B01;1;7;1;0;0;0;0;
202000026411;154 695 788;A01;3;1;0;1;1;1;5;
202000026412;154 695 786;B01;1;30;0;2;1;2;0;
202000026412;154 695 787;A01;1;7;0;2;5;4;1;
202000026413;154 695 781;E01;2;7;0;2;4;23;1;
202000026413;154 695 782;D01;2;7;0;2;4;23;0;
202000026413;154 695 783;C01;2;7;0;2;4;23;1;
202000026413;154 695 784;B01;2;31;0;2;4;23;1;
202000026413;154 695 785;A01;2;7;0;2;1;2;1;
202000026414;154 695 779;B01;1;7;0;2;3;15;1;
202000026414;154 695 780;A01;2;7;0;2;1;1;2;
202000026415;154 695 778;A01;3;33;6;0;1;1;1;
202000026416;154 695 777;A01;1;7;0;1;7;16;1;
202000026417;154 695 776;A01;2;7;0;1;7;0;1;
202000026418;154 695 775;A01;2;7;8;0;2;1;1;
202000026419;154 695 774;A01;0;33;14;0;1;0;1;
202000026420;154 695 772;A01;2;7;0;2;1;1;1;
202000026420;154 695 773;B01;2;7;0;2;3;1;1;
202000026421;154 695 771;A01;2;7;13;0;0;1;1;
202000026422;154 695 770;A01;2;33;0;0;7;1;1;
202000026423;154 695 768;A01;2;33;0;2;1;2;1;
202000026423;154 695 769;B01;2;7;0;2;3;15;0;
202000026424;154 695 766;A01;2;7;0;2;3;5;1;
202000026424;154 695 767;B01;1;7;0;2;3;1;1;
202000026425;154 695 764;B01;1;7;0;2;1;2;6;
202000026425;154 695 765;A01;1;7;0;2;4;2;6;
202000026426;154 695 760;B01;1;7;0;2;8;1;1;
202000026426;154 695 761;A01;2;7;0;2;3;1;1;
202000026427;154 695 759;A01;1;10;1;0;1;5;1;
202000026428;154 695 757;A01;1;33;0;2;1;1;1;
202000026428;154 695 758;B01;2;33;0;2;1;1;1;
202000026429;154 695 755;A01;1;7;7;2;2;15;4;
202000026429;154 695 756;B01;2;7;0;2;1;1;4;
202000026430;154 695 753;A01;1;7;0;2;2;1;0;
202000026430;154 695 754;B01;1;1;0;2;8;1;0;
202000026431;154 695 752;A01;2;7;0;0;0;1;1;
202000026432;154 695 750;A01;2;7;0;2;3;0;1;
202000026432;154 695 751;B01;1;7;0;2;2;0;1;
202000026433;154 695 749;A01;1;33;2;0;1;1;1;
202000026434;154 695 747;B01;2;7;0;2;6;1;1;
202000026434;154 695 748;A01;1;7;0;2;3;13;1;
202000026435;154 695 746;A01;1;7;0;1;2;1;1;
202000026436;154 695 744;A01;1;7;2;2;7;2;1;
202000026436;154 695 745;B01;1;7;2;2;8;2;1;
202000026437;154 695 743;A01;0;7;0;1;0;4;1;
202000026438;154 695 742;A01;2;33;2;0;0;13;1;
202000026439;154 695 740;B01;1;30;0;2;1;2;1;
202000026439;154 695 741;A01;1;7;0;0;5;9;0;
202000026440;154 695 739;A01;1;7;2;0;8;1;1;
202000026441;154 695 737;A01;1;7;0;2;2;16;1;
202000026441;154 695 738;B01;1;1;0;2;8;1;5;
202000026442;154 695 735;B01;1;33;0;2;7;1;1;
202000026442;154 695 736;A01;1;7;0;2;1;16;1;
202000026443;154 695 734;A01;1;7;13;0;2;1;1;
202000026444;154 695 733;A01;3;7;0;1;6;4;0;
202000026445;154 695 732;A01;1;33;0;6;1;1;1;
202000026446;154 695 726;A01;2;10;0;2;1;13;1;
202000026446;154 695 727;E01;1;10;0;2;6;1;1;
202000026446;154 695 728;B01;1;7;0;2;8;1;1;
202000026446;154 695 729;C01;1;7;0;2;6;2;1;
202000026446;154 695 730;D01;1;7;0;2;1;1;1;
202000026447;154 695 723;B01;1;7;0;2;2;1;1;
202000026447;154 695 724;A01;3;7;0;2;3;9;1;
202000026448;154 695 722;A01;1;33;14;0;1;1;1;
202000026449;154 695 720;A01;3;7;0;2;7;9;1;
202000026449;154 695 721;B01;1;31;0;2;1;1;1;
202000026450;154 695 719;A01;0;7;6;0;1;16;1;
202000026451;154 695 717;A01;2;7;0;2;3;15;1;
202000026451;154 695 718;B01;1;33;0;2;1;1;1;
202000026452;154 695 716;A01;1;33;0;0;2;0;1;
202000026453;154 695 715;A01;2;2;12;0;2;1;1;
202000026454;154 695 714;A01;1;7;13;0;0;0;1;
202000026455;154 695 712;B01;1;21;0;2;8;15;0;
202000026455;154 695 713;A01;1;7;0;2;2;17;0;
202000026456;154 695 710;A01;1;2;0;2;1;17;1;
202000026456;154 695 711;B01;1;7;0;2;8;15;1;
202000026457;154 695 708;A01;1;33;0;2;1;2;1;
202000026457;154 695 709;B01;1;33;0;0;4;2;1;
202000026458;154 695 705;C01;1;7;1;0;1;2;1;
202000026458;154 695 706;A01;1;7;0;0;3;1;3;
202000026458;154 695 707;B01;1;10;0;2;1;2;1;
202000026459;154 695 703;A01;2;7;0;2;2;15;1;
202000026459;154 695 704;B01;1;1;0;2;1;1;5;
202000026460;154 695 701;A01;1;7;0;2;2;0;1;
202000026460;154 695 702;B01;1;17;0;0;6;1;1;
202000026461;154 695 699;B01;1;10;0;2;8;1;1;
202000026461;154 695 700;A01;1;10;0;2;3;1;1;
202000026462;154 695 697;B01;2;15;0;2;3;1;1;
202000026462;154 695 698;A01;1;7;0;2;3;13;1;
202000026463;154 695 695;A01;0;2;0;2;1;13;1;
202000026463;154 695 696;B01;1;10;0;2;3;23;1;
202000026464;154 695 693;A01;1;10;0;2;2;1;1;
202000026464;154 695 694;B01;3;1;0;2;1;9;5;
202000026465;154 695 691;B01;3;7;0;0;0;2;0;
202000026465;154 695 692;A01;3;33;0;0;0;2;0;
202000026466;154 695 689;A01;3;2;0;2;1;1;1;
202000026466;154 695 690;B01;3;7;0;0;5;1;1;
202000026467;154 695 688;A01;1;33;0;0;7;16;1;
202000026468;154 695 686;B01;2;2;0;2;2;1;1;
202000026468;154 695 687;A01;3;7;0;2;3;19;1;
202000026469;154 695 685;A01;2;7;0;1;1;1;1;
202000026470;154 695 684;A01;2;7;0;1;3;1;1;
202000026471;154 695 683;A01;2;33;0;0;1;1;1;
202000026472;154 695 681;A01;3;1;0;2;8;19;5;
202000026472;154 695 682;B01;1;7;0;2;1;1;1;
202000026473;154 695 679;B01;1;7;1;0;4;24;1;
202000026473;154 695 680;A01;1;7;1;0;1;1;1;
202000026474;154 695 677;B01;1;7;0;0;3;15;1;
202000026474;154 695 678;A01;1;33;0;0;7;1;1;
202000026475;154 695 675;B01;1;7;0;0;4;15;1;
202000026475;154 695 676;A01;1;33;0;2;1;2;1;
202000026476;154 695 673;A01;1;7;13;2;3;19;1;
202000026476;154 695 674;B01;2;7;13;2;2;1;1;
202000026477;154 695 671;B01;1;34;0;2;3;1;0;
202000026477;154 695 672;A01;2;10;0;2;3;13;0;
202000026478;154 695 667;A01;2;21;0;0;4;4;1;
202000026478;154 695 668;B01;1;1;0;0;2;1;5;
202000026479;154 695 665;B01;2;2;0;2;1;5;1;
202000026479;154 695 666;A01;1;7;0;2;1;1;1;
202000026480;154 695 664;A01;2;7;0;0;9;0;1;
202000026481;154 695 662;A01;1;7;0;2;2;1;1;
202000026481;154 695 663;B01;1;7;0;2;6;13;1;
202000026482;154 695 661;A01;2;33;0;0;0;14;1;
202000026483;154 695 659;B01;2;7;0;2;8;1;1;
202000026483;154 695 660;A01;2;7;0;2;1;1;1;
202000026484;154 695 657;B01;1;7;0;2;4;0;1;
202000026484;154 695 658;A01;1;7;0;2;1;9;1;
202000026485;154 695 655;B01;1;7;0;2;4;2;1;
202000026485;154 695 656;A01;1;7;0;2;1;2;1;
202000026486;154 695 652;C01;1;7;0;2;4;2;1;
202000026486;154 695 653;A01;1;7;0;2;1;1;1;
202000026486;154 695 654;B01;1;7;0;2;4;2;1;
202000026487;154 695 650;B01;1;7;0;2;1;2;1;
202000026487;154 695 651;A01;1;7;0;2;4;2;1;
202000026488;154 695 648;B01;1;42;0;2;1;11;1;
202000026488;154 695 649;A01;1;10;0;2;6;1;1;
202000026489;154 695 646;A01;2;10;0;2;1;2;1;
202000026489;154 695 647;B01;2;7;0;2;4;2;1;
202000026490;154 695 645;A01;0;7;0;0;0;0;1;
202000026491;154 695 643;A01;1;7;0;2;1;2;2;
202000026491;154 695 644;B01;1;7;0;2;4;1;1;
202000026492;154 695 642;A01;1;34;14;0;1;2;1;
202000026493;154 695 641;A01;1;7;4;0;2;1;1;
202000026494;154 695 639;B01;2;7;0;2;6;11;1;
202000026494;154 695 640;A01;2;31;0;2;6;3;1;
202000026495;154 695 637;B01;2;7;0;2;4;2;1;
202000026495;154 695 638;A01;2;15;0;2;1;2;1;
202000026496;154 695 635;B01;1;32;0;2;1;17;1;
202000026496;154 695 636;A01;1;7;0;2;3;10;1;
202000026497;154 695 634;A01;3;7;13;0;1;1;1;
202000026498;154 695 632;A01;2;7;0;2;1;1;1;
202000026498;154 695 633;B01;2;31;0;2;4;23;1;
202000026499;154 695 631;A01;3;7;1;0;1;1;1;
202000026500;154 695 629;A01;1;7;0;9;1;1;1;
202000026500;154 695 630;B01;2;60;0;2;1;1;5;
202000026501;154 695 627;A01;1;7;0;2;7;15;1;
202000026501;154 695 628;B01;2;31;0;2;1;1;1;
202000026502;154 695 626;A01;3;7;0;1;2;16;1;
202000026503;154 695 625;A01;2;50;12;0;0;0;3;
202000026504;154 695 624;A01;1;2;0;2;1;2;1;
202000026505;154 695 623;A01;2;7;0;1;4;4;1;
202000026506;154 695 622;A01;1;7;1;0;1;0;1;
202000026507;154 695 620;B01;2;31;0;0;1;1;1;
202000026507;154 695 621;A01;1;10;0;2;3;15;1;
202000026508;154 695 618;B01;1;1;0;9;7;26;6;
202000026508;154 695 619;A01;2;1;0;9;8;26;6;
202000026509;154 695 616;A01;2;7;0;2;1;9;1;
202000026509;154 695 617;B01;1;1;0;2;7;1;5;
202000026510;154 695 614;B01;3;33;0;2;8;1;1;
202000026510;154 695 615;A01;3;2;0;2;7;12;1;
202000026511;154 695 613;A01;3;7;0;1;1;15;1;
202000026512;154 695 609;A01;3;32;0;1;2;9;0;
202000026513;154 695 607;A01;1;7;0;1;1;16;1;
202000026514;154 695 605;B01;1;31;0;2;1;1;0;
202000026514;154 695 606;A01;1;34;0;2;3;10;0;
202000026515;154 695 603;A01;2;7;0;2;3;16;1;
202000026515;154 695 604;B01;1;1;0;2;1;1;5;
202000026516;154 695 601;A01;3;32;0;2;3;18;1;
202000026516;154 695 602;B01;3;7;0;2;5;1;1;
202000026517;154 695 599;A01;1;7;0;2;1;1;1;
202000026517;154 695 600;B01;1;1;0;2;7;1;6;
202000026518;154 695 597;A01;1;7;0;2;2;1;6;
202000026518;154 695 598;Y01;2;50;0;2;1;1;3;
202000026519;154 695 595;B01;2;1;0;2;4;1;5;
202000026519;154 695 596;A01;1;1;0;2;1;1;5;
202000026520;154 695 593;B01;2;1;0;2;7;19;5;
202000026520;154 695 594;A01;1;7;0;2;2;1;1;
202000026521;154 695 590;A01;2;10;0;2;1;26;1;
202000026521;154 695 591;B01;2;7;0;2;4;23;1;
202000026521;154 695 592;C01;2;7;0;2;4;23;1;
202000026522;154 695 589;A01;3;7;0;1;2;15;1;
202000026523;154 695 588;A01;1;33;0;0;0;1;1;
202000026524;154 695 586;A01;1;50;0;2;1;5;3;
202000026524;154 695 587;B01;2;7;0;2;1;1;1;
202000026525;154 695 584;A01;1;7;0;2;1;13;1;
202000026525;154 695 585;B01;2;7;0;2;1;1;1;
202000026526;154 695 583;A01;2;1;0;0;1;1;5;
202000026527;154 695 580;A01;3;7;0;2;1;2;1;
202000026527;154 695 581;C01;3;7;0;2;4;2;1;
202000026527;154 695 582;B01;3;7;0;2;4;2;1;
202000026528;154 695 578;B01;3;30;0;2;0;11;1;
202000026528;154 695 579;A01;3;7;0;2;3;1;1;
202000026529;154 695 577;A01;3;2;0;1;0;0;1;
202000026530;154 695 576;A01;1;33;0;0;7;0;1;
202000026531;154 695 575;A01;0;7;0;1;1;16;1;
202000026532;154 695 573;A01;3;7;0;2;1;2;1;
202000026532;154 695 574;B01;3;7;0;2;4;23;1;
202000026533;154 695 571;A01;1;30;0;2;1;1;1;
202000026533;154 695 572;B01;1;7;0;2;4;9;1;
202000026534;154 695 569;A01;3;7;0;2;2;9;1;
202000026534;154 695 570;B01;3;7;0;2;3;1;1;
202000026535;154 695 566;C01;1;7;0;2;4;1;1;
202000026535;154 695 567;B01;1;7;0;2;4;1;1;
202000026535;154 695 568;A01;1;7;0;2;1;1;1;
202000026536;154 695 564;B01;3;7;0;2;4;15;1;
202000026536;154 695 565;A01;3;31;0;2;1;2;1;
202000026537;154 695 561;C01;3;1;0;2;8;1;5;
202000026537;154 695 562;B01;3;1;0;2;8;1;5;
202000026537;154 695 563;A01;3;7;0;9;2;1;1;
202000026538;154 695 560;A01;3;7;8;0;1;26;1;
202000026539;154 695 558;A01;3;33;0;2;1;1;1;
202000026539;154 695 559;B01;3;7;0;2;6;1;1;
202000026540;154 695 556;B01;3;7;0;2;1;9;1;
202000026540;154 695 557;A01;2;7;0;2;1;1;1;
202000026541;154 695 554;A01;2;7;0;2;3;1;1;
202000026541;154 695 555;B01;3;1;0;2;2;1;5;
202000026542;154 695 552;B01;1;2;0;2;7;1;1;
202000026542;154 695 553;A01;1;10;0;2;1;9;1;
202000026543;154 695 551;A01;2;7;6;0;1;1;1;
202000026544;154 695 549;B01;1;1;0;2;0;0;5;
202000026544;154 695 550;A01;1;7;0;2;0;0;1;
202000026545;154 695 546;C01;1;7;0;2;4;0;1;