num_acc;id_vehicule;num_veh;senc;catv;obs;obsm;choc;manv;motor;occutc
202000026825;154 695 051;Z01;1;7;0;2;1;15;1;
202000026826;154 695 049;A01;1;33;15;0;1;1;1;
202000026827;154 695 047;B01;1;7;0;2;1;1;1;
202000026827;154 695 048;A01;3;7;0;2;2;19;1;
202000026828;154 695 046;A01;0;7;7;0;1;13;1;
202000026829;154 695 044;A01;2;7;0;0;8;13;1;
202000026829;154 695 045;B01;2;7;0;2;2;17;1;
202000026830;154 695 042;A01;2;30;0;2;1;1;1;
202000026830;154 695 043;B01;2;7;0;2;8;1;1;
202000026831;154 695 040;B01;2;7;0;2;3;15;0;
202000026831;154 695 041;A01;1;7;0;2;3;1;0;
202000026832;154 695 038;Z01;3;7;0;2;3;16;1;
202000026832;154 695 039;B01;1;7;0;2;8;23;1;
202000026833;154 695 036;B01;1;32;1;0;1;1;1;
202000026833;154 695 037;A01;2;7;1;0;2;15;1;
202000026834;154 695 034;A01;1;7;0;2;3;9;1;
202000026834;154 695 035;B01;1;1;0;2;4;1;5;
202000026835;154 695 032;Z01;1;7;0;2;2;12;0;
202000026835;154 695 033;A01;1;31;0;2;8;1;1;
202000026836;154 695 029;B01;1;7;0;2;4;1;1;
202000026836;154 695 030;A01;1;33;0;2;1;1;1;
202000026836;154 695 031;C01;1;7;0;2;4;1;1;
202000026837;154 695 028;Z01;2;33;0;0;7;1;0;
202000026838;154 695 026;A01;3;33;1;2;1;1;1;
202000026838;154 695 027;B01;3;33;0;2;4;2;1;
202000026839;154 695 025;A01;3;10;0;1;1;1;1;
202000026840;154 695 023;A01;2;32;0;2;1;16;1;
202000026840;154 695 024;B01;1;7;0;2;2;1;1;
202000026841;154 695 021;B01;1;7;0;2;6;15;1;
202000026841;154 695 022;A01;2;1;0;2;1;1;5;
202000026842;154 695 020;A01;2;1;0;0;0;1;5;
202000026843;154 695 018;B01;2;10;0;2;7;20;1;
202000026843;154 695 019;A01;2;32;0;2;3;18;1;
202000026844;154 695 017;A01;1;7;4;0;1;14;1;
202000026845;154 695 015;B01;1;1;0;2;1;1;5;
202000026845;154 695 016;A01;2;1;0;2;1;13;5;
202000026846;154 695 013;B01;1;43;0;2;3;1;1;
202000026846;154 695 014;A01;2;7;0;2;3;15;1;
202000026847;154 695 011;B01;2;1;0;2;3;1;5;
202000026847;154 695 012;A01;1;1;0;2;3;11;5;
202000026848;154 695 009;A01;2;32;0;2;2;1;1;
202000026848;154 695 010;B01;1;1;0;2;8;15;5;
202000026849;154 695 008;A01;2;7;0;1;0;2;1;
202000026850;154 695 006;B01;3;2;0;2;1;0;6;
202000026850;154 695 007;A01;3;7;0;2;3;26;6;
202000026851;154 695 004;A01;0;7;0;2;1;1;1;
202000026851;154 695 005;B01;0;1;0;2;1;1;0;
202000026852;154 695 002;B01;1;7;0;2;1;1;0;
202000026852;154 695 003;A01;3;7;9;2;8;26;1;
202000026853;154 695 000;A01;0;7;0;1;2;15;0;
202000026853;154 695 001;B01;0;1;0;2;1;1;0;
202000026854;154 694 998;A01;2;30;0;2;1;10;1;
202000026854;154 694 999;B01;2;34;0;2;3;1;1;
202000026855;154 694 996;B01;2;10;0;9;4;4;1;
202000026855;154 694 997;A01;2;50;0;2;1;2;3;
202000026856;154 694 995;A01;3;7;0;1;1;15;1;
202000026857;154 694 993;B01;3;1;0;2;8;1;5;
202000026857;154 694 994;A01;3;7;0;9;3;1;1;
202000026858;154 694 991;A01;2;32;0;1;1;1;1;
202000026859;154 694 990;A01;1;7;0;0;0;1;0;
202000026860;154 694 989;A01;1;33;16;0;8;1;1;
202000026861;154 694 988;A01;0;33;16;0;0;0;0;
202000026862;154 694 986;B01;1;1;0;2;8;2;5;
202000026862;154 694 987;A01;1;7;0;9;7;2;1;
202000026863;154 694 984;B01;1;7;0;2;4;2;1;
202000026863;154 694 985;A01;1;7;0;2;1;2;1;
202000026864;154 694 983;A01;1;7;3;9;3;2;1;
202000026865;154 694 980;A01;3;37;13;0;7;14;1;4
202000026866;154 694 978;B01;1;7;0;2;1;1;1;
202000026866;154 694 979;A01;1;33;0;0;4;1;1;
202000026867;154 694 976;A01;1;10;0;2;3;13;6;
202000026867;154 694 977;B01;2;10;0;2;3;1;0;
202000026868;154 694 974;B01;0;2;0;2;4;1;0;
202000026868;154 694 975;A01;0;7;0;9;1;0;0;
202000026869;154 694 972;B01;2;7;0;2;1;1;1;
202000026869;154 694 973;A01;1;2;0;2;1;5;1;
202000026870;154 694 970;A01;2;7;0;2;1;1;1;
202000026870;154 694 971;B01;1;50;0;2;7;19;3;
202000026871;154 694 969;A01;1;7;7;0;1;1;1;
202000026872;154 694 967;B01;0;7;0;2;3;2;0;
202000026872;154 694 968;A01;0;33;0;2;4;2;0;
202000026873;154 694 965;B01;1;7;0;2;7;17;1;
202000026873;154 694 966;A01;1;1;0;0;8;1;5;
202000026874;154 694 963;B01;2;33;0;2;1;1;1;
202000026874;154 694 964;A01;1;7;0;2;2;15;1;
202000026875;154 694 961;A01;1;33;0;2;1;17;1;
202000026875;154 694 962;B01;2;7;0;2;3;1;1;
202000026876;154 694 960;A01;1;2;9;0;1;1;1;
202000026877;154 694 959;A01;1;7;2;0;0;1;1;
202000026878;154 694 958;A01;1;7;2;0;7;0;1;
202000026879;154 694 957;A01;0;7;8;0;1;1;1;
202000026880;154 694 956;A01;1;33;16;0;7;1;1;
202000026881;154 694 955;A01;1;7;6;0;3;13;1;
202000026882;154 694 953;A01;1;7;0;2;2;13;1;
202000026882;154 694 954;B01;2;33;0;2;1;1;1;
202000026883;154 694 952;A01;2;31;3;0;6;15;1;
202000026884;154 694 950;A01;1;2;0;2;1;1;1;
202000026884;154 694 951;B01;1;7;0;0;6;1;1;
202000026885;154 694 949;A01;0;7;13;0;1;1;0;
202000026886;154 694 948;A01;2;7;13;0;3;1;1;
202000026887;154 694 946;B01;1;33;0;2;1;1;1;
202000026887;154 694 947;A01;2;7;0;2;7;15;1;
202000026888;154 694 944;B01;3;7;0;2;1;1;1;
202000026888;154 694 945;A01;3;7;0;2;7;19;1;
202000026889;154 694 942;B01;1;7;0;0;5;2;1;
202000026889;154 694 943;A01;1;33;0;2;0;2;1;
202000026890;154 694 941;A01;2;30;0;0;0;1;1;
202000026891;154 694 940;A01;1;7;13;0;1;1;1;
202000026892;154 694 938;A01;2;2;0;2;3;21;1;
202000026892;154 694 939;B01;1;7;0;2;3;13;1;
202000026893;154 694 936;A01;3;10;0;2;7;1;1;
202000026893;154 694 937;B01;3;2;0;2;1;26;1;
202000026894;154 694 935;A01;1;7;1;0;1;1;1;
202000026895;154 694 933;A01;0;31;0;2;1;1;1;
202000026895;154 694 934;B01;0;21;0;2;1;1;1;
202000026896;154 694 932;A01;1;33;13;0;1;1;1;
202000026897;154 694 931;A01;1;33;0;0;8;15;1;
202000026898;154 694 930;A01;2;7;0;1;8;1;1;
202000026899;154 694 929;A01;0;7;0;1;1;1;1;
202000026900;154 694 928;A01;3;7;0;1;4;26;1;
202000026901;154 694 927;A01;2;7;0;1;3;1;1;
202000026902;154 694 926;A01;1;7;0;1;3;1;1;
202000026903;154 694 925;A01;1;7;15;0;1;1;1;
202000026904;154 694 924;A01;1;7;13;0;1;1;1;
202000026905;154 694 922;B01;1;7;0;2;3;1;1;
202000026905;154 694 923;A01;2;43;0;2;1;13;1;
202000026906;154 694 921;A01;2;2;0;5;1;0;1;
202000026907;154 694 920;A01;2;7;0;0;1;1;1;
202000026908;154 694 919;A01;2;7;0;1;3;0;0;
202000026909;154 694 917;B01;2;7;0;2;7;17;0;
202000026909;154 694 918;A01;2;7;4;2;1;13;0;
202000026910;154 694 916;A01;2;37;0;1;5;20;0;1
202000026911;154 694 914;A01;2;32;0;0;6;1;1;
202000026911;154 694 915;B01;2;7;0;2;2;1;1;
202000026912;154 694 913;A01;1;10;0;0;0;1;0;
202000026913;154 694 911;A01;1;7;0;2;1;2;0;
202000026913;154 694 912;B01;1;7;0;2;4;2;1;
202000026914;154 694 910;A01;2;7;13;0;1;14;1;
202000026915;154 694 908;B01;2;1;0;9;0;17;5;
202000026915;154 694 909;A01;2;1;0;9;0;13;5;
202000026916;154 694 907;A01;1;34;1;0;0;0;0;
202000026917;154 694 905;A01;3;7;0;2;2;1;1;
202000026917;154 694 906;B01;3;2;0;2;1;1;1;
202000026918;154 694 903;B01;2;7;0;2;3;1;1;
202000026918;154 694 904;A01;1;7;0;2;3;13;1;
202000026919;154 694 902;A01;2;33;13;0;1;1;1;
202000026920;154 694 901;A01;3;7;1;0;2;14;1;
202000026921;154 694 900;A01;2;7;4;0;1;0;0;
202000026922;154 694 896;A01;2;7;0;2;1;17;1;
202000026922;154 694 897;D01;1;10;0;2;1;1;1;
202000026922;154 694 898;C01;1;7;0;2;1;1;1;
202000026922;154 694 899;B01;1;7;0;2;8;1;1;
202000026923;154 694 894;B01;2;14;0;2;3;1;1;
202000026923;154 694 895;A01;1;33;0;2;1;13;1;
202000026924;154 694 892;B01;2;1;0;2;1;17;5;
202000026924;154 694 893;A01;1;7;0;2;1;21;2;
202000026925;154 694 890;A01;2;33;0;2;7;21;1;
202000026925;154 694 891;B01;2;7;0;0;6;1;3;
202000026926;154 694 888;B01;2;7;0;2;1;0;0;
202000026926;154 694 889;A01;1;7;0;2;1;13;0;
202000026927;154 694 885;A01;2;33;0;0;8;2;1;
202000026928;154 694 884;A01;3;2;0;1;1;1;1;
202000026929;154 694 882;A01;1;7;0;2;2;10;1;
202000026929;154 694 883;B01;1;7;0;2;1;1;1;
202000026930;154 694 880;B01;1;7;0;2;0;1;1;
202000026930;154 694 881;A01;2;7;0;2;1;0;1;
202000026931;154 694 879;A01;2;10;0;1;2;1;1;
202000026932;154 694 878;A01;2;7;6;0;1;1;1;
202000026933;154 694 876;A01;3;21;0;2;4;15;1;
202000026933;154 694 877;B01;3;7;0;2;1;1;1;
202000026934;154 694 874;A01;0;7;0;0;0;15;1;
202000026934;154 694 875;B01;1;33;0;0;0;1;1;
202000026935;154 694 872;A01;2;7;0;2;7;15;1;
202000026935;154 694 873;B01;1;2;0;2;1;1;1;
202000026936;154 694 871;A01;0;7;0;1;2;1;1;
202000026937;154 694 870;A01;1;10;13;0;1;0;1;
202000026938;154 694 867;A01;3;33;0;0;7;1;1;
202000026939;154 694 866;A01;1;2;0;0;0;1;1;
202000026940;154 694 864;B01;1;7;0;9;2;1;0;
202000026940;154 694 865;A01;1;7;2;0;8;17;1;
202000026941;154 694 862;B01;2;33;0;2;1;1;1;
202000026941;154 694 863;A01;1;7;0;0;1;15;1;
202000026942;154 694 861;A01;2;2;0;0;0;1;1;
202000026943;154 694 859;A01;2;15;0;2;5;17;1;
202000026943;154 694 860;B01;2;1;0;2;8;1;5;
202000026944;154 694 858;A01;1;7;0;0;1;0;1;
202000026945;154 694 855;C01;1;7;7;0;8;23;1;
202000026945;154 694 856;B01;1;7;7;2;1;1;1;
202000026945;154 694 857;A01;2;7;0;0;1;15;1;
202000026946;154 694 854;A01;1;7;0;1;7;0;1;
202000026947;154 694 852;A01;0;7;2;0;1;1;1;
202000026948;154 694 850;A01;2;7;0;2;3;1;1;
202000026948;154 694 851;B01;1;33;0;2;1;6;1;
202000026949;154 694 849;A01;2;33;0;0;0;1;1;
202000026950;154 694 846;C01;1;7;0;2;1;15;1;
202000026950;154 694 847;B01;1;33;0;2;1;23;1;
202000026950;154 694 848;A01;1;7;0;0;6;23;1;
202000026951;154 694 844;B01;1;33;0;1;4;23;1;
202000026951;154 694 845;A01;1;7;0;2;1;2;1;
202000026952;154 694 842;A01;2;7;0;2;3;0;1;
202000026952;154 694 843;B01;2;7;0;2;3;1;1;
202000026953;154 694 841;A01;1;7;6;0;1;0;1;
202000026954;154 694 840;A01;0;33;0;0;8;16;1;
202000026955;154 694 839;A01;2;7;13;0;1;0;1;
202000026956;154 694 838;A01;2;33;0;0;8;1;1;
202000026957;154 694 837;A01;3;33;13;0;1;1;1;
202000026958;154 694 835;B01;2;7;0;2;8;15;1;
202000026958;154 694 836;A01;2;33;0;2;1;17;1;
202000026959;154 694 833;A01;1;7;0;2;7;1;6;
202000026959;154 694 834;B01;1;17;0;2;0;13;0;
202000026960;154 694 832;A01;2;7;13;0;9;13;1;
202000026961;154 694 830;B01;1;7;0;2;2;1;1;
202000026961;154 694 831;A01;1;7;4;0;6;12;1;
202000026962;154 694 827;C01;2;7;0;0;4;23;1;
202000026962;154 694 828;A01;2;7;1;0;1;2;1;
202000026962;154 694 829;B01;2;7;0;2;1;23;1;
202000026963;154 694 825;A01;3;7;13;2;3;1;1;
202000026963;154 694 826;B01;3;7;12;2;3;1;1;
202000026964;154 694 822;A01;1;7;0;0;2;14;6;
202000026964;154 694 823;B01;1;1;0;0;4;1;5;
202000026964;154 694 824;C01;1;1;0;0;4;1;5;
202000026965;154 694 821;A01;1;2;0;9;3;13;0;
202000026966;154 694 818;C01;2;7;14;2;3;2;1;
202000026966;154 694 819;B01;1;33;0;2;1;1;1;
202000026966;154 694 820;A01;2;2;0;2;3;15;1;
202000026967;154 694 817;A01;2;7;13;0;1;1;1;
202000026968;154 694 815;A01;1;7;0;2;4;1;0;
202000026968;154 694 816;B01;1;32;0;2;1;1;0;
202000026969;154 694 813;A01;1;7;0;2;2;1;1;
202000026969;154 694 814;B01;2;1;0;0;4;1;5;
202000026970;154 694 811;A01;1;7;0;2;1;1;1;
202000026970;154 694 812;D01;1;33;0;2;8;9;1;
202000026971;154 694 809;A01;2;7;0;2;6;10;1;
202000026971;154 694 810;B01;1;7;0;2;3;1;1;
202000026972;154 694 805;D01;1;7;0;2;4;2;1;
202000026972;154 694 806;C01;1;7;0;2;4;2;1;
202000026972;154 694 807;B01;1;7;0;2;4;2;1;
202000026972;154 694 808;A01;1;7;0;2;1;2;1;
202000026973;154 694 804;A01;1;7;1;0;2;14;1;
202000026974;154 694 803;A01;0;1;0;0;1;0;5;
202000026975;154 694 801;A01;2;7;0;2;3;19;2;
202000026975;154 694 802;B01;1;33;0;2;1;1;1;
202000026976;154 694 797;D01;-1;7;0;2;1;0;1;
202000026976;154 694 798;C01;-1;7;0;2;4;0;1;
202000026976;154 694 799;B01;-1;7;0;2;4;0;1;
202000026976;154 694 800;A01;-1;10;0;9;4;0;1;
202000026977;154 694 795;A01;1;7;0;9;7;1;1;
202000026977;154 694 796;B01;1;1;0;2;8;1;5;
202000026978;154 694 793;B01;3;1;0;9;1;0;5;
202000026978;154 694 794;A01;3;1;0;9;1;0;5;
202000026979;154 694 790;A01;1;10;3;2;3;2;0;
202000026979;154 694 791;C01;1;7;3;0;5;2;0;
202000026979;154 694 792;B01;1;7;0;2;5;2;0;
202000026980;154 694 788;A01;2;7;0;9;2;1;0;
202000026980;154 694 789;B01;1;1;0;2;3;1;0;
202000026981;154 694 786;A01;1;33;0;2;8;1;1;
202000026981;154 694 787;B01;1;7;0;2;3;1;1;
202000026982;154 694 785;A01;2;7;0;1;5;20;1;
202000026983;154 694 784;A01;1;7;0;1;1;1;1;
202000026984;154 694 782;A01;1;7;0;2;7;1;0;
202000026984;154 694 783;B01;2;7;0;2;1;1;0;
202000026985;154 694 780;A01;3;7;0;2;1;15;1;
202000026985;154 694 781;B01;3;31;0;2;3;1;1;
202000026986;154 694 779;A01;2;7;13;0;1;14;1;
202000026987;154 694 776;A01;2;2;0;2;3;13;1;
202000026987;154 694 777;B01;1;7;0;2;3;1;1;
202000026988;154 694 773;B01;0;33;0;2;1;1;1;
202000026988;154 694 774;A01;0;7;0;2;3;1;1;
202000026989;154 694 772;A01;1;32;0;0;0;16;1;
202000026990;154 694 768;A01;2;7;4;2;4;2;1;
202000026990;154 694 769;B01;2;7;4;2;4;2;1;
202000026990;154 694 770;C01;2;7;4;2;4;2;1;
202000026990;154 694 771;Z01;2;7;0;0;0;0;0;
202000026991;154 694 766;Z01;2;7;0;0;0;26;1;
202000026991;154 694 767;A01;2;7;4;0;3;21;1;
202000026992;154 694 762;B01;2;7;0;2;1;2;1;
202000026992;154 694 764;C01;2;7;0;2;1;1;1;
202000026992;154 694 765;A01;2;7;0;0;1;2;1;
202000026993;154 694 761;B01;2;14;0;2;3;1;1;
202000026993;154 694 763;A01;1;7;0;2;3;13;1;
202000026994;154 694 759;B01;2;7;0;2;6;1;0;
202000026994;154 694 760;A01;2;31;0;2;1;0;1;
202000026995;154 694 758;A01;2;31;8;0;0;1;1;
202000026996;154 694 754;A01;2;33;0;2;1;1;1;
202000026996;154 694 756;Z01;2;3;0;2;0;0;0;
202000026997;154 694 753;A01;1;7;0;2;4;2;1;
202000026997;154 694 755;Z01;1;7;0;2;0;18;1;
202000026997;154 694 757;B01;1;10;0;2;1;2;1;
202000026998;154 694 750;B01;3;7;0;2;6;24;1;
202000026998;154 694 752;A01;3;7;1;0;2;1;1;
202000026999;154 694 749;B01;2;7;0;2;0;1;1;
202000026999;154 694 751;A01;2;7;0;2;1;1;1;
202000027000;154 694 748;A01;2;31;0;0;8;17;1;
202000027001;154 694 745;B01;1;7;0;2;4;2;1;
202000027001;154 694 747;A01;1;7;0;2;1;2;1;
202000027002;154 694 742;A01;1;30;0;2;1;1;1;
202000027002;154 694 744;B01;1;7;0;2;2;15;1;
202000027003;154 694 741;A01;1;7;0;2;1;2;1;
202000027003;154 694 743;B01;1;7;0;2;4;2;1;
202000027003;154 694 746;C01;1;7;0;2;4;1;1;
202000027004;154 694 736;A01;1;30;0;2;2;14;1;
202000027004;154 694 739;B01;1;10;0;2;3;1;3;
202000027005;154 694 738;A01;1;7;0;2;1;14;1;
202000027005;154 694 740;B01;1;7;0;2;6;1;2;
202000027006;154 694 735;B01;1;7;0;2;3;11;1;
202000027006;154 694 737;A01;1;33;4;2;2;26;1;
202000027007;154 694 734;Z01;2;1;0;1;1;1;5;
202000027008;154 694 732;A01;2;7;0;2;6;1;3;
202000027008;154 694 733;B01;2;15;0;2;2;12;6;
202000027009;154 694 730;B01;1;10;0;2;3;2;1;
202000027009;154 694 731;A01;1;7;3;2;1;13;1;
202000027010;154 694 729;A01;2;10;1;0;1;13;1;
202000027011;154 694 727;A01;2;33;6;0;3;2;1;
202000027012;154 694 722;B01;2;10;0;2;2;16;1;
202000027012;154 694 724;A01;2;30;0;2;3;7;3;
202000027013;154 694 723;D01;2;7;0;2;1;26;1;
202000027013;154 694 725;C01;2;7;14;2;1;26;1;
202000027013;154 694 726;B01;2;7;0;2;8;26;1;
202000027013;154 694 728;A01;2;15;0;0;0;26;1;
202000027014;154 694 721;A01;1;32;14;0;2;1;1;
202000027015;154 694 720;A01;1;10;7;0;5;4;1;
202000027016;154 694 718;A01;1;33;0;2;1;11;1;
202000027016;154 694 719;B01;2;7;0;2;1;15;1;
202000027017;154 694 715;A01;2;17;0;2;2;2;1;
202000027017;154 694 717;B01;2;7;0;2;6;2;1;
202000027018;154 694 714;A01;1;7;0;1;2;26;1;
202000027018;154 694 716;B01;1;10;0;2;3;21;1;
202000027019;154 694 710;C01;2;7;0;2;1;1;1;
202000027019;154 694 711;B01;2;17;0;2;1;1;1;
202000027019;154 694 713;A01;2;7;0;2;4;11;1;
202000027020;154 694 708;A01;3;33;0;2;2;2;1;
202000027020;154 694 712;B01;3;7;0;2;4;1;1;
202000027021;154 694 707;A01;1;7;4;2;6;1;1;
202000027021;154 694 709;Z01;1;7;0;2;1;1;0;
202000027022;154 694 706;A01;0;7;0;1;6;20;1;
202000027023;154 694 704;Z01;1;0;0;2;0;0;0;
202000027023;154 694 705;A01;1;33;7;0;1;3;1;
202000027024;154 694 699;A01;3;7;0;2;2;1;1;
202000027024;154 694 701;B01;3;7;0;2;8;1;1;
202000027025;154 694 700;A01;1;33;0;2;1;19;1;
202000027025;154 694 703;B01;2;2;0;2;8;1;0;
202000027026;154 694 698;A01;2;7;0;2;2;16;1;
202000027026;154 694 702;B01;1;2;0;2;1;1;1;
202000027027;154 694 693;B01;1;7;0;2;7;15;1;
202000027027;154 694 696;A01;2;30;0;2;0;0;0;
202000027028;154 694 694;A01;2;34;0;2;6;18;0;
202000027028;154 694 697;B01;2;7;0;2;5;16;1;
202000027029;154 694 695;A01;2;10;0;1;2;16;1;
202000027030;154 694 691;B01;2;7;0;2;5;1;1;
202000027030;154 694 692;A01;2;2;0;2;1;21;1;
202000027031;154 694 690;A01;1;13;6;0;1;1;1;
202000027032;154 694 687;A01;1;7;0;1;1;16;1;
202000027033;154 694 688;A01;2;7;0;2;2;10;1;
202000027033;154 694 689;B01;1;31;0;2;1;1;1;
202000027034;154 694 686;A01;2;7;0;1;2;1;1;
202000027035;154 694 684;A01;2;7;12;0;1;26;1;
202000027036;154 694 685;A01;1;7;6;0;1;2;1;
202000027037;154 694 679;B01;1;7;0;2;6;2;1;
202000027037;154 694 681;A01;1;32;0;2;2;2;1;
202000027038;154 694 680;A01;2;13;1;0;1;1;1;
202000027038;154 694 683;B01;2;13;1;0;4;24;1;
202000027039;154 694 678;B01;1;17;0;2;3;1;1;
202000027039;154 694 682;A01;2;7;0;2;1;13;1;
202000027040;154 694 672;A01;1;2;0;2;1;1;1;
202000027040;154 694 675;B01;1;7;0;0;8;1;1;
202000027041;154 694 673;A01;3;7;0;2;2;26;1;
202000027041;154 694 676;B01;1;7;0;2;1;1;1;
202000027042;154 694 671;A01;1;7;13;0;8;13;1;
202000027043;154 694 670;B01;2;7;0;2;3;1;1;
202000027043;154 694 674;A01;1;7;0;2;1;13;1;
202000027044;154 694 667;B01;1;7;0;2;2;9;1;
202000027044;154 694 669;A01;1;31;0;2;7;5;1;
202000027045;154 694 668;A01;1;31;13;0;0;1;1;
202000027046;154 694 666;A01;1;7;0;1;3;17;0;
202000027047;154 694 663;A01;2;7;2;0;3;11;0;
202000027048;154 694 664;B01;2;1;0;2;2;1;5;
202000027048;154 694 665;A01;2;7;0;2;1;9;6;
202000027049;154 694 660;B01;2;7;0;2;8;21;1;
202000027049;154 694 661;C01;2;7;0;2;2;1;1;
202000027049;154 694 662;A01;2;7;0;2;6;1;1;
202000027050;154 694 658;A01;2;7;2;0;7;1;0;
202000027051;154 694 657;A01;3;30;0;2;1;26;1;
202000027051;154 694 659;B01;3;37;0;2;6;23;1;1
202000027052;154 694 656;A01;3;7;0;1;5;1;1;
202000027053;154 694 655;A01;2;32;0;0;0;1;1;
202000027054;154 694 652;A01;2;7;13;0;1;1;1;
202000027055;154 694 651;B01;0;1;0;2;4;1;5;
202000027055;154 694 654;A01;0;14;0;2;3;10;1;
202000027056;154 694 650;A01;1;7;0;2;1;15;1;
202000027056;154 694 653;B01;1;2;0;2;1;1;1;
202000027057;154 694 649;A01;0;7;2;0;2;0;0;
202000027058;154 694 646;A01;1;34;0;2;1;17;0;
202000027058;154 694 648;B01;1;7;0;2;0;26;0;
202000027059;154 694 645;B01;0;32;0;2;7;1;1;
202000027059;154 694 647;A01;0;7;0;2;1;1;1;
202000027060;154 694 643;B01;2;7;0;2;3;1;1;
202000027060;154 694 644;A01;1;7;0;0;6;15;1;
202000027061;154 694 641;A01;0;7;0;1;2;1;1;
202000027062;154 694 639;B01;3;7;0;2;1;14;0;
202000027062;154 694 640;A01;3;7;0;2;6;15;0;
202000027063;154 694 638;A01;3;7;0;1;1;0;1;
202000027064;154 694 637;A01;3;7;6;1;1;26;0;
202000027065;154 694 634;T01;1;7;13;2;0;2;1;
202000027065;154 694 636;A01;1;10;12;1;2;17;1;
202000027066;154 694 633;A01;1;7;0;2;7;15;1;
202000027066;154 694 635;B01;2;33;0;2;1;1;1;
202000027067;154 694 630;A01;0;7;0;2;1;1;1;
202000027067;154 694 631;B01;0;10;0;2;2;1;1;
202000027068;154 694 629;A01;1;1;0;0;9;1;5;
202000027069;154 694 626;A01;2;7;0;2;3;0;1;
202000027069;154 694 627;B01;2;33;0;2;1;0;1;
202000027070;154 694 625;A01;2;7;6;0;1;1;1;
202000027071;154 694 623;A01;1;33;0;2;1;1;1;
202000027072;154 694 624;A01;1;7;0;1;8;1;0;
202000027073;154 694 622;Z01;0;7;0;1;1;1;0;
202000027074;154 694 621;A01;1;43;0;0;1;1;1;
202000027075;154 694 617;A01;1;7;3;0;3;1;1;
202000027076;154 694 616;A01;2;7;0;2;3;9;1;
202000027076;154 694 619;B01;2;2;0;2;5;1;1;
202000027077;154 694 615;C01;1;7;0;2;6;0;1;
202000027077;154 694 618;B01;2;33;1;2;7;1;1;
202000027077;154 694 620;A01;1;7;0;2;2;17;1;
202000027078;154 694 614;A01;3;32;7;0;1;1;1;
202000027079;154 694 610;A01;1;7;0;2;8;2;1;
202000027079;154 694 611;B01;1;33;0;2;5;2;1;
202000027080;154 694 612;A01;1;10;4;0;9;13;1;
202000027081;154 694 613;A01;1;10;6;0;1;1;1;
202000027082;154 694 609;A01;1;7;0;1;2;1;1;
202000027083;154 694 608;A01;1;30;0;1;1;1;1;
202000027084;154 694 607;A01;2;7;0;1;1;26;1;
202000027085;154 694 606;A01;1;7;14;0;1;1;1;
202000027086;154 694 605;A01;1;7;8;0;1;9;1;
202000027087;154 694 604;A01;2;36;0;0;8;1;1;
202000027088;154 694 598;B01;2;7;0;2;1;16;1;
202000027088;154 694 602;A01;1;7;0;2;3;17;1;
202000027089;154 694 600;A01;1;7;0;2;6;15;1;
202000027089;154 694 603;B01;1;33;0;2;1;13;1;
202000027090;154 694 597;A01;1;31;6;1;2;1;1;
202000027091;154 694 599;B01;2;1;0;2;1;1;5;
202000027091;154 694 601;A01;1;1;0;2;1;17;5;
202000027092;154 694 595;A01;1;7;0;2;1;23;1;
202000027092;154 694 596;B01;1;7;0;2;0;0;1;
202000027093;154 694 594;A01;3;32;8;0;1;14;1;
202000027094;154 694 592;Z01;1;7;0;2;1;1;1;
202000027094;154 694 593;B01;1;7;0;2;4;1;1;
202000027095;154 694 587;A01;1;32;0;2;8;15;1;
202000027095;154 694 590;B01;2;33;0;2;1;1;1;
202000027096;154 694 589;A01;1;7;0;2;3;13;0;
202000027096;154 694 591;B01;2;7;0;0;3;1;0;
202000027097;154 694 584;A01;2;32;0;2;0;17;1;
202000027097;154 694 585;B01;2;99;0;0;0;0;0;
202000027098;154 694 581;A01;1;7;0;2;1;2;1;
202000027098;154 694 582;C01;1;7;0;2;4;2;1;
202000027098;154 694 583;B01;1;7;0;2;9;2;1;
202000027099;154 694 578;C01;2;7;0;2;4;1;1;
202000027099;154 694 579;B01;2;7;0;2;4;1;1;
202000027099;154 694 580;A01;2;7;0;2;1;1;1;
202000027100;154 694 574;B01;3;7;0;2;1;2;1;
202000027100;154 694 575;A01;3;7;0;2;1;26;1;
202000027101;154 694 573;A01;3;30;0;0;8;1;1;
202000027102;154 694 572;A01;1;10;0;1;2;9;3;
202000027103;154 694 576;A01;2;7;0;2;1;9;1;
202000027103;154 694 577;B01;1;7;0;2;1;1;1;
202000027104;154 694 570;B01;1;7;0;2;3;10;1;
202000027104;154 694 571;A01;1;30;0;2;1;1;1;
202000027105;154 694 567;A01;2;7;0;0;4;1;1;
202000027105;154 694 569;B01;2;7;0;2;1;1;1;
202000027106;154 694 568;A01;1;7;0;1;1;1;1;
202000027107;154 694 586;A01;2;7;0;2;3;13;1;
202000027107;154 694 588;B01;1;7;0;2;3;13;1;
202000027108;154 694 565;A01;1;7;0;1;1;1;0;
202000027109;154 694 564;B01;2;7;0;2;6;15;0;
202000027109;154 694 566;A01;2;7;0;2;1;1;1;
202000027110;154 694 561;A01;1;1;0;2;0;0;0;
202000027110;154 694 563;B01;1;10;0;2;2;2;1;
202000027111;154 694 559;B01;1;99;0;2;4;0;0;
202000027111;154 694 562;C01;1;7;0;2;0;0;1;
202000027112;154 694 560;A01;2;10;0;1;1;15;0;
202000027113;154 694 556;A01;3;2;0;0;0;15;1;