num_acc;id_vehicule;num_veh;senc;catv;obs;obsm;choc;manv;motor;occutc
202000027113;154 694 558;B01;3;7;0;0;9;1;1;
202000027114;154 694 555;A01;3;30;11;0;1;1;1;
202000027115;154 694 552;B01;2;7;0;2;4;1;0;
202000027115;154 694 553;A01;2;15;0;2;1;1;0;
202000027116;154 694 551;A01;3;7;0;2;8;10;1;
202000027116;154 694 557;B01;3;30;0;2;1;1;1;
202000027117;154 694 549;A01;3;7;0;2;2;21;1;
202000027117;154 694 550;B01;3;7;0;0;6;2;1;
202000027117;154 694 554;C01;3;10;0;0;0;23;1;
202000027118;154 694 547;B01;0;7;0;2;2;21;1;
202000027118;154 694 548;A01;0;7;0;2;1;10;1;
202000027119;154 694 544;A01;1;7;3;0;3;1;1;
202000027120;154 694 541;B01;1;33;0;2;8;1;1;
202000027120;154 694 542;A01;1;7;0;2;5;9;1;
202000027121;154 694 540;A01;1;31;14;0;1;1;1;
202000027122;154 694 537;A01;2;15;0;2;3;15;0;
202000027122;154 694 539;B01;1;32;0;2;1;1;1;
202000027123;154 694 536;A01;3;13;0;2;3;15;1;
202000027123;154 694 538;B01;3;7;0;2;1;1;1;
202000027124;154 694 546;A01;1;1;1;0;1;14;5;
202000027125;154 694 533;A01;3;7;0;1;2;1;1;
202000027126;154 694 532;A01;1;10;0;1;5;4;1;
202000027127;154 694 531;A01;3;7;0;1;3;1;1;
202000027128;154 694 529;A01;3;32;0;9;3;26;1;
202000027129;154 694 528;A01;3;7;0;2;6;19;0;
202000027129;154 694 530;B01;2;2;0;2;6;0;0;
202000027130;154 694 526;A01;2;33;1;0;1;17;1;
202000027131;154 694 523;B01;1;7;0;2;3;1;1;
202000027131;154 694 524;A01;2;7;0;2;3;13;0;
202000027132;154 694 534;B01;2;80;0;2;1;1;3;
202000027132;154 694 535;A01;1;1;0;2;1;21;5;
202000027133;154 694 525;C01;2;7;0;2;1;1;1;
202000027133;154 694 527;B01;1;33;0;1;0;1;1;
202000027134;154 694 521;B01;1;7;0;2;7;15;1;
202000027134;154 694 522;A01;2;2;0;2;1;2;1;
202000027135;154 694 519;A01;0;10;0;9;1;0;0;
202000027135;154 694 520;B01;0;1;0;2;1;0;5;
202000027136;154 694 518;A01;3;36;0;1;1;26;0;
202000027137;154 694 516;A01;2;2;0;0;1;5;1;
202000027138;154 694 513;A01;2;7;4;0;1;1;1;
202000027139;154 694 511;B01;1;7;0;2;4;1;1;
202000027139;154 694 512;C01;1;7;0;2;1;1;1;
202000027139;154 694 514;D01;1;7;0;2;4;1;1;
202000027139;154 694 515;A01;1;7;0;2;1;17;1;
202000027140;154 694 507;A01;3;7;0;2;1;1;1;
202000027140;154 694 509;B01;3;10;0;2;8;1;1;
202000027141;154 694 517;A01;2;7;13;0;2;2;1;
202000027142;154 694 506;B01;0;7;0;0;4;1;1;
202000027142;154 694 508;A01;0;1;0;2;1;1;5;
202000027143;154 694 504;B01;2;2;0;2;1;17;1;
202000027143;154 694 505;A01;2;3;0;2;8;15;1;
202000027144;154 694 503;A01;2;30;0;0;0;13;1;
202000027145;154 694 501;A01;0;21;13;0;2;14;1;
202000027146;154 694 500;A01;3;7;0;1;3;1;0;
202000027147;154 694 499;B01;1;7;2;2;2;2;1;
202000027147;154 694 502;A01;1;7;0;2;3;10;1;
202000027148;154 694 497;A01;2;7;0;1;1;15;1;
202000027149;154 694 498;A01;1;7;0;0;1;1;1;
202000027150;154 694 495;A01;1;7;0;2;1;15;1;
202000027150;154 694 496;B01;2;33;0;2;3;1;1;
202000027151;154 694 492;B01;1;31;0;2;1;1;0;
202000027151;154 694 493;A01;2;7;0;2;2;17;0;
202000027152;154 694 491;A01;0;7;13;0;3;1;0;
202000027153;154 694 490;A01;2;3;9;0;3;13;1;
202000027154;154 694 488;A01;2;10;0;2;2;14;1;
202000027154;154 694 489;B01;1;7;0;2;1;1;1;
202000027155;154 694 487;A01;0;7;0;1;4;26;1;
202000027156;154 694 486;A01;1;7;13;0;1;1;1;
202000027157;154 694 484;A01;1;33;0;2;3;3;1;
202000027157;154 694 485;Z01;1;33;0;2;7;17;0;
202000027158;154 694 483;A01;3;7;13;0;0;1;1;
202000027159;154 694 480;A01;2;33;0;2;1;11;1;
202000027159;154 694 481;B01;2;33;0;2;4;3;1;
202000027159;154 694 482;C01;2;7;0;2;6;1;1;
202000027160;154 694 479;A01;2;33;0;0;0;1;1;
202000027161;154 694 476;A01;1;7;0;2;3;2;1;
202000027161;154 694 478;B01;1;7;0;1;4;23;1;
202000027162;154 694 474;A01;3;7;0;2;1;15;1;
202000027162;154 694 477;B01;3;33;0;2;1;1;1;
202000027163;154 694 472;A01;2;10;0;1;1;1;1;
202000027164;154 694 475;A01;2;7;8;0;3;1;1;
202000027165;154 694 473;B01;0;7;0;2;4;23;1;
202000027166;154 694 470;A01;2;7;0;2;3;16;1;
202000027166;154 694 471;B01;1;7;0;2;1;17;1;
202000027167;154 694 467;A01;1;7;0;1;3;15;1;
202000027168;154 694 466;A01;3;33;0;0;8;0;1;
202000027169;154 694 462;A01;3;31;0;2;1;0;0;
202000027169;154 694 464;B01;3;0;0;1;4;0;6;
202000027170;154 694 463;B01;2;7;0;2;4;23;1;
202000027170;154 694 465;Z01;2;7;0;2;1;1;0;
202000027171;154 694 459;B01;1;17;0;2;4;2;1;
202000027171;154 694 460;A01;1;10;0;2;1;2;1;
202000027172;154 694 468;B01;2;30;0;2;1;1;1;
202000027172;154 694 469;A01;1;10;0;2;1;15;1;
202000027173;154 694 458;B01;1;7;0;2;3;1;1;
202000027173;154 694 461;A01;1;33;0;2;1;1;1;
202000027174;154 694 456;A01;1;10;0;1;2;1;1;
202000027175;154 694 455;A01;2;1;0;2;3;1;5;
202000027175;154 694 457;Z01;2;7;0;2;1;19;1;
202000027176;154 694 451;A01;3;10;0;1;4;4;1;
202000027177;154 694 452;B01;1;7;0;2;2;16;1;
202000027177;154 694 453;A01;1;7;0;2;3;15;1;
202000027178;154 694 450;B01;1;10;0;2;3;10;1;
202000027178;154 694 454;A01;1;43;0;2;1;1;1;
202000027179;154 694 448;B01;1;7;0;2;3;1;1;
202000027179;154 694 449;A01;2;33;0;2;1;1;1;
202000027180;154 694 446;A01;3;7;0;2;5;16;1;
202000027180;154 694 447;B01;3;33;0;2;3;16;1;
202000027181;154 694 444;A01;1;7;0;2;2;16;1;
202000027181;154 694 445;B01;1;32;0;2;3;7;1;
202000027182;154 694 443;A01;2;7;9;0;0;0;0;
202000027183;154 694 441;A01;1;7;0;1;1;1;2;
202000027184;154 694 440;A01;1;7;0;2;3;22;1;
202000027184;154 694 442;B01;1;1;0;2;1;1;5;
202000027185;154 694 436;A01;1;33;0;2;3;17;1;
202000027185;154 694 438;B01;2;1;0;2;3;1;5;
202000027186;154 694 433;A01;2;32;0;1;1;1;1;
202000027187;154 694 434;A01;2;33;0;2;8;13;0;
202000027187;154 694 439;C01;2;7;0;2;8;1;0;
202000027188;154 694 435;B01;2;33;0;2;3;1;1;
202000027188;154 694 437;A01;1;7;0;2;8;26;1;
202000027189;154 694 432;A01;2;31;14;0;1;14;1;
202000027190;154 694 430;B01;2;33;0;0;3;2;1;
202000027190;154 694 431;A01;2;33;0;0;5;2;1;
202000027191;154 694 429;A01;2;30;0;0;0;1;1;
202000027192;154 694 428;A01;3;10;0;1;3;15;1;
202000027193;154 694 426;A01;0;33;6;0;1;1;1;
202000027194;154 694 423;A01;3;7;0;2;1;1;1;
202000027194;154 694 425;B01;3;1;0;2;7;1;5;
202000027195;154 694 424;B01;1;7;0;2;2;16;1;
202000027195;154 694 427;A01;1;7;0;2;1;2;1;
202000027196;154 694 422;A01;1;7;4;0;2;0;1;
202000027197;154 694 420;A01;2;7;4;0;1;21;1;
202000027198;154 694 419;A01;1;30;0;2;8;1;0;
202000027199;154 694 418;B01;1;34;0;2;3;0;1;
202000027199;154 694 421;A01;2;7;0;2;3;13;0;
202000027200;154 694 417;A01;2;33;4;0;1;13;1;
202000027201;154 694 415;B01;1;7;0;0;3;1;1;
202000027201;154 694 416;A01;2;33;0;2;3;13;1;
202000027202;154 694 410;A01;2;7;4;0;3;26;1;
202000027203;154 694 411;B01;0;50;0;2;1;0;3;
202000027203;154 694 413;A01;1;7;0;2;1;0;1;
202000027204;154 694 412;B01;2;7;0;2;6;9;1;
202000027204;154 694 414;A01;2;32;0;2;1;14;2;
202000027205;154 694 409;A01;1;10;15;1;1;1;1;
202000027206;154 694 406;B01;2;7;0;2;4;2;1;
202000027206;154 694 407;A01;2;7;0;2;1;2;1;
202000027207;154 694 402;B01;1;7;0;2;4;2;1;
202000027207;154 694 408;A01;2;7;0;2;1;2;2;
202000027208;154 694 401;A01;1;31;11;0;1;26;1;
202000027209;154 694 403;B01;1;7;0;2;5;23;1;
202000027209;154 694 405;A01;1;43;0;2;1;2;1;
202000027210;154 694 396;B01;1;1;0;2;0;1;5;
202000027210;154 694 399;A01;2;50;0;2;1;13;3;
202000027211;154 694 398;A01;2;7;4;0;1;26;1;
202000027212;154 694 394;A01;-1;10;0;1;2;20;1;
202000027213;154 694 397;A01;2;1;1;0;2;14;5;
202000027214;154 694 400;B01;1;33;0;2;1;1;1;
202000027214;154 694 404;A01;1;10;0;0;0;0;1;
202000027215;154 694 393;A01;1;10;0;2;1;2;1;
202000027215;154 694 395;B01;1;10;0;2;4;2;1;
202000027216;154 694 391;A01;2;80;1;2;1;1;3;
202000027217;154 694 390;A01;1;7;0;2;2;26;1;
202000027217;154 694 392;MB01;2;7;0;2;3;26;1;
202000027218;154 694 382;A01;1;33;0;2;1;1;1;
202000027218;154 694 384;B01;2;7;0;2;2;1;1;
202000027218;154 694 386;C01;3;7;0;2;1;15;1;
202000027219;154 694 385;B01;3;33;0;2;7;1;1;
202000027219;154 694 387;A01;2;7;0;2;1;9;1;
202000027220;154 694 388;B01;2;7;4;0;1;21;2;
202000027220;154 694 389;A01;2;7;4;0;1;9;1;
202000027221;154 694 379;Z01;2;0;0;1;3;2;0;
202000027222;154 694 381;B01;1;43;0;2;1;1;1;
202000027222;154 694 383;A01;1;1;0;2;6;19;5;
202000027223;154 694 378;A01;2;7;4;0;1;0;1;
202000027224;154 694 377;B01;3;50;0;0;0;0;3;
202000027224;154 694 380;Z01;3;7;0;9;1;9;0;
202000027225;154 694 375;B01;3;2;0;2;1;1;1;
202000027225;154 694 376;A01;3;7;0;2;3;9;1;
202000027226;154 694 370;A01;1;10;0;1;4;20;1;
202000027227;154 694 374;Z01;2;1;0;1;1;1;5;
202000027228;154 694 369;A01;0;2;0;2;1;1;0;
202000027228;154 694 372;B01;0;10;0;2;6;1;3;
202000027229;154 694 371;A01;2;7;0;2;2;12;1;
202000027229;154 694 373;B01;2;34;0;2;3;0;1;
202000027230;154 694 367;A01;1;33;0;2;1;0;1;
202000027230;154 694 368;B01;2;2;0;2;1;0;1;
202000027231;154 694 366;A01;3;0;0;0;0;26;0;
202000027232;154 694 360;A01;1;10;0;2;3;15;1;
202000027232;154 694 364;B01;2;32;0;2;3;1;1;
202000027233;154 694 362;A01;0;1;0;0;0;15;5;
202000027234;154 694 357;B01;3;7;0;2;8;1;1;
202000027234;154 694 359;A01;3;7;0;2;3;11;1;
202000027235;154 694 358;B01;1;7;4;0;3;1;1;
202000027235;154 694 361;C01;1;7;4;2;7;1;1;
202000027235;154 694 363;D01;1;7;4;2;3;1;1;
202000027235;154 694 365;A01;1;7;4;0;1;14;1;
202000027236;154 694 351;A01;2;30;0;1;1;25;1;
202000027237;154 694 352;A01;2;50;0;2;1;5;3;
202000027237;154 694 356;B01;1;7;0;2;1;15;1;
202000027238;154 694 350;A01;2;30;0;2;8;19;1;
202000027238;154 694 354;B01;1;7;0;2;8;15;1;
202000027239;154 694 353;B01;2;7;0;2;8;1;1;
202000027239;154 694 355;A01;2;17;0;2;2;1;1;
202000027240;154 694 346;A01;2;1;0;2;6;1;5;
202000027240;154 694 348;B01;1;10;0;2;0;9;1;
202000027241;154 694 345;A01;2;7;1;0;2;14;1;
202000027242;154 694 344;B01;1;7;0;2;3;2;1;
202000027242;154 694 349;A01;1;17;0;2;2;2;1;
202000027243;154 694 341;A01;1;7;0;2;1;1;1;
202000027243;154 694 343;B01;1;7;0;2;1;1;1;
202000027243;154 694 347;C01;1;7;0;2;4;1;1;
202000027244;154 694 340;A01;2;50;1;2;1;1;3;
202000027244;154 694 342;Z01;2;1;0;2;8;20;5;
202000027245;154 694 337;B01;1;1;0;2;8;5;5;
202000027245;154 694 339;A01;1;7;0;2;1;9;1;
202000027246;154 694 332;A01;2;7;0;2;3;9;1;
202000027246;154 694 335;B01;2;50;0;2;1;5;3;
202000027247;154 694 333;B01;3;50;0;2;7;1;3;
202000027247;154 694 338;A01;2;7;0;2;3;9;0;
202000027248;154 694 334;B01;1;30;0;2;4;15;1;
202000027248;154 694 336;A01;1;32;0;2;1;1;1;
202000027249;154 694 329;A01;2;33;0;0;8;15;1;
202000027250;154 694 330;A01;2;30;0;2;1;1;1;
202000027250;154 694 331;B01;3;7;0;2;3;15;1;
202000027251;154 694 328;A01;1;7;1;1;1;1;1;
202000027252;154 694 326;A01;1;1;0;2;3;1;5;
202000027252;154 694 327;B01;1;7;0;2;1;5;1;
202000027253;154 694 321;A01;1;33;12;0;1;19;1;
202000027254;154 694 322;A01;1;10;0;2;1;13;1;
202000027254;154 694 323;B01;2;7;0;2;3;1;1;
202000027255;154 694 324;B01;1;50;0;2;3;1;3;
202000027255;154 694 325;A01;1;1;0;2;8;10;5;
202000027256;154 694 318;A01;2;7;0;2;2;16;1;
202000027256;154 694 320;B01;2;2;0;2;1;2;1;
202000027257;154 694 317;A01;3;2;0;0;0;1;1;
202000027258;154 694 316;B01;0;31;0;0;1;17;1;
202000027258;154 694 319;A01;0;7;0;2;2;15;1;
202000027259;154 694 314;B01;1;1;0;2;8;1;5;
202000027259;154 694 315;A01;2;7;0;2;1;15;1;
202000027260;154 694 310;A01;1;7;2;0;1;13;1;
202000027261;154 694 311;A01;2;7;13;0;3;1;1;
202000027262;154 694 306;A01;1;7;0;2;1;1;1;
202000027262;154 694 308;B01;1;37;0;2;4;2;1;1
202000027263;154 694 309;A01;2;1;0;1;1;1;5;
202000027264;154 694 312;B01;0;31;0;2;4;15;1;
202000027264;154 694 313;A01;0;7;0;2;2;15;1;
202000027265;154 694 305;A01;2;10;0;0;4;15;1;
202000027265;154 694 307;B01;2;2;0;2;1;1;1;
202000027266;154 694 302;A01;3;7;0;2;3;9;1;
202000027266;154 694 304;B01;3;80;0;2;7;1;3;
202000027267;154 694 299;A01;3;10;0;2;5;15;1;
202000027267;154 694 301;B01;3;10;0;2;1;1;0;
202000027268;154 694 297;A01;2;7;0;2;1;1;1;
202000027268;154 694 303;B01;1;7;0;2;8;1;1;
202000027269;154 694 300;A01;1;7;13;0;1;1;1;
202000027270;154 694 296;B01;1;33;0;2;6;12;1;
202000027270;154 694 298;A01;1;33;0;2;2;12;1;
202000027271;154 694 293;B01;3;80;0;2;7;5;3;
202000027271;154 694 295;A01;3;31;0;2;1;1;1;
202000027272;154 694 292;A01;2;3;0;2;7;15;0;
202000027272;154 694 294;B01;1;2;0;2;8;1;0;
202000027273;154 694 289;B01;1;1;0;2;0;13;5;
202000027273;154 694 291;A01;1;7;0;9;7;17;1;
202000027274;154 694 290;A01;2;32;1;0;3;13;1;
202000027275;154 694 287;A01;1;7;0;0;2;26;1;
202000027276;154 694 288;A01;1;1;0;0;0;1;5;
202000027277;154 694 286;A01;2;7;3;0;1;16;0;
202000027278;154 694 285;Z01;1;7;0;1;2;1;0;
202000027279;154 694 283;A01;2;7;0;2;3;1;1;
202000027279;154 694 284;B01;1;7;0;2;3;0;1;
202000027280;154 694 281;B01;3;7;0;2;4;0;1;
202000027280;154 694 282;A01;3;7;0;2;1;26;1;
202000027281;154 694 279;B01;2;33;0;2;7;1;1;
202000027281;154 694 280;A01;1;7;0;2;3;19;1;
202000027282;154 694 278;A01;1;34;11;0;1;13;1;
202000027283;154 694 273;A01;3;7;6;0;1;1;1;
202000027284;154 694 274;B01;1;7;0;2;4;0;1;
202000027284;154 694 276;A01;1;7;0;2;1;2;1;
202000027284;154 694 277;C01;1;7;0;2;4;0;1;
202000027285;154 694 272;A01;1;43;12;0;8;13;1;
202000027286;154 694 275;A01;3;34;0;0;0;1;1;
202000027287;154 694 271;A01;1;7;8;0;1;1;1;
202000027288;154 694 270;Z01;1;30;0;1;0;25;1;
202000027289;154 694 269;A01;1;10;0;1;3;15;0;
202000027290;154 694 265;B01;2;32;0;2;3;9;1;
202000027290;154 694 266;A01;2;7;0;2;2;12;1;
202000027291;154 694 264;A01;2;7;9;0;2;14;1;
202000027292;154 694 263;A01;1;30;0;2;1;13;1;
202000027292;154 694 268;B01;2;7;0;2;2;1;1;
202000027293;154 694 262;B01;1;33;0;2;0;1;1;
202000027293;154 694 267;A01;2;7;0;2;8;9;1;
202000027294;154 694 261;A01;3;7;13;0;9;1;1;
202000027295;154 694 260;A01;2;10;6;0;1;1;0;
202000027296;154 694 256;A01;1;33;0;2;1;1;1;
202000027296;154 694 258;B01;2;7;0;2;1;15;1;
202000027297;154 694 255;A01;0;7;0;1;5;4;1;
202000027298;154 694 257;B01;1;7;0;2;4;1;1;
202000027298;154 694 259;A01;1;7;0;2;4;1;1;
202000027299;154 694 253;A01;3;7;0;2;9;17;1;
202000027299;154 694 254;B01;3;7;0;2;9;1;1;
202000027300;154 694 248;A01;0;7;0;2;3;26;1;
202000027300;154 694 252;B01;3;38;0;2;3;1;1;2
202000027301;154 694 245;B01;3;7;1;2;2;17;1;
202000027301;154 694 249;A01;3;7;0;2;3;15;1;
202000027302;154 694 244;A01;3;33;0;1;1;1;1;
202000027303;154 694 242;B01;-1;7;0;2;6;0;1;
202000027303;154 694 243;A01;-1;34;0;2;1;26;1;
202000027304;154 694 246;B01;1;7;0;2;1;1;0;
202000027304;154 694 250;A01;2;7;0;2;1;0;0;
202000027305;154 694 241;A01;2;1;0;0;8;1;5;
202000027306;154 694 240;A01;1;37;0;1;3;15;1;1
202000027307;154 694 236;A01;2;7;13;0;2;1;1;
202000027308;154 694 237;A01;2;33;0;6;1;0;1;
202000027309;154 694 238;B01;0;32;0;2;1;1;1;
202000027309;154 694 239;A01;1;7;0;2;7;15;1;
202000027310;154 694 235;A01;1;10;0;1;3;1;1;
202000027311;154 694 230;B01;-1;7;0;0;4;2;1;
202000027311;154 694 232;A01;-1;7;0;2;1;2;1;
202000027312;154 694 229;B01;1;7;0;2;5;15;1;
202000027312;154 694 233;A01;1;7;0;2;3;1;1;
202000027313;154 694 228;A01;1;7;0;2;2;13;1;
202000027313;154 694 234;B01;2;7;0;2;1;21;1;
202000027314;154 694 227;B01;1;7;0;2;2;1;1;
202000027314;154 694 231;A01;1;7;0;2;8;20;1;
202000027315;154 694 225;B01;1;33;0;2;1;1;1;
202000027315;154 694 226;A01;3;7;0;2;6;10;1;
202000027316;154 694 224;A01;1;7;2;0;3;1;1;
202000027317;154 694 218;A01;2;7;8;0;1;1;1;
202000027318;154 694 220;A01;1;7;7;0;9;17;1;
202000027319;154 694 221;C01;1;7;0;2;2;1;1;
202000027319;154 694 222;B01;2;33;1;0;1;3;1;
202000027319;154 694 223;A01;0;17;0;2;6;23;6;
202000027320;154 694 217;B01;1;7;0;2;1;1;0;
202000027320;154 694 219;A01;0;7;0;2;3;0;1;
202000027321;154 694 213;B01;2;20;0;0;8;15;1;
202000027321;154 694 215;A01;2;33;0;2;1;17;1;
202000027322;154 694 214;B01;1;7;0;2;1;15;0;
202000027322;154 694 216;A01;1;7;0;2;3;1;0;
202000027323;154 694 210;A01;1;7;0;2;6;23;1;
202000027323;154 694 212;B01;1;0;0;2;1;2;0;
202000027324;154 694 209;Y01;1;1;0;2;4;1;5;
202000027324;154 694 211;A01;1;7;0;2;7;9;1;
202000027325;154 694 207;A01;1;33;0;1;1;21;1;
202000027326;154 694 206;A01;0;7;0;2;3;13;1;
202000027326;154 694 208;B01;0;1;0;2;1;1;5;
202000027327;154 694 201;A01;1;10;0;2;2;1;4;
202000027327;154 694 205;B01;1;10;0;2;1;16;0;
202000027328;154 694 202;A01;1;33;17;0;9;1;1;
202000027329;154 694 203;A01;0;7;0;1;2;16;1;
202000027330;154 694 200;A01;0;7;0;0;3;1;0;
202000027330;154 694 204;B01;1;7;0;0;3;1;1;
202000027331;154 694 198;B01;2;2;0;2;4;1;1;
202000027331;154 694 199;A01;1;13;0;2;4;21;1;
202000027332;154 694 195;B01;3;7;0;2;3;0;1;
202000027332;154 694 196;A01;3;7;0;2;3;13;1;
202000027333;154 694 190;A01;1;33;4;2;0;21;1;
202000027333;154 694 194;Z01;1;7;0;2;0;17;0;
202000027334;154 694 192;B01;2;33;0;2;1;1;1;
202000027334;154 694 197;A01;1;7;0;2;2;15;1;
202000027335;154 694 193;A01;2;7;13;0;1;13;1;
202000027336;154 694 191;A01;2;7;0;1;1;17;1;
202000027337;154 694 188;B01;2;7;1;2;8;21;1;
202000027337;154 694 189;A01;1;10;0;2;3;15;1;
202000027338;154 694 187;A01;2;37;0;1;2;1;1;1
202000027339;154 694 185;B01;2;7;0;0;3;1;1;
202000027339;154 694 186;A01;2;10;0;0;7;23;1;
202000027340;154 694 184;A01;1;7;0;1;3;15;1;
202000027341;154 694 182;A01;0;7;15;2;5;20;1;
202000027341;154 694 183;B01;3;7;0;2;0;0;0;
202000027342;154 694 177;B01;2;7;0;0;4;1;1;
202000027342;154 694 179;A01;2;7;0;2;2;21;1;
202000027343;154 694 178;A01;3;7;0;1;2;2;1;
202000027344;154 694 176;A01;0;30;0;0;7;0;1;
202000027345;154 694 173;A01;2;33;0;2;2;17;1;
202000027345;154 694 175;B01;2;7;0;2;6;15;1;
202000027346;154 694 174;A01;1;33;0;0;1;0;1;
202000027347;154 694 171;B01;3;60;0;2;7;1;5;
202000027347;154 694 172;A01;3;7;0;9;8;9;1;
202000027348;154 694 166;B01;0;32;0;0;4;23;1;
202000027348;154 694 169;A01;2;7;0;2;1;1;1;
202000027349;154 694 167;A01;1;33;0;0;1;1;1;
202000027350;154 694 168;A01;1;7;0;2;2;1;1;
202000027350;154 694 170;B01;3;7;8;2;1;6;1;
202000027351;154 694 165;A01;1;7;1;1;2;21;1;
202000027352;154 694 161;Z01;1;7;0;0;0;0;0;
202000027352;154 694 162;A01;1;7;3;2;6;17;1;
202000027352;154 694 164;B01;1;17;0;2;8;2;1;
202000027353;154 694 157;C01;1;7;0;2;1;1;1;
202000027353;154 694 160;B01;1;7;0;2;1;1;1;
202000027353;154 694 163;A01;2;7;3;2;1;13;1;
202000027354;154 694 155;B01;1;7;4;2;8;1;1;
202000027354;154 694 158;Z01;1;99;0;2;0;0;0;
202000027355;154 694 156;A01;1;7;0;2;8;13;1;
202000027355;154 694 159;B01;1;30;0;2;7;1;1;
202000027356;154 694 153;B01;2;17;0;2;4;2;1;
202000027356;154 694 154;A01;2;7;0;2;1;2;1;
202000027357;154 694 146;B01;1;7;0;2;4;23;1;
202000027357;154 694 150;A01;1;7;0;2;1;1;1;
202000027358;154 694 147;B01;2;1;0;2;3;19;5;
202000027358;154 694 151;A01;1;7;0;2;1;1;1;
202000027359;154 694 149;A01;3;7;0;2;8;15;1;
202000027359;154 694 152;B01;3;30;0;2;1;17;1;
202000027360;154 694 142;A01;1;7;0;1;1;16;1;
202000027361;154 694 145;A01;2;7;0;2;1;14;1;
202000027361;154 694 148;B01;1;7;0;2;3;23;1;
202000027362;154 694 143;B01;2;7;0;2;4;2;1;
202000027362;154 694 144;A01;2;7;0;2;1;2;1;
202000027363;154 694 141;A01;2;7;8;1;7;1;1;
202000027364;154 694 138;A01;1;2;0;1;1;1;1;
202000027365;154 694 135;A01;1;7;0;1;1;1;1;
202000027366;154 694 137;B01;2;7;4;0;4;1;1;
202000027366;154 694 140;Z01;1;7;0;2;1;3;1;
202000027367;154 694 134;B01;1;7;0;2;3;1;1;
202000027367;154 694 136;A01;2;7;0;2;1;10;1;
202000027368;154 694 133;A01;1;7;0;1;2;1;1;
202000027369;154 694 131;B01;2;32;0;2;2;1;1;
202000027369;154 694 132;A01;1;7;0;2;3;15;1;
202000027370;154 694 129;B01;2;7;0;2;5;1;1;
202000027370;154 694 130;A01;2;33;0;2;1;14;1;
202000027371;154 694 127;A01;2;7;0;1;1;1;1;
202000027372;154 694 125;A01;2;7;11;0;2;16;1;
202000027373;154 694 121;B01;1;7;0;2;7;15;1;
202000027373;154 694 123;A01;2;33;0;2;1;1;1;
202000027374;154 694 120;B01;3;7;0;2;3;15;0;
202000027374;154 694 124;A01;2;2;0;2;1;1;0;
202000027375;154 694 122;A01;2;10;0;0;0;12;1;
202000027375;154 694 126;B01;2;33;0;0;8;3;1;
202000027376;154 694 114;B01;2;10;0;2;4;1;1;
202000027376;154 694 115;A01;2;10;0;2;1;1;1;
202000027377;154 694 117;Z01;2;7;0;2;3;9;0;
202000027377;154 694 119;A01;1;2;0;2;1;1;1;
202000027378;154 694 118;A01;3;7;6;1;3;5;1;
202000027379;154 694 113;A01;2;7;0;2;3;1;0;
202000027379;154 694 116;B01;2;1;0;2;2;1;6;
202000027380;154 694 108;A01;3;32;0;2;1;17;1;
202000027380;154 694 109;B01;3;7;0;2;4;11;1;
202000027381;154 694 107;A01;1;7;0;1;5;16;1;
202000027382;154 694 105;A01;3;7;2;0;7;13;1;
202000027383;154 694 106;A01;0;33;0;1;0;1;1;
202000027384;154 694 110;A01;1;7;0;2;7;12;1;
202000027384;154 694 111;B01;1;7;0;2;6;1;1;
202000027384;154 694 112;C01;1;33;0;2;1;3;1;
202000027385;154 694 101;Z01;3;7;0;1;1;26;0;
202000027386;154 694 097;A01;2;7;0;2;1;2;1;
202000027386;154 694 100;B01;2;7;0;2;4;2;1;
202000027386;154 694 104;C01;2;10;0;2;1;2;1;
202000027387;154 694 099;A01;2;7;0;2;1;15;1;
202000027387;154 694 102;B01;2;33;0;2;7;1;1;
202000027388;154 694 103;A01;0;31;14;0;1;0;1;
202000027389;154 694 096;B01;1;30;0;2;1;1;1;
202000027389;154 694 098;A01;1;7;0;2;1;15;1;
202000027390;154 694 095;A01;2;7;2;0;2;0;1;
202000027391;154 694 094;A01;1;7;4;0;1;1;1;
202000027392;154 694 093;A01;1;7;9;0;1;7;1;
202000027393;154 694 087;A01;1;7;0;2;4;1;1;
202000027393;154 694 090;B01;1;10;0;2;1;1;1;
202000027394;154 694 089;A01;1;7;0;2;4;1;1;
202000027394;154 694 091;B01;1;7;0;2;1;2;1;
202000027395;154 694 088;A01;1;7;0;2;6;19;1;
202000027395;154 694 092;B01;1;2;0;2;1;1;1;
202000027396;154 694 085;B01;1;30;0;2;1;0;1;
202000027396;154 694 086;A01;1;7;0;2;1;26;1;
202000027397;154 694 082;A01;1;32;4;0;7;15;1;
202000027398;154 694 081;B01;1;1;0;2;1;1;5;
202000027398;154 694 083;A01;2;7;0;2;3;16;1;
202000027399;154 694 079;B01;1;1;0;2;1;9;6;
202000027399;154 694 080;A01;1;7;0;9;3;9;1;
202000027400;154 694 078;A01;2;33;0;2;3;3;1;
202000027400;154 694 084;B01;2;10;0;2;7;12;1;
202000027401;154 694 071;E01;1;10;0;2;3;1;1;
202000027401;154 694 073;D01;1;10;0;2;1;1;1;
202000027401;154 694 074;C01;1;7;0;2;4;1;1;
202000027401;154 694 076;B01;1;7;0;2;4;1;1;
202000027401;154 694 077;A01;1;13;0;2;1;11;1;
202000027402;154 694 067;A01;2;7;0;2;1;1;1;
202000027403;154 694 068;A01;3;7;0;2;1;26;1;
202000027403;154 694 072;B01;0;7;0;2;8;26;1;
202000027404;154 694 066;B01;2;7;0;2;1;2;1;