num_acc;id_vehicule;num_veh;senc;catv;obs;obsm;choc;manv;motor;occutc
202000027689;154 693 584;A01;2;1;0;2;1;1;5;
202000027690;154 693 580;B01;-1;50;0;2;7;26;3;
202000027690;154 693 581;A01;-1;7;0;2;1;26;1;
202000027691;154 693 577;B01;1;1;0;2;1;1;5;
202000027691;154 693 579;A01;1;7;0;2;2;16;2;
202000027692;154 693 576;A01;-1;32;0;2;7;17;1;
202000027692;154 693 578;B01;-1;7;0;2;1;9;1;
202000027693;154 693 575;Z01;1;7;0;1;3;9;0;
202000027694;154 693 574;A01;2;7;0;1;2;1;1;
202000027695;154 693 572;A01;3;3;1;0;1;1;0;
202000027696;154 693 571;Z01;1;7;0;2;1;1;1;
202000027696;154 693 573;A01;1;32;0;2;3;1;1;
202000027697;154 693 570;A01;2;7;0;1;1;1;0;
202000027698;154 693 569;A01;2;7;0;1;2;16;1;
202000027699;154 693 567;A01;-1;31;0;2;2;17;0;
202000027699;154 693 568;B01;2;7;0;2;3;11;0;
202000027700;154 693 565;A01;2;7;0;2;6;16;1;
202000027700;154 693 566;B01;2;1;0;2;1;1;5;
202000027701;154 693 564;A01;1;7;0;1;3;1;0;
202000027702;154 693 562;A01;1;7;0;2;3;1;1;
202000027702;154 693 563;B01;1;1;0;2;3;1;5;
202000027703;154 693 560;A01;1;50;14;0;4;1;3;
202000027704;154 693 561;A01;1;7;0;1;3;15;1;
202000027705;154 693 558;A01;1;32;0;0;8;16;1;
202000027706;154 693 557;B01;-1;10;0;2;4;1;0;
202000027706;154 693 559;A01;-1;2;0;2;1;1;0;
202000027707;154 693 555;A01;3;7;0;2;3;20;1;
202000027707;154 693 556;B01;3;32;0;2;5;1;1;
202000027708;154 693 554;A01;1;7;0;1;1;1;0;
202000027709;154 693 551;B01;2;7;0;2;2;1;1;
202000027709;154 693 553;A01;1;7;0;2;3;15;1;
202000027710;154 693 549;C01;1;7;0;2;4;2;2;
202000027710;154 693 550;B01;1;7;0;2;1;2;1;
202000027710;154 693 552;A01;1;7;0;2;1;2;1;
202000027711;154 693 547;A01;3;10;0;2;8;17;1;
202000027711;154 693 548;B01;3;34;0;2;7;1;1;
202000027712;154 693 544;A01;1;7;0;2;3;1;1;
202000027712;154 693 546;B01;2;7;0;2;1;1;1;
202000027713;154 693 543;B01;2;7;0;2;1;14;1;
202000027713;154 693 545;A01;1;34;0;2;1;13;1;
202000027714;154 693 542;A01;2;30;0;0;8;1;1;
202000027715;154 693 540;A01;1;30;0;2;1;2;1;
202000027715;154 693 541;B01;1;7;0;2;0;23;1;
202000027716;154 693 536;A01;1;7;0;2;1;15;1;
202000027716;154 693 538;B01;2;33;0;2;0;0;0;
202000027717;154 693 537;A01;1;2;0;2;7;1;1;
202000027717;154 693 539;Z01;1;7;0;0;0;0;0;
202000027718;154 693 534;B01;2;14;0;2;2;0;6;
202000027718;154 693 535;A01;1;30;0;2;2;1;3;
202000027719;154 693 532;Z01;2;0;0;0;0;0;0;
202000027719;154 693 533;A01;2;30;0;2;7;26;1;
202000027720;154 693 530;A01;1;10;0;2;5;15;1;
202000027720;154 693 531;B01;2;32;0;2;1;1;1;
202000027721;154 693 527;A01;3;7;0;2;2;1;1;
202000027721;154 693 529;B01;3;33;0;2;1;1;1;
202000027722;154 693 526;A01;2;7;0;2;3;15;1;
202000027722;154 693 528;B01;1;33;0;2;1;1;1;
202000027723;154 693 523;B01;-1;33;0;2;8;1;0;
202000027723;154 693 525;A01;-1;7;0;2;2;9;0;
202000027724;154 693 522;B01;2;33;9;2;1;1;1;
202000027724;154 693 524;A01;1;7;9;2;5;15;1;
202000027725;154 693 518;A01;1;7;0;2;7;17;0;
202000027725;154 693 520;B01;1;1;0;2;6;1;5;
202000027726;154 693 517;B01;1;10;0;2;4;1;1;
202000027726;154 693 519;A01;1;10;0;0;1;26;0;
202000027726;154 693 521;C01;1;10;0;2;4;0;1;
202000027727;154 693 515;B01;1;7;0;2;3;15;1;
202000027727;154 693 516;A01;2;7;0;0;3;1;1;
202000027728;154 693 513;A01;-1;7;0;2;1;1;1;
202000027728;154 693 514;B01;-1;7;0;2;2;1;1;
202000027729;154 693 510;A01;1;37;0;2;3;1;1;1
202000027729;154 693 511;B01;2;7;0;2;3;1;1;
202000027730;154 693 509;A01;1;7;0;1;2;1;1;
202000027731;154 693 506;A01;3;13;0;0;2;1;0;
202000027731;154 693 508;B01;0;33;0;2;1;1;1;
202000027732;154 693 504;A01;2;32;0;1;1;17;0;
202000027733;154 693 503;B01;2;7;0;2;1;0;1;
202000027733;154 693 505;A01;1;7;0;2;1;0;1;
202000027734;154 693 501;A01;1;30;0;2;2;17;1;
202000027734;154 693 502;B01;1;7;0;2;3;15;1;
202000027735;154 693 499;B01;1;33;0;2;1;0;1;
202000027735;154 693 500;A01;2;10;0;2;1;1;1;
202000027736;154 693 497;B01;2;7;0;2;8;13;1;
202000027736;154 693 498;A01;1;17;0;2;2;13;1;
202000027737;154 693 495;A01;2;7;0;2;3;1;1;
202000027737;154 693 496;B01;1;7;0;2;3;1;1;
202000027738;154 693 494;A01;1;7;0;1;2;1;1;
202000027739;154 693 491;C01;2;7;0;2;1;1;1;
202000027739;154 693 492;B01;1;7;0;2;1;1;1;
202000027739;154 693 493;A01;1;7;0;2;4;15;1;
202000027740;154 693 490;A01;2;10;0;1;2;1;1;
202000027741;154 693 489;A01;1;33;6;0;0;16;1;
202000027742;154 693 486;B01;2;7;0;2;0;2;1;
202000027742;154 693 488;A01;2;7;0;2;0;17;1;
202000027743;154 693 487;A01;1;10;0;1;2;1;1;
202000027744;154 693 485;A01;2;10;4;0;1;0;1;
202000027745;154 693 483;A01;1;7;0;2;8;1;1;
202000027745;154 693 484;B01;1;1;0;2;4;9;5;
202000027746;154 693 482;A01;2;7;0;1;7;21;1;
202000027747;154 693 481;A01;2;7;0;1;2;1;1;
202000027748;154 693 478;B01;1;1;0;2;3;2;5;
202000027748;154 693 480;A01;1;7;0;9;2;17;0;
202000027749;154 693 479;A01;2;10;0;1;2;1;1;
202000027750;154 693 474;B01;2;10;0;2;2;0;1;
202000027750;154 693 476;A01;2;32;0;2;7;0;1;
202000027751;154 693 472;A01;1;7;0;2;2;13;1;
202000027751;154 693 473;B01;2;7;0;2;7;1;1;
202000027752;154 693 469;A01;2;7;9;0;0;1;1;
202000027753;154 693 470;B01;1;31;0;2;1;0;1;
202000027753;154 693 471;A01;2;7;0;2;1;15;1;
202000027754;154 693 468;A01;1;7;2;0;1;0;1;
202000027755;154 693 467;A01;1;10;1;1;4;20;1;
202000027756;154 693 466;A01;2;7;2;0;1;14;1;
202000027757;154 693 464;A01;3;1;0;2;4;0;5;
202000027757;154 693 465;B01;3;31;0;9;1;1;1;
202000027758;154 693 462;A01;2;7;0;2;7;13;1;
202000027758;154 693 463;B01;1;7;0;2;1;1;1;
202000027759;154 693 459;A01;2;7;2;0;1;0;1;
202000027760;154 693 460;B01;1;7;0;2;3;1;1;
202000027760;154 693 461;A01;2;7;0;2;3;1;1;
202000027761;154 693 456;A01;2;2;0;1;1;0;0;
202000027762;154 693 457;B01;3;7;0;2;7;1;1;
202000027762;154 693 458;A01;3;33;0;2;1;1;1;
202000027763;154 693 454;A01;1;7;2;0;3;5;1;
202000027764;154 693 455;A01;0;7;13;0;2;1;1;
202000027765;154 693 453;A01;1;36;6;0;1;1;1;
202000027766;154 693 451;A01;2;7;2;0;1;1;1;
202000027767;154 693 450;A01;3;7;0;0;7;15;1;
202000027767;154 693 452;B01;3;1;0;0;1;1;5;
202000027768;154 693 447;A01;1;2;0;2;1;13;1;
202000027768;154 693 448;B01;2;7;0;2;1;1;1;
202000027768;154 693 449;C01;1;7;0;2;8;1;1;
202000027769;154 693 446;A01;0;7;0;1;8;0;0;
202000027770;154 693 443;B01;2;7;0;2;1;1;1;
202000027770;154 693 445;A01;2;17;0;2;4;1;1;
202000027771;154 693 442;A01;0;7;0;2;1;1;1;
202000027771;154 693 444;B01;0;60;0;2;1;1;5;
202000027772;154 693 441;A01;1;34;16;0;1;0;1;
202000027773;154 693 440;A01;2;7;13;0;2;14;1;
202000027774;154 693 439;A01;3;33;0;0;1;1;1;
202000027775;154 693 437;A01;2;2;0;0;1;1;1;
202000027776;154 693 436;A01;1;7;13;0;1;0;1;
202000027777;154 693 434;A01;1;7;0;1;2;1;1;
202000027778;154 693 433;A01;3;7;0;9;3;11;6;
202000027778;154 693 435;B01;0;1;0;2;1;1;5;
202000027779;154 693 431;A01;0;2;6;0;1;1;1;
202000027780;154 693 430;A01;2;3;0;2;8;1;1;
202000027780;154 693 432;B01;1;2;0;2;1;1;1;
202000027781;154 693 429;A01;2;7;0;0;8;1;1;
202000027782;154 693 428;A01;2;7;3;0;1;6;1;
202000027783;154 693 426;A01;0;7;0;9;3;26;0;
202000027783;154 693 427;B01;0;1;0;0;4;26;0;
202000027784;154 693 424;A01;1;14;17;0;2;1;1;
202000027785;154 693 423;A01;2;10;2;2;0;5;1;
202000027785;154 693 425;B01;1;7;0;2;7;21;1;
202000027786;154 693 422;A01;2;1;0;0;0;0;6;
202000027787;154 693 421;A01;2;33;0;0;2;1;1;
202000027788;154 693 418;A01;1;7;0;1;1;1;1;
202000027789;154 693 414;A01;1;7;0;2;8;19;1;
202000027789;154 693 417;B01;1;34;0;2;1;1;1;
202000027790;154 693 413;C01;1;7;0;0;1;1;1;
202000027790;154 693 415;B01;2;7;0;0;8;1;1;
202000027790;154 693 416;A01;2;7;0;2;1;17;1;
202000027791;154 693 411;A01;2;2;1;0;1;0;1;
202000027792;154 693 410;A01;1;7;0;0;4;2;1;
202000027792;154 693 412;B01;1;10;0;2;1;2;1;
202000027793;154 693 406;B01;2;7;0;2;2;0;1;
202000027793;154 693 408;A01;2;10;0;2;2;17;1;
202000027794;154 693 407;A01;2;7;0;9;1;1;1;
202000027794;154 693 409;B01;1;1;0;2;1;1;5;
202000027795;154 693 402;B01;2;7;0;2;4;2;1;
202000027795;154 693 403;C01;2;7;0;2;4;2;1;
202000027795;154 693 405;A01;2;7;0;2;1;1;1;
202000027796;154 693 399;A01;2;33;4;2;6;3;1;
202000027796;154 693 400;Z01;2;7;0;2;7;12;0;
202000027797;154 693 401;A01;1;7;0;1;3;1;1;
202000027798;154 693 397;A01;1;7;0;2;1;2;1;
202000027798;154 693 398;B01;1;7;0;2;4;2;1;
202000027799;154 693 396;A01;3;2;0;6;1;0;1;
202000027800;154 693 395;A01;1;7;0;2;1;2;0;
202000027801;154 693 391;A01;2;7;0;2;7;12;1;
202000027801;154 693 392;B01;2;33;0;2;8;3;1;
202000027802;154 693 388;C01;2;7;0;2;6;23;1;
202000027802;154 693 389;B01;2;7;0;2;5;23;1;
202000027802;154 693 390;A01;2;7;0;2;1;21;1;
202000027803;154 693 393;A01;2;7;0;2;1;13;1;
202000027803;154 693 394;B01;1;7;0;2;1;1;1;
202000027804;154 693 386;A01;1;17;4;2;7;12;1;
202000027804;154 693 387;B01;1;10;4;2;3;1;1;
202000027805;154 693 382;A01;2;32;0;2;8;3;1;
202000027805;154 693 383;B01;2;7;0;2;2;1;1;
202000027806;154 693 380;B01;2;32;0;2;1;2;1;
202000027806;154 693 381;A01;2;7;0;2;3;11;1;
202000027807;154 693 379;A01;1;17;4;0;7;14;1;
202000027808;154 693 377;B01;2;32;0;2;1;1;1;
202000027808;154 693 378;A01;2;7;0;2;5;12;1;
202000027809;154 693 384;B01;2;7;0;2;2;13;1;
202000027809;154 693 385;A01;1;7;0;2;2;13;1;
202000027810;154 693 376;A01;2;7;16;0;9;1;1;
202000027811;154 693 375;A01;2;2;1;0;1;1;1;
202000027812;154 693 374;A01;0;7;17;0;1;1;1;
202000027813;154 693 373;A01;1;2;6;0;7;2;1;
202000027814;154 693 372;A01;1;7;13;0;1;1;1;
202000027815;154 693 371;A01;3;7;7;0;1;16;1;
202000027816;154 693 370;A01;2;7;2;0;1;1;1;
202000027817;154 693 369;A01;0;7;2;0;1;1;1;
202000027818;154 693 367;A01;2;7;0;9;1;1;1;
202000027818;154 693 368;B01;3;1;0;2;6;9;5;
202000027819;154 693 366;A01;2;7;2;0;3;13;1;
202000027820;154 693 363;C01;2;1;0;2;1;1;5;
202000027820;154 693 364;B01;2;1;0;2;1;1;5;
202000027820;154 693 365;A01;2;1;0;2;3;19;5;
202000027821;154 693 362;A01;1;14;13;9;7;1;1;
202000027822;154 693 359;A01;1;7;0;9;2;15;0;
202000027822;154 693 360;B01;2;1;0;2;1;1;5;
202000027822;154 693 361;C01;2;1;0;2;1;1;5;
202000027823;154 693 358;A01;1;7;0;1;2;1;1;
202000027824;154 693 357;A01;1;7;2;0;0;1;1;
202000027825;154 693 355;A01;2;2;0;2;7;17;1;
202000027825;154 693 356;B01;2;7;0;2;8;17;0;
202000027826;154 693 353;C01;1;7;0;1;7;1;1;
202000027826;154 693 354;A01;1;7;0;1;2;1;0;
202000027827;154 693 351;A01;1;7;0;2;6;15;1;
202000027827;154 693 352;B01;1;31;0;2;1;1;1;
202000027828;154 693 350;A01;2;10;0;1;3;1;1;
202000027829;154 693 343;A01;2;7;0;2;4;1;1;
202000027829;154 693 344;B01;2;7;0;2;4;1;1;
202000027829;154 693 345;C01;2;10;0;2;1;1;1;
202000027830;154 693 340;A01;2;7;0;2;4;1;1;
202000027830;154 693 341;B01;1;10;0;2;4;1;1;
202000027830;154 693 342;C01;2;10;0;2;1;1;1;
202000027831;154 693 338;B01;1;17;0;2;4;1;1;
202000027831;154 693 339;A01;1;7;0;2;3;12;1;
202000027832;154 693 336;B01;1;17;0;2;4;2;1;
202000027832;154 693 337;A01;1;15;0;2;1;2;1;
202000027833;154 693 334;A01;3;7;0;2;3;13;1;
202000027833;154 693 335;B01;3;7;0;2;1;1;1;
202000027834;154 693 332;A01;2;7;4;2;1;11;1;
202000027834;154 693 333;B01;2;7;0;2;1;1;1;
202000027835;154 693 329;C01;2;7;0;2;4;2;1;
202000027835;154 693 330;B01;2;7;0;2;4;2;1;
202000027835;154 693 331;A01;2;10;0;2;1;2;1;
202000027836;154 693 327;A01;1;7;0;2;1;1;1;
202000027836;154 693 328;B01;1;7;0;2;4;1;1;
202000027837;154 693 324;B01;2;10;0;2;4;2;1;
202000027837;154 693 325;C01;2;10;0;2;4;2;1;
202000027837;154 693 326;A01;2;16;0;2;1;2;1;
202000027838;154 693 322;A01;2;7;0;2;6;12;1;
202000027838;154 693 323;B01;2;43;0;2;3;3;1;
202000027839;154 693 321;A01;2;7;4;0;6;12;1;
202000027840;154 693 318;C01;1;7;1;0;3;21;1;
202000027840;154 693 319;B01;1;10;1;0;4;23;1;
202000027840;154 693 320;A01;1;7;0;0;4;23;1;
202000027841;154 693 316;A01;1;7;0;2;4;2;1;
202000027841;154 693 317;B01;1;7;0;2;1;2;4;
202000027842;154 693 314;A01;1;1;0;2;1;9;5;
202000027842;154 693 315;B01;1;7;0;9;5;16;1;
202000027843;154 693 311;A01;1;7;0;2;3;21;1;
202000027843;154 693 312;B01;1;7;0;2;4;0;1;
202000027843;154 693 313;C01;1;7;0;2;4;0;1;
202000027844;154 693 309;B01;1;7;0;2;2;1;1;
202000027844;154 693 310;A01;2;7;0;2;3;1;1;
202000027845;154 693 308;A01;1;7;8;0;1;15;1;
202000027846;154 693 306;A01;2;7;0;2;1;1;1;
202000027846;154 693 307;B01;2;7;0;2;4;1;1;
202000027847;154 693 304;A01;1;7;0;2;1;5;1;
202000027847;154 693 305;B01;2;7;0;2;1;1;1;
202000027848;154 693 302;A01;1;7;1;2;2;15;1;
202000027848;154 693 303;B01;2;7;0;2;1;1;1;
202000027849;154 693 301;A01;1;1;0;9;1;1;5;
202000027850;154 693 299;A01;3;7;14;2;1;1;1;
202000027850;154 693 300;B01;3;7;0;2;4;15;1;
202000027851;154 693 297;A01;3;7;0;2;1;2;1;
202000027851;154 693 298;B01;3;1;0;2;4;1;0;
202000027852;154 693 294;A01;1;7;0;2;6;5;1;
202000027852;154 693 295;C01;1;14;0;2;8;1;1;
202000027852;154 693 296;B01;2;7;0;2;6;1;1;
202000027853;154 693 293;A01;2;7;8;0;1;1;1;
202000027854;154 693 291;A01;1;7;0;2;1;26;1;
202000027854;154 693 292;B01;1;7;0;2;2;15;1;
202000027855;154 693 289;B01;3;30;0;2;3;1;1;
202000027855;154 693 290;A01;3;7;0;2;5;15;1;
202000027856;154 693 286;C01;3;7;0;2;2;2;-1;
202000027856;154 693 287;B01;3;3;0;2;1;2;-1;
202000027856;154 693 288;A01;3;7;0;2;1;1;-1;
202000027857;154 693 284;A01;1;33;0;0;0;1;1;
202000027858;154 693 282;B01;3;1;0;2;1;1;5;
202000027858;154 693 283;A01;3;7;0;2;7;16;1;
202000027859;154 693 281;A01;3;1;0;0;0;26;5;
202000027860;154 693 278;A01;1;7;0;2;1;2;1;
202000027860;154 693 279;C01;1;7;0;2;4;23;1;
202000027860;154 693 280;B01;1;7;1;2;4;23;2;
202000027861;154 693 276;A01;1;10;0;2;1;19;0;
202000027861;154 693 277;B01;1;10;0;2;8;1;0;
202000027862;154 693 274;B01;1;7;0;2;4;2;1;
202000027862;154 693 275;Z01;1;7;0;2;2;1;1;
202000027863;154 693 273;A01;1;7;8;0;1;1;1;
202000027864;154 693 271;A01;1;1;0;2;1;1;5;
202000027864;154 693 272;B01;1;7;0;2;3;23;1;
202000027865;154 693 268;A01;1;10;0;2;1;2;1;
202000027865;154 693 269;B01;1;7;0;2;4;2;1;
202000027865;154 693 270;C01;1;7;0;2;4;2;1;
202000027866;154 693 266;B01;2;7;0;2;4;2;1;
202000027866;154 693 267;A01;2;7;0;2;1;2;1;
202000027867;154 693 264;A01;1;7;0;2;1;2;1;
202000027867;154 693 265;B01;1;32;0;2;4;23;1;
202000027868;154 693 262;B01;1;7;0;2;4;1;1;
202000027868;154 693 263;A01;1;7;0;2;1;2;1;
202000027869;154 693 260;A01;1;7;0;2;1;2;1;
202000027869;154 693 261;B01;1;7;0;2;4;26;1;
202000027870;154 693 258;B01;2;33;0;2;1;1;1;
202000027870;154 693 259;A01;1;7;0;2;2;15;1;
202000027871;154 693 256;B01;1;7;0;2;1;0;1;
202000027871;154 693 257;A01;1;1;0;2;1;0;5;
202000027872;154 693 252;A01;1;15;0;2;2;12;1;
202000027872;154 693 253;B01;1;7;0;2;8;0;1;
202000027872;154 693 254;C01;1;7;0;2;3;0;1;
202000027872;154 693 255;D01;1;33;0;2;1;0;1;
202000027873;154 693 251;A01;1;7;0;1;3;1;1;
202000027874;154 693 249;A01;1;7;0;2;3;15;1;
202000027874;154 693 250;B01;2;2;0;2;1;1;1;
202000027875;154 693 247;B01;3;1;0;2;0;0;5;
202000027875;154 693 248;A01;3;7;0;2;4;26;1;
202000027876;154 693 245;A01;0;7;0;2;4;26;1;
202000027876;154 693 246;B01;0;2;0;2;4;1;1;
202000027877;154 693 243;B01;1;7;0;2;1;1;1;
202000027877;154 693 244;A01;1;7;0;2;3;1;1;
202000027878;154 693 242;A01;1;7;1;0;1;1;1;
202000027879;154 693 240;A01;2;32;0;2;1;1;1;
202000027879;154 693 241;B01;2;32;0;2;1;1;1;
202000027880;154 693 238;A01;2;7;0;2;1;1;1;
202000027880;154 693 239;B01;2;32;0;2;4;1;1;
202000027881;154 693 237;Z01;1;33;0;1;1;25;1;
202000027882;154 693 235;A01;1;60;0;2;7;9;5;
202000027882;154 693 236;B01;1;7;0;2;2;1;1;
202000027883;154 693 233;B01;1;7;0;2;2;1;1;
202000027883;154 693 234;A01;0;7;0;2;2;19;1;
202000027884;154 693 231;B01;3;1;0;2;8;0;5;
202000027884;154 693 232;A01;3;7;0;9;5;16;1;
202000027885;154 693 230;A01;1;30;0;0;0;26;1;
202000027886;154 693 228;B01;1;2;0;2;7;1;1;
202000027886;154 693 229;A01;1;7;0;2;3;9;1;
202000027887;154 693 226;A01;2;30;0;2;7;14;1;
202000027887;154 693 227;B01;0;37;0;2;8;2;1;1
202000027888;154 693 224;A01;1;30;0;2;1;26;0;
202000027888;154 693 225;B01;1;31;0;2;1;1;0;
202000027889;154 693 221;C01;3;7;0;0;4;23;3;
202000027889;154 693 222;B01;3;7;0;2;4;23;0;
202000027889;154 693 223;A01;3;7;0;2;1;2;0;
202000027890;154 693 220;A01;1;31;0;1;7;1;1;
202000027891;154 693 219;A01;2;33;8;0;1;1;1;
202000027892;154 693 217;B01;3;1;0;2;1;1;5;
202000027892;154 693 218;A01;3;7;0;2;2;20;1;
202000027893;154 693 216;A01;2;7;0;1;1;16;1;
202000027894;154 693 214;A01;3;1;0;2;0;0;5;
202000027894;154 693 215;B01;3;38;0;0;0;0;1;1
202000027895;154 693 213;A01;3;1;0;0;0;26;5;
202000027896;154 693 211;B01;1;7;8;2;1;2;1;
202000027896;154 693 212;A01;1;7;0;2;4;26;1;
202000027897;154 693 209;A01;1;7;1;0;1;26;1;
202000027897;154 693 210;G01;3;7;0;2;1;1;1;
202000027898;154 693 208;A01;1;7;2;0;3;14;1;
202000027899;154 693 207;A01;2;33;2;0;1;1;1;
202000027900;154 693 206;A01;2;7;0;1;2;1;1;
202000027901;154 693 204;A01;3;10;0;2;3;1;1;
202000027901;154 693 205;B01;3;33;0;2;1;1;1;
202000027902;154 693 203;A01;1;0;0;1;2;1;0;
202000027903;154 693 201;B01;2;7;0;2;4;23;1;
202000027903;154 693 202;A01;2;7;0;2;1;21;1;
202000027904;154 693 199;B01;1;7;0;0;0;0;1;
202000027904;154 693 200;A01;2;7;0;2;3;26;1;
202000027905;154 693 198;A01;2;7;2;0;8;1;1;
202000027906;154 693 196;B01;1;7;0;2;4;2;1;
202000027906;154 693 197;A01;1;7;0;2;1;2;1;
202000027907;154 693 195;A01;2;33;3;0;8;13;1;
202000027908;154 693 192;B01;1;7;0;2;1;1;1;
202000027908;154 693 193;A01;1;17;0;2;3;2;1;
202000027908;154 693 194;C01;1;17;0;2;4;2;1;
202000027909;154 693 190;B01;1;7;0;0;4;1;1;
202000027909;154 693 191;A01;1;7;0;2;0;1;1;
202000027910;154 693 189;A01;2;7;4;0;2;14;1;
202000027911;154 693 186;B01;2;7;0;2;6;1;1;
202000027911;154 693 187;A01;2;7;0;2;6;1;1;
202000027911;154 693 188;Z01;2;10;16;0;0;0;1;
202000027912;154 693 185;A01;3;42;0;1;1;17;1;
202000027913;154 693 183;Z01;2;7;0;2;2;5;1;
202000027913;154 693 184;A01;1;33;0;2;1;1;1;
202000027914;154 693 182;A01;1;2;14;0;1;1;1;
202000027915;154 693 181;A01;1;30;12;0;3;1;1;
202000027916;154 693 179;B01;2;7;0;2;6;23;1;
202000027916;154 693 180;A01;2;2;0;2;1;2;1;
202000027917;154 693 177;A01;1;2;0;2;1;2;1;
202000027917;154 693 178;B01;1;7;0;2;4;2;1;
202000027918;154 693 176;A01;1;7;13;0;2;1;1;
202000027919;154 693 175;A01;1;7;6;0;3;15;1;
202000027920;154 693 174;A01;1;7;0;1;4;20;1;
202000027921;154 693 172;B01;1;33;0;2;1;1;1;
202000027921;154 693 173;A01;2;7;0;2;3;9;1;
202000027922;154 693 171;A01;2;7;0;9;1;21;1;
202000027923;154 693 169;B01;2;3;0;2;2;2;1;
202000027923;154 693 170;A01;2;7;0;2;4;1;1;
202000027924;154 693 167;A01;1;15;0;2;6;1;1;
202000027924;154 693 168;B01;1;7;0;2;3;1;1;
202000027925;154 693 166;A01;3;7;0;1;2;0;0;
202000027926;154 693 165;A01;0;10;0;1;1;1;1;
202000027927;154 693 163;A01;3;7;0;2;2;0;1;
202000027927;154 693 164;B01;3;34;0;2;5;0;1;
202000027928;154 693 162;A01;1;7;0;1;1;26;1;
202000027929;154 693 160;B01;1;7;0;2;5;15;1;
202000027929;154 693 161;A01;1;7;0;2;1;21;1;
202000027930;154 693 159;A01;1;7;0;1;1;1;0;
202000027931;154 693 158;A01;1;50;8;0;1;1;3;
202000027932;154 693 156;A01;1;7;0;2;3;2;1;
202000027932;154 693 157;B01;1;7;0;2;4;2;1;
202000027933;154 693 154;B01;1;7;0;0;6;9;1;
202000027933;154 693 155;A01;2;7;0;2;1;21;1;
202000027934;154 693 152;A01;2;33;0;2;1;2;1;
202000027934;154 693 153;B01;1;7;0;2;4;2;1;
202000027935;154 693 150;A01;2;32;0;2;1;16;1;
202000027935;154 693 151;B01;1;7;0;2;7;1;1;
202000027936;154 693 147;A01;1;33;0;2;1;18;1;
202000027936;154 693 148;B01;1;7;0;2;3;15;1;
202000027936;154 693 149;C01;1;7;0;2;3;9;1;
202000027937;154 693 145;A01;1;7;0;2;8;26;0;
202000027937;154 693 146;B01;1;7;0;2;2;1;0;
202000027938;154 693 144;A01;3;7;0;1;1;1;0;
202000027939;154 693 142;A01;2;7;0;2;1;15;1;
202000027939;154 693 143;B01;2;7;0;2;7;1;1;
202000027940;154 693 141;A01;2;30;0;1;1;17;1;
202000027941;154 693 140;A01;3;7;0;1;3;26;6;
202000027942;154 693 136;A01;3;20;0;0;9;1;1;
202000027943;154 693 135;A01;1;7;0;1;2;2;1;
202000027944;154 693 130;A01;2;2;0;2;1;1;1;
202000027944;154 693 131;B01;1;7;0;2;2;15;1;
202000027945;154 693 128;A01;1;7;0;2;8;15;1;
202000027945;154 693 129;B01;2;33;0;2;1;1;1;
202000027946;154 693 126;B01;3;7;0;2;2;1;1;
202000027946;154 693 127;A01;3;10;0;2;4;4;1;
202000027947;154 693 124;A01;2;30;0;2;1;25;0;
202000027947;154 693 125;B01;1;7;0;2;2;9;1;
202000027948;154 693 121;C01;1;7;0;2;1;1;1;
202000027948;154 693 122;B01;1;7;1;0;0;20;1;
202000027948;154 693 123;A01;1;50;1;0;1;21;3;
202000027949;154 693 120;A01;1;7;4;0;2;9;1;
202000027950;154 693 118;B01;2;7;0;2;1;1;1;
202000027950;154 693 119;A01;1;7;0;2;1;5;1;
202000027951;154 693 117;A01;2;7;9;1;0;10;1;
202000027952;154 693 115;A01;2;1;0;2;0;0;0;
202000027952;154 693 116;B01;1;7;0;2;7;15;1;
202000027953;154 693 111;B01;2;7;0;2;2;1;1;
202000027953;154 693 112;A01;2;15;0;2;6;9;1;
202000027954;154 693 110;A01;1;7;0;1;3;1;1;
202000027955;154 693 109;A01;1;7;9;0;1;1;1;
202000027956;154 693 108;A01;1;10;0;1;3;15;1;
202000027957;154 693 107;Z01;1;7;0;1;1;15;0;
202000027958;154 693 105;B01;1;10;0;2;3;20;1;
202000027958;154 693 106;A01;1;34;0;2;1;2;1;
202000027959;154 693 103;A01;1;7;0;2;1;9;1;
202000027959;154 693 104;B01;2;80;0;2;7;1;3;
202000027960;154 693 101;B01;2;7;0;2;8;15;1;
202000027960;154 693 102;A01;2;7;0;2;1;1;1;
202000027961;154 693 099;Y01;0;1;0;2;7;0;5;
202000027961;154 693 100;A01;0;7;0;2;1;0;1;
202000027962;154 693 098;A01;3;80;0;0;0;1;3;
202000027963;154 693 097;A01;3;30;0;0;0;1;1;
202000027964;154 693 096;A01;1;7;0;1;0;1;1;
202000027965;154 693 094;A01;1;7;0;2;1;1;1;
202000027965;154 693 095;B01;1;2;0;2;1;1;1;
202000027966;154 693 092;B01;1;30;0;2;1;1;1;
202000027966;154 693 093;A01;1;7;0;2;0;1;1;
202000027967;154 693 090;B01;1;2;0;2;5;1;1;
202000027967;154 693 091;A01;1;7;0;2;5;1;1;
202000027968;154 693 089;Z01;2;7;0;1;1;1;1;
202000027969;154 693 087;B01;3;1;0;2;7;0;5;
202000027969;154 693 088;A01;3;7;0;2;1;1;1;
202000027970;154 693 084;A01;3;2;0;2;1;9;1;
202000027970;154 693 085;B01;3;7;0;2;1;9;1;
202000027971;154 693 082;B01;3;1;0;4;0;0;0;
202000027971;154 693 083;A01;3;40;0;2;0;0;3;
202000027972;154 693 081;A01;2;7;0;1;1;16;1;
202000027973;154 693 079;A01;2;7;0;2;7;19;1;