num_acc;id_vehicule;num_veh;senc;catv;obs;obsm;choc;manv;motor;occutc
202000027973;154 693 080;B01;2;7;0;2;3;19;1;
202000027974;154 693 077;A01;1;10;0;2;1;15;1;
202000027974;154 693 078;B01;1;2;0;2;1;1;1;
202000027975;154 693 075;A01;3;10;0;9;1;26;1;
202000027975;154 693 076;B01;3;1;0;2;4;2;0;
202000027976;154 693 074;A01;1;7;0;1;8;1;1;
202000027977;154 693 073;A01;1;7;0;1;0;1;0;
202000027978;154 693 071;B01;1;7;0;2;7;1;1;
202000027978;154 693 072;A01;-1;30;0;2;1;15;1;
202000027979;154 693 069;A01;0;7;0;2;1;1;1;
202000027979;154 693 070;Z01;0;7;0;2;1;0;0;
202000027980;154 693 067;A01;1;7;0;2;1;2;1;
202000027980;154 693 068;B01;1;7;0;2;4;2;1;
202000027981;154 693 065;A01;3;7;0;2;3;1;1;
202000027981;154 693 066;B01;3;7;0;2;3;1;1;
202000027982;154 693 064;A01;1;2;1;0;1;1;1;
202000027983;154 693 062;B01;1;33;0;2;7;3;1;
202000027983;154 693 063;A01;1;7;0;2;8;17;1;
202000027984;154 693 060;A01;3;7;0;2;1;1;1;
202000027984;154 693 061;B01;3;7;0;2;7;1;0;
202000027985;154 693 059;A01;2;7;0;1;2;16;1;
202000027986;154 693 057;B01;2;33;0;2;1;1;1;
202000027986;154 693 058;A01;3;7;0;2;3;15;1;
202000027987;154 693 055;A01;0;10;0;2;6;11;1;
202000027987;154 693 056;B01;0;32;0;2;7;1;1;
202000027988;154 693 053;A01;1;7;0;1;1;16;1;
202000027989;154 693 051;B01;1;7;0;1;6;1;1;
202000027989;154 693 052;A01;1;10;0;1;3;1;1;
202000027990;154 693 049;B01;1;7;0;2;1;14;1;
202000027990;154 693 050;A01;2;7;0;2;1;13;1;
202000027991;154 693 047;A01;3;7;0;2;1;2;0;
202000027991;154 693 048;B01;3;7;0;2;4;2;0;
202000027992;154 693 046;A01;3;7;0;1;2;15;1;
202000027993;154 693 044;B01;1;32;1;2;1;1;1;
202000027993;154 693 045;A01;1;7;0;2;2;15;1;
202000027994;154 693 043;A01;2;30;0;1;1;17;1;
202000027995;154 693 042;A01;2;7;0;1;1;1;1;
202000027996;154 693 040;A01;1;10;0;2;6;11;1;
202000027996;154 693 041;B01;1;31;0;2;2;3;1;
202000027997;154 693 038;B01;1;30;0;2;3;1;1;
202000027997;154 693 039;A01;1;7;0;2;2;1;1;
202000027998;154 693 035;C01;3;10;0;2;7;1;1;
202000027998;154 693 036;A01;3;32;0;2;7;3;1;
202000027998;154 693 037;B01;3;7;0;2;6;1;1;
202000027999;154 693 033;B01;2;1;0;2;1;1;5;
202000027999;154 693 034;A01;1;50;0;2;1;5;3;
202000028000;154 693 032;A01;2;7;0;1;3;15;2;
202000028001;154 693 030;A01;2;7;0;2;2;1;1;
202000028001;154 693 031;B01;1;32;0;2;8;1;3;
202000028002;154 693 028;A01;2;3;0;2;3;15;1;
202000028002;154 693 029;B01;1;7;0;2;3;23;1;
202000028003;154 693 026;Z01;1;7;0;2;3;15;1;
202000028003;154 693 027;A01;2;50;0;2;3;1;3;
202000028004;154 693 025;A01;1;32;0;0;1;1;1;
202000028005;154 693 023;A01;1;7;0;2;8;22;1;
202000028005;154 693 024;B01;1;50;0;2;1;7;3;
202000028006;154 693 021;Z01;1;7;0;2;8;10;0;
202000028006;154 693 022;A01;1;32;0;2;1;1;1;
202000028007;154 693 020;A01;2;30;11;0;2;17;1;
202000028008;154 693 019;A01;1;1;0;0;2;1;5;
202000028009;154 693 017;Z01;2;10;0;2;0;2;1;
202000028009;154 693 018;A01;2;31;0;2;4;23;1;
202000028010;154 693 016;A01;1;30;0;1;1;1;3;
202000028011;154 693 015;A01;1;10;7;0;1;13;1;
202000028012;154 693 013;B01;1;7;0;2;3;22;2;
202000028012;154 693 014;A01;1;80;0;2;1;1;3;
202000028013;154 693 011;B01;0;7;0;0;7;15;1;
202000028013;154 693 012;A01;1;7;0;2;1;1;1;
202000028014;154 693 010;A01;2;34;0;1;1;1;1;
202000028015;154 693 009;A01;2;1;0;1;1;1;5;
202000028016;154 693 008;A01;0;7;0;1;4;19;1;
202000028017;154 693 006;B01;1;13;0;2;3;1;0;
202000028017;154 693 007;A01;1;7;0;2;1;1;0;
202000028018;154 693 005;A01;1;7;0;1;1;15;0;
202000028019;154 693 004;A01;3;7;15;0;1;15;1;
202000028020;154 693 002;B01;2;7;0;2;7;12;0;
202000028020;154 693 003;A01;2;34;0;2;8;1;1;
202000028021;154 692 999;C01;3;7;0;2;3;1;1;
202000028021;154 693 000;B01;3;7;0;2;6;1;1;
202000028021;154 693 001;A01;3;7;0;2;3;17;1;
202000028022;154 692 998;A01;2;7;0;1;3;26;1;
202000028023;154 692 996;B01;1;2;0;0;8;1;1;
202000028023;154 692 997;A01;1;7;0;2;1;1;0;
202000028024;154 692 994;B01;1;33;0;2;1;2;1;
202000028024;154 692 995;A01;1;7;0;2;3;9;1;
202000028025;154 692 992;A01;-1;7;0;2;4;23;1;
202000028025;154 692 993;B01;-1;7;0;2;1;0;1;
202000028026;154 692 990;B01;-1;15;0;2;6;10;1;
202000028026;154 692 991;A01;-1;7;0;2;1;19;0;
202000028027;154 692 988;A01;3;1;0;2;1;19;0;
202000028027;154 692 989;B01;3;7;0;2;1;15;1;
202000028028;154 692 986;B01;1;33;0;1;1;23;1;
202000028028;154 692 987;A01;1;7;0;2;1;1;1;
202000028029;154 692 985;A01;1;30;0;0;0;19;1;
202000028030;154 692 984;A01;0;7;0;1;3;1;0;
202000028031;154 692 981;C01;2;7;0;2;2;1;1;
202000028031;154 692 982;B01;2;33;1;2;1;18;1;
202000028031;154 692 983;A01;2;7;1;2;3;22;1;
202000028032;154 692 979;B01;1;7;0;0;5;2;0;
202000028032;154 692 980;A01;1;33;0;2;1;3;1;
202000028033;154 692 978;A01;0;7;0;1;1;0;1;
202000028034;154 692 976;A01;2;15;0;2;3;1;1;
202000028034;154 692 977;B01;1;7;0;2;3;13;1;
202000028035;154 692 974;A01;1;17;1;0;2;1;1;
202000028035;154 692 975;B01;1;7;0;2;4;23;1;
202000028036;154 692 972;B01;2;7;0;2;1;1;1;
202000028036;154 692 973;A01;2;2;0;2;1;15;1;
202000028037;154 692 970;A01;2;7;0;2;3;0;1;
202000028037;154 692 971;B01;1;7;0;2;3;0;1;
202000028038;154 692 969;A01;1;7;3;0;2;1;1;
202000028039;154 692 967;B01;2;7;0;2;4;16;0;
202000028039;154 692 968;A01;2;33;0;2;1;2;0;
202000028040;154 692 965;A01;1;7;0;2;1;19;6;
202000028040;154 692 966;B01;1;15;0;0;8;1;6;
202000028041;154 692 963;A01;1;10;0;2;2;19;1;
202000028041;154 692 964;B01;2;7;0;2;2;1;1;
202000028042;154 692 961;A01;0;10;0;2;2;16;1;
202000028042;154 692 962;B01;0;1;0;2;1;1;5;
202000028043;154 692 960;A01;1;7;8;0;4;17;1;
202000028044;154 692 959;A01;1;7;0;1;1;17;1;
202000028045;154 692 958;A01;1;7;6;0;8;13;1;
202000028046;154 692 957;A01;1;7;0;0;0;14;1;
202000028047;154 692 956;A01;1;7;0;1;2;1;1;
202000028048;154 692 955;A01;1;7;13;0;1;1;1;
202000028049;154 692 954;A01;2;7;13;0;1;0;1;
202000028050;154 692 953;A01;3;7;0;1;3;1;1;
202000028051;154 692 951;B01;1;7;0;2;3;1;1;
202000028051;154 692 952;A01;2;99;0;2;0;1;1;
202000028052;154 692 950;A01;2;7;2;0;1;0;1;
202000028053;154 692 947;A01;2;7;0;2;1;2;1;
202000028053;154 692 948;B01;2;7;0;2;4;2;1;
202000028053;154 692 949;C01;2;7;0;2;4;2;1;
202000028054;154 692 945;A01;1;3;0;2;3;13;1;
202000028054;154 692 946;B01;1;2;0;2;1;1;1;
202000028055;154 692 943;A01;1;21;0;2;4;2;0;
202000028055;154 692 944;B01;1;7;0;2;1;2;0;
202000028056;154 692 937;A01;0;7;8;2;2;17;1;
202000028056;154 692 938;B01;0;7;8;2;4;1;1;
202000028057;154 692 936;A01;1;7;0;1;1;19;1;
202000028058;154 692 935;A01;3;2;0;0;0;1;1;
202000028059;154 692 934;A01;2;7;3;0;0;1;1;
202000028060;154 692 932;A01;2;14;0;2;7;15;1;
202000028060;154 692 933;B01;1;2;0;2;1;1;1;
202000028061;154 692 931;A01;1;17;1;1;4;4;1;
202000028062;154 692 930;A01;1;7;0;1;1;1;1;
202000028063;154 692 928;A01;1;17;0;2;3;1;1;
202000028063;154 692 929;B01;1;7;0;2;2;1;1;
202000028064;154 692 927;A01;3;7;0;1;3;15;1;
202000028065;154 692 924;A01;2;7;0;1;3;1;1;
202000028066;154 692 920;A01;1;7;0;2;6;15;1;
202000028066;154 692 921;B01;1;33;0;2;1;17;1;
202000028067;154 692 918;A01;1;7;0;2;3;1;1;
202000028067;154 692 919;B01;1;33;0;2;1;1;1;
202000028068;154 692 916;B01;1;2;0;2;8;1;1;
202000028068;154 692 917;A01;1;15;0;2;7;17;1;
202000028069;154 692 915;A01;2;7;8;0;7;13;1;
202000028070;154 692 913;B01;1;7;0;2;1;1;1;
202000028070;154 692 914;A01;2;33;0;6;1;1;1;
202000028071;154 692 911;B01;1;7;0;2;1;1;1;
202000028071;154 692 912;A01;3;3;0;2;7;9;1;
202000028072;154 692 907;B01;1;7;0;2;1;1;1;
202000028072;154 692 908;A01;1;7;0;0;4;1;1;
202000028073;154 692 905;B01;2;7;0;2;2;11;1;
202000028073;154 692 906;A01;2;7;0;2;6;2;1;
202000028074;154 692 904;A01;2;7;0;0;1;2;1;
202000028075;154 692 903;A01;2;7;6;0;1;1;1;
202000028076;154 692 901;A01;2;7;0;2;1;7;1;
202000028076;154 692 902;B01;2;37;0;2;3;7;1;1
202000028077;154 692 899;B01;2;7;0;2;5;1;1;
202000028077;154 692 900;A01;2;16;0;2;3;11;1;
202000028078;154 692 898;A01;1;10;14;0;2;1;1;
202000028079;154 692 897;A01;2;7;4;0;9;14;1;
202000028080;154 692 896;A01;2;7;4;0;3;0;1;
202000028081;154 692 895;A01;2;33;0;0;1;3;1;
202000028082;154 692 893;B01;1;7;3;2;8;2;1;
202000028082;154 692 894;A01;2;7;0;2;2;1;1;
202000028083;154 692 891;B01;1;7;3;0;1;1;1;
202000028083;154 692 892;A01;1;7;0;2;1;1;1;
202000028084;154 692 889;B01;2;7;0;2;1;0;1;
202000028084;154 692 890;A01;2;7;3;0;1;0;1;
202000028085;154 692 887;B01;2;31;0;2;4;2;1;
202000028085;154 692 888;A01;2;7;0;2;3;2;1;
202000028086;154 692 886;A01;1;7;0;1;1;1;1;
202000028087;154 692 885;A01;1;7;0;1;1;1;1;
202000028088;154 692 884;Z01;2;31;0;1;0;0;1;
202000028089;154 692 882;B01;1;33;0;2;1;1;1;
202000028089;154 692 883;A01;1;7;0;2;8;1;1;
202000028090;154 692 878;C01;1;7;0;2;9;2;1;
202000028090;154 692 879;B01;1;7;0;2;9;2;1;
202000028090;154 692 880;A01;1;7;0;2;1;2;1;
202000028090;154 692 881;D01;1;7;0;2;4;23;1;
202000028091;154 692 877;A01;1;7;0;1;4;20;1;
202000028092;154 692 875;B01;1;1;0;2;1;1;5;
202000028092;154 692 876;A01;1;7;0;9;1;1;1;
202000028093;154 692 874;A01;1;7;0;1;2;1;1;
202000028094;154 692 873;A01;1;7;5;0;3;0;0;
202000028095;154 692 872;A01;3;7;0;1;1;1;1;
202000028096;154 692 869;C01;1;17;0;2;1;21;1;
202000028096;154 692 870;A01;1;14;0;2;1;2;1;
202000028096;154 692 871;B01;1;7;0;2;4;1;1;
202000028097;154 692 868;A01;1;1;9;0;1;1;5;
202000028098;154 692 866;A01;1;7;0;2;2;1;1;
202000028098;154 692 867;B01;2;7;0;2;1;1;1;
202000028099;154 692 864;A01;3;7;0;2;2;15;1;
202000028099;154 692 865;B01;1;2;0;2;1;1;1;
202000028100;154 692 863;A01;1;7;0;1;2;16;1;
202000028101;154 692 859;D01;1;7;0;2;1;15;6;
202000028101;154 692 860;A01;0;7;0;2;1;15;6;
202000028101;154 692 861;B01;1;7;0;2;1;2;1;
202000028101;154 692 862;C01;1;7;0;2;1;1;0;
202000028102;154 692 858;A01;3;7;1;1;4;4;1;
202000028103;154 692 856;B01;1;7;0;2;1;1;0;
202000028103;154 692 857;A01;2;7;0;2;5;13;0;
202000028104;154 692 854;A01;2;7;0;2;1;9;1;
202000028104;154 692 855;B01;2;7;0;2;1;1;1;
202000028105;154 692 852;B01;1;7;0;2;1;0;1;
202000028105;154 692 853;A01;1;7;0;2;4;26;1;
202000028106;154 692 850;A01;1;7;0;2;7;15;1;
202000028106;154 692 851;B01;2;2;0;2;1;1;1;
202000028107;154 692 848;A01;2;7;0;2;3;1;1;
202000028107;154 692 849;B01;2;1;0;2;1;1;5;
202000028108;154 692 847;A01;1;10;0;1;1;9;1;
202000028109;154 692 845;B01;2;43;0;2;1;1;1;
202000028109;154 692 846;A01;1;7;0;2;1;15;1;
202000028110;154 692 843;A01;1;7;0;2;2;16;1;
202000028110;154 692 844;B01;2;1;0;2;1;1;5;
202000028111;154 692 841;B01;1;7;0;2;5;15;1;
202000028111;154 692 842;A01;1;10;0;2;1;2;1;
202000028112;154 692 840;A01;1;7;0;1;1;1;1;
202000028113;154 692 838;B01;3;7;0;2;3;1;1;
202000028113;154 692 839;A01;3;7;0;2;6;9;1;
202000028114;154 692 836;A01;1;7;2;0;2;16;1;
202000028115;154 692 834;B01;1;7;0;2;8;1;1;
202000028115;154 692 835;A01;1;2;0;2;2;17;1;
202000028116;154 692 832;A01;2;7;0;2;2;15;1;
202000028116;154 692 833;B01;1;7;0;2;2;2;1;
202000028117;154 692 831;A01;1;32;0;2;4;1;1;
202000028118;154 692 829;B01;0;7;0;2;4;2;1;
202000028118;154 692 830;A01;0;7;0;2;2;2;1;
202000028119;154 692 827;B01;1;7;0;2;4;1;0;
202000028119;154 692 828;A01;1;7;0;2;1;2;1;
202000028120;154 692 824;B01;2;31;0;2;1;2;1;
202000028120;154 692 825;A01;2;33;0;2;1;2;1;
202000028120;154 692 826;C01;1;10;0;2;7;10;1;
202000028121;154 692 822;B01;1;7;0;2;5;15;1;
202000028121;154 692 823;Z01;1;7;0;2;0;0;0;
202000028122;154 692 820;B01;1;7;0;2;7;1;1;
202000028122;154 692 821;A01;1;10;0;2;1;1;1;
202000028123;154 692 818;B01;1;7;0;2;1;1;1;
202000028123;154 692 819;A01;2;7;0;2;3;9;1;
202000028124;154 692 817;A01;3;7;12;0;1;9;1;
202000028125;154 692 815;B01;2;7;0;2;3;1;1;
202000028125;154 692 816;A01;1;7;0;2;3;1;1;
202000028126;154 692 812;A01;0;20;0;1;1;1;-1;
202000028127;154 692 810;B01;1;7;0;2;1;1;0;
202000028127;154 692 811;A01;1;7;15;2;6;15;0;
202000028128;154 692 808;A01;3;7;0;2;1;1;1;
202000028128;154 692 809;B01;3;10;0;2;2;1;1;
202000028129;154 692 807;A01;3;7;6;0;6;14;1;
202000028130;154 692 805;A01;1;7;0;2;3;11;1;
202000028130;154 692 806;B01;1;34;0;2;4;1;1;
202000028131;154 692 803;Z01;2;33;0;2;6;11;1;
202000028131;154 692 804;A01;2;32;0;2;1;3;1;
202000028132;154 692 800;B01;2;33;0;2;3;1;1;
202000028132;154 692 801;A01;2;33;0;2;7;12;1;
202000028132;154 692 802;C01;2;10;0;2;7;1;1;
202000028133;154 692 798;B01;2;10;0;2;7;1;1;
202000028133;154 692 799;A01;2;33;0;2;8;11;1;
202000028134;154 692 796;B01;1;7;0;2;7;1;1;
202000028134;154 692 797;A01;1;32;0;2;8;3;1;
202000028135;154 692 794;A01;1;7;0;2;4;2;1;
202000028135;154 692 795;Z01;1;7;0;2;1;2;0;
202000028136;154 692 792;A01;1;7;0;2;2;15;1;
202000028136;154 692 793;B01;2;80;0;2;1;1;3;
202000028137;154 692 791;A01;1;1;0;1;1;7;5;
202000028138;154 692 789;A01;1;7;0;2;3;1;1;
202000028138;154 692 790;B01;2;7;0;2;2;15;1;
202000028139;154 692 787;B01;2;7;0;2;2;16;1;
202000028139;154 692 788;A01;2;30;0;2;1;18;1;
202000028140;154 692 786;A01;1;33;0;1;1;7;1;
202000028141;154 692 783;C01;1;7;0;2;4;24;1;
202000028141;154 692 784;A01;1;7;0;2;1;2;1;
202000028141;154 692 785;B01;1;33;0;2;4;23;1;
202000028142;154 692 782;A01;2;30;0;1;1;1;1;
202000028143;154 692 781;A01;2;31;0;1;1;1;1;
202000028144;154 692 779;A01;1;33;0;2;1;8;1;
202000028144;154 692 780;B01;2;31;0;2;7;15;1;
202000028145;154 692 777;B01;1;33;0;2;1;1;1;
202000028145;154 692 778;A01;2;10;0;2;8;1;1;
202000028146;154 692 776;A01;2;7;0;1;6;4;1;
202000028147;154 692 774;A01;1;33;0;2;3;1;1;
202000028147;154 692 775;Z01;1;30;0;2;0;14;0;
202000028148;154 692 773;A01;2;33;0;1;1;1;1;
202000028149;154 692 772;A01;0;7;11;0;3;15;1;
202000028150;154 692 771;A01;3;60;12;0;1;25;5;
202000028151;154 692 769;B01;1;1;0;2;2;1;5;
202000028151;154 692 770;A01;1;7;0;2;8;22;1;
202000028152;154 692 768;A01;1;10;1;0;1;14;1;
202000028153;154 692 766;B01;1;1;0;2;0;1;5;
202000028153;154 692 767;A01;2;50;0;2;1;12;3;
202000028154;154 692 764;B01;1;1;0;2;0;17;5;
202000028154;154 692 765;A01;1;7;0;2;3;22;2;
202000028155;154 692 763;Z01;1;31;0;1;0;1;0;
202000028156;154 692 762;A01;2;13;0;1;2;1;1;
202000028157;154 692 760;B01;1;33;0;2;0;17;1;
202000028157;154 692 761;A01;1;10;0;2;3;15;1;
202000028158;154 692 759;A01;1;1;0;1;1;1;5;
202000028159;154 692 758;A01;2;7;0;1;1;1;1;
202000028160;154 692 756;A01;1;7;0;2;1;1;1;
202000028160;154 692 757;B01;1;7;0;2;4;1;1;
202000028161;154 692 754;B01;1;7;0;2;1;1;1;
202000028161;154 692 755;A01;1;7;0;2;1;26;1;
202000028162;154 692 753;A01;2;50;0;0;0;0;3;
202000028163;154 692 752;A01;2;7;0;1;2;26;1;
202000028164;154 692 750;B01;3;7;0;2;0;0;1;
202000028164;154 692 751;A01;3;7;0;2;4;1;1;
202000028165;154 692 748;A01;3;7;0;2;1;15;1;
202000028165;154 692 749;B01;1;7;0;2;1;26;1;
202000028166;154 692 746;A01;1;7;0;2;1;1;1;
202000028166;154 692 747;B01;2;43;0;2;1;17;1;
202000028167;154 692 744;A01;-1;7;0;2;3;23;1;
202000028167;154 692 745;B01;-1;34;0;2;1;7;1;
202000028168;154 692 742;B01;0;7;0;2;1;2;1;
202000028168;154 692 743;A01;0;7;0;2;4;23;1;
202000028169;154 692 741;A01;1;37;0;1;2;15;1;1
202000028170;154 692 739;A01;1;7;0;2;6;11;1;
202000028170;154 692 740;B01;1;33;0;2;7;17;1;
202000028171;154 692 738;A01;1;10;0;1;3;1;6;
202000028172;154 692 737;A01;1;7;0;1;1;1;1;
202000028173;154 692 735;B01;3;37;0;2;7;26;1;2
202000028173;154 692 736;A01;3;37;0;2;3;20;1;1
202000028174;154 692 733;B01;-1;7;0;2;2;19;1;
202000028174;154 692 734;A01;-1;32;0;2;1;26;1;
202000028175;154 692 732;A01;1;80;1;0;5;1;3;
202000028176;154 692 730;A01;2;0;1;0;4;9;0;
202000028176;154 692 731;B01;2;32;1;0;1;1;1;
202000028177;154 692 728;A01;2;7;0;2;3;15;1;
202000028177;154 692 729;B01;1;33;0;2;1;1;1;
202000028178;154 692 726;B01;1;99;0;0;1;2;0;
202000028178;154 692 727;A01;1;7;0;0;0;24;0;
202000028179;154 692 724;B01;2;7;0;2;3;15;1;
202000028179;154 692 725;A01;2;30;0;2;1;1;1;
202000028180;154 692 722;B01;1;32;0;2;8;1;1;
202000028180;154 692 723;Z01;1;7;0;2;7;12;0;
202000028181;154 692 720;B01;2;10;0;2;3;2;0;
202000028181;154 692 721;A01;2;7;0;2;5;23;0;
202000028182;154 692 718;B01;2;2;0;2;7;1;1;
202000028182;154 692 719;A01;1;7;0;2;3;1;1;
202000028183;154 692 716;B01;2;33;0;2;1;1;1;
202000028183;154 692 717;A01;1;7;0;2;2;15;1;
202000028184;154 692 712;A01;2;7;0;2;3;1;1;
202000028184;154 692 713;B01;1;17;3;2;3;6;1;
202000028185;154 692 710;A01;1;7;0;2;1;13;1;
202000028185;154 692 711;B01;2;7;0;2;3;1;6;
202000028186;154 692 708;B01;1;15;0;2;2;1;1;
202000028186;154 692 709;A01;2;7;0;2;3;0;1;
202000028187;154 692 707;A01;1;7;8;0;9;0;1;
202000028188;154 692 706;A01;2;7;13;0;1;1;1;
202000028189;154 692 704;B01;1;7;0;2;3;1;1;
202000028189;154 692 705;A01;2;7;0;2;3;13;1;
202000028190;154 692 703;A01;1;7;2;0;3;19;1;
202000028191;154 692 701;A01;1;10;8;2;7;19;1;
202000028191;154 692 702;B01;2;10;8;2;1;1;1;
202000028192;154 692 699;B01;2;33;0;2;1;1;1;
202000028192;154 692 700;A01;3;10;0;2;8;17;1;
202000028193;154 692 697;B01;2;33;0;2;1;1;1;
202000028193;154 692 698;A01;2;7;0;2;5;15;1;
202000028194;154 692 695;B01;2;7;0;2;1;1;1;
202000028194;154 692 696;A01;1;7;0;2;1;13;1;
202000028195;154 692 694;A01;2;7;2;0;1;1;1;
202000028196;154 692 691;C01;1;17;0;2;8;2;1;
202000028196;154 692 692;B01;1;7;0;2;1;17;1;
202000028196;154 692 693;A01;2;7;3;2;1;5;1;
202000028197;154 692 689;A01;1;7;13;2;2;13;0;
202000028197;154 692 690;B01;1;7;13;2;3;0;0;
202000028198;154 692 687;B01;1;10;0;2;1;2;1;
202000028198;154 692 688;A01;1;7;0;0;4;0;1;
202000028199;154 692 685;A01;1;7;0;2;1;1;1;
202000028199;154 692 686;B01;1;1;0;0;4;1;5;
202000028200;154 692 683;B01;2;3;0;2;3;1;1;
202000028200;154 692 684;A01;1;7;0;2;1;1;1;
202000028201;154 692 681;B01;1;7;0;2;1;1;1;
202000028201;154 692 682;A01;2;7;0;2;1;1;1;
202000028202;154 692 680;A01;2;7;2;0;3;1;1;
202000028203;154 692 678;B01;2;14;0;2;1;1;1;
202000028203;154 692 679;A01;1;7;0;2;1;1;1;
202000028204;154 692 676;B01;0;7;0;2;3;15;1;
202000028204;154 692 677;A01;0;2;12;0;3;1;1;
202000028205;154 692 675;A01;3;36;0;0;0;4;1;
202000028206;154 692 673;A01;3;7;0;1;2;1;1;
202000028207;154 692 672;A01;2;3;7;0;1;13;1;
202000028208;154 692 671;A01;1;7;0;1;3;1;1;
202000028209;154 692 669;B01;1;7;0;0;4;1;1;
202000028209;154 692 670;A01;1;2;0;2;1;1;1;
202000028210;154 692 667;B01;2;7;0;2;4;2;1;
202000028210;154 692 668;A01;2;7;0;2;1;2;1;
202000028211;154 692 666;A01;1;7;0;1;1;2;1;
202000028212;154 692 663;A01;2;7;0;1;8;15;1;
202000028213;154 692 662;A01;2;7;15;0;2;1;1;
202000028214;154 692 659;B01;1;7;0;2;1;2;1;
202000028214;154 692 660;C01;1;7;0;2;9;2;1;
202000028214;154 692 661;A01;1;7;0;2;4;23;1;
202000028215;154 692 656;C01;1;10;0;2;5;1;1;
202000028215;154 692 657;B01;1;33;0;2;2;3;1;
202000028215;154 692 658;A01;1;7;0;2;6;11;1;
202000028216;154 692 654;A01;3;33;0;2;1;3;1;
202000028216;154 692 655;B01;3;7;0;2;7;2;1;
202000028217;154 692 652;A01;2;7;0;2;1;2;1;
202000028217;154 692 653;B01;2;7;0;2;4;2;1;
202000028218;154 692 650;A01;1;34;0;2;3;2;1;
202000028218;154 692 651;B01;1;34;0;2;5;1;1;
202000028219;154 692 649;A01;2;10;3;0;1;13;1;
202000028220;154 692 647;A01;1;7;0;2;8;18;1;
202000028220;154 692 648;B01;0;38;0;2;2;2;1;1
202000028221;154 692 645;B01;1;7;0;2;4;1;1;
202000028221;154 692 646;A01;1;7;0;2;1;2;1;
202000028222;154 692 643;A01;1;7;0;2;1;1;1;
202000028222;154 692 644;B01;1;7;0;2;7;2;2;
202000028223;154 692 641;A01;1;33;0;2;1;21;1;
202000028223;154 692 642;B01;1;7;0;0;4;0;1;
202000028224;154 692 639;A01;2;34;0;2;1;13;1;
202000028224;154 692 640;B01;2;7;0;2;6;11;1;
202000028225;154 692 638;A01;1;7;0;0;1;26;1;
202000028226;154 692 634;A01;1;7;0;0;0;9;1;
202000028226;154 692 635;B01;1;7;3;2;9;11;1;
202000028226;154 692 636;D01;1;7;0;2;9;0;1;
202000028226;154 692 637;C01;1;7;0;2;9;0;1;
202000028227;154 692 632;B01;2;33;0;2;8;1;1;
202000028227;154 692 633;A01;2;7;0;2;2;14;1;
202000028228;154 692 629;A01;2;7;0;2;1;2;1;
202000028228;154 692 630;B01;2;7;14;0;4;2;1;
202000028229;154 692 628;A01;1;7;8;0;1;25;1;
202000028230;154 692 627;A01;1;7;0;1;1;15;1;
202000028231;154 692 625;B01;1;7;0;2;8;1;1;
202000028231;154 692 626;A01;2;7;0;2;8;5;1;
202000028232;154 692 623;A01;2;7;0;2;3;22;1;
202000028232;154 692 624;B01;2;1;1;0;2;0;5;
202000028233;154 692 621;B01;1;34;0;2;2;1;1;
202000028233;154 692 622;A01;1;7;0;2;3;11;1;
202000028234;154 692 620;A01;1;7;0;1;1;1;1;
202000028235;154 692 619;A01;1;1;0;5;1;1;5;
202000028236;154 692 617;B01;2;15;0;2;4;2;1;
202000028236;154 692 618;A01;1;14;0;2;1;1;1;
202000028237;154 692 615;A01;0;1;0;2;1;15;5;
202000028237;154 692 616;B01;0;7;0;2;3;1;1;
202000028238;154 692 614;A01;1;7;0;1;3;1;1;
202000028239;154 692 612;B01;1;7;0;2;4;2;0;
202000028239;154 692 613;A01;1;7;0;2;1;2;0;
202000028240;154 692 609;A01;1;7;0;2;1;1;0;
202000028240;154 692 610;C01;2;7;0;2;1;0;0;
202000028240;154 692 611;B01;2;7;0;2;1;9;0;
202000028241;154 692 608;A01;3;7;2;0;1;1;1;
202000028242;154 692 606;A01;0;7;8;2;5;15;1;
202000028242;154 692 607;B01;0;7;0;2;2;1;1;
202000028243;154 692 604;B01;1;2;0;2;4;2;1;
202000028243;154 692 605;A01;1;7;0;2;1;2;1;
202000028244;154 692 601;A01;0;7;0;2;1;2;1;
202000028244;154 692 602;C01;0;7;0;2;4;2;1;
202000028244;154 692 603;B01;0;7;0;2;4;2;1;
202000028245;154 692 600;A01;1;7;0;1;2;26;1;
202000028246;154 692 598;B01;1;10;0;2;8;15;1;
202000028246;154 692 599;A01;1;32;0;2;7;17;1;
202000028247;154 692 596;B01;2;10;0;2;1;1;1;
202000028247;154 692 597;A01;1;32;0;2;2;15;1;
202000028248;154 692 594;A01;2;1;0;2;8;2;5;
202000028248;154 692 595;B01;2;7;0;2;7;2;1;
202000028249;154 692 592;A01;2;7;0;2;8;15;1;
202000028249;154 692 593;B01;2;2;0;2;2;17;1;
202000028250;154 692 590;B01;2;7;0;2;7;1;1;
202000028250;154 692 591;A01;1;30;0;2;1;15;1;
202000028251;154 692 587;A01;1;7;0;2;5;1;1;
202000028251;154 692 588;B01;1;10;0;2;5;1;1;
202000028251;154 692 589;C01;1;7;0;2;3;1;1;
202000028252;154 692 585;A01;1;7;0;2;1;1;1;
202000028252;154 692 586;B01;1;10;0;2;4;1;1;
202000028253;154 692 583;B01;1;10;0;2;2;0;1;
202000028253;154 692 584;A01;1;7;0;2;1;1;1;
202000028254;154 692 582;A01;1;3;0;1;2;13;0;
202000028255;154 692 581;A01;0;7;0;1;1;15;1;
202000028256;154 692 579;A01;1;7;0;1;3;15;1;