num_acc;id_vehicule;num_veh;senc;catv;obs;obsm;choc;manv;motor;occutc
202000029109;154 691 097;B01;3;7;0;2;8;1;1;
202000029110;154 691 094;B01;2;50;0;2;7;1;3;
202000029110;154 691 095;A01;2;10;0;2;1;1;1;
202000029111;154 691 093;A01;1;50;0;1;1;25;3;
202000029112;154 691 091;A01;2;1;0;2;7;1;5;
202000029112;154 691 092;B01;2;7;0;2;3;1;2;
202000029113;154 691 089;A01;1;7;0;2;8;15;1;
202000029113;154 691 090;B01;1;33;0;2;1;17;1;
202000029114;154 691 088;A01;2;7;0;1;3;1;1;
202000029115;154 691 086;B01;1;1;0;2;7;9;5;
202000029115;154 691 087;A01;2;7;0;2;1;16;1;
202000029116;154 691 085;A01;1;32;0;1;1;1;1;
202000029117;154 691 083;B01;0;32;0;2;2;3;1;
202000029117;154 691 084;A01;1;7;0;2;3;11;1;
202000029118;154 691 082;A01;3;1;12;0;8;13;5;
202000029119;154 691 081;A01;2;7;0;1;7;1;1;
202000029120;154 691 080;A01;1;50;0;1;8;1;3;
202000029121;154 691 078;A01;1;30;0;2;1;15;1;
202000029121;154 691 079;B01;2;30;0;2;1;1;1;
202000029122;154 691 076;B01;2;7;0;2;7;1;1;
202000029122;154 691 077;A01;2;30;0;2;8;18;1;
202000029123;154 691 074;B01;1;32;0;2;3;1;1;
202000029123;154 691 075;A01;1;10;0;2;1;15;1;
202000029124;154 691 072;B01;3;80;0;2;1;11;3;
202000029124;154 691 073;A01;3;7;0;2;1;1;0;
202000029125;154 691 071;A01;1;7;0;1;3;1;0;
202000029126;154 691 070;A01;3;7;0;1;3;21;1;
202000029127;154 691 068;A01;2;30;0;2;7;2;1;
202000029127;154 691 069;B01;1;13;0;2;2;16;1;
202000029128;154 691 067;A01;-1;7;13;0;1;1;1;
202000029129;154 691 064;A01;1;7;0;2;1;15;0;
202000029129;154 691 065;B01;1;31;0;2;1;1;0;
202000029130;154 691 062;A01;0;7;0;2;1;3;0;
202000029130;154 691 063;B01;0;7;0;2;1;23;1;
202000029131;154 691 061;A01;2;2;0;0;0;1;1;
202000029132;154 691 060;A01;2;30;1;0;3;16;0;
202000029133;154 691 058;A01;1;7;0;2;2;15;1;
202000029133;154 691 059;B01;2;7;0;2;8;1;1;
202000029134;154 691 056;A01;3;7;0;2;2;21;1;
202000029134;154 691 057;B01;1;30;0;2;5;26;1;
202000029135;154 691 054;B01;1;33;0;2;3;0;6;
202000029135;154 691 055;A01;1;30;0;2;1;0;6;
202000029136;154 691 053;A01;1;2;0;0;0;2;1;
202000029137;154 691 051;B01;1;33;0;0;4;1;1;
202000029137;154 691 052;A01;1;33;0;2;1;2;1;
202000029138;154 691 050;A01;1;7;0;9;1;1;1;
202000029139;154 691 049;A01;1;7;0;6;1;21;1;
202000029140;154 691 048;A01;2;36;13;0;2;1;1;
202000029141;154 691 046;A01;1;1;0;2;1;1;6;
202000029141;154 691 047;B01;1;13;0;9;2;1;1;
202000029142;154 691 045;A01;2;21;13;0;0;1;1;
202000029143;154 691 044;A01;0;2;1;0;1;16;1;
202000029144;154 691 042;A01;2;7;0;2;2;13;1;
202000029144;154 691 043;B01;1;7;0;2;1;1;1;
202000029145;154 691 040;A01;2;10;0;2;2;19;1;
202000029145;154 691 041;B01;2;1;0;2;1;1;5;
202000029146;154 691 038;A01;1;7;0;2;2;1;1;
202000029146;154 691 039;B01;1;2;0;2;1;15;1;
202000029147;154 691 036;A01;3;2;0;2;2;5;1;
202000029147;154 691 037;B01;3;7;0;2;2;5;1;
202000029148;154 691 035;A01;0;32;16;0;0;21;1;
202000029149;154 691 034;A01;1;7;14;0;3;26;1;
202000029150;154 691 032;B01;2;15;0;2;4;1;1;
202000029150;154 691 033;A01;2;7;0;2;3;1;1;
202000029151;154 691 031;A01;2;7;2;0;8;17;1;
202000029152;154 691 030;A01;1;13;0;0;1;1;1;
202000029153;154 691 029;A01;1;7;8;0;1;1;1;
202000029154;154 691 028;A01;1;7;2;0;1;0;1;
202000029155;154 691 026;A01;2;7;0;2;8;2;1;
202000029155;154 691 027;B01;2;1;0;2;7;2;5;
202000029156;154 691 024;C01;2;7;-1;2;8;19;1;
202000029156;154 691 025;B01;2;15;0;2;7;1;1;
202000029157;154 691 021;C01;1;7;0;0;0;16;1;
202000029157;154 691 022;B01;2;7;0;2;3;1;1;
202000029157;154 691 023;A01;1;7;0;2;3;13;1;
202000029158;154 691 020;A01;1;7;0;0;1;26;1;
202000029159;154 691 018;B01;2;7;0;9;3;1;1;
202000029159;154 691 019;A01;1;1;0;2;3;1;5;
202000029160;154 691 016;A01;2;7;0;1;9;1;1;
202000029160;154 691 017;B01;1;7;0;2;1;15;1;
202000029161;154 691 014;B01;1;2;0;9;8;1;1;
202000029161;154 691 015;A01;1;1;0;2;8;15;5;
202000029162;154 691 012;B01;1;33;0;2;1;17;1;
202000029162;154 691 013;A01;1;7;0;2;3;15;1;
202000029163;154 691 010;A01;2;7;0;2;8;17;1;
202000029163;154 691 011;B01;1;33;0;2;8;21;1;
202000029164;154 691 008;B01;2;7;0;2;6;19;0;
202000029164;154 691 009;A01;1;33;0;2;1;1;0;
202000029165;154 691 006;B01;2;1;0;2;8;1;5;
202000029165;154 691 007;A01;2;7;0;2;7;16;0;
202000029166;154 691 004;A01;2;10;0;2;7;19;1;
202000029166;154 691 005;B01;2;7;0;2;1;1;1;
202000029167;154 691 001;B01;0;41;0;2;1;1;1;
202000029167;154 691 002;A01;2;16;0;9;3;26;6;
202000029168;154 690 998;A01;2;7;0;2;1;1;1;
202000029168;154 690 999;B01;1;2;0;2;1;1;1;
202000029169;154 690 996;A01;1;2;0;2;8;15;1;
202000029169;154 690 997;B01;1;2;0;2;1;17;1;
202000029170;154 690 994;A01;2;7;0;2;2;1;1;
202000029170;154 690 995;B01;2;1;0;2;4;1;5;
202000029171;154 690 993;A01;3;7;6;0;1;1;0;
202000029172;154 690 991;A01;3;7;0;2;3;1;1;
202000029172;154 690 992;B01;3;36;0;2;1;1;1;
202000029173;154 690 990;A01;1;7;0;1;1;1;1;
202000029174;154 690 988;B01;3;7;0;2;1;1;1;
202000029174;154 690 989;A01;2;7;0;2;3;1;1;
202000029175;154 690 986;A01;1;2;0;2;7;17;1;
202000029175;154 690 987;B01;1;21;0;2;3;15;1;
202000029176;154 690 984;A01;1;7;0;2;7;15;1;
202000029176;154 690 985;B01;2;33;0;2;1;1;1;
202000029177;154 690 982;A01;2;7;0;2;8;0;1;
202000029177;154 690 983;B01;1;1;0;2;8;26;5;
202000029178;154 690 981;A01;1;33;0;0;7;1;1;
202000029179;154 690 979;B01;1;32;0;2;1;1;1;
202000029179;154 690 980;A01;1;7;0;2;4;1;0;
202000029180;154 690 978;A01;2;7;0;1;1;9;1;
202000029181;154 690 977;A01;1;7;4;0;1;26;1;
202000029182;154 690 973;A01;1;7;0;2;1;15;1;
202000029182;154 690 974;B01;2;32;0;2;1;1;1;
202000029183;154 690 971;A01;3;7;0;2;2;1;1;
202000029183;154 690 972;B01;3;7;0;2;3;1;1;
202000029184;154 690 968;B01;2;7;0;2;1;1;1;
202000029184;154 690 969;A01;1;7;13;2;7;15;1;
202000029185;154 690 966;A01;1;7;3;2;1;1;0;
202000029185;154 690 967;B01;1;7;0;2;4;12;0;
202000029186;154 690 965;A01;1;7;6;0;1;21;1;
202000029187;154 690 963;A01;1;33;0;2;7;1;1;
202000029187;154 690 964;B01;1;7;0;2;3;9;1;
202000029188;154 690 962;A01;2;1;0;0;9;1;2;
202000029189;154 690 961;A01;3;2;0;0;0;1;1;
202000029190;154 690 959;B01;2;7;0;2;8;1;1;
202000029190;154 690 960;A01;1;2;0;2;7;1;1;
202000029191;154 690 957;B01;2;33;0;2;1;26;1;
202000029191;154 690 958;A01;1;10;0;2;5;15;1;
202000029192;154 690 955;B01;1;33;0;2;1;1;0;
202000029192;154 690 956;A01;2;10;0;2;1;15;0;
202000029193;154 690 954;A01;2;7;3;0;3;13;1;
202000029194;154 690 951;A01;1;10;4;2;5;1;1;
202000029194;154 690 952;B01;1;17;0;2;2;1;1;
202000029194;154 690 953;Z01;1;10;0;2;0;0;0;
202000029195;154 690 946;D01;1;10;0;2;4;1;1;
202000029195;154 690 947;C01;1;7;0;2;6;1;1;
202000029195;154 690 948;B01;1;7;0;2;3;1;1;
202000029195;154 690 949;A01;1;7;3;2;0;2;1;
202000029195;154 690 950;E01;1;7;0;2;5;1;0;
202000029196;154 690 944;A01;1;7;0;2;7;1;1;
202000029196;154 690 945;B01;1;33;0;2;8;3;1;
202000029197;154 690 940;A01;2;7;0;2;1;2;1;
202000029197;154 690 941;B01;2;7;0;2;4;2;1;
202000029197;154 690 942;C01;2;7;0;2;4;2;1;
202000029197;154 690 943;D01;2;7;0;2;4;2;1;
202000029198;154 690 938;A01;1;14;0;2;8;12;1;
202000029198;154 690 939;B01;1;7;0;2;8;26;1;
202000029199;154 690 937;A01;1;30;0;1;2;1;1;
202000029200;154 690 936;A01;1;7;0;1;3;26;0;
202000029201;154 690 935;A01;1;10;13;0;7;1;1;
202000029202;154 690 933;A01;1;7;0;2;2;1;1;
202000029202;154 690 934;B01;1;1;0;2;4;1;5;
202000029203;154 690 931;A01;1;7;0;9;1;15;6;
202000029203;154 690 932;B01;2;2;0;2;7;2;6;
202000029204;154 690 930;A01;2;33;14;0;0;26;1;
202000029205;154 690 929;A01;2;34;0;1;1;1;0;
202000029206;154 690 927;A01;2;7;0;2;3;15;3;
202000029206;154 690 928;B01;1;7;15;2;8;1;1;
202000029207;154 690 925;A01;1;7;0;2;3;1;1;
202000029207;154 690 926;B01;2;34;0;2;1;13;1;
202000029208;154 690 923;B01;1;7;8;2;1;19;1;
202000029208;154 690 924;A01;3;7;0;2;1;26;1;
202000029209;154 690 919;A01;3;33;0;2;1;26;1;
202000029209;154 690 920;B01;3;7;0;2;7;1;1;
202000029210;154 690 917;B01;3;7;0;2;2;19;1;
202000029210;154 690 918;A01;3;7;9;0;1;7;1;
202000029211;154 690 914;C01;0;1;0;2;1;1;5;
202000029211;154 690 915;B01;1;1;0;2;1;1;5;
202000029211;154 690 916;A01;1;2;0;2;1;9;1;
202000029212;154 690 912;A01;2;10;0;2;3;15;1;
202000029212;154 690 913;B01;2;2;0;2;1;1;1;
202000029213;154 690 909;B01;1;1;0;2;4;2;5;
202000029213;154 690 910;C01;1;1;0;9;8;2;5;
202000029213;154 690 911;A01;1;7;0;9;2;2;1;
202000029214;154 690 907;B01;3;7;1;0;0;1;0;
202000029214;154 690 908;A01;3;7;1;0;0;5;0;
202000029215;154 690 905;B01;1;32;0;2;1;2;1;
202000029215;154 690 906;A01;1;7;0;2;6;15;1;
202000029216;154 690 903;A01;1;7;0;9;1;13;1;
202000029216;154 690 904;B01;1;7;0;9;6;2;1;
202000029217;154 690 902;A01;3;33;0;2;8;15;1;
202000029218;154 690 901;A01;2;33;0;0;7;1;0;
202000029219;154 690 900;A01;3;13;0;1;2;14;1;
202000029220;154 690 899;A01;1;33;0;0;7;16;1;
202000029221;154 690 897;A01;1;7;0;2;1;15;1;
202000029221;154 690 898;B01;2;2;0;2;1;1;1;
202000029222;154 690 895;A01;3;7;0;2;1;13;1;
202000029222;154 690 896;B01;3;10;0;2;1;1;1;
202000029223;154 690 894;A01;1;7;0;1;2;16;6;
202000029224;154 690 892;A01;1;30;0;-1;1;0;1;
202000029224;154 690 893;B01;1;40;0;2;1;0;3;
202000029225;154 690 890;A01;1;7;0;2;1;9;1;
202000029225;154 690 891;B01;1;7;0;2;2;0;1;
202000029226;154 690 888;B01;2;33;0;2;3;1;1;
202000029226;154 690 889;A01;2;7;0;2;2;16;1;
202000029227;154 690 885;A01;2;14;0;2;1;1;1;
202000029227;154 690 886;B01;1;7;0;2;4;1;1;
202000029227;154 690 887;C01;1;7;0;2;4;1;1;
202000029228;154 690 883;B01;2;1;0;2;7;1;5;
202000029228;154 690 884;A01;1;7;0;2;1;1;1;
202000029229;154 690 881;A01;1;31;0;2;7;9;1;
202000029229;154 690 882;B01;2;7;0;2;1;1;1;
202000029230;154 690 878;B01;2;7;0;2;8;1;1;
202000029230;154 690 879;C01;2;7;0;2;6;1;1;
202000029230;154 690 880;A01;1;7;0;2;3;13;1;
202000029231;154 690 876;A01;1;31;0;2;1;18;1;
202000029231;154 690 877;B01;2;7;0;2;2;15;1;
202000029232;154 690 874;B01;1;7;0;2;3;1;1;
202000029232;154 690 875;A01;1;7;0;2;3;15;1;
202000029233;154 690 872;A01;0;30;0;2;1;2;1;
202000029233;154 690 873;B01;0;7;0;2;4;2;1;
202000029234;154 690 871;A01;-1;7;0;1;1;2;1;
202000029235;154 690 870;A01;1;7;8;0;7;2;1;
202000029236;154 690 868;B01;1;7;0;2;3;1;1;
202000029236;154 690 869;A01;2;7;0;2;1;15;1;
202000029237;154 690 861;A01;3;10;0;2;1;1;1;
202000029237;154 690 862;B01;3;7;0;2;4;2;1;
202000029237;154 690 863;C01;3;10;0;2;4;2;1;
202000029238;154 690 860;A01;2;7;0;1;3;1;1;
202000029239;154 690 859;A01;1;7;0;0;9;1;1;
202000029240;154 690 856;B01;1;2;0;2;1;1;1;
202000029240;154 690 857;A01;2;7;0;2;2;15;1;
202000029241;154 690 854;A01;2;7;0;2;1;13;1;
202000029241;154 690 855;B01;1;7;0;2;1;1;1;
202000029242;154 690 851;C01;1;10;0;0;0;26;1;
202000029242;154 690 852;A01;1;33;0;9;1;2;1;
202000029242;154 690 853;B01;1;7;0;2;0;0;1;
202000029243;154 690 850;A01;2;33;5;0;0;2;1;
202000029244;154 690 849;A01;2;7;5;0;1;2;1;
202000029245;154 690 847;B01;1;7;0;2;0;0;0;
202000029245;154 690 848;A01;1;10;0;2;2;1;1;
202000029246;154 690 845;A01;2;33;0;2;7;3;1;
202000029246;154 690 846;Z01;2;7;0;2;8;11;1;
202000029247;154 690 843;B01;1;2;0;2;1;2;1;
202000029247;154 690 844;A01;1;7;0;2;4;2;1;
202000029248;154 690 840;A01;2;7;0;2;3;13;1;
202000029248;154 690 841;B01;1;10;0;2;8;1;1;
202000029248;154 690 842;C01;1;7;0;2;8;1;1;
202000029249;154 690 837;C01;1;7;0;2;6;1;1;
202000029249;154 690 838;B01;1;7;0;2;0;17;1;
202000029249;154 690 839;A01;1;7;0;2;1;17;1;
202000029250;154 690 836;A01;1;7;0;1;1;1;1;
202000029251;154 690 834;B01;2;1;0;2;8;1;6;
202000029251;154 690 835;A01;1;7;0;2;8;19;6;
202000029252;154 690 832;A01;1;30;0;2;1;21;1;
202000029252;154 690 833;B01;2;7;0;2;1;21;1;
202000029253;154 690 831;A01;2;30;0;0;0;26;1;
202000029254;154 690 830;A01;2;7;0;1;3;1;1;
202000029255;154 690 829;A01;3;7;1;0;1;1;1;
202000029256;154 690 828;A01;3;7;0;1;2;1;1;
202000029257;154 690 827;A01;2;10;0;1;1;1;1;
202000029258;154 690 825;B01;1;7;0;2;1;0;0;
202000029258;154 690 826;A01;1;34;0;2;4;21;0;
202000029259;154 690 824;A01;0;33;0;1;1;25;1;
202000029260;154 690 822;B01;0;7;0;2;6;1;1;
202000029260;154 690 823;A01;0;7;0;2;8;13;1;
202000029261;154 690 821;A01;1;7;0;1;2;16;1;
202000029262;154 690 819;A01;0;7;0;9;1;1;1;
202000029262;154 690 820;B01;0;50;0;2;3;11;3;
202000029263;154 690 817;B01;1;7;0;2;4;2;1;
202000029263;154 690 818;A01;1;10;0;2;1;2;1;
202000029264;154 690 815;A01;1;7;0;2;3;15;1;
202000029264;154 690 816;B01;2;7;0;2;1;1;1;
202000029265;154 690 814;A01;3;33;0;0;8;26;1;
202000029266;154 690 812;B01;2;33;0;2;8;1;1;
202000029266;154 690 813;A01;0;7;0;2;1;20;1;
202000029267;154 690 810;A01;2;99;0;1;0;15;1;
202000029267;154 690 811;B01;1;99;0;0;6;1;1;
202000029268;154 690 809;A01;1;7;2;0;2;0;1;
202000029269;154 690 807;B01;1;2;0;2;1;1;1;
202000029269;154 690 808;A01;2;7;0;2;1;15;1;
202000029270;154 690 804;A01;2;7;0;2;1;2;1;
202000029270;154 690 805;B01;2;7;0;2;4;2;1;
202000029270;154 690 806;C01;2;7;0;2;4;2;1;
202000029271;154 690 803;A01;3;10;0;1;4;20;1;
202000029272;154 690 801;A01;3;7;0;2;0;0;1;
202000029272;154 690 802;B01;0;7;0;0;0;0;1;
202000029273;154 690 800;A01;1;7;0;1;1;16;1;
202000029274;154 690 798;B01;3;2;0;2;1;1;1;
202000029274;154 690 799;A01;3;7;0;2;5;15;1;
202000029275;154 690 797;A01;2;10;7;0;3;1;1;
202000029276;154 690 795;B01;2;7;0;2;4;2;0;
202000029276;154 690 796;A01;3;7;0;2;3;26;1;
202000029277;154 690 793;A01;1;1;0;2;1;1;5;
202000029277;154 690 794;B01;2;7;0;2;0;15;1;
202000029278;154 690 791;B01;1;7;0;2;5;1;1;
202000029278;154 690 792;A01;1;7;0;2;3;12;1;
202000029279;154 690 789;B01;1;2;0;2;1;1;1;
202000029279;154 690 790;A01;1;7;0;2;2;1;1;
202000029280;154 690 788;A01;3;10;0;1;2;1;1;
202000029281;154 690 786;B01;1;7;0;2;2;1;1;
202000029281;154 690 787;A01;1;7;0;2;3;17;1;
202000029282;154 690 784;A01;1;10;0;2;2;20;1;
202000029282;154 690 785;B01;1;2;0;2;1;1;1;
202000029283;154 690 782;A01;1;30;0;2;1;15;1;
202000029283;154 690 783;B01;1;30;0;2;1;1;1;
202000029284;154 690 780;A01;2;7;0;2;1;2;1;
202000029284;154 690 781;B01;2;7;0;2;4;1;1;
202000029285;154 690 778;B01;1;2;0;2;1;1;1;
202000029285;154 690 779;A01;1;37;0;2;3;16;1;1
202000029286;154 690 776;A01;3;7;0;2;2;16;1;
202000029286;154 690 777;B01;3;50;0;2;4;1;3;
202000029287;154 690 774;A01;1;7;1;0;3;22;1;
202000029287;154 690 775;B01;1;1;1;0;3;1;5;
202000029288;154 690 773;A01;2;31;14;0;8;16;1;
202000029289;154 690 772;Z01;1;7;0;1;1;15;0;
202000029290;154 690 770;B01;2;7;0;2;0;22;1;
202000029290;154 690 771;A01;2;33;0;2;8;7;1;
202000029291;154 690 769;A01;2;43;0;1;2;1;1;
202000029292;154 690 768;A01;1;7;1;0;1;20;1;
202000029293;154 690 767;A01;2;10;8;0;1;14;1;
202000029294;154 690 765;A01;1;30;0;2;8;1;1;
202000029294;154 690 766;Z01;1;7;0;2;2;14;1;
202000029295;154 690 763;A01;2;7;0;2;3;1;1;
202000029295;154 690 764;B01;3;1;0;2;1;19;1;
202000029296;154 690 761;B01;3;33;0;2;4;3;1;
202000029296;154 690 762;A01;3;33;0;2;1;3;1;
202000029297;154 690 759;A01;2;1;0;2;4;21;5;
202000029297;154 690 760;Z01;2;10;0;2;0;17;0;
202000029298;154 690 757;B01;1;7;0;2;4;1;1;
202000029298;154 690 758;A01;1;7;0;2;1;2;1;
202000029299;154 690 754;C01;2;7;0;2;3;1;1;
202000029299;154 690 755;B01;1;7;1;0;6;23;1;
202000029299;154 690 756;A01;1;32;1;0;1;1;1;
202000029300;154 690 752;B01;0;7;0;2;1;5;1;
202000029300;154 690 753;A01;0;7;0;2;1;13;1;
202000029301;154 690 751;A01;2;7;0;1;1;15;3;
202000029302;154 690 749;A01;1;7;0;2;5;1;1;
202000029302;154 690 750;B01;1;1;0;2;3;1;5;
202000029303;154 690 748;A01;1;32;12;0;1;9;1;
202000029304;154 690 746;A01;2;7;0;2;8;9;1;
202000029304;154 690 747;B01;2;32;0;2;1;1;1;
202000029305;154 690 744;A01;1;30;0;2;1;15;1;
202000029305;154 690 745;B01;1;7;0;2;3;2;0;
202000029306;154 690 742;A01;1;7;0;2;1;18;1;
202000029306;154 690 743;B01;1;2;0;2;4;15;0;
202000029307;154 690 740;A01;3;7;0;2;5;15;1;
202000029307;154 690 741;B01;3;10;0;2;1;1;1;
202000029308;154 690 739;A01;1;10;15;0;1;26;1;
202000029309;154 690 737;B01;1;1;0;2;1;1;5;
202000029309;154 690 738;A01;1;7;0;2;8;24;1;
202000029310;154 690 735;A01;1;3;0;2;3;15;1;
202000029310;154 690 736;B01;1;2;0;2;3;1;3;
202000029311;154 690 733;B01;2;2;0;0;1;1;1;
202000029311;154 690 734;A01;1;7;0;2;3;17;1;
202000029312;154 690 732;A01;2;7;0;1;3;15;1;
202000029313;154 690 729;A01;0;10;0;2;6;4;1;
202000029313;154 690 730;B01;0;31;0;2;1;2;1;
202000029314;154 690 728;A01;3;7;0;1;2;1;0;
202000029315;154 690 727;A01;1;2;0;0;7;1;1;
202000029316;154 690 725;B01;3;10;0;2;2;16;1;
202000029316;154 690 726;A01;3;2;6;2;3;18;1;
202000029317;154 690 724;A01;3;2;0;0;7;1;1;
202000029318;154 690 722;A01;3;7;0;2;3;13;1;
202000029318;154 690 723;B01;3;33;0;2;1;1;4;
202000029319;154 690 721;A01;1;7;15;0;0;13;1;
202000029320;154 690 720;A01;2;7;2;0;8;0;1;
202000029321;154 690 719;A01;2;3;13;0;7;1;3;
202000029322;154 690 717;B01;1;2;0;2;8;2;1;
202000029322;154 690 718;A01;1;10;0;2;5;2;1;
202000029323;154 690 716;A01;3;7;6;0;2;1;1;
202000029324;154 690 714;B01;3;33;0;2;8;13;1;
202000029324;154 690 715;A01;3;7;0;0;8;1;6;
202000029325;154 690 713;A01;1;7;0;0;3;13;1;
202000029326;154 690 711;A01;2;7;0;2;1;0;0;
202000029326;154 690 712;B01;1;7;0;2;1;0;0;
202000029327;154 690 710;A01;2;10;13;0;1;0;1;
202000029328;154 690 709;A01;2;7;0;1;3;1;1;
202000029329;154 690 707;B01;1;7;0;2;1;1;1;
202000029329;154 690 708;A01;2;2;0;2;1;13;1;
202000029330;154 690 705;B01;2;33;0;2;1;1;1;
202000029330;154 690 706;A01;2;7;0;2;3;1;1;
202000029331;154 690 704;A01;2;7;8;0;7;1;1;
202000029332;154 690 703;A01;1;33;12;0;3;26;1;
202000029333;154 690 701;A01;2;7;0;2;1;2;1;
202000029333;154 690 702;B01;2;7;0;2;4;2;1;
202000029334;154 690 700;A01;1;7;3;0;7;2;1;
202000029335;154 690 697;C01;2;7;0;2;4;2;1;
202000029335;154 690 698;B01;2;7;0;2;1;2;1;
202000029335;154 690 699;A01;2;7;0;2;1;2;1;
202000029336;154 690 695;B01;2;7;4;2;2;23;1;
202000029336;154 690 696;A01;2;33;0;2;8;3;1;
202000029337;154 690 692;C01;1;7;0;2;4;2;1;
202000029337;154 690 693;B01;1;7;0;2;4;2;1;
202000029337;154 690 694;A01;1;7;0;2;1;2;1;
202000029338;154 690 691;A01;1;7;4;2;1;13;1;
202000029339;154 690 688;C01;1;7;0;2;5;1;1;
202000029339;154 690 689;B01;1;7;0;2;4;2;1;
202000029339;154 690 690;A01;1;7;0;2;1;2;1;
202000029340;154 690 686;A01;2;32;0;2;1;12;1;
202000029340;154 690 687;B01;2;7;0;2;6;1;1;
202000029341;154 690 684;B01;1;10;0;2;1;2;1;
202000029341;154 690 685;A01;1;7;0;2;3;9;1;
202000029342;154 690 683;A01;3;7;0;1;4;4;1;
202000029343;154 690 681;B01;1;32;0;2;3;1;1;
202000029343;154 690 682;A01;1;7;0;2;5;16;1;
202000029344;154 690 680;A01;1;33;1;0;2;0;1;
202000029345;154 690 679;A01;1;33;0;0;8;0;1;
202000029346;154 690 677;B01;3;7;0;2;3;0;0;
202000029346;154 690 678;A01;2;7;0;2;1;1;0;
202000029347;154 690 676;A01;-1;31;14;2;0;6;1;
202000029348;154 690 674;A01;3;7;0;2;3;1;1;
202000029348;154 690 675;B01;0;7;0;2;6;1;1;
202000029349;154 690 672;B01;2;7;0;2;1;15;1;
202000029349;154 690 673;A01;2;7;0;2;1;1;1;
202000029350;154 690 671;A01;0;10;0;1;3;5;1;
202000029351;154 690 670;A01;1;7;0;0;0;14;1;
202000029352;154 690 669;A01;1;7;15;0;1;1;1;
202000029353;154 690 668;A01;1;7;1;0;1;1;1;
202000029354;154 690 666;B01;1;7;0;2;2;15;1;
202000029354;154 690 667;A01;1;32;0;1;1;13;1;
202000029355;154 690 662;D01;1;7;0;2;4;2;1;
202000029355;154 690 663;C01;2;7;0;2;3;1;1;
202000029355;154 690 664;B01;1;7;0;2;6;1;1;
202000029355;154 690 665;A01;1;7;0;2;3;14;1;
202000029356;154 690 660;A01;1;3;0;2;2;15;1;
202000029356;154 690 661;B01;1;31;0;2;1;2;1;
202000029357;154 690 658;A01;3;7;0;0;0;9;1;
202000029357;154 690 659;B01;3;1;0;2;0;21;5;
202000029358;154 690 656;A01;2;7;0;2;1;2;1;
202000029358;154 690 657;B01;2;7;0;2;4;1;1;
202000029359;154 690 654;A01;2;7;0;2;8;9;1;
202000029359;154 690 655;B01;2;1;0;2;1;1;5;
202000029360;154 690 653;A01;1;7;0;1;3;26;1;
202000029361;154 690 652;A01;0;7;15;0;1;9;1;
202000029362;154 690 651;A01;0;0;0;1;0;26;0;
202000029363;154 690 649;B01;1;1;0;2;1;17;5;
202000029363;154 690 650;A01;1;7;0;2;3;15;1;
202000029364;154 690 648;A01;3;7;1;0;2;15;1;
202000029365;154 690 646;B01;3;10;0;2;7;16;0;
202000029365;154 690 647;A01;3;30;0;2;1;1;0;
202000029366;154 690 644;B01;2;7;0;2;4;1;0;
202000029366;154 690 645;A01;2;7;0;2;1;1;0;
202000029367;154 690 643;A01;2;7;4;0;6;1;1;
202000029368;154 690 641;B01;2;7;0;2;4;2;1;
202000029368;154 690 642;A01;2;10;0;2;1;2;1;
202000029369;154 690 638;A01;1;7;0;2;1;2;1;
202000029369;154 690 639;B01;1;7;0;2;1;2;0;
202000029369;154 690 640;C01;2;10;0;0;6;2;0;
202000029370;154 690 636;A01;3;31;0;2;3;1;1;
202000029370;154 690 637;B01;1;7;0;2;5;1;1;
202000029371;154 690 634;A01;1;7;0;2;1;16;1;
202000029371;154 690 635;B01;1;7;0;2;1;1;1;
202000029372;154 690 632;B01;2;33;0;2;1;1;1;
202000029372;154 690 633;A01;1;38;0;2;1;15;1;1
202000029373;154 690 630;B01;1;33;0;2;1;1;1;
202000029373;154 690 631;A01;2;7;0;2;7;15;1;
202000029374;154 690 628;A01;1;7;0;2;2;1;1;
202000029374;154 690 629;B01;1;7;0;2;4;1;1;
202000029375;154 690 626;A01;1;7;1;0;7;14;1;
202000029376;154 690 624;A01;1;1;0;2;4;1;5;
202000029376;154 690 625;Z01;1;14;0;2;0;0;0;
202000029377;154 690 622;A01;1;7;15;0;1;0;1;
202000029377;154 690 623;B01;3;7;0;0;0;0;1;
202000029378;154 690 620;A01;0;34;0;2;1;9;3;
202000029378;154 690 621;B01;1;30;0;2;8;1;1;
202000029379;154 690 619;A01;2;7;15;0;1;1;1;
202000029380;154 690 618;A01;0;7;0;2;0;1;1;
202000029381;154 690 617;A01;3;7;3;0;1;1;1;
202000029382;154 690 616;A01;2;32;9;0;2;0;1;
202000029383;154 690 614;B01;1;7;0;2;6;1;1;
202000029383;154 690 615;A01;2;30;0;2;1;5;1;
202000029384;154 690 613;A01;2;33;4;0;8;13;1;
202000029385;154 690 612;A01;3;1;0;1;1;1;5;
202000029386;154 690 610;B01;2;33;0;2;5;23;1;
202000029386;154 690 611;A01;2;7;0;2;3;15;1;
202000029387;154 690 608;B01;1;33;0;2;4;23;1;
202000029387;154 690 609;A01;1;7;0;2;1;2;1;
202000029388;154 690 607;A01;1;7;0;1;2;16;1;
202000029389;154 690 605;B01;2;33;0;2;3;1;1;
202000029389;154 690 606;A01;1;7;0;2;2;15;1;
202000029390;154 690 603;A01;2;7;0;2;3;13;1;
202000029390;154 690 604;B01;2;33;1;2;1;17;1;
202000029391;154 690 602;Z01;1;30;0;1;0;26;0;