num_acc;id_vehicule;num_veh;senc;catv;obs;obsm;choc;manv;motor;occutc
202000029392;154 690 600;A01;1;30;0;2;3;16;1;
202000029392;154 690 601;B01;1;7;0;2;3;2;1;
202000029393;154 690 597;A01;1;10;0;2;1;26;1;
202000029393;154 690 598;B01;1;2;0;0;4;23;1;
202000029393;154 690 599;C01;1;37;0;0;3;23;0;1
202000029394;154 690 596;A01;1;34;0;1;3;21;1;
202000029395;154 690 594;A01;1;1;0;2;1;1;5;
202000029395;154 690 595;B01;1;7;0;2;2;16;1;
202000029396;154 690 592;A01;2;7;0;2;3;15;1;
202000029396;154 690 593;B01;2;32;0;2;2;1;1;
202000029397;154 690 590;A01;1;3;0;2;2;2;1;
202000029397;154 690 591;B01;1;33;0;2;4;2;1;
202000029398;154 690 588;A01;3;32;0;2;1;2;1;
202000029398;154 690 589;B01;3;7;0;2;4;23;1;
202000029399;154 690 587;A01;2;7;1;0;1;1;1;
202000029400;154 690 586;A01;3;7;0;1;3;15;1;
202000029401;154 690 584;B01;2;7;0;2;3;0;1;
202000029401;154 690 585;A01;1;7;0;2;3;0;1;
202000029402;154 690 582;A01;3;7;0;1;1;1;1;
202000029403;154 690 581;A01;2;7;0;0;1;1;1;
202000029404;154 690 579;A01;1;7;13;0;3;0;1;
202000029405;154 690 577;B01;2;7;1;0;1;1;1;
202000029405;154 690 578;A01;2;20;0;2;6;24;1;
202000029406;154 690 575;A01;2;10;0;2;1;13;1;
202000029406;154 690 576;B01;1;10;0;2;3;1;1;
202000029407;154 690 573;B01;2;7;0;0;6;1;1;
202000029407;154 690 574;A01;3;7;0;0;1;1;1;
202000029408;154 690 572;A01;1;33;13;0;1;1;1;
202000029409;154 690 571;A01;2;17;13;0;1;1;1;
202000029410;154 690 569;B01;3;7;0;0;8;15;1;
202000029410;154 690 570;A01;2;7;0;2;2;9;1;
202000029411;154 690 568;A01;3;7;13;0;3;1;1;
202000029412;154 690 566;A01;3;33;15;2;7;2;1;
202000029412;154 690 567;B01;3;7;0;0;4;23;1;
202000029413;154 690 564;B01;3;7;0;2;2;15;1;
202000029413;154 690 565;A01;3;2;0;2;2;1;1;
202000029414;154 690 563;A01;2;7;2;0;9;13;1;
202000029415;154 690 562;A01;1;33;0;6;1;2;1;
202000029416;154 690 560;A01;1;7;0;2;1;13;1;
202000029416;154 690 561;B01;2;7;0;2;3;1;1;
202000029417;154 690 559;A01;1;7;0;1;1;1;1;
202000029418;154 690 558;A01;1;7;0;1;3;1;1;
202000029419;154 690 556;A01;1;7;0;2;1;19;1;
202000029419;154 690 557;B01;2;2;0;2;7;1;1;
202000029420;154 690 555;A01;1;2;12;0;8;1;1;
202000029421;154 690 551;B01;1;7;0;0;6;2;1;
202000029421;154 690 552;A01;1;2;15;2;1;2;1;
202000029422;154 690 550;A01;1;7;6;1;4;23;1;
202000029423;154 690 548;B01;0;10;0;2;1;13;1;
202000029423;154 690 549;A01;0;7;0;2;1;21;1;
202000029424;154 690 547;A01;2;7;6;9;7;0;1;
202000029425;154 690 545;B01;1;7;0;2;8;6;1;
202000029425;154 690 546;A01;1;33;0;2;1;1;1;
202000029426;154 690 544;A01;2;33;0;0;1;1;1;
202000029427;154 690 542;A01;1;7;0;1;1;15;0;
202000029428;154 690 540;A01;1;7;0;2;1;1;1;
202000029428;154 690 541;B01;2;7;0;2;1;1;1;
202000029429;154 690 539;A01;2;14;0;1;1;1;1;
202000029430;154 690 537;B01;1;7;0;2;3;1;1;
202000029430;154 690 538;A01;2;7;0;2;3;5;1;
202000029431;154 690 533;C01;1;7;0;2;4;2;1;
202000029431;154 690 534;B01;1;7;0;2;4;2;1;
202000029431;154 690 535;A01;1;10;0;2;1;2;1;
202000029431;154 690 536;D01;1;7;0;2;4;2;1;
202000029432;154 690 531;A01;1;31;0;2;7;3;1;
202000029432;154 690 532;B01;1;7;0;2;8;11;1;
202000029433;154 690 529;A01;1;33;0;2;1;12;1;
202000029433;154 690 530;B01;3;15;0;2;4;23;0;
202000029434;154 690 528;A01;1;1;0;1;1;1;5;
202000029435;154 690 527;A01;1;30;0;1;1;1;1;
202000029436;154 690 526;A01;1;7;0;1;2;1;1;
202000029437;154 690 525;A01;2;32;0;1;1;1;1;
202000029438;154 690 523;B01;1;7;0;2;4;23;1;
202000029438;154 690 524;A01;1;7;0;2;1;2;1;
202000029439;154 690 522;A01;2;7;0;1;2;16;1;
202000029440;154 690 520;B01;2;10;0;2;4;23;1;
202000029440;154 690 521;A01;2;80;0;2;1;2;3;
202000029441;154 690 518;Z01;1;7;0;2;0;14;0;
202000029441;154 690 519;A01;1;30;1;2;6;18;1;
202000029442;154 690 516;B01;1;33;0;2;1;1;1;
202000029442;154 690 517;A01;2;10;0;2;5;5;3;
202000029443;154 690 515;A01;1;7;8;0;1;1;1;
202000029444;154 690 514;A01;1;10;0;1;2;1;1;
202000029445;154 690 512;B01;1;32;0;2;2;1;1;
202000029445;154 690 513;A01;1;7;0;2;3;15;1;
202000029446;154 690 510;A01;1;7;0;2;1;2;1;
202000029446;154 690 511;B01;1;7;0;2;4;1;1;
202000029447;154 690 508;A01;1;7;0;2;2;16;1;
202000029447;154 690 509;B01;1;1;0;2;1;19;0;
202000029448;154 690 507;A01;1;7;0;1;1;26;1;
202000029449;154 690 506;A01;2;31;0;0;0;0;1;
202000029450;154 690 504;B01;2;32;0;2;1;1;1;
202000029450;154 690 505;A01;2;7;0;2;4;12;1;
202000029451;154 690 501;B01;-1;7;0;2;1;1;0;
202000029451;154 690 503;A01;-1;7;0;2;2;9;0;
202000029452;154 690 500;A01;2;32;0;2;8;1;1;
202000029452;154 690 502;B01;2;7;0;2;0;0;1;
202000029453;154 690 498;A01;2;7;0;2;2;15;1;
202000029453;154 690 499;B01;2;1;0;2;8;16;5;
202000029454;154 690 496;B01;2;16;0;2;2;1;1;
202000029454;154 690 497;A01;2;7;0;2;3;11;1;
202000029455;154 690 493;A01;2;7;0;2;8;11;1;
202000029455;154 690 494;B01;2;33;0;2;0;3;1;
202000029456;154 690 492;A01;1;32;0;2;1;19;1;
202000029456;154 690 495;B01;0;7;0;0;8;19;1;
202000029457;154 690 490;A01;2;7;0;2;2;2;1;
202000029457;154 690 491;B01;2;2;0;2;6;23;1;
202000029458;154 690 488;Z01;1;7;0;1;4;4;1;
202000029459;154 690 487;B01;1;7;0;2;3;0;1;
202000029459;154 690 489;A01;2;7;0;2;1;0;1;
202000029460;154 690 485;A01;2;10;0;2;0;0;1;
202000029460;154 690 486;B01;2;7;0;2;4;1;1;
202000029461;154 690 482;A01;1;7;0;2;1;2;1;
202000029461;154 690 483;B01;1;7;0;2;4;2;1;
202000029461;154 690 484;C01;1;7;0;2;4;2;3;
202000029462;154 690 480;B01;3;7;0;2;1;15;1;
202000029462;154 690 481;A01;1;33;0;2;1;3;1;
202000029463;154 690 475;D01;3;7;0;2;7;23;1;
202000029463;154 690 477;C01;3;7;0;2;1;3;1;
202000029463;154 690 478;B01;3;7;0;2;5;23;1;
202000029463;154 690 479;A01;3;7;0;2;4;23;1;
202000029464;154 690 474;A01;1;7;0;2;7;15;1;
202000029464;154 690 476;B01;1;2;0;2;1;1;0;
202000029465;154 690 473;A01;1;2;0;0;1;1;1;
202000029466;154 690 471;A01;1;7;0;1;1;15;1;
202000029467;154 690 470;B01;3;33;0;2;5;1;1;
202000029467;154 690 472;A01;1;7;0;2;3;19;1;
202000029468;154 690 468;A01;2;7;2;0;7;1;1;
202000029469;154 690 467;A01;1;7;0;2;2;1;1;
202000029469;154 690 469;B01;1;7;0;2;3;1;1;
202000029470;154 690 463;A01;1;7;0;2;3;17;1;
202000029470;154 690 464;B01;2;7;0;2;3;1;1;
202000029470;154 690 466;C01;1;7;0;2;6;1;1;
202000029471;154 690 462;B01;1;1;0;2;0;1;5;
202000029471;154 690 465;A01;2;7;0;2;3;15;1;
202000029472;154 690 461;A01;2;7;9;0;0;1;1;
202000029473;154 690 459;B01;0;7;0;2;6;4;1;
202000029473;154 690 460;A01;0;7;0;2;1;2;1;
202000029474;154 690 457;B01;2;17;0;2;3;1;1;
202000029474;154 690 458;A01;2;7;4;2;3;1;1;
202000029475;154 690 455;B01;3;40;0;2;6;1;3;
202000029475;154 690 456;A01;0;7;0;4;1;1;1;
202000029476;154 690 454;A01;2;7;0;1;1;1;0;
202000029477;154 690 451;A01;2;7;4;0;2;1;6;
202000029478;154 690 449;D01;2;7;0;2;1;2;1;
202000029478;154 690 450;C01;2;7;0;2;4;2;1;
202000029478;154 690 452;B01;2;7;0;2;1;2;1;
202000029478;154 690 453;A01;2;7;0;2;4;2;1;
202000029479;154 690 447;A01;1;13;1;0;4;26;1;
202000029480;154 690 445;A01;1;7;0;1;3;1;1;
202000029481;154 690 446;A01;1;33;0;0;9;0;6;
202000029482;154 690 442;B01;1;7;0;2;4;23;1;
202000029482;154 690 444;A01;1;7;0;2;1;2;1;
202000029483;154 690 441;A01;3;2;0;2;8;26;1;
202000029483;154 690 443;B01;3;7;0;2;7;17;1;
202000029484;154 690 437;B01;1;7;0;2;3;18;1;
202000029484;154 690 439;A01;1;7;0;0;4;19;1;
202000029485;154 690 436;A01;2;33;0;2;2;3;1;
202000029485;154 690 438;B01;2;14;0;2;6;2;1;
202000029485;154 690 440;C01;1;7;0;2;0;26;1;
202000029486;154 690 434;B01;1;7;0;2;1;1;1;
202000029486;154 690 435;A01;1;7;0;2;7;1;1;
202000029487;154 690 432;B01;2;7;0;2;3;15;1;
202000029487;154 690 433;A01;1;33;0;2;1;1;1;
202000029488;154 690 430;B01;2;1;0;2;4;1;5;
202000029488;154 690 431;A01;2;7;0;2;1;2;0;
202000029489;154 690 429;A01;1;33;0;0;0;0;1;
202000029490;154 690 426;A01;0;10;0;2;3;15;1;
202000029490;154 690 428;B01;0;7;0;1;2;1;1;
202000029491;154 690 425;B01;1;7;0;2;3;1;1;
202000029491;154 690 427;A01;2;7;0;2;1;15;1;
202000029492;154 690 424;A01;2;7;0;1;2;1;1;
202000029493;154 690 421;B01;2;2;0;2;1;1;1;
202000029493;154 690 422;A01;1;7;0;2;7;15;1;
202000029494;154 690 423;A01;1;7;0;1;3;1;1;
202000029495;154 690 418;B01;3;2;0;2;1;1;1;
202000029495;154 690 420;A01;3;7;0;2;3;9;1;
202000029496;154 690 417;B01;1;1;0;2;1;1;5;
202000029496;154 690 419;A01;2;7;0;9;2;15;1;
202000029497;154 690 415;B01;1;7;0;2;1;1;1;
202000029497;154 690 416;A01;2;10;0;2;1;13;1;
202000029498;154 690 412;B01;3;33;0;2;1;1;1;
202000029498;154 690 414;A01;3;7;0;2;5;15;1;
202000029499;154 690 410;A01;2;7;0;2;1;19;1;
202000029499;154 690 411;B01;2;7;0;2;3;1;1;
202000029500;154 690 409;A01;2;7;2;0;8;0;1;
202000029501;154 690 406;A01;2;7;0;2;1;5;1;
202000029501;154 690 407;B01;1;13;0;2;1;1;1;
202000029502;154 690 404;A01;3;7;0;2;1;1;1;
202000029502;154 690 405;B01;3;7;0;2;4;1;1;
202000029503;154 690 400;B01;2;1;0;2;6;1;5;
202000029503;154 690 403;A01;3;7;0;0;2;1;1;
202000029504;154 690 399;C01;1;7;0;2;4;1;1;
202000029504;154 690 401;B01;1;7;0;2;1;1;1;
202000029504;154 690 402;A01;1;7;0;2;1;1;1;
202000029505;154 690 396;A01;1;10;0;2;2;9;1;
202000029505;154 690 398;B01;1;50;0;2;8;1;3;
202000029506;154 690 395;B01;1;7;0;2;1;1;0;
202000029506;154 690 397;A01;0;7;0;2;3;16;0;
202000029507;154 690 393;A01;1;2;0;0;0;15;1;
202000029508;154 690 392;B01;2;7;0;9;4;0;1;
202000029508;154 690 394;A01;2;50;1;0;1;1;3;
202000029509;154 690 389;B01;2;50;0;2;0;1;3;
202000029509;154 690 390;A01;1;1;0;2;0;13;5;
202000029510;154 690 387;B01;1;7;0;0;3;1;1;
202000029510;154 690 388;A01;2;7;0;2;2;1;1;
202000029511;154 690 385;A01;2;7;0;2;5;9;1;
202000029511;154 690 386;B01;2;1;0;2;8;1;5;
202000029512;154 690 383;A01;1;31;12;0;3;14;1;
202000029513;154 690 382;B01;2;7;0;2;2;17;1;
202000029513;154 690 384;A01;2;7;0;2;6;1;1;
202000029514;154 690 380;B01;1;2;0;2;7;17;1;
202000029514;154 690 381;A01;1;10;0;2;8;15;1;
202000029515;154 690 378;B01;2;7;0;0;5;1;1;
202000029515;154 690 379;A01;1;2;0;2;1;21;1;
202000029516;154 690 376;A01;1;7;0;2;2;2;1;
202000029516;154 690 377;B01;1;7;0;2;4;2;1;
202000029517;154 690 375;A01;2;33;6;0;7;14;1;
202000029518;154 690 373;A01;3;2;0;2;0;1;1;
202000029518;154 690 374;B01;3;7;0;2;0;1;1;
202000029519;154 690 372;A01;3;99;0;0;9;1;1;
202000029520;154 690 370;A01;1;10;2;0;3;19;1;
202000029521;154 690 369;B01;1;7;0;2;3;15;1;
202000029521;154 690 371;A01;1;30;0;2;1;1;1;
202000029522;154 690 367;A01;1;10;0;2;3;13;0;
202000029522;154 690 368;B01;1;7;0;2;3;1;0;
202000029523;154 690 364;A01;2;7;0;2;1;1;1;
202000029523;154 690 366;B01;1;7;0;2;1;1;1;
202000029524;154 690 358;A01;3;7;0;1;2;1;1;
202000029525;154 690 359;B01;1;7;0;2;7;1;1;
202000029525;154 690 360;A01;3;1;0;2;1;1;5;
202000029526;154 690 356;A01;1;41;0;2;4;26;1;
202000029526;154 690 357;B01;1;7;0;2;4;1;1;
202000029527;154 690 355;A01;3;2;0;0;1;1;1;
202000029528;154 690 354;A01;1;10;0;1;2;2;1;
202000029529;154 690 353;A01;1;7;8;0;1;19;2;
202000029530;154 690 352;A01;3;3;8;0;1;1;1;
202000029531;154 690 349;A01;2;7;0;2;2;2;1;
202000029531;154 690 350;B01;2;60;0;2;4;1;5;
202000029532;154 690 348;B01;3;7;0;2;2;1;1;
202000029532;154 690 351;A01;3;7;0;2;5;1;1;
202000029533;154 690 346;A01;1;10;15;0;1;1;1;
202000029534;154 690 345;B01;1;50;0;2;1;1;3;
202000029534;154 690 347;A01;1;7;0;9;1;1;1;
202000029535;154 690 344;A01;3;7;0;1;2;1;0;
202000029536;154 690 342;B01;2;33;0;2;7;1;1;
202000029536;154 690 343;A01;1;7;0;2;1;15;1;
202000029537;154 690 338;Z01;3;7;0;1;1;1;1;
202000029538;154 690 336;C01;2;7;0;2;1;21;1;
202000029538;154 690 337;D01;2;7;0;2;2;21;1;
202000029538;154 690 339;B01;2;7;0;0;4;1;1;
202000029538;154 690 340;A01;2;7;0;2;2;2;1;
202000029538;154 690 341;E01;2;17;0;2;4;26;1;
202000029539;154 690 334;A01;1;34;0;1;1;1;1;
202000029540;154 690 335;A01;1;1;0;0;0;0;5;
202000029541;154 690 332;A01;1;7;0;2;1;1;1;
202000029541;154 690 333;B01;2;1;0;2;0;0;0;
202000029542;154 690 331;A01;2;10;6;1;4;4;1;
202000029543;154 690 330;A01;2;7;0;1;8;1;1;
202000029544;154 690 329;A01;2;7;8;0;1;1;1;
202000029545;154 690 327;B01;3;33;0;2;1;1;1;
202000029545;154 690 328;A01;3;7;0;2;2;9;1;
202000029546;154 690 326;A01;2;7;0;1;2;1;1;
202000029547;154 690 324;B01;3;7;0;2;1;1;1;
202000029547;154 690 325;A01;3;30;0;2;1;21;1;
202000029548;154 690 323;A01;2;13;0;1;1;26;1;
202000029549;154 690 320;B01;3;34;14;2;1;2;0;
202000029549;154 690 322;A01;3;7;0;0;6;23;0;
202000029550;154 690 317;B01;2;33;0;2;1;21;1;
202000029550;154 690 319;A01;2;7;0;0;3;15;1;
202000029551;154 690 316;B01;3;1;0;2;1;1;0;
202000029551;154 690 318;A01;3;15;0;2;0;11;0;
202000029552;154 690 313;A01;1;7;0;2;3;13;1;
202000029552;154 690 314;B01;1;34;0;2;7;17;1;
202000029553;154 690 311;A01;2;7;0;2;2;1;1;
202000029553;154 690 312;B01;2;1;0;2;4;1;5;
202000029554;154 690 310;A01;2;7;6;0;1;1;1;
202000029555;154 690 309;A01;1;7;0;1;1;15;1;
202000029556;154 690 305;B01;3;7;0;2;1;5;1;
202000029556;154 690 306;A01;3;7;0;2;1;1;1;
202000029557;154 690 304;B01;2;33;0;2;3;13;1;
202000029557;154 690 315;A01;1;33;0;2;3;1;1;
202000029558;154 690 301;A01;3;31;0;0;1;1;1;
202000029559;154 690 298;D01;0;7;0;2;4;20;1;
202000029559;154 690 300;C01;0;7;0;2;2;1;1;
202000029559;154 690 302;B01;0;7;0;2;1;1;1;
202000029559;154 690 303;A01;0;7;0;2;1;1;1;
202000029560;154 690 297;A01;1;2;0;2;1;2;1;
202000029560;154 690 299;B01;1;7;0;0;5;2;1;
202000029561;154 690 296;A01;1;7;2;0;5;15;1;
202000029562;154 690 294;A01;1;7;6;0;1;13;1;
202000029563;154 690 295;A01;1;7;5;0;1;1;0;
202000029564;154 690 292;B01;2;30;0;2;1;19;1;
202000029564;154 690 293;A01;1;7;0;2;8;1;1;
202000029565;154 690 288;A01;2;7;0;2;3;24;1;
202000029565;154 690 289;B01;2;2;1;0;1;17;1;
202000029566;154 690 290;A01;2;7;0;2;1;19;1;
202000029566;154 690 291;B01;1;7;0;2;3;1;1;
202000029567;154 690 287;A01;2;2;0;0;7;2;1;
202000029568;154 690 284;A01;1;7;0;1;1;1;1;
202000029569;154 690 283;A01;1;33;0;0;0;1;1;
202000029570;154 690 281;B01;2;33;0;2;1;1;1;
202000029570;154 690 282;A01;1;7;0;2;1;15;1;
202000029571;154 690 280;A01;3;7;1;1;1;1;1;
202000029572;154 690 278;A01;1;7;5;0;1;1;1;
202000029573;154 690 277;B01;2;33;0;2;2;1;1;
202000029573;154 690 279;A01;3;7;0;2;3;1;1;
202000029574;154 690 276;A01;2;10;4;0;1;1;1;
202000029575;154 690 274;B01;1;7;0;2;8;1;1;
202000029575;154 690 275;A01;1;7;0;2;1;1;1;
202000029576;154 690 273;A01;1;7;15;0;1;26;1;
202000029577;154 690 270;A01;0;7;0;2;2;1;1;
202000029577;154 690 272;B01;3;10;0;2;3;1;1;
202000029578;154 690 271;A01;1;7;0;1;1;1;1;
202000029579;154 690 267;A01;1;17;0;2;3;13;1;
202000029579;154 690 268;B01;1;7;0;2;7;2;0;
202000029579;154 690 269;C01;1;7;0;2;8;1;1;
202000029580;154 690 266;A01;1;34;13;0;2;13;1;
202000029581;154 690 264;B01;2;7;14;2;2;1;1;
202000029581;154 690 265;A01;2;7;4;2;3;17;1;
202000029582;154 690 262;A01;2;31;0;2;3;3;1;
202000029583;154 690 261;A01;2;7;0;2;3;11;1;
202000029583;154 690 263;B01;1;31;0;2;2;1;1;
202000029584;154 690 260;A01;1;7;3;0;4;9;1;
202000029585;154 690 258;A01;3;7;0;2;0;0;0;
202000029585;154 690 259;B01;1;33;0;2;1;1;1;
202000029586;154 690 257;A01;2;7;6;0;0;26;1;
202000029587;154 690 254;B01;2;1;0;2;1;1;5;
202000029587;154 690 256;A01;1;7;0;2;3;15;1;
202000029588;154 690 253;B01;1;31;0;2;6;0;1;
202000029588;154 690 255;A01;1;7;0;2;2;0;1;
202000029589;154 690 251;Z01;2;7;0;1;0;1;0;
202000029590;154 690 250;B01;1;15;0;2;1;1;1;
202000029590;154 690 252;A01;1;7;0;2;8;11;1;
202000029591;154 690 248;B01;1;30;0;2;7;2;1;
202000029591;154 690 249;A01;1;30;0;2;8;18;1;
202000029592;154 690 246;A01;1;7;0;1;3;1;1;
202000029593;154 690 247;A01;1;33;4;0;8;13;1;
202000029594;154 690 244;B01;2;30;0;2;4;2;1;
202000029594;154 690 245;A01;2;7;0;2;1;2;1;
202000029595;154 690 243;A01;2;10;4;0;3;1;1;
202000029596;154 690 239;B01;1;43;0;2;1;5;1;
202000029596;154 690 241;C01;1;7;0;2;8;23;1;
202000029596;154 690 242;A01;1;34;0;2;8;10;1;
202000029597;154 690 238;B01;2;10;0;2;5;2;1;
202000029597;154 690 240;A01;2;7;3;2;1;2;1;
202000029598;154 690 236;B01;2;13;0;2;1;1;1;
202000029598;154 690 237;A01;1;30;0;2;8;18;1;
202000029599;154 690 235;A01;2;32;0;0;9;3;1;
202000029600;154 690 230;A01;2;7;0;2;7;15;1;
202000029600;154 690 231;B01;1;50;0;2;8;1;3;
202000029601;154 690 229;A01;2;7;0;2;5;2;1;
202000029601;154 690 232;B01;2;31;0;2;1;2;1;
202000029602;154 690 227;A01;2;33;0;0;9;14;1;
202000029603;154 690 226;A01;2;7;0;2;2;16;1;
202000029603;154 690 228;B01;2;50;0;2;1;1;3;
202000029604;154 690 223;B01;1;33;0;2;1;3;1;
202000029604;154 690 225;A01;1;7;0;2;4;12;1;
202000029605;154 690 222;A01;1;33;0;2;1;1;1;
202000029605;154 690 224;B01;1;7;0;2;3;9;1;
202000029606;154 690 219;B01;1;1;0;2;8;1;5;
202000029606;154 690 220;A01;1;7;1;2;1;1;1;
202000029607;154 690 218;B01;1;7;0;2;6;1;1;
202000029607;154 690 221;A01;1;7;0;2;2;12;1;
202000029608;154 690 216;A01;1;32;0;2;1;2;1;
202000029608;154 690 217;B01;1;7;0;2;5;23;1;
202000029609;154 690 215;A01;1;34;0;0;2;1;1;
202000029610;154 690 212;A01;1;7;0;2;8;22;1;
202000029610;154 690 214;B01;1;30;0;2;1;17;1;
202000029611;154 690 211;A01;3;7;0;1;2;15;1;
202000029612;154 690 210;A01;2;7;0;1;2;16;1;
202000029613;154 690 208;B01;2;7;0;2;8;20;1;
202000029613;154 690 209;A01;2;10;0;2;2;1;1;
202000029614;154 690 206;A01;1;10;0;2;3;10;1;
202000029614;154 690 207;B01;1;31;0;2;2;1;1;
202000029615;154 690 204;A01;2;1;0;1;1;1;5;
202000029616;154 690 203;B01;2;32;0;2;1;17;1;
202000029616;154 690 205;A01;2;20;16;0;0;0;1;
202000029617;154 690 201;A01;2;7;0;2;3;10;1;
202000029617;154 690 202;B01;1;32;0;2;1;1;1;
202000029618;154 690 199;A01;2;7;0;2;5;2;0;
202000029618;154 690 200;B01;2;7;0;2;3;2;0;
202000029619;154 690 196;B01;1;7;0;2;5;22;1;
202000029619;154 690 198;A01;1;32;0;2;1;18;1;
202000029620;154 690 197;A01;1;7;0;1;2;1;1;
202000029621;154 690 194;B01;1;37;0;2;1;7;3;1
202000029621;154 690 195;A01;2;1;0;2;7;5;5;
202000029622;154 690 193;A01;1;7;0;0;0;26;1;
202000029623;154 690 191;A01;1;10;6;0;1;14;1;
202000029624;154 690 192;A01;2;50;0;0;0;21;3;
202000029625;154 690 190;A01;2;7;0;1;2;1;0;
202000029626;154 690 188;Z01;1;32;0;2;0;5;1;
202000029626;154 690 189;A01;1;50;0;2;8;1;3;
202000029627;154 690 186;B01;3;99;0;2;7;19;0;
202000029627;154 690 187;A01;3;7;0;2;2;1;0;
202000029628;154 690 183;A01;1;10;0;2;1;16;6;
202000029628;154 690 185;B01;1;7;0;2;3;7;1;
202000029629;154 690 182;A01;1;7;0;2;7;20;1;
202000029629;154 690 184;B01;1;33;0;2;1;1;1;
202000029630;154 690 180;A01;2;32;0;0;0;21;1;
202000029631;154 690 181;A01;1;7;0;1;7;1;1;
202000029632;154 690 176;C01;2;7;0;2;4;23;1;
202000029632;154 690 177;B01;2;7;0;2;4;23;1;
202000029632;154 690 178;A01;2;7;0;2;1;1;1;
202000029633;154 690 174;A01;0;1;0;2;1;1;5;
202000029633;154 690 175;B01;0;7;0;2;4;1;1;
202000029634;154 690 179;A01;1;7;7;0;1;14;1;
202000029635;154 690 173;A01;1;15;0;1;1;15;1;
202000029636;154 690 171;A01;2;7;8;0;1;26;1;
202000029637;154 690 170;A01;1;7;0;2;2;16;1;
202000029637;154 690 172;B01;2;1;0;2;7;1;5;
202000029638;154 690 168;A01;1;1;0;0;0;1;5;
202000029639;154 690 167;A01;1;32;0;2;7;17;1;
202000029639;154 690 169;Z01;1;7;0;2;8;15;0;
202000029640;154 690 165;B01;1;7;0;2;4;1;1;
202000029640;154 690 166;A01;1;7;0;2;1;2;1;
202000029641;154 690 164;A01;1;32;0;0;0;1;1;
202000029642;154 690 162;B01;0;7;0;2;5;26;1;
202000029642;154 690 163;A01;0;7;0;2;0;26;1;
202000029643;154 690 160;A01;0;80;0;0;1;1;3;
202000029644;154 690 159;A01;1;7;1;2;1;15;1;
202000029644;154 690 161;B01;1;31;0;2;0;0;0;
202000029645;154 690 158;A01;1;7;15;0;1;1;1;
202000029646;154 690 156;B01;2;7;0;9;4;1;1;
202000029646;154 690 157;A01;2;31;0;2;1;1;1;
202000029647;154 690 155;A01;1;7;0;1;1;15;1;
202000029648;154 690 153;A01;2;7;0;2;3;0;0;
202000029648;154 690 154;B01;1;7;0;2;2;0;0;
202000029649;154 690 151;B01;2;7;0;2;2;9;1;
202000029649;154 690 152;A01;1;1;0;2;1;25;5;
202000029650;154 690 148;A01;1;7;0;2;6;12;1;
202000029650;154 690 149;B01;1;7;0;2;1;2;1;
202000029650;154 690 150;C01;1;7;0;2;3;2;1;
202000029651;154 690 144;B01;3;7;0;2;7;2;1;
202000029651;154 690 146;A01;3;37;0;2;3;9;1;2
202000029652;154 690 145;B01;2;7;0;2;3;1;1;
202000029652;154 690 147;A01;1;30;0;2;1;17;1;
202000029653;154 690 143;A01;2;34;0;1;1;1;1;
202000029654;154 690 140;B01;3;7;0;2;3;1;1;
202000029654;154 690 141;A01;3;7;0;2;1;15;1;
202000029655;154 690 138;B01;1;10;0;2;3;1;1;
202000029655;154 690 142;A01;2;50;0;2;8;1;3;
202000029656;154 690 137;B01;1;7;0;2;2;1;1;
202000029656;154 690 139;A01;2;7;0;2;1;15;1;
202000029657;154 690 134;B01;1;7;0;2;1;1;1;
202000029657;154 690 136;A01;1;10;0;2;7;26;1;
202000029658;154 690 135;A01;2;7;0;1;8;1;1;
202000029659;154 690 131;B01;1;1;0;2;8;0;0;
202000029659;154 690 133;A01;1;7;0;9;2;26;6;
202000029660;154 690 130;A01;1;7;0;2;1;9;1;
202000029660;154 690 132;C01;2;31;0;2;7;13;1;
202000029661;154 690 129;Z01;1;7;11;1;1;26;0;
202000029662;154 690 125;B01;1;7;0;0;5;15;0;
202000029662;154 690 126;A01;1;7;0;2;3;18;6;
202000029663;154 690 124;A01;1;3;15;0;1;1;1;
202000029664;154 690 122;B01;1;7;0;9;6;9;1;
202000029664;154 690 123;A01;1;7;0;2;2;9;1;
202000029665;154 690 120;B01;1;7;0;2;8;11;1;
202000029665;154 690 121;A01;1;32;0;2;2;3;1;
202000029666;154 690 119;A01;0;7;0;1;4;20;1;
202000029667;154 690 118;Z01;2;40;0;1;5;1;0;
202000029668;154 690 116;A01;1;7;0;1;2;0;1;
202000029669;154 690 115;A01;2;34;0;2;1;2;1;
202000029669;154 690 117;B01;2;7;0;2;5;23;1;
202000029670;154 690 113;B01;1;7;0;2;8;0;1;
202000029670;154 690 114;A01;1;7;0;2;1;0;1;
202000029671;154 690 111;B01;1;7;0;2;4;2;1;
202000029671;154 690 112;A01;1;13;4;0;0;0;0;
202000029672;154 690 109;A01;1;7;0;2;8;0;1;
202000029672;154 690 110;B01;1;2;0;2;1;0;1;
202000029673;154 690 107;B01;1;7;0;2;5;20;1;
202000029673;154 690 108;A01;1;30;0;2;2;14;1;
202000029674;154 690 106;A01;1;7;1;0;7;0;1;
202000029675;154 690 105;A01;1;7;0;1;2;1;1;
202000029676;154 690 103;A01;1;7;0;2;1;0;1;
202000029676;154 690 104;B01;1;7;0;2;5;0;1;
202000029677;154 690 099;A01;1;7;0;2;9;0;1;
202000029677;154 690 101;B01;1;7;0;2;1;0;1;
202000029678;154 690 096;A01;3;1;0;2;8;1;5;
202000029678;154 690 097;B01;0;7;0;2;3;16;1;