num_acc;id_vehicule;num_veh;senc;catv;obs;obsm;choc;manv;motor;occutc
202000029678;154 690 098;C01;0;7;0;2;2;16;1;
202000029679;154 690 094;A01;3;32;-1;-1;-1;1;-1;
202000029679;154 690 095;B01;3;7;-1;-1;-1;1;-1;
202000029680;154 690 093;A01;2;7;6;0;1;13;1;
202000029681;154 690 091;B01;2;1;0;2;1;1;5;
202000029681;154 690 092;A01;1;7;0;2;7;15;1;
202000029682;154 690 100;B01;1;31;0;2;1;1;1;
202000029682;154 690 102;A01;2;7;0;2;6;1;1;
202000029683;154 690 089;A01;2;7;0;2;7;15;1;
202000029683;154 690 090;B01;1;32;0;2;1;1;1;
202000029684;154 690 087;B01;2;33;0;2;1;1;1;
202000029684;154 690 088;A01;1;7;0;2;1;15;1;
202000029685;154 690 085;A01;1;7;2;0;1;14;1;
202000029686;154 690 084;B01;1;7;0;2;4;16;1;
202000029686;154 690 086;A01;1;33;0;2;1;1;1;
202000029687;154 690 083;A01;1;7;2;0;1;13;1;
202000029688;154 690 081;A01;2;7;0;9;1;1;1;
202000029688;154 690 082;B01;2;1;0;0;4;23;5;
202000029689;154 690 079;B01;1;37;0;2;3;1;4;1
202000029689;154 690 080;A01;1;1;0;2;1;9;5;
202000029690;154 690 077;A01;2;7;0;1;1;19;1;
202000029691;154 690 075;A01;2;7;0;1;1;1;1;
202000029692;154 690 074;B01;1;1;0;2;1;1;5;
202000029692;154 690 076;A01;1;7;0;2;3;26;1;
202000029693;154 690 072;B01;1;7;0;2;1;1;1;
202000029693;154 690 073;A01;2;7;0;2;8;6;1;
202000029694;154 690 069;A01;1;7;0;2;3;13;1;
202000029694;154 690 070;B01;2;7;14;0;3;1;1;
202000029694;154 690 071;C01;2;7;14;2;1;2;1;
202000029695;154 690 064;B01;2;7;0;2;8;1;1;
202000029695;154 690 066;A01;1;10;0;2;3;2;1;
202000029696;154 690 062;B01;3;7;0;0;3;1;1;
202000029696;154 690 063;A01;3;33;0;2;8;5;1;
202000029697;154 690 061;A01;3;7;0;0;0;1;1;
202000029698;154 690 059;A01;1;7;0;2;3;1;1;
202000029698;154 690 060;B01;1;7;0;2;3;13;1;
202000029699;154 690 058;A01;3;7;0;1;1;1;1;
202000029700;154 690 057;A01;1;1;15;0;3;1;0;
202000029701;154 690 055;B01;1;2;0;2;1;17;0;
202000029701;154 690 056;A01;1;7;0;2;3;15;0;
202000029702;154 690 054;A01;2;7;2;0;1;2;1;
202000029703;154 690 050;A01;1;7;0;2;1;1;1;
202000029703;154 690 052;B01;2;7;0;2;1;0;1;
202000029704;154 690 051;B01;0;7;0;2;0;0;1;
202000029704;154 690 053;A01;0;7;2;2;8;17;1;
202000029705;154 690 048;B01;1;14;0;2;3;1;1;
202000029705;154 690 049;A01;1;7;0;2;7;16;1;
202000029706;154 690 046;A01;1;7;0;2;1;15;1;
202000029706;154 690 047;B01;2;33;0;2;3;1;1;
202000029707;154 690 043;B01;3;7;0;2;1;1;1;
202000029707;154 690 045;A01;3;7;0;2;1;1;1;
202000029708;154 690 042;A01;3;32;0;2;1;2;1;
202000029708;154 690 044;B01;3;7;0;2;4;2;1;
202000029709;154 690 039;A01;1;30;0;2;7;17;1;
202000029709;154 690 040;B01;1;7;0;2;8;15;1;
202000029710;154 690 038;A01;0;7;0;2;7;1;1;
202000029710;154 690 041;B01;1;7;0;2;1;1;1;
202000029711;154 690 036;B01;2;7;0;2;1;9;1;
202000029711;154 690 037;A01;1;34;0;2;1;17;1;
202000029712;154 690 035;A01;1;7;0;1;1;1;1;
202000029713;154 690 033;B01;1;33;0;2;7;1;1;
202000029713;154 690 034;A01;2;7;0;2;7;5;1;
202000029714;154 690 032;A01;2;7;13;0;2;1;1;
202000029715;154 690 030;A01;2;33;0;2;4;1;1;
202000029715;154 690 031;B01;2;7;0;2;4;1;1;
202000029716;154 690 029;A01;0;7;13;0;0;1;1;
202000029717;154 690 027;A01;1;7;2;0;1;1;1;
202000029718;154 690 026;A01;1;7;0;2;1;9;1;
202000029718;154 690 028;B01;1;1;0;2;2;19;5;
202000029719;154 690 024;A01;2;10;0;2;2;2;1;
202000029719;154 690 025;B01;2;35;0;2;4;1;1;
202000029720;154 690 021;Z01;1;7;0;2;8;11;0;
202000029720;154 690 022;B01;1;7;0;2;2;1;1;
202000029720;154 690 023;A01;1;43;0;2;7;12;1;
202000029721;154 690 019;B01;1;33;0;2;4;11;1;
202000029721;154 690 020;A01;1;10;0;2;2;1;1;
202000029722;154 690 017;A01;1;31;0;0;0;1;1;
202000029723;154 690 018;A01;1;7;2;0;1;1;1;
202000029724;154 690 016;A01;1;33;0;0;0;1;1;
202000029725;154 690 015;A01;3;7;2;0;3;1;1;
202000029726;154 690 012;A01;2;7;0;2;3;13;0;
202000029726;154 690 013;B01;1;10;0;2;3;1;0;
202000029726;154 690 014;C01;1;7;0;0;3;1;0;
202000029727;154 690 006;A01;2;10;0;2;3;1;1;
202000029727;154 690 007;B01;1;7;0;2;3;1;1;
202000029728;154 690 005;A01;1;32;13;0;1;1;1;
202000029729;154 690 003;A01;1;7;0;2;1;2;1;
202000029729;154 690 004;B01;1;7;1;1;4;1;1;
202000029730;154 690 000;B01;1;7;14;2;1;1;3;
202000029730;154 690 002;A01;1;7;1;2;1;1;1;
202000029731;154 689 999;A01;1;33;0;0;7;1;1;
202000029732;154 689 997;A01;2;7;0;2;3;13;1;
202000029732;154 689 998;B01;1;13;0;2;3;0;1;
202000029733;154 690 001;A01;1;1;0;2;7;19;5;
202000029733;154 690 008;B01;1;33;1;2;8;1;1;
202000029734;154 689 996;A01;2;7;13;0;1;1;1;
202000029735;154 689 995;A01;1;7;0;1;1;1;1;
202000029736;154 689 994;A01;1;7;17;0;3;13;1;
202000029737;154 689 992;A01;2;7;0;2;1;1;1;
202000029737;154 689 993;B01;2;7;0;2;4;23;1;
202000029738;154 689 991;A01;1;7;15;0;0;0;6;
202000029739;154 689 989;B01;1;7;0;2;3;1;1;
202000029739;154 689 990;A01;1;30;0;2;2;17;1;
202000029740;154 689 988;A01;1;7;4;0;1;0;1;
202000029741;154 689 985;C01;2;7;0;2;4;23;1;
202000029741;154 689 986;B01;2;7;0;2;4;23;1;
202000029741;154 689 987;A01;2;7;0;2;1;2;1;
202000029742;154 689 983;Y01;1;1;0;2;3;1;5;
202000029742;154 689 984;A01;2;33;0;2;2;15;1;
202000029743;154 689 981;A01;1;7;0;9;7;15;0;
202000029743;154 689 982;B01;2;31;0;0;0;1;1;
202000029744;154 689 979;A01;1;31;0;2;7;23;1;
202000029744;154 689 980;Z01;2;30;0;2;1;25;0;
202000029745;154 689 977;B01;2;7;0;2;3;1;1;
202000029745;154 689 978;A01;1;7;0;2;3;1;1;
202000029746;154 689 975;Z01;1;7;0;2;8;18;0;
202000029746;154 689 976;B01;1;30;0;2;7;1;1;
202000029747;154 689 973;A01;0;7;0;2;2;1;0;
202000029747;154 689 974;B01;0;7;0;2;3;19;0;
202000029748;154 689 971;A01;2;10;0;2;3;15;1;
202000029748;154 689 972;B01;2;2;0;2;1;1;1;
202000029749;154 689 968;A01;0;10;0;2;3;2;1;
202000029749;154 689 969;B01;0;7;0;2;3;15;1;
202000029749;154 689 970;C01;0;10;0;0;6;23;1;
202000029750;154 689 966;A01;0;7;8;0;1;0;1;
202000029751;154 689 965;B01;2;31;0;2;1;1;1;
202000029751;154 689 967;A01;2;1;0;2;8;15;5;
202000029752;154 689 963;B01;1;7;0;2;3;1;1;
202000029752;154 689 964;A01;2;7;0;2;7;1;1;
202000029753;154 689 959;B01;1;7;0;2;2;9;1;
202000029753;154 689 961;A01;1;34;0;2;3;1;1;
202000029754;154 689 960;A01;3;7;0;2;1;1;1;
202000029754;154 689 962;B01;3;7;0;2;1;1;1;
202000029755;154 689 955;Z01;1;7;0;2;1;2;0;
202000029755;154 689 956;B01;1;7;0;2;6;23;2;
202000029755;154 689 958;A01;1;31;0;2;4;23;1;
202000029756;154 689 954;B01;1;1;0;2;3;1;5;
202000029756;154 689 957;A01;1;7;0;2;2;15;1;
202000029757;154 689 953;A01;3;1;0;1;1;1;5;
202000029758;154 689 951;A01;2;10;1;0;1;14;1;
202000029759;154 689 949;A01;1;7;0;0;6;23;1;
202000029759;154 689 950;B01;1;7;0;2;2;1;1;
202000029759;154 689 952;C01;2;7;0;2;3;1;1;
202000029760;154 689 947;A01;1;7;0;1;1;1;1;
202000029761;154 689 948;A01;2;1;0;1;8;7;5;
202000029762;154 689 946;A01;1;7;0;1;3;1;1;
202000029763;154 689 942;A01;2;7;0;2;3;0;1;
202000029763;154 689 943;B01;1;7;0;2;3;0;1;
202000029764;154 689 940;A01;1;7;0;2;1;13;1;
202000029764;154 689 941;B01;2;1;0;2;1;1;5;
202000029765;154 689 944;B01;1;1;0;2;8;19;0;
202000029765;154 689 945;A01;1;7;0;9;6;1;0;
202000029766;154 689 936;B01;0;2;0;0;2;1;0;
202000029766;154 689 939;A01;0;7;0;2;1;1;0;
202000029767;154 689 934;A01;2;7;0;2;1;9;1;
202000029767;154 689 935;B01;2;1;0;0;7;1;5;
202000029768;154 689 932;B01;2;38;0;2;1;1;1;23
202000029768;154 689 933;A01;1;7;0;2;8;15;1;
202000029769;154 689 930;A01;3;36;0;0;0;15;1;
202000029770;154 689 929;A01;3;33;0;0;0;1;1;
202000029771;154 689 928;A01;2;7;2;0;1;1;1;
202000029772;154 689 927;A01;1;7;13;0;3;16;1;
202000029773;154 689 926;A01;1;7;13;0;9;26;1;
202000029774;154 689 923;C01;2;10;0;2;1;1;0;
202000029774;154 689 924;B01;2;7;0;2;1;1;1;
202000029774;154 689 925;A01;2;7;0;2;5;9;1;
202000029775;154 689 931;B01;0;7;0;2;1;1;1;
202000029775;154 689 937;C01;1;7;0;2;6;1;1;
202000029775;154 689 938;A01;0;7;0;0;1;13;1;
202000029776;154 689 922;A01;2;7;0;1;1;2;1;
202000029777;154 689 920;A01;1;7;4;0;7;2;1;
202000029778;154 689 919;A01;1;7;4;0;8;2;1;
202000029779;154 689 918;A01;2;7;0;2;2;15;1;
202000029779;154 689 921;Y01;1;80;0;2;1;1;5;
202000029780;154 689 914;C01;1;10;0;2;3;1;1;
202000029780;154 689 915;B01;1;10;0;2;6;1;1;
202000029780;154 689 917;A01;1;10;0;2;2;1;1;
202000029781;154 689 913;B01;3;7;0;2;2;1;1;
202000029781;154 689 916;A01;3;7;0;2;7;15;1;
202000029782;154 689 911;B01;1;33;0;2;5;3;1;
202000029782;154 689 912;A01;1;7;0;2;5;12;1;
202000029783;154 689 909;A01;1;7;0;0;3;24;1;
202000029783;154 689 910;B01;1;1;1;0;1;1;5;
202000029784;154 689 907;B01;2;7;0;2;4;2;2;
202000029784;154 689 908;A01;2;33;0;2;1;2;1;
202000029785;154 689 905;B01;-1;33;0;2;2;15;0;
202000029785;154 689 906;A01;-1;7;0;2;3;15;0;
202000029786;154 689 903;A01;2;7;0;2;1;2;1;
202000029786;154 689 904;B01;2;7;0;2;4;2;1;
202000029787;154 689 901;B01;1;7;0;2;6;1;1;
202000029787;154 689 902;A01;1;7;0;2;1;26;1;
202000029788;154 689 899;A01;2;7;0;0;1;2;1;
202000029789;154 689 898;B01;0;33;0;2;3;1;1;
202000029789;154 689 900;A01;0;7;0;2;3;1;1;
202000029790;154 689 896;B01;2;33;0;2;1;2;1;
202000029790;154 689 897;A01;2;7;0;2;4;23;1;
202000029791;154 689 894;B01;1;34;0;2;2;5;1;
202000029791;154 689 895;A01;1;7;0;2;3;15;1;
202000029792;154 689 890;B01;1;10;0;2;4;1;1;
202000029792;154 689 891;D01;1;10;0;2;3;1;1;
202000029792;154 689 892;C01;1;10;0;2;4;1;1;
202000029792;154 689 893;A01;1;99;0;2;1;1;1;
202000029793;154 689 886;C01;1;17;0;2;6;1;1;
202000029793;154 689 887;B01;1;7;0;2;5;1;1;
202000029793;154 689 888;A01;1;43;0;2;1;3;1;
202000029794;154 689 885;A01;1;10;0;2;2;1;1;
202000029794;154 689 889;B01;1;2;0;2;1;1;1;
202000029795;154 689 883;A01;1;7;0;2;8;1;1;
202000029795;154 689 884;B01;1;17;0;2;2;12;1;
202000029796;154 689 882;A01;2;7;8;1;1;14;0;
202000029797;154 689 879;A01;3;31;0;2;1;1;1;
202000029797;154 689 881;B01;3;10;0;2;2;1;1;
202000029798;154 689 878;A01;1;10;0;1;2;15;1;
202000029799;154 689 876;A01;1;1;0;2;7;19;5;
202000029799;154 689 877;B01;1;7;0;2;3;2;1;
202000029800;154 689 874;A01;1;7;0;2;7;15;0;
202000029800;154 689 875;B01;2;33;0;2;1;1;1;
202000029801;154 689 873;A01;1;37;0;1;8;2;1;1
202000029802;154 689 871;B01;2;1;0;2;1;2;5;
202000029802;154 689 872;A01;2;7;0;2;4;23;1;
202000029803;154 689 880;A01;1;7;0;1;1;0;0;
202000029804;154 689 870;A01;2;7;0;1;3;16;1;
202000029805;154 689 868;B01;2;10;0;2;4;2;0;
202000029805;154 689 869;A01;2;99;0;2;1;2;0;
202000029806;154 689 866;B01;1;7;0;2;2;16;1;
202000029806;154 689 867;A01;1;1;0;2;1;1;5;
202000029807;154 689 864;A01;2;7;0;2;1;1;1;
202000029807;154 689 865;B01;1;7;0;2;7;1;1;
202000029808;154 689 861;C01;1;7;0;2;4;1;1;
202000029808;154 689 862;A01;1;7;0;2;1;2;1;
202000029808;154 689 863;B01;1;33;0;2;4;2;1;
202000029809;154 689 859;B01;2;7;0;2;2;15;1;
202000029809;154 689 860;A01;1;32;0;2;1;26;1;
202000029810;154 689 858;A01;1;7;1;0;0;1;-1;
202000029811;154 689 856;A01;2;7;0;0;4;2;1;
202000029811;154 689 857;B01;2;33;0;2;1;0;1;
202000029812;154 689 855;A01;1;10;0;1;2;2;1;
202000029813;154 689 854;A01;3;7;0;1;2;1;1;
202000029814;154 689 852;A01;1;33;0;1;2;1;1;
202000029814;154 689 853;C01;1;14;0;2;1;1;1;
202000029815;154 689 851;A01;2;7;0;1;1;1;1;
202000029816;154 689 850;A01;2;30;0;1;1;1;1;
202000029817;154 689 849;LA01;3;33;8;0;3;26;1;
202000029818;154 689 848;A01;3;7;0;1;3;21;0;
202000029819;154 689 846;A01;1;37;0;2;1;1;1;1
202000029819;154 689 847;B01;1;7;0;2;4;23;1;
202000029820;154 689 844;B01;3;33;10;2;5;1;1;
202000029820;154 689 845;A01;3;7;0;2;3;11;1;
202000029821;154 689 843;A01;1;7;0;1;1;26;6;
202000029822;154 689 842;A01;3;10;2;0;3;15;1;
202000029823;154 689 840;A01;3;7;1;2;3;26;1;
202000029823;154 689 841;B01;3;33;0;0;2;1;1;
202000029824;154 689 839;A01;3;10;8;0;1;26;1;
202000029825;154 689 837;A01;1;37;0;2;1;21;1;1
202000029825;154 689 838;B01;1;7;0;2;6;2;1;
202000029826;154 689 835;B01;3;7;0;2;4;2;1;
202000029826;154 689 836;A01;3;7;0;2;1;2;1;
202000029827;154 689 833;B01;1;7;0;2;2;0;1;
202000029827;154 689 834;A01;3;7;0;2;6;18;1;
202000029828;154 689 832;A01;1;7;0;1;3;1;1;
202000029829;154 689 828;A01;1;7;0;2;7;9;1;
202000029829;154 689 829;B01;1;33;0;2;1;1;1;
202000029830;154 689 826;B01;1;1;0;2;4;2;5;
202000029830;154 689 827;A01;1;7;0;2;1;21;1;
202000029831;154 689 824;A01;1;7;0;2;1;13;1;
202000029831;154 689 825;B01;2;7;0;2;1;1;1;
202000029832;154 689 823;A01;1;7;6;0;3;1;1;
202000029833;154 689 821;B01;2;7;0;2;3;1;1;
202000029833;154 689 822;A01;1;7;0;2;2;15;1;
202000029834;154 689 817;A01;0;2;9;0;1;26;0;
202000029835;154 689 816;A01;0;7;0;0;7;1;1;
202000029836;154 689 815;A01;1;7;0;1;7;17;1;
202000029837;154 689 813;A01;2;30;0;2;1;0;1;
202000029837;154 689 814;B01;2;10;0;2;0;0;1;
202000029838;154 689 812;A01;2;7;14;0;2;1;1;
202000029839;154 689 809;A01;1;10;0;2;1;2;0;
202000029839;154 689 810;B01;1;7;0;2;9;2;0;
202000029839;154 689 811;C01;1;7;0;2;4;2;0;
202000029840;154 689 807;B01;3;40;0;2;2;1;0;
202000029840;154 689 808;A01;3;7;0;4;1;1;1;
202000029841;154 689 806;Z01;3;7;0;1;0;0;0;
202000029842;154 689 804;A01;1;1;0;2;1;19;5;
202000029842;154 689 805;B01;2;10;0;2;3;1;1;
202000029843;154 689 802;B01;1;40;0;2;1;1;3;
202000029843;154 689 803;A01;1;7;0;4;3;15;2;
202000029844;154 689 801;A01;2;7;4;0;1;9;1;
202000029845;154 689 798;A01;1;7;0;2;1;2;1;
202000029845;154 689 799;B01;1;7;0;2;4;2;1;
202000029845;154 689 800;C01;1;10;0;2;4;2;1;
202000029846;154 689 796;A01;2;30;0;2;3;1;1;
202000029846;154 689 797;B01;2;7;0;2;2;16;1;
202000029847;154 689 794;B01;2;33;0;2;1;2;1;
202000029847;154 689 795;A01;2;7;0;2;1;11;1;
202000029848;154 689 792;B01;1;7;0;2;4;2;1;
202000029848;154 689 793;A01;1;7;0;2;1;26;1;
202000029849;154 689 790;B01;2;7;0;2;1;1;1;
202000029849;154 689 791;A01;1;7;0;2;2;16;1;
202000029850;154 689 788;A01;1;99;9;2;1;1;0;
202000029850;154 689 789;B01;2;7;0;2;3;15;1;
202000029851;154 689 787;A01;2;33;0;0;0;26;1;
202000029852;154 689 786;A01;1;7;0;1;1;1;1;
202000029853;154 689 784;B01;1;33;0;2;1;1;0;
202000029853;154 689 785;A01;1;7;0;2;2;15;0;
202000029854;154 689 782;A01;2;31;0;2;1;2;1;
202000029854;154 689 783;B01;2;7;0;2;4;1;1;
202000029855;154 689 780;B01;1;10;0;2;3;0;1;
202000029855;154 689 781;A01;1;7;0;2;1;1;1;
202000029856;154 689 779;A01;2;10;0;1;6;4;1;
202000029857;154 689 777;A01;1;7;0;2;3;15;1;
202000029857;154 689 778;B01;1;2;0;2;1;17;1;
202000029858;154 689 775;A01;1;7;0;2;3;9;1;
202000029858;154 689 776;B01;1;1;0;2;1;1;5;
202000029859;154 689 774;A01;3;7;6;0;1;16;1;
202000029860;154 689 772;Z01;3;7;0;2;0;0;1;
202000029860;154 689 773;A01;3;7;0;2;5;1;1;
202000029861;154 689 770;B01;1;33;0;2;2;1;1;
202000029861;154 689 771;A01;1;7;0;2;3;15;1;
202000029862;154 689 768;B01;2;2;0;2;0;1;1;
202000029862;154 689 769;Z01;0;7;0;2;0;14;1;
202000029863;154 689 766;B01;1;7;0;2;7;12;1;
202000029863;154 689 767;A01;1;31;0;2;8;18;1;
202000029864;154 689 764;A01;2;7;0;2;2;15;1;
202000029864;154 689 765;B01;2;30;0;2;8;1;1;
202000029865;154 689 763;A01;1;7;0;1;2;1;1;
202000029866;154 689 761;B01;2;1;0;2;1;1;0;
202000029866;154 689 762;A01;1;7;0;2;2;15;1;
202000029867;154 689 759;B01;1;15;0;2;7;24;1;
202000029867;154 689 760;A01;1;7;1;0;1;26;1;
202000029868;154 689 757;B01;1;7;0;2;4;1;1;
202000029868;154 689 758;A01;1;31;0;2;1;1;1;
202000029869;154 689 756;A01;0;7;0;1;1;16;1;
202000029870;154 689 754;B01;2;7;0;2;6;1;1;
202000029870;154 689 755;A01;2;33;0;2;6;2;1;
202000029871;154 689 750;B01;0;7;0;2;6;2;0;
202000029871;154 689 751;A01;1;34;0;2;1;2;0;
202000029872;154 689 747;C01;1;13;0;2;4;23;1;
202000029872;154 689 748;B01;1;7;0;2;4;1;1;
202000029872;154 689 749;A01;1;7;0;2;1;2;1;
202000029873;154 689 745;B01;1;43;0;2;1;2;1;
202000029873;154 689 746;Z01;1;7;0;2;8;10;0;
202000029874;154 689 744;A01;0;7;0;1;2;1;1;
202000029875;154 689 742;A01;1;7;0;2;1;1;1;
202000029875;154 689 743;B01;0;7;0;2;5;15;1;
202000029876;154 689 740;B01;2;33;0;2;8;23;1;
202000029876;154 689 741;A01;2;7;0;2;2;2;1;
202000029877;154 689 738;A01;2;33;0;2;1;1;1;
202000029877;154 689 739;B01;2;7;0;2;4;22;1;
202000029878;154 689 737;A01;2;7;0;1;1;1;1;
202000029879;154 689 735;A01;3;7;0;2;0;15;1;
202000029879;154 689 736;B01;3;2;0;2;0;0;1;
202000029880;154 689 734;Z01;1;10;0;1;1;1;1;
202000029881;154 689 733;A01;1;37;0;2;0;2;1;4
202000029882;154 689 731;A01;1;7;0;2;1;1;1;
202000029882;154 689 732;B01;1;7;0;2;4;1;1;
202000029883;154 689 729;B01;1;7;0;2;5;12;1;
202000029883;154 689 730;A01;1;33;0;2;3;3;1;
202000029884;154 689 728;A01;1;32;0;1;8;1;1;
202000029885;154 689 727;A01;3;32;12;0;9;13;1;
202000029886;154 689 725;B01;1;7;0;2;3;15;1;
202000029886;154 689 726;A01;1;1;0;2;2;1;5;
202000029887;154 689 723;A01;2;30;0;2;1;1;1;
202000029887;154 689 724;Z01;2;10;0;2;0;10;1;
202000029888;154 689 722;A01;2;7;0;1;1;1;2;
202000029889;154 689 720;B01;1;50;0;2;7;17;3;
202000029889;154 689 721;A01;1;1;0;2;8;13;5;
202000029890;154 689 718;B01;2;7;0;2;5;23;2;
202000029890;154 689 719;A01;2;1;0;2;1;15;5;
202000029891;154 689 715;B01;2;10;0;2;3;20;1;
202000029891;154 689 716;Z01;1;7;0;2;0;9;2;
202000029891;154 689 717;A01;1;33;0;2;0;21;1;
202000029892;154 689 714;A01;1;1;0;1;1;1;5;
202000029893;154 689 712;B01;2;33;0;2;1;1;1;
202000029893;154 689 713;A01;2;7;0;2;0;9;1;
202000029894;154 689 710;A01;3;7;0;2;1;1;1;
202000029894;154 689 711;B01;3;10;0;2;2;1;1;
202000029895;154 689 708;A01;2;14;0;2;0;10;6;
202000029895;154 689 709;B01;2;30;0;2;0;1;1;
202000029896;154 689 707;A01;2;7;0;1;1;1;1;
202000029897;154 689 706;A01;1;33;0;0;2;16;1;
202000029898;154 689 704;B01;1;10;0;2;8;15;1;
202000029898;154 689 705;A01;1;31;0;2;1;1;1;
202000029899;154 689 703;A01;2;0;0;1;2;1;0;
202000029900;154 689 701;B01;2;7;0;2;3;16;1;
202000029900;154 689 702;A01;2;31;0;2;1;1;1;
202000029901;154 689 700;A01;1;7;0;1;1;16;0;
202000029902;154 689 699;A01;1;7;12;0;2;1;0;
202000029903;154 689 698;A01;2;7;0;1;2;2;2;
202000029904;154 689 696;A01;1;7;0;2;1;15;1;
202000029904;154 689 697;B01;2;33;0;2;8;1;1;
202000029905;154 689 695;A01;3;7;6;0;1;1;0;
202000029906;154 689 693;A01;1;7;0;2;2;1;1;
202000029906;154 689 694;B01;1;7;1;0;6;2;1;
202000029907;154 689 692;B01;3;7;0;1;2;26;1;
202000029908;154 689 690;B01;2;7;14;2;3;26;0;
202000029908;154 689 691;A01;2;33;0;2;3;26;0;
202000029909;154 689 689;A01;-1;7;0;1;1;1;0;
202000029910;154 689 687;Z01;1;7;0;2;0;12;0;
202000029910;154 689 688;A01;1;32;0;2;8;26;1;
202000029911;154 689 685;A01;1;7;0;2;1;19;1;
202000029911;154 689 686;B01;0;1;0;2;8;1;6;
202000029912;154 689 683;A01;3;7;0;2;5;17;1;
202000029912;154 689 684;B01;3;7;0;2;3;1;1;
202000029913;154 689 681;A01;3;7;12;4;0;9;1;
202000029913;154 689 682;B01;3;40;0;2;7;0;3;
202000029914;154 689 680;A01;1;7;0;1;2;16;1;
202000029915;154 689 679;A01;2;7;8;0;1;12;1;
202000029916;154 689 677;B01;1;32;0;2;2;17;1;
202000029916;154 689 678;A01;2;7;0;2;3;15;1;
202000029917;154 689 675;A01;1;7;0;2;3;17;1;
202000029917;154 689 676;B01;1;7;0;2;6;15;1;
202000029918;154 689 673;A01;1;7;0;2;5;15;0;
202000029918;154 689 674;B01;2;33;0;2;1;18;0;
202000029919;154 689 672;A01;1;7;4;0;3;2;1;
202000029920;154 689 670;A01;2;7;0;2;1;2;6;
202000029920;154 689 671;B01;2;1;0;2;4;2;5;
202000029921;154 689 669;A01;2;7;2;0;9;1;0;
202000029922;154 689 667;A01;2;17;1;0;2;1;1;
202000029922;154 689 668;B01;1;10;3;1;6;23;1;
202000029923;154 689 665;A01;2;10;0;2;1;2;1;
202000029923;154 689 666;B01;2;10;3;0;4;2;1;
202000029924;154 689 664;A01;1;7;4;0;9;2;1;
202000029925;154 689 663;A01;2;7;4;0;1;1;2;
202000029926;154 689 661;B01;0;7;0;2;3;16;1;
202000029926;154 689 662;A01;3;7;6;1;3;13;1;
202000029927;154 689 660;A01;1;7;0;1;3;16;0;
202000029928;154 689 659;A01;3;7;6;0;1;1;1;
202000029929;154 689 657;B01;2;7;0;2;1;1;1;
202000029929;154 689 658;A01;1;7;0;2;1;13;1;
202000029930;154 689 656;A01;2;7;2;0;9;0;1;
202000029931;154 689 655;A01;3;34;8;0;1;1;1;
202000029932;154 689 653;B01;1;17;1;0;8;24;1;
202000029932;154 689 654;A01;1;7;1;0;2;0;1;
202000029933;154 689 652;A01;1;7;6;0;1;1;1;
202000029934;154 689 648;A01;2;7;0;2;1;1;1;
202000029934;154 689 649;D01;2;7;0;0;4;23;1;
202000029934;154 689 650;C01;2;2;0;2;4;23;1;
202000029934;154 689 651;B01;2;30;0;2;4;23;1;
202000029935;154 689 647;A01;1;7;7;0;3;0;0;
202000029936;154 689 645;B01;1;1;0;2;0;1;5;
202000029936;154 689 646;A01;2;7;0;2;2;1;1;
202000029937;154 689 644;A01;2;7;0;0;0;21;1;
202000029938;154 689 642;A01;2;15;0;9;4;24;1;
202000029938;154 689 643;B01;2;1;1;0;1;2;5;
202000029939;154 689 641;A01;2;7;6;0;2;21;1;
202000029940;154 689 639;B01;2;7;0;2;1;1;1;
202000029940;154 689 640;A01;1;7;0;2;2;19;1;
202000029941;154 689 638;A01;2;17;0;1;2;1;1;
202000029942;154 689 634;A01;2;7;0;2;3;15;1;
202000029942;154 689 635;B01;1;7;0;2;1;1;1;
202000029943;154 689 632;A01;2;7;0;2;3;5;1;
202000029943;154 689 633;B01;1;14;0;2;3;1;1;
202000029944;154 689 630;B01;1;7;0;2;4;2;1;
202000029944;154 689 631;A01;1;7;0;2;1;2;1;
202000029945;154 689 628;A01;2;7;0;2;3;9;1;
202000029945;154 689 629;B01;1;2;0;2;1;3;1;
202000029946;154 689 627;A01;2;7;4;0;1;0;1;
202000029947;154 689 626;A01;1;2;0;1;1;1;1;
202000029948;154 689 625;A01;3;2;0;9;3;1;1;
202000029949;154 689 624;A01;1;7;0;1;3;1;1;
202000029950;154 689 622;A01;2;7;16;2;2;0;1;
202000029950;154 689 623;B01;1;10;0;2;8;0;1;
202000029951;154 689 621;A01;2;7;8;0;1;1;1;
202000029952;154 689 619;B01;2;7;0;2;4;2;0;
202000029952;154 689 620;A01;2;7;0;2;1;2;0;
202000029953;154 689 616;A01;0;7;0;2;1;1;6;
202000029953;154 689 617;B01;0;7;0;2;4;1;6;
202000029953;154 689 618;C01;0;7;0;0;4;1;6;
202000029954;154 689 614;A01;2;7;0;2;3;15;1;
202000029954;154 689 615;B01;1;2;0;2;1;2;1;
202000029955;154 689 612;A01;2;7;0;2;1;1;1;
202000029955;154 689 613;B01;2;7;7;2;6;1;1;
202000029956;154 689 610;A01;3;1;0;2;4;14;5;
202000029956;154 689 611;B01;3;7;0;2;2;2;1;
202000029957;154 689 609;A01;2;7;2;0;9;1;1;
202000029958;154 689 607;A01;2;3;0;2;3;13;1;
202000029958;154 689 608;B01;2;7;0;2;3;1;1;
202000029959;154 689 606;A01;2;7;8;0;6;1;1;
202000029960;154 689 604;A01;1;2;0;2;1;17;1;
202000029960;154 689 605;B01;1;7;0;2;3;15;1;
202000029961;154 689 602;B01;2;2;0;2;1;11;0;