num_acc;id_vehicule;num_veh;senc;catv;obs;obsm;choc;manv;motor;occutc
202000030236;154 689 104;A01;-1;7;6;0;1;26;1;
202000030237;154 689 102;A01;3;1;0;2;3;9;5;
202000030237;154 689 103;B01;1;32;0;2;1;1;1;
202000030238;154 689 100;B01;1;7;0;2;1;1;1;
202000030238;154 689 101;A01;1;7;0;2;5;1;1;
202000030239;154 689 098;A01;2;37;0;2;8;1;1;1
202000030239;154 689 099;B01;1;50;0;2;1;13;3;
202000030240;154 689 095;A01;1;7;0;2;1;2;1;
202000030240;154 689 096;B01;1;7;0;2;4;2;1;
202000030240;154 689 097;C01;1;7;0;2;4;1;1;
202000030241;154 689 093;Y01;1;50;0;2;8;0;3;
202000030241;154 689 094;A01;2;10;0;2;1;15;4;
202000030242;154 689 092;A01;2;10;0;1;3;15;1;
202000030243;154 689 090;B01;1;7;0;2;1;9;3;
202000030243;154 689 091;A01;1;30;0;2;7;9;1;
202000030244;154 689 089;A01;1;30;0;0;0;0;1;
202000030245;154 689 088;A01;3;33;12;0;1;16;1;
202000030246;154 689 087;A01;1;7;0;1;2;26;1;
202000030247;154 689 085;A01;1;7;0;2;3;13;1;
202000030247;154 689 086;B01;2;7;0;2;8;1;1;
202000030248;154 689 084;A01;2;7;0;1;3;15;1;
202000030249;154 689 083;A01;1;7;0;2;2;14;1;
202000030250;154 689 082;A01;2;7;9;1;1;21;1;
202000030251;154 689 081;A01;1;7;13;0;2;1;1;
202000030252;154 689 079;A01;1;7;0;2;2;2;1;
202000030252;154 689 080;B01;1;14;0;0;6;2;1;
202000030253;154 689 078;A01;2;7;0;0;0;1;1;
202000030254;154 689 077;A01;2;7;3;0;1;0;1;
202000030255;154 689 076;A01;1;7;15;0;3;1;1;
202000030256;154 689 074;A01;1;2;0;2;1;2;1;
202000030256;154 689 075;B01;1;7;0;0;6;2;1;
202000030257;154 689 073;A01;0;7;2;0;1;1;1;
202000030258;154 689 072;A01;3;2;0;0;1;1;1;
202000030259;154 689 071;A01;1;34;13;0;1;1;1;
202000030260;154 689 069;B01;2;1;0;2;8;19;6;
202000030260;154 689 070;A01;2;15;0;2;3;1;1;
202000030261;154 689 067;A01;3;31;8;2;1;1;0;
202000030261;154 689 068;B01;3;99;0;2;2;1;0;
202000030262;154 689 066;A01;2;21;3;0;1;1;1;
202000030263;154 689 064;A01;3;7;0;0;6;15;2;
202000030263;154 689 065;B01;2;2;0;2;2;1;1;
202000030264;154 689 063;A01;1;33;15;0;1;1;1;
202000030265;154 689 062;A01;2;34;0;0;7;1;1;
202000030266;154 689 060;B01;2;33;0;2;6;1;1;
202000030266;154 689 061;A01;1;7;0;2;3;1;1;
202000030267;154 689 058;A01;3;2;0;2;1;1;1;
202000030267;154 689 059;B01;3;7;0;2;3;1;1;
202000030268;154 689 054;A01;3;7;0;2;1;16;1;
202000030268;154 689 055;B01;1;7;0;2;3;1;1;
202000030269;154 689 053;A01;1;33;0;0;0;1;1;
202000030270;154 689 052;A01;2;7;8;0;1;1;1;
202000030271;154 689 050;B01;1;7;0;2;3;1;1;
202000030271;154 689 051;A01;2;32;0;2;3;13;1;
202000030272;154 689 048;B01;3;7;0;2;2;19;1;
202000030272;154 689 049;A01;2;7;0;2;2;1;1;
202000030273;154 689 046;B01;0;33;0;0;5;26;1;
202000030273;154 689 047;A01;0;10;0;2;3;26;1;
202000030274;154 689 044;B01;0;7;0;2;3;15;1;
202000030274;154 689 045;A01;0;33;0;2;1;1;1;
202000030275;154 689 043;A01;3;7;0;0;8;16;1;
202000030276;154 689 042;A01;3;33;13;0;7;21;1;
202000030277;154 689 040;A01;1;7;0;2;3;13;3;
202000030277;154 689 041;B01;2;33;0;2;1;1;1;
202000030278;154 689 039;A01;1;7;0;9;0;1;1;
202000030279;154 689 037;B01;1;7;0;2;3;1;1;
202000030279;154 689 038;A01;2;7;0;2;1;13;1;
202000030280;154 689 036;A01;2;7;2;0;1;2;1;
202000030281;154 689 034;B01;2;1;0;2;1;1;5;
202000030281;154 689 035;A01;2;7;0;9;2;12;1;
202000030282;154 689 032;B01;2;2;0;2;1;15;0;
202000030282;154 689 033;A01;1;7;0;2;1;9;0;
202000030283;154 689 031;A01;2;7;6;0;9;17;1;
202000030284;154 689 028;A01;1;2;0;2;1;13;0;
202000030284;154 689 029;B01;2;2;0;2;1;0;0;
202000030284;154 689 030;C01;2;7;0;2;1;1;0;
202000030285;154 689 027;A01;3;1;15;0;1;26;6;
202000030286;154 689 026;A01;2;7;2;0;5;17;1;
202000030287;154 689 025;A01;2;15;0;0;7;14;1;
202000030288;154 689 024;A01;1;2;0;1;1;19;0;
202000030289;154 689 023;A01;2;7;6;0;1;1;1;
202000030290;154 689 021;A01;1;7;0;0;0;0;0;
202000030290;154 689 022;B01;1;1;0;0;3;0;5;
202000030291;154 689 018;C01;2;10;0;2;1;1;1;
202000030291;154 689 019;A01;2;7;0;0;6;1;1;
202000030291;154 689 020;B01;2;10;0;0;4;1;1;
202000030292;154 689 017;A01;3;1;5;0;1;1;5;
202000030293;154 689 013;B01;2;33;0;2;4;1;1;
202000030293;154 689 014;A01;2;33;0;2;1;2;1;
202000030294;154 689 012;A01;2;33;0;0;0;15;1;
202000030295;154 689 010;A01;2;1;0;2;8;1;5;
202000030295;154 689 011;B01;1;2;0;2;1;1;1;
202000030296;154 689 009;A01;2;33;16;2;1;2;1;
202000030297;154 689 007;A01;1;7;0;9;2;17;1;
202000030297;154 689 008;B01;1;1;0;0;8;1;5;
202000030298;154 689 004;C01;2;7;0;2;6;1;1;
202000030298;154 689 005;B01;1;15;0;2;3;1;1;
202000030298;154 689 006;A01;2;2;0;2;1;13;1;
202000030299;154 689 002;B01;1;33;0;2;2;17;1;
202000030299;154 689 003;A01;1;7;6;2;8;15;1;
202000030300;154 689 001;A01;3;7;13;0;0;0;1;
202000030301;154 688 999;B01;1;2;0;2;7;1;1;
202000030301;154 689 000;A01;1;7;0;2;8;15;1;
202000030302;154 688 997;B01;2;10;0;2;7;15;1;
202000030302;154 688 998;A01;1;33;0;2;1;1;1;
202000030303;154 688 995;B01;1;7;0;2;8;1;1;
202000030303;154 688 996;A01;1;2;0;2;1;13;1;
202000030304;154 688 993;B01;1;7;0;0;6;23;1;
202000030304;154 688 994;A01;1;2;0;2;2;9;1;
202000030305;154 688 991;A01;3;7;0;2;1;1;1;
202000030305;154 688 992;B01;3;33;6;0;4;1;1;
202000030306;154 688 990;A01;3;7;6;0;3;1;1;
202000030307;154 688 987;C01;1;7;14;0;2;2;1;
202000030307;154 688 988;B01;1;7;14;0;1;2;1;
202000030307;154 688 989;A01;1;7;3;0;1;23;1;
202000030308;154 688 986;A01;2;7;5;0;1;14;1;
202000030309;154 688 982;C01;2;7;0;2;4;2;1;
202000030309;154 688 983;D01;2;7;0;2;4;2;1;
202000030309;154 688 984;B01;2;7;0;2;4;2;1;
202000030309;154 688 985;A01;2;7;0;2;1;2;1;
202000030310;154 688 980;B01;1;7;0;2;9;0;1;
202000030310;154 688 981;A01;2;7;0;2;2;26;1;
202000030311;154 688 975;B01;2;7;0;2;1;1;1;
202000030311;154 688 976;A01;2;7;0;2;1;1;1;
202000030311;154 688 977;E01;2;7;0;2;4;1;1;
202000030311;154 688 978;D01;2;7;0;2;4;0;1;
202000030311;154 688 979;C01;2;7;0;2;4;1;1;
202000030312;154 688 973;B01;1;10;0;2;6;2;1;
202000030312;154 688 974;A01;1;33;0;2;1;1;1;
202000030313;154 688 970;C01;1;7;0;2;5;26;1;
202000030313;154 688 971;B01;1;10;0;2;4;2;1;
202000030313;154 688 972;A01;1;7;0;2;1;2;1;
202000030314;154 688 968;B01;1;7;0;2;6;2;1;
202000030314;154 688 969;A01;1;17;0;2;1;2;1;
202000030315;154 688 967;A01;1;7;3;0;3;13;1;
202000030316;154 688 964;A01;2;10;0;1;3;1;1;
202000030317;154 688 963;A01;1;30;0;0;0;26;1;
202000030318;154 688 961;B01;1;33;0;9;8;1;1;
202000030318;154 688 962;A01;1;21;0;9;8;21;1;
202000030319;154 688 959;B01;1;7;0;2;1;1;1;
202000030319;154 688 960;A01;2;33;0;2;1;1;1;
202000030320;154 688 957;A01;3;7;0;2;1;1;1;
202000030320;154 688 958;B01;3;2;0;2;3;0;1;
202000030321;154 688 955;A01;2;7;0;2;3;15;1;
202000030321;154 688 956;B01;2;30;0;2;1;17;1;
202000030322;154 688 953;B01;1;7;0;2;8;1;1;
202000030322;154 688 954;A01;1;7;0;2;2;1;1;
202000030323;154 688 952;A01;1;7;0;1;1;15;1;
202000030324;154 688 950;B01;2;2;0;2;1;1;1;
202000030324;154 688 951;A01;1;7;0;2;1;1;1;
202000030325;154 688 948;A01;1;7;0;2;1;1;1;
202000030325;154 688 949;B01;2;7;0;2;2;1;1;
202000030326;154 688 946;B01;1;7;0;2;1;1;1;
202000030326;154 688 947;A01;1;7;0;2;5;15;1;
202000030327;154 688 944;B01;2;7;0;2;3;26;0;
202000030327;154 688 945;A01;1;99;0;2;3;26;0;
202000030328;154 688 942;B01;3;7;0;2;3;1;1;
202000030328;154 688 943;A01;3;7;0;2;2;19;1;
202000030329;154 688 940;B01;1;7;0;2;1;9;1;
202000030329;154 688 941;A01;1;1;0;2;6;15;5;
202000030330;154 688 939;A01;3;7;0;1;2;1;1;
202000030331;154 688 938;A01;1;7;0;1;2;25;0;
202000030332;154 688 936;B01;1;7;0;2;7;15;0;
202000030332;154 688 937;A01;3;7;0;2;1;19;0;
202000030333;154 688 934;B01;1;7;0;2;1;13;1;
202000030333;154 688 935;A01;2;7;0;2;1;1;1;
202000030334;154 688 933;A01;1;40;0;1;1;26;3;
202000030335;154 688 931;B01;3;34;0;2;0;0;0;
202000030335;154 688 932;A01;3;7;0;2;0;0;0;
202000030336;154 688 930;A01;1;7;1;0;9;1;1;
202000030337;154 688 928;B01;3;1;0;2;5;1;5;
202000030337;154 688 929;A01;3;7;0;2;3;9;1;
202000030338;154 688 926;A01;1;7;0;2;8;15;0;
202000030338;154 688 927;B01;1;7;0;2;0;1;1;
202000030339;154 688 925;A01;0;7;6;0;1;0;1;
202000030340;154 688 923;B01;0;7;0;2;1;1;1;
202000030340;154 688 924;A01;0;7;5;2;1;1;1;
202000030341;154 688 922;A01;1;50;0;1;1;25;3;
202000030342;154 688 921;A01;2;7;0;1;3;1;0;
202000030343;154 688 920;A01;2;7;15;0;1;14;1;
202000030344;154 688 919;A01;2;7;2;0;2;14;1;
202000030345;154 688 917;A01;3;7;0;9;3;9;0;
202000030345;154 688 918;B01;3;2;0;2;7;10;1;
202000030346;154 688 915;A01;3;1;15;2;1;1;5;
202000030346;154 688 916;B01;3;1;15;2;1;1;5;
202000030347;154 688 914;A01;2;7;0;1;2;16;1;
202000030348;154 688 912;B01;1;34;0;2;1;1;1;
202000030348;154 688 913;Z01;1;7;0;2;4;12;0;
202000030349;154 688 910;B01;1;33;0;2;0;12;1;
202000030349;154 688 911;A01;1;7;0;2;1;1;1;
202000030350;154 688 909;A01;1;7;0;1;3;2;1;
202000030351;154 688 908;A01;2;7;0;0;9;26;1;
202000030352;154 688 907;A01;1;33;0;0;0;1;1;
202000030353;154 688 905;B01;2;7;0;2;6;15;1;
202000030353;154 688 906;A01;2;30;0;2;8;17;1;
202000030354;154 688 903;B01;2;80;0;9;2;2;3;
202000030354;154 688 904;A01;3;7;0;9;3;22;1;
202000030355;154 688 901;B01;2;7;0;2;5;1;2;
202000030355;154 688 902;A01;2;2;0;2;8;13;1;
202000030356;154 688 899;A01;2;7;0;2;3;1;1;
202000030356;154 688 900;B01;2;2;0;2;1;1;1;
202000030357;154 688 898;A01;2;30;0;1;1;1;1;
202000030358;154 688 896;B01;1;7;0;2;4;23;1;
202000030358;154 688 897;A01;2;32;0;2;1;1;1;
202000030359;154 688 895;A01;1;7;0;1;4;4;1;
202000030360;154 688 893;B01;2;7;0;2;3;15;1;
202000030360;154 688 894;A01;2;32;0;2;1;1;1;
202000030361;154 688 892;A01;1;32;0;1;1;1;1;
202000030362;154 688 890;B01;3;33;0;2;1;1;1;
202000030362;154 688 891;A01;3;7;0;2;1;15;3;
202000030363;154 688 889;A01;1;7;0;1;6;4;1;
202000030364;154 688 887;A01;0;7;0;2;1;1;1;
202000030364;154 688 888;B01;0;7;0;2;8;1;1;
202000030365;154 688 885;A01;2;7;0;2;3;15;0;
202000030365;154 688 886;B01;2;2;0;2;2;7;3;
202000030366;154 688 884;A01;1;7;0;1;2;2;1;
202000030367;154 688 883;A01;2;32;0;0;0;16;1;
202000030368;154 688 882;A01;1;32;0;0;0;1;0;
202000030369;154 688 881;A01;1;7;0;1;2;15;1;
202000030370;154 688 879;A01;1;7;0;2;2;1;1;
202000030370;154 688 880;B01;3;7;0;2;1;1;1;
202000030371;154 688 877;B01;1;33;0;2;1;1;1;
202000030371;154 688 878;A01;1;7;0;2;8;10;1;
202000030372;154 688 875;B01;3;50;0;2;1;1;3;
202000030372;154 688 876;A01;1;7;0;2;2;1;2;
202000030373;154 688 874;A01;1;1;0;0;0;1;5;
202000030374;154 688 873;A01;2;7;11;0;1;14;1;
202000030375;154 688 871;B01;2;1;0;2;1;1;5;
202000030375;154 688 872;A01;1;1;0;2;1;1;5;
202000030376;154 688 870;A01;1;34;9;0;1;26;1;
202000030377;154 688 869;A01;-1;32;0;1;0;0;0;
202000030378;154 688 867;A01;3;7;0;2;3;9;1;
202000030378;154 688 868;B01;3;33;0;2;2;9;1;
202000030379;154 688 866;A01;3;7;2;0;2;26;1;
202000030380;154 688 865;A01;1;32;12;0;0;1;3;
202000030381;154 688 864;A01;1;7;0;1;0;0;0;
202000030382;154 688 862;A01;2;7;0;2;2;15;1;
202000030382;154 688 863;B01;1;2;0;2;1;1;1;
202000030383;154 688 859;A01;2;7;0;2;1;15;1;
202000030383;154 688 860;B01;1;7;0;2;3;1;1;
202000030383;154 688 861;C01;2;7;0;2;8;1;2;
202000030384;154 688 858;A01;1;7;6;0;2;1;1;
202000030385;154 688 857;A01;2;10;6;0;2;1;1;
202000030386;154 688 855;A01;2;7;0;2;2;1;1;
202000030386;154 688 856;B01;0;7;0;2;5;19;1;
202000030387;154 688 854;A01;0;36;13;0;2;1;1;
202000030388;154 688 853;A01;1;15;15;0;1;1;1;
202000030389;154 688 851;A01;3;7;0;2;7;1;1;
202000030389;154 688 852;B01;0;33;0;2;1;1;1;
202000030390;154 688 850;A01;1;7;2;0;1;26;1;
202000030391;154 688 847;A01;2;7;17;2;1;2;1;
202000030391;154 688 848;B01;2;7;0;2;4;2;1;
202000030392;154 688 846;A01;3;2;0;0;8;1;1;
202000030393;154 688 844;A01;1;32;0;2;1;1;1;
202000030393;154 688 845;B01;1;7;0;2;4;1;1;
202000030394;154 688 842;B01;2;30;0;2;2;1;1;
202000030394;154 688 843;A01;2;33;0;1;1;21;1;
202000030395;154 688 840;B01;2;7;0;2;2;10;1;
202000030395;154 688 841;A01;2;33;0;2;8;15;1;
202000030396;154 688 839;A01;1;43;1;0;3;1;1;
202000030397;154 688 838;Z01;0;7;0;1;4;4;1;
202000030398;154 688 836;A01;2;32;0;2;2;17;1;
202000030398;154 688 837;B01;2;7;0;2;3;15;1;
202000030399;154 688 835;A01;1;30;0;1;2;1;1;
202000030400;154 688 834;A01;1;33;0;1;3;1;1;
202000030401;154 688 832;A01;2;7;0;2;3;22;1;
202000030401;154 688 833;B01;2;50;0;2;1;1;3;
202000030402;154 688 830;Z01;2;7;0;2;1;1;0;
202000030402;154 688 831;A01;2;1;0;2;3;16;5;
202000030403;154 688 828;B01;1;33;1;2;2;17;1;
202000030403;154 688 829;A01;1;7;1;2;3;0;1;
202000030404;154 688 827;A01;2;7;0;1;1;16;1;
202000030405;154 688 825;B01;1;33;0;0;4;1;1;
202000030405;154 688 826;A01;1;33;0;2;1;2;1;
202000030406;154 688 824;A01;-1;7;0;1;6;4;1;
202000030407;154 688 822;Z01;3;7;0;2;1;9;1;
202000030407;154 688 823;B01;0;1;0;2;4;2;0;
202000030408;154 688 821;A01;2;7;0;1;1;1;1;
202000030409;154 688 819;B01;2;7;0;2;8;1;1;
202000030409;154 688 820;A01;1;7;0;2;1;15;1;
202000030410;154 688 818;A01;2;33;1;0;1;13;1;
202000030411;154 688 817;A01;3;7;0;1;1;1;1;
202000030412;154 688 816;A01;2;2;0;0;0;1;1;
202000030413;154 688 815;A01;1;36;0;0;0;0;1;
202000030414;154 688 814;A01;3;31;0;6;1;1;3;
202000030415;154 688 812;B01;0;2;0;2;8;1;0;
202000030415;154 688 813;A01;0;7;0;9;2;1;0;
202000030416;154 688 807;D01;1;7;0;0;0;26;3;
202000030416;154 688 808;E01;1;10;0;0;0;26;1;
202000030416;154 688 809;A01;1;7;4;0;1;11;1;
202000030416;154 688 810;B01;1;7;0;0;0;26;1;
202000030416;154 688 811;C01;1;7;0;0;0;26;1;
202000030417;154 688 805;A01;3;7;9;2;3;12;1;
202000030417;154 688 806;B01;3;7;0;2;2;1;1;
202000030418;154 688 803;B01;2;7;0;0;1;1;1;
202000030418;154 688 804;A01;1;7;0;2;1;13;1;
202000030419;154 688 801;B01;2;10;0;2;1;1;1;
202000030419;154 688 802;A01;1;10;0;2;1;10;1;
202000030420;154 688 800;A01;2;7;2;0;1;1;1;
202000030421;154 688 798;A01;3;10;0;2;1;19;1;
202000030421;154 688 799;B01;3;10;0;2;7;1;1;
202000030422;154 688 797;A01;3;36;0;0;9;1;1;
202000030423;154 688 796;A01;2;7;3;0;2;14;1;
202000030424;154 688 794;A01;2;36;6;0;2;15;1;
202000030425;154 688 792;A01;2;7;0;2;4;23;1;
202000030425;154 688 793;B01;2;7;1;1;1;1;1;
202000030426;154 688 791;A01;1;7;2;0;2;1;1;
202000030427;154 688 789;A01;2;7;0;2;3;15;1;
202000030427;154 688 790;B01;1;7;0;2;3;2;1;
202000030428;154 688 787;A01;3;10;0;2;3;1;1;
202000030428;154 688 788;B01;3;7;1;2;3;13;1;
202000030429;154 688 785;A01;3;7;0;0;6;19;1;
202000030429;154 688 786;B01;3;7;0;2;1;1;1;
202000030430;154 688 784;A01;2;7;2;0;8;1;1;
202000030431;154 688 783;A01;1;7;8;0;3;0;1;
202000030432;154 688 781;B01;0;7;0;2;8;16;1;
202000030432;154 688 782;A01;1;2;0;2;1;0;1;
202000030433;154 688 779;B01;1;7;0;2;6;1;1;
202000030433;154 688 780;A01;1;33;0;2;7;17;1;
202000030434;154 688 777;B01;2;33;0;2;7;17;1;
202000030434;154 688 778;A01;2;7;0;2;3;15;1;
202000030435;154 688 776;A01;1;33;15;0;1;1;1;
202000030436;154 688 774;B01;2;7;0;2;1;1;1;
202000030436;154 688 775;A01;1;10;0;2;7;21;1;
202000030437;154 688 773;A01;1;7;8;0;1;0;1;
202000030438;154 688 772;A01;2;7;6;0;1;1;1;
202000030439;154 688 769;A01;1;7;13;2;2;17;1;
202000030439;154 688 770;B01;2;7;0;2;2;1;1;
202000030439;154 688 771;C01;1;7;0;2;3;1;1;
202000030440;154 688 767;A01;0;2;0;2;1;0;1;
202000030440;154 688 768;B01;0;7;0;2;8;1;1;
202000030441;154 688 765;A01;1;7;0;0;5;2;1;
202000030441;154 688 766;B01;3;32;0;2;1;0;1;
202000030442;154 688 763;A01;1;7;0;0;6;1;1;
202000030442;154 688 764;B01;1;15;0;0;2;12;1;
202000030443;154 688 762;A01;1;7;8;0;3;1;0;
202000030444;154 688 761;A01;1;10;0;1;1;1;1;
202000030445;154 688 759;A01;0;7;8;2;3;1;0;
202000030445;154 688 760;B01;3;7;0;2;8;1;1;
202000030446;154 688 757;B01;1;7;0;2;1;1;1;
202000030446;154 688 758;A01;2;7;0;2;1;5;1;
202000030447;154 688 756;A01;2;2;0;0;0;0;1;
202000030448;154 688 754;B01;1;10;0;5;1;1;1;
202000030448;154 688 755;A01;0;7;0;5;1;0;1;
202000030449;154 688 753;A01;1;7;2;0;3;11;1;
202000030450;154 688 751;B01;1;7;0;2;8;19;1;
202000030450;154 688 752;A01;2;33;0;2;1;2;1;
202000030451;154 688 750;A01;2;33;0;0;7;0;1;
202000030452;154 688 749;A01;1;31;0;0;0;0;1;
202000030453;154 688 747;B01;1;2;0;2;1;1;1;
202000030453;154 688 748;A01;2;7;0;2;8;15;1;
202000030454;154 688 746;A01;2;33;8;0;1;1;1;
202000030455;154 688 744;B01;1;7;13;0;4;2;1;
202000030455;154 688 745;A01;1;7;0;2;2;1;1;
202000030456;154 688 741;C01;2;7;0;2;1;1;1;
202000030456;154 688 742;B01;2;7;0;2;4;15;1;
202000030456;154 688 743;A01;2;7;0;2;1;2;1;
202000030457;154 688 738;A01;2;7;0;2;7;14;1;
202000030457;154 688 739;B01;2;7;0;2;8;13;1;
202000030458;154 688 736;B01;1;14;0;2;2;1;1;
202000030458;154 688 737;A01;1;7;0;2;6;1;1;
202000030459;154 688 734;B01;2;17;0;2;6;1;0;
202000030459;154 688 735;A01;2;7;0;2;1;1;1;
202000030460;154 688 728;B01;1;7;0;2;1;1;1;
202000030460;154 688 729;A01;1;7;0;2;1;1;1;
202000030460;154 688 730;F01;1;7;0;2;4;1;1;
202000030460;154 688 731;E01;1;7;0;2;1;1;1;
202000030460;154 688 732;D01;1;7;0;2;1;1;1;
202000030460;154 688 733;C01;1;7;0;2;4;1;1;
202000030461;154 688 727;A01;1;7;4;0;1;21;1;
202000030462;154 688 725;B01;1;10;0;2;4;13;1;
202000030462;154 688 726;A01;1;33;0;2;1;2;1;
202000030463;154 688 720;C01;1;7;0;2;8;1;1;
202000030463;154 688 721;D01;1;17;0;2;6;1;1;
202000030463;154 688 722;B01;1;7;0;2;7;12;1;
202000030463;154 688 723;E01;1;7;0;2;2;1;1;
202000030463;154 688 724;A01;1;7;0;2;7;1;1;
202000030464;154 688 719;A01;3;33;0;5;1;21;1;
202000030465;154 688 717;A01;3;7;0;2;1;13;1;
202000030465;154 688 718;B01;3;7;0;2;1;1;1;
202000030466;154 688 716;A01;3;30;0;0;1;26;1;
202000030467;154 688 714;B01;2;30;0;2;1;1;1;
202000030467;154 688 715;A01;1;7;0;2;3;15;1;
202000030468;154 688 712;A01;1;7;0;2;1;1;1;
202000030468;154 688 713;B01;1;2;0;2;0;0;1;
202000030469;154 688 710;B01;2;7;0;2;5;16;1;
202000030469;154 688 711;A01;2;2;0;2;1;11;1;
202000030470;154 688 708;A01;1;7;0;2;2;1;1;
202000030470;154 688 709;B01;1;7;0;2;4;23;1;
202000030471;154 688 706;A01;2;31;0;2;2;17;1;
202000030471;154 688 707;B01;2;7;0;2;3;17;1;
202000030472;154 688 704;A01;3;7;0;2;7;15;1;
202000030472;154 688 705;B01;3;7;0;2;1;1;1;
202000030473;154 688 703;A01;1;1;0;1;1;1;5;
202000030474;154 688 701;B01;2;7;0;2;7;1;1;
202000030474;154 688 702;A01;2;7;0;2;1;1;1;
202000030475;154 688 700;A01;1;7;4;0;1;1;1;
202000030476;154 688 699;A01;3;31;0;1;1;1;1;
202000030477;154 688 697;A01;1;7;0;2;2;9;1;
202000030477;154 688 698;B01;1;7;0;2;7;15;1;
202000030478;154 688 695;A01;2;7;0;2;1;13;1;
202000030478;154 688 696;B01;2;7;0;2;1;1;1;
202000030479;154 688 694;A01;2;32;0;1;1;17;1;
202000030480;154 688 693;A01;1;7;0;1;1;0;5;
202000030481;154 688 692;A01;3;7;0;1;2;1;1;
202000030482;154 688 690;B01;3;7;0;2;1;9;0;
202000030482;154 688 691;A01;3;7;0;2;7;2;0;
202000030483;154 688 689;A01;2;10;3;0;1;13;1;
202000030484;154 688 686;C01;1;7;0;2;5;2;1;
202000030484;154 688 687;B01;1;7;0;2;4;2;1;
202000030484;154 688 688;A01;1;7;3;2;1;2;1;
202000030485;154 688 684;B01;1;37;0;2;1;1;1;5
202000030485;154 688 685;A01;2;7;0;2;1;13;1;
202000030486;154 688 683;A01;2;7;0;1;1;1;1;
202000030487;154 688 681;A01;1;7;0;2;7;15;1;
202000030487;154 688 682;B01;2;7;0;2;1;1;1;
202000030488;154 688 679;A01;2;7;0;2;3;15;1;
202000030488;154 688 680;B01;1;7;0;2;2;1;1;
202000030489;154 688 677;A01;0;7;0;2;2;15;1;
202000030489;154 688 678;B01;0;2;0;2;1;1;1;
202000030490;154 688 675;B01;0;7;0;2;4;15;1;
202000030490;154 688 676;A01;0;7;0;2;1;1;1;
202000030491;154 688 674;A01;0;7;0;1;1;16;1;
202000030492;154 688 672;A01;0;10;0;2;1;17;1;
202000030492;154 688 673;B01;2;7;0;2;1;1;1;
202000030493;154 688 671;A01;1;7;1;0;1;14;1;
202000030494;154 688 670;A01;1;7;3;0;8;1;1;
202000030495;154 688 668;Z01;2;99;0;2;1;17;0;
202000030495;154 688 669;A01;0;99;0;2;8;19;6;
202000030496;154 688 666;B01;3;1;0;2;1;19;5;
202000030496;154 688 667;A01;3;7;0;2;6;9;1;
202000030497;154 688 664;A01;1;10;0;2;1;2;1;
202000030497;154 688 665;B01;1;10;0;2;4;2;1;
202000030498;154 688 663;A01;1;7;0;1;3;1;1;
202000030499;154 688 662;A01;1;30;0;0;8;0;1;
202000030500;154 688 660;B01;2;1;0;2;0;1;5;
202000030500;154 688 661;A01;1;7;0;2;1;15;1;
202000030501;154 688 659;A01;1;7;0;1;4;20;1;
202000030502;154 688 657;A01;1;7;0;2;5;15;1;
202000030502;154 688 658;B01;1;33;0;2;1;1;1;
202000030503;154 688 655;A01;2;7;0;2;1;1;1;
202000030503;154 688 656;B01;3;1;0;2;7;19;5;
202000030504;154 688 652;A01;1;7;0;2;1;2;1;
202000030504;154 688 653;B01;1;7;0;2;3;15;1;
202000030504;154 688 654;C01;2;7;0;2;8;5;1;
202000030505;154 688 651;A01;2;7;0;1;2;1;1;
202000030506;154 688 649;A01;2;7;0;2;2;15;1;
202000030506;154 688 650;B01;2;32;0;2;1;1;1;
202000030507;154 688 648;A01;3;7;9;0;9;26;1;
202000030508;154 688 646;B01;2;1;0;2;4;1;5;
202000030508;154 688 647;A01;2;7;0;2;1;12;1;
202000030509;154 688 644;B01;2;7;0;2;3;1;1;
202000030509;154 688 645;A01;1;7;0;2;3;5;1;
202000030510;154 688 642;B01;2;7;0;2;1;1;1;
202000030510;154 688 643;A01;2;7;8;2;2;19;1;
202000030511;154 688 640;B01;1;2;0;2;7;1;1;
202000030511;154 688 641;A01;1;7;0;2;1;15;1;
202000030512;154 688 638;B01;2;1;1;0;1;1;0;
202000030512;154 688 639;A01;2;7;0;0;3;22;1;
202000030513;154 688 636;B01;1;34;0;2;1;1;1;
202000030513;154 688 637;A01;1;7;0;2;7;10;1;
202000030514;154 688 635;A01;3;7;13;0;3;13;1;
202000030515;154 688 633;A01;2;7;0;2;1;19;1;
202000030515;154 688 634;B01;2;7;0;2;8;1;1;
202000030516;154 688 632;A01;3;7;0;1;5;26;1;
202000030517;154 688 630;B01;3;7;0;2;2;15;1;
202000030517;154 688 631;A01;3;7;0;2;1;19;1;
202000030518;154 688 628;B01;1;1;0;2;0;0;1;
202000030518;154 688 629;A01;1;7;0;2;5;0;1;
202000030519;154 688 627;A01;1;7;5;0;9;0;1;
202000030520;154 688 626;A01;1;1;0;1;0;0;5;
202000030521;154 688 625;A01;2;7;0;1;2;1;1;
202000030522;154 688 623;A01;3;1;0;2;1;1;5;
202000030522;154 688 624;B01;3;7;0;2;8;1;1;
202000030523;154 688 621;B01;2;7;0;2;8;1;1;
202000030523;154 688 622;A01;3;7;0;2;1;16;1;
202000030524;154 688 619;A01;2;10;0;2;3;26;0;
202000030524;154 688 620;B01;2;41;0;2;1;1;3;
202000030525;154 688 618;A01;1;7;0;1;3;1;1;
202000030526;154 688 615;B01;1;7;0;2;4;1;1;
202000030526;154 688 616;A01;1;7;0;2;1;1;1;
202000030526;154 688 617;C01;1;7;0;2;4;1;1;