num_acc;id_vehicule;num_veh;senc;catv;obs;obsm;choc;manv;motor;occutc
202000030527;154 688 614;A01;2;7;0;1;3;1;1;
202000030528;154 688 613;A01;1;7;0;1;1;15;1;
202000030529;154 688 611;B01;0;7;0;2;0;19;1;
202000030529;154 688 612;A01;0;34;0;2;1;17;1;
202000030530;154 688 610;A01;1;34;15;0;1;1;1;
202000030531;154 688 608;A01;1;7;0;2;8;15;1;
202000030531;154 688 609;B01;2;7;0;2;1;1;1;
202000030532;154 688 607;A01;0;7;0;0;9;1;1;
202000030533;154 688 606;A01;3;2;15;0;7;14;1;
202000030534;154 688 604;B01;0;1;0;2;7;1;5;
202000030534;154 688 605;A01;0;7;0;2;3;9;1;
202000030535;154 688 602;B01;1;7;0;2;5;15;0;
202000030535;154 688 603;A01;1;7;0;2;3;1;0;
202000030536;154 688 599;A01;1;7;0;2;1;2;1;
202000030536;154 688 600;B01;1;7;0;2;4;2;1;
202000030536;154 688 601;C01;1;7;0;2;4;2;1;
202000030537;154 688 598;A01;1;7;2;0;1;1;1;
202000030538;154 688 597;A01;2;10;0;1;4;4;1;
202000030539;154 688 595;A01;2;10;0;2;7;15;1;
202000030539;154 688 596;B01;1;7;0;2;1;2;0;
202000030540;154 688 593;A01;3;7;0;2;2;15;1;
202000030540;154 688 594;B01;3;7;0;2;3;1;1;
202000030541;154 688 591;B01;3;7;0;2;3;1;1;
202000030541;154 688 592;A01;3;7;0;2;3;13;1;
202000030542;154 688 590;A01;1;7;2;0;1;1;1;
202000030543;154 688 588;A01;0;7;0;2;2;1;1;
202000030543;154 688 589;B01;0;7;0;2;3;1;1;
202000030544;154 688 586;A01;1;7;0;9;1;2;1;
202000030544;154 688 587;B01;1;31;0;2;4;2;1;
202000030545;154 688 585;A01;3;7;0;1;7;17;1;
202000030546;154 688 583;B01;2;1;0;2;8;7;5;
202000030546;154 688 584;A01;2;7;0;2;7;16;0;
202000030547;154 688 582;A01;1;37;0;1;6;15;0;1
202000030548;154 688 580;A01;1;10;0;2;1;2;1;
202000030548;154 688 581;B01;1;7;0;2;4;2;1;
202000030549;154 688 578;B01;3;7;0;2;8;1;1;
202000030549;154 688 579;A01;1;1;0;2;1;1;5;
202000030550;154 688 576;A01;1;2;0;2;1;17;1;
202000030550;154 688 577;B01;2;7;0;2;3;1;1;
202000030551;154 688 574;B01;2;7;0;2;3;15;1;
202000030551;154 688 575;A01;2;2;0;2;1;17;1;
202000030552;154 688 572;A01;2;7;0;2;5;15;1;
202000030552;154 688 573;B01;1;30;0;2;1;1;1;
202000030553;154 688 570;B01;2;1;0;2;1;25;0;
202000030553;154 688 571;A01;1;7;0;2;2;1;1;
202000030554;154 688 568;B01;2;7;0;2;2;1;-1;
202000030554;154 688 569;Z01;2;7;0;0;6;1;-1;
202000030555;154 688 566;B01;2;10;0;2;5;2;0;
202000030555;154 688 567;A01;3;7;0;2;3;16;1;
202000030556;154 688 565;A01;2;34;0;1;1;1;1;
202000030557;154 688 563;A01;1;10;0;1;0;26;0;
202000030558;154 688 561;A01;1;10;0;2;1;1;1;
202000030558;154 688 562;B01;1;7;0;2;4;15;1;
202000030559;154 688 560;A01;0;33;0;0;0;17;1;
202000030560;154 688 557;B01;2;7;0;2;4;23;1;
202000030560;154 688 558;C01;2;7;0;2;4;23;1;
202000030560;154 688 559;A01;2;7;0;2;1;1;1;
202000030561;154 688 554;B01;2;32;0;2;6;2;1;
202000030561;154 688 555;Z01;2;10;0;2;2;1;0;
202000030561;154 688 556;A01;2;32;0;2;6;2;1;
202000030562;154 688 552;A01;3;43;0;2;1;1;1;
202000030562;154 688 553;B01;3;10;0;2;4;23;1;
202000030563;154 688 551;A01;2;7;0;1;1;1;1;
202000030564;154 688 549;A01;2;32;0;2;8;9;1;
202000030564;154 688 550;Z01;2;2;0;2;0;17;1;
202000030565;154 688 547;A01;3;7;0;2;6;23;1;
202000030565;154 688 548;Z01;3;2;0;2;0;1;0;
202000030566;154 688 545;B01;2;34;0;2;2;1;1;
202000030566;154 688 546;A01;2;1;0;2;0;15;5;
202000030567;154 688 544;A01;2;7;0;1;3;1;2;
202000030568;154 688 542;A01;1;30;0;2;7;17;1;
202000030568;154 688 543;Z01;1;7;0;2;3;15;0;
202000030569;154 688 541;A01;1;32;0;0;0;21;1;
202000030570;154 688 539;B01;3;50;0;2;4;19;3;
202000030570;154 688 540;A01;3;32;0;2;1;1;1;
202000030571;154 688 537;A01;2;1;0;2;8;13;5;
202000030571;154 688 538;B01;2;32;0;2;8;1;1;
202000030572;154 688 536;A01;1;1;1;0;1;14;5;
202000030573;154 688 534;A01;1;7;0;2;0;15;1;
202000030573;154 688 535;B01;2;50;0;2;3;1;3;
202000030574;154 688 533;A01;2;7;0;1;2;1;1;
202000030575;154 688 532;A01;1;37;1;0;5;22;1;2
202000030576;154 688 530;B01;1;34;8;2;1;2;1;
202000030576;154 688 531;A01;1;7;0;2;3;2;1;
202000030577;154 688 528;B01;1;34;0;2;1;2;1;
202000030577;154 688 529;A01;1;7;0;2;6;2;1;
202000030578;154 688 527;A01;2;7;0;1;1;15;1;
202000030579;154 688 526;A01;0;7;0;1;4;20;2;
202000030580;154 688 524;B01;1;33;0;2;1;1;1;
202000030580;154 688 525;A01;2;7;0;2;3;15;1;
202000030581;154 688 522;B01;1;30;0;2;1;1;1;
202000030581;154 688 523;A01;2;7;0;2;2;15;1;
202000030582;154 688 520;A01;2;10;0;2;8;15;1;
202000030582;154 688 521;B01;1;33;0;2;8;1;1;
202000030583;154 688 518;A01;2;30;0;2;1;17;1;
202000030583;154 688 519;B01;2;7;0;2;3;15;1;
202000030584;154 688 516;A01;2;10;0;0;4;23;1;
202000030584;154 688 517;B01;2;10;14;2;1;26;1;
202000030585;154 688 514;A01;1;7;0;2;0;0;0;
202000030585;154 688 515;B01;1;30;0;2;2;17;0;
202000030586;154 688 512;A01;-1;7;0;2;1;19;1;
202000030586;154 688 513;B01;-1;7;0;2;3;19;1;
202000030587;154 688 510;B01;1;7;0;2;3;9;1;
202000030587;154 688 511;A01;0;7;0;2;1;19;1;
202000030588;154 688 508;A01;1;33;1;0;1;15;0;
202000030588;154 688 509;B01;-1;13;0;2;6;0;0;
202000030589;154 688 506;B01;1;34;0;2;1;1;0;
202000030589;154 688 507;A01;2;30;0;2;3;15;1;
202000030590;154 688 504;B01;0;33;0;2;0;0;0;
202000030590;154 688 505;A01;0;33;0;2;1;19;6;
202000030591;154 688 503;A01;2;10;12;0;3;13;1;
202000030592;154 688 501;A01;0;7;0;2;1;1;6;
202000030592;154 688 502;B01;0;1;0;2;1;1;6;
202000030593;154 688 500;A01;2;10;0;1;1;1;1;
202000030594;154 688 498;B01;1;7;0;2;0;0;1;
202000030594;154 688 499;A01;1;7;0;2;0;0;1;
202000030595;154 688 496;A01;2;7;0;2;3;15;1;
202000030595;154 688 497;B01;1;33;0;2;8;1;1;
202000030596;154 688 495;A01;1;7;13;0;9;19;1;
202000030597;154 688 493;A01;1;7;0;2;1;5;1;
202000030597;154 688 494;B01;2;33;0;2;1;1;1;
202000030598;154 688 491;B01;1;7;0;2;1;1;1;
202000030598;154 688 492;A01;2;7;0;2;7;1;1;
202000030599;154 688 489;A01;1;7;0;2;5;15;1;
202000030599;154 688 490;B01;2;1;0;2;1;1;5;
202000030600;154 688 488;A01;3;2;0;0;2;16;1;
202000030601;154 688 486;A01;1;7;0;2;1;1;1;
202000030601;154 688 487;B01;2;7;0;2;1;1;1;
202000030602;154 688 485;A01;1;7;6;0;0;1;1;
202000030603;154 688 484;A01;3;7;6;0;1;14;1;
202000030604;154 688 483;A01;1;33;16;0;3;1;1;
202000030605;154 688 482;A01;2;10;13;0;2;0;1;
202000030606;154 688 481;A01;2;7;13;0;0;1;0;
202000030607;154 688 480;A01;2;33;0;0;0;1;1;
202000030608;154 688 478;B01;3;1;0;9;4;1;6;
202000030608;154 688 479;A01;3;7;0;9;3;1;6;
202000030609;154 688 477;A01;2;7;11;0;2;2;1;
202000030610;154 688 474;A01;1;7;0;2;2;1;1;
202000030610;154 688 475;B01;2;7;0;2;3;19;1;
202000030611;154 688 471;A01;1;7;0;2;3;1;0;
202000030611;154 688 472;B01;2;7;0;2;1;1;0;
202000030611;154 688 473;C01;1;2;0;2;1;2;0;
202000030612;154 688 470;A01;1;7;0;1;4;26;1;
202000030613;154 688 468;B01;1;1;0;2;3;19;5;
202000030613;154 688 469;A01;2;7;0;9;3;15;1;
202000030614;154 688 467;A01;1;7;0;1;1;15;1;
202000030615;154 688 466;A01;1;7;0;1;1;1;1;
202000030616;154 688 465;A01;1;7;3;0;2;14;1;
202000030617;154 688 463;A01;0;7;0;2;3;15;1;
202000030617;154 688 464;B01;0;7;0;2;1;16;1;
202000030618;154 688 461;A01;1;7;0;2;1;1;1;
202000030618;154 688 462;B01;3;1;0;2;0;1;5;
202000030619;154 688 460;A01;1;7;1;0;1;26;1;
202000030620;154 688 459;A01;1;7;0;1;3;1;1;
202000030621;154 688 458;A01;0;7;0;1;1;0;0;
202000030622;154 688 457;A01;1;7;8;0;1;0;1;
202000030623;154 688 455;B01;2;2;0;2;7;16;1;
202000030623;154 688 456;A01;1;7;0;2;2;15;0;
202000030624;154 688 454;A01;2;7;7;0;1;1;1;
202000030625;154 688 453;A01;2;7;12;0;2;10;1;
202000030626;154 688 451;A01;0;7;0;2;3;1;1;
202000030626;154 688 452;B01;0;7;0;2;1;1;1;
202000030627;154 688 450;A01;-1;10;0;1;1;1;1;
202000030628;154 688 448;A01;1;10;0;2;3;16;1;
202000030628;154 688 449;B01;1;34;0;2;8;1;1;
202000030629;154 688 446;A01;1;2;0;0;0;1;1;
202000030629;154 688 447;B01;1;7;0;0;0;1;1;
202000030630;154 688 444;A01;1;1;0;2;1;1;0;
202000030630;154 688 445;B01;1;1;0;2;4;1;5;
202000030631;154 688 442;A01;0;7;0;2;7;1;0;
202000030631;154 688 443;B01;3;33;0;2;7;1;1;
202000030632;154 688 441;A01;3;2;0;0;7;1;1;
202000030633;154 688 440;A01;3;2;6;0;0;16;1;
202000030634;154 688 439;A01;2;10;10;0;3;13;1;
202000030635;154 688 438;A01;2;7;2;0;1;15;1;
202000030636;154 688 437;A01;2;7;0;0;9;26;1;
202000030637;154 688 436;A01;1;33;2;0;0;0;1;
202000030638;154 688 433;A01;1;7;4;0;3;1;1;
202000030639;154 688 431;A01;1;7;0;2;1;1;1;
202000030639;154 688 432;B01;1;7;0;2;4;1;1;
202000030640;154 688 429;A01;1;7;0;2;3;18;1;
202000030640;154 688 430;B01;1;7;0;2;7;1;1;
202000030641;154 688 427;Z01;1;7;0;2;4;2;1;
202000030641;154 688 428;B01;1;7;0;2;1;2;1;
202000030642;154 688 426;A01;1;7;0;2;6;24;1;
202000030643;154 688 424;A01;2;33;0;2;1;3;1;
202000030643;154 688 425;B01;2;7;0;2;8;11;1;
202000030644;154 688 423;A01;2;7;0;1;3;26;1;
202000030645;154 688 422;A01;2;7;0;1;1;19;1;
202000030646;154 688 421;A01;1;7;8;0;1;16;1;
202000030647;154 688 419;A01;2;99;0;2;1;9;1;
202000030647;154 688 420;B01;1;1;0;2;7;0;5;
202000030648;154 688 418;A01;2;7;2;0;1;13;1;
202000030649;154 688 417;A01;1;7;2;0;1;14;1;
202000030650;154 688 415;B01;2;2;0;2;1;1;1;
202000030650;154 688 416;A01;2;7;0;0;4;0;0;
202000030651;154 688 413;B01;2;7;0;2;4;2;1;
202000030651;154 688 414;A01;1;10;0;2;1;2;1;
202000030652;154 688 412;A01;1;7;2;0;1;1;1;
202000030653;154 688 411;A01;1;7;0;1;1;1;1;
202000030654;154 688 410;A01;2;7;16;0;1;0;1;
202000030655;154 688 408;B01;3;7;0;2;2;19;1;
202000030655;154 688 409;A01;3;32;0;2;2;1;1;
202000030656;154 688 407;A01;0;7;8;1;2;26;1;
202000030657;154 688 406;A01;1;10;3;0;8;13;1;
202000030658;154 688 405;A01;2;7;0;1;2;7;2;
202000030659;154 688 404;A01;1;7;7;0;1;1;1;
202000030660;154 688 403;A01;1;7;0;1;3;16;1;
202000030661;154 688 401;B01;3;34;0;2;7;0;1;
202000030661;154 688 402;A01;3;7;0;2;3;11;1;
202000030662;154 688 400;A01;2;33;15;0;1;19;0;
202000030663;154 688 398;A01;1;7;0;2;2;1;1;
202000030663;154 688 399;B01;2;7;0;2;7;13;1;
202000030664;154 688 396;A01;1;33;0;0;7;17;1;
202000030664;154 688 397;B01;1;7;0;2;8;26;1;
202000030665;154 688 394;B01;2;21;0;2;1;15;1;
202000030665;154 688 395;A01;1;33;0;2;1;13;1;
202000030666;154 688 393;A01;2;14;8;0;3;13;1;
202000030667;154 688 392;A01;0;7;16;0;0;14;1;
202000030668;154 688 391;A01;0;2;0;2;9;0;1;
202000030669;154 688 390;A01;2;7;4;0;7;2;1;
202000030670;154 688 387;B01;0;7;0;2;3;16;0;
202000030670;154 688 388;A01;0;7;0;2;3;23;1;
202000030671;154 688 386;A01;2;7;1;0;1;1;1;
202000030672;154 688 384;A01;1;7;0;2;1;2;1;
202000030672;154 688 385;B01;2;7;0;2;3;15;1;
202000030673;154 688 383;A01;1;7;0;1;1;20;1;
202000030674;154 688 381;A01;2;7;0;2;2;17;1;
202000030674;154 688 382;B01;2;7;0;2;8;15;1;
202000030675;154 688 379;B01;2;2;0;2;7;1;1;
202000030675;154 688 380;A01;1;7;0;2;1;9;1;
202000030676;154 688 377;Y01;1;50;0;2;4;1;3;
202000030676;154 688 378;Z01;1;7;0;2;1;1;0;
202000030677;154 688 376;A01;1;7;4;0;0;1;1;
202000030678;154 688 375;A01;1;7;7;0;3;1;1;
202000030679;154 688 373;B01;2;7;0;2;2;15;1;
202000030679;154 688 374;A01;1;30;0;2;3;1;1;
202000030680;154 688 371;B01;3;7;0;2;4;2;1;
202000030680;154 688 372;A01;3;7;0;2;1;2;1;
202000030681;154 688 369;B01;1;7;0;2;6;1;0;
202000030681;154 688 370;A01;1;7;0;2;3;15;0;
202000030682;154 688 365;D01;1;17;0;0;4;2;1;
202000030682;154 688 366;A01;1;13;0;2;1;1;1;
202000030682;154 688 367;B01;1;7;0;2;4;2;1;
202000030682;154 688 368;C01;1;14;0;2;4;2;1;
202000030683;154 688 363;A01;1;7;0;2;2;1;1;
202000030683;154 688 364;B01;1;7;0;2;3;1;1;
202000030684;154 688 361;A01;1;7;0;2;3;13;1;
202000030684;154 688 362;B01;2;7;0;2;1;1;1;
202000030685;154 688 360;A01;1;7;6;0;1;14;1;
202000030686;154 688 358;B01;2;7;0;0;4;1;1;
202000030686;154 688 359;A01;2;7;1;0;1;1;1;
202000030687;154 688 357;A01;1;7;0;1;7;0;1;
202000030688;154 688 356;A01;1;7;0;1;1;1;0;
202000030689;154 688 354;B01;2;7;0;2;3;10;1;
202000030689;154 688 355;A01;2;33;0;0;1;21;1;
202000030690;154 688 353;A01;0;7;15;0;1;1;1;
202000030691;154 688 351;A01;2;7;0;2;8;18;1;
202000030691;154 688 352;B01;2;21;0;2;7;13;1;
202000030692;154 688 349;B01;0;20;0;9;2;2;1;
202000030692;154 688 350;A01;3;2;0;2;8;18;1;
202000030693;154 688 348;A01;1;7;2;0;1;1;6;
202000030694;154 688 347;A01;1;2;1;0;1;1;1;
202000030695;154 688 345;A01;2;10;0;0;1;0;0;
202000030695;154 688 346;B01;1;17;9;0;1;1;1;
202000030696;154 688 344;A01;2;7;13;0;1;1;1;
202000030697;154 688 343;A01;1;36;13;0;2;14;1;
202000030698;154 688 341;B01;2;7;0;0;4;2;1;
202000030698;154 688 342;A01;2;7;0;2;1;12;1;
202000030699;154 688 340;A01;1;33;0;0;0;0;1;
202000030700;154 688 339;A01;1;10;0;1;0;1;1;
202000030701;154 688 337;A01;1;34;0;2;1;26;1;
202000030701;154 688 338;B01;2;7;0;2;8;19;1;
202000030702;154 688 335;B01;1;7;0;2;6;1;0;
202000030702;154 688 336;A01;1;80;0;2;1;1;3;
202000030703;154 688 333;B01;1;7;0;2;3;26;1;
202000030703;154 688 334;A01;1;50;0;2;1;26;3;
202000030704;154 688 331;A01;3;33;0;2;1;13;0;
202000030704;154 688 332;B01;3;99;0;2;3;23;0;
202000030705;154 688 330;A01;1;7;5;0;3;1;1;
202000030706;154 688 328;B01;1;1;0;2;7;1;5;
202000030706;154 688 329;A01;1;7;0;2;1;16;1;
202000030707;154 688 326;A01;2;32;0;2;1;1;1;
202000030707;154 688 327;B01;1;7;0;2;6;1;1;
202000030708;154 688 325;A01;3;30;0;0;0;16;1;
202000030709;154 688 323;A01;1;10;0;2;2;1;1;
202000030709;154 688 324;B01;2;1;0;2;1;1;5;
202000030710;154 688 322;A01;1;30;15;0;0;1;1;
202000030711;154 688 321;A01;1;7;12;0;3;13;1;
202000030712;154 688 320;A01;1;43;0;0;0;0;1;
202000030713;154 688 319;A01;1;7;0;1;1;15;1;
202000030714;154 688 318;Z01;1;0;8;1;1;15;1;
202000030715;154 688 317;A01;0;7;0;1;2;1;1;
202000030716;154 688 315;B01;2;2;0;2;1;18;0;
202000030716;154 688 316;A01;2;7;0;2;2;16;0;
202000030717;154 688 313;Z01;3;32;0;2;1;0;0;
202000030717;154 688 314;A01;3;1;0;2;1;26;5;
202000030718;154 688 311;A01;0;10;0;2;1;5;6;
202000030718;154 688 312;B01;0;7;0;2;8;16;0;
202000030719;154 688 309;B01;2;10;3;2;1;1;1;
202000030719;154 688 310;A01;1;32;0;2;2;1;1;
202000030720;154 688 307;A01;3;33;0;2;1;1;0;
202000030720;154 688 308;B01;3;10;0;2;3;1;0;
202000030721;154 688 306;A01;1;7;3;0;1;2;1;
202000030722;154 688 305;A01;2;7;0;1;1;1;0;
202000030723;154 688 303;B01;2;7;0;2;3;1;1;
202000030723;154 688 304;A01;1;7;0;2;8;13;1;
202000030724;154 688 301;A01;3;33;0;2;2;2;1;
202000030724;154 688 302;B01;3;33;0;0;4;1;1;
202000030725;154 688 299;B01;2;7;0;2;1;26;1;
202000030725;154 688 300;A01;1;33;0;2;3;21;1;
202000030726;154 688 298;A01;3;7;0;1;2;0;1;
202000030727;154 688 297;A01;1;10;2;0;1;13;1;
202000030728;154 688 296;A01;1;7;6;0;1;13;1;
202000030729;154 688 295;A01;1;17;6;0;1;1;1;
202000030730;154 688 293;B01;2;10;0;2;8;15;1;
202000030730;154 688 294;A01;1;33;0;2;1;17;1;
202000030731;154 688 292;A01;1;7;2;0;3;13;1;
202000030732;154 688 291;A01;1;7;2;0;1;1;1;
202000030733;154 688 290;A01;2;7;4;0;2;1;1;
202000030734;154 688 289;A01;2;33;6;0;3;2;0;
202000030735;154 688 287;A01;3;7;0;0;7;1;1;
202000030735;154 688 288;B01;2;80;0;2;1;1;3;
202000030736;154 688 286;A01;0;7;13;0;1;1;0;
202000030737;154 688 284;A01;1;33;0;2;1;0;0;
202000030737;154 688 285;B01;1;7;0;2;6;0;0;
202000030738;154 688 282;B01;2;7;0;2;4;2;1;
202000030738;154 688 283;A01;2;7;0;2;1;2;1;
202000030739;154 688 281;A01;1;7;0;1;1;15;1;
202000030740;154 688 279;B01;1;10;0;2;6;15;1;
202000030740;154 688 280;A01;1;31;0;2;1;26;1;
202000030741;154 688 277;B01;1;7;0;2;1;1;1;
202000030741;154 688 278;A01;2;7;0;2;2;1;1;
202000030742;154 688 275;A01;0;30;0;2;1;15;1;
202000030742;154 688 276;B01;0;7;0;2;3;1;1;
202000030743;154 688 274;A01;2;7;13;0;7;14;1;
202000030744;154 688 272;B01;1;7;0;2;1;1;1;
202000030744;154 688 273;A01;3;7;0;2;2;19;1;
202000030745;154 688 270;A01;1;33;0;2;1;0;0;
202000030745;154 688 271;B01;2;7;0;2;3;0;0;
202000030746;154 688 268;A01;3;7;0;2;1;1;1;
202000030746;154 688 269;B01;3;7;0;2;3;15;1;
202000030747;154 688 266;B01;3;33;0;1;1;1;1;
202000030747;154 688 267;A01;3;7;0;2;3;0;1;
202000030748;154 688 264;B01;1;32;0;2;1;1;1;
202000030748;154 688 265;A01;1;7;0;2;8;15;1;
202000030749;154 688 263;A01;1;7;0;1;2;17;1;
202000030750;154 688 261;B01;1;10;0;2;0;1;1;
202000030750;154 688 262;A01;1;10;0;2;0;20;1;
202000030751;154 688 260;A01;1;37;0;1;1;1;1;1
202000030752;154 688 259;A01;2;7;0;1;2;1;1;
202000030753;154 688 258;A01;1;7;17;0;2;1;1;
202000030754;154 688 256;A01;2;10;0;2;3;13;1;
202000030754;154 688 257;B01;1;7;0;2;8;1;1;
202000030755;154 688 255;A01;0;7;6;0;1;1;1;
202000030756;154 688 253;B01;2;7;0;2;3;5;1;
202000030756;154 688 254;A01;1;7;0;2;3;1;1;
202000030757;154 688 252;A01;1;7;9;0;1;0;1;
202000030758;154 688 251;A01;2;7;13;0;1;0;0;
202000030759;154 688 248;B01;1;7;0;2;1;1;1;
202000030759;154 688 249;A01;2;7;0;2;1;13;1;
202000030760;154 688 247;A01;2;80;13;0;1;1;3;
202000030761;154 688 246;A01;2;7;0;0;1;26;0;
202000030762;154 688 245;A01;0;2;0;0;7;1;1;
202000030763;154 688 244;A01;2;7;0;0;9;1;0;
202000030764;154 688 243;A01;1;33;9;0;0;0;1;
202000030765;154 688 242;A01;1;10;10;0;8;1;6;
202000030766;154 688 241;A01;1;7;0;1;1;1;1;
202000030767;154 688 239;B01;2;7;0;2;3;1;1;
202000030767;154 688 240;A01;1;7;0;2;3;13;1;
202000030768;154 688 238;A01;2;7;0;1;2;2;1;
202000030769;154 688 237;A01;2;7;12;0;1;1;1;
202000030770;154 688 234;C01;1;7;0;0;0;0;1;
202000030770;154 688 235;B01;1;7;0;0;0;0;1;
202000030770;154 688 236;A01;1;7;0;2;4;0;1;
202000030771;154 688 232;B01;2;7;0;0;5;11;1;
202000030771;154 688 233;A01;2;30;0;2;1;3;1;
202000030772;154 688 230;A01;3;7;0;2;1;19;1;
202000030772;154 688 231;B01;1;37;0;2;3;19;1;2
202000030773;154 688 228;B01;1;2;0;2;7;0;1;
202000030773;154 688 229;A01;1;7;0;2;3;9;1;
202000030774;154 688 227;A01;2;7;0;0;9;1;1;
202000030775;154 688 225;A01;1;7;0;2;1;26;1;
202000030775;154 688 226;B01;1;7;0;2;6;1;1;
202000030776;154 688 223;B01;2;7;0;2;3;1;1;
202000030776;154 688 224;A01;1;10;0;2;3;13;1;
202000030777;154 688 219;A01;0;10;0;2;1;1;1;
202000030777;154 688 220;B01;0;7;0;2;4;1;1;
202000030777;154 688 222;C01;0;7;0;2;4;1;1;
202000030778;154 688 218;B01;2;17;0;2;7;1;1;
202000030778;154 688 221;A01;2;10;4;2;8;1;1;
202000030779;154 688 215;A01;0;7;0;2;2;1;1;
202000030779;154 688 217;B01;0;7;0;2;2;15;1;
202000030780;154 688 214;A01;1;10;0;2;7;1;1;
202000030780;154 688 216;B01;1;30;0;2;1;1;1;
202000030781;154 688 213;A01;1;7;0;1;2;1;1;
202000030782;154 688 211;A01;3;30;0;0;0;9;0;
202000030783;154 688 210;A01;0;33;0;1;1;1;0;
202000030784;154 688 212;A01;2;7;11;0;2;1;1;
202000030785;154 688 208;A01;3;7;0;2;1;19;0;
202000030785;154 688 209;B01;3;7;0;2;1;1;0;
202000030786;154 688 207;A01;1;7;8;0;3;1;1;
202000030787;154 688 206;A01;3;30;0;0;9;26;1;
202000030788;154 688 205;A01;1;3;13;0;2;1;1;
202000030789;154 688 204;A01;2;10;0;1;1;1;1;
202000030790;154 688 203;A01;1;7;6;0;3;1;1;
202000030791;154 688 201;A01;2;7;0;2;2;13;1;
202000030791;154 688 202;B01;2;30;0;2;1;16;1;
202000030792;154 688 199;A01;1;7;0;1;2;1;1;
202000030793;154 688 200;A01;3;7;0;1;2;15;1;
202000030794;154 688 197;A01;1;7;0;2;3;9;1;
202000030794;154 688 198;B01;2;7;0;2;2;1;1;
202000030795;154 688 195;A01;1;7;0;1;1;1;1;
202000030796;154 688 196;A01;3;10;0;1;2;1;1;
202000030797;154 688 192;C01;1;7;0;2;4;2;0;
202000030797;154 688 193;B01;1;7;0;2;4;2;1;
202000030797;154 688 194;A01;1;7;0;2;1;2;1;
202000030798;154 688 190;B01;2;33;0;2;1;1;1;
202000030798;154 688 191;A01;1;13;0;2;7;15;1;
202000030799;154 688 189;A01;2;30;12;0;1;14;3;
202000030800;154 688 188;A01;1;7;0;1;1;1;1;
202000030801;154 688 186;B01;1;1;0;2;4;1;5;
202000030801;154 688 187;A01;1;7;0;9;1;2;1;
202000030802;154 688 185;A01;2;33;15;0;1;21;1;
202000030803;154 688 183;A01;3;7;0;2;3;13;1;
202000030803;154 688 184;B01;3;7;0;2;6;1;1;
202000030804;154 688 181;B01;2;7;0;2;4;1;1;
202000030804;154 688 182;A01;2;7;0;2;1;2;1;
202000030805;154 688 178;C01;2;7;0;2;4;23;1;
202000030805;154 688 179;B01;2;7;0;2;4;23;1;
202000030805;154 688 180;A01;2;7;0;2;1;2;1;
202000030806;154 688 176;A01;3;7;0;2;7;16;1;
202000030806;154 688 177;B01;3;1;0;2;1;19;5;
202000030807;154 688 174;B01;3;7;0;2;1;16;1;
202000030807;154 688 175;A01;3;33;0;2;2;7;1;
202000030808;154 688 172;B01;3;1;0;2;7;1;5;
202000030808;154 688 173;A01;3;7;0;2;1;15;1;
202000030809;154 688 170;B01;2;1;0;2;1;1;5;
202000030809;154 688 171;A01;3;7;0;2;1;15;1;
202000030810;154 688 168;A01;1;7;0;2;4;1;1;
202000030810;154 688 169;B01;1;7;0;2;4;1;1;
202000030811;154 688 167;A01;3;32;14;0;0;1;1;
202000030812;154 688 165;A01;3;50;0;2;0;0;3;
202000030812;154 688 166;B01;3;7;0;2;0;0;1;
202000030813;154 688 163;B01;3;7;0;2;0;0;1;
202000030813;154 688 164;A01;3;7;0;2;0;0;1;
202000030814;154 688 162;A01;0;7;1;0;1;0;1;
202000030815;154 688 160;B01;1;1;0;2;0;0;5;
202000030815;154 688 161;A01;1;7;0;9;0;0;1;
202000030816;154 688 158;A01;3;7;0;2;0;0;1;
202000030816;154 688 159;B01;3;2;0;2;0;0;1;
202000030817;154 688 156;A01;3;30;0;2;7;18;1;
202000030817;154 688 157;B01;3;7;0;2;7;16;1;
202000030818;154 688 154;B01;1;80;0;2;8;25;3;
202000030818;154 688 155;A01;1;7;0;2;1;0;1;
202000030819;154 688 152;B01;3;7;0;2;3;15;1;
202000030819;154 688 153;A01;2;31;0;2;1;1;1;
202000030820;154 688 150;B01;0;7;0;2;4;2;1;
202000030820;154 688 151;A01;0;7;0;2;1;2;1;
202000030821;154 688 148;A01;2;0;0;2;1;17;0;
202000030821;154 688 149;B01;2;7;0;2;8;15;1;
202000030822;154 688 146;B01;1;7;0;2;4;0;1;
202000030822;154 688 147;A01;1;7;0;2;1;26;1;
202000030823;154 688 144;A01;1;7;0;2;2;15;1;
202000030823;154 688 145;B01;3;7;0;2;3;15;1;
202000030824;154 688 142;A01;1;7;0;2;1;1;1;
202000030824;154 688 143;B01;1;7;0;2;2;1;1;
202000030825;154 688 141;A01;1;7;0;1;1;26;1;
202000030826;154 688 140;A01;1;7;0;1;3;1;1;
202000030827;154 688 137;A01;3;7;0;1;1;16;1;
202000030828;154 688 136;A01;2;1;0;1;3;1;5;
202000030829;154 688 133;C01;2;37;0;2;0;2;1;3
202000030829;154 688 134;B01;0;50;1;0;1;13;3;
202000030829;154 688 135;A01;0;10;0;2;3;23;1;
202000030830;154 688 131;B01;2;7;0;2;4;1;1;
202000030830;154 688 132;A01;2;7;0;2;4;26;1;
202000030831;154 688 130;B01;0;1;0;0;1;26;5;
202000030832;154 688 129;A01;2;7;3;0;9;1;1;
202000030833;154 688 127;A01;2;1;0;2;1;25;5;