num_acc;id_vehicule;num_veh;senc;catv;obs;obsm;choc;manv;motor;occutc
202000031127;154 687 629;A01;3;7;6;0;1;1;1;
202000031128;154 687 627;A01;3;1;0;2;1;1;5;
202000031128;154 687 628;B01;3;7;0;2;2;16;2;
202000031129;154 687 625;A01;2;31;0;2;0;1;1;
202000031129;154 687 626;Z01;0;7;0;2;0;0;0;
202000031130;154 687 623;B01;0;33;0;2;1;1;1;
202000031130;154 687 624;A01;0;10;0;2;3;15;1;
202000031131;154 687 621;A01;1;7;0;2;3;1;1;
202000031131;154 687 622;B01;1;33;0;0;1;1;1;
202000031132;154 687 619;B01;2;7;0;2;2;16;1;
202000031132;154 687 620;A01;2;34;0;2;7;18;1;
202000031133;154 687 617;B01;1;10;0;2;6;1;1;
202000031133;154 687 618;A01;1;7;0;2;2;1;1;
202000031134;154 687 613;D01;2;7;0;2;1;1;1;
202000031134;154 687 614;C01;2;7;0;2;4;1;1;
202000031134;154 687 615;B01;2;7;0;2;4;1;1;
202000031134;154 687 616;A01;2;7;0;2;4;1;1;
202000031135;154 687 609;A01;1;3;0;2;8;15;1;
202000031135;154 687 610;B01;1;10;0;2;2;17;1;
202000031136;154 687 608;A01;2;7;12;2;3;13;0;
202000031137;154 687 606;B01;1;7;0;2;2;2;0;
202000031137;154 687 607;A01;1;30;0;2;3;18;0;
202000031138;154 687 604;A01;1;7;0;2;3;9;1;
202000031138;154 687 605;B01;3;1;0;2;2;0;5;
202000031139;154 687 602;A01;2;7;0;2;2;13;1;
202000031139;154 687 603;B01;1;7;0;2;2;21;1;
202000031140;154 687 600;B01;1;1;0;2;1;19;5;
202000031140;154 687 601;A01;1;7;0;2;1;15;1;
202000031141;154 687 598;B01;0;33;0;2;1;1;0;
202000031141;154 687 599;A01;0;7;0;2;3;1;0;
202000031142;154 687 596;A01;0;7;0;2;1;2;1;
202000031142;154 687 597;B01;3;7;0;2;4;26;2;
202000031143;154 687 595;A01;2;30;0;0;7;2;1;
202000031144;154 687 594;A01;3;32;0;1;2;1;1;
202000031145;154 687 592;B01;2;7;0;2;3;15;1;
202000031145;154 687 593;Z01;1;10;0;2;1;1;1;
202000031146;154 687 590;B01;2;10;0;2;8;1;1;
202000031146;154 687 591;A01;2;31;0;2;1;14;1;
202000031147;154 687 589;A01;2;32;0;0;8;1;1;
202000031148;154 687 588;Z01;0;32;0;1;0;0;0;
202000031149;154 687 584;A01;1;7;0;2;1;2;1;
202000031149;154 687 586;C01;1;10;0;2;4;1;1;
202000031149;154 687 587;B01;1;7;0;2;4;2;1;
202000031150;154 687 583;A01;1;7;0;2;7;15;0;
202000031150;154 687 585;B01;1;33;0;2;1;1;0;
202000031151;154 687 582;A01;2;80;0;1;1;1;3;
202000031152;154 687 580;Z01;1;10;1;2;2;1;0;
202000031152;154 687 581;B01;1;10;0;2;3;9;0;
202000031153;154 687 579;A01;0;7;1;0;1;5;1;
202000031154;154 687 578;A01;3;7;6;0;1;21;1;
202000031155;154 687 577;A01;2;1;0;1;7;1;5;
202000031156;154 687 573;A01;1;33;0;2;3;18;1;
202000031156;154 687 574;B01;1;7;0;2;2;16;1;
202000031157;154 687 575;A01;1;31;0;2;1;1;1;
202000031157;154 687 576;B01;1;7;0;2;4;1;1;
202000031158;154 687 572;A01;2;30;0;1;1;1;1;
202000031159;154 687 570;A01;1;7;0;2;3;21;1;
202000031159;154 687 571;B01;1;34;0;2;2;17;1;
202000031160;154 687 569;A01;1;50;0;0;0;21;3;
202000031161;154 687 568;A01;2;10;4;0;2;14;1;
202000031162;154 687 565;A01;3;33;0;2;2;3;1;
202000031162;154 687 566;C01;3;10;0;2;5;1;1;
202000031162;154 687 567;B01;3;13;0;2;6;1;1;
202000031163;154 687 563;Z01;2;7;0;2;3;11;1;
202000031163;154 687 564;A01;2;7;0;2;9;1;1;
202000031164;154 687 561;B01;2;30;0;2;1;1;1;
202000031164;154 687 562;A01;2;50;0;2;7;1;3;
202000031165;154 687 559;A01;1;80;11;0;1;1;3;
202000031166;154 687 560;A01;2;7;0;1;1;1;1;
202000031167;154 687 556;A01;2;7;0;2;1;1;1;
202000031167;154 687 558;B01;2;7;0;2;4;23;1;
202000031168;154 687 555;B01;1;32;0;2;1;17;1;
202000031168;154 687 557;A01;1;7;0;2;5;23;1;
202000031169;154 687 552;B01;1;30;0;2;7;17;3;
202000031169;154 687 553;A01;1;7;0;2;8;15;1;
202000031170;154 687 551;B01;2;7;0;2;6;1;1;
202000031170;154 687 554;A01;3;34;0;2;1;1;1;
202000031171;154 687 550;A01;2;1;0;0;7;16;5;
202000031172;154 687 549;A01;1;1;0;0;0;1;5;
202000031173;154 687 548;A01;2;1;0;0;0;21;5;
202000031174;154 687 546;B01;2;1;0;2;1;1;5;
202000031174;154 687 547;A01;2;50;0;2;1;5;3;
202000031175;154 687 545;A01;1;1;0;0;0;1;5;
202000031176;154 687 542;A01;1;14;0;2;1;2;1;
202000031176;154 687 544;B01;1;7;0;2;4;23;1;
202000031177;154 687 541;B01;1;7;0;2;1;1;1;
202000031177;154 687 543;A01;1;10;0;2;1;1;1;
202000031178;154 687 539;A01;1;1;0;2;1;7;5;
202000031178;154 687 540;B01;1;7;0;2;4;23;2;
202000031179;154 687 535;A01;2;30;0;0;8;15;3;
202000031180;154 687 536;C01;1;7;0;2;5;1;1;
202000031180;154 687 537;A01;1;7;0;2;2;16;1;
202000031180;154 687 538;B01;1;7;1;0;3;24;1;
202000031181;154 687 531;A01;-1;7;0;2;3;15;1;
202000031181;154 687 533;B01;-1;2;0;2;1;1;1;
202000031182;154 687 532;B01;2;37;0;2;3;7;1;3
202000031182;154 687 534;A01;2;10;0;2;8;16;1;
202000031183;154 687 529;B01;1;34;0;2;1;1;1;
202000031183;154 687 530;A01;1;30;0;2;7;1;1;
202000031184;154 687 528;A01;2;80;0;0;0;16;3;
202000031185;154 687 526;A01;3;7;14;1;3;9;1;
202000031186;154 687 525;B01;1;32;0;2;7;1;1;
202000031186;154 687 527;A01;1;7;0;2;3;15;1;
202000031187;154 687 523;A01;-1;30;0;2;3;1;1;
202000031187;154 687 524;B01;3;7;0;2;3;15;1;
202000031188;154 687 519;B01;3;7;0;2;6;1;1;
202000031188;154 687 522;A01;3;30;0;2;1;1;1;
202000031189;154 687 517;A01;0;1;1;0;4;2;5;
202000031189;154 687 518;B01;3;7;1;0;4;23;1;
202000031190;154 687 520;B01;1;33;0;2;0;0;1;
202000031190;154 687 521;A01;1;7;0;2;7;15;1;
202000031191;154 687 512;B01;1;7;0;2;2;1;1;
202000031191;154 687 514;C01;1;7;3;0;1;1;1;
202000031191;154 687 516;A01;1;7;0;2;6;11;1;
202000031192;154 687 513;B01;3;32;0;2;7;17;1;
202000031192;154 687 515;A01;0;7;0;2;3;15;1;
202000031193;154 687 511;A01;1;30;0;0;1;21;1;
202000031194;154 687 510;A01;2;7;6;0;1;16;0;
202000031195;154 687 509;A01;1;7;0;1;1;2;1;
202000031196;154 687 508;A01;3;7;3;0;1;2;1;
202000031197;154 687 506;B01;3;7;0;2;3;0;0;
202000031197;154 687 507;A01;3;7;0;2;3;15;0;
202000031198;154 687 504;B01;0;2;1;2;2;17;1;
202000031198;154 687 505;A01;0;7;0;2;3;13;1;
202000031199;154 687 503;A01;0;7;0;1;1;26;0;
202000031200;154 687 501;A01;1;34;0;2;2;12;0;
202000031200;154 687 502;B01;1;7;0;2;6;2;0;
202000031201;154 687 500;A01;1;10;0;1;3;15;1;
202000031202;154 687 498;B01;3;21;0;9;3;0;1;
202000031202;154 687 499;A01;3;33;0;2;3;21;1;
202000031203;154 687 496;B01;3;7;0;2;1;1;1;
202000031203;154 687 497;A01;3;7;0;2;1;1;1;
202000031204;154 687 494;A01;2;7;0;9;3;1;1;
202000031204;154 687 495;B01;1;1;0;2;1;1;5;
202000031205;154 687 491;A01;1;7;13;0;2;14;1;
202000031206;154 687 490;A01;2;7;0;0;2;0;1;
202000031207;154 687 488;A01;1;7;0;2;7;19;1;
202000031207;154 687 489;B01;1;1;0;2;1;1;6;
202000031208;154 687 486;B01;3;7;0;1;8;1;1;
202000031208;154 687 487;A01;3;7;0;2;1;9;1;
202000031209;154 687 484;A01;3;7;0;2;1;0;1;
202000031209;154 687 485;B01;3;2;0;2;1;14;1;
202000031210;154 687 483;A01;1;30;2;0;6;17;1;
202000031211;154 687 482;A01;1;7;13;0;9;14;1;
202000031212;154 687 480;B01;2;7;0;2;1;1;1;
202000031212;154 687 481;A01;1;7;0;2;1;13;1;
202000031213;154 687 479;A01;0;31;0;0;1;1;1;
202000031214;154 687 478;A01;1;31;7;0;0;1;1;
202000031215;154 687 477;A01;1;7;0;0;9;1;1;
202000031216;154 687 475;B01;1;2;0;2;1;1;1;
202000031216;154 687 476;A01;2;7;0;2;3;5;1;
202000031217;154 687 474;A01;2;80;0;0;2;1;3;
202000031218;154 687 472;A01;3;2;6;0;1;1;1;
202000031219;154 687 471;A01;2;7;6;2;7;13;1;
202000031219;154 687 473;B01;1;7;0;2;1;1;1;
202000031220;154 687 469;B01;1;7;0;0;0;9;0;
202000031220;154 687 470;A01;1;1;0;0;1;9;5;
202000031221;154 687 465;A01;1;2;0;2;1;11;1;
202000031221;154 687 466;B01;2;7;0;2;2;1;1;
202000031222;154 687 464;A01;1;7;15;1;2;1;1;
202000031223;154 687 463;A01;1;33;0;6;8;1;1;
202000031224;154 687 462;A01;2;7;8;0;2;1;0;
202000031225;154 687 461;A01;2;7;16;0;9;1;1;
202000031226;154 687 467;B01;1;33;0;2;1;1;1;
202000031226;154 687 468;A01;2;7;0;2;7;15;1;
202000031227;154 687 460;A01;1;7;0;0;9;14;1;
202000031228;154 687 457;B01;1;7;0;0;4;2;1;
202000031228;154 687 459;A01;1;7;0;2;1;1;1;
202000031229;154 687 456;A01;0;7;0;2;1;1;1;
202000031229;154 687 458;B01;0;60;0;2;8;15;5;
202000031230;154 687 453;A01;0;7;0;2;3;16;1;
202000031230;154 687 455;B01;0;2;0;2;1;16;1;
202000031231;154 687 452;B01;2;31;0;2;1;2;1;
202000031231;154 687 454;A01;2;7;0;2;4;2;1;
202000031232;154 687 450;A01;2;7;3;0;3;0;1;
202000031233;154 687 449;B01;0;7;0;2;3;0;1;
202000031233;154 687 451;A01;3;33;0;2;3;0;1;
202000031234;154 687 446;A01;1;7;0;2;3;13;1;
202000031234;154 687 447;B01;2;7;0;2;3;1;1;
202000031235;154 687 445;A01;1;7;0;0;0;1;1;
202000031236;154 687 444;A01;2;7;13;0;2;0;1;
202000031237;154 687 443;A01;3;21;0;0;9;1;1;
202000031238;154 687 441;A01;1;2;0;0;1;1;0;
202000031239;154 687 439;A01;1;2;0;0;0;1;1;
202000031240;154 687 438;B01;2;7;0;2;3;2;1;
202000031240;154 687 440;A01;1;7;0;2;1;15;1;
202000031240;154 687 442;C01;1;7;0;2;3;23;1;
202000031241;154 687 437;A01;1;7;13;0;7;21;1;
202000031242;154 687 436;A01;3;7;0;1;8;15;1;
202000031243;154 687 434;A01;2;7;0;2;1;1;1;
202000031243;154 687 435;B01;2;7;0;2;7;19;1;
202000031244;154 687 433;A01;1;7;0;1;3;1;1;
202000031245;154 687 432;A01;3;21;0;1;3;1;0;
202000031246;154 687 431;A01;3;7;0;1;1;21;1;
202000031247;154 687 430;A01;3;10;0;1;2;1;1;
202000031248;154 687 429;A01;2;7;2;0;2;2;1;
202000031249;154 687 428;A01;0;2;15;0;1;1;1;
202000031250;154 687 427;A01;0;7;13;0;1;1;1;
202000031251;154 687 423;A01;2;7;0;0;8;1;1;
202000031251;154 687 425;B01;1;7;0;0;1;1;1;
202000031252;154 687 421;A01;2;7;0;2;3;1;1;
202000031252;154 687 422;B01;1;7;0;2;3;13;1;
202000031253;154 687 420;A01;3;33;9;0;1;1;1;
202000031254;154 687 419;A01;1;33;0;6;1;1;1;
202000031255;154 687 418;A01;2;7;13;0;1;21;1;
202000031256;154 687 415;B01;2;33;0;2;1;1;1;
202000031256;154 687 417;A01;1;7;0;2;2;11;1;
202000031257;154 687 414;B01;1;33;0;2;2;1;1;
202000031257;154 687 416;A01;1;7;0;2;3;15;1;
202000031258;154 687 412;A01;3;31;0;0;8;1;1;
202000031259;154 687 411;A01;2;7;0;2;1;13;1;
202000031259;154 687 413;B01;1;7;0;2;1;1;1;
202000031260;154 687 410;A01;1;7;6;0;2;0;1;
202000031261;154 687 405;A01;2;7;0;2;3;15;1;
202000031261;154 687 407;B01;1;2;0;2;1;1;1;
202000031262;154 687 406;C01;2;7;0;2;6;23;1;
202000031262;154 687 408;B01;1;33;0;2;1;1;1;
202000031262;154 687 409;A01;2;7;0;2;5;15;1;
202000031263;154 687 403;A01;1;7;0;2;1;5;1;
202000031263;154 687 404;B01;2;1;0;2;5;19;5;
202000031264;154 687 402;A01;1;7;6;0;1;1;1;
202000031265;154 687 401;A01;2;31;13;0;8;13;1;
202000031266;154 687 400;A01;1;7;15;0;0;1;1;
202000031267;154 687 398;A01;0;7;0;2;8;19;1;
202000031267;154 687 399;B01;1;33;0;2;1;1;1;
202000031268;154 687 397;A01;2;7;16;0;9;1;1;
202000031269;154 687 396;A01;2;7;15;0;1;0;1;
202000031270;154 687 394;B01;0;2;0;2;7;17;1;
202000031270;154 687 395;A01;0;7;0;2;8;1;1;
202000031271;154 687 392;B01;1;7;6;2;4;16;1;
202000031271;154 687 393;A01;2;7;8;2;1;2;1;
202000031272;154 687 391;A01;2;7;6;0;1;1;2;
202000031273;154 687 389;A01;2;10;0;2;2;0;1;
202000031273;154 687 390;B01;2;17;0;0;6;1;1;
202000031274;154 687 387;A01;1;15;0;0;0;14;1;
202000031274;154 687 388;B01;1;7;16;0;9;21;1;
202000031275;154 687 386;A01;1;7;3;0;3;17;1;
202000031276;154 687 385;A01;1;7;13;1;3;1;1;
202000031277;154 687 384;A01;2;7;8;0;9;0;0;
202000031278;154 687 380;A01;1;17;0;2;1;1;1;
202000031278;154 687 382;B01;0;7;0;0;3;15;1;
202000031279;154 687 381;B01;2;7;0;9;1;1;1;
202000031279;154 687 383;A01;1;7;3;0;1;1;1;
202000031280;154 687 379;A01;1;17;6;0;1;1;1;
202000031281;154 687 377;B01;2;7;0;2;1;17;1;
202000031281;154 687 378;A01;1;10;0;0;8;15;1;
202000031282;154 687 375;A01;2;33;13;0;1;1;1;
202000031283;154 687 374;B01;2;7;0;2;3;5;1;
202000031283;154 687 376;A01;1;33;0;0;1;1;1;
202000031284;154 687 372;A01;2;7;13;0;3;1;1;
202000031285;154 687 373;A01;1;7;2;0;5;1;1;
202000031286;154 687 369;A01;1;7;0;2;8;5;0;
202000031286;154 687 370;B01;2;7;0;2;1;1;0;
202000031287;154 687 368;A01;3;7;0;1;1;1;1;
202000031288;154 687 365;B01;2;7;0;2;1;13;1;
202000031288;154 687 366;A01;0;7;0;2;1;0;1;
202000031289;154 687 364;B01;3;7;0;2;3;9;1;
202000031289;154 687 367;A01;3;1;0;2;7;16;5;
202000031290;154 687 361;A01;1;7;0;2;1;9;1;
202000031290;154 687 363;B01;1;7;0;2;1;1;1;
202000031291;154 687 360;A01;2;7;0;0;4;23;1;
202000031291;154 687 362;B01;2;7;0;2;1;2;1;
202000031292;154 687 359;A01;2;7;2;0;1;1;1;
202000031293;154 687 358;A01;1;7;2;0;9;16;1;
202000031294;154 687 356;A01;1;7;0;0;9;21;1;
202000031295;154 687 355;A01;2;33;13;0;0;1;1;
202000031295;154 687 357;B01;2;33;0;0;0;21;1;
202000031296;154 687 353;A01;1;7;0;2;2;15;1;
202000031296;154 687 354;B01;1;7;0;2;3;1;1;
202000031297;154 687 350;A01;1;7;0;1;2;1;1;
202000031298;154 687 351;A01;2;7;0;2;7;2;0;
202000031298;154 687 352;B01;2;1;0;0;3;2;5;
202000031299;154 687 349;A01;1;7;0;1;6;26;1;
202000031300;154 687 347;A01;3;7;0;2;1;1;1;
202000031300;154 687 348;B01;2;1;0;2;7;1;6;
202000031301;154 687 345;B01;2;7;0;2;2;1;0;
202000031301;154 687 346;A01;1;33;0;2;3;1;0;
202000031302;154 687 344;A01;2;7;16;0;0;1;1;
202000031303;154 687 343;A01;1;7;15;0;3;13;0;
202000031304;154 687 342;A01;2;33;0;0;0;1;0;
202000031305;154 687 341;A01;2;33;0;0;0;26;1;
202000031306;154 687 340;A01;1;7;0;0;2;0;1;
202000031307;154 687 339;A01;1;2;0;0;7;14;1;
202000031308;154 687 335;A01;1;31;0;2;3;1;1;
202000031308;154 687 337;B01;2;7;0;2;8;19;1;
202000031309;154 687 332;D01;2;7;0;2;3;1;1;
202000031309;154 687 333;E01;1;7;0;2;3;1;1;
202000031309;154 687 334;A01;2;7;0;2;3;17;1;
202000031309;154 687 336;B01;1;7;0;2;3;1;1;
202000031309;154 687 338;C01;1;7;0;2;8;1;1;
202000031310;154 687 330;B01;2;13;0;2;1;1;1;
202000031310;154 687 331;A01;1;7;0;2;7;13;1;
202000031311;154 687 328;B01;3;7;6;0;7;0;1;
202000031311;154 687 329;A01;3;13;1;9;1;23;1;
202000031312;154 687 325;B01;1;7;0;2;8;1;1;
202000031312;154 687 326;A01;2;1;0;2;8;13;5;
202000031313;154 687 321;B01;2;7;0;2;3;2;0;
202000031313;154 687 323;A01;1;7;0;2;3;13;0;
202000031314;154 687 320;C01;2;10;0;2;1;1;0;
202000031314;154 687 322;B01;2;15;0;2;2;12;1;
202000031314;154 687 324;A01;2;7;0;2;8;0;1;
202000031315;154 687 319;A01;2;2;13;0;7;1;1;
202000031316;154 687 317;A01;1;33;0;2;1;2;1;
202000031316;154 687 318;B01;1;7;0;2;5;2;1;
202000031317;154 687 314;A01;1;7;0;2;2;12;1;
202000031317;154 687 315;B01;1;17;0;2;2;12;1;
202000031317;154 687 316;C01;1;7;0;2;8;1;1;
202000031318;154 687 310;B01;2;7;0;2;6;1;1;
202000031318;154 687 312;C01;2;99;0;2;4;1;1;
202000031318;154 687 313;A01;2;99;0;2;2;9;1;
202000031319;154 687 306;E01;1;7;0;2;4;2;1;
202000031319;154 687 307;D01;1;7;0;2;4;2;1;
202000031319;154 687 308;C01;1;7;0;2;4;2;1;
202000031319;154 687 309;B01;1;7;0;2;4;2;1;
202000031319;154 687 311;A01;1;7;0;2;1;2;1;
202000031320;154 687 304;A01;1;34;16;0;8;26;1;
202000031321;154 687 303;B01;2;7;0;2;5;2;1;
202000031321;154 687 305;A01;2;33;0;2;3;2;1;
202000031322;154 687 300;A01;1;7;0;2;1;2;1;
202000031322;154 687 302;B01;1;7;0;2;4;2;1;
202000031323;154 687 301;A01;1;7;3;0;1;14;1;
202000031324;154 687 298;B01;2;10;0;2;3;0;0;
202000031324;154 687 299;A01;2;33;0;2;1;0;0;
202000031325;154 687 295;C01;1;33;0;2;2;3;1;
202000031325;154 687 296;A01;1;7;0;2;8;17;1;
202000031325;154 687 297;B01;1;7;0;2;6;1;1;
202000031326;154 687 291;A01;2;7;0;2;2;14;1;
202000031326;154 687 292;B01;1;17;0;2;6;1;1;
202000031327;154 687 293;A01;2;14;0;2;7;12;1;
202000031327;154 687 294;B01;2;7;0;2;8;1;1;
202000031328;154 687 289;A01;3;7;0;9;0;9;1;
202000031328;154 687 290;B01;3;1;0;2;4;1;5;
202000031329;154 687 287;B01;2;34;0;2;3;3;1;
202000031329;154 687 288;A01;2;7;0;2;7;12;1;
202000031330;154 687 285;B01;3;30;0;2;8;1;1;
202000031330;154 687 286;A01;1;7;0;2;2;1;1;
202000031331;154 687 283;A01;2;50;0;2;1;2;3;
202000031331;154 687 284;B01;2;7;0;9;4;1;1;
202000031332;154 687 282;A01;1;7;14;0;2;1;1;
202000031333;154 687 281;A01;2;32;0;0;8;15;1;
202000031334;154 687 277;B01;1;7;0;2;3;1;1;
202000031334;154 687 280;A01;2;7;0;2;3;13;1;
202000031335;154 687 278;A01;1;14;0;2;1;2;1;
202000031335;154 687 279;B01;1;7;0;2;4;23;1;
202000031336;154 687 276;A01;1;30;0;0;0;0;1;
202000031337;154 687 274;A01;1;7;0;2;7;15;1;
202000031337;154 687 275;B01;2;33;0;2;1;1;1;
202000031338;154 687 272;A01;1;7;0;2;1;15;1;
202000031338;154 687 273;B01;2;33;0;2;0;0;1;
202000031339;154 687 271;A01;2;14;3;0;7;1;1;
202000031340;154 687 270;A01;1;1;6;0;1;14;5;
202000031341;154 687 269;A01;1;7;4;0;2;1;1;
202000031342;154 687 265;B01;2;7;0;2;4;2;1;
202000031342;154 687 267;A01;2;7;0;2;2;2;1;
202000031343;154 687 264;A01;3;7;0;2;4;23;1;
202000031343;154 687 266;B01;3;7;0;2;3;23;1;
202000031343;154 687 268;Z01;3;7;0;2;1;2;1;
202000031344;154 687 263;A01;1;30;0;0;7;1;1;
202000031345;154 687 261;B01;2;33;0;2;0;2;1;
202000031345;154 687 262;A01;1;7;0;0;0;15;1;
202000031346;154 687 259;A01;1;7;0;2;2;19;1;
202000031346;154 687 260;B01;2;7;0;2;1;0;1;
202000031347;154 687 257;A01;1;7;0;2;1;26;1;
202000031347;154 687 258;B01;1;7;0;2;4;1;1;
202000031348;154 687 256;A01;2;33;0;0;7;1;1;
202000031349;154 687 253;B01;3;10;0;9;4;1;1;
202000031349;154 687 255;A01;3;10;0;2;1;2;1;
202000031350;154 687 252;B01;2;7;0;2;3;1;1;
202000031350;154 687 254;A01;1;7;0;2;1;17;1;
202000031351;154 687 249;A01;2;10;0;9;3;1;1;
202000031351;154 687 251;B01;3;1;0;2;1;26;0;
202000031352;154 687 248;B01;0;1;0;2;0;1;5;
202000031352;154 687 250;A01;0;7;0;2;1;1;1;
202000031353;154 687 246;A01;2;33;0;2;1;0;1;
202000031353;154 687 247;B01;1;7;0;2;1;0;1;
202000031354;154 687 243;B01;0;33;0;2;8;9;1;
202000031354;154 687 245;A01;0;7;0;2;3;9;1;
202000031355;154 687 240;A01;0;1;0;2;1;25;5;
202000031355;154 687 241;B01;0;7;0;2;1;16;1;
202000031356;154 687 238;A01;2;33;11;0;1;1;1;
202000031357;154 687 237;A01;3;7;0;0;0;0;1;
202000031357;154 687 239;B01;1;2;0;0;0;0;0;
202000031358;154 687 234;A01;1;33;3;0;1;21;1;
202000031358;154 687 236;B01;2;7;0;0;0;9;1;
202000031359;154 687 231;A01;1;7;0;2;3;0;0;
202000031359;154 687 232;B01;2;7;0;2;0;0;0;
202000031359;154 687 233;C01;2;7;0;2;4;21;0;
202000031359;154 687 235;D01;2;7;0;2;1;0;0;
202000031360;154 687 230;A01;2;35;0;0;0;1;1;
202000031361;154 687 227;Z01;0;7;0;2;2;0;1;
202000031361;154 687 228;B01;2;80;0;2;2;1;3;
202000031362;154 687 226;B01;3;10;0;2;3;1;1;
202000031362;154 687 229;A01;2;33;0;2;7;14;1;
202000031363;154 687 225;A01;0;33;8;0;2;14;1;
202000031364;154 687 224;A01;1;7;13;0;1;1;1;
202000031365;154 687 222;B01;0;13;0;2;2;26;1;
202000031365;154 687 223;A01;0;7;0;2;5;26;1;
202000031366;154 687 219;A01;1;7;0;2;2;1;1;
202000031366;154 687 221;B01;2;7;0;2;3;1;1;
202000031367;154 687 218;A01;3;33;12;2;0;13;1;
202000031367;154 687 220;B01;3;0;0;0;0;0;0;
202000031368;154 687 216;B01;3;1;0;2;7;9;5;
202000031368;154 687 217;A01;2;10;0;2;3;9;1;
202000031369;154 687 214;B01;2;7;0;2;8;19;1;
202000031369;154 687 215;A01;1;36;0;2;1;1;1;
202000031370;154 687 212;A01;2;7;0;2;1;10;1;
202000031370;154 687 213;B01;1;7;0;2;3;1;1;
202000031371;154 687 211;A01;3;33;0;1;1;1;1;
202000031372;154 687 210;A01;2;7;0;1;1;1;0;
202000031373;154 687 208;A01;2;7;1;0;1;1;1;
202000031373;154 687 209;B01;2;7;0;0;4;23;1;
202000031374;154 687 206;A01;2;10;0;2;0;23;1;
202000031374;154 687 207;B01;2;2;0;2;0;0;1;
202000031375;154 687 203;A01;2;33;3;0;0;13;1;
202000031376;154 687 202;A01;1;7;0;2;1;1;1;
202000031376;154 687 204;B01;1;7;0;2;4;23;1;
202000031376;154 687 205;C01;1;7;0;2;4;23;1;
202000031377;154 687 199;A01;0;7;0;2;1;1;1;
202000031377;154 687 201;B01;0;30;0;0;4;1;1;
202000031378;154 687 198;A01;1;10;0;2;4;4;1;
202000031378;154 687 200;B01;2;1;0;2;7;1;5;
202000031379;154 687 196;A01;1;7;0;1;2;1;1;
202000031380;154 687 195;B01;3;1;0;2;8;19;5;
202000031380;154 687 197;A01;1;7;0;9;1;1;1;
202000031381;154 687 192;A01;1;7;0;2;1;1;1;
202000031381;154 687 194;B01;1;7;0;2;4;1;1;
202000031382;154 687 193;A01;2;7;6;0;1;1;1;
202000031383;154 687 191;A01;2;32;0;0;9;1;1;
202000031384;154 687 189;B01;3;7;0;2;1;1;1;
202000031384;154 687 190;A01;3;7;0;1;1;23;1;
202000031385;154 687 187;A01;1;99;0;2;0;2;0;
202000031385;154 687 188;B01;1;1;0;0;4;11;5;
202000031386;154 687 186;A01;1;7;0;1;4;4;1;
202000031387;154 687 185;A01;3;7;0;1;1;26;6;
202000031388;154 687 183;B01;2;33;0;2;1;1;1;
202000031388;154 687 184;A01;1;10;0;2;3;9;1;
202000031389;154 687 182;A01;2;31;0;0;7;1;1;
202000031390;154 687 179;B01;2;7;0;2;8;11;1;
202000031390;154 687 181;A01;2;33;0;2;7;2;1;
202000031391;154 687 178;B01;1;1;0;2;0;21;5;
202000031391;154 687 180;A01;1;7;0;0;0;24;1;
202000031392;154 687 176;B01;1;1;0;2;1;1;0;
202000031392;154 687 177;A01;1;7;0;2;8;9;1;
202000031393;154 687 175;A01;2;7;1;0;1;13;1;
202000031394;154 687 173;A01;2;7;0;1;1;15;0;
202000031395;154 687 172;A01;2;7;0;2;1;7;1;
202000031395;154 687 174;B01;2;7;0;2;7;16;1;
202000031396;154 687 167;B01;1;7;0;2;1;1;1;
202000031396;154 687 169;C01;2;7;0;2;3;2;1;
202000031396;154 687 171;A01;3;7;0;2;7;19;0;
202000031397;154 687 168;B01;2;32;0;2;7;1;1;
202000031397;154 687 170;A01;2;7;0;2;8;15;0;
202000031398;154 687 166;A01;2;7;0;1;2;1;1;
202000031399;154 687 163;B01;2;34;0;2;1;13;1;
202000031399;154 687 165;A01;1;7;0;2;1;9;1;
202000031400;154 687 162;B01;0;1;0;2;1;1;5;
202000031400;154 687 164;A01;0;7;0;2;7;22;1;
202000031401;154 687 161;[01;2;7;0;1;0;26;1;
202000031402;154 687 159;A01;1;10;0;2;7;15;1;
202000031402;154 687 160;B01;1;31;0;2;1;1;0;
202000031403;154 687 157;B01;1;60;0;2;0;0;5;
202000031403;154 687 158;A01;1;33;0;2;6;26;1;
202000031404;154 687 154;B01;2;50;0;2;3;5;3;
202000031404;154 687 155;Z01;2;7;0;2;1;1;0;
202000031405;154 687 156;A01;1;7;0;1;1;9;1;
202000031406;154 687 153;A01;1;10;0;1;3;21;0;
202000031407;154 687 151;B01;3;3;-1;-1;-1;1;-1;
202000031407;154 687 152;A01;3;3;0;-1;-1;1;-1;
202000031408;154 687 149;A01;1;1;0;2;1;13;5;
202000031408;154 687 150;B01;1;7;0;2;4;23;1;
202000031409;154 687 147;B01;3;7;0;2;1;1;1;
202000031409;154 687 148;A01;2;7;6;2;8;19;1;
202000031410;154 687 144;A01;2;30;0;2;6;1;1;
202000031410;154 687 146;B01;1;10;0;2;3;9;1;
202000031411;154 687 143;B01;2;1;0;2;1;1;0;
202000031411;154 687 145;A01;3;7;0;9;1;1;1;
202000031412;154 687 141;A01;2;7;0;1;2;26;1;
202000031413;154 687 140;B01;2;1;0;2;1;1;5;
202000031413;154 687 142;A01;2;50;0;2;1;5;3;
202000031414;154 687 138;A01;1;7;1;0;3;13;1;