num_acc;id_vehicule;num_veh;senc;catv;obs;obsm;choc;manv;motor;occutc
202000031415;154 687 137;B01;2;7;0;2;4;2;2;
202000031415;154 687 139;A01;2;7;0;2;1;2;1;
202000031416;154 687 136;A01;3;1;0;0;0;1;5;
202000031417;154 687 135;A01;1;7;0;1;2;1;1;
202000031418;154 687 134;A01;2;99;0;1;1;21;0;
202000031419;154 687 133;A01;3;7;0;1;3;1;1;
202000031420;154 687 130;A01;1;33;0;2;1;2;1;
202000031420;154 687 132;B01;1;7;0;2;3;23;1;
202000031421;154 687 129;A01;2;7;0;2;1;9;1;
202000031421;154 687 131;B01;1;31;0;2;1;1;1;
202000031422;154 687 127;A01;3;7;0;2;3;15;1;
202000031422;154 687 128;B01;3;7;0;2;3;1;1;
202000031423;154 687 123;B01;2;7;0;1;1;1;1;
202000031423;154 687 124;A01;1;7;0;2;3;1;1;
202000031424;154 687 125;A01;1;33;0;2;1;17;1;
202000031424;154 687 126;B01;2;7;0;2;1;1;1;
202000031425;154 687 120;B01;2;34;0;2;8;0;0;
202000031425;154 687 122;A01;2;7;0;2;2;16;0;
202000031426;154 687 119;Z01;2;14;0;2;2;0;0;
202000031426;154 687 121;A01;2;10;0;2;5;1;1;
202000031427;154 687 118;A01;2;50;0;0;0;1;3;
202000031428;154 687 116;B01;3;7;0;2;5;16;1;
202000031428;154 687 117;A01;3;32;0;2;7;18;1;
202000031429;154 687 112;B01;2;7;0;2;3;1;1;
202000031429;154 687 114;A01;1;7;0;2;2;19;1;
202000031430;154 687 111;A01;0;7;0;2;1;0;0;
202000031430;154 687 113;B01;0;7;1;0;1;0;0;
202000031430;154 687 115;D01;2;32;0;2;3;0;0;
202000031431;154 687 110;A01;1;7;9;1;1;1;0;
202000031432;154 687 109;A01;2;34;8;0;8;26;1;
202000031433;154 687 108;A01;2;33;0;1;1;17;1;
202000031434;154 687 106;A01;1;7;0;2;1;15;1;
202000031434;154 687 107;B01;1;1;0;2;1;1;5;
202000031435;154 687 104;A01;1;7;0;2;7;11;1;
202000031435;154 687 105;B01;1;7;0;2;2;1;1;
202000031436;154 687 102;B01;3;7;0;2;2;0;1;
202000031436;154 687 103;A01;3;34;0;2;1;1;1;
202000031437;154 687 101;A01;1;7;0;1;1;1;1;
202000031438;154 687 099;A01;0;7;0;0;2;10;1;
202000031438;154 687 100;B01;0;33;0;2;3;1;1;
202000031439;154 687 097;B01;1;7;0;2;1;1;1;
202000031439;154 687 098;A01;2;7;0;2;3;9;1;
202000031440;154 687 095;B01;3;7;0;2;1;0;0;
202000031440;154 687 096;A01;1;32;0;2;2;26;1;
202000031441;154 687 093;A01;1;7;0;1;3;19;1;
202000031442;154 687 091;B01;2;32;0;2;1;10;0;
202000031442;154 687 092;A01;2;7;0;9;8;10;0;
202000031443;154 687 090;B01;0;7;0;2;0;0;0;
202000031443;154 687 094;A01;0;7;0;2;2;17;1;
202000031444;154 687 089;A01;1;7;15;0;2;13;1;
202000031445;154 687 088;Z01;1;7;0;1;1;1;1;
202000031446;154 687 086;A01;1;7;7;0;1;1;0;
202000031447;154 687 085;A01;3;7;0;0;1;1;1;
202000031447;154 687 087;B01;1;1;0;2;8;1;5;
202000031448;154 687 082;A01;3;7;0;2;1;19;1;
202000031448;154 687 084;B01;2;7;0;0;8;1;1;
202000031449;154 687 081;A01;2;7;0;2;1;0;1;
202000031449;154 687 083;B01;2;7;0;2;4;2;1;
202000031450;154 687 079;Z01;1;7;0;2;0;20;0;
202000031450;154 687 080;B01;1;33;0;1;2;26;0;
202000031451;154 687 077;B01;1;7;4;2;6;2;1;
202000031451;154 687 078;A01;1;7;0;2;2;2;1;
202000031452;154 687 075;B01;1;1;0;2;8;1;0;
202000031452;154 687 076;A01;1;10;0;2;3;15;1;
202000031453;154 687 074;A01;1;7;13;0;2;1;1;
202000031454;154 687 071;B01;1;7;0;2;1;1;1;
202000031454;154 687 072;A01;2;15;0;2;7;1;1;
202000031455;154 687 070;A01;1;10;13;2;2;13;1;
202000031455;154 687 073;B01;2;15;0;2;2;1;1;
202000031456;154 687 069;A01;1;36;16;0;9;14;1;
202000031457;154 687 067;B01;1;7;0;2;2;9;1;
202000031457;154 687 068;A01;1;1;0;2;1;1;5;
202000031458;154 687 065;B01;1;15;0;2;1;1;6;
202000031458;154 687 066;A01;2;7;0;2;1;17;6;
202000031459;154 687 064;A01;3;33;0;0;0;26;1;
202000031460;154 687 062;A01;1;32;1;0;2;1;1;
202000031461;154 687 061;B01;1;7;3;2;2;1;1;
202000031461;154 687 063;A01;2;7;0;2;3;15;1;
202000031462;154 687 058;A01;1;15;0;0;8;13;1;
202000031462;154 687 059;B01;2;7;0;0;9;21;1;
202000031463;154 687 057;B01;1;33;0;2;1;2;1;
202000031463;154 687 060;A01;1;7;0;2;3;9;1;
202000031464;154 687 055;A01;1;33;0;0;0;17;1;
202000031465;154 687 054;A01;1;10;0;2;3;13;0;
202000031465;154 687 056;B01;2;7;0;2;3;1;0;
202000031466;154 687 053;B01;1;2;13;0;0;21;0;
202000031467;154 687 051;A01;2;7;0;2;1;9;1;
202000031467;154 687 052;B01;1;7;0;2;1;2;1;
202000031468;154 687 049;A01;2;33;0;2;1;17;1;
202000031468;154 687 050;B01;1;7;0;2;3;15;1;
202000031469;154 687 047;A01;2;7;0;2;8;11;1;
202000031469;154 687 048;B01;2;33;0;2;2;3;1;
202000031470;154 687 046;A01;1;2;0;0;8;1;1;
202000031471;154 687 044;B01;2;7;0;2;6;1;1;
202000031471;154 687 045;A01;2;33;0;2;2;3;1;
202000031472;154 687 041;A01;1;7;0;1;1;1;1;
202000031473;154 687 040;C01;1;1;8;0;1;1;5;
202000031473;154 687 042;B01;1;1;0;2;1;1;5;
202000031473;154 687 043;A01;2;10;0;2;2;11;0;
202000031474;154 687 038;A01;3;7;0;2;1;2;1;
202000031474;154 687 039;B01;3;42;0;2;1;2;1;
202000031475;154 687 036;A01;0;7;0;0;5;16;1;
202000031475;154 687 037;B01;3;2;0;0;1;1;1;
202000031476;154 687 033;A01;1;33;0;2;2;3;1;
202000031476;154 687 034;B01;1;10;0;2;2;14;1;
202000031476;154 687 035;C01;1;7;0;2;3;1;1;
202000031477;154 687 030;A01;2;7;0;2;1;2;1;
202000031477;154 687 032;B01;2;33;0;0;4;2;1;
202000031478;154 687 028;A01;2;7;1;2;3;5;1;
202000031478;154 687 029;B01;1;10;0;2;3;17;1;
202000031478;154 687 031;C01;1;7;0;2;3;23;1;
202000031479;154 687 026;B01;2;7;0;2;3;13;1;
202000031479;154 687 027;A01;1;7;0;2;3;1;1;
202000031480;154 687 024;A01;2;50;0;2;1;17;3;
202000031480;154 687 025;B01;2;7;0;2;3;15;2;
202000031481;154 687 021;C01;2;7;0;2;8;26;1;
202000031481;154 687 022;B01;2;7;0;0;5;1;1;
202000031481;154 687 023;A01;2;7;0;2;0;2;1;
202000031482;154 687 019;A01;1;30;0;2;1;1;1;
202000031482;154 687 020;B01;0;7;0;2;3;15;0;
202000031483;154 687 017;A01;3;7;0;1;1;1;1;
202000031484;154 687 016;A01;2;7;0;2;8;22;1;
202000031484;154 687 018;B01;2;1;0;2;1;1;5;
202000031485;154 687 013;A01;2;7;0;2;2;15;0;
202000031485;154 687 015;B01;1;7;0;2;1;1;1;
202000031486;154 687 012;B01;2;1;0;2;1;1;5;
202000031486;154 687 014;A01;2;10;0;2;3;22;1;
202000031487;154 687 010;A01;2;7;0;1;0;15;1;
202000031488;154 687 009;A01;2;7;0;2;3;13;1;
202000031488;154 687 011;B01;1;7;0;2;3;1;1;
202000031489;154 687 008;A01;1;7;2;0;1;1;1;
202000031490;154 687 007;A01;1;10;0;1;2;15;1;
202000031491;154 687 006;A01;2;7;2;0;3;1;1;
202000031492;154 687 004;B01;1;1;0;2;1;1;5;
202000031492;154 687 005;A01;2;1;0;2;1;13;5;
202000031493;154 687 003;A01;2;36;0;0;0;1;1;
202000031494;154 687 001;A01;1;33;14;0;1;2;1;
202000031495;154 687 000;A01;3;7;0;2;7;1;1;
202000031495;154 687 002;B01;3;30;0;2;8;1;3;
202000031496;154 686 999;A01;1;36;2;0;3;1;1;
202000031497;154 686 997;A01;1;7;0;0;0;1;1;
202000031498;154 686 996;B01;1;99;1;2;1;0;0;
202000031498;154 686 998;A01;1;7;1;2;1;1;1;
202000031499;154 686 992;A01;1;31;0;0;9;21;1;
202000031500;154 686 991;B01;1;7;0;2;2;1;1;
202000031500;154 686 994;A01;1;7;0;2;1;1;1;
202000031501;154 686 990;A01;1;7;13;0;3;0;1;
202000031502;154 686 988;B01;3;1;0;2;3;26;5;
202000031502;154 686 989;A01;2;7;0;2;2;1;1;
202000031503;154 686 986;A01;1;7;0;2;3;13;1;
202000031503;154 686 987;B01;2;7;0;2;3;1;1;
202000031504;154 686 984;AB01;1;10;0;2;8;2;1;
202000031504;154 686 985;A01;1;32;0;2;7;17;1;
202000031505;154 686 982;B01;2;2;0;0;1;18;1;
202000031505;154 686 983;A01;2;7;0;0;2;16;1;
202000031506;154 686 981;A01;1;7;0;1;1;1;1;
202000031507;154 686 979;B01;1;7;0;2;1;1;1;
202000031507;154 686 980;A01;2;33;0;2;9;1;1;
202000031508;154 686 978;A01;3;7;0;1;1;19;1;
202000031509;154 686 975;B01;2;7;0;2;3;1;1;
202000031509;154 686 977;A01;1;10;0;2;1;13;1;
202000031510;154 686 974;A01;-1;7;0;2;1;26;0;
202000031510;154 686 976;B01;-1;33;0;0;0;0;0;
202000031511;154 686 971;A01;1;2;0;2;1;13;6;
202000031511;154 686 973;B01;2;7;0;2;2;1;0;
202000031512;154 686 970;A01;2;7;0;2;2;1;1;
202000031512;154 686 972;B01;2;10;0;2;1;1;1;
202000031513;154 686 968;A01;3;33;0;2;1;15;1;
202000031513;154 686 969;B01;3;10;0;2;1;2;1;
202000031514;154 686 967;A01;1;99;9;0;0;0;1;
202000031515;154 686 965;A01;1;7;0;2;2;15;1;
202000031515;154 686 966;B01;2;34;0;2;1;1;1;
202000031516;154 686 964;A01;1;33;12;0;0;14;1;
202000031517;154 686 962;B01;1;33;0;2;6;26;1;
202000031517;154 686 963;A01;3;7;0;2;2;15;1;
202000031518;154 686 960;B01;2;10;0;2;2;15;1;
202000031518;154 686 961;A01;1;33;0;2;1;1;3;
202000031519;154 686 958;A01;1;10;0;2;3;1;1;
202000031519;154 686 959;B01;1;10;0;2;2;0;1;
202000031520;154 686 957;A01;0;33;11;0;0;0;1;
202000031521;154 686 956;A01;1;80;0;0;0;1;3;
202000031522;154 686 955;A01;2;35;0;0;0;1;1;
202000031523;154 686 952;C01;1;17;0;0;4;1;1;
202000031523;154 686 953;B01;1;7;0;0;4;1;1;
202000031523;154 686 954;A01;1;17;0;2;1;1;1;
202000031524;154 686 949;A01;1;7;0;0;4;23;1;
202000031524;154 686 950;B01;1;1;1;0;1;1;5;
202000031525;154 686 948;A01;1;33;3;0;0;1;1;
202000031526;154 686 946;B01;2;33;0;2;1;2;1;
202000031526;154 686 947;A01;2;7;0;2;3;9;1;
202000031527;154 686 944;B01;2;7;0;2;1;13;0;
202000031527;154 686 945;A01;1;7;0;2;3;1;0;
202000031528;154 686 943;A01;1;2;0;9;0;1;0;
202000031529;154 686 941;A01;2;1;0;2;1;2;5;
202000031529;154 686 942;B01;2;10;0;9;4;1;1;
202000031530;154 686 939;A01;3;21;0;0;0;1;1;
202000031530;154 686 940;B01;3;2;0;0;0;1;1;
202000031531;154 686 938;A01;1;33;0;0;1;1;1;
202000031532;154 686 937;A01;1;33;15;0;1;1;1;
202000031533;154 686 935;B01;1;2;0;2;4;1;1;
202000031533;154 686 936;A01;1;7;0;2;3;1;1;
202000031534;154 686 933;A01;2;7;0;2;3;15;0;
202000031534;154 686 934;B01;1;2;0;2;8;1;0;
202000031535;154 686 931;B01;3;7;0;2;1;1;1;
202000031535;154 686 932;A01;3;2;0;2;3;19;1;
202000031536;154 686 929;A01;1;7;0;9;3;5;1;
202000031536;154 686 930;B01;2;1;0;2;8;1;6;
202000031537;154 686 927;B01;2;10;0;2;3;1;1;
202000031537;154 686 928;A01;1;7;0;2;1;13;1;
202000031538;154 686 926;A01;0;0;0;1;0;0;0;
202000031539;154 686 924;B01;1;7;0;2;8;1;0;
202000031539;154 686 925;A01;1;7;0;2;6;1;1;
202000031540;154 686 922;B01;1;7;0;2;1;1;1;
202000031540;154 686 923;A01;1;7;0;0;7;19;1;
202000031541;154 686 920;A01;1;1;0;2;6;13;5;
202000031541;154 686 921;B01;1;7;0;2;2;17;1;
202000031542;154 686 919;A01;3;7;0;1;7;1;1;
202000031543;154 686 917;A01;1;7;0;2;3;15;1;
202000031543;154 686 918;B01;2;33;0;2;3;1;1;
202000031544;154 686 916;A01;1;30;0;0;2;1;1;
202000031545;154 686 914;A01;3;7;0;2;3;15;0;
202000031545;154 686 915;B01;3;1;0;2;5;1;5;
202000031546;154 686 913;A01;0;7;2;0;1;1;1;
202000031547;154 686 912;A01;2;10;0;1;2;16;1;
202000031548;154 686 911;A01;1;7;1;0;1;1;1;
202000031549;154 686 908;B01;2;7;3;2;4;2;1;
202000031549;154 686 909;C01;2;15;0;2;4;2;1;
202000031549;154 686 910;A01;2;15;0;2;1;2;1;
202000031550;154 686 907;A01;1;33;0;0;7;1;1;
202000031551;154 686 906;A01;2;7;4;0;3;17;1;
202000031552;154 686 905;A01;1;7;0;0;0;1;0;
202000031553;154 686 903;B01;2;2;0;2;1;0;1;
202000031553;154 686 904;A01;1;7;0;2;3;15;1;
202000031554;154 686 901;B01;1;7;0;2;6;9;1;
202000031554;154 686 902;A01;1;7;0;2;2;12;1;
202000031555;154 686 900;A01;1;33;0;0;4;1;1;
202000031556;154 686 898;B01;0;7;0;2;7;24;0;
202000031556;154 686 899;A01;0;2;0;0;8;1;0;
202000031557;154 686 896;B01;1;7;0;2;2;1;1;
202000031557;154 686 897;A01;2;33;0;2;1;14;1;
202000031558;154 686 895;A01;3;2;0;0;8;1;1;
202000031559;154 686 893;A01;1;7;0;2;1;13;1;
202000031559;154 686 894;B01;2;10;0;2;3;1;1;
202000031560;154 686 892;A01;2;7;0;0;9;1;0;
202000031561;154 686 890;B01;3;7;0;2;1;1;1;
202000031561;154 686 891;A01;3;31;0;2;1;5;1;
202000031562;154 686 888;A01;2;7;0;9;2;15;0;
202000031562;154 686 889;B01;1;1;0;2;0;0;0;
202000031563;154 686 886;B01;2;7;0;2;4;26;1;
202000031563;154 686 887;A01;2;10;0;2;1;2;1;
202000031564;154 686 885;A01;1;31;14;0;1;17;1;
202000031565;154 686 884;A01;1;10;6;0;2;14;1;
202000031566;154 686 883;A01;1;7;0;1;7;1;0;
202000031567;154 686 879;B01;3;10;0;2;0;0;1;
202000031567;154 686 880;A01;3;2;0;2;1;1;1;
202000031568;154 686 877;B01;3;30;0;2;1;1;1;
202000031568;154 686 878;A01;3;21;0;2;3;9;1;
202000031569;154 686 875;B01;3;7;0;2;7;1;1;
202000031569;154 686 876;A01;3;7;0;2;1;9;1;
202000031570;154 686 873;A01;3;7;0;2;1;26;1;
202000031570;154 686 874;B01;3;7;10;2;8;1;1;
202000031571;154 686 872;A01;2;7;0;1;1;1;1;
202000031572;154 686 870;B01;0;50;0;2;1;16;3;
202000031572;154 686 871;A01;0;30;0;2;8;1;1;
202000031573;154 686 868;B01;3;7;0;2;5;20;1;
202000031573;154 686 869;A01;3;2;0;2;1;16;1;
202000031574;154 686 866;B01;2;2;0;2;8;13;1;
202000031574;154 686 867;A01;2;37;0;2;2;17;1;1
202000031575;154 686 863;B01;2;7;0;2;2;12;1;
202000031575;154 686 864;A01;2;32;0;2;6;2;1;
202000031576;154 686 862;A01;1;7;0;2;0;9;0;
202000031577;154 686 859;A01;2;7;0;2;1;2;1;
202000031577;154 686 860;B01;2;7;0;2;6;23;1;
202000031577;154 686 861;C01;2;7;0;2;5;23;1;
202000031578;154 686 857;B01;2;7;0;2;1;1;1;
202000031578;154 686 858;A01;1;1;0;2;3;19;5;
202000031579;154 686 856;A01;1;7;0;1;2;1;1;
202000031580;154 686 854;B01;2;1;0;2;7;1;5;
202000031580;154 686 855;A01;2;7;0;2;1;1;1;
202000031581;154 686 851;A01;0;7;0;2;3;13;0;
202000031581;154 686 852;C01;0;7;0;2;1;1;1;
202000031581;154 686 853;B01;0;7;0;2;8;1;1;
202000031582;154 686 850;A01;1;7;0;1;2;1;1;
202000031583;154 686 849;A01;2;7;0;1;6;1;1;
202000031584;154 686 847;A01;1;30;0;2;1;1;1;
202000031584;154 686 848;B01;1;7;0;2;8;1;1;
202000031585;154 686 845;B01;2;1;0;2;1;19;5;
202000031585;154 686 846;A01;1;7;0;9;2;1;1;
202000031586;154 686 843;A01;1;7;0;2;1;19;1;
202000031586;154 686 844;B01;1;1;0;2;7;1;5;
202000031587;154 686 842;A01;1;7;0;1;1;1;1;
202000031588;154 686 841;A01;0;7;0;1;2;15;1;
202000031589;154 686 840;A01;2;2;1;0;1;16;1;
202000031590;154 686 838;B01;1;1;0;2;0;0;5;
202000031590;154 686 839;A01;0;10;0;2;0;0;1;
202000031591;154 686 836;A01;3;7;0;2;1;0;1;
202000031591;154 686 837;B01;0;7;0;2;4;0;1;
202000031592;154 686 835;Z01;3;7;0;1;3;1;1;
202000031593;154 686 834;A01;0;7;0;1;2;26;1;
202000031594;154 686 832;A01;0;14;0;2;1;16;1;
202000031594;154 686 833;B01;0;1;0;2;1;1;2;
202000031595;154 686 831;A01;2;7;1;0;2;14;1;
202000031596;154 686 830;A01;1;7;0;1;2;1;1;
202000031597;154 686 828;A01;1;7;0;2;7;12;1;
202000031597;154 686 829;B01;1;33;0;2;8;9;1;
202000031598;154 686 826;A01;1;7;0;2;5;13;1;
202000031598;154 686 827;B01;2;7;0;2;1;1;1;
202000031599;154 686 825;A01;1;7;1;1;3;14;1;
202000031600;154 686 824;A01;1;7;6;0;1;13;1;
202000031601;154 686 822;A01;2;1;0;2;7;19;5;
202000031601;154 686 823;B01;1;7;0;2;1;1;1;
202000031602;154 686 821;A01;1;31;0;0;7;26;1;
202000031603;154 686 818;A01;1;7;0;2;1;0;0;
202000031603;154 686 819;B01;1;7;0;2;4;2;1;
202000031603;154 686 820;C01;1;7;0;2;4;2;1;
202000031604;154 686 816;A01;2;34;0;2;1;1;1;
202000031604;154 686 817;B01;2;10;0;2;4;19;1;
202000031605;154 686 814;A01;3;7;0;2;1;2;0;
202000031605;154 686 815;B01;3;7;0;2;4;2;0;
202000031606;154 686 812;A01;2;30;0;2;1;13;0;
202000031606;154 686 813;B01;1;7;0;2;3;1;0;
202000031607;154 686 811;A01;1;7;0;1;1;1;1;
202000031608;154 686 810;A01;1;10;0;1;3;9;1;
202000031609;154 686 808;A01;1;30;0;2;0;1;1;
202000031609;154 686 809;B01;1;7;0;2;0;23;1;
202000031610;154 686 806;B01;1;7;0;2;1;2;1;
202000031610;154 686 807;A01;2;10;0;2;7;19;1;
202000031611;154 686 804;A01;2;7;0;2;1;2;1;
202000031611;154 686 805;B01;2;2;0;2;4;2;1;
202000031612;154 686 803;A01;1;7;4;0;1;16;1;
202000031613;154 686 802;A01;2;7;2;1;3;13;1;
202000031614;154 686 800;B01;1;7;0;2;1;15;1;
202000031614;154 686 801;A01;2;30;0;2;7;1;1;
202000031615;154 686 798;A01;3;7;0;2;1;1;1;
202000031615;154 686 799;B01;3;7;0;2;4;1;1;
202000031616;154 686 797;A01;3;7;1;0;2;14;1;
202000031617;154 686 795;B01;1;10;0;2;7;0;1;
202000031617;154 686 796;A01;1;7;0;2;1;26;1;
202000031618;154 686 793;A01;1;33;0;2;7;17;1;
202000031618;154 686 794;B01;2;7;0;2;1;1;1;
202000031619;154 686 791;B01;1;10;0;2;1;1;1;
202000031619;154 686 792;A01;1;2;0;2;1;5;1;
202000031620;154 686 789;A01;1;7;0;2;2;14;0;
202000031620;154 686 790;B01;1;2;0;2;8;15;0;
202000031621;154 686 787;B01;1;7;0;2;4;23;1;
202000031621;154 686 788;A01;1;7;0;2;1;2;1;
202000031622;154 686 785;B01;1;7;0;2;6;9;1;
202000031622;154 686 786;A01;1;17;0;2;2;1;1;
202000031623;154 686 784;A01;1;10;4;0;1;13;1;
202000031624;154 686 783;A01;1;1;0;9;1;1;5;
202000031625;154 686 781;A01;3;10;0;2;1;1;1;
202000031625;154 686 782;B01;3;32;0;2;4;23;1;
202000031626;154 686 779;B01;3;43;0;2;1;1;1;
202000031626;154 686 780;A01;3;7;0;2;1;16;1;
202000031627;154 686 778;A01;1;7;0;1;1;1;1;
202000031628;154 686 776;B01;3;32;0;2;4;23;6;
202000031628;154 686 777;A01;3;7;0;2;1;1;6;
202000031629;154 686 774;B01;1;80;0;2;4;13;3;
202000031629;154 686 775;A01;1;30;0;2;1;17;1;
202000031630;154 686 772;A01;2;30;0;2;6;15;1;
202000031630;154 686 773;B01;2;43;0;2;1;1;1;
202000031631;154 686 771;A01;1;7;0;1;2;1;1;
202000031632;154 686 770;A01;2;1;0;1;1;1;5;
202000031633;154 686 768;B01;3;32;0;2;8;1;1;
202000031633;154 686 769;A01;3;7;0;2;2;1;1;
202000031634;154 686 766;B01;1;1;9;2;1;1;5;
202000031634;154 686 767;A01;1;7;0;2;2;16;1;
202000031635;154 686 764;A01;2;7;0;2;3;7;1;
202000031635;154 686 765;B01;1;1;0;2;1;8;5;
202000031636;154 686 762;A01;1;1;0;2;1;1;5;
202000031636;154 686 763;B01;1;10;0;2;2;16;1;
202000031637;154 686 761;A01;2;32;9;2;7;14;1;
202000031638;154 686 759;A01;1;7;0;2;3;9;1;
202000031638;154 686 760;B01;1;33;0;2;1;1;1;
202000031639;154 686 757;B01;2;50;1;0;1;1;3;
202000031639;154 686 758;A01;2;10;0;2;7;23;1;
202000031640;154 686 755;A01;1;7;1;1;3;1;0;
202000031640;154 686 756;B01;1;7;1;2;3;20;0;
202000031641;154 686 753;A01;2;7;0;2;2;21;0;
202000031641;154 686 754;B01;2;7;0;9;6;1;0;
202000031642;154 686 751;A01;-1;7;0;2;4;23;0;
202000031642;154 686 752;B01;-1;7;0;2;1;26;0;
202000031643;154 686 750;A01;-1;13;0;1;1;2;1;
202000031644;154 686 748;A01;0;7;0;2;1;2;1;
202000031644;154 686 749;B01;0;7;0;2;7;2;1;
202000031645;154 686 747;A01;-1;37;0;1;2;9;1;1
202000031646;154 686 745;A01;1;34;0;2;8;18;1;
202000031646;154 686 746;B01;1;7;0;0;7;16;0;
202000031647;154 686 744;A01;2;7;0;1;2;9;0;
202000031648;154 686 742;B01;1;50;0;2;1;11;3;
202000031648;154 686 743;A01;1;10;0;2;2;1;1;
202000031649;154 686 741;A01;1;7;0;1;4;4;1;
202000031650;154 686 739;B01;2;20;0;0;2;2;0;
202000031650;154 686 740;A01;2;33;0;0;9;18;0;
202000031651;154 686 738;A01;1;7;1;1;1;1;1;
202000031652;154 686 736;B01;2;33;0;2;3;26;1;
202000031652;154 686 737;A01;2;7;0;2;3;26;1;
202000031653;154 686 733;C01;2;7;1;0;4;0;1;
202000031653;154 686 734;B01;2;32;1;2;1;0;1;
202000031653;154 686 735;A01;1;7;0;2;1;10;1;
202000031654;154 686 731;B01;2;7;0;2;2;9;1;
202000031654;154 686 732;A01;1;7;0;2;1;9;1;
202000031655;154 686 729;B01;2;7;0;2;1;1;1;
202000031655;154 686 730;A01;1;7;0;2;2;1;1;
202000031656;154 686 727;B01;1;33;0;2;1;1;0;
202000031656;154 686 728;A01;1;7;0;0;4;15;0;
202000031657;154 686 726;A01;0;7;0;1;4;24;1;
202000031658;154 686 724;A01;2;33;0;2;1;17;1;
202000031658;154 686 725;B01;1;7;0;2;1;15;1;
202000031659;154 686 722;B01;0;10;0;2;1;1;1;
202000031659;154 686 723;A01;0;7;0;2;2;1;1;
202000031660;154 686 721;A01;1;7;13;0;1;17;1;
202000031661;154 686 719;B01;2;2;0;2;8;18;1;
202000031661;154 686 720;A01;2;7;0;2;2;12;1;
202000031662;154 686 716;A01;1;7;0;2;3;5;1;
202000031662;154 686 717;B01;1;7;0;2;3;17;1;
202000031662;154 686 718;C01;1;7;0;2;3;1;1;
202000031663;154 686 715;A01;1;7;6;0;1;19;1;
202000031664;154 686 714;A01;1;7;6;0;1;1;1;
202000031665;154 686 713;A01;1;7;3;0;2;0;0;
202000031666;154 686 711;A01;1;7;0;2;1;6;1;
202000031666;154 686 712;B01;2;14;0;2;1;1;1;
202000031667;154 686 709;A01;2;7;0;0;7;1;0;
202000031667;154 686 710;B01;1;7;0;2;1;1;0;
202000031668;154 686 707;B01;1;1;0;2;1;1;0;
202000031668;154 686 708;A01;3;7;0;2;3;5;0;
202000031669;154 686 705;A01;2;7;0;2;1;13;1;
202000031669;154 686 706;B01;1;7;0;2;1;1;1;
202000031670;154 686 703;B01;2;7;0;2;1;1;1;
202000031670;154 686 704;A01;1;7;0;2;1;1;1;
202000031671;154 686 701;B01;1;7;0;2;4;1;1;
202000031671;154 686 702;A01;1;31;0;2;1;1;1;
202000031672;154 686 699;A01;1;7;0;2;3;1;1;
202000031672;154 686 700;B01;2;10;0;2;3;1;1;
202000031673;154 686 693;A01;2;7;0;2;1;11;1;
202000031673;154 686 694;B01;1;7;0;2;1;1;1;
202000031674;154 686 691;A01;3;7;0;2;3;1;1;
202000031674;154 686 692;B01;3;21;0;2;6;3;1;
202000031675;154 686 689;A01;1;7;0;2;3;15;1;
202000031675;154 686 690;B01;2;32;0;2;1;1;1;
202000031676;154 686 688;A01;3;7;0;1;2;2;1;
202000031677;154 686 686;A01;0;1;0;2;8;19;5;
202000031677;154 686 687;B01;2;7;0;2;1;1;1;
202000031678;154 686 684;A01;1;31;0;2;2;17;1;
202000031678;154 686 685;B01;1;1;0;2;3;15;5;
202000031679;154 686 680;A01;0;7;0;2;6;9;0;
202000031679;154 686 681;B01;3;33;0;2;7;1;1;
202000031680;154 686 679;A01;1;7;0;1;5;26;0;
202000031681;154 686 678;A01;0;7;0;1;1;1;1;
202000031682;154 686 674;A01;2;7;0;2;3;0;1;
202000031682;154 686 675;B01;1;7;0;0;3;1;1;
202000031683;154 686 673;A01;1;7;0;1;3;1;1;
202000031684;154 686 672;A01;2;7;13;0;3;13;0;
202000031685;154 686 671;A01;0;2;0;0;0;1;1;
202000031686;154 686 670;A01;1;7;14;0;1;26;1;
202000031687;154 686 668;A01;1;7;0;2;7;13;1;
202000031687;154 686 669;B01;2;7;0;2;1;1;1;
202000031688;154 686 667;A01;1;31;16;0;7;2;1;
202000031689;154 686 666;A01;1;7;13;0;0;1;1;
202000031690;154 686 664;A01;2;7;0;2;3;21;1;
202000031690;154 686 665;B01;1;17;0;2;8;1;1;
202000031691;154 686 661;A01;1;7;0;2;3;13;1;
202000031691;154 686 662;B01;2;7;0;2;2;1;1;
202000031691;154 686 663;C01;2;7;0;2;1;1;1;
202000031692;154 686 659;B01;1;17;0;2;4;2;1;
202000031692;154 686 660;A01;1;7;3;2;1;2;1;
202000031693;154 686 656;C01;1;7;0;0;6;1;1;
202000031693;154 686 657;B01;1;7;0;2;4;1;1;
202000031693;154 686 658;A01;1;7;0;2;1;12;1;
202000031694;154 686 655;A01;3;2;13;0;0;1;1;
202000031695;154 686 654;A01;2;33;6;0;3;1;1;
202000031696;154 686 651;C01;2;7;0;2;1;1;1;
202000031696;154 686 652;B01;1;7;0;2;4;15;1;
202000031696;154 686 653;A01;1;10;0;2;1;2;1;
202000031697;154 686 649;B01;1;10;0;2;2;1;1;
202000031697;154 686 650;A01;2;10;0;2;8;16;1;
202000031698;154 686 647;B01;3;7;0;9;1;1;1;
202000031698;154 686 648;A01;3;1;0;2;5;2;5;
202000031699;154 686 645;B01;1;2;0;2;1;1;1;