num_acc;id_vehicule;num_veh;senc;catv;obs;obsm;choc;manv;motor;occutc
202000031985;154 686 151;A01;1;7;0;1;4;4;1;
202000031986;154 686 150;Z01;1;30;0;1;1;0;0;
202000031987;154 686 149;A01;1;7;0;1;3;15;1;
202000031988;154 686 148;A01;2;1;0;1;1;5;5;
202000031989;154 686 146;A01;2;17;1;0;1;14;1;
202000031989;154 686 147;B01;2;10;0;1;4;26;1;
202000031990;154 686 145;A01;1;2;13;0;0;1;1;
202000031991;154 686 143;B01;1;17;0;0;6;2;1;
202000031991;154 686 144;A01;1;7;0;2;2;2;1;
202000031992;154 686 140;A01;1;7;13;0;1;1;1;
202000031993;154 686 138;A01;2;2;0;2;1;9;1;
202000031993;154 686 139;B01;1;7;0;2;1;9;1;
202000031994;154 686 136;A01;1;7;0;2;2;15;1;
202000031994;154 686 137;B01;2;2;0;2;1;1;1;
202000031995;154 686 134;B01;1;7;0;2;1;1;1;
202000031995;154 686 135;A01;2;7;0;2;7;19;1;
202000031996;154 686 133;A01;1;15;3;0;1;1;1;
202000031997;154 686 131;B01;2;7;0;2;3;0;1;
202000031997;154 686 132;A01;1;15;0;2;3;1;1;
202000031998;154 686 130;A01;2;7;2;0;1;14;1;
202000031999;154 686 129;A01;3;10;0;1;3;15;1;
202000032000;154 686 127;A01;1;7;0;2;3;13;1;
202000032000;154 686 128;B01;1;7;0;2;3;1;1;
202000032001;154 686 126;A01;2;7;13;0;1;19;1;
202000032002;154 686 124;A01;2;15;0;2;2;2;1;
202000032002;154 686 125;B01;2;15;0;0;6;2;1;
202000032003;154 686 123;A01;2;7;0;1;1;1;1;
202000032004;154 686 122;A01;2;7;3;0;0;0;1;
202000032005;154 686 121;A01;2;7;6;0;1;1;1;
202000032006;154 686 119;A01;1;7;0;2;3;13;1;
202000032006;154 686 120;B01;2;20;0;2;3;1;1;
202000032007;154 686 118;A01;3;7;2;0;8;1;1;
202000032008;154 686 117;A01;1;7;13;0;1;2;1;
202000032009;154 686 116;A01;1;7;0;1;1;1;1;
202000032010;154 686 115;A01;3;7;6;0;1;13;1;
202000032011;154 686 114;A01;2;7;2;0;3;1;1;
202000032012;154 686 112;A01;3;7;0;2;3;9;0;
202000032012;154 686 113;B01;3;1;0;0;5;1;5;
202000032013;154 686 111;A01;2;7;15;0;1;21;1;
202000032014;154 686 109;B01;1;33;8;2;7;17;0;
202000032014;154 686 110;A01;1;7;0;2;3;15;0;
202000032015;154 686 107;B01;2;7;2;2;3;15;0;
202000032015;154 686 108;A01;1;7;0;2;6;1;0;
202000032016;154 686 106;A01;2;7;13;0;2;1;1;
202000032017;154 686 104;A01;2;10;0;2;8;9;1;
202000032017;154 686 105;B01;2;33;0;2;1;1;1;
202000032018;154 686 101;A01;0;7;0;0;4;1;1;
202000032018;154 686 102;B01;0;33;0;2;1;1;1;
202000032018;154 686 103;C01;0;15;0;0;0;1;1;
202000032019;154 686 096;A01;3;14;0;2;3;5;0;
202000032019;154 686 097;B01;3;7;0;2;2;23;1;
202000032020;154 686 094;B01;2;2;0;2;1;1;1;
202000032020;154 686 095;A01;1;7;0;2;3;15;1;
202000032021;154 686 092;B01;2;10;0;2;1;1;1;
202000032021;154 686 093;A01;1;7;0;2;1;13;1;
202000032022;154 686 090;B01;0;2;0;2;1;1;1;
202000032022;154 686 091;A01;0;7;0;2;1;15;1;
202000032023;154 686 086;A01;2;7;0;2;7;1;1;
202000032023;154 686 087;B01;2;7;0;2;1;19;1;
202000032024;154 686 085;A01;1;33;0;0;9;3;0;
202000032025;154 686 084;A01;1;33;12;0;1;17;1;
202000032026;154 686 080;A01;1;7;0;2;4;23;0;
202000032026;154 686 081;D01;1;7;1;0;1;1;1;
202000032026;154 686 082;C01;1;7;0;2;4;23;0;
202000032026;154 686 083;B01;1;7;0;2;4;23;0;
202000032027;154 686 079;A01;3;37;0;1;2;1;1;1
202000032028;154 686 076;A01;2;7;0;2;2;17;1;
202000032028;154 686 077;B01;2;15;0;0;3;1;1;
202000032028;154 686 078;C01;2;15;0;0;6;1;1;
202000032029;154 686 074;B01;2;7;0;2;7;15;1;
202000032029;154 686 075;A01;1;33;0;2;1;1;1;
202000032030;154 686 070;C01;1;15;0;2;3;1;1;
202000032030;154 686 071;E01;1;7;4;0;3;1;1;
202000032030;154 686 072;A01;1;7;0;0;4;23;1;
202000032030;154 686 073;B01;1;7;0;2;1;1;1;
202000032031;154 686 067;A01;1;1;0;2;1;5;5;
202000032031;154 686 068;B01;1;7;0;2;1;1;1;
202000032031;154 686 069;C01;1;7;0;2;1;1;1;
202000032032;154 686 064;C01;2;7;0;2;1;2;1;
202000032032;154 686 065;A01;2;7;0;0;4;2;1;
202000032032;154 686 066;B01;2;7;0;2;4;2;1;
202000032033;154 686 063;A01;1;7;3;0;2;1;6;
202000032034;154 686 062;A01;2;7;0;1;1;1;6;
202000032035;154 686 061;A01;1;10;0;6;1;1;1;
202000032036;154 686 059;B01;2;7;0;9;2;1;1;
202000032036;154 686 060;A01;1;1;0;2;0;13;5;
202000032037;154 686 057;B01;2;2;0;2;1;1;1;
202000032037;154 686 058;A01;1;7;0;2;3;15;1;
202000032038;154 686 056;A01;1;7;0;1;1;2;1;
202000032039;154 686 055;A01;1;7;3;0;0;1;1;
202000032040;154 686 053;B01;1;30;0;2;2;1;1;
202000032040;154 686 054;A01;1;7;0;2;3;20;1;
202000032041;154 686 051;B01;1;2;0;2;1;1;1;
202000032041;154 686 052;A01;2;7;0;2;3;17;1;
202000032042;154 686 049;B01;1;7;0;2;4;2;1;
202000032042;154 686 050;A01;1;7;0;2;3;26;0;
202000032043;154 686 047;A01;2;10;0;2;1;1;1;
202000032043;154 686 048;B01;2;17;0;2;4;2;1;
202000032044;154 686 046;A01;1;7;4;0;3;1;1;
202000032045;154 686 044;B01;1;7;0;0;0;0;1;
202000032045;154 686 045;A01;1;7;3;2;2;26;1;
202000032046;154 686 042;A01;1;7;0;2;7;12;1;
202000032046;154 686 043;B01;1;34;0;2;8;3;1;
202000032047;154 686 041;A01;2;7;3;0;1;14;1;
202000032048;154 686 039;A01;1;7;0;2;7;1;1;
202000032048;154 686 040;B01;1;33;0;2;6;3;1;
202000032049;154 686 036;A01;1;7;0;2;8;9;1;
202000032049;154 686 037;B01;1;17;0;2;7;12;1;
202000032049;154 686 038;C01;1;7;0;2;1;1;1;
202000032050;154 686 034;B01;2;33;0;2;7;3;1;
202000032050;154 686 035;A01;2;7;0;2;8;11;1;
202000032051;154 686 032;B01;1;30;0;2;4;1;1;
202000032051;154 686 033;A01;1;7;0;2;1;1;1;
202000032052;154 686 031;A01;3;30;0;1;0;26;0;
202000032053;154 686 027;D01;3;32;0;0;7;24;1;
202000032053;154 686 028;C01;2;7;0;2;3;1;1;
202000032053;154 686 029;B01;1;7;6;1;1;1;1;
202000032053;154 686 030;A01;1;1;0;2;6;19;5;
202000032054;154 686 025;A01;0;7;0;2;1;15;0;
202000032054;154 686 026;B01;1;33;0;2;7;1;0;
202000032055;154 686 024;A01;2;10;0;1;0;21;1;
202000032056;154 686 023;A01;3;7;0;1;2;1;1;
202000032057;154 686 022;A01;0;32;12;0;1;19;1;
202000032058;154 686 020;A01;1;99;0;2;4;23;0;
202000032058;154 686 021;Z01;1;7;0;2;1;1;0;
202000032059;154 686 018;B01;2;7;0;2;1;1;1;
202000032059;154 686 019;A01;2;7;0;2;2;15;1;
202000032060;154 686 016;B01;3;7;0;2;4;26;1;
202000032060;154 686 017;A01;3;30;0;2;1;2;1;
202000032061;154 686 015;A01;2;7;4;0;9;1;1;
202000032062;154 686 013;A01;1;7;0;2;3;15;1;
202000032062;154 686 014;B01;2;32;0;2;7;1;1;
202000032063;154 686 011;B01;2;10;0;2;3;1;1;
202000032063;154 686 012;A01;1;32;0;2;1;13;1;
202000032064;154 686 009;A01;1;7;0;2;2;1;1;
202000032064;154 686 010;B01;1;1;0;2;8;1;5;
202000032065;154 686 008;A01;0;7;0;1;1;13;1;
202000032066;154 686 006;B01;0;7;0;2;4;1;1;
202000032066;154 686 007;A01;0;7;1;2;1;1;1;
202000032067;154 686 002;D01;2;10;11;0;3;21;1;
202000032067;154 686 003;C01;2;7;0;2;4;2;1;
202000032067;154 686 004;B01;2;7;0;2;4;2;1;
202000032067;154 686 005;A01;2;10;0;2;1;2;1;
202000032068;154 686 001;A01;2;33;0;0;7;1;1;
202000032069;154 686 000;A01;1;7;0;1;1;9;1;
202000032070;154 685 999;A01;1;2;0;0;7;1;1;
202000032071;154 685 997;B01;2;2;0;2;4;23;1;
202000032071;154 685 998;A01;2;7;0;2;1;1;1;
202000032072;154 685 994;C01;1;7;0;2;4;1;1;
202000032072;154 685 995;B01;1;7;0;2;4;1;1;
202000032072;154 685 996;A01;1;7;0;2;1;2;1;
202000032073;154 685 992;B01;0;7;0;2;4;1;1;
202000032073;154 685 993;A01;0;7;0;2;1;1;2;
202000032074;154 685 991;A01;0;7;0;1;1;20;1;
202000032075;154 685 989;B01;0;7;0;2;2;16;1;
202000032075;154 685 990;A01;0;7;0;2;2;1;1;
202000032076;154 685 988;A01;3;7;0;1;1;1;0;
202000032077;154 685 986;B01;2;14;0;2;2;1;1;
202000032077;154 685 987;A01;1;10;0;2;2;13;1;
202000032078;154 685 984;A01;2;7;0;0;9;1;1;
202000032079;154 685 982;B01;2;10;0;2;6;24;1;
202000032079;154 685 983;A01;2;7;1;0;2;14;1;
202000032080;154 685 980;A01;1;7;0;2;1;1;1;
202000032080;154 685 981;B01;3;1;0;2;7;19;5;
202000032081;154 685 979;A01;1;32;14;0;1;17;1;
202000032082;154 685 977;B01;2;7;0;0;4;2;1;
202000032082;154 685 978;A01;2;7;0;2;1;2;1;
202000032083;154 685 976;A01;3;7;0;1;1;16;1;
202000032084;154 685 975;A01;1;7;9;1;1;1;1;
202000032085;154 685 973;A01;1;7;0;2;3;5;1;
202000032085;154 685 974;B01;2;7;0;2;3;1;1;
202000032086;154 685 971;A01;3;7;0;2;3;9;1;
202000032086;154 685 972;B01;3;7;0;2;2;1;1;
202000032087;154 685 969;B01;1;10;0;2;4;15;4;
202000032087;154 685 970;A01;1;7;0;2;1;2;1;
202000032088;154 685 967;A01;2;3;0;2;3;5;1;
202000032088;154 685 968;B01;1;7;0;2;2;0;1;
202000032089;154 685 965;B01;1;7;0;2;4;1;1;
202000032089;154 685 966;A01;1;7;0;2;1;0;1;
202000032090;154 685 963;A01;1;7;0;2;0;26;0;
202000032090;154 685 964;B01;1;1;0;2;0;26;5;
202000032091;154 685 961;B01;1;7;0;2;4;2;1;
202000032091;154 685 962;A01;1;7;0;2;1;2;1;
202000032092;154 685 959;B01;1;7;0;2;1;15;0;
202000032092;154 685 960;A01;2;1;0;2;1;5;5;
202000032093;154 685 957;A01;1;7;0;9;2;15;1;
202000032093;154 685 958;B01;1;32;0;2;0;1;1;
202000032094;154 685 954;B01;1;10;0;2;1;1;1;
202000032094;154 685 955;A01;1;7;1;2;9;1;1;
202000032094;154 685 956;C01;2;7;0;2;2;26;1;
202000032095;154 685 952;A01;2;7;0;2;7;15;1;
202000032095;154 685 953;B01;1;33;0;2;1;1;1;
202000032096;154 685 951;A01;2;7;0;1;1;15;6;
202000032097;154 685 950;A01;1;7;0;1;2;1;1;
202000032098;154 685 949;A01;1;7;0;1;3;15;1;
202000032099;154 685 948;A01;1;7;0;1;3;15;1;
202000032100;154 685 947;A01;1;7;0;1;3;2;0;
202000032101;154 685 945;A01;2;7;0;2;3;9;1;
202000032101;154 685 946;B01;1;7;0;2;2;1;1;
202000032102;154 685 943;A01;2;7;0;2;2;2;1;
202000032102;154 685 944;B01;2;7;0;2;6;23;1;
202000032103;154 685 942;A01;0;7;0;1;1;1;1;
202000032104;154 685 941;A01;1;7;0;1;0;1;1;
202000032105;154 685 940;A01;1;7;0;1;1;1;1;
202000032106;154 685 939;A01;3;10;0;1;4;4;1;
202000032107;154 685 937;B01;1;37;0;2;2;1;1;3
202000032107;154 685 938;A01;1;7;0;2;3;15;1;
202000032108;154 685 936;Z01;2;7;0;1;1;1;0;
202000032109;154 685 934;A01;2;7;0;2;2;15;0;
202000032109;154 685 935;B01;1;32;0;2;1;1;0;
202000032110;154 685 932;B01;1;7;0;2;3;15;0;
202000032110;154 685 933;Z01;1;7;9;2;1;17;0;
202000032111;154 685 931;A01;1;7;0;1;1;1;1;
202000032112;154 685 928;A01;1;7;0;2;7;15;1;
202000032112;154 685 929;B01;2;7;0;2;1;1;1;
202000032112;154 685 930;C01;2;7;0;2;1;0;1;
202000032113;154 685 927;A01;0;7;0;1;4;20;1;
202000032114;154 685 925;A01;0;7;0;2;3;1;1;
202000032114;154 685 926;B01;0;1;0;2;0;1;5;
202000032115;154 685 923;A01;2;10;0;2;1;2;1;
202000032115;154 685 924;B01;2;33;0;2;4;2;1;
202000032116;154 685 922;A01;3;7;0;1;1;1;1;
202000032117;154 685 921;A01;1;7;2;0;1;14;1;
202000032118;154 685 920;Z01;2;7;0;1;0;0;1;
202000032119;154 685 919;A01;1;33;0;1;1;7;1;
202000032120;154 685 917;A01;2;7;0;2;1;1;1;
202000032120;154 685 918;B01;1;7;0;2;1;1;1;
202000032121;154 685 916;A01;1;7;0;1;1;1;1;
202000032122;154 685 913;C01;2;7;0;2;4;2;1;
202000032122;154 685 914;B01;2;7;0;2;4;2;1;
202000032122;154 685 915;A01;2;7;0;2;1;1;1;
202000032123;154 685 910;B01;2;7;0;2;8;1;1;
202000032123;154 685 911;A01;2;7;0;2;0;9;1;
202000032123;154 685 912;C01;2;7;0;2;3;1;1;
202000032124;154 685 908;A01;1;7;0;2;1;1;1;
202000032124;154 685 909;B01;2;7;0;2;1;1;1;
202000032125;154 685 906;A01;2;1;0;2;0;9;5;
202000032125;154 685 907;B01;2;7;0;2;1;15;1;
202000032126;154 685 905;A01;2;7;0;1;1;1;1;
202000032127;154 685 903;A01;3;10;0;2;8;19;1;
202000032127;154 685 904;B01;3;7;0;2;2;1;1;
202000032128;154 685 902;A01;1;7;1;0;1;16;1;
202000032129;154 685 901;A01;1;7;6;0;1;1;1;
202000032130;154 685 900;A01;2;30;0;1;1;26;1;
202000032131;154 685 898;A01;2;30;0;2;8;1;1;
202000032131;154 685 899;B01;3;7;0;2;1;1;1;
202000032132;154 685 897;A01;1;7;15;0;2;15;1;
202000032133;154 685 894;C01;1;7;0;2;1;2;1;
202000032133;154 685 895;B01;1;7;0;2;1;2;1;
202000032133;154 685 896;A01;3;7;0;9;4;2;1;
202000032134;154 685 892;A01;2;7;3;2;4;2;1;
202000032134;154 685 893;B01;1;7;3;2;1;2;1;
202000032135;154 685 891;A01;1;7;0;0;0;1;1;
202000032136;154 685 890;A01;2;30;0;2;0;1;1;
202000032137;154 685 889;A01;1;14;0;1;2;16;1;
202000032138;154 685 887;B01;2;7;0;2;8;10;1;
202000032138;154 685 888;A01;2;10;0;2;1;1;1;
202000032139;154 685 885;B01;3;7;0;2;3;1;0;
202000032139;154 685 886;A01;3;7;0;2;2;1;0;
202000032140;154 685 884;A01;2;15;0;0;3;1;1;
202000032141;154 685 883;A01;2;7;2;0;1;1;1;
202000032142;154 685 882;A01;2;7;4;0;3;1;1;
202000032143;154 685 880;A01;3;7;0;2;2;1;1;
202000032143;154 685 881;B01;0;7;0;2;1;1;1;
202000032144;154 685 878;B01;2;7;0;2;1;17;1;
202000032144;154 685 879;A01;2;1;0;0;4;1;5;
202000032145;154 685 877;A01;1;7;13;0;2;0;4;
202000032146;154 685 876;A01;1;7;7;9;3;1;1;
202000032147;154 685 874;B01;2;33;0;2;1;1;1;
202000032147;154 685 875;A01;2;7;0;2;3;1;1;
202000032148;154 685 872;B01;1;7;0;2;2;1;1;
202000032148;154 685 873;A01;2;7;0;2;2;19;1;
202000032149;154 685 871;A01;1;33;0;0;8;1;0;
202000032150;154 685 870;A01;1;33;0;0;3;1;1;
202000032151;154 685 868;B01;1;7;0;2;1;1;1;
202000032151;154 685 869;A01;2;2;0;2;1;1;1;
202000032152;154 685 867;A01;2;2;0;0;0;1;0;
202000032153;154 685 866;A01;1;7;10;0;2;1;1;
202000032154;154 685 864;B01;2;33;0;2;2;17;0;
202000032154;154 685 865;A01;2;7;0;2;3;13;0;
202000032155;154 685 863;A01;1;34;0;0;0;1;1;
202000032156;154 685 862;A01;1;7;8;0;1;15;1;
202000032157;154 685 861;A01;3;1;14;0;1;2;5;
202000032158;154 685 860;A01;1;7;0;0;0;0;1;
202000032159;154 685 859;A01;2;7;0;1;2;5;1;
202000032160;154 685 858;A01;3;7;0;1;3;9;1;
202000032161;154 685 855;C01;1;15;0;2;3;1;1;
202000032161;154 685 856;B01;2;7;0;2;8;1;1;
202000032161;154 685 857;A01;2;7;0;2;3;13;1;
202000032162;154 685 853;B01;2;7;0;2;1;1;1;
202000032162;154 685 854;A01;1;7;0;2;7;13;1;
202000032163;154 685 851;B01;1;7;0;2;3;1;1;
202000032163;154 685 852;A01;2;7;0;2;3;13;2;
202000032164;154 685 850;A01;1;7;13;0;8;14;0;
202000032165;154 685 848;B01;0;1;0;2;0;0;5;
202000032165;154 685 849;A01;0;7;0;2;0;0;1;
202000032166;154 685 846;B01;2;7;0;2;2;19;1;
202000032166;154 685 847;A01;1;7;0;2;1;1;1;
202000032167;154 685 845;A01;1;33;6;0;8;11;1;
202000032168;154 685 843;A01;0;7;0;2;1;13;0;
202000032168;154 685 844;B01;3;7;0;2;1;1;0;
202000032169;154 685 842;A01;1;15;3;0;7;14;1;
202000032170;154 685 841;A01;1;7;13;0;2;1;1;
202000032171;154 685 839;B01;2;10;0;2;2;1;1;
202000032171;154 685 840;A01;1;7;4;2;5;13;1;
202000032172;154 685 837;A01;2;7;0;2;1;13;1;
202000032172;154 685 838;B01;1;7;0;2;1;1;1;
202000032173;154 685 836;A01;1;33;0;0;0;0;1;
202000032174;154 685 835;A01;0;7;0;1;1;16;1;
202000032175;154 685 834;A01;1;7;0;0;0;1;0;
202000032176;154 685 833;A01;2;7;2;0;1;1;1;
202000032177;154 685 831;A01;1;7;0;2;1;15;1;
202000032177;154 685 832;B01;0;36;0;2;1;1;1;
202000032178;154 685 830;A01;3;7;6;0;7;21;1;
202000032179;154 685 828;A01;3;7;1;0;3;1;0;
202000032179;154 685 829;B01;3;7;0;2;2;0;0;
202000032180;154 685 826;B01;1;14;0;2;8;1;1;
202000032180;154 685 827;A01;2;10;0;2;8;13;1;
202000032181;154 685 824;B01;3;7;0;9;7;1;1;
202000032181;154 685 825;A01;3;1;0;2;1;16;5;
202000032182;154 685 823;A01;0;99;0;0;8;2;1;
202000032183;154 685 822;A01;2;1;6;0;1;0;5;
202000032184;154 685 819;B01;2;99;0;2;1;15;3;
202000032184;154 685 820;A01;2;7;0;2;7;1;1;
202000032185;154 685 816;A01;1;7;0;0;9;1;1;
202000032186;154 685 815;A01;0;7;1;0;2;1;1;
202000032187;154 685 814;A01;1;7;3;0;1;26;1;
202000032188;154 685 813;A01;1;33;0;2;4;26;1;
202000032189;154 685 810;C01;1;7;0;2;4;1;1;
202000032189;154 685 811;B01;1;7;0;2;4;1;1;
202000032189;154 685 812;A01;1;7;0;2;1;1;1;
202000032190;154 685 809;A01;1;7;0;2;0;9;1;
202000032191;154 685 807;A01;2;7;0;2;3;9;1;
202000032191;154 685 808;B01;2;7;0;2;3;1;1;
202000032192;154 685 806;A01;2;7;4;0;7;14;1;
202000032193;154 685 803;A01;1;7;0;2;8;3;1;
202000032193;154 685 804;B01;1;7;0;2;5;1;1;
202000032193;154 685 805;C01;1;7;0;2;8;1;1;
202000032194;154 685 802;A01;2;7;4;0;3;17;1;
202000032195;154 685 799;B01;1;7;0;2;5;1;1;
202000032195;154 685 800;A01;1;33;0;2;1;3;1;
202000032195;154 685 801;C01;1;7;0;2;4;13;1;
202000032196;154 685 797;A01;2;7;0;2;8;11;1;
202000032196;154 685 798;B01;2;7;0;2;7;1;1;
202000032197;154 685 796;A01;2;33;16;0;5;12;1;
202000032198;154 685 795;A01;3;7;8;0;2;1;1;
202000032199;154 685 793;B01;2;30;0;2;1;1;0;
202000032199;154 685 794;A01;2;7;0;2;6;15;1;
202000032200;154 685 791;B01;1;2;0;2;7;1;1;
202000032200;154 685 792;A01;1;7;0;2;1;1;1;
202000032201;154 685 789;A01;3;7;0;2;1;2;1;
202000032201;154 685 790;B01;3;7;0;2;4;1;1;
202000032202;154 685 788;A01;2;10;0;1;1;2;0;
202000032203;154 685 787;Z01;1;0;0;1;1;1;0;
202000032204;154 685 784;A01;2;7;0;2;1;15;1;
202000032204;154 685 785;C01;1;7;0;2;1;1;1;
202000032204;154 685 786;B01;1;34;0;2;1;1;1;
202000032205;154 685 782;A01;1;30;0;2;1;26;1;
202000032205;154 685 783;B01;1;7;0;2;1;15;1;
202000032206;154 685 780;B01;2;38;14;0;3;0;0;2
202000032206;154 685 781;A01;2;30;14;0;1;26;1;
202000032207;154 685 778;B01;3;30;0;2;1;0;1;
202000032207;154 685 779;A01;0;7;1;0;6;0;1;
202000032208;154 685 776;A01;1;7;0;2;6;16;0;
202000032208;154 685 777;B01;1;33;0;2;1;1;0;
202000032209;154 685 775;A01;1;37;0;1;2;9;1;1
202000032210;154 685 774;A01;1;7;6;0;3;13;1;
202000032211;154 685 768;B01;1;7;0;2;8;1;1;
202000032211;154 685 769;A01;1;7;0;2;1;1;1;
202000032212;154 685 767;A01;1;36;15;0;1;14;1;
202000032213;154 685 765;A01;1;7;0;2;1;2;1;
202000032213;154 685 766;B01;1;7;0;2;4;2;1;
202000032214;154 685 763;B01;1;7;0;2;8;15;0;
202000032214;154 685 764;A01;1;33;0;2;1;17;1;
202000032215;154 685 762;A01;3;3;13;0;1;1;1;
202000032216;154 685 759;A01;1;7;0;2;1;2;1;
202000032216;154 685 760;C01;1;7;0;2;4;0;1;
202000032216;154 685 761;B01;1;7;0;2;4;2;1;
202000032217;154 685 757;B01;1;33;0;2;1;1;1;
202000032217;154 685 758;A01;1;7;0;2;2;9;1;
202000032218;154 685 756;A01;2;7;0;9;0;9;1;
202000032219;154 685 754;A01;1;7;6;2;1;13;1;
202000032219;154 685 755;B01;2;7;0;2;1;1;1;
202000032220;154 685 752;B01;1;7;0;2;4;23;1;
202000032220;154 685 753;A01;1;7;0;2;1;1;1;
202000032221;154 685 751;A01;1;7;1;0;3;1;1;
202000032222;154 685 749;A01;3;7;0;2;8;10;1;
202000032222;154 685 750;B01;3;7;0;2;1;1;0;
202000032223;154 685 748;A01;1;30;0;0;1;1;1;
202000032224;154 685 747;A01;2;7;2;0;1;14;1;
202000032225;154 685 746;A01;2;31;12;0;0;1;1;
202000032226;154 685 745;A01;3;0;0;1;0;15;0;
202000032227;154 685 741;A01;3;31;0;2;1;13;0;
202000032227;154 685 742;B01;3;7;0;2;1;0;1;
202000032228;154 685 740;A01;1;7;15;0;8;1;1;
202000032229;154 685 738;Z01;1;7;0;2;1;2;1;
202000032229;154 685 739;A01;1;7;0;2;4;1;1;
202000032230;154 685 736;Z01;3;7;0;2;0;0;0;
202000032230;154 685 737;B01;2;34;0;2;1;1;1;
202000032231;154 685 734;A01;1;7;6;2;1;13;1;
202000032231;154 685 735;B01;1;7;0;2;4;1;1;
202000032232;154 685 733;A01;1;7;3;0;7;15;1;
202000032233;154 685 731;B01;3;10;0;2;3;1;0;
202000032233;154 685 732;A01;3;10;0;2;2;19;0;
202000032234;154 685 728;C01;2;7;0;2;4;1;1;
202000032234;154 685 729;B01;2;7;0;2;4;1;1;
202000032234;154 685 730;A01;2;7;0;2;1;1;1;
202000032235;154 685 727;A01;2;7;0;1;2;1;1;
202000032236;154 685 725;B01;2;33;0;2;1;1;1;
202000032236;154 685 726;A01;3;7;0;2;3;15;1;
202000032237;154 685 722;C01;2;1;1;2;0;0;5;
202000032237;154 685 723;B01;2;33;0;0;0;0;1;
202000032237;154 685 724;A01;2;33;0;2;1;14;1;
202000032238;154 685 720;A01;2;7;0;2;1;13;1;
202000032238;154 685 721;B01;1;10;0;2;3;1;1;
202000032239;154 685 718;B01;1;7;0;2;1;1;1;
202000032239;154 685 719;A01;1;7;0;2;1;1;1;
202000032240;154 685 716;A01;1;7;0;2;7;12;1;
202000032240;154 685 717;B01;1;43;0;2;3;3;1;
202000032241;154 685 715;A01;2;33;0;0;8;9;1;
202000032242;154 685 713;A01;1;33;0;2;1;1;1;
202000032242;154 685 714;B01;2;7;0;2;8;1;1;
202000032243;154 685 711;B01;1;7;0;2;3;1;1;
202000032243;154 685 712;A01;2;30;0;2;1;1;3;
202000032244;154 685 709;A01;1;7;0;2;1;2;1;
202000032244;154 685 710;B01;1;30;0;2;4;24;1;
202000032245;154 685 707;A01;1;7;0;2;3;1;1;
202000032245;154 685 708;B01;1;1;0;2;1;1;5;
202000032246;154 685 705;B01;2;7;0;2;3;15;1;
202000032246;154 685 706;A01;2;33;0;2;2;17;1;
202000032247;154 685 704;A01;0;50;12;0;1;25;3;
202000032248;154 685 703;A01;1;7;0;1;2;1;1;
202000032249;154 685 702;A01;1;7;9;0;1;13;1;
202000032250;154 685 700;A01;2;7;0;2;3;10;1;
202000032250;154 685 701;B01;2;33;0;2;1;17;1;
202000032251;154 685 699;Z01;2;7;0;1;2;1;0;
202000032252;154 685 697;A01;1;7;0;2;2;16;1;
202000032252;154 685 698;B01;1;33;0;2;8;7;1;
202000032253;154 685 695;A01;2;7;0;2;1;15;1;
202000032253;154 685 696;B01;1;33;0;2;3;2;1;
202000032254;154 685 693;A01;1;1;0;2;2;2;5;
202000032254;154 685 694;B01;1;50;0;2;3;2;3;
202000032255;154 685 691;A01;2;7;0;2;8;13;1;
202000032255;154 685 692;B01;2;2;14;2;7;17;1;
202000032256;154 685 689;A01;1;1;0;2;3;1;5;
202000032256;154 685 690;Z01;1;7;0;2;7;1;0;
202000032257;154 685 688;A01;1;1;14;0;1;14;5;
202000032258;154 685 685;B01;3;7;0;2;8;1;1;
202000032258;154 685 686;A01;3;7;0;2;1;1;1;
202000032259;154 685 683;B01;3;7;0;2;0;0;1;
202000032259;154 685 684;A01;3;1;0;2;1;15;5;
202000032260;154 685 680;C01;3;7;0;2;3;23;0;
202000032260;154 685 681;A01;2;7;0;2;2;16;1;
202000032260;154 685 682;B01;3;30;0;2;1;16;1;
202000032261;154 685 679;A01;1;7;0;1;2;9;0;
202000032262;154 685 677;Y01;1;50;0;2;1;1;3;
202000032262;154 685 678;A01;1;7;16;2;5;4;1;
202000032263;154 685 675;B01;3;10;0;2;7;1;0;
202000032263;154 685 676;A01;3;7;0;2;3;14;1;
202000032264;154 685 673;B01;1;7;0;2;7;0;1;
202000032264;154 685 674;A01;1;30;0;2;1;19;1;
202000032265;154 685 672;A01;1;10;0;1;3;15;0;
202000032266;154 685 670;B01;1;32;0;2;8;1;1;
202000032266;154 685 671;A01;1;7;0;2;1;9;1;
202000032267;154 685 669;A01;2;30;1;0;7;14;3;
202000032268;154 685 667;B01;1;7;8;2;3;19;1;
202000032268;154 685 668;A01;2;7;0;2;2;19;1;
202000032269;154 685 665;B01;1;37;0;2;0;1;1;1
202000032269;154 685 666;A01;2;1;0;2;0;5;5;
202000032270;154 685 664;A01;2;32;0;1;2;17;6;
202000032271;154 685 662;A01;1;10;0;2;2;16;1;
202000032271;154 685 663;B01;2;1;0;2;1;2;5;
202000032272;154 685 661;A01;2;7;8;0;1;1;1;
202000032273;154 685 659;B01;1;7;0;9;3;1;1;
202000032273;154 685 660;A01;2;15;0;2;3;1;1;
202000032274;154 685 657;A01;2;7;0;0;0;15;1;
202000032274;154 685 658;B01;2;33;0;0;7;17;1;
202000032275;154 685 656;A01;1;7;13;0;9;1;1;
202000032276;154 685 654;A01;2;7;0;0;6;2;1;
202000032276;154 685 655;B01;2;2;0;2;1;1;1;