num_acc;id_vehicule;num_veh;senc;catv;obs;obsm;choc;manv;motor;occutc
202000032277;154 685 652;A01;1;33;0;2;1;13;0;
202000032277;154 685 653;B01;2;7;0;2;1;1;0;
202000032278;154 685 650;B01;2;7;0;2;3;1;1;
202000032278;154 685 651;A01;2;34;0;2;1;13;1;
202000032279;154 685 649;A01;1;10;3;0;4;2;1;
202000032280;154 685 647;A01;1;7;0;2;6;18;1;
202000032280;154 685 648;B01;1;7;0;2;2;2;1;
202000032281;154 685 646;A01;1;33;16;0;0;2;1;
202000032282;154 685 644;B01;2;37;0;2;3;1;1;1
202000032282;154 685 645;A01;3;7;0;2;2;19;1;
202000032283;154 685 642;A01;1;7;0;2;1;9;1;
202000032283;154 685 643;B01;1;7;0;0;4;1;1;
202000032284;154 685 640;B01;2;17;0;2;6;2;1;
202000032284;154 685 641;A01;2;7;0;2;2;2;1;
202000032285;154 685 639;A01;1;7;0;1;3;21;1;
202000032286;154 685 638;A01;1;7;8;0;1;1;1;
202000032287;154 685 635;B01;3;1;0;2;1;1;5;
202000032287;154 685 636;A01;3;1;0;0;4;13;5;
202000032288;154 685 633;A01;1;7;0;2;0;12;1;
202000032288;154 685 634;B01;1;43;0;2;8;18;1;
202000032289;154 685 632;A01;2;7;13;0;3;1;1;
202000032290;154 685 630;A01;2;33;0;2;1;13;1;
202000032290;154 685 631;B01;1;7;0;2;7;1;1;
202000032291;154 685 628;A01;2;7;0;2;1;13;1;
202000032291;154 685 629;B01;1;17;0;2;1;1;1;
202000032292;154 685 626;B01;2;7;0;2;3;21;1;
202000032292;154 685 627;A01;1;1;0;2;1;13;5;
202000032293;154 685 625;A01;2;7;6;0;3;13;0;
202000032294;154 685 624;A01;1;33;0;0;0;1;1;
202000032295;154 685 623;A01;1;2;15;0;7;1;0;
202000032296;154 685 622;A01;1;7;2;0;8;1;1;
202000032297;154 685 621;A01;3;7;16;0;9;14;1;
202000032298;154 685 620;A01;1;7;13;0;1;1;1;
202000032299;154 685 618;B01;1;2;0;2;4;9;1;
202000032299;154 685 619;A01;1;7;0;2;1;1;1;
202000032300;154 685 617;A01;2;7;1;1;2;17;1;
202000032301;154 685 616;A01;1;3;13;0;2;1;1;
202000032302;154 685 614;A01;1;7;0;2;2;15;1;
202000032302;154 685 615;B01;2;1;0;2;1;1;5;
202000032303;154 685 612;B01;2;3;0;2;1;1;1;
202000032303;154 685 613;A01;2;7;0;2;7;1;1;
202000032304;154 685 610;B01;2;33;0;2;1;1;1;
202000032304;154 685 611;A01;1;7;0;2;2;1;1;
202000032305;154 685 609;A01;0;33;2;0;0;1;1;
202000032306;154 685 608;A01;0;33;2;0;1;19;1;
202000032307;154 685 606;A01;1;7;0;2;3;15;0;
202000032307;154 685 607;B01;2;33;0;2;1;15;0;
202000032308;154 685 604;B01;1;33;0;2;1;1;1;
202000032308;154 685 605;A01;1;7;0;2;1;15;1;
202000032309;154 685 603;A01;1;1;0;0;0;1;5;
202000032310;154 685 602;A01;2;7;0;0;9;1;1;
202000032311;154 685 600;A01;3;2;0;2;1;21;1;
202000032311;154 685 601;B01;3;2;0;2;0;21;1;
202000032312;154 685 599;A01;1;7;6;0;1;13;1;
202000032313;154 685 598;A01;1;7;0;1;3;1;1;
202000032314;154 685 596;B01;3;7;0;2;2;1;1;
202000032314;154 685 597;A01;3;2;0;2;1;13;1;
202000032315;154 685 594;A01;2;33;6;0;2;13;1;
202000032315;154 685 595;B01;2;10;0;2;2;1;1;
202000032316;154 685 593;A01;2;1;4;0;1;1;6;
202000032317;154 685 591;A01;1;1;0;2;1;13;5;
202000032317;154 685 592;B01;2;7;6;2;3;1;1;
202000032318;154 685 589;B01;2;10;0;2;3;1;1;
202000032318;154 685 590;A01;1;7;0;2;3;13;1;
202000032319;154 685 587;A01;1;33;0;2;1;1;1;
202000032319;154 685 588;B01;2;7;0;2;3;1;1;
202000032320;154 685 586;A01;1;7;0;0;8;1;1;
202000032321;154 685 584;B01;2;7;0;2;6;1;6;
202000032321;154 685 585;A01;2;2;0;2;1;15;1;
202000032322;154 685 582;B01;2;7;0;2;1;1;1;
202000032322;154 685 583;A01;1;7;0;2;3;13;1;
202000032323;154 685 580;A01;0;2;0;2;1;16;1;
202000032323;154 685 581;B01;0;7;0;0;2;23;1;
202000032324;154 685 576;A01;3;7;0;2;3;15;1;
202000032324;154 685 577;B01;2;7;0;2;1;1;1;
202000032325;154 685 575;A01;2;7;4;0;2;21;1;
202000032326;154 685 574;A01;2;7;0;0;1;1;1;
202000032327;154 685 573;A01;2;7;2;0;1;2;0;
202000032328;154 685 571;A01;2;7;0;2;1;1;1;
202000032328;154 685 572;B01;2;7;0;0;4;1;1;
202000032329;154 685 570;A01;2;33;2;0;3;13;1;
202000032330;154 685 566;A01;1;33;11;0;1;1;1;
202000032331;154 685 565;A01;3;7;0;1;2;17;1;
202000032332;154 685 563;B01;2;2;0;0;7;1;0;
202000032332;154 685 564;A01;3;7;0;2;1;15;0;
202000032333;154 685 562;A01;3;7;13;0;1;1;1;
202000032334;154 685 560;A01;2;7;0;2;1;2;1;
202000032334;154 685 561;B01;2;7;0;2;4;2;1;
202000032335;154 685 559;A01;2;17;0;0;9;13;1;
202000032336;154 685 558;A01;2;7;0;0;9;21;1;
202000032337;154 685 557;A01;3;7;0;1;0;0;1;
202000032338;154 685 555;B01;1;7;0;0;0;9;1;
202000032338;154 685 556;A01;1;33;0;2;0;17;1;
202000032339;154 685 553;B01;1;7;0;1;0;0;1;
202000032339;154 685 554;A01;2;7;0;2;1;1;1;
202000032340;154 685 552;A01;1;7;12;0;0;1;1;
202000032341;154 685 551;A01;2;30;8;0;1;25;0;
202000032342;154 685 550;A01;1;7;8;0;1;1;0;
202000032343;154 685 548;B01;0;7;0;2;3;1;1;
202000032343;154 685 549;A01;0;7;0;2;3;13;1;
202000032344;154 685 546;A01;3;7;0;2;3;13;1;
202000032344;154 685 547;B01;3;7;0;2;3;1;1;
202000032345;154 685 545;A01;1;7;0;1;1;1;1;
202000032346;154 685 544;A01;2;7;2;0;1;14;1;
202000032347;154 685 543;A01;2;7;0;1;4;4;1;
202000032348;154 685 541;B01;2;7;0;2;2;16;1;
202000032348;154 685 542;A01;2;33;0;2;8;1;1;
202000032349;154 685 539;A01;3;7;0;2;1;1;1;
202000032349;154 685 540;B01;2;7;0;2;5;0;1;
202000032350;154 685 537;B01;2;2;0;2;3;1;1;
202000032350;154 685 538;A01;1;10;0;2;3;9;1;
202000032351;154 685 536;A01;3;30;0;0;0;0;1;
202000032352;154 685 534;B01;2;33;0;2;1;1;1;
202000032352;154 685 535;A01;3;7;0;2;3;15;1;
202000032353;154 685 532;B01;1;33;0;2;3;1;1;
202000032353;154 685 533;A01;2;7;0;2;2;1;1;
202000032354;154 685 530;B01;3;7;0;2;3;22;1;
202000032354;154 685 531;A01;2;37;1;0;2;1;1;1
202000032355;154 685 528;Z01;2;3;0;2;8;1;0;
202000032355;154 685 529;A01;1;50;0;2;2;1;3;
202000032356;154 685 526;A01;3;33;0;2;3;15;1;
202000032356;154 685 527;B01;3;33;0;2;2;26;1;
202000032357;154 685 525;A01;2;7;2;0;1;1;6;
202000032358;154 685 523;B01;1;10;0;2;3;9;1;
202000032358;154 685 524;A01;2;35;0;0;7;15;1;
202000032359;154 685 522;A01;2;7;17;0;3;17;1;
202000032360;154 685 521;A01;1;7;8;0;9;1;1;
202000032361;154 685 520;A01;2;7;13;0;8;13;1;
202000032362;154 685 518;B01;1;7;0;2;3;1;1;
202000032362;154 685 519;A01;2;7;0;2;1;1;1;
202000032363;154 685 517;A01;2;7;2;0;1;0;1;
202000032364;154 685 514;C01;2;17;0;2;1;1;1;
202000032364;154 685 515;A01;1;14;0;2;1;13;1;
202000032364;154 685 516;B01;1;10;0;0;0;15;1;
202000032365;154 685 513;A01;1;7;2;0;1;13;6;
202000032366;154 685 511;A01;1;10;0;2;1;16;1;
202000032366;154 685 512;B01;1;7;0;2;4;16;1;
202000032367;154 685 509;B01;3;7;0;2;3;1;1;
202000032367;154 685 510;A01;3;32;0;2;3;13;1;
202000032368;154 685 508;A01;3;7;0;1;2;21;1;
202000032369;154 685 507;A01;3;7;0;0;1;1;1;
202000032370;154 685 506;A01;1;7;0;1;1;15;3;
202000032371;154 685 505;A01;2;7;2;0;1;26;1;
202000032372;154 685 503;A01;1;7;0;2;1;1;1;
202000032372;154 685 504;B01;1;1;0;2;8;19;5;
202000032373;154 685 501;B01;3;7;0;2;3;2;1;
202000032373;154 685 502;A01;3;30;0;2;1;26;1;
202000032374;154 685 499;A01;0;7;8;2;1;1;1;
202000032374;154 685 500;B01;2;7;0;2;1;0;1;
202000032375;154 685 498;A01;1;7;15;0;1;14;1;
202000032376;154 685 497;A01;2;7;0;1;1;9;1;
202000032377;154 685 496;A01;1;10;9;0;1;1;1;
202000032378;154 685 494;B01;2;10;0;2;2;1;1;
202000032378;154 685 495;A01;2;10;0;2;3;1;1;
202000032379;154 685 492;B01;2;2;0;2;2;2;0;
202000032379;154 685 493;Z01;2;99;0;2;3;2;0;
202000032380;154 685 491;A01;3;30;14;0;2;23;1;
202000032381;154 685 490;A01;2;7;11;0;1;0;1;
202000032382;154 685 488;A01;1;7;0;9;1;1;3;
202000032382;154 685 489;B01;3;1;0;2;8;1;5;
202000032383;154 685 487;A01;2;33;0;0;2;1;1;
202000032384;154 685 486;A01;1;7;2;0;1;1;1;
202000032385;154 685 484;B01;1;7;0;2;2;13;1;
202000032385;154 685 485;A01;2;7;0;2;3;21;1;
202000032386;154 685 483;A01;0;7;8;0;2;1;1;
202000032387;154 685 482;A01;1;7;13;0;1;1;1;
202000032388;154 685 481;A01;1;33;0;1;2;1;1;
202000032389;154 685 480;A01;2;10;3;0;2;1;6;
202000032390;154 685 478;A01;2;7;0;2;1;13;1;
202000032390;154 685 479;B01;1;37;0;2;1;1;1;5
202000032391;154 685 476;B01;3;33;0;2;2;17;1;
202000032391;154 685 477;A01;3;21;0;2;3;15;1;
202000032392;154 685 475;A01;3;36;2;0;2;0;1;
202000032393;154 685 474;A01;1;7;6;0;2;2;1;
202000032394;154 685 472;B01;2;37;0;2;3;1;1;2
202000032394;154 685 473;A01;2;7;0;2;1;15;1;
202000032395;154 685 471;A01;0;7;0;1;0;1;1;
202000032396;154 685 470;A01;0;7;0;1;2;1;1;
202000032397;154 685 469;A01;3;7;0;1;2;26;1;
202000032398;154 685 468;A01;1;7;8;0;1;1;1;
202000032399;154 685 465;A01;3;10;0;2;3;17;1;
202000032399;154 685 466;B01;3;7;0;2;3;1;1;
202000032399;154 685 467;C01;3;7;0;2;8;1;1;
202000032400;154 685 464;A01;1;7;9;0;1;1;1;
202000032401;154 685 462;A01;1;7;0;2;1;15;1;
202000032401;154 685 463;B01;1;7;0;2;1;1;1;
202000032402;154 685 461;A01;1;30;15;0;1;2;1;
202000032403;154 685 460;A01;1;10;0;1;7;1;1;
202000032404;154 685 459;A01;1;7;0;1;1;1;1;
202000032405;154 685 457;B01;2;7;3;2;8;1;1;
202000032405;154 685 458;A01;2;14;0;2;7;12;1;
202000032406;154 685 454;A01;1;10;0;2;1;1;1;
202000032406;154 685 456;B01;3;1;0;2;8;19;5;
202000032407;154 685 453;B01;2;33;0;2;7;1;6;
202000032407;154 685 455;A01;2;7;0;2;1;26;6;
202000032408;154 685 452;A01;1;10;0;1;4;1;1;
202000032409;154 685 449;B01;0;50;0;2;1;19;3;
202000032409;154 685 451;A01;0;7;0;9;3;1;1;
202000032410;154 685 450;A01;1;7;0;0;1;1;1;
202000032411;154 685 442;B01;2;30;0;2;8;1;1;
202000032411;154 685 444;A01;1;30;0;2;1;5;1;
202000032412;154 685 439;A01;2;33;0;0;8;1;1;
202000032413;154 685 438;B01;0;7;0;0;0;0;0;
202000032413;154 685 440;A01;1;30;0;0;0;0;1;
202000032414;154 685 435;A01;3;7;0;1;4;20;1;
202000032415;154 685 432;A01;2;7;3;0;3;1;1;
202000032416;154 685 430;B01;2;10;0;0;6;1;1;
202000032416;154 685 431;A01;2;10;0;2;2;17;1;
202000032417;154 685 429;B01;1;32;0;2;8;1;1;
202000032417;154 685 433;A01;1;7;0;2;2;15;1;
202000032418;154 685 425;B01;0;7;0;0;3;0;1;
202000032418;154 685 427;C01;3;7;0;2;1;1;0;
202000032418;154 685 428;A01;3;34;12;2;0;0;1;
202000032419;154 685 424;A01;1;7;0;2;1;1;1;
202000032419;154 685 426;B01;2;1;0;2;1;1;5;
202000032420;154 685 423;A01;1;14;3;0;3;13;1;
202000032421;154 685 419;A01;2;7;0;2;1;18;1;
202000032421;154 685 420;B01;2;7;0;2;2;1;1;
202000032421;154 685 421;C01;1;7;0;9;1;1;1;
202000032422;154 685 422;A01;2;10;3;0;7;1;1;
202000032423;154 685 417;B01;2;7;1;0;1;14;0;
202000032423;154 685 418;A01;2;7;3;0;4;24;0;
202000032424;154 685 416;A01;2;2;17;0;1;1;1;
202000032425;154 685 415;A01;1;2;0;0;0;1;1;
202000032426;154 685 414;A01;2;10;13;0;2;1;1;
202000032427;154 685 411;A01;1;7;0;2;1;15;1;
202000032427;154 685 413;B01;2;7;0;2;1;1;1;
202000032428;154 685 410;A01;1;10;0;2;2;2;1;
202000032428;154 685 412;B01;1;1;0;0;0;23;5;
202000032429;154 685 409;A01;1;7;2;0;8;1;1;
202000032430;154 685 408;A01;1;33;6;0;3;21;1;
202000032431;154 685 406;A01;2;38;0;2;8;15;1;1
202000032431;154 685 407;B01;1;1;0;2;8;16;5;
202000032432;154 685 400;A01;2;2;6;0;1;15;1;
202000032433;154 685 398;B01;2;7;7;2;8;1;1;
202000032433;154 685 401;A01;2;7;0;2;1;6;1;
202000032434;154 685 396;A01;2;7;3;0;0;14;1;
202000032435;154 685 395;A01;3;10;0;1;4;4;1;
202000032436;154 685 393;B01;2;7;0;0;2;1;1;
202000032436;154 685 394;A01;1;7;0;2;1;1;1;
202000032437;154 685 397;A01;3;7;0;9;1;1;1;
202000032437;154 685 399;B01;3;1;0;2;7;19;5;
202000032438;154 685 391;A01;1;7;3;0;3;13;1;
202000032439;154 685 392;A01;0;7;0;1;4;4;1;
202000032440;154 685 388;A01;1;7;2;0;3;1;1;
202000032441;154 685 389;B01;0;7;0;2;3;2;0;
202000032441;154 685 390;A01;0;33;0;2;2;17;0;
202000032442;154 685 386;A01;1;7;6;0;1;1;1;
202000032443;154 685 385;B01;1;7;0;2;3;1;1;
202000032443;154 685 387;A01;2;2;0;2;1;13;1;
202000032444;154 685 384;A01;0;7;6;0;1;26;1;
202000032445;154 685 382;A01;1;10;3;0;8;11;1;
202000032446;154 685 381;A01;1;7;4;0;9;1;1;
202000032447;154 685 379;A01;1;10;0;2;8;15;1;
202000032447;154 685 380;B01;1;7;0;2;1;1;1;
202000032448;154 685 375;D01;2;7;0;2;1;2;1;
202000032448;154 685 376;A01;2;10;0;2;1;1;1;
202000032448;154 685 377;B01;2;7;0;2;4;2;1;
202000032448;154 685 378;C01;2;7;0;2;4;15;1;
202000032449;154 685 374;A01;2;7;13;0;1;1;1;
202000032450;154 685 373;A01;0;7;0;0;9;26;1;
202000032451;154 685 372;A01;1;33;0;0;0;1;1;
202000032452;154 685 370;A01;2;7;0;2;1;13;1;
202000032452;154 685 371;B01;1;37;0;2;1;1;1;1
202000032453;154 685 368;A01;1;7;0;2;1;6;0;
202000032453;154 685 369;B01;1;7;0;0;8;9;0;
202000032454;154 685 367;A01;1;33;8;0;1;1;1;
202000032455;154 685 366;A01;2;7;6;0;3;13;1;
202000032456;154 685 363;B01;2;30;0;2;0;1;1;
202000032456;154 685 365;A01;1;7;0;0;0;15;1;
202000032457;154 685 364;A01;1;7;0;1;2;19;1;
202000032458;154 685 362;A01;3;1;12;0;7;1;5;
202000032459;154 685 360;B01;2;33;0;2;1;0;1;
202000032459;154 685 361;A01;1;7;0;2;3;26;1;
202000032460;154 685 359;A01;0;10;6;0;4;26;1;
202000032461;154 685 358;A01;1;31;11;0;1;1;1;
202000032462;154 685 354;B01;1;7;0;2;1;1;1;
202000032462;154 685 356;A01;2;7;0;2;1;1;1;
202000032463;154 685 355;A01;0;7;0;2;2;15;0;
202000032463;154 685 357;B01;1;33;0;2;1;1;1;
202000032464;154 685 351;A01;3;3;0;2;1;10;1;
202000032464;154 685 353;B01;3;33;0;2;3;1;1;
202000032465;154 685 350;A01;2;7;1;0;1;1;1;
202000032465;154 685 352;B01;2;7;3;0;4;24;1;
202000032466;154 685 349;A01;2;7;2;0;1;0;1;
202000032467;154 685 348;A01;1;7;8;0;0;1;1;
202000032468;154 685 347;A01;2;33;13;0;1;17;1;
202000032469;154 685 345;B01;1;7;0;2;7;1;1;
202000032469;154 685 346;A01;3;10;0;2;1;19;1;
202000032470;154 685 343;A01;2;7;13;0;9;1;1;
202000032471;154 685 342;C01;3;30;0;2;7;1;1;
202000032471;154 685 344;A01;3;7;0;2;1;1;1;
202000032472;154 685 341;A01;2;2;6;0;1;1;1;
202000032473;154 685 338;A01;1;7;0;2;3;1;1;
202000032473;154 685 339;C01;2;33;0;2;1;0;1;
202000032473;154 685 340;B01;2;33;0;2;1;1;1;
202000032474;154 685 335;A01;2;7;0;2;1;17;0;
202000032474;154 685 337;B01;1;7;0;2;7;21;1;
202000032475;154 685 334;B01;1;1;12;2;8;1;5;
202000032475;154 685 336;A01;3;7;0;9;2;2;1;
202000032476;154 685 333;A01;2;7;13;0;1;1;1;
202000032477;154 685 331;B01;2;7;0;2;2;9;1;
202000032477;154 685 332;A01;1;7;0;2;3;1;1;
202000032478;154 685 329;A01;1;10;13;2;4;1;1;
202000032478;154 685 330;B01;1;10;0;2;9;1;1;
202000032479;154 685 327;B01;2;7;0;0;4;2;1;
202000032479;154 685 328;A01;2;7;0;2;1;2;1;
202000032480;154 685 325;B01;1;7;0;2;2;9;0;
202000032480;154 685 326;A01;1;1;0;2;6;1;5;
202000032481;154 685 322;A01;1;7;0;2;1;1;0;
202000032481;154 685 324;B01;1;30;0;2;8;0;0;
202000032482;154 685 321;A01;1;1;0;2;8;25;6;
202000032482;154 685 323;B01;2;7;0;9;3;23;1;
202000032483;154 685 319;A01;1;33;0;2;1;2;1;
202000032483;154 685 320;B01;1;7;0;0;4;2;1;
202000032484;154 685 315;B01;2;7;0;0;1;1;1;
202000032484;154 685 316;A01;2;7;0;2;1;9;1;
202000032485;154 685 317;B01;3;32;0;2;0;9;0;
202000032485;154 685 318;A01;3;7;0;2;2;13;0;
202000032486;154 685 313;A01;2;33;0;0;8;1;1;
202000032487;154 685 310;A01;2;7;12;0;8;26;1;
202000032488;154 685 311;A01;2;7;3;2;2;14;1;
202000032488;154 685 312;C01;2;7;3;2;1;2;1;
202000032488;154 685 314;B01;2;7;3;0;8;1;1;
202000032489;154 685 307;A01;1;13;0;0;3;15;1;
202000032489;154 685 309;B01;1;31;13;2;2;17;1;
202000032490;154 685 306;A01;2;7;0;2;1;2;1;
202000032490;154 685 308;B01;2;7;14;0;4;2;1;
202000032491;154 685 305;A01;2;32;8;0;9;0;1;
202000032492;154 685 304;A01;1;33;13;0;1;13;1;
202000032493;154 685 303;A01;0;33;0;0;0;0;1;
202000032494;154 685 301;A01;1;30;0;2;1;9;0;
202000032494;154 685 302;B01;1;7;0;2;6;1;0;
202000032495;154 685 300;A01;1;7;6;0;1;1;1;
202000032496;154 685 299;A01;3;33;0;0;0;2;1;
202000032497;154 685 298;A01;3;7;3;0;7;14;0;
202000032498;154 685 297;A01;1;7;0;2;2;26;0;
202000032499;154 685 295;A01;2;7;2;0;1;21;1;
202000032500;154 685 294;A01;0;7;0;2;1;13;1;
202000032500;154 685 296;B01;0;37;0;2;1;1;1;1
202000032501;154 685 292;A01;3;7;0;0;7;19;1;
202000032501;154 685 293;B01;1;33;0;2;1;1;1;
202000032502;154 685 290;B01;0;7;0;2;2;1;1;
202000032502;154 685 291;A01;0;7;0;2;3;1;1;
202000032503;154 685 289;A01;3;80;2;0;1;1;3;
202000032504;154 685 287;A01;1;33;3;0;4;17;1;
202000032505;154 685 286;A01;2;7;0;2;1;15;1;
202000032505;154 685 288;B01;1;50;0;2;8;1;3;
202000032506;154 685 285;A01;1;7;0;1;3;1;1;
202000032507;154 685 284;A01;1;34;0;0;2;15;0;
202000032508;154 685 282;B01;0;33;0;2;5;1;1;
202000032508;154 685 283;A01;3;7;0;2;2;15;1;
202000032509;154 685 281;A01;1;7;1;0;1;26;1;
202000032510;154 685 280;A01;1;7;0;1;0;1;1;
202000032511;154 685 278;A01;1;3;9;4;1;19;1;
202000032511;154 685 279;B01;1;40;0;2;1;1;3;
202000032512;154 685 277;A01;1;7;0;1;2;1;1;
202000032513;154 685 276;A01;1;33;0;0;0;1;1;
202000032514;154 685 275;A01;2;50;0;1;1;1;3;
202000032515;154 685 274;A01;1;7;0;1;4;20;1;
202000032516;154 685 273;A01;1;7;6;0;3;1;1;
202000032517;154 685 271;A01;1;7;13;0;1;1;1;
202000032518;154 685 270;A01;-1;7;0;2;2;2;1;
202000032518;154 685 272;B01;-1;7;0;0;6;2;1;
202000032519;154 685 269;A01;3;7;2;0;1;1;1;
202000032520;154 685 267;A01;1;10;0;2;7;1;1;
202000032520;154 685 268;B01;2;42;0;2;1;1;1;
202000032521;154 685 266;A01;0;31;0;0;0;0;1;
202000032522;154 685 263;B01;2;7;0;2;4;1;1;
202000032522;154 685 264;A01;2;32;0;2;1;2;1;
202000032523;154 685 261;B01;2;7;0;0;7;12;1;
202000032523;154 685 262;A01;2;32;0;2;1;3;1;
202000032524;154 685 265;A01;0;7;0;1;1;9;0;
202000032525;154 685 259;A01;1;7;0;2;2;12;1;
202000032525;154 685 260;B01;1;7;0;2;6;1;1;
202000032526;154 685 258;A01;2;33;0;0;3;2;1;
202000032527;154 685 255;A01;0;7;6;0;1;0;0;
202000032528;154 685 254;B01;2;7;0;2;5;1;1;
202000032528;154 685 256;C01;2;33;0;2;7;3;1;
202000032528;154 685 257;A01;2;7;0;2;8;11;1;
202000032529;154 685 253;A01;2;7;13;0;9;0;1;
202000032530;154 685 251;A01;2;7;0;2;1;2;1;
202000032530;154 685 252;B01;2;7;0;2;4;2;1;
202000032531;154 685 249;B01;1;33;0;2;5;1;1;
202000032531;154 685 250;A01;1;33;8;2;8;1;1;
202000032532;154 685 246;C01;2;7;0;2;4;2;1;
202000032532;154 685 247;A01;2;7;0;2;1;1;1;
202000032532;154 685 248;B01;2;10;0;2;4;2;1;
202000032533;154 685 244;A01;1;7;6;0;2;14;1;
202000032534;154 685 243;B01;2;7;0;2;4;1;1;
202000032534;154 685 245;A01;2;7;0;2;1;1;1;
202000032535;154 685 241;A01;2;33;12;0;1;1;1;
202000032536;154 685 239;C01;2;7;0;2;5;2;1;
202000032536;154 685 240;A01;2;33;0;2;3;3;1;
202000032536;154 685 242;B01;2;7;0;2;2;12;1;
202000032537;154 685 238;A01;1;33;0;6;1;1;1;
202000032538;154 685 236;B01;2;10;0;2;4;2;1;
202000032538;154 685 237;A01;2;33;0;2;1;2;1;
202000032539;154 685 233;B01;1;7;14;2;4;21;1;
202000032539;154 685 235;A01;1;10;14;2;1;21;1;
202000032540;154 685 232;B01;1;7;0;2;3;1;1;
202000032540;154 685 234;A01;2;7;0;2;3;13;1;
202000032541;154 685 230;A01;1;7;13;0;3;0;0;
202000032542;154 685 228;C01;1;7;0;2;4;2;1;
202000032542;154 685 229;B01;1;7;0;2;4;2;1;
202000032542;154 685 231;A01;1;10;0;2;1;2;1;
202000032543;154 685 225;A01;1;33;0;2;8;1;1;
202000032543;154 685 226;Z01;1;7;0;2;0;12;0;
202000032544;154 685 222;B01;1;7;4;2;5;2;1;
202000032544;154 685 223;A01;1;7;0;2;1;2;1;
202000032545;154 685 224;A01;1;7;0;2;2;1;1;
202000032545;154 685 227;B01;1;7;0;2;3;0;1;
202000032546;154 685 221;A01;1;7;4;0;1;13;1;
202000032547;154 685 219;B01;0;2;0;2;1;1;1;
202000032547;154 685 220;A01;0;7;0;2;7;15;1;
202000032548;154 685 216;B01;3;7;0;2;3;1;1;
202000032548;154 685 218;A01;1;7;0;2;2;1;1;
202000032549;154 685 217;A01;1;10;8;0;3;26;1;
202000032550;154 685 215;A01;1;32;0;1;1;1;1;
202000032551;154 685 210;B01;3;14;0;2;8;1;1;
202000032551;154 685 211;A01;3;7;0;2;1;1;0;
202000032551;154 685 212;C01;3;7;0;2;3;1;1;
202000032552;154 685 213;B01;3;7;0;2;2;26;0;
202000032552;154 685 214;A01;3;2;14;2;1;26;1;
202000032553;154 685 209;A01;2;50;0;1;1;1;3;
202000032554;154 685 206;B01;2;7;0;0;4;2;1;
202000032554;154 685 207;A01;1;7;0;2;1;2;1;
202000032555;154 685 205;B01;3;33;0;2;2;3;1;
202000032555;154 685 208;A01;3;7;0;2;3;15;1;
202000032556;154 685 204;A01;1;7;0;1;3;15;1;
202000032557;154 685 201;C01;2;7;0;2;0;0;1;
202000032557;154 685 202;B01;2;7;0;2;0;0;1;
202000032557;154 685 203;A01;2;7;0;2;0;0;1;
202000032558;154 685 200;A01;1;34;0;2;7;17;1;
202000032559;154 685 197;A01;1;37;0;2;1;26;1;1
202000032559;154 685 198;B01;1;32;0;2;3;0;1;
202000032560;154 685 196;B01;2;33;0;2;1;1;1;
202000032560;154 685 199;A01;1;7;0;2;2;15;1;
202000032561;154 685 195;A01;2;7;0;1;1;16;1;
202000032562;154 685 191;A01;2;15;0;2;4;24;1;
202000032562;154 685 193;B01;2;7;1;0;1;1;1;
202000032563;154 685 192;A01;3;1;0;2;2;26;5;
202000032563;154 685 194;B01;3;7;0;2;3;1;1;
202000032564;154 685 189;A01;1;7;0;0;6;9;6;
202000032564;154 685 190;B01;1;7;0;2;1;1;6;
202000032565;154 685 187;B01;2;7;0;2;2;11;1;
202000032565;154 685 188;A01;1;30;0;2;1;13;1;
202000032566;154 685 185;A01;3;7;0;2;1;2;1;
202000032566;154 685 186;B01;3;7;0;2;4;2;1;
202000032567;154 685 181;A01;2;7;0;2;6;15;1;
202000032567;154 685 182;B01;1;30;0;2;1;1;1;
202000032568;154 685 183;B01;2;1;0;2;0;0;5;
202000032568;154 685 184;A01;1;7;0;9;2;15;1;
202000032569;154 685 180;A01;1;7;0;1;1;1;1;
202000032570;154 685 178;A01;1;7;0;2;1;2;1;
202000032570;154 685 179;B01;1;7;0;2;4;2;1;
202000032571;154 685 177;A01;1;7;0;1;2;1;0;
202000032572;154 685 174;B01;3;7;0;2;2;1;0;
202000032572;154 685 176;A01;3;7;0;2;1;5;0;
202000032573;154 685 173;A01;3;7;0;1;1;16;1;
202000032574;154 685 172;Z01;1;0;0;1;1;19;0;
202000032575;154 685 175;A01;3;36;0;0;7;26;1;
202000032576;154 685 169;B01;0;7;0;2;3;1;1;
202000032576;154 685 170;A01;3;7;0;2;3;13;1;
202000032576;154 685 171;C01;0;7;0;2;6;1;1;
202000032577;154 685 168;A01;3;7;0;1;1;1;1;
202000032578;154 685 165;A01;2;7;0;2;3;9;-1;
202000032578;154 685 167;B01;2;2;0;2;2;9;-1;
202000032579;154 685 164;B01;2;15;0;2;8;1;1;
202000032579;154 685 166;A01;1;7;0;2;3;5;1;
202000032580;154 685 161;A01;2;10;0;2;3;9;0;
202000032580;154 685 163;B01;2;31;0;2;7;1;0;
202000032581;154 685 160;A01;1;7;0;2;3;26;1;
202000032581;154 685 162;B01;3;7;0;2;3;26;1;
202000032582;154 685 159;A01;3;10;0;1;4;4;1;
202000032583;154 685 158;A01;3;33;2;0;0;13;1;
202000032584;154 685 156;A01;2;10;0;2;8;9;1;
202000032584;154 685 157;B01;1;1;0;2;1;2;5;
202000032585;154 685 154;A01;2;7;0;2;1;1;1;