num_acc;id_vehicule;num_veh;senc;catv;obs;obsm;choc;manv;motor;occutc
202000032585;154 685 155;B01;1;10;0;2;3;1;1;
202000032586;154 685 152;A01;1;7;0;2;8;15;1;
202000032586;154 685 153;B01;1;2;0;2;1;17;1;
202000032587;154 685 151;A01;2;50;0;0;0;1;3;
202000032588;154 685 149;A01;2;7;0;2;1;2;1;
202000032588;154 685 150;B01;2;7;0;1;4;2;1;
202000032589;154 685 146;A01;3;32;0;2;1;15;1;
202000032589;154 685 148;B01;3;7;0;2;1;1;1;
202000032590;154 685 145;A01;1;7;0;2;6;11;1;
202000032590;154 685 147;B01;1;32;0;2;2;1;1;
202000032591;154 685 143;B01;3;3;0;2;4;1;1;
202000032591;154 685 144;A01;3;7;0;2;1;1;1;
202000032592;154 685 140;A01;1;7;0;1;3;1;1;
202000032593;154 685 141;B01;2;7;0;2;1;1;1;
202000032593;154 685 142;A01;1;7;0;2;2;15;1;
202000032594;154 685 137;A01;2;7;13;0;1;21;1;
202000032595;154 685 138;A01;2;7;0;2;3;1;0;
202000032595;154 685 139;B01;1;7;0;0;0;0;0;
202000032596;154 685 135;A01;2;7;4;0;3;13;1;
202000032597;154 685 136;A01;2;33;13;0;1;1;1;
202000032598;154 685 132;A01;1;10;0;2;3;1;1;
202000032598;154 685 134;B01;1;7;0;2;2;1;1;
202000032599;154 685 129;A01;1;7;0;2;2;1;1;
202000032599;154 685 131;B01;2;30;0;2;1;17;1;
202000032600;154 685 128;B01;1;1;0;2;2;9;5;
202000032600;154 685 130;A01;1;7;0;2;1;9;1;
202000032601;154 685 125;A01;1;3;0;2;4;2;1;
202000032601;154 685 126;B01;1;7;0;2;4;2;1;
202000032602;154 685 127;A01;1;17;3;0;3;0;1;
202000032603;154 685 123;B01;1;1;0;2;6;26;5;
202000032603;154 685 124;A01;1;7;0;9;2;9;0;
202000032604;154 685 122;A01;3;7;4;0;1;26;1;
202000032605;154 685 120;A01;1;7;0;2;1;0;1;
202000032605;154 685 121;B01;1;7;0;2;7;0;1;
202000032606;154 685 117;B01;3;7;0;2;2;15;1;
202000032606;154 685 118;A01;3;7;0;2;1;16;1;
202000032607;154 685 119;A01;1;7;13;0;1;1;0;
202000032608;154 685 114;B01;3;31;0;2;3;1;1;
202000032608;154 685 116;A01;3;21;0;2;1;1;1;
202000032609;154 685 111;B01;1;7;8;0;4;2;1;
202000032609;154 685 112;A01;1;7;12;2;1;18;1;
202000032610;154 685 108;C01;1;7;13;2;4;23;1;
202000032610;154 685 109;B01;1;7;14;1;4;23;1;
202000032610;154 685 110;A01;1;7;14;1;1;2;1;
202000032611;154 685 106;B01;2;7;0;2;3;1;1;
202000032611;154 685 107;A01;1;30;0;2;3;9;1;
202000032612;154 685 113;A01;2;2;0;2;1;1;1;
202000032612;154 685 115;B01;2;7;0;2;3;1;1;
202000032613;154 685 102;B01;1;7;0;2;4;1;1;
202000032613;154 685 104;A01;1;10;0;2;1;1;1;
202000032614;154 685 103;A01;2;7;0;2;1;15;1;
202000032614;154 685 105;B01;2;34;0;2;7;1;1;
202000032615;154 685 098;A01;0;7;0;2;1;9;1;
202000032615;154 685 101;B01;0;1;0;2;5;1;0;
202000032616;154 685 099;A01;0;1;0;2;8;25;5;
202000032616;154 685 100;B01;0;7;0;2;3;1;1;
202000032617;154 685 096;B01;1;41;0;0;0;0;1;
202000032617;154 685 097;A01;1;7;0;2;8;15;1;
202000032618;154 685 094;A01;0;7;7;0;1;1;1;
202000032619;154 685 091;A01;0;7;0;2;2;1;1;
202000032619;154 685 092;B01;0;31;0;2;1;1;1;
202000032620;154 685 093;A01;0;7;0;2;3;15;1;
202000032620;154 685 095;B01;0;33;0;2;3;1;1;
202000032621;154 685 089;A01;0;7;0;2;1;1;1;
202000032621;154 685 090;B01;0;7;0;2;4;1;1;
202000032622;154 685 085;A01;0;7;0;2;1;9;1;
202000032622;154 685 087;B01;0;31;0;2;8;1;1;
202000032623;154 685 086;B01;0;33;0;2;1;1;1;
202000032623;154 685 088;A01;1;7;0;9;2;15;1;
202000032624;154 685 083;A01;1;7;1;0;1;1;1;
202000032625;154 685 082;B01;0;1;0;2;7;1;5;
202000032625;154 685 084;A01;0;33;0;2;7;1;1;
202000032626;154 685 079;A01;3;7;0;2;1;9;1;
202000032626;154 685 081;B01;1;17;0;2;2;1;1;
202000032627;154 685 078;B01;1;1;0;2;8;1;5;
202000032627;154 685 080;A01;1;1;0;2;2;17;5;
202000032628;154 685 077;A01;1;7;6;0;1;16;1;
202000032629;154 685 075;A01;0;7;0;2;5;1;1;
202000032629;154 685 076;B01;0;7;0;2;1;1;1;
202000032630;154 685 073;A01;1;7;15;0;1;0;1;
202000032631;154 685 072;A01;1;7;0;2;8;9;3;
202000032631;154 685 074;B01;2;14;0;2;2;1;1;
202000032632;154 685 071;A01;1;7;1;0;2;14;1;
202000032633;154 685 069;A01;2;30;0;2;1;2;1;
202000032633;154 685 070;B01;2;0;0;2;4;1;-1;
202000032634;154 685 066;B01;1;7;0;2;1;1;2;
202000032634;154 685 067;A01;2;7;0;2;1;5;1;
202000032635;154 685 065;B01;2;80;0;2;5;1;2;
202000032635;154 685 068;A01;1;7;0;2;3;9;1;
202000032636;154 685 063;A01;1;2;0;2;1;1;1;
202000032636;154 685 064;B01;1;7;0;2;4;1;1;
202000032637;154 685 062;A01;1;7;0;1;3;1;1;
202000032638;154 685 060;A01;0;7;0;2;3;9;1;
202000032638;154 685 061;B01;0;33;0;2;1;1;1;
202000032639;154 685 058;A01;1;33;0;2;7;14;1;
202000032639;154 685 059;B01;1;37;0;2;8;1;1;1
202000032640;154 685 056;A01;1;7;0;1;3;1;1;
202000032641;154 685 057;A01;1;10;0;1;7;16;1;
202000032642;154 685 048;A01;1;10;0;2;1;1;1;
202000032642;154 685 050;B01;1;7;0;2;4;1;1;
202000032642;154 685 052;C01;1;7;0;2;4;1;1;
202000032643;154 685 049;E01;2;7;0;2;5;1;0;
202000032643;154 685 051;D01;2;10;0;2;4;1;1;
202000032643;154 685 053;C01;2;7;0;2;4;1;0;
202000032643;154 685 054;B01;2;7;0;2;4;1;0;
202000032643;154 685 055;A01;2;17;0;2;1;1;1;
202000032644;154 685 045;B01;2;7;0;2;4;1;1;
202000032644;154 685 046;A01;2;2;0;2;1;1;1;
202000032645;154 685 044;A01;3;7;0;2;8;15;1;
202000032645;154 685 047;B01;3;2;0;2;2;14;1;
202000032646;154 685 043;A01;3;7;1;1;4;26;1;
202000032647;154 685 042;A01;1;34;0;1;1;1;1;
202000032648;154 685 041;A01;3;10;0;1;2;0;1;
202000032649;154 685 040;A01;2;43;0;0;8;15;1;
202000032650;154 685 038;A01;3;14;8;0;9;14;6;
202000032651;154 685 037;B01;2;33;0;2;1;1;1;
202000032651;154 685 039;A01;1;10;0;2;5;1;1;
202000032652;154 685 035;A01;1;7;4;0;1;26;1;
202000032653;154 685 032;A01;2;10;0;2;1;15;1;
202000032653;154 685 033;B01;1;10;7;2;8;1;1;
202000032654;154 685 034;A01;2;10;0;2;2;9;1;
202000032654;154 685 036;B01;2;33;0;2;3;1;1;
202000032655;154 685 031;A01;2;7;2;0;1;1;1;
202000032656;154 685 030;A01;1;30;12;0;3;13;1;
202000032657;154 685 029;A01;1;10;0;1;1;1;1;
202000032658;154 685 026;A01;1;33;0;2;1;2;1;
202000032658;154 685 028;B01;1;1;0;2;5;19;5;
202000032659;154 685 025;B01;2;7;0;2;4;23;1;
202000032659;154 685 027;A01;2;10;0;2;1;2;1;
202000032660;154 685 023;A01;2;7;0;2;3;15;1;
202000032660;154 685 024;B01;1;33;0;2;1;1;0;
202000032661;154 685 021;B01;1;14;0;2;7;12;1;
202000032661;154 685 022;A01;1;32;0;2;3;1;1;
202000032662;154 685 019;A01;2;7;0;2;3;1;1;
202000032662;154 685 020;B01;1;7;0;2;3;1;1;
202000032663;154 685 017;A01;2;32;0;2;6;1;1;
202000032663;154 685 018;Z01;2;14;0;2;7;18;0;
202000032664;154 685 016;A01;2;7;16;0;9;1;1;
202000032665;154 685 014;A01;2;7;15;0;3;1;1;
202000032666;154 685 012;A01;1;7;8;0;1;0;1;
202000032667;154 685 013;Z01;1;10;0;2;0;11;0;
202000032667;154 685 015;A01;1;43;0;2;1;1;1;
202000032668;154 685 011;A01;3;2;0;0;0;1;1;
202000032669;154 685 009;A01;1;30;0;2;2;2;1;
202000032669;154 685 010;B01;1;32;0;2;6;23;1;
202000032670;154 685 008;A01;1;7;8;0;1;1;1;
202000032671;154 685 007;A01;1;0;0;1;0;0;0;
202000032672;154 685 005;A01;1;7;0;2;3;11;1;
202000032672;154 685 006;B01;1;33;0;2;7;2;1;
202000032673;154 685 004;A01;1;1;0;1;1;1;5;
202000032674;154 685 003;A01;1;10;0;1;3;1;1;
202000032675;154 685 001;A01;1;7;0;2;3;24;1;
202000032675;154 685 002;Z01;3;7;1;0;2;1;0;
202000032676;154 685 000;A01;1;7;0;1;4;4;1;
202000032677;154 684 999;A01;2;32;0;0;0;21;1;
202000032678;154 684 997;A01;3;7;0;2;2;15;1;
202000032678;154 684 998;B01;2;43;0;2;8;1;1;
202000032679;154 684 995;A01;1;7;0;2;8;22;1;
202000032679;154 684 996;B01;1;50;0;2;1;2;3;
202000032680;154 684 993;A01;1;1;0;2;0;1;5;
202000032680;154 684 994;B01;1;7;0;2;5;1;1;
202000032681;154 684 992;A01;2;7;0;1;3;7;2;
202000032682;154 684 991;A01;1;1;0;1;1;1;5;
202000032683;154 684 989;A01;1;7;0;2;5;1;1;
202000032683;154 684 990;B01;2;7;0;2;0;0;1;
202000032684;154 684 987;A01;3;7;0;2;3;1;1;
202000032684;154 684 988;B01;3;50;0;2;2;1;3;
202000032685;154 684 986;A01;3;7;0;1;1;0;1;
202000032686;154 684 985;A01;3;10;8;0;1;14;0;
202000032687;154 684 983;A01;-1;7;0;2;3;1;1;
202000032687;154 684 984;B01;-1;7;0;2;4;1;1;
202000032688;154 684 982;A01;3;7;0;1;1;9;2;
202000032689;154 684 980;A01;-1;7;0;1;3;26;1;
202000032689;154 684 981;B01;-1;7;14;2;1;15;1;
202000032690;154 684 978;B01;3;7;0;2;4;23;1;
202000032690;154 684 979;A01;3;7;0;2;1;2;1;
202000032691;154 684 977;A01;2;33;0;0;8;1;1;
202000032692;154 684 975;A01;3;10;0;2;1;1;1;
202000032692;154 684 976;B01;3;10;0;2;8;15;1;
202000032693;154 684 974;A01;1;7;0;1;1;1;1;
202000032694;154 684 972;A01;3;7;0;2;3;10;2;
202000032694;154 684 973;B01;3;33;0;2;1;3;1;
202000032695;154 684 971;A01;1;10;1;0;2;1;1;
202000032696;154 684 969;B01;3;14;0;2;1;2;0;
202000032696;154 684 970;A01;0;7;0;2;4;0;0;
202000032697;154 684 967;B01;2;2;0;2;1;1;1;
202000032697;154 684 968;A01;2;10;0;2;3;15;1;
202000032698;154 684 964;B01;2;30;0;2;0;0;1;
202000032698;154 684 965;A01;1;7;0;2;7;15;1;
202000032699;154 684 962;B01;2;32;0;2;4;23;1;
202000032699;154 684 963;A01;2;7;0;2;1;0;1;
202000032700;154 684 960;A01;2;10;0;2;2;1;3;
202000032700;154 684 961;B01;2;14;0;2;2;1;1;
202000032701;154 684 958;B01;2;30;0;2;7;23;1;
202000032701;154 684 959;A01;2;10;0;2;3;1;1;
202000032702;154 684 957;A01;1;7;0;1;3;2;1;
202000032703;154 684 954;A01;2;7;0;2;3;1;1;
202000032703;154 684 955;B01;1;7;0;2;3;1;1;
202000032703;154 684 956;C01;1;15;0;9;6;1;1;
202000032704;154 684 952;B01;2;7;0;2;2;1;1;
202000032704;154 684 953;A01;1;7;0;2;2;13;1;
202000032705;154 684 951;A01;1;7;2;0;1;1;1;
202000032706;154 684 950;A01;2;7;8;0;1;14;1;
202000032707;154 684 948;A01;1;33;0;2;8;13;1;
202000032707;154 684 949;B01;2;7;0;2;8;1;1;
202000032708;154 684 946;B01;2;7;3;2;6;1;1;
202000032708;154 684 947;A01;2;7;0;2;1;17;1;
202000032709;154 684 944;A01;1;7;0;9;2;1;1;
202000032709;154 684 945;B01;1;7;0;9;1;1;1;
202000032710;154 684 942;A01;1;2;0;2;1;15;1;
202000032710;154 684 943;B01;2;7;0;0;2;1;1;
202000032711;154 684 940;A01;1;7;0;9;3;1;1;
202000032711;154 684 941;B01;1;1;0;2;4;5;5;
202000032712;154 684 938;B01;1;33;0;2;1;17;1;
202000032712;154 684 939;A01;1;7;0;2;3;19;0;
202000032713;154 684 936;B01;2;17;0;2;8;1;1;
202000032713;154 684 937;A01;2;33;0;2;7;1;1;
202000032714;154 684 934;B01;1;15;0;2;3;1;1;
202000032714;154 684 935;A01;2;7;0;2;3;1;1;
202000032715;154 684 932;A01;1;33;0;2;2;2;1;
202000032715;154 684 933;B01;1;1;0;2;4;2;5;
202000032716;154 684 930;A01;3;1;0;2;8;1;5;
202000032716;154 684 931;B01;1;10;0;2;1;1;1;
202000032717;154 684 929;A01;2;7;8;0;9;19;0;
202000032718;154 684 926;B01;1;7;0;2;2;1;1;
202000032718;154 684 927;A01;2;33;0;2;3;1;1;
202000032719;154 684 925;A01;1;7;0;0;9;0;1;
202000032720;154 684 923;B01;1;10;0;2;5;1;1;
202000032720;154 684 924;A01;1;31;0;2;1;3;1;
202000032721;154 684 920;A01;1;7;0;2;3;15;3;
202000032721;154 684 921;B01;1;33;0;2;2;1;1;
202000032722;154 684 918;B01;3;1;0;2;2;1;5;
202000032722;154 684 919;A01;3;7;0;9;8;9;1;
202000032723;154 684 916;B01;2;10;0;2;4;2;1;
202000032723;154 684 917;A01;2;10;0;2;1;2;1;
202000032724;154 684 914;A01;1;10;0;2;1;9;1;
202000032724;154 684 915;B01;3;13;0;2;5;1;1;
202000032725;154 684 913;A01;2;1;0;1;0;26;5;
202000032726;154 684 911;B01;2;7;0;2;6;2;1;
202000032726;154 684 912;A01;2;32;0;2;1;2;1;
202000032727;154 684 909;A01;1;99;0;2;1;15;0;
202000032727;154 684 910;B01;1;7;0;2;1;26;0;
202000032728;154 684 908;A01;1;7;0;1;7;1;1;
202000032729;154 684 907;A01;3;34;0;0;7;16;1;
202000032730;154 684 905;A01;3;7;0;2;2;19;1;
202000032730;154 684 906;B01;3;7;0;2;1;1;1;
202000032731;154 684 904;A01;1;2;12;0;1;26;1;
202000032732;154 684 902;A01;3;1;0;2;0;1;5;
202000032732;154 684 903;B01;3;7;0;9;0;0;0;
202000032733;154 684 901;A01;3;7;0;1;0;1;1;
202000032734;154 684 900;A01;1;7;0;1;1;1;1;
202000032735;154 684 898;A01;2;7;0;2;1;15;1;
202000032735;154 684 899;B01;1;7;0;2;1;1;1;
202000032736;154 684 896;B01;1;33;0;2;9;19;0;
202000032736;154 684 897;A01;1;10;0;2;0;0;0;
202000032737;154 684 895;A01;0;7;0;1;2;1;1;
202000032738;154 684 893;B01;3;31;0;2;2;1;1;
202000032738;154 684 894;A01;3;7;0;2;1;16;1;
202000032739;154 684 892;Z01;3;7;0;1;0;0;0;
202000032740;154 684 891;A01;3;7;0;1;1;1;1;
202000032741;154 684 890;A01;2;30;1;0;1;14;1;
202000032742;154 684 889;Z01;1;7;0;1;2;1;0;
202000032743;154 684 888;A01;0;33;0;0;7;17;0;
202000032744;154 684 886;A01;2;7;0;2;2;18;0;
202000032744;154 684 887;B01;2;7;0;2;6;1;0;
202000032745;154 684 885;A01;0;7;0;1;7;1;1;
202000032746;154 684 884;A01;2;7;0;1;2;1;1;
202000032747;154 684 882;Z01;0;10;0;2;0;0;0;
202000032747;154 684 883;A01;0;33;0;2;0;1;1;
202000032748;154 684 880;B01;1;1;0;0;4;26;5;
202000032748;154 684 881;A01;1;10;0;2;4;14;1;
202000032749;154 684 879;A01;1;7;6;0;1;14;1;
202000032750;154 684 878;A01;2;32;8;0;1;25;1;
202000032751;154 684 876;B01;2;7;0;2;1;1;6;
202000032751;154 684 877;A01;2;7;6;2;7;1;1;
202000032752;154 684 874;B01;1;7;0;2;2;1;1;
202000032752;154 684 875;A01;1;1;0;2;1;5;5;
202000032753;154 684 872;B01;1;10;0;2;3;1;1;
202000032753;154 684 873;A01;2;7;0;2;3;15;1;
202000032754;154 684 870;A01;2;1;0;2;7;9;5;
202000032754;154 684 871;B01;2;7;0;2;1;1;1;
202000032755;154 684 868;A01;1;30;0;2;1;26;1;
202000032755;154 684 869;B01;3;7;0;2;0;0;-1;
202000032756;154 684 866;B01;1;7;0;2;4;1;1;
202000032756;154 684 867;A01;1;32;0;2;1;1;1;
202000032757;154 684 865;A01;3;32;0;1;2;21;1;
202000032758;154 684 864;A01;1;32;0;0;0;1;1;
202000032759;154 684 863;A01;1;30;0;2;8;21;1;
202000032760;154 684 861;B01;2;7;0;2;7;1;1;
202000032760;154 684 862;A01;2;7;0;2;1;9;1;
202000032761;154 684 860;A01;3;10;0;1;2;1;1;
202000032762;154 684 858;B01;1;7;0;2;4;23;1;
202000032762;154 684 859;A01;1;30;0;2;1;2;1;
202000032763;154 684 857;A01;2;7;16;1;7;16;0;
202000032764;154 684 855;A01;3;1;0;2;7;1;5;
202000032764;154 684 856;B01;3;7;0;2;0;0;1;
202000032765;154 684 853;B01;2;2;0;2;1;1;1;
202000032765;154 684 854;A01;0;7;0;2;3;20;1;
202000032766;154 684 851;A01;2;50;0;2;2;10;3;
202000032766;154 684 852;B01;1;31;6;2;3;21;1;
202000032767;154 684 848;C01;2;1;0;2;4;1;5;
202000032767;154 684 849;B01;2;7;0;2;4;1;1;
202000032767;154 684 850;A01;2;7;0;2;1;2;1;
202000032768;154 684 846;A01;2;7;0;2;1;1;1;
202000032768;154 684 847;B01;3;1;0;2;7;19;5;
202000032769;154 684 845;A01;3;30;12;0;2;14;1;
202000032770;154 684 844;A01;0;7;6;0;2;1;1;
202000032771;154 684 842;A01;1;14;0;2;1;12;1;
202000032771;154 684 843;B01;1;7;0;2;6;2;1;
202000032772;154 684 840;A01;1;30;0;2;1;1;1;
202000032772;154 684 841;B01;2;7;0;2;8;1;0;
202000032773;154 684 838;A01;1;33;0;2;6;3;1;
202000032773;154 684 839;B01;1;10;0;0;0;0;0;
202000032774;154 684 836;B01;0;1;0;2;1;0;0;
202000032774;154 684 837;A01;2;7;0;2;6;2;1;
202000032775;154 684 834;B01;0;1;0;2;7;1;0;
202000032775;154 684 835;A01;0;7;0;2;1;9;1;
202000032776;154 684 833;A01;1;7;0;1;3;1;1;
202000032777;154 684 831;Z01;1;7;0;2;1;6;0;
202000032777;154 684 832;B01;2;7;0;2;3;1;0;
202000032778;154 684 829;A01;1;31;0;2;1;17;0;
202000032778;154 684 830;B01;2;7;0;2;8;15;0;
202000032779;154 684 827;A01;1;33;0;2;1;1;1;
202000032779;154 684 828;B01;1;7;0;2;2;16;1;
202000032780;154 684 825;B01;2;7;0;2;4;1;1;
202000032780;154 684 826;A01;1;7;0;2;1;1;0;
202000032781;154 684 824;A01;0;30;0;0;0;0;1;
202000032782;154 684 822;A01;1;7;0;2;3;15;1;
202000032782;154 684 823;B01;2;33;6;2;1;1;1;
202000032783;154 684 820;B01;1;7;0;2;5;19;1;
202000032783;154 684 821;A01;2;30;0;2;1;1;1;
202000032784;154 684 818;B01;1;7;0;2;3;1;1;
202000032784;154 684 819;A01;2;10;0;2;2;19;1;
202000032785;154 684 817;A01;2;7;0;1;1;1;1;
202000032786;154 684 816;A01;1;33;0;0;8;1;1;
202000032787;154 684 815;A01;1;7;0;1;3;15;1;
202000032788;154 684 811;A01;1;7;1;2;3;13;1;
202000032788;154 684 812;B01;2;7;0;2;8;2;1;
202000032789;154 684 810;A01;1;7;0;1;2;9;1;
202000032790;154 684 808;B01;1;7;0;2;4;2;1;
202000032790;154 684 809;A01;1;7;0;2;1;2;1;
202000032791;154 684 807;A01;3;7;8;0;1;1;1;
202000032792;154 684 805;A01;1;7;0;2;2;15;1;
202000032792;154 684 806;B01;1;2;0;2;7;3;1;
202000032793;154 684 804;A01;0;33;0;1;1;3;1;
202000032794;154 684 803;Z01;0;7;0;1;1;1;1;
202000032795;154 684 801;A01;3;7;0;2;0;0;0;
202000032795;154 684 802;B01;3;7;0;2;4;26;0;
202000032796;154 684 800;A01;2;32;0;0;8;1;1;
202000032797;154 684 799;A01;-1;7;0;1;1;26;1;
202000032798;154 684 797;B01;3;1;0;2;7;1;5;
202000032798;154 684 798;A01;3;7;0;9;3;9;1;
202000032799;154 684 796;A01;1;7;7;0;9;0;1;
202000032800;154 684 795;A01;1;7;0;1;2;1;1;
202000032801;154 684 793;A01;3;15;0;2;2;12;1;
202000032801;154 684 794;B01;3;34;0;2;8;1;1;
202000032802;154 684 791;A01;2;10;0;2;8;22;1;
202000032802;154 684 792;B01;2;1;0;2;8;1;5;
202000032803;154 684 789;Z01;1;7;0;2;6;16;1;
202000032803;154 684 790;A01;1;1;0;2;1;1;5;
202000032804;154 684 788;Z01;1;7;0;1;0;1;0;
202000032805;154 684 786;B01;2;7;0;2;3;15;1;
202000032805;154 684 787;A01;1;34;0;2;8;1;1;
202000032806;154 684 785;A01;1;50;1;0;1;1;3;
202000032807;154 684 783;A01;1;7;0;2;2;15;1;
202000032807;154 684 784;B01;1;7;0;2;1;1;2;
202000032808;154 684 780;C01;1;7;0;2;4;23;1;
202000032808;154 684 781;A01;1;10;0;2;1;2;1;
202000032808;154 684 782;B01;1;7;0;2;4;23;1;
202000032809;154 684 778;A01;1;7;0;2;2;15;2;
202000032809;154 684 779;B01;2;7;0;2;1;1;1;
202000032810;154 684 777;A01;1;10;0;1;3;1;1;
202000032811;154 684 775;A01;2;10;0;2;1;13;1;
202000032811;154 684 776;B01;2;1;0;2;5;15;5;
202000032812;154 684 773;A01;1;10;0;2;3;22;1;
202000032812;154 684 774;B01;1;1;0;2;1;1;5;
202000032813;154 684 772;A01;2;80;0;1;1;2;3;
202000032814;154 684 770;A01;1;7;0;2;2;1;1;
202000032814;154 684 771;B01;1;7;0;2;1;1;1;
202000032815;154 684 768;A01;3;7;0;2;1;16;2;
202000032815;154 684 769;B01;3;80;0;2;0;21;3;
202000032816;154 684 766;A01;1;30;0;2;3;13;1;
202000032816;154 684 767;Z01;1;7;0;2;0;1;0;
202000032817;154 684 764;B01;2;1;0;2;4;1;5;
202000032817;154 684 765;A01;2;1;0;2;1;13;5;
202000032818;154 684 762;A01;1;30;0;2;4;15;1;
202000032818;154 684 763;Z01;1;10;0;2;1;2;0;
202000032819;154 684 761;A01;1;1;14;0;0;11;5;
202000032820;154 684 759;A01;1;7;0;2;1;15;0;
202000032820;154 684 760;B01;2;1;0;2;1;1;6;
202000032821;154 684 758;A01;2;7;0;1;1;15;0;
202000032822;154 684 757;A01;2;7;0;1;2;16;1;
202000032823;154 684 755;A01;3;50;0;2;7;1;3;
202000032823;154 684 756;B01;3;7;0;9;1;1;1;
202000032824;154 684 754;A01;1;15;0;1;1;26;0;
202000032825;154 684 753;A01;1;33;0;1;0;17;1;
202000032826;154 684 751;A01;2;7;0;2;3;15;1;
202000032826;154 684 752;B01;2;33;0;2;7;17;1;
202000032827;154 684 749;B01;0;7;0;2;2;15;0;
202000032827;154 684 750;A01;0;33;0;2;3;2;0;
202000032828;154 684 748;Z01;3;7;0;1;7;16;0;
202000032829;154 684 747;A01;0;7;0;1;3;15;1;
202000032830;154 684 745;B01;0;7;1;2;4;0;1;
202000032830;154 684 746;A01;1;7;14;2;1;19;1;
202000032831;154 684 743;A01;2;32;0;2;8;1;1;
202000032831;154 684 744;B01;2;7;0;2;0;2;1;
202000032832;154 684 740;A01;2;7;0;2;1;9;1;
202000032832;154 684 741;B01;2;2;0;2;1;5;1;
202000032832;154 684 742;C01;-1;7;0;2;8;26;1;
202000032833;154 684 738;B01;2;33;0;2;8;2;1;
202000032833;154 684 739;A01;2;7;0;2;7;22;1;
202000032834;154 684 736;B01;1;34;0;2;7;17;1;
202000032834;154 684 737;A01;1;7;0;2;8;15;1;
202000032835;154 684 734;B01;1;14;0;2;5;16;0;
202000032835;154 684 735;A01;1;2;0;2;5;18;1;
202000032836;154 684 732;A01;2;7;0;2;3;15;2;
202000032836;154 684 733;B01;2;33;0;2;1;21;1;
202000032837;154 684 730;A01;1;7;0;2;3;13;1;
202000032837;154 684 731;B01;2;10;0;2;3;13;1;
202000032838;154 684 728;B01;1;32;0;2;2;17;1;
202000032838;154 684 729;A01;1;7;0;2;6;15;1;
202000032839;154 684 727;A01;1;30;14;0;1;0;1;
202000032840;154 684 725;B01;1;2;0;2;7;1;1;
202000032840;154 684 726;A01;1;10;0;2;3;21;1;
202000032841;154 684 724;A01;2;1;0;1;1;26;5;
202000032842;154 684 722;B01;1;1;0;2;4;2;5;
202000032842;154 684 723;A01;1;7;0;2;2;1;1;
202000032843;154 684 720;B01;2;7;13;2;3;1;1;
202000032843;154 684 721;A01;1;7;13;2;2;15;1;
202000032844;154 684 719;A01;2;7;4;0;3;1;6;
202000032845;154 684 717;B01;-1;14;0;2;5;11;1;
202000032845;154 684 718;A01;-1;33;0;2;2;5;1;
202000032846;154 684 715;B01;2;7;0;2;1;1;1;
202000032846;154 684 716;A01;1;7;0;2;1;1;1;
202000032847;154 684 714;A01;2;2;12;0;1;0;1;
202000032848;154 684 711;B01;2;7;0;2;6;1;1;
202000032848;154 684 712;A01;1;33;0;2;7;1;1;
202000032848;154 684 713;C01;2;7;0;2;6;1;1;
202000032849;154 684 710;A01;1;33;2;0;3;16;1;
202000032850;154 684 708;A01;2;33;0;2;2;15;1;
202000032850;154 684 709;B01;2;7;0;2;3;9;1;
202000032851;154 684 706;A01;2;7;0;2;5;1;1;
202000032851;154 684 707;B01;1;7;0;2;1;1;1;
202000032852;154 684 705;A01;1;10;13;0;1;21;1;
202000032853;154 684 704;A01;1;2;0;1;2;1;1;
202000032854;154 684 701;B01;2;7;0;2;4;1;1;
202000032854;154 684 702;C01;2;7;0;2;1;1;1;
202000032854;154 684 703;A01;2;7;0;0;6;1;1;
202000032855;154 684 699;B01;1;7;0;0;6;10;1;
202000032855;154 684 700;A01;1;33;0;2;1;1;1;
202000032856;154 684 698;A01;2;2;0;0;0;0;1;
202000032857;154 684 695;C01;2;15;0;0;8;2;1;
202000032857;154 684 696;B01;2;7;0;0;5;2;1;
202000032857;154 684 697;A01;2;33;0;2;1;2;1;
202000032858;154 684 693;A01;1;7;0;2;1;0;0;
202000032858;154 684 694;B01;2;14;0;2;3;0;1;
202000032859;154 684 692;A01;2;33;0;0;0;21;1;
202000032860;154 684 690;B01;2;7;0;2;2;13;0;
202000032860;154 684 691;A01;1;7;0;2;1;1;0;
202000032861;154 684 689;A01;1;1;0;0;0;0;5;
202000032862;154 684 687;B01;1;3;0;2;8;1;0;
202000032862;154 684 688;A01;1;2;0;2;1;2;0;
202000032863;154 684 686;A01;2;7;13;0;1;1;1;
202000032864;154 684 685;A01;2;33;0;6;1;1;1;
202000032865;154 684 684;A01;1;7;13;0;3;13;1;
202000032866;154 684 683;A01;3;14;0;1;4;4;1;
202000032867;154 684 682;A01;2;1;0;0;0;16;5;
202000032868;154 684 680;B01;1;33;3;2;7;17;1;
202000032868;154 684 681;A01;1;7;0;2;8;17;1;
202000032869;154 684 678;A01;0;33;0;2;1;1;1;
202000032869;154 684 679;B01;2;7;0;2;3;9;1;
202000032870;154 684 677;A01;1;33;13;0;1;1;1;
202000032871;154 684 676;A01;3;7;2;0;3;1;1;
202000032872;154 684 675;A01;3;7;13;0;2;1;6;
202000032873;154 684 674;A01;1;2;1;0;1;17;1;
202000032874;154 684 673;A01;2;33;0;6;1;1;1;
202000032875;154 684 672;A01;2;33;0;0;0;1;1;
202000032876;154 684 670;A01;1;7;0;2;1;2;1;
202000032876;154 684 671;B01;1;7;0;2;4;1;1;
202000032877;154 684 668;B01;2;7;0;2;1;1;1;