num_acc;id_vehicule;num_veh;senc;catv;obs;obsm;choc;manv;motor;occutc
202000032877;154 684 669;A01;1;21;0;2;3;13;1;
202000032878;154 684 666;B01;2;7;0;2;3;1;1;
202000032878;154 684 667;A01;1;33;0;2;1;13;1;
202000032879;154 684 664;B01;1;17;0;2;8;1;1;
202000032879;154 684 665;A01;2;10;0;2;3;13;1;
202000032880;154 684 663;A01;3;33;0;0;0;1;1;
202000032881;154 684 662;A01;0;7;0;1;1;9;1;
202000032882;154 684 660;A01;1;7;12;2;3;19;1;
202000032882;154 684 661;B01;1;7;15;2;2;1;1;
202000032883;154 684 657;B01;2;33;0;2;8;1;1;
202000032883;154 684 658;A01;2;7;0;2;2;19;0;
202000032884;154 684 655;A01;3;33;0;0;0;26;1;
202000032885;154 684 654;A01;2;33;13;0;8;13;1;
202000032886;154 684 653;A01;1;7;13;0;2;1;1;
202000032887;154 684 650;A01;2;31;0;2;1;1;1;
202000032887;154 684 651;B01;1;7;0;2;5;15;1;
202000032888;154 684 649;A01;3;7;2;0;1;1;6;
202000032889;154 684 646;A01;2;10;0;2;3;21;1;
202000032889;154 684 647;B01;1;1;0;2;1;1;5;
202000032889;154 684 648;C01;1;1;0;2;1;1;5;
202000032890;154 684 644;A01;1;7;0;2;5;10;1;
202000032890;154 684 645;B01;1;33;0;2;1;1;1;
202000032891;154 684 641;A01;1;34;0;1;1;1;1;
202000032892;154 684 639;B01;2;7;0;2;3;13;1;
202000032892;154 684 640;A01;1;34;0;2;3;1;1;
202000032893;154 684 638;A01;2;7;0;0;9;14;1;
202000032894;154 684 637;A01;2;7;3;0;1;17;1;
202000032895;154 684 636;A01;2;7;0;1;0;26;1;
202000032896;154 684 634;B01;1;33;0;2;7;1;1;
202000032896;154 684 635;A01;2;7;0;2;1;9;1;
202000032897;154 684 633;A01;1;33;6;0;2;1;1;
202000032898;154 684 631;A01;3;7;0;2;3;15;1;
202000032898;154 684 632;B01;0;33;0;2;1;1;1;
202000032899;154 684 629;A01;1;33;0;2;8;0;1;
202000032899;154 684 630;B01;2;7;0;2;3;1;0;
202000032900;154 684 627;B01;2;15;1;0;2;21;1;
202000032900;154 684 628;A01;2;7;0;0;6;23;1;
202000032901;154 684 625;B01;1;7;0;2;1;21;1;
202000032901;154 684 626;A01;2;21;0;2;1;26;1;
202000032902;154 684 623;B01;1;7;7;0;5;15;1;
202000032902;154 684 624;A01;2;7;0;0;2;1;1;
202000032903;154 684 621;A01;1;33;0;2;1;13;1;
202000032903;154 684 622;B01;2;7;0;2;3;1;1;
202000032904;154 684 619;B01;3;7;0;9;1;1;1;
202000032904;154 684 620;A01;1;31;0;0;7;1;1;
202000032905;154 684 618;A01;0;10;0;1;1;23;1;
202000032906;154 684 616;B01;2;7;0;2;3;0;1;
202000032906;154 684 617;A01;1;7;0;2;3;1;1;
202000032907;154 684 615;A01;2;7;0;1;1;15;0;
202000032908;154 684 614;A01;1;31;13;0;0;1;1;
202000032909;154 684 611;B01;3;7;0;2;3;19;1;
202000032909;154 684 612;A01;1;17;0;2;2;1;1;
202000032910;154 684 609;B01;1;31;0;2;1;1;1;
202000032910;154 684 610;A01;0;7;0;2;3;9;1;
202000032911;154 684 607;A01;1;14;0;2;3;2;1;
202000032911;154 684 608;B01;1;50;0;2;1;0;3;
202000032912;154 684 605;B01;2;34;0;2;1;1;1;
202000032912;154 684 606;A01;2;7;0;2;1;15;1;
202000032913;154 684 603;B01;2;7;0;2;4;1;1;
202000032913;154 684 604;A01;2;1;14;0;1;1;6;
202000032914;154 684 601;A01;1;7;0;2;2;15;1;
202000032914;154 684 602;B01;2;7;0;2;3;1;1;
202000032915;154 684 600;A01;2;7;1;0;2;2;1;
202000032916;154 684 598;B01;3;7;0;2;3;1;1;
202000032916;154 684 599;A01;3;2;0;2;1;13;1;
202000032917;154 684 597;A01;1;7;0;0;0;1;1;
202000032918;154 684 595;A01;3;21;0;2;3;1;1;
202000032918;154 684 596;B01;3;10;0;2;3;1;1;
202000032919;154 684 593;A01;3;2;0;2;7;15;1;
202000032919;154 684 594;B01;3;2;0;2;1;1;1;
202000032920;154 684 591;B01;2;7;0;2;1;1;1;
202000032920;154 684 592;A01;1;7;0;2;1;13;1;
202000032921;154 684 590;A01;2;10;13;0;3;1;1;
202000032922;154 684 587;C01;1;2;0;2;1;1;1;
202000032922;154 684 588;B01;1;7;0;2;1;1;1;
202000032922;154 684 589;A01;3;7;0;2;8;15;1;
202000032923;154 684 586;A01;1;7;13;0;3;1;1;
202000032924;154 684 585;A01;0;10;0;1;2;1;0;
202000032925;154 684 583;B01;3;7;0;2;1;2;1;
202000032925;154 684 584;A01;3;2;0;0;4;2;1;
202000032926;154 684 582;A01;1;7;6;0;1;14;1;
202000032927;154 684 581;A01;2;7;8;0;1;14;1;
202000032928;154 684 580;A01;0;7;0;1;3;1;0;
202000032929;154 684 577;C01;2;7;0;2;4;1;0;
202000032929;154 684 578;B01;1;7;0;2;1;1;0;
202000032929;154 684 579;A01;2;7;0;2;1;1;0;
202000032930;154 684 575;A01;3;32;0;2;1;13;1;
202000032930;154 684 576;B01;3;7;0;2;3;1;1;
202000032931;154 684 572;A01;0;7;0;2;1;17;1;
202000032931;154 684 573;B01;0;13;0;2;8;20;1;
202000032931;154 684 574;C01;0;20;0;2;8;21;1;
202000032932;154 684 570;A01;2;7;0;2;3;15;1;
202000032932;154 684 571;B01;1;2;0;2;1;1;1;
202000032933;154 684 569;A01;3;7;6;0;5;1;1;
202000032934;154 684 564;A01;2;10;0;2;1;1;1;
202000032934;154 684 565;B01;2;10;3;2;1;6;1;
202000032934;154 684 566;D01;1;7;14;2;1;1;1;
202000032934;154 684 567;E01;1;14;14;2;1;1;1;
202000032934;154 684 568;F01;1;7;14;2;1;0;1;
202000032935;154 684 562;B01;2;7;0;2;2;15;1;
202000032935;154 684 563;A01;1;7;0;2;1;1;1;
202000032936;154 684 560;B01;2;7;0;2;3;1;1;
202000032936;154 684 561;A01;1;2;0;2;1;13;1;
202000032937;154 684 558;A01;2;7;0;0;4;26;1;
202000032937;154 684 559;B01;2;7;0;2;1;2;1;
202000032938;154 684 557;A01;3;2;0;5;7;21;0;
202000032939;154 684 555;B01;1;2;0;9;1;1;1;
202000032939;154 684 556;A01;2;1;0;2;0;1;5;
202000032940;154 684 553;B01;1;7;0;2;8;1;1;
202000032940;154 684 554;A01;1;7;0;2;1;1;1;
202000032941;154 684 551;A01;0;7;0;2;2;15;0;
202000032941;154 684 552;B01;0;34;0;2;5;0;0;
202000032942;154 684 547;A01;2;7;0;2;1;2;1;
202000032942;154 684 548;B01;2;7;0;2;4;2;1;
202000032942;154 684 549;C01;2;7;0;2;4;2;1;
202000032942;154 684 550;D01;2;7;0;0;4;2;1;
202000032943;154 684 545;B01;1;33;0;2;1;1;1;
202000032943;154 684 546;A01;1;7;0;0;8;15;1;
202000032944;154 684 543;A01;2;2;0;2;1;1;1;
202000032944;154 684 544;B01;2;7;0;0;5;1;1;
202000032945;154 684 541;A01;2;21;0;2;2;15;1;
202000032945;154 684 542;B01;1;34;0;2;1;1;1;
202000032946;154 684 540;A01;1;7;0;1;3;1;1;
202000032947;154 684 538;A01;3;7;0;0;0;9;0;
202000032947;154 684 539;B01;3;7;8;0;1;21;0;
202000032948;154 684 536;A01;0;7;0;2;2;15;1;
202000032948;154 684 537;B01;0;7;0;2;1;1;1;
202000032949;154 684 535;A01;0;7;0;1;5;20;1;
202000032950;154 684 533;A01;2;7;0;2;2;15;1;
202000032950;154 684 534;B01;1;33;0;2;1;1;1;
202000032951;154 684 531;B01;2;7;0;2;1;1;1;
202000032951;154 684 532;A01;2;31;0;0;4;1;1;
202000032952;154 684 529;B01;2;7;0;2;4;1;1;
202000032952;154 684 530;A01;2;7;0;2;1;1;1;
202000032953;154 684 526;A01;1;14;0;2;1;0;1;
202000032953;154 684 527;B01;1;7;0;2;4;0;1;
202000032953;154 684 528;C01;1;7;0;2;4;0;1;
202000032954;154 684 523;A01;2;7;0;2;1;2;1;
202000032954;154 684 524;C01;2;7;0;2;4;2;1;
202000032954;154 684 525;B01;2;31;0;2;1;2;1;
202000032955;154 684 521;B01;1;7;0;2;4;2;1;
202000032955;154 684 522;A01;1;7;0;2;1;2;1;
202000032956;154 684 518;A01;2;7;0;2;4;9;2;
202000032956;154 684 519;C01;2;10;0;2;0;0;1;
202000032956;154 684 520;B01;2;7;0;2;4;2;6;
202000032957;154 684 516;B01;2;7;0;2;1;2;1;
202000032957;154 684 517;A01;2;33;0;2;4;2;1;
202000032958;154 684 513;A01;1;7;0;2;4;26;1;
202000032958;154 684 514;B01;1;7;0;2;2;2;1;
202000032958;154 684 515;C01;0;7;0;2;1;1;1;
202000032959;154 684 511;A01;1;7;0;2;4;1;1;
202000032959;154 684 512;Z01;1;7;0;2;1;1;1;
202000032960;154 684 507;B01;2;7;0;0;0;0;1;
202000032960;154 684 508;C01;2;7;0;0;0;0;1;
202000032960;154 684 509;A01;2;7;0;0;0;11;1;
202000032960;154 684 510;D01;2;15;0;0;0;0;1;
202000032961;154 684 505;B01;1;7;0;2;1;2;1;
202000032961;154 684 506;A01;1;7;0;2;4;23;1;
202000032962;154 684 504;A01;0;50;0;9;1;1;3;
202000032963;154 684 503;A01;0;7;0;1;0;1;0;
202000032964;154 684 502;A01;0;10;0;1;0;1;1;
202000032965;154 684 500;A01;2;2;0;2;1;1;1;
202000032965;154 684 501;B01;3;10;0;2;4;1;1;
202000032966;154 684 499;A01;3;7;3;0;9;17;1;
202000032967;154 684 497;A01;2;7;0;2;1;1;1;
202000032967;154 684 498;B01;2;31;0;2;7;1;1;
202000032968;154 684 495;A01;3;7;0;2;2;15;1;
202000032968;154 684 496;B01;3;7;0;2;3;1;1;
202000032969;154 684 493;A01;1;7;0;2;7;1;1;
202000032969;154 684 494;B01;1;7;0;2;1;1;1;
202000032970;154 684 491;B01;1;2;0;2;8;1;1;
202000032970;154 684 492;A01;2;10;0;2;1;15;1;
202000032971;154 684 489;B01;2;7;0;2;8;15;1;
202000032971;154 684 490;A01;2;7;12;2;7;2;1;
202000032972;154 684 487;B01;2;7;0;2;8;15;1;
202000032972;154 684 488;A01;2;7;0;2;1;1;1;
202000032973;154 684 485;B01;3;7;0;2;4;2;1;
202000032973;154 684 486;A01;3;7;0;2;1;2;1;
202000032974;154 684 483;A01;1;33;0;2;1;2;1;
202000032974;154 684 484;B01;1;7;0;2;5;2;1;
202000032975;154 684 480;C01;3;7;0;2;1;1;1;
202000032975;154 684 481;A01;3;7;0;0;0;15;1;
202000032975;154 684 482;B01;3;32;0;2;1;1;1;
202000032976;154 684 479;A01;3;7;0;1;7;26;1;
202000032977;154 684 477;A01;3;33;0;2;1;18;1;
202000032977;154 684 478;B01;3;7;0;2;5;16;1;
202000032978;154 684 476;A01;1;33;3;0;1;9;1;
202000032979;154 684 474;A01;1;31;0;2;9;1;1;
202000032979;154 684 475;B01;1;7;0;2;6;1;1;
202000032980;154 684 473;A01;2;7;0;1;1;15;1;
202000032981;154 684 471;B01;0;30;0;2;5;1;1;
202000032981;154 684 472;A01;0;7;0;2;3;20;1;
202000032982;154 684 470;A01;2;30;12;0;0;1;1;
202000032983;154 684 468;B01;3;1;0;2;7;1;5;
202000032983;154 684 469;A01;3;3;0;2;3;1;1;
202000032984;154 684 467;A01;1;7;9;0;1;1;1;
202000032985;154 684 465;A01;2;10;0;2;3;9;1;
202000032985;154 684 466;B01;1;50;0;2;7;1;3;
202000032986;154 684 463;B01;2;7;0;2;3;1;1;
202000032986;154 684 464;A01;1;33;0;2;3;17;1;
202000032987;154 684 462;A01;1;7;8;1;1;1;1;
202000032988;154 684 460;A01;1;7;0;2;1;1;1;
202000032988;154 684 461;B01;2;1;0;2;1;1;5;
202000032989;154 684 458;B01;2;1;0;2;1;1;5;
202000032989;154 684 459;A01;1;7;0;2;2;1;1;
202000032990;154 684 456;B01;0;7;0;2;1;1;1;
202000032990;154 684 457;A01;0;7;0;2;1;13;1;
202000032991;154 684 454;A01;3;7;0;2;3;9;1;
202000032991;154 684 455;B01;3;32;0;2;5;1;1;
202000032992;154 684 452;A01;3;80;0;2;4;1;3;
202000032992;154 684 453;B01;3;10;0;9;1;9;1;
202000032993;154 684 451;A01;1;43;0;1;2;17;1;
202000032994;154 684 450;A01;1;7;0;1;2;11;1;
202000032995;154 684 449;A01;2;7;16;0;0;1;1;
202000032996;154 684 447;B01;3;2;0;2;0;0;1;
202000032996;154 684 448;A01;3;7;0;2;0;0;0;
202000032997;154 684 445;A01;3;32;0;2;1;2;1;
202000032997;154 684 446;B01;3;7;0;2;4;2;1;
202000032998;154 684 443;Z01;1;7;0;2;8;13;0;
202000032998;154 684 444;B01;1;7;0;2;5;1;1;
202000032999;154 684 439;D01;2;7;0;2;4;1;1;
202000032999;154 684 440;A01;2;10;0;2;1;1;1;
202000032999;154 684 441;B01;2;7;0;2;4;1;0;
202000032999;154 684 442;C01;2;7;0;2;4;1;1;
202000033000;154 684 438;A01;2;7;3;0;3;13;1;
202000033001;154 684 436;B01;0;7;0;2;2;1;3;
202000033001;154 684 437;A01;2;7;0;2;2;15;1;
202000033002;154 684 435;A01;0;30;0;0;3;0;1;
202000033003;154 684 433;B01;1;7;0;2;1;0;1;
202000033003;154 684 434;A01;1;7;0;2;1;16;1;
202000033004;154 684 432;A01;0;31;0;0;0;0;1;
202000033005;154 684 431;B01;0;7;0;1;0;0;1;
202000033006;154 684 429;A01;3;30;0;2;8;11;1;
202000033006;154 684 430;B01;3;7;0;2;3;1;1;
202000033007;154 684 427;A01;0;7;0;2;3;9;1;
202000033007;154 684 428;B01;3;7;0;2;2;1;1;
202000033008;154 684 426;A01;3;7;0;1;8;21;0;
202000033009;154 684 424;B01;0;7;0;2;5;16;1;
202000033009;154 684 425;A01;0;50;0;2;5;0;3;
202000033010;154 684 422;C01;1;7;0;2;5;15;-1;
202000033010;154 684 423;B01;2;33;0;2;1;7;1;
202000033011;154 684 421;A01;3;36;9;0;1;1;1;
202000033012;154 684 419;B01;3;7;14;2;5;15;1;
202000033012;154 684 420;A01;3;7;0;2;1;16;1;
202000033013;154 684 418;A01;1;7;3;0;3;14;1;
202000033014;154 684 416;A01;3;7;0;2;2;17;1;
202000033014;154 684 417;B01;3;1;0;2;1;1;5;
202000033015;154 684 415;A01;2;7;13;0;1;0;1;
202000033016;154 684 414;A01;2;33;0;0;7;16;1;
202000033017;154 684 413;A01;3;7;0;1;5;1;1;
202000033018;154 684 412;A01;1;33;0;0;0;1;1;
202000033019;154 684 409;B01;2;1;0;0;0;0;0;
202000033019;154 684 410;A01;2;7;0;2;7;16;1;
202000033020;154 684 411;A01;1;33;0;0;0;1;1;
202000033021;154 684 407;B01;3;7;0;2;1;1;0;
202000033021;154 684 408;A01;3;7;0;2;1;1;0;
202000033022;154 684 405;A01;2;33;0;0;8;1;1;
202000033023;154 684 404;A01;1;7;0;2;4;4;1;
202000033023;154 684 406;B01;2;30;0;2;1;1;1;
202000033024;154 684 401;B01;1;33;0;2;7;21;1;
202000033024;154 684 403;A01;1;7;0;2;8;15;1;
202000033025;154 684 400;A01;3;1;0;2;8;19;5;
202000033025;154 684 402;B01;3;7;0;2;1;1;0;
202000033026;154 684 398;B01;3;1;0;2;3;26;5;
202000033026;154 684 399;A01;0;7;0;0;2;15;1;
202000033027;154 684 395;A01;1;7;0;0;0;1;1;
202000033028;154 684 396;A01;3;7;1;2;1;1;0;
202000033028;154 684 397;B01;3;7;0;2;1;1;0;
202000033029;154 684 394;A01;1;7;6;0;1;1;1;
202000033030;154 684 391;A01;2;10;3;0;1;1;1;
202000033031;154 684 392;A01;2;2;0;2;1;1;1;
202000033031;154 684 393;B01;2;7;0;2;5;15;1;
202000033032;154 684 385;D01;1;33;0;9;0;1;1;
202000033032;154 684 386;C01;1;7;0;2;1;1;1;
202000033032;154 684 389;B01;1;7;0;2;1;1;1;
202000033032;154 684 390;A01;2;7;0;2;1;13;1;
202000033033;154 684 384;A01;1;7;6;0;1;2;0;
202000033034;154 684 383;A01;1;33;0;0;1;1;0;
202000033035;154 684 382;A01;2;7;16;0;1;19;1;
202000033036;154 684 380;A01;1;7;0;2;5;23;1;
202000033036;154 684 381;B01;1;10;0;2;3;2;1;
202000033037;154 684 377;A01;1;33;0;2;1;11;1;
202000033037;154 684 378;B01;1;7;0;2;6;1;1;
202000033037;154 684 379;C01;1;7;0;2;7;1;0;
202000033038;154 684 376;A01;1;7;0;0;9;19;1;
202000033039;154 684 387;B01;0;1;0;2;1;1;5;
202000033039;154 684 388;A01;0;7;0;2;2;15;1;
202000033040;154 684 373;A01;1;7;0;2;2;21;1;
202000033040;154 684 374;B01;1;7;0;2;1;21;1;
202000033040;154 684 375;Z01;2;7;0;2;2;5;1;
202000033041;154 684 371;B01;2;7;0;2;4;1;1;
202000033041;154 684 372;Z01;2;7;0;2;1;1;0;
202000033042;154 684 370;A01;0;2;0;1;1;26;3;
202000033043;154 684 368;A01;1;7;13;0;7;14;1;
202000033044;154 684 366;C01;2;7;0;0;8;24;1;
202000033044;154 684 367;B01;2;7;0;0;4;23;1;
202000033044;154 684 369;A01;2;7;0;2;1;1;1;
202000033045;154 684 362;B01;1;7;0;2;4;1;1;
202000033045;154 684 364;A01;1;7;0;2;1;26;1;
202000033046;154 684 363;B01;2;7;0;0;4;1;1;
202000033046;154 684 365;A01;2;7;0;2;1;2;1;
202000033047;154 684 361;A01;2;7;0;0;9;0;1;
202000033048;154 684 355;A01;2;7;0;2;4;23;1;
202000033048;154 684 356;B01;2;7;0;2;4;23;1;
202000033048;154 684 357;C01;2;7;0;2;4;23;1;
202000033048;154 684 358;E01;2;7;0;2;1;2;1;
202000033048;154 684 359;D01;2;7;0;2;1;1;1;
202000033049;154 684 354;B01;0;7;0;2;2;0;1;
202000033049;154 684 360;A01;0;7;0;2;1;1;1;
202000033050;154 684 352;A01;2;7;0;0;7;1;1;
202000033050;154 684 353;B01;2;33;0;2;1;3;1;
202000033051;154 684 350;A01;1;7;0;1;3;1;1;
202000033052;154 684 348;B01;2;33;0;2;7;3;1;
202000033052;154 684 349;C01;2;10;0;2;4;1;1;
202000033052;154 684 351;A01;2;7;0;2;8;11;1;
202000033053;154 684 344;A01;3;7;0;2;2;1;1;
202000033053;154 684 345;B01;3;33;0;2;1;1;1;
202000033054;154 684 343;A01;1;7;0;1;2;1;1;
202000033055;154 684 342;A01;1;7;0;2;1;1;1;
202000033055;154 684 346;B01;2;7;0;2;4;1;1;
202000033055;154 684 347;C01;1;7;0;2;4;1;1;
202000033056;154 684 341;A01;2;30;15;0;7;2;1;
202000033057;154 684 337;B01;1;7;1;2;1;15;1;
202000033057;154 684 338;A01;2;30;0;2;1;26;1;
202000033058;154 684 339;A01;0;7;0;2;3;11;1;
202000033058;154 684 340;B01;0;33;0;2;0;1;1;
202000033059;154 684 331;D01;0;7;0;0;0;0;0;
202000033059;154 684 332;C01;0;7;0;0;0;0;0;
202000033059;154 684 335;B01;0;33;0;2;2;1;0;
202000033059;154 684 336;A01;0;7;1;0;6;13;0;
202000033060;154 684 333;A01;-1;7;0;2;1;9;-1;
202000033060;154 684 334;B01;-1;33;0;2;8;1;1;
202000033061;154 684 329;A01;1;7;0;2;8;10;1;
202000033061;154 684 330;B01;1;30;0;2;1;1;1;
202000033062;154 684 327;B01;3;32;0;2;1;2;1;
202000033062;154 684 328;A01;3;7;0;2;5;16;1;
202000033063;154 684 324;B01;2;2;0;2;1;1;1;
202000033063;154 684 325;A01;1;7;0;2;5;15;1;
202000033064;154 684 323;B01;2;7;0;2;5;15;1;
202000033064;154 684 326;A01;1;7;0;2;1;26;1;
202000033065;154 684 320;B01;1;1;0;2;6;1;0;
202000033065;154 684 321;A01;1;10;0;9;5;1;0;
202000033066;154 684 318;A01;3;7;0;2;3;26;1;
202000033066;154 684 319;B01;3;2;0;2;7;0;1;
202000033067;154 684 322;A01;2;7;0;1;1;1;1;
202000033068;154 684 316;B01;2;7;0;2;6;2;1;
202000033068;154 684 317;A01;2;7;0;2;1;2;1;
202000033069;154 684 315;A01;1;1;0;1;1;26;5;
202000033070;154 684 313;B01;3;7;0;2;2;1;1;
202000033070;154 684 314;A01;1;7;0;2;1;13;1;
202000033071;154 684 310;A01;2;31;0;2;1;14;1;
202000033071;154 684 311;B01;3;7;0;2;5;2;1;
202000033071;154 684 312;C01;3;7;0;2;4;24;1;
202000033072;154 684 309;A01;2;10;0;1;1;1;1;
202000033073;154 684 307;B01;1;2;0;2;1;1;1;
202000033073;154 684 308;A01;1;7;0;2;2;15;1;
202000033074;154 684 304;B01;2;2;0;2;7;1;1;
202000033074;154 684 306;A01;1;7;0;2;1;15;1;
202000033075;154 684 303;A01;1;7;0;2;1;16;0;
202000033075;154 684 305;B01;1;1;0;2;8;1;0;
202000033076;154 684 301;B01;1;1;1;0;1;1;5;
202000033076;154 684 302;A01;1;7;0;2;3;22;1;
202000033077;154 684 300;A01;0;7;0;1;1;1;1;
202000033078;154 684 299;A01;3;32;0;0;8;1;1;
202000033079;154 684 298;A01;2;7;0;1;0;23;1;
202000033080;154 684 296;A01;1;7;0;2;1;26;1;
202000033080;154 684 297;B01;1;7;0;2;8;19;1;
202000033081;154 684 293;A01;1;7;0;2;2;12;1;
202000033081;154 684 294;B01;1;7;0;2;3;1;1;
202000033082;154 684 292;A01;1;1;0;2;7;16;5;
202000033082;154 684 295;B01;2;7;0;2;1;1;1;
202000033083;154 684 290;B01;2;10;0;2;3;2;1;
202000033083;154 684 291;A01;1;7;0;2;3;13;1;
202000033084;154 684 289;A01;1;10;0;1;1;15;1;
202000033085;154 684 286;B01;3;1;0;2;1;1;5;
202000033085;154 684 287;A01;3;7;0;9;2;16;1;
202000033086;154 684 285;B01;1;7;0;2;0;15;1;
202000033086;154 684 288;A01;1;32;0;2;0;15;1;
202000033087;154 684 284;A01;1;7;4;0;8;1;1;
202000033088;154 684 283;A01;1;43;0;0;0;21;1;
202000033089;154 684 281;A01;3;10;0;0;0;1;1;
202000033089;154 684 282;B01;3;33;0;2;8;1;1;
202000033090;154 684 279;A01;1;7;15;0;1;1;1;
202000033091;154 684 278;A01;2;33;0;2;3;7;1;
202000033091;154 684 280;B01;1;7;0;2;0;15;1;
202000033092;154 684 277;A01;1;30;0;1;1;26;1;
202000033093;154 684 275;B01;3;34;0;2;6;9;1;
202000033093;154 684 276;A01;3;7;0;2;2;14;1;
202000033094;154 684 274;A01;3;10;0;1;4;4;1;
202000033095;154 684 273;A01;1;50;0;1;1;1;3;
202000033096;154 684 271;A01;1;50;0;0;1;21;3;
202000033097;154 684 270;B01;1;7;12;2;8;1;1;
202000033097;154 684 272;A01;2;7;0;2;3;13;1;
202000033098;154 684 269;A01;2;7;0;1;3;1;3;
202000033099;154 684 267;A01;1;7;0;2;6;17;1;
202000033099;154 684 268;B01;1;1;0;2;0;0;0;
202000033100;154 684 265;B01;2;10;0;2;6;1;1;
202000033100;154 684 266;A01;2;30;1;2;8;17;1;
202000033101;154 684 263;A01;1;7;0;2;1;1;1;
202000033101;154 684 264;B01;1;7;0;2;6;23;1;
202000033102;154 684 262;Z01;2;7;0;1;1;1;0;
202000033103;154 684 260;B01;1;32;0;2;1;1;0;
202000033103;154 684 261;A01;2;34;0;2;7;15;0;
202000033104;154 684 259;A01;3;80;0;0;0;1;3;
202000033105;154 684 257;B01;2;50;0;2;1;2;3;
202000033105;154 684 258;Z01;1;7;0;2;1;15;1;
202000033106;154 684 255;B01;2;30;0;2;2;1;1;
202000033106;154 684 256;A01;1;30;0;2;3;1;1;
202000033107;154 684 254;A01;2;1;0;1;1;1;5;
202000033108;154 684 253;A01;1;1;11;0;1;13;5;
202000033109;154 684 251;A01;3;7;0;2;2;15;1;
202000033109;154 684 252;B01;0;7;0;2;1;1;1;
202000033110;154 684 250;Z01;1;32;0;1;4;1;1;
202000033111;154 684 248;B01;1;30;0;2;1;1;1;
202000033111;154 684 249;Z01;1;7;0;2;8;17;1;
202000033112;154 684 246;B01;1;1;0;2;0;1;5;
202000033112;154 684 247;A01;2;50;0;2;1;13;3;
202000033113;154 684 245;A01;1;13;0;0;8;1;1;
202000033114;154 684 244;A01;1;33;0;2;2;1;1;
202000033115;154 684 241;B01;2;2;0;2;8;19;1;
202000033115;154 684 242;C01;2;7;0;2;4;16;1;
202000033115;154 684 243;A01;1;7;0;2;2;1;1;
202000033116;154 684 240;A01;0;7;0;1;3;15;1;
202000033117;154 684 236;A01;1;7;0;2;1;1;4;
202000033117;154 684 237;B01;1;7;0;2;4;1;1;
202000033118;154 684 238;B01;1;7;0;2;1;23;1;
202000033118;154 684 239;A01;2;2;0;1;1;1;1;
202000033119;154 684 235;A01;2;14;0;1;7;1;1;
202000033120;154 684 231;A01;1;7;0;2;5;1;1;
202000033120;154 684 234;B01;1;2;0;2;1;1;1;
202000033121;154 684 232;B01;1;7;0;2;6;1;1;
202000033121;154 684 233;A01;1;7;0;2;2;17;1;
202000033122;154 684 228;B01;1;7;0;2;5;12;1;
202000033122;154 684 230;A01;1;33;0;2;1;1;1;
202000033123;154 684 227;A01;1;7;0;2;3;15;1;
202000033123;154 684 229;B01;1;7;0;2;1;1;1;
202000033124;154 684 225;B01;1;2;0;2;1;1;1;
202000033124;154 684 226;A01;1;7;0;2;7;15;1;
202000033125;154 684 223;B01;2;7;0;2;8;15;1;
202000033125;154 684 224;A01;2;32;0;2;1;17;1;
202000033126;154 684 222;A01;1;33;9;0;0;1;1;
202000033127;154 684 220;B01;1;43;0;2;9;17;1;
202000033127;154 684 221;A01;1;7;0;2;3;13;1;
202000033128;154 684 217;B01;2;7;0;2;6;23;1;
202000033128;154 684 219;A01;2;2;0;2;2;17;1;
202000033129;154 684 216;A01;1;7;0;2;1;15;1;
202000033129;154 684 218;B01;2;32;0;2;1;1;1;
202000033130;154 684 212;B01;-1;7;0;0;0;0;1;
202000033130;154 684 214;A01;1;7;0;2;3;1;1;
202000033130;154 684 215;Z01;1;15;0;2;1;12;1;
202000033131;154 684 211;A01;2;1;0;2;1;14;5;
202000033131;154 684 213;B01;1;7;0;2;1;1;1;
202000033132;154 684 209;Z01;1;7;0;2;7;2;0;
202000033132;154 684 210;A01;1;50;0;2;8;2;3;
202000033133;154 684 207;B01;1;50;0;2;2;1;3;
202000033133;154 684 208;A01;1;10;0;2;2;15;1;
202000033134;154 684 206;A01;1;20;0;1;5;14;0;
202000033135;154 684 205;A01;2;7;0;1;2;1;1;
202000033136;154 684 203;A01;1;7;0;9;1;9;1;
202000033136;154 684 204;B01;3;2;0;2;7;5;1;
202000033137;154 684 201;A01;2;1;0;2;1;1;5;
202000033137;154 684 202;B01;2;7;0;2;4;23;1;
202000033138;154 684 199;B01;2;7;0;2;8;15;1;
202000033138;154 684 200;A01;2;7;0;2;1;1;1;
202000033139;154 684 197;A01;1;7;0;2;3;10;1;
202000033139;154 684 198;B01;1;7;0;2;1;1;1;
202000033140;154 684 195;B01;2;7;0;2;3;26;1;
202000033140;154 684 196;A01;2;31;0;2;2;1;1;
202000033141;154 684 193;B01;2;1;0;2;4;1;5;
202000033141;154 684 194;A01;1;10;0;2;2;16;1;
202000033142;154 684 192;A01;1;7;0;1;1;15;1;
202000033143;154 684 190;A01;1;50;0;2;7;1;3;
202000033143;154 684 191;B01;1;10;0;2;1;1;1;
202000033144;154 684 188;B01;2;32;0;2;8;1;1;
202000033144;154 684 189;A01;1;10;0;2;1;15;1;
202000033145;154 684 186;A01;0;33;0;2;8;18;1;
202000033145;154 684 187;B01;0;7;0;2;5;15;1;
202000033146;154 684 184;Z01;3;7;0;0;0;0;0;
202000033146;154 684 185;A01;2;1;0;2;0;25;5;