num_acc;id_vehicule;num_veh;senc;catv;obs;obsm;choc;manv;motor;occutc
202000033427;154 683 680;C01;3;7;0;2;1;1;1;
202000033427;154 683 682;B01;3;14;0;2;0;0;1;
202000033428;154 683 674;A01;2;2;0;6;7;2;1;
202000033429;154 683 675;B01;1;33;0;0;7;21;1;
202000033429;154 683 676;A01;1;33;0;0;0;1;1;
202000033430;154 683 673;A01;3;7;0;1;1;2;1;
202000033431;154 683 668;B01;2;7;0;2;1;1;1;
202000033431;154 683 672;A01;1;7;0;0;2;15;1;
202000033432;154 683 669;A01;0;33;0;2;1;2;1;
202000033432;154 683 671;B01;0;7;0;0;4;15;1;
202000033433;154 683 667;B01;2;7;0;0;7;1;1;
202000033433;154 683 670;A01;1;10;0;2;1;1;1;
202000033434;154 683 666;A01;1;7;6;9;1;0;0;
202000033435;154 683 661;A01;3;30;0;2;1;1;0;
202000033435;154 683 663;B01;3;7;0;2;4;23;0;
202000033436;154 683 659;A01;1;7;13;0;1;14;1;
202000033437;154 683 658;B01;0;2;0;2;1;1;1;
202000033437;154 683 660;A01;2;7;0;2;3;15;1;
202000033438;154 683 662;A01;1;1;0;2;1;1;5;
202000033438;154 683 664;B01;1;1;0;2;1;1;5;
202000033438;154 683 665;C01;3;7;0;2;7;19;1;
202000033439;154 683 657;A01;1;7;2;0;3;0;1;
202000033440;154 683 656;A01;1;7;9;0;1;16;1;
202000033441;154 683 655;A01;3;7;0;1;1;26;0;
202000033442;154 683 651;A01;2;7;17;0;2;1;1;
202000033443;154 683 649;A01;1;7;15;0;3;13;1;
202000033444;154 683 648;A01;2;33;0;0;0;0;1;
202000033445;154 683 646;A01;1;7;0;2;3;1;0;
202000033445;154 683 647;B01;2;7;0;2;3;13;0;
202000033446;154 683 645;A01;3;35;0;0;1;1;1;
202000033447;154 683 643;B01;2;7;0;2;1;9;1;
202000033447;154 683 644;A01;1;2;12;2;1;1;1;
202000033448;154 683 642;A01;1;33;16;0;9;14;1;
202000033449;154 683 639;A01;0;7;0;2;2;1;0;
202000033449;154 683 641;B01;0;2;0;2;1;1;0;
202000033450;154 683 650;A01;0;10;0;1;2;1;1;
202000033451;154 683 638;A01;1;7;0;2;3;9;1;
202000033451;154 683 640;B01;2;33;0;2;1;1;1;
202000033452;154 683 635;A01;1;7;0;2;3;2;1;
202000033452;154 683 636;B01;1;7;0;2;4;1;1;
202000033453;154 683 634;A01;2;33;0;0;0;1;1;
202000033454;154 683 629;A01;2;10;0;2;0;17;0;
202000033454;154 683 630;B01;2;1;0;2;0;1;5;
202000033455;154 683 626;A01;1;7;0;1;1;1;1;
202000033456;154 683 627;A01;2;7;0;9;7;1;1;
202000033456;154 683 637;B01;1;1;0;2;1;19;5;
202000033457;154 683 628;D01;1;7;0;2;6;21;1;
202000033457;154 683 631;B01;1;7;0;2;1;1;1;
202000033457;154 683 632;A01;2;10;3;2;1;13;1;
202000033457;154 683 633;C01;1;7;0;2;2;21;1;
202000033458;154 683 623;B01;1;7;0;2;1;17;1;
202000033458;154 683 625;A01;2;7;0;2;1;5;1;
202000033459;154 683 618;A01;2;7;0;1;1;1;0;
202000033460;154 683 617;A01;2;7;0;2;0;15;1;
202000033460;154 683 619;B01;2;33;0;2;2;1;1;
202000033461;154 683 616;A01;2;7;0;1;1;1;1;
202000033462;154 683 614;A01;1;7;0;2;7;19;1;
202000033462;154 683 615;B01;1;17;0;2;3;1;1;
202000033463;154 683 612;A01;1;1;0;2;1;5;5;
202000033463;154 683 613;B01;2;1;0;2;1;1;5;
202000033464;154 683 620;C01;2;7;0;2;1;1;1;
202000033464;154 683 621;A01;1;7;0;0;4;1;1;
202000033464;154 683 622;B01;1;7;0;2;1;1;1;
202000033465;154 683 611;A01;2;33;0;0;8;1;1;
202000033466;154 683 606;B01;0;7;7;0;5;2;1;
202000033466;154 683 608;A01;0;7;0;2;2;2;1;
202000033467;154 683 607;B01;2;20;0;9;1;1;1;
202000033467;154 683 609;A01;1;2;0;2;3;1;1;
202000033468;154 683 605;A01;2;7;13;0;3;1;1;
202000033469;154 683 604;A01;2;7;6;0;1;1;1;
202000033470;154 683 599;B01;2;7;0;0;7;21;1;
202000033470;154 683 600;A01;1;7;0;2;1;16;1;
202000033471;154 683 598;A01;1;7;0;0;1;13;1;
202000033472;154 683 591;A01;2;33;4;0;3;16;1;
202000033473;154 683 590;A01;1;7;9;0;0;14;1;
202000033474;154 683 588;B01;3;7;0;2;8;0;1;
202000033474;154 683 589;A01;3;7;0;2;1;0;1;
202000033475;154 683 586;B01;1;7;0;2;4;0;0;
202000033475;154 683 587;A01;1;7;0;2;0;1;0;
202000033476;154 683 585;A01;3;33;7;0;8;1;1;
202000033477;154 683 594;A01;1;7;7;0;7;15;1;
202000033478;154 683 584;A01;1;7;0;1;2;15;1;
202000033479;154 683 583;A01;2;7;8;0;3;13;1;
202000033480;154 683 581;B01;3;31;0;2;1;1;1;
202000033480;154 683 582;A01;3;7;0;2;2;10;1;
202000033481;154 683 580;A01;3;31;0;0;7;1;1;
202000033482;154 683 578;B01;2;32;0;2;7;17;1;
202000033482;154 683 579;A01;2;10;0;2;8;15;1;
202000033483;154 683 574;A01;1;14;0;1;2;1;1;
202000033484;154 683 571;B01;1;33;0;2;8;2;1;
202000033484;154 683 573;A01;2;7;0;2;1;19;1;
202000033485;154 683 569;C01;1;7;0;2;1;1;1;
202000033485;154 683 570;B01;2;7;0;2;4;23;1;
202000033485;154 683 572;A01;2;7;0;2;1;1;0;
202000033486;154 683 566;A01;1;32;0;0;1;1;5;
202000033487;154 683 593;D01;1;7;0;2;1;1;1;
202000033487;154 683 595;B01;1;7;0;2;8;17;1;
202000033487;154 683 596;C01;1;7;0;2;4;1;1;
202000033487;154 683 597;A01;1;31;0;2;3;5;1;
202000033488;154 683 565;C01;2;7;0;2;4;2;1;
202000033488;154 683 567;B01;2;7;0;2;4;2;1;
202000033488;154 683 568;A01;2;7;0;2;1;2;1;
202000033489;154 683 562;B01;1;2;0;2;3;1;1;
202000033489;154 683 563;A01;2;33;0;2;3;10;6;
202000033490;154 683 561;A01;0;31;0;0;0;2;1;
202000033491;154 683 560;A01;2;33;0;0;3;17;1;
202000033492;154 683 559;A01;2;99;5;0;3;1;1;
202000033493;154 683 564;A01;1;7;2;0;8;1;1;
202000033494;154 683 558;A01;2;7;0;1;2;1;1;
202000033495;154 683 556;B01;1;7;0;0;4;2;1;
202000033495;154 683 557;A01;1;7;0;2;1;2;0;
202000033496;154 683 555;A01;0;33;6;0;1;1;1;
202000033497;154 683 553;A01;1;7;0;2;3;1;1;
202000033497;154 683 554;B01;2;2;0;2;1;13;1;
202000033498;154 683 552;A01;1;33;0;0;7;0;1;
202000033499;154 683 551;A01;1;7;2;0;1;1;1;
202000033500;154 683 548;B01;1;33;0;2;1;1;1;
202000033500;154 683 549;A01;1;7;0;2;7;15;1;
202000033501;154 683 547;A01;3;33;0;0;7;26;1;
202000033502;154 683 545;A01;1;7;0;2;3;0;0;
202000033502;154 683 546;B01;2;7;0;2;3;0;1;
202000033503;154 683 544;A01;2;7;6;0;3;1;0;
202000033504;154 683 542;B01;3;7;0;2;1;1;1;
202000033504;154 683 543;A01;3;7;0;2;8;1;1;
202000033505;154 683 540;B01;2;1;0;2;1;13;5;
202000033505;154 683 541;A01;1;7;0;2;3;1;1;
202000033506;154 683 536;A01;1;31;0;2;1;1;1;
202000033506;154 683 537;B01;1;15;0;0;6;23;1;
202000033507;154 683 534;A01;1;33;0;2;8;1;1;
202000033507;154 683 535;B01;2;7;0;2;6;19;1;
202000033508;154 683 550;A01;1;33;5;0;3;1;1;
202000033509;154 683 532;A01;1;7;0;2;1;15;0;
202000033509;154 683 533;B01;1;7;0;2;8;1;0;
202000033510;154 683 531;A01;2;33;2;0;1;14;1;
202000033511;154 683 529;B01;2;7;0;2;3;1;1;
202000033511;154 683 530;A01;1;2;0;2;1;13;1;
202000033512;154 683 528;A01;3;33;15;0;1;1;1;
202000033513;154 683 526;A01;2;7;13;0;3;1;1;
202000033514;154 683 527;A01;2;13;16;0;9;1;1;
202000033515;154 683 525;A01;0;7;0;1;4;4;1;
202000033516;154 683 521;B01;0;7;0;2;2;15;1;
202000033516;154 683 522;A01;0;2;0;2;1;1;1;
202000033517;154 683 520;A01;1;33;13;0;7;2;1;
202000033518;154 683 523;A01;2;7;0;2;5;10;1;
202000033518;154 683 524;B01;1;17;0;2;1;1;1;
202000033519;154 683 517;C01;2;7;0;9;1;2;1;
202000033519;154 683 518;B01;2;7;0;9;1;1;1;
202000033519;154 683 519;A01;1;10;0;0;0;1;1;
202000033520;154 683 513;B01;3;7;0;2;3;1;1;
202000033520;154 683 514;A01;3;33;0;2;8;1;1;
202000033521;154 683 512;A01;1;33;0;0;0;1;1;
202000033522;154 683 508;A01;1;7;0;2;2;15;1;
202000033522;154 683 509;B01;2;33;0;2;1;1;1;
202000033523;154 683 507;A01;3;7;6;0;3;1;1;
202000033524;154 683 506;A01;1;10;13;0;1;1;1;
202000033525;154 683 504;A01;0;7;0;9;1;15;0;
202000033525;154 683 505;B01;0;1;0;2;8;1;5;
202000033526;154 683 503;A01;1;15;0;0;2;0;1;
202000033527;154 683 501;A01;0;37;0;0;1;1;1;1
202000033527;154 683 515;C01;0;7;0;0;4;1;1;
202000033527;154 683 516;B01;0;7;0;0;4;1;1;
202000033528;154 683 500;A01;2;7;4;2;1;2;1;
202000033528;154 683 502;B01;2;7;0;2;6;2;1;
202000033529;154 683 497;C01;1;10;0;2;0;1;1;
202000033529;154 683 498;A01;1;33;16;0;1;1;1;
202000033529;154 683 499;B01;1;7;0;2;0;1;1;
202000033530;154 683 496;A01;1;7;13;0;0;14;1;
202000033531;154 683 494;B01;2;33;0;2;1;1;1;
202000033531;154 683 495;A01;2;7;0;2;8;11;1;
202000033532;154 683 493;A01;1;7;4;0;3;0;1;
202000033533;154 683 491;A01;2;7;6;2;1;2;1;
202000033534;154 683 490;A01;1;7;4;2;1;0;1;
202000033534;154 683 492;B01;1;7;0;2;3;1;1;
202000033535;154 683 489;A01;2;7;0;1;2;1;0;
202000033536;154 683 488;A01;2;7;15;0;1;0;1;
202000033537;154 683 487;A01;1;7;10;0;1;1;0;
202000033538;154 683 486;A01;3;33;0;1;0;0;0;
202000033539;154 683 482;A01;1;7;0;2;4;0;1;
202000033539;154 683 483;B01;1;7;0;2;4;0;1;
202000033539;154 683 484;C01;1;7;0;2;4;0;1;
202000033539;154 683 485;D01;1;7;0;0;0;0;1;
202000033540;154 683 479;B01;1;7;0;2;4;2;0;
202000033540;154 683 480;C01;1;7;0;2;1;2;1;
202000033540;154 683 481;A01;1;14;0;2;4;1;1;
202000033541;154 683 474;A01;2;7;0;2;2;19;1;
202000033541;154 683 476;C01;2;7;0;2;5;23;1;
202000033541;154 683 478;B01;2;33;0;2;5;1;1;
202000033542;154 683 475;A01;2;7;0;2;3;9;1;
202000033542;154 683 477;B01;2;7;0;2;1;17;1;
202000033543;154 683 470;B01;1;33;0;2;7;1;1;
202000033543;154 683 472;A01;1;7;0;2;8;11;1;
202000033544;154 683 468;A01;3;7;0;1;1;19;0;
202000033545;154 683 467;A01;2;7;0;2;3;26;1;
202000033545;154 683 469;B01;1;7;0;2;3;26;1;
202000033545;154 683 471;C01;1;7;0;2;0;26;1;
202000033545;154 683 473;D01;1;7;0;2;3;0;1;
202000033546;154 683 466;A01;1;7;3;0;9;1;1;
202000033547;154 683 464;A01;2;34;0;2;1;12;1;
202000033547;154 683 465;B01;2;7;0;2;5;1;1;
202000033548;154 683 462;B01;1;7;0;2;8;17;1;
202000033548;154 683 463;A01;1;33;0;2;5;3;1;
202000033549;154 683 458;A01;1;7;15;1;9;7;1;
202000033549;154 683 459;B01;3;7;0;2;9;16;1;
202000033549;154 683 460;C01;1;10;0;2;5;1;1;
202000033549;154 683 461;D01;1;10;0;2;7;1;1;
202000033550;154 683 456;A01;2;33;0;0;7;14;1;
202000033551;154 683 454;B01;1;1;0;2;7;0;5;
202000033551;154 683 455;A01;1;10;0;2;1;1;1;
202000033552;154 683 451;A01;1;7;0;2;2;17;0;
202000033552;154 683 457;B01;2;37;0;2;3;1;1;5
202000033553;154 683 450;A01;3;10;0;1;4;20;1;
202000033554;154 683 452;B01;2;7;0;2;5;12;1;
202000033554;154 683 453;A01;2;32;0;2;1;3;1;
202000033555;154 683 448;A01;0;7;0;1;1;1;1;
202000033556;154 683 447;B01;1;1;0;2;8;1;0;
202000033556;154 683 449;A01;1;7;0;2;3;17;1;
202000033557;154 683 446;A01;3;7;2;0;7;2;1;
202000033558;154 683 443;A01;2;7;3;0;7;1;1;
202000033559;154 683 442;B01;1;7;0;2;1;24;1;
202000033559;154 683 445;A01;2;30;0;2;9;13;1;
202000033560;154 683 441;A01;2;7;0;2;3;9;1;
202000033560;154 683 444;B01;2;1;0;2;7;1;0;
202000033561;154 683 438;A01;1;7;9;0;1;1;1;
202000033562;154 683 436;A01;3;32;1;0;2;26;1;
202000033562;154 683 439;B01;3;7;1;0;0;0;1;
202000033563;154 683 435;B01;1;15;0;2;3;2;1;
202000033563;154 683 437;C01;1;10;0;2;1;2;1;
202000033563;154 683 440;A01;1;7;0;2;7;26;1;
202000033564;154 683 432;A01;2;10;0;0;3;2;1;
202000033565;154 683 429;A01;1;7;0;2;1;2;3;
202000033565;154 683 431;B01;2;7;0;2;1;15;1;
202000033566;154 683 428;A01;1;7;2;0;1;13;1;
202000033567;154 683 426;A01;2;33;3;0;8;21;1;
202000033568;154 683 430;A01;3;7;0;2;1;1;1;
202000033568;154 683 433;B01;1;7;0;2;2;1;1;
202000033569;154 683 424;C01;0;7;0;2;4;23;1;
202000033569;154 683 425;B01;0;7;0;2;4;23;1;
202000033569;154 683 427;A01;0;7;0;2;1;1;1;
202000033570;154 683 423;A01;2;33;4;0;8;13;1;
202000033571;154 683 422;A01;0;7;0;1;1;1;1;
202000033572;154 683 415;C01;1;10;0;2;3;5;1;
202000033572;154 683 417;B01;2;10;0;2;6;2;1;
202000033572;154 683 419;A01;2;31;0;2;6;2;1;
202000033573;154 683 413;A01;2;15;0;2;3;11;1;
202000033573;154 683 418;B01;2;7;0;2;4;1;1;
202000033573;154 683 420;C01;2;10;0;2;4;1;1;
202000033573;154 683 421;D01;2;7;0;2;4;1;1;
202000033574;154 683 414;B01;1;7;0;2;3;1;1;
202000033574;154 683 416;A01;1;7;0;2;1;1;1;
202000033575;154 683 409;A01;2;7;0;2;3;9;1;
202000033575;154 683 412;Y01;0;1;0;2;4;26;0;
202000033576;154 683 410;A01;1;7;1;0;1;2;1;
202000033576;154 683 411;B01;1;7;0;2;4;23;1;
202000033577;154 683 408;A01;1;7;0;1;1;26;1;
202000033578;154 683 406;A01;1;7;0;0;1;1;1;
202000033579;154 683 401;C01;1;7;0;0;4;2;0;
202000033579;154 683 404;A01;1;7;0;2;3;21;0;
202000033579;154 683 405;B01;1;7;0;2;3;2;0;
202000033580;154 683 402;A01;3;7;0;2;5;15;0;
202000033580;154 683 407;B01;3;33;0;2;1;21;1;
202000033581;154 683 400;A01;1;33;0;2;1;1;1;
202000033581;154 683 403;B01;1;7;0;2;4;1;1;
202000033582;154 683 398;B01;2;7;0;2;1;1;1;
202000033582;154 683 399;A01;1;7;0;2;1;16;1;
202000033583;154 683 397;A01;3;10;0;1;4;20;0;
202000033584;154 683 396;A01;3;7;3;0;5;26;1;
202000033585;154 683 392;B01;1;7;0;2;4;1;1;
202000033585;154 683 394;A01;1;7;0;2;1;1;1;
202000033586;154 683 388;Z01;2;7;0;2;2;14;1;
202000033586;154 683 390;C01;2;7;0;2;1;1;1;
202000033586;154 683 391;B01;2;15;0;2;2;1;1;
202000033587;154 683 387;A01;2;7;0;2;1;1;1;
202000033587;154 683 389;B01;2;7;0;2;4;2;1;
202000033588;154 683 393;B01;1;7;0;2;6;23;1;
202000033588;154 683 395;A01;1;7;0;2;2;2;1;
202000033589;154 683 384;B01;2;7;0;2;2;21;1;
202000033589;154 683 386;A01;2;7;0;2;8;1;1;
202000033590;154 683 383;A01;1;1;0;2;3;26;5;
202000033590;154 683 385;B01;1;7;0;2;2;1;1;
202000033591;154 683 382;A01;2;1;12;0;7;26;0;
202000033592;154 683 377;A01;1;0;1;0;0;25;0;
202000033593;154 683 373;C01;1;7;14;0;2;1;1;
202000033593;154 683 379;B01;2;7;0;2;1;1;1;
202000033593;154 683 381;A01;2;7;14;2;1;1;1;
202000033594;154 683 374;B01;3;10;0;2;1;1;1;
202000033594;154 683 376;A01;3;10;0;2;3;1;1;
202000033595;154 683 371;A01;1;31;0;0;3;3;1;
202000033596;154 683 372;A01;3;7;0;2;1;26;1;
202000033596;154 683 375;C01;3;7;0;2;4;26;1;
202000033596;154 683 378;D01;3;7;0;2;4;26;1;
202000033596;154 683 380;B01;3;7;0;2;4;2;1;
202000033597;154 683 370;A01;3;7;0;1;1;1;1;
202000033598;154 683 368;A01;1;7;6;0;1;26;1;
202000033599;154 683 369;A01;2;7;4;0;0;14;1;
202000033600;154 683 365;A01;0;50;0;0;1;1;3;
202000033601;154 683 366;A01;1;7;4;0;1;1;1;
202000033602;154 683 364;A01;1;7;0;2;0;1;1;
202000033602;154 683 367;B01;1;7;0;2;2;15;1;
202000033603;154 683 359;A01;1;10;0;2;6;11;1;
202000033603;154 683 361;B01;1;33;0;2;2;3;1;
202000033603;154 683 363;C01;1;7;0;2;4;1;1;
202000033604;154 683 360;A01;1;7;0;2;1;1;1;
202000033604;154 683 362;B01;1;30;0;2;4;1;1;
202000033605;154 683 358;A01;1;7;6;1;2;21;1;
202000033606;154 683 355;A01;1;7;14;0;1;13;1;
202000033607;154 683 354;A01;2;7;0;2;2;12;1;
202000033607;154 683 357;B01;2;33;0;2;3;3;1;
202000033608;154 683 353;A01;1;33;0;2;7;2;1;
202000033608;154 683 356;B01;1;7;0;2;8;15;1;
202000033609;154 683 352;A01;1;7;0;1;2;1;1;
202000033610;154 683 351;A01;1;17;4;0;8;13;1;
202000033611;154 683 350;A01;1;7;13;0;7;14;1;
202000033612;154 683 348;B01;1;31;0;2;7;0;1;
202000033612;154 683 349;A01;1;7;0;2;8;13;1;
202000033613;154 683 347;Z01;1;7;0;1;0;1;1;
202000033614;154 683 345;B01;1;1;0;2;2;19;6;
202000033614;154 683 346;A01;1;7;0;2;2;1;1;
202000033615;154 683 343;A01;1;7;0;1;3;5;1;
202000033616;154 683 340;A01;2;7;0;1;3;1;1;
202000033617;154 683 341;B01;3;7;0;0;1;1;1;
202000033617;154 683 342;A01;3;7;0;2;1;13;1;
202000033618;154 683 339;A01;1;15;0;2;7;12;1;
202000033618;154 683 344;B01;1;7;0;2;8;1;1;
202000033619;154 683 333;B01;0;31;0;2;7;12;1;
202000033619;154 683 337;A01;0;7;0;2;8;1;1;
202000033620;154 683 334;A01;2;7;0;2;1;9;1;
202000033620;154 683 336;C01;2;10;0;2;4;2;1;
202000033620;154 683 338;B01;2;7;0;2;4;2;1;
202000033621;154 683 332;B01;3;99;0;2;4;1;1;
202000033621;154 683 335;A01;3;99;0;2;1;26;1;
202000033622;154 683 329;A01;0;1;0;2;1;13;5;
202000033622;154 683 331;B01;2;7;0;2;1;1;1;
202000033623;154 683 328;B01;1;30;0;2;1;25;1;
202000033623;154 683 330;A01;2;50;0;2;1;25;3;
202000033624;154 683 327;A01;3;0;12;0;0;0;0;
202000033625;154 683 326;A01;1;7;0;1;0;1;1;
202000033626;154 683 322;A01;1;7;2;0;7;13;1;
202000033627;154 683 323;B01;3;7;0;2;0;23;1;
202000033627;154 683 325;A01;1;30;0;2;1;1;1;
202000033628;154 683 321;A01;1;2;0;2;3;9;1;
202000033628;154 683 324;B01;1;7;0;2;3;1;1;
202000033629;154 683 318;B01;1;7;0;2;1;11;1;
202000033629;154 683 320;A01;1;7;0;2;4;1;1;
202000033630;154 683 317;A01;2;30;0;0;8;16;1;
202000033631;154 683 316;A01;2;7;0;9;1;9;1;
202000033631;154 683 319;B01;2;33;0;2;7;2;1;
202000033632;154 683 312;B01;2;7;0;2;1;1;1;
202000033632;154 683 315;A01;3;7;0;2;8;1;1;
202000033633;154 683 311;A01;2;7;0;2;1;13;1;
202000033633;154 683 313;B01;1;7;0;2;1;1;1;
202000033634;154 683 314;A01;2;7;0;0;1;11;1;
202000033635;154 683 308;A01;1;7;0;1;1;1;1;
202000033636;154 683 309;A01;3;7;0;2;3;9;1;
202000033636;154 683 310;B01;3;2;0;2;1;9;0;
202000033637;154 683 306;A01;2;7;3;0;1;1;1;
202000033638;154 683 305;A01;1;7;0;9;3;15;1;
202000033638;154 683 307;B01;2;1;0;2;1;1;5;
202000033639;154 683 302;A01;1;7;0;1;2;1;1;
202000033640;154 683 301;B01;2;7;0;2;7;1;1;
202000033640;154 683 304;A01;2;7;0;2;1;1;1;
202000033641;154 683 298;A01;1;7;0;2;7;12;1;
202000033641;154 683 299;B01;1;34;0;2;8;3;1;
202000033642;154 683 300;A01;3;7;13;2;2;14;1;
202000033642;154 683 303;B01;3;7;0;2;3;1;1;
202000033643;154 683 295;A01;1;30;0;0;1;1;1;
202000033644;154 683 293;A01;3;7;0;2;3;9;1;
202000033644;154 683 297;B01;2;33;0;2;1;1;1;
202000033645;154 683 294;A01;3;7;0;2;2;1;1;
202000033645;154 683 296;B01;3;7;0;2;1;1;1;
202000033646;154 683 292;A01;2;7;0;1;1;15;1;
202000033647;154 683 289;B01;1;7;0;2;3;1;1;
202000033647;154 683 290;A01;2;35;0;2;1;5;1;
202000033648;154 683 291;B01;2;7;0;9;5;26;1;
202000033649;154 683 288;A01;1;7;0;1;1;1;1;
202000033650;154 683 286;A01;1;7;0;1;1;1;1;
202000033651;154 683 285;A01;1;7;0;2;1;26;1;
202000033651;154 683 287;B01;2;33;0;2;2;0;0;
202000033652;154 683 283;B01;2;50;0;2;1;1;3;
202000033652;154 683 284;A01;1;7;0;2;1;1;1;
202000033653;154 683 281;B01;1;7;0;2;4;2;1;
202000033653;154 683 282;A01;1;10;0;2;1;2;1;
202000033654;154 683 276;A01;2;50;12;0;0;1;3;
202000033655;154 683 275;B01;3;7;0;2;6;1;1;
202000033655;154 683 278;A01;3;2;0;2;1;2;1;
202000033656;154 683 277;B01;1;7;0;2;4;2;1;
202000033656;154 683 279;C01;1;7;0;2;4;2;1;
202000033656;154 683 280;A01;1;7;0;2;1;2;1;
202000033657;154 683 271;A01;2;33;0;2;1;2;1;
202000033657;154 683 273;B01;2;7;0;2;4;2;1;
202000033658;154 683 270;A01;2;3;0;2;3;15;1;
202000033658;154 683 274;B01;2;80;0;2;8;1;3;
202000033659;154 683 267;A01;0;7;0;2;1;1;1;
202000033659;154 683 268;B01;0;7;0;2;4;23;1;
202000033659;154 683 269;C01;0;7;0;2;8;1;1;
202000033659;154 683 272;D01;0;7;0;2;2;1;1;
202000033660;154 683 265;A01;1;7;0;1;5;1;1;
202000033661;154 683 266;A01;2;7;4;0;3;13;1;
202000033662;154 683 263;B01;1;31;0;2;1;1;1;
202000033662;154 683 264;A01;1;7;0;2;1;15;1;
202000033663;154 683 262;Z01;1;7;0;1;1;1;1;
202000033664;154 683 260;A01;1;7;0;2;1;2;0;
202000033664;154 683 261;B01;1;7;0;2;4;1;0;
202000033665;154 683 257;A01;3;7;0;1;3;1;1;
202000033666;154 683 256;A01;1;7;0;2;2;10;1;
202000033666;154 683 258;B01;2;32;0;2;1;1;1;
202000033667;154 683 254;A01;1;7;0;2;1;2;1;
202000033667;154 683 259;B01;1;7;0;0;4;2;1;
202000033668;154 683 253;A01;1;7;0;2;8;1;1;
202000033668;154 683 255;B01;1;31;0;2;7;0;1;
202000033669;154 683 252;A01;0;3;0;2;1;0;0;
202000033670;154 683 250;A01;2;3;0;1;3;0;1;
202000033671;154 683 249;A01;0;7;0;1;1;1;1;
202000033672;154 683 248;A01;0;7;0;1;1;1;1;
202000033673;154 683 251;A01;1;7;0;1;2;1;1;
202000033674;154 683 243;B01;0;7;0;2;3;1;1;
202000033674;154 683 246;C01;0;7;0;2;1;1;1;
202000033674;154 683 247;A01;0;7;0;2;1;13;1;
202000033675;154 683 242;B01;1;7;0;2;1;1;1;
202000033675;154 683 245;A01;2;7;0;2;7;1;1;
202000033676;154 683 241;B01;1;1;0;2;1;18;0;
202000033676;154 683 244;A01;1;37;0;2;5;7;1;1
202000033677;154 683 239;A01;3;34;5;0;1;15;1;
202000033678;154 683 238;B01;2;7;0;2;4;13;0;
202000033678;154 683 240;A01;2;7;0;2;1;1;0;
202000033679;154 683 237;A01;1;1;15;0;1;1;5;
202000033680;154 683 236;A01;3;31;0;1;0;1;1;
202000033681;154 683 235;A01;3;7;0;1;2;26;1;
202000033682;154 683 232;A01;0;7;2;0;8;0;1;
202000033683;154 683 233;A01;1;7;0;1;0;10;1;
202000033684;154 683 231;A01;2;7;0;2;1;15;1;
202000033684;154 683 234;B01;2;33;0;2;1;17;1;
202000033685;154 683 230;A01;1;10;0;1;2;15;1;
202000033686;154 683 227;B01;2;1;0;2;0;1;5;
202000033686;154 683 229;A01;2;7;0;2;2;1;1;
202000033687;154 683 225;A01;0;7;0;2;1;15;1;
202000033687;154 683 228;B01;0;7;0;2;3;1;1;
202000033688;154 683 224;B01;2;7;0;2;8;15;1;
202000033688;154 683 226;A01;1;7;0;2;8;1;1;
202000033689;154 683 220;A01;1;7;0;2;7;14;1;
202000033689;154 683 223;B01;1;32;0;2;8;1;1;
202000033690;154 683 218;A01;2;7;0;2;1;15;1;
202000033690;154 683 221;B01;1;30;0;2;7;1;1;
202000033691;154 683 219;A01;0;30;0;2;1;26;1;
202000033691;154 683 222;B01;0;7;0;2;2;1;1;
202000033692;154 683 214;Z01;1;7;0;2;0;1;0;
202000033692;154 683 216;B01;1;7;0;2;7;1;1;
202000033692;154 683 217;A01;1;32;0;2;6;11;1;
202000033693;154 683 215;A01;1;10;0;0;1;26;1;
202000033694;154 683 211;A01;1;50;0;2;7;1;3;
202000033694;154 683 212;Z01;1;30;0;2;0;1;0;
202000033695;154 683 209;A01;0;20;0;2;2;9;1;
202000033695;154 683 210;B01;1;34;0;2;2;26;1;
202000033696;154 683 207;A01;3;7;0;2;1;19;1;
202000033696;154 683 208;B01;3;7;0;2;7;1;1;
202000033697;154 683 205;A01;3;7;4;0;1;1;1;
202000033698;154 683 203;A01;1;7;0;2;1;15;1;
202000033698;154 683 204;B01;2;7;0;2;8;1;1;
202000033699;154 683 202;A01;1;1;0;2;1;1;5;
202000033699;154 683 206;B01;2;1;0;2;1;13;5;
202000033700;154 683 201;A01;1;7;0;1;1;1;3;
202000033701;154 683 200;A01;1;7;0;1;1;9;1;
202000033702;154 683 199;A01;1;10;0;1;1;15;1;
202000033703;154 683 197;A01;1;1;0;2;2;13;5;
202000033703;154 683 198;B01;1;1;0;2;8;13;5;
202000033704;154 683 194;A01;1;7;0;1;0;1;1;
202000033705;154 683 195;B01;3;30;0;2;4;1;3;
202000033705;154 683 196;A01;1;7;0;2;3;13;1;
202000033706;154 683 192;B01;1;7;0;2;4;1;1;
202000033706;154 683 193;A01;1;10;0;2;1;1;1;
202000033707;154 683 189;A01;2;7;0;2;3;19;1;
202000033707;154 683 190;B01;2;7;0;2;7;1;1;
202000033708;154 683 186;A01;1;7;0;2;3;20;1;
202000033708;154 683 187;B01;1;1;0;2;0;0;0;
202000033709;154 683 188;A01;2;7;0;2;1;1;1;
202000033709;154 683 191;B01;2;7;0;2;8;15;1;
202000033710;154 683 180;A01;1;7;0;2;2;15;1;
202000033710;154 683 183;B01;1;1;0;2;1;2;5;
202000033711;154 683 179;A01;1;7;0;1;1;1;1;
202000033712;154 683 177;A01;2;7;0;2;4;4;1;
202000033712;154 683 178;B01;1;7;0;0;2;1;1;
202000033713;154 683 176;A01;1;7;8;0;1;1;1;