num_acc;id_vehicule;num_veh;senc;catv;obs;obsm;choc;manv;motor;occutc
202000033714;154 683 174;A01;2;7;0;2;7;19;1;
202000033714;154 683 175;B01;1;7;0;2;1;1;0;
202000033715;154 683 173;A01;2;7;2;0;1;9;1;
202000033716;154 683 171;A01;1;2;0;2;1;26;1;
202000033716;154 683 172;B01;3;7;0;2;0;26;1;
202000033717;154 683 169;B01;1;7;0;2;1;1;1;
202000033717;154 683 170;Z01;1;7;0;2;1;1;0;
202000033718;154 683 168;A01;1;7;3;0;2;1;1;
202000033719;154 683 166;B01;1;7;0;2;4;23;1;
202000033719;154 683 167;A01;1;7;0;2;1;2;1;
202000033720;154 683 165;A01;0;31;1;0;1;1;1;
202000033721;154 683 164;A01;1;2;0;0;0;1;1;
202000033722;154 683 162;B01;1;1;0;2;1;1;5;
202000033722;154 683 163;A01;1;7;0;2;1;1;1;
202000033723;154 683 161;A01;1;32;0;0;0;2;1;
202000033724;154 683 159;B01;1;7;0;0;4;2;1;
202000033724;154 683 160;A01;1;10;0;2;1;2;1;
202000033725;154 683 157;A01;0;10;0;4;7;19;1;
202000033725;154 683 158;B01;0;40;0;2;1;1;3;
202000033726;154 683 155;A01;1;7;0;1;8;26;1;
202000033727;154 683 182;A01;2;7;0;2;1;10;1;
202000033727;154 683 184;B01;2;30;0;2;5;1;1;
202000033728;154 683 181;B01;3;99;0;0;1;0;0;
202000033728;154 683 185;A01;0;99;0;0;4;26;0;
202000033729;154 683 154;A01;1;7;0;1;2;1;2;
202000033730;154 683 153;A01;2;7;0;1;2;21;1;
202000033731;154 683 150;B01;-1;32;0;2;4;11;1;
202000033731;154 683 152;A01;-1;7;0;2;2;1;1;
202000033732;154 683 148;B01;2;30;0;2;2;1;1;
202000033732;154 683 149;A01;1;7;0;2;2;10;1;
202000033733;154 683 146;A01;2;10;0;2;7;16;1;
202000033733;154 683 147;B01;2;1;0;2;1;1;5;
202000033734;154 683 144;B01;1;7;0;9;2;1;0;
202000033734;154 683 145;A01;3;32;0;2;0;0;0;
202000033735;154 683 141;C01;0;7;0;0;4;1;0;
202000033735;154 683 142;A01;0;7;0;2;1;1;0;
202000033735;154 683 143;B01;0;7;0;2;1;1;0;
202000033736;154 683 139;A01;2;7;0;1;1;15;1;
202000033737;154 683 138;B01;1;7;0;2;4;2;0;
202000033737;154 683 140;A01;1;7;0;2;1;26;0;
202000033738;154 683 136;A01;3;7;0;2;4;1;2;
202000033738;154 683 137;Z01;3;7;0;2;1;1;1;
202000033739;154 683 135;A01;3;7;1;0;2;14;0;
202000033740;154 683 133;A01;3;2;13;0;1;1;1;
202000033741;154 683 134;A01;1;1;0;1;1;1;5;
202000033742;154 683 130;A01;2;33;11;2;1;1;1;
202000033742;154 683 131;B01;2;31;0;2;4;1;1;
202000033743;154 683 129;B01;1;33;0;2;1;1;1;
202000033743;154 683 132;A01;2;2;0;2;7;15;1;
202000033744;154 683 127;A01;2;7;0;2;2;15;1;
202000033744;154 683 128;B01;2;1;0;2;1;1;5;
202000033745;154 683 125;B01;0;33;13;0;2;1;0;
202000033745;154 683 126;A01;0;21;0;0;0;1;0;
202000033746;154 683 124;A01;2;1;0;0;8;1;5;
202000033747;154 683 123;A01;2;7;4;0;1;1;1;
202000033748;154 683 121;B01;2;7;0;2;1;0;0;
202000033748;154 683 122;A01;1;7;0;2;7;13;0;
202000033749;154 683 120;A01;2;1;0;1;1;1;5;
202000033750;154 683 117;A01;2;7;0;2;7;15;1;
202000033750;154 683 118;B01;2;7;0;2;3;1;3;
202000033751;154 683 115;B01;0;33;0;0;1;1;1;
202000033751;154 683 116;A01;0;33;0;0;1;1;0;
202000033752;154 683 113;A01;1;7;13;0;0;1;1;
202000033753;154 683 112;B01;1;7;0;2;5;23;1;
202000033753;154 683 114;A01;1;32;0;2;1;1;1;
202000033754;154 683 110;B01;2;7;0;2;3;1;3;
202000033754;154 683 111;A01;1;32;0;2;7;15;1;
202000033755;154 683 108;A01;2;7;0;2;2;16;1;
202000033755;154 683 109;B01;2;1;0;2;0;1;5;
202000033756;154 683 106;A01;1;33;0;2;1;1;1;
202000033756;154 683 107;B01;3;7;0;2;3;16;1;
202000033757;154 683 104;B01;0;1;1;0;0;0;0;
202000033757;154 683 105;A01;3;3;0;2;0;0;1;
202000033758;154 683 103;A01;3;7;8;0;1;9;1;
202000033759;154 683 102;A01;1;7;8;0;1;14;1;
202000033760;154 683 099;A01;1;33;0;0;0;17;1;
202000033760;154 683 100;T01;1;37;0;0;0;0;1;1
202000033760;154 683 101;B01;2;7;0;0;0;15;1;
202000033761;154 683 097;A01;3;50;14;0;1;1;3;
202000033761;154 683 098;B01;3;10;0;2;3;1;1;
202000033762;154 683 095;A01;1;7;0;2;3;9;1;
202000033762;154 683 096;B01;1;7;0;2;1;1;1;
202000033763;154 683 094;A01;1;7;0;1;2;9;1;
202000033764;154 683 091;A01;2;7;0;2;1;1;1;
202000033764;154 683 092;B01;2;7;0;2;1;1;1;
202000033764;154 683 093;C01;2;7;0;0;4;1;1;
202000033765;154 683 090;A01;1;7;0;1;3;16;1;
202000033766;154 683 088;A01;1;7;0;9;2;1;1;
202000033766;154 683 089;B01;1;1;0;2;3;1;5;
202000033767;154 683 086;B01;1;7;0;2;5;24;0;
202000033767;154 683 087;A01;1;7;1;2;2;21;2;
202000033768;154 683 084;A01;0;34;0;2;3;21;0;
202000033768;154 683 085;B01;0;7;0;2;3;20;0;
202000033769;154 683 083;A01;1;7;1;1;1;16;0;
202000033770;154 683 082;A01;1;7;0;1;1;15;1;
202000033771;154 683 080;B01;2;33;0;2;1;2;1;
202000033771;154 683 081;A01;2;7;1;0;3;20;1;
202000033772;154 683 078;B01;1;7;0;2;0;0;0;
202000033772;154 683 079;A01;1;80;0;2;4;2;3;
202000033773;154 683 077;A01;1;7;0;1;2;15;1;
202000033774;154 683 075;A01;1;50;0;2;8;15;3;
202000033774;154 683 076;B01;2;7;0;2;2;1;1;
202000033775;154 683 073;B01;1;34;0;2;2;1;1;
202000033775;154 683 074;A01;1;10;0;2;3;15;1;
202000033776;154 683 072;A01;1;10;0;1;1;1;1;
202000033777;154 683 071;A01;1;7;0;1;3;1;1;
202000033778;154 683 070;A01;1;7;0;1;1;15;1;
202000033779;154 683 068;B01;2;7;0;2;1;15;1;
202000033779;154 683 069;A01;2;7;6;2;2;1;1;
202000033780;154 683 067;A01;2;7;15;0;3;13;1;
202000033781;154 683 065;A01;2;38;0;9;1;9;1;1
202000033781;154 683 066;B01;2;1;0;0;7;1;5;
202000033782;154 683 063;B01;1;7;0;2;1;1;1;
202000033782;154 683 064;A01;1;7;3;2;4;1;1;
202000033783;154 683 062;A01;1;36;13;0;3;1;1;
202000033784;154 683 060;A01;2;7;0;2;1;13;1;
202000033784;154 683 061;B01;1;7;0;2;3;1;1;
202000033785;154 683 059;A01;2;7;3;0;1;1;1;
202000033786;154 683 058;A01;2;7;13;0;9;14;1;
202000033787;154 683 057;A01;2;7;13;0;1;13;1;
202000033788;154 683 056;A01;2;7;2;0;1;1;0;
202000033789;154 683 054;A01;2;7;0;2;3;13;1;
202000033789;154 683 055;B01;1;20;0;0;3;1;1;
202000033790;154 683 053;A01;2;7;0;1;3;1;2;
202000033791;154 683 052;A01;1;7;2;0;3;13;1;
202000033792;154 683 050;A01;0;7;0;2;1;1;1;
202000033792;154 683 051;B01;0;7;0;2;4;15;1;
202000033793;154 683 049;A01;3;30;13;0;0;1;1;
202000033794;154 683 048;A01;1;7;2;0;1;1;0;
202000033795;154 683 046;B01;1;7;0;2;3;1;1;
202000033795;154 683 047;A01;2;7;0;2;2;1;1;
202000033796;154 683 045;A01;2;1;0;0;0;1;5;
202000033797;154 683 044;A01;2;7;2;0;3;0;1;
202000033798;154 683 043;A01;2;7;13;0;1;1;1;
202000033799;154 683 042;A01;1;7;2;0;1;1;1;
202000033800;154 683 041;A01;1;10;0;6;1;1;1;
202000033801;154 683 039;A01;2;7;0;2;1;2;1;
202000033801;154 683 040;B01;2;17;0;0;4;2;1;
202000033802;154 683 034;A01;2;7;0;2;0;23;1;
202000033802;154 683 035;B01;2;10;0;1;3;1;1;
202000033802;154 683 036;C01;2;7;1;0;1;2;1;
202000033803;154 683 033;A01;2;7;3;0;1;0;1;
202000033804;154 683 030;A01;2;7;0;2;1;2;1;
202000033804;154 683 031;B01;2;7;3;2;4;2;4;
202000033804;154 683 032;C01;2;17;0;0;4;1;6;
202000033805;154 683 028;A01;1;7;0;2;1;17;1;
202000033805;154 683 029;B01;1;7;0;2;1;1;1;
202000033806;154 683 027;A01;1;7;0;1;1;1;1;
202000033807;154 683 026;A01;1;7;6;0;1;1;1;
202000033808;154 683 024;A01;1;7;0;2;7;1;1;
202000033808;154 683 025;B01;2;7;0;2;1;1;1;
202000033809;154 683 022;A01;1;7;0;0;0;1;1;
202000033809;154 683 023;B01;1;33;0;0;0;21;1;
202000033810;154 683 020;A01;3;7;0;1;1;0;1;
202000033810;154 683 021;B01;3;7;0;2;1;0;1;
202000033811;154 683 019;A01;2;7;0;1;8;1;1;
202000033812;154 683 015;A01;0;7;0;0;3;15;0;
202000033812;154 683 016;B01;0;7;0;2;2;1;0;
202000033813;154 683 012;B01;1;7;0;2;1;2;1;
202000033813;154 683 013;A01;1;7;0;0;4;2;1;
202000033814;154 683 010;B01;1;32;0;2;4;1;1;
202000033814;154 683 011;Z01;1;7;0;2;1;1;1;
202000033815;154 683 007;A01;1;7;0;2;1;11;1;
202000033815;154 683 008;B01;1;7;0;2;6;2;1;
202000033815;154 683 009;C01;1;7;4;2;2;1;1;
202000033816;154 683 004;B01;1;7;0;2;6;2;1;
202000033816;154 683 005;A01;1;7;0;2;1;2;1;
202000033816;154 683 006;C01;1;7;0;2;4;1;1;
202000033817;154 683 002;B01;1;7;0;2;4;2;1;
202000033817;154 683 003;A01;1;7;0;2;1;2;1;
202000033818;154 683 001;A01;2;33;0;0;3;3;1;
202000033819;154 682 999;A01;2;7;0;2;2;2;1;
202000033819;154 683 000;B01;2;7;0;2;2;2;2;
202000033820;154 682 997;A01;1;7;0;2;2;15;1;
202000033820;154 682 998;B01;1;14;0;2;1;1;1;
202000033821;154 682 996;A01;2;7;4;0;2;26;1;
202000033822;154 682 994;B01;2;33;1;2;8;1;1;
202000033822;154 682 995;A01;2;7;0;2;7;26;1;
202000033823;154 682 991;B01;2;7;0;2;9;0;1;
202000033823;154 682 992;C01;2;7;0;2;4;0;1;
202000033823;154 682 993;A01;2;7;0;2;1;26;1;
202000033824;154 682 989;A01;1;7;0;2;1;2;1;
202000033824;154 682 990;B01;1;7;0;2;4;2;1;
202000033825;154 682 988;A01;2;33;0;2;3;3;1;
202000033826;154 682 987;A01;1;17;0;0;2;9;1;
202000033827;154 682 984;C01;1;7;0;2;6;2;1;
202000033827;154 682 985;B01;1;7;0;2;5;2;1;
202000033827;154 682 986;A01;1;7;0;2;3;2;1;
202000033828;154 682 982;A01;2;15;0;2;1;1;1;
202000033828;154 682 983;B01;2;7;0;2;4;11;1;
202000033829;154 682 980;B01;2;7;0;2;3;1;1;
202000033829;154 682 981;A01;1;15;0;2;3;1;1;
202000033830;154 682 979;A01;3;7;11;0;1;16;1;
202000033831;154 682 978;A01;3;32;0;0;2;0;0;
202000033832;154 682 977;A01;1;33;8;0;0;1;1;
202000033833;154 682 976;A01;1;30;0;1;8;17;1;
202000033834;154 682 974;B01;1;7;0;0;4;23;1;
202000033834;154 682 975;A01;1;7;0;2;1;9;1;
202000033835;154 682 972;A01;1;10;0;2;3;15;1;
202000033835;154 682 973;B01;2;7;0;2;8;1;1;
202000033836;154 682 971;A01;3;7;0;1;1;13;0;
202000033837;154 682 970;A01;1;30;1;0;8;13;1;
202000033838;154 682 969;A01;1;7;0;1;2;1;1;
202000033839;154 682 967;A01;1;14;0;1;8;1;1;
202000033840;154 682 966;A01;1;7;13;0;1;14;1;
202000033841;154 682 964;B01;0;7;0;2;6;1;1;
202000033841;154 682 965;A01;0;7;0;2;2;14;3;
202000033842;154 682 962;B01;0;15;0;2;7;15;6;
202000033842;154 682 963;A01;0;15;0;2;1;9;1;
202000033843;154 682 960;A01;0;7;0;2;7;15;1;
202000033843;154 682 961;B01;0;7;0;2;1;1;1;
202000033844;154 682 958;A01;0;7;0;2;1;1;1;
202000033844;154 682 959;B01;0;7;0;2;4;23;1;
202000033845;154 682 956;A01;3;7;0;1;3;9;1;
202000033846;154 682 955;A01;3;7;9;0;1;1;1;
202000033847;154 682 954;A01;3;7;0;1;1;1;1;
202000033848;154 682 953;A01;1;7;1;1;3;13;1;
202000033849;154 682 950;Z01;1;7;0;2;1;1;0;
202000033849;154 682 951;A01;1;7;0;2;4;1;0;
202000033849;154 682 952;B01;1;7;0;2;1;0;0;
202000033850;154 682 949;A01;1;7;1;1;8;4;1;
202000033851;154 682 947;B01;3;7;0;2;3;1;1;
202000033851;154 682 948;A01;3;30;0;2;8;15;1;
202000033852;154 682 945;Z01;0;0;0;0;0;0;0;
202000033852;154 682 946;B01;1;50;0;2;7;0;3;
202000033853;154 682 944;A01;3;7;0;1;0;0;6;
202000033854;154 682 942;A01;2;7;0;2;1;9;1;
202000033854;154 682 943;B01;1;1;0;2;7;1;5;
202000033855;154 682 940;A01;1;7;0;2;1;2;1;
202000033855;154 682 941;B01;1;7;0;1;4;2;1;
202000033856;154 682 938;B01;2;1;0;2;8;19;5;
202000033856;154 682 939;A01;2;7;0;2;1;15;1;
202000033857;154 682 937;A01;1;7;0;1;1;1;1;
202000033858;154 682 935;A01;2;10;0;2;1;17;1;
202000033858;154 682 936;B01;1;10;0;2;2;23;1;
202000033859;154 682 933;B01;0;30;0;2;1;1;1;
202000033859;154 682 934;A01;1;7;0;2;3;1;1;
202000033860;154 682 932;A01;1;7;4;0;3;1;0;
202000033861;154 682 930;B01;3;7;0;2;1;1;1;
202000033861;154 682 931;A01;3;7;0;2;2;16;1;
202000033862;154 682 928;A01;3;7;0;2;1;9;1;
202000033862;154 682 929;B01;3;1;0;2;7;15;5;
202000033863;154 682 926;A01;2;7;1;0;1;1;1;
202000033863;154 682 927;B01;2;13;0;2;6;0;1;
202000033864;154 682 924;B01;1;32;6;0;6;15;1;
202000033864;154 682 925;A01;1;30;0;2;1;15;1;
202000033865;154 682 920;D01;1;7;0;2;6;2;1;
202000033865;154 682 921;C01;1;7;0;2;4;2;1;
202000033865;154 682 922;B01;1;7;0;2;4;2;1;
202000033865;154 682 923;A01;1;38;0;2;1;1;1;1
202000033866;154 682 918;A01;1;34;0;2;1;1;1;
202000033866;154 682 919;B01;2;7;0;2;5;16;1;
202000033867;154 682 916;A01;1;7;0;2;2;19;1;
202000033867;154 682 917;B01;1;33;0;2;1;1;1;
202000033868;154 682 915;A01;3;33;0;1;3;2;1;
202000033869;154 682 914;A01;2;7;0;1;1;15;1;
202000033870;154 682 912;Z01;1;0;0;2;3;13;1;
202000033870;154 682 913;B01;1;10;0;2;3;1;1;
202000033871;154 682 910;B01;1;7;0;2;1;1;1;
202000033871;154 682 911;A01;2;7;0;2;8;15;1;
202000033872;154 682 908;A01;0;7;0;2;2;15;1;
202000033872;154 682 909;B01;0;7;0;2;1;1;1;
202000033873;154 682 905;A01;3;7;0;9;2;15;1;
202000033873;154 682 906;B01;3;1;0;2;2;1;0;
202000033874;154 682 903;B01;2;7;14;0;1;2;1;
202000033874;154 682 904;A01;2;10;13;0;9;14;1;
202000033875;154 682 902;A01;1;1;0;1;1;1;5;
202000033876;154 682 900;A01;1;1;0;2;1;13;5;
202000033876;154 682 901;B01;2;7;0;2;1;1;1;
202000033877;154 682 898;B01;1;32;0;2;7;1;1;
202000033877;154 682 899;A01;1;7;0;2;8;11;1;
202000033878;154 682 897;A01;2;32;0;1;2;17;1;
202000033879;154 682 895;B01;1;7;0;2;3;9;1;
202000033879;154 682 896;A01;2;32;0;2;1;17;1;
202000033880;154 682 894;Z01;1;30;0;1;1;1;0;
202000033881;154 682 893;A01;2;50;0;1;1;1;3;
202000033882;154 682 891;A01;1;33;0;2;8;1;1;
202000033882;154 682 892;B01;1;1;0;2;7;15;5;
202000033883;154 682 889;B01;2;7;0;2;2;1;1;
202000033883;154 682 890;A01;1;3;0;2;1;1;1;
202000033884;154 682 887;B01;1;1;0;2;1;1;5;
202000033884;154 682 888;A01;2;7;0;2;2;1;1;
202000033885;154 682 885;A01;1;50;0;2;1;1;3;
202000033885;154 682 886;B01;1;7;0;2;3;1;1;
202000033886;154 682 883;A01;2;1;0;2;0;1;5;
202000033886;154 682 884;B01;2;7;0;2;8;22;1;
202000033887;154 682 881;A01;1;30;0;2;2;1;3;
202000033887;154 682 882;B01;1;7;0;2;3;15;1;
202000033888;154 682 879;B01;2;1;0;2;1;15;5;
202000033888;154 682 880;A01;1;31;0;2;1;17;1;
202000033889;154 682 877;A01;1;7;0;2;2;15;1;
202000033889;154 682 878;B01;2;30;0;2;1;8;1;
202000033890;154 682 875;B01;1;7;0;2;1;15;3;
202000033890;154 682 876;A01;2;30;0;2;2;1;1;
202000033891;154 682 873;B01;1;7;0;2;2;1;1;
202000033891;154 682 874;A01;1;80;0;2;8;13;3;
202000033892;154 682 871;A01;1;7;0;2;3;9;1;
202000033892;154 682 872;B01;1;32;0;2;1;1;1;
202000033893;154 682 869;B01;2;7;0;2;3;1;2;
202000033893;154 682 870;A01;2;1;0;2;7;14;5;
202000033894;154 682 868;A01;1;31;0;1;1;1;1;
202000033895;154 682 867;A01;2;1;0;1;1;7;5;
202000033896;154 682 865;Z01;1;7;0;2;3;1;0;
202000033896;154 682 866;A01;2;1;0;2;3;1;5;
202000033897;154 682 864;A01;2;30;0;0;8;1;3;
202000033898;154 682 862;A01;3;7;0;2;3;15;1;
202000033898;154 682 863;B01;3;32;0;2;7;1;1;
202000033899;154 682 860;A01;1;33;0;2;8;1;1;
202000033899;154 682 861;Z01;1;7;0;2;7;12;0;
202000033900;154 682 859;A01;1;32;0;1;1;1;1;
202000033901;154 682 857;A01;3;30;0;2;1;26;1;
202000033901;154 682 858;B01;1;37;0;2;6;23;1;1
202000033902;154 682 855;B01;2;60;0;0;0;25;5;
202000033902;154 682 856;A01;3;30;0;2;0;25;1;
202000033903;154 682 853;B01;2;32;0;2;3;1;0;
202000033903;154 682 854;A01;1;7;0;2;3;15;0;
202000033904;154 682 851;B01;2;34;0;2;4;23;1;
202000033904;154 682 852;A01;2;37;0;2;1;26;1;1
202000033905;154 682 849;B01;2;7;0;2;1;1;1;
202000033905;154 682 850;A01;1;7;0;2;3;13;1;
202000033906;154 682 846;C01;1;7;1;0;0;0;1;
202000033906;154 682 847;B01;1;7;1;0;0;0;0;
202000033906;154 682 848;A01;1;7;0;2;7;17;1;
202000033907;154 682 844;A01;2;32;0;2;1;1;1;
202000033907;154 682 845;B01;1;7;0;2;8;15;1;
202000033908;154 682 842;A01;2;7;0;2;1;1;1;
202000033908;154 682 843;B01;1;7;0;2;0;0;1;
202000033909;154 682 841;A01;1;38;8;1;3;26;1;1
202000033910;154 682 839;B01;1;7;0;2;3;2;1;
202000033910;154 682 840;Z01;1;7;1;2;3;0;0;
202000033911;154 682 837;B01;1;7;1;2;6;24;1;
202000033911;154 682 838;A01;1;7;0;2;2;14;1;
202000033912;154 682 835;A01;2;7;0;2;8;0;1;
202000033912;154 682 836;B01;2;32;0;2;1;3;1;
202000033913;154 682 833;B01;1;7;0;2;1;1;1;
202000033913;154 682 834;A01;1;7;0;2;6;15;1;
202000033914;154 682 832;A01;1;7;16;0;0;1;1;
202000033915;154 682 830;A01;2;17;0;0;4;1;1;
202000033915;154 682 831;B01;2;7;0;2;1;0;1;
202000033916;154 682 829;A01;2;7;3;0;3;26;1;
202000033917;154 682 828;A01;3;2;0;0;7;1;1;
202000033918;154 682 826;A01;3;7;0;9;2;2;1;
202000033918;154 682 827;B01;3;1;0;2;4;2;5;
202000033919;154 682 824;A01;3;7;0;1;2;1;0;
202000033920;154 682 821;A01;1;7;0;2;2;2;1;
202000033920;154 682 822;B01;1;2;0;2;4;2;1;
202000033921;154 682 820;A01;1;7;13;0;1;19;0;
202000033922;154 682 819;A01;2;7;13;0;9;13;1;
202000033923;154 682 817;A01;2;33;0;2;1;1;1;
202000033923;154 682 818;B01;3;7;0;2;3;19;1;
202000033924;154 682 816;A01;3;10;0;1;3;1;1;
202000033925;154 682 814;A01;3;7;0;2;7;19;1;
202000033925;154 682 815;B01;1;7;0;0;1;1;1;
202000033926;154 682 812;B01;1;14;0;2;3;1;1;
202000033926;154 682 813;A01;2;7;0;2;3;1;1;
202000033927;154 682 811;A01;1;7;1;0;2;1;1;
202000033928;154 682 809;A01;2;7;0;2;3;0;1;
202000033928;154 682 810;B01;1;7;0;2;3;13;1;
202000033929;154 682 808;A01;1;7;6;0;1;15;1;
202000033930;154 682 807;A01;2;33;4;0;1;1;1;
202000033931;154 682 806;A01;3;7;0;1;3;15;0;
202000033932;154 682 805;A01;1;7;0;0;1;1;1;
202000033933;154 682 803;B01;2;7;0;0;3;0;1;
202000033933;154 682 804;A01;2;2;0;0;4;2;1;
202000033934;154 682 800;A01;0;2;13;0;1;1;1;
202000033935;154 682 798;B01;2;7;0;2;1;1;1;
202000033935;154 682 799;A01;1;7;0;2;1;13;1;
202000033936;154 682 796;B01;-1;7;0;2;2;1;1;
202000033936;154 682 797;A01;-1;7;0;0;3;15;1;
202000033937;154 682 792;B01;2;10;0;2;1;1;1;
202000033937;154 682 793;A01;2;7;0;2;1;13;1;
202000033938;154 682 790;B01;1;7;0;2;5;15;1;
202000033938;154 682 791;A01;2;7;0;2;1;1;1;
202000033939;154 682 789;A01;2;7;6;0;2;1;1;
202000033940;154 682 787;A01;1;7;0;2;3;1;1;
202000033940;154 682 788;B01;2;7;0;2;3;1;1;
202000033941;154 682 785;A01;0;7;0;2;8;15;6;
202000033941;154 682 786;B01;1;33;0;2;1;1;6;
202000033942;154 682 783;B01;1;2;0;2;4;1;1;
202000033942;154 682 784;A01;1;7;0;2;1;2;1;
202000033943;154 682 782;A01;1;10;6;0;1;1;1;
202000033944;154 682 780;A01;0;7;0;2;3;19;1;
202000033944;154 682 781;B01;0;7;0;2;2;1;1;
202000033945;154 682 779;A01;1;7;13;0;0;0;1;
202000033946;154 682 778;A01;2;7;13;0;3;1;1;
202000033947;154 682 775;B01;2;17;0;2;3;1;1;
202000033947;154 682 776;C01;1;7;0;2;0;1;1;
202000033947;154 682 777;A01;2;7;0;2;6;15;1;
202000033948;154 682 772;A01;1;7;0;2;1;1;1;
202000033948;154 682 773;B01;1;7;0;2;2;1;1;
202000033948;154 682 774;C01;1;7;0;0;4;1;1;
202000033949;154 682 770;A01;1;7;0;2;1;2;1;
202000033949;154 682 771;B01;1;13;0;2;4;1;1;
202000033950;154 682 766;B01;1;7;3;2;1;2;0;
202000033950;154 682 767;A01;1;7;0;0;4;2;0;
202000033950;154 682 768;C01;1;7;0;2;1;2;0;
202000033950;154 682 769;D01;1;33;0;2;1;2;0;
202000033951;154 682 765;A01;1;7;0;1;1;1;0;
202000033952;154 682 763;B01;2;7;0;2;2;1;1;
202000033952;154 682 764;A01;1;7;0;2;2;13;1;
202000033953;154 682 761;A01;1;7;0;0;2;1;0;
202000033953;154 682 762;B01;1;1;0;2;4;0;5;
202000033954;154 682 760;A01;2;7;6;0;1;0;1;
202000033955;154 682 758;B01;1;7;0;2;3;1;1;
202000033955;154 682 759;A01;2;7;0;2;3;1;1;
202000033956;154 682 756;A01;1;7;0;2;2;19;1;
202000033956;154 682 757;B01;2;2;0;2;1;8;1;
202000033957;154 682 755;A01;3;7;0;1;1;1;1;
202000033958;154 682 754;A01;2;2;0;0;0;0;1;
202000033959;154 682 752;A01;1;7;0;2;3;10;1;
202000033959;154 682 753;B01;1;34;0;2;2;17;1;
202000033960;154 682 750;B01;2;7;0;2;1;1;1;
202000033960;154 682 751;A01;3;7;7;0;6;19;1;
202000033961;154 682 749;A01;1;20;3;0;3;1;1;
202000033962;154 682 748;A01;1;33;0;0;9;26;1;
202000033963;154 682 746;A01;2;7;0;2;4;1;1;
202000033963;154 682 747;B01;2;7;0;0;0;0;1;
202000033964;154 682 744;B01;2;7;0;2;5;1;1;
202000033964;154 682 745;A01;2;33;0;2;1;2;1;
202000033965;154 682 743;A01;1;7;4;0;2;2;1;
202000033966;154 682 742;A01;1;7;2;0;1;2;1;
202000033967;154 682 740;A01;1;7;0;2;1;2;1;
202000033967;154 682 741;B01;1;7;0;2;4;2;1;
202000033968;154 682 737;B01;1;7;0;2;4;2;1;
202000033968;154 682 738;A01;1;15;0;2;6;1;1;
202000033968;154 682 739;C01;1;15;0;2;1;2;1;
202000033969;154 682 736;A01;2;10;3;0;3;1;1;
202000033970;154 682 735;A01;2;32;0;2;7;3;1;
202000033971;154 682 733;A01;1;7;0;0;4;2;1;
202000033971;154 682 734;B01;1;7;0;2;1;2;1;
202000033972;154 682 730;C01;2;10;0;2;4;1;1;
202000033972;154 682 731;B01;2;7;0;2;9;1;1;
202000033972;154 682 732;A01;2;7;0;2;1;1;1;
202000033973;154 682 728;A01;2;7;0;2;4;1;1;
202000033973;154 682 729;B01;2;33;0;2;1;3;1;
202000033974;154 682 727;A01;2;7;4;0;1;1;1;
202000033975;154 682 726;A01;1;7;3;0;2;13;1;
202000033976;154 682 725;A01;2;7;15;0;9;1;1;
202000033977;154 682 723;A01;3;7;0;2;1;2;1;
202000033977;154 682 724;B01;3;7;0;2;4;2;1;
202000033978;154 682 721;A01;2;33;16;2;1;5;1;
202000033978;154 682 722;B01;1;99;16;2;1;1;1;
202000033979;154 682 720;A01;1;7;0;1;1;1;1;
202000033980;154 682 719;A01;3;7;4;0;9;1;1;
202000033981;154 682 718;A01;1;30;0;1;0;26;0;
202000033982;154 682 717;A01;1;7;0;1;2;13;0;
202000033983;154 682 716;A01;2;33;0;0;0;26;0;
202000033984;154 682 715;A01;2;30;0;0;7;1;1;
202000033985;154 682 713;A01;1;7;1;0;1;14;1;
202000033985;154 682 714;B01;1;10;0;2;6;0;1;
202000033986;154 682 711;B01;2;31;0;2;7;0;1;
202000033986;154 682 712;A01;1;7;0;2;1;10;1;
202000033987;154 682 710;A01;1;7;0;1;2;26;1;
202000033988;154 682 708;B01;1;7;0;2;4;26;1;
202000033988;154 682 709;A01;1;7;0;2;1;26;1;
202000033989;154 682 707;A01;1;7;0;1;1;1;1;
202000033990;154 682 705;A01;2;7;0;2;7;15;1;
202000033990;154 682 706;B01;1;33;0;2;1;1;1;
202000033991;154 682 704;A01;2;7;0;1;1;1;1;
202000033992;154 682 696;A01;1;7;6;0;7;13;1;
202000033993;154 682 693;B01;0;7;0;2;4;15;1;
202000033993;154 682 694;A01;0;50;0;2;1;1;3;
202000033994;154 682 689;B01;3;7;0;2;7;1;1;
202000033994;154 682 690;A01;3;7;0;2;1;6;1;
202000033995;154 682 687;B01;2;7;0;2;0;0;1;
202000033995;154 682 688;A01;1;7;0;2;1;26;1;
202000033996;154 682 686;A01;2;2;0;1;1;1;1;
202000033997;154 682 684;B01;1;1;0;2;1;1;5;
202000033997;154 682 685;A01;2;7;0;2;7;15;1;
202000033998;154 682 683;A01;1;10;0;1;2;1;0;
202000033999;154 682 682;A01;2;14;0;1;1;2;0;
202000034000;154 682 681;A01;1;10;0;1;1;1;1;
202000034001;154 682 679;A01;0;7;0;2;0;0;0;
202000034001;154 682 680;B01;1;1;0;2;1;19;5;
202000034002;154 682 677;A01;1;10;1;0;3;15;1;
202000034002;154 682 678;B01;3;99;0;1;1;0;6;
202000034003;154 682 675;B01;3;7;0;2;3;15;1;
202000034003;154 682 676;A01;3;30;0;2;1;1;1;
202000034004;154 682 673;A01;1;3;0;2;3;15;1;
202000034004;154 682 674;B01;3;1;0;2;4;1;5;