num_acc;id_vehicule;num_veh;senc;catv;obs;obsm;choc;manv;motor;occutc
202000034005;154 682 671;A01;2;7;0;2;2;26;1;
202000034005;154 682 672;B01;2;7;0;2;1;1;1;
202000034006;154 682 670;A01;1;7;0;1;3;15;1;
202000034007;154 682 668;A01;1;7;0;2;3;10;1;
202000034007;154 682 669;B01;1;7;0;2;2;1;1;
202000034008;154 682 666;B01;1;7;0;2;3;1;1;
202000034008;154 682 667;A01;1;33;0;2;2;2;1;
202000034009;154 682 665;A01;1;7;2;0;1;16;1;
202000034010;154 682 663;A01;1;10;0;2;1;1;1;
202000034010;154 682 664;B01;1;10;0;2;5;1;1;
202000034011;154 682 662;A01;2;7;0;1;3;11;1;
202000034012;154 682 660;B01;3;7;9;2;3;2;1;
202000034012;154 682 661;A01;3;7;0;2;3;15;1;
202000034013;154 682 659;A01;0;7;0;1;1;1;1;
202000034014;154 682 657;A01;3;3;0;2;1;0;1;
202000034014;154 682 658;B01;3;7;0;2;1;1;1;
202000034015;154 682 653;B01;3;1;0;2;1;1;5;
202000034015;154 682 654;A01;3;7;0;2;3;15;1;
202000034016;154 682 651;A01;1;7;0;2;1;15;1;
202000034016;154 682 652;B01;2;30;0;2;1;1;1;
202000034017;154 682 649;B01;1;1;0;2;1;1;5;
202000034017;154 682 650;A01;2;7;0;2;1;15;1;
202000034018;154 682 648;A01;2;33;0;1;1;1;1;
202000034019;154 682 647;A01;2;7;4;0;1;14;1;
202000034020;154 682 643;A01;2;7;0;2;1;2;1;
202000034020;154 682 644;B01;2;10;0;1;2;23;1;
202000034021;154 682 641;B01;1;7;0;2;1;0;1;
202000034021;154 682 642;A01;1;7;0;2;3;0;1;
202000034022;154 682 639;A01;3;30;0;2;1;1;3;
202000034022;154 682 640;B01;3;7;0;9;4;23;1;
202000034023;154 682 637;A01;1;10;0;2;3;13;1;
202000034023;154 682 638;B01;2;1;0;2;1;1;5;
202000034024;154 682 636;A01;1;7;0;1;1;9;5;
202000034025;154 682 634;A01;3;7;0;2;1;1;6;
202000034025;154 682 635;B01;3;7;0;2;7;1;6;
202000034026;154 682 632;B01;3;1;0;2;1;1;5;
202000034026;154 682 633;A01;3;7;0;2;2;1;1;
202000034027;154 682 631;A01;0;7;0;1;3;19;1;
202000034028;154 682 629;B01;2;7;0;2;6;2;1;
202000034028;154 682 630;A01;2;7;0;2;1;2;1;
202000034029;154 682 627;A01;0;7;0;2;1;2;1;
202000034029;154 682 628;B01;0;1;0;2;3;15;5;
202000034030;154 682 625;A01;0;80;0;2;8;16;2;
202000034030;154 682 626;B01;0;14;0;2;7;16;1;
202000034031;154 682 623;A01;2;7;0;2;3;13;1;
202000034031;154 682 624;B01;1;33;0;2;1;2;1;
202000034032;154 682 621;A01;1;7;0;2;3;15;0;
202000034032;154 682 622;B01;2;33;0;2;1;2;0;
202000034033;154 682 620;A01;1;7;0;1;1;1;1;
202000034034;154 682 618;A01;0;2;0;2;2;0;1;
202000034034;154 682 619;[01;0;7;0;2;0;0;-1;
202000034035;154 682 616;A01;0;7;0;2;1;15;1;
202000034035;154 682 617;B01;0;38;0;2;1;1;1;2
202000034036;154 682 614;A01;1;7;0;2;1;9;1;
202000034036;154 682 615;B01;2;1;0;2;8;1;5;
202000034037;154 682 612;A01;1;7;0;2;2;1;1;
202000034037;154 682 613;B01;1;99;0;2;4;1;1;
202000034038;154 682 610;A01;2;7;0;2;5;1;1;
202000034038;154 682 611;B01;2;15;0;2;3;11;1;
202000034039;154 682 608;A01;2;7;0;2;2;16;1;
202000034039;154 682 609;B01;2;34;0;2;2;1;1;
202000034040;154 682 606;B01;2;7;0;0;4;24;1;
202000034040;154 682 607;A01;1;7;0;1;2;19;1;
202000034041;154 682 605;A01;1;7;7;0;3;16;1;
202000034042;154 682 603;B01;3;7;0;2;8;15;1;
202000034042;154 682 604;A01;3;7;0;2;1;1;1;
202000034043;154 682 600;A01;2;7;0;1;2;19;1;
202000034044;154 682 598;A01;2;7;0;2;3;16;1;
202000034044;154 682 599;B01;2;7;0;2;1;1;1;
202000034045;154 682 596;B01;3;1;0;2;1;0;5;
202000034045;154 682 597;A01;3;7;0;2;1;26;0;
202000034046;154 682 595;A01;3;1;0;1;1;1;5;
202000034047;154 682 592;A01;1;7;0;2;1;2;1;
202000034047;154 682 593;B01;1;7;0;2;4;2;1;
202000034047;154 682 594;C01;1;7;0;2;4;2;1;
202000034048;154 682 588;B01;2;7;0;2;3;1;1;
202000034048;154 682 589;A01;1;34;0;2;3;17;1;
202000034049;154 682 586;B01;1;10;0;2;6;2;1;
202000034049;154 682 587;A01;1;7;0;2;1;1;1;
202000034050;154 682 585;A01;2;7;0;1;1;1;1;
202000034051;154 682 584;A01;3;10;0;1;0;0;1;
202000034052;154 682 580;B01;1;7;0;2;2;1;1;
202000034052;154 682 581;A01;1;7;0;2;3;2;1;
202000034052;154 682 582;C01;1;7;0;2;3;1;1;
202000034052;154 682 583;D01;1;7;0;2;2;1;1;
202000034053;154 682 578;B01;3;7;0;2;4;2;1;
202000034053;154 682 579;A01;3;7;0;2;1;2;1;
202000034054;154 682 577;A01;1;7;0;0;1;1;1;
202000034055;154 682 573;C01;1;14;0;2;8;1;1;
202000034055;154 682 574;D01;1;7;0;2;6;1;1;
202000034055;154 682 575;A01;2;33;0;2;8;17;1;
202000034055;154 682 576;B01;2;33;0;2;1;17;1;
202000034056;154 682 571;A01;2;7;0;2;1;19;0;
202000034056;154 682 572;B01;3;7;0;2;5;19;0;
202000034057;154 682 569;T01;3;7;0;0;0;0;1;
202000034057;154 682 570;A01;3;30;0;0;0;19;1;
202000034058;154 682 568;A01;1;30;0;0;7;2;1;
202000034059;154 682 567;A01;1;30;0;0;7;1;1;
202000034060;154 682 565;B01;1;7;0;2;8;1;1;
202000034060;154 682 566;A01;1;2;0;2;1;9;1;
202000034061;154 682 563;A01;3;7;0;2;1;1;6;
202000034061;154 682 564;B01;3;7;0;2;8;1;0;
202000034062;154 682 561;B01;1;10;0;2;5;2;1;
202000034062;154 682 562;A01;1;32;0;2;8;2;1;
202000034063;154 682 559;A01;3;7;1;2;8;19;1;
202000034063;154 682 560;B01;2;7;0;2;1;1;1;
202000034064;154 682 558;A01;2;7;3;0;8;1;1;
202000034065;154 682 557;A01;1;7;1;2;1;2;1;
202000034066;154 682 555;B01;1;7;0;0;6;2;1;
202000034066;154 682 556;A01;1;7;0;2;5;2;1;
202000034067;154 682 554;A01;1;7;3;0;1;1;1;
202000034068;154 682 551;A01;3;32;0;0;0;16;1;
202000034069;154 682 550;A01;2;31;12;0;1;1;1;
202000034070;154 682 548;B01;2;7;0;2;1;2;1;
202000034070;154 682 549;A01;2;7;0;0;4;2;1;
202000034071;154 682 546;A01;2;7;0;2;1;1;1;
202000034071;154 682 547;B01;2;1;0;2;8;15;5;
202000034072;154 682 544;B01;0;7;0;0;2;24;1;
202000034072;154 682 545;A01;0;7;1;0;2;13;1;
202000034073;154 682 542;B01;3;33;0;0;8;1;1;
202000034073;154 682 543;A01;3;7;0;2;3;15;1;
202000034074;154 682 541;A01;3;7;0;1;1;20;1;
202000034075;154 682 538;B01;2;7;0;2;3;1;1;
202000034075;154 682 539;C01;2;7;0;2;8;1;1;
202000034075;154 682 540;A01;1;10;0;2;3;13;1;
202000034076;154 682 537;A01;1;7;6;0;3;1;1;
202000034077;154 682 535;B01;2;33;0;2;1;1;1;
202000034077;154 682 536;A01;1;7;0;2;7;15;1;
202000034078;154 682 534;A01;2;33;0;0;8;1;1;
202000034079;154 682 532;B01;1;7;4;0;8;1;1;
202000034079;154 682 533;A01;1;7;13;2;3;2;1;
202000034080;154 682 531;A01;1;7;0;0;9;1;1;
202000034081;154 682 530;A01;1;7;1;0;2;14;0;
202000034082;154 682 528;B01;1;13;0;2;1;1;1;
202000034082;154 682 529;A01;3;7;0;2;8;1;1;
202000034083;154 682 527;A01;1;33;13;6;0;1;1;
202000034084;154 682 525;A01;3;7;0;2;1;1;1;
202000034084;154 682 526;B01;3;1;0;2;8;1;5;
202000034085;154 682 524;A01;1;34;13;0;1;1;1;
202000034086;154 682 523;A01;2;7;2;0;1;14;1;
202000034087;154 682 520;A01;1;7;0;2;1;12;1;
202000034087;154 682 521;B01;1;7;0;2;4;1;1;
202000034087;154 682 522;C01;1;7;0;0;4;1;1;
202000034088;154 682 518;B01;2;1;0;2;7;1;5;
202000034088;154 682 519;A01;2;7;0;2;3;9;1;
202000034089;154 682 517;A01;2;7;0;0;9;1;1;
202000034090;154 682 516;A01;1;7;3;0;2;0;1;
202000034091;154 682 515;A01;1;7;4;0;3;0;1;
202000034092;154 682 513;B01;1;7;0;2;1;2;1;
202000034092;154 682 514;A01;1;7;0;2;4;1;1;
202000034093;154 682 512;A01;1;7;0;2;7;2;1;
202000034094;154 682 510;B01;1;7;0;2;4;2;6;
202000034094;154 682 511;A01;1;7;0;2;1;2;1;
202000034095;154 682 508;A01;2;13;0;2;2;1;1;
202000034095;154 682 509;B01;2;10;0;2;6;1;1;
202000034096;154 682 506;A01;2;33;0;2;3;1;1;
202000034096;154 682 507;Z01;2;10;0;2;0;0;1;
202000034097;154 682 504;B01;3;30;0;2;1;1;1;
202000034097;154 682 505;A01;3;7;0;2;3;15;0;
202000034098;154 682 502;A01;3;31;0;2;1;17;1;
202000034098;154 682 503;B01;3;7;0;2;3;15;1;
202000034099;154 682 500;B01;3;7;0;2;5;2;1;
202000034099;154 682 501;A01;3;7;0;2;1;2;1;
202000034100;154 682 499;A01;1;7;0;1;1;15;1;
202000034101;154 682 497;A01;3;7;0;2;2;17;1;
202000034101;154 682 498;B01;3;1;0;2;4;0;5;
202000034102;154 682 495;B01;1;2;0;2;5;1;1;
202000034102;154 682 496;A01;1;7;0;2;3;9;1;
202000034103;154 682 494;A01;0;7;0;1;0;0;0;
202000034104;154 682 492;B01;1;7;0;2;2;0;1;
202000034104;154 682 493;A01;1;80;0;2;1;2;3;
202000034105;154 682 491;A01;1;1;0;0;0;1;5;
202000034106;154 682 489;A01;1;60;0;2;1;1;5;
202000034106;154 682 490;B01;1;10;0;2;7;1;1;
202000034107;154 682 487;A01;2;7;0;2;1;1;1;
202000034107;154 682 488;B01;2;7;0;9;4;1;1;
202000034108;154 682 485;A01;0;7;0;2;8;20;1;
202000034108;154 682 486;B01;3;33;0;2;1;1;1;
202000034109;154 682 483;B01;1;33;0;2;0;1;0;
202000034109;154 682 484;A01;2;7;0;2;7;15;1;
202000034110;154 682 482;A01;2;10;8;0;1;13;1;
202000034111;154 682 480;B01;3;1;0;2;1;0;5;
202000034111;154 682 481;A01;3;1;0;2;1;0;5;
202000034112;154 682 478;B01;3;32;0;2;7;1;1;
202000034112;154 682 479;A01;3;33;0;2;1;19;1;
202000034113;154 682 476;B01;3;7;15;2;3;1;1;
202000034113;154 682 477;A01;3;7;0;2;3;5;0;
202000034114;154 682 474;B01;3;7;0;0;0;0;1;
202000034114;154 682 475;A01;2;7;0;0;1;9;1;
202000034115;154 682 472;B01;1;7;0;2;1;1;1;
202000034115;154 682 473;A01;1;33;0;2;7;9;1;
202000034116;154 682 470;B01;3;7;0;2;2;1;0;
202000034116;154 682 471;A01;3;7;0;2;3;9;0;
202000034117;154 682 468;B01;1;7;0;2;2;1;1;
202000034117;154 682 469;A01;1;7;0;2;6;10;1;
202000034118;154 682 466;A01;2;7;0;2;1;1;1;
202000034118;154 682 467;B01;1;33;0;2;1;1;1;
202000034119;154 682 464;Z01;2;7;0;2;1;15;0;
202000034119;154 682 465;A01;1;1;0;2;7;1;6;
202000034120;154 682 462;A01;0;7;0;2;4;4;1;
202000034120;154 682 463;B01;0;7;0;2;3;15;1;
202000034121;154 682 460;B01;2;7;0;2;2;19;1;
202000034121;154 682 461;A01;1;33;0;2;1;1;1;
202000034122;154 682 458;A01;2;33;0;2;2;17;1;
202000034122;154 682 459;B01;2;7;0;2;8;15;1;
202000034123;154 682 456;A01;1;7;0;2;1;1;1;
202000034123;154 682 457;B01;1;7;0;2;8;1;1;
202000034124;154 682 454;A01;-1;7;0;2;5;17;1;
202000034124;154 682 455;B01;-1;7;0;2;3;17;1;
202000034125;154 682 452;B01;0;1;0;2;8;1;5;
202000034125;154 682 453;A01;0;7;0;2;1;9;1;
202000034126;154 682 450;B01;1;7;0;2;2;1;1;
202000034126;154 682 451;A01;1;33;0;2;3;16;1;
202000034127;154 682 448;B01;3;7;0;2;1;1;1;
202000034127;154 682 449;A01;3;7;0;2;7;15;1;
202000034128;154 682 446;A01;3;7;0;2;3;1;1;
202000034128;154 682 447;B01;3;7;0;2;3;1;1;
202000034129;154 682 444;B01;1;1;1;0;1;1;0;
202000034129;154 682 445;A01;1;7;0;0;8;22;1;
202000034130;154 682 443;A01;2;7;0;1;1;1;1;
202000034131;154 682 441;A01;1;30;0;2;1;1;1;
202000034131;154 682 442;B01;1;7;0;2;4;2;0;
202000034132;154 682 439;B01;2;60;0;2;3;19;5;
202000034132;154 682 440;A01;1;7;0;9;3;15;1;
202000034133;154 682 437;B01;1;1;0;2;8;19;0;
202000034133;154 682 438;A01;1;7;0;2;2;1;0;
202000034134;154 682 435;A01;3;32;0;2;1;0;1;
202000034134;154 682 436;B01;3;1;0;2;8;0;5;
202000034135;154 682 433;A01;2;30;0;2;8;17;1;
202000034135;154 682 434;B01;2;10;0;2;0;0;1;
202000034136;154 682 431;A01;1;7;0;9;5;16;1;
202000034136;154 682 432;Y01;0;1;0;0;0;0;5;
202000034137;154 682 429;B01;0;32;0;2;1;1;0;
202000034137;154 682 430;A01;0;7;0;2;1;26;1;
202000034138;154 682 427;B01;1;7;0;2;5;2;1;
202000034138;154 682 428;A01;1;7;0;2;1;2;1;
202000034139;154 682 425;B01;1;1;0;2;1;1;5;
202000034139;154 682 426;A01;1;7;0;9;8;9;1;
202000034140;154 682 423;A01;3;2;14;2;2;2;1;
202000034140;154 682 424;B01;3;7;0;2;6;2;0;
202000034141;154 682 422;A01;0;7;0;1;1;1;1;
202000034142;154 682 421;A01;0;30;0;1;1;1;1;
202000034143;154 682 420;A01;1;31;0;0;0;1;1;
202000034144;154 682 418;A01;0;7;0;2;5;15;1;
202000034144;154 682 419;B01;1;33;0;2;1;1;1;
202000034145;154 682 417;A01;1;37;0;0;0;26;1;6
202000034146;154 682 415;A01;1;10;0;2;1;1;1;
202000034146;154 682 416;B01;1;10;0;2;4;1;1;
202000034147;154 682 413;B01;2;7;0;2;3;9;0;
202000034147;154 682 414;A01;2;30;0;2;1;9;1;
202000034148;154 682 411;B01;0;33;0;2;8;2;1;
202000034148;154 682 412;A01;0;7;0;2;2;15;1;
202000034149;154 682 410;A01;2;1;0;0;1;26;5;
202000034150;154 682 408;A01;1;7;0;2;3;13;1;
202000034150;154 682 409;B01;2;7;0;2;3;1;1;
202000034151;154 682 406;A01;3;1;0;2;1;15;5;
202000034151;154 682 407;B01;3;7;0;9;2;1;1;
202000034152;154 682 404;B01;2;2;0;2;1;5;1;
202000034152;154 682 405;A01;1;7;0;2;2;1;1;
202000034153;154 682 403;A01;1;7;0;1;2;26;1;
202000034154;154 682 401;B01;2;99;0;0;4;1;1;
202000034154;154 682 402;A01;2;7;1;2;1;2;1;
202000034155;154 682 400;A01;1;7;2;0;2;19;1;
202000034156;154 682 398;B01;1;7;0;2;4;23;1;
202000034156;154 682 399;A01;1;7;0;2;1;2;1;
202000034157;154 682 397;A01;1;30;12;0;7;26;1;
202000034158;154 682 396;A01;0;7;13;0;2;1;1;
202000034159;154 682 394;B01;0;7;0;2;0;1;1;
202000034159;154 682 395;A01;0;10;0;2;0;1;1;
202000034160;154 682 392;B01;2;7;0;2;1;1;1;
202000034160;154 682 393;A01;1;7;0;2;1;13;1;
202000034161;154 682 391;A01;0;7;0;1;1;1;1;
202000034162;154 682 389;A01;2;2;0;2;1;1;1;
202000034162;154 682 390;B01;2;7;0;2;4;15;1;
202000034163;154 682 387;A01;1;7;0;2;4;2;1;
202000034163;154 682 388;B01;1;7;0;2;1;2;1;
202000034164;154 682 385;A01;1;7;0;2;5;15;1;
202000034164;154 682 386;B01;2;33;0;2;1;2;1;
202000034165;154 682 383;B01;1;2;0;9;1;0;1;
202000034165;154 682 384;A01;1;7;0;2;1;26;1;
202000034166;154 682 382;A01;1;3;0;1;3;15;1;
202000034167;154 682 380;B01;1;33;0;0;3;1;1;
202000034167;154 682 381;Z01;0;7;0;0;0;0;0;
202000034168;154 682 377;C01;1;10;0;2;5;15;1;
202000034168;154 682 378;B01;1;32;0;2;1;14;1;
202000034168;154 682 379;A01;1;32;0;2;1;14;1;
202000034169;154 682 376;A01;3;7;0;1;1;11;1;
202000034170;154 682 375;Z01;3;34;0;1;0;26;1;
202000034171;154 682 373;B01;1;7;14;2;6;15;1;
202000034171;154 682 374;A01;1;31;14;2;7;17;1;
202000034172;154 682 371;B01;1;7;0;2;5;15;1;
202000034172;154 682 372;A01;1;10;0;2;1;2;1;
202000034173;154 682 370;A01;3;30;0;1;8;26;1;
202000034174;154 682 369;A01;2;7;2;0;1;1;1;
202000034175;154 682 368;A01;2;33;0;0;0;15;1;
202000034176;154 682 366;B01;1;7;0;2;3;13;1;
202000034176;154 682 367;A01;1;7;0;2;2;17;1;
202000034177;154 682 364;B01;1;7;0;2;2;16;1;
202000034177;154 682 365;A01;1;30;8;2;3;18;1;
202000034178;154 682 362;A01;3;10;0;2;1;13;1;
202000034178;154 682 363;B01;3;7;0;2;3;1;2;
202000034179;154 682 360;B01;3;34;0;2;4;9;1;
202000034179;154 682 361;A01;3;7;0;2;1;1;1;
202000034180;154 682 359;A01;1;32;0;1;1;1;1;
202000034181;154 682 357;A01;1;80;0;2;0;0;3;
202000034181;154 682 358;B01;1;7;0;2;2;0;0;
202000034182;154 682 355;B01;1;7;0;2;4;2;1;
202000034182;154 682 356;A01;1;33;0;2;1;1;1;
202000034183;154 682 353;X01;2;7;0;0;0;0;0;
202000034183;154 682 354;A01;1;30;0;2;3;9;1;
202000034184;154 682 352;A01;3;7;6;1;1;26;1;
202000034185;154 682 350;B01;1;99;0;2;3;1;1;
202000034185;154 682 351;A01;1;33;0;2;3;17;1;
202000034186;154 682 348;B01;1;10;0;2;4;1;1;
202000034186;154 682 349;A01;1;32;0;2;1;1;1;
202000034187;154 682 347;A01;2;32;4;0;2;21;1;
202000034188;154 682 346;A01;0;1;14;0;1;13;5;
202000034189;154 682 344;A01;1;1;0;2;3;1;5;
202000034189;154 682 345;Z01;2;7;0;0;0;16;3;
202000034190;154 682 343;Z01;2;2;0;1;0;1;0;
202000034191;154 682 342;Z01;1;7;1;1;3;1;1;
202000034192;154 682 341;A01;2;80;0;1;1;25;3;
202000034193;154 682 339;A01;3;7;0;2;3;15;1;
202000034193;154 682 340;B01;3;31;0;2;2;17;1;
202000034194;154 682 337;B01;3;7;0;2;1;1;1;
202000034194;154 682 338;A01;3;7;0;2;1;1;1;
202000034195;154 682 335;A01;2;1;0;2;4;14;5;
202000034195;154 682 336;B01;2;1;0;2;1;1;5;
202000034196;154 682 332;A01;2;7;0;2;2;2;1;
202000034196;154 682 333;C01;2;30;0;2;4;2;1;
202000034196;154 682 334;B01;2;32;0;2;4;2;1;
202000034197;154 682 330;A01;1;7;0;2;6;11;1;
202000034197;154 682 331;B01;1;32;0;2;2;1;1;
202000034198;154 682 329;A01;1;7;8;0;1;14;1;
202000034199;154 682 328;A01;1;1;0;1;1;5;5;
202000034200;154 682 326;A01;2;7;0;2;7;17;3;
202000034200;154 682 327;B01;2;1;1;2;8;1;5;
202000034201;154 682 325;A01;1;7;0;1;2;1;1;
202000034202;154 682 324;A01;2;30;0;1;1;12;3;
202000034203;154 682 322;A01;2;1;0;2;1;1;5;
202000034203;154 682 323;Z01;1;7;0;2;1;1;0;
202000034204;154 682 320;B01;3;50;0;2;1;5;3;
202000034204;154 682 321;A01;3;7;0;2;8;1;1;
202000034205;154 682 318;B01;1;7;0;2;1;0;1;
202000034205;154 682 319;A01;2;7;0;2;0;26;1;
202000034206;154 682 317;A01;2;30;0;1;1;1;3;
202000034207;154 682 315;A01;1;7;0;2;1;15;1;
202000034207;154 682 316;B01;2;7;0;2;1;1;1;
202000034208;154 682 313;A01;3;14;0;2;2;1;1;
202000034208;154 682 314;B01;1;7;0;2;1;1;1;
202000034209;154 682 311;B01;2;1;0;2;8;21;0;
202000034209;154 682 312;A01;2;7;0;9;5;1;3;
202000034210;154 682 309;A01;2;7;0;2;1;2;1;
202000034210;154 682 310;B01;2;31;0;2;4;2;1;
202000034211;154 682 307;B01;0;10;0;2;1;16;0;
202000034211;154 682 308;A01;3;10;0;2;3;26;1;
202000034212;154 682 305;A01;2;7;0;2;1;9;1;
202000034212;154 682 306;B01;1;37;0;2;3;1;1;3
202000034213;154 682 303;B01;1;33;0;2;1;17;0;
202000034213;154 682 304;A01;2;10;0;2;6;11;0;
202000034214;154 682 301;A01;0;7;0;2;7;19;0;
202000034214;154 682 302;B01;0;7;0;2;1;1;0;
202000034215;154 682 299;B01;1;7;0;0;4;1;1;
202000034215;154 682 300;A01;1;7;0;2;1;1;1;
202000034216;154 682 296;C01;-1;7;0;2;1;24;1;
202000034216;154 682 297;B01;2;31;1;2;2;17;1;
202000034216;154 682 298;A01;2;7;0;2;3;15;1;
202000034217;154 682 294;B01;1;7;0;2;8;1;1;
202000034217;154 682 295;A01;2;1;0;2;3;1;5;
202000034218;154 682 293;A01;1;7;0;1;3;16;0;
202000034219;154 682 291;B01;2;33;0;2;1;1;0;
202000034219;154 682 292;A01;1;7;0;2;3;9;0;
202000034220;154 682 289;A01;0;7;0;2;3;15;1;
202000034220;154 682 290;B01;0;33;0;2;1;1;1;
202000034221;154 682 287;A01;2;7;0;2;3;15;1;
202000034221;154 682 288;B01;2;31;0;2;1;17;1;
202000034222;154 682 286;A01;1;30;0;1;0;26;0;
202000034223;154 682 284;A01;2;7;0;2;4;1;0;
202000034223;154 682 285;B01;2;7;0;2;1;1;0;
202000034224;154 682 283;A01;1;1;14;0;1;1;5;
202000034225;154 682 280;A01;1;7;0;2;7;1;1;
202000034225;154 682 281;Y01;1;1;0;2;8;21;5;
202000034225;154 682 282;B01;1;7;0;0;0;0;1;
202000034226;154 682 278;B01;1;7;0;9;4;16;1;
202000034226;154 682 279;A01;1;1;0;2;1;1;5;
202000034227;154 682 276;A01;1;7;0;2;8;23;1;
202000034227;154 682 277;B01;1;1;0;2;1;1;5;
202000034228;154 682 275;A01;2;7;0;1;7;2;1;
202000034229;154 682 273;A01;1;10;0;2;8;15;1;
202000034229;154 682 274;B01;1;34;0;2;0;1;1;
202000034230;154 682 272;A01;3;10;0;1;4;26;1;
202000034231;154 682 270;B01;0;7;0;2;1;9;1;
202000034231;154 682 271;A01;0;1;0;2;1;15;5;
202000034232;154 682 268;B01;2;7;0;2;1;1;1;
202000034232;154 682 269;A01;1;7;0;2;7;13;1;
202000034233;154 682 266;B01;1;15;0;2;6;2;1;
202000034233;154 682 267;A01;1;7;0;2;2;12;1;
202000034234;154 682 264;B01;1;7;0;2;7;19;1;
202000034234;154 682 265;A01;1;7;0;2;1;1;1;
202000034235;154 682 261;A01;2;7;4;0;2;1;1;
202000034236;154 682 259;B01;1;7;0;0;6;2;1;
202000034236;154 682 260;A01;1;33;0;2;1;2;1;
202000034237;154 682 256;C01;0;7;0;2;8;1;0;
202000034237;154 682 257;B01;1;7;6;2;1;1;0;
202000034237;154 682 258;A01;0;7;0;2;1;15;0;
202000034238;154 682 255;A01;0;1;0;0;0;0;5;
202000034239;154 682 253;A01;2;7;0;2;5;1;0;
202000034239;154 682 254;B01;1;7;0;2;1;1;0;
202000034240;154 682 252;A01;2;2;0;1;2;1;1;
202000034241;154 682 250;A01;2;7;0;2;1;2;1;
202000034241;154 682 251;B01;2;7;0;0;4;2;1;
202000034242;154 682 249;A01;2;7;0;0;0;0;1;
202000034243;154 682 247;A01;2;7;0;2;3;2;1;
202000034243;154 682 248;B01;2;7;0;0;5;1;1;
202000034244;154 682 244;C01;2;7;0;2;3;1;1;
202000034244;154 682 245;B01;1;7;0;2;4;1;1;
202000034244;154 682 246;A01;1;33;0;2;1;2;1;
202000034245;154 682 243;A01;1;33;0;0;1;14;1;
202000034246;154 682 242;A01;2;33;0;0;0;2;1;
202000034247;154 682 240;A01;1;30;0;2;3;1;0;
202000034247;154 682 241;B01;2;7;0;2;1;15;0;
202000034248;154 682 238;A01;1;7;0;2;2;1;0;
202000034248;154 682 239;B01;1;1;0;0;4;2;5;
202000034249;154 682 237;A01;2;2;12;0;3;1;0;
202000034250;154 682 234;A01;2;7;0;2;3;15;1;
202000034250;154 682 235;B01;1;7;0;2;1;1;1;
202000034251;154 682 233;A01;2;33;12;0;7;1;1;
202000034252;154 682 231;B01;1;7;0;0;6;15;1;
202000034252;154 682 232;A01;1;7;0;2;2;2;1;
202000034253;154 682 229;A01;2;7;0;2;1;13;1;
202000034253;154 682 230;B01;1;7;0;2;1;1;1;
202000034254;154 682 227;A01;1;7;0;2;8;1;1;
202000034254;154 682 228;B01;2;31;0;2;1;1;1;
202000034255;154 682 225;A01;2;10;0;2;7;2;1;
202000034255;154 682 226;B01;2;1;0;2;8;1;5;
202000034256;154 682 224;A01;0;7;0;0;8;1;1;
202000034257;154 682 222;A01;1;7;0;2;2;1;1;
202000034257;154 682 223;B01;2;7;0;2;1;1;1;
202000034258;154 682 221;A01;2;7;13;0;1;1;1;
202000034259;154 682 219;A01;2;7;0;2;1;0;1;
202000034259;154 682 220;B01;1;7;0;2;1;0;1;
202000034260;154 682 218;A01;2;7;13;0;1;0;6;
202000034261;154 682 217;A01;1;7;2;0;8;13;1;
202000034262;154 682 216;A01;1;7;0;0;0;13;1;
202000034263;154 682 215;A01;1;33;0;0;0;1;1;
202000034264;154 682 213;B01;1;17;1;0;2;13;1;
202000034264;154 682 214;A01;1;7;0;0;4;23;1;
202000034265;154 682 211;A01;2;10;3;2;6;11;1;
202000034265;154 682 212;B01;2;7;0;2;2;1;1;
202000034266;154 682 210;A01;2;7;14;0;1;19;1;
202000034267;154 682 208;A01;1;10;0;2;1;2;1;
202000034267;154 682 209;B01;1;7;0;2;4;2;1;
202000034268;154 682 206;A01;1;10;0;2;1;1;1;
202000034268;154 682 207;B01;1;13;0;2;6;11;0;
202000034269;154 682 205;A01;1;7;3;0;1;1;1;
202000034270;154 682 204;A01;1;7;15;0;1;14;1;
202000034271;154 682 202;B01;3;7;0;2;3;15;1;
202000034271;154 682 203;A01;3;2;8;2;2;17;1;
202000034272;154 682 200;Z01;0;7;0;2;2;19;0;
202000034272;154 682 201;A01;0;37;0;2;3;1;0;2
202000034273;154 682 198;A01;1;7;0;2;2;15;1;
202000034273;154 682 199;B01;1;33;0;2;1;1;1;
202000034274;154 682 196;B01;2;7;0;2;2;2;1;
202000034274;154 682 197;A01;0;30;0;2;6;2;1;
202000034275;154 682 195;A01;1;7;0;1;4;26;1;
202000034276;154 682 191;A01;1;2;0;2;1;9;1;
202000034276;154 682 192;B01;1;7;0;2;2;1;1;
202000034277;154 682 190;A01;1;10;0;1;4;4;0;
202000034278;154 682 188;B01;2;7;0;2;1;1;1;
202000034278;154 682 189;A01;2;7;0;2;7;19;1;
202000034279;154 682 186;B01;3;7;9;2;7;19;1;
202000034279;154 682 187;A01;1;7;0;2;1;19;2;
202000034280;154 682 184;A01;1;7;0;2;1;2;1;
202000034280;154 682 185;B01;1;7;0;2;4;2;1;
202000034281;154 682 183;A01;2;7;0;1;1;1;1;
202000034282;154 682 182;A01;2;7;0;1;1;1;1;
202000034283;154 682 180;B01;0;7;0;2;7;1;1;
202000034283;154 682 181;A01;0;7;0;2;1;9;1;
202000034284;154 682 178;A01;1;7;0;2;7;17;1;
202000034284;154 682 179;B01;1;1;0;2;4;2;-1;