num_acc;id_vehicule;num_veh;senc;catv;obs;obsm;choc;manv;motor;occutc
202000034565;154 681 680;A01;1;33;3;0;7;14;1;
202000034566;154 681 677;A01;3;33;15;0;1;0;1;
202000034567;154 681 676;A01;1;80;13;0;0;1;3;
202000034568;154 681 675;A01;3;31;12;0;8;21;6;
202000034569;154 681 674;A01;1;7;2;0;1;14;1;
202000034570;154 681 672;A01;3;7;0;2;1;19;1;
202000034570;154 681 673;B01;2;33;0;2;8;1;1;
202000034571;154 681 670;A01;2;21;0;0;1;23;1;
202000034571;154 681 671;B01;1;7;1;0;2;1;1;
202000034572;154 681 669;A01;1;33;11;0;1;17;1;
202000034573;154 681 667;A01;1;7;0;2;3;1;0;
202000034573;154 681 668;B01;2;33;0;2;1;13;0;
202000034574;154 681 664;A01;3;10;8;0;1;1;0;
202000034575;154 681 663;A01;0;7;2;0;1;1;1;
202000034576;154 681 665;A01;2;7;2;0;9;13;1;
202000034577;154 681 658;B01;1;7;0;2;5;15;1;
202000034577;154 681 659;A01;1;7;0;2;1;1;1;
202000034578;154 681 657;A01;3;3;0;1;0;4;1;
202000034579;154 681 654;A01;1;7;2;0;8;17;1;
202000034580;154 681 655;B01;3;7;0;2;3;13;1;
202000034580;154 681 656;A01;3;7;0;2;3;13;1;
202000034581;154 681 653;A01;1;33;13;0;1;1;1;
202000034582;154 681 650;A01;1;7;0;1;3;1;1;
202000034583;154 681 651;B01;2;1;0;2;8;1;5;
202000034583;154 681 652;A01;2;7;0;2;7;17;1;
202000034584;154 681 647;A01;2;7;13;0;3;17;1;
202000034585;154 681 648;A01;2;7;0;2;1;1;1;
202000034585;154 681 649;B01;1;7;0;2;8;1;1;
202000034586;154 681 646;A01;1;7;2;0;7;0;1;
202000034587;154 681 642;A01;1;17;3;0;8;1;1;
202000034588;154 681 643;B01;1;15;0;0;3;1;1;
202000034588;154 681 644;C01;2;7;0;2;3;1;1;
202000034588;154 681 645;A01;2;7;0;0;1;13;1;
202000034589;154 681 640;A01;2;7;0;0;9;1;0;
202000034590;154 681 639;A01;1;7;2;0;3;13;1;
202000034591;154 681 641;A01;2;7;0;0;9;1;1;
202000034592;154 681 638;A01;1;2;0;0;8;1;1;
202000034593;154 681 637;A01;2;7;15;0;9;2;1;
202000034594;154 681 635;A01;0;7;0;2;1;26;1;
202000034594;154 681 636;B01;0;33;0;0;6;1;1;
202000034595;154 681 634;A01;3;7;0;1;3;1;1;
202000034596;154 681 632;B01;1;7;0;0;0;17;0;
202000034596;154 681 633;A01;2;1;12;0;0;1;5;
202000034597;154 681 631;A01;2;31;3;0;7;2;1;
202000034598;154 681 629;A01;3;2;0;2;0;18;1;
202000034598;154 681 630;B01;3;7;0;2;7;14;1;
202000034599;154 681 624;B01;1;2;0;2;7;21;1;
202000034599;154 681 625;A01;1;7;0;2;3;10;1;
202000034600;154 681 622;B01;1;7;0;2;8;14;1;
202000034600;154 681 623;A01;2;2;0;2;8;13;1;
202000034601;154 681 621;A01;2;36;15;0;2;1;1;
202000034602;154 681 626;C01;2;17;0;2;8;1;1;
202000034602;154 681 627;B01;1;14;0;2;3;1;1;
202000034602;154 681 628;A01;2;7;0;2;1;17;1;
202000034603;154 681 618;A01;2;7;13;0;1;14;1;
202000034604;154 681 619;A01;1;15;0;2;0;17;1;
202000034604;154 681 620;B01;1;1;0;2;8;2;5;
202000034605;154 681 616;A01;1;10;0;9;2;2;1;
202000034605;154 681 617;B01;1;1;0;0;6;2;5;
202000034606;154 681 615;A01;1;7;15;0;2;1;1;
202000034607;154 681 613;A01;3;7;6;0;1;1;1;
202000034608;154 681 611;B01;2;7;0;2;8;21;1;
202000034608;154 681 612;A01;1;7;1;2;3;17;1;
202000034609;154 681 610;A01;1;7;2;0;3;26;1;
202000034610;154 681 607;A01;1;15;0;2;2;12;1;
202000034610;154 681 608;B01;1;10;4;2;6;1;1;
202000034610;154 681 614;C01;1;7;0;2;1;1;1;
202000034611;154 681 606;A01;1;7;0;1;2;1;1;
202000034612;154 681 605;A01;1;30;15;0;7;0;1;
202000034613;154 681 604;A01;2;7;3;0;3;1;1;
202000034614;154 681 602;B01;2;7;0;2;1;1;1;
202000034614;154 681 603;A01;1;7;0;2;1;13;1;
202000034615;154 681 599;A01;1;7;1;0;3;1;1;
202000034615;154 681 600;B01;0;17;0;0;5;24;1;
202000034616;154 681 601;A01;2;7;13;0;2;1;1;
202000034617;154 681 596;A01;2;7;13;0;3;1;1;
202000034618;154 681 597;A01;1;7;0;0;3;15;1;
202000034618;154 681 598;B01;2;1;0;0;1;21;5;
202000034619;154 681 592;A01;1;7;0;2;3;15;1;
202000034619;154 681 593;B01;1;2;0;2;1;17;1;
202000034620;154 681 594;A01;2;33;3;0;8;1;1;
202000034621;154 681 589;B01;1;7;4;0;5;0;1;
202000034621;154 681 590;A01;1;33;0;0;3;0;1;
202000034622;154 681 586;B01;1;7;0;2;3;1;1;
202000034622;154 681 587;A01;2;14;0;2;3;1;1;
202000034623;154 681 588;A01;1;7;0;2;1;13;1;
202000034623;154 681 591;B01;2;15;0;2;1;1;1;
202000034624;154 681 585;A01;1;1;3;0;1;1;5;
202000034625;154 681 582;B01;1;15;0;0;6;0;1;
202000034625;154 681 583;A01;1;7;3;0;1;0;1;
202000034626;154 681 581;A01;1;33;0;2;1;17;1;
202000034626;154 681 584;B01;1;7;0;2;8;15;1;
202000034627;154 681 578;B01;3;33;0;2;1;1;1;
202000034627;154 681 579;A01;3;7;0;2;2;15;1;
202000034628;154 681 575;A01;1;7;0;1;1;1;1;
202000034629;154 681 576;B01;2;7;0;2;3;1;1;
202000034629;154 681 577;A01;1;32;0;2;1;13;1;
202000034630;154 681 574;A01;1;7;6;0;2;13;1;
202000034631;154 681 571;A01;0;7;0;2;2;17;1;
202000034631;154 681 572;B01;3;2;0;2;6;1;1;
202000034632;154 681 573;A01;1;7;2;9;1;1;1;
202000034633;154 681 567;A01;3;7;0;1;1;1;1;
202000034634;154 681 566;A01;2;33;0;0;7;1;1;
202000034635;154 681 565;A01;0;10;3;0;1;16;1;
202000034636;154 681 563;A01;3;33;0;2;7;17;1;
202000034636;154 681 564;B01;3;7;0;2;8;17;1;
202000034637;154 681 562;A01;2;7;0;0;9;1;1;
202000034638;154 681 560;A01;2;1;0;2;1;1;6;
202000034638;154 681 561;B01;2;7;0;0;4;1;6;
202000034639;154 681 558;A01;1;7;0;2;3;10;1;
202000034639;154 681 559;B01;1;2;0;2;1;19;1;
202000034640;154 681 557;A01;3;99;0;0;7;1;6;
202000034641;154 681 555;B01;1;7;0;2;1;2;1;
202000034641;154 681 556;A01;1;7;0;2;4;1;1;
202000034642;154 681 553;B01;1;7;0;2;2;1;1;
202000034642;154 681 554;A01;1;2;0;2;1;1;1;
202000034643;154 681 552;A01;1;33;16;0;1;3;1;
202000034644;154 681 551;A01;2;33;6;0;1;16;1;
202000034645;154 681 548;A01;1;7;0;2;4;1;1;
202000034645;154 681 549;B01;1;32;0;2;4;1;1;
202000034645;154 681 550;C01;1;7;0;2;1;1;1;
202000034646;154 681 544;B01;2;7;0;2;4;2;1;
202000034646;154 681 546;A01;2;10;0;2;3;2;1;
202000034646;154 681 547;C01;2;15;0;2;4;2;1;
202000034647;154 681 545;A01;1;7;0;0;1;0;1;
202000034648;154 681 543;A01;1;7;4;0;1;1;1;
202000034649;154 681 540;A01;1;7;0;2;3;11;1;
202000034649;154 681 542;B01;1;2;0;0;7;17;1;
202000034650;154 681 538;A01;1;7;0;0;5;23;1;
202000034650;154 681 539;B01;1;7;0;2;1;2;1;
202000034650;154 681 541;C01;1;17;0;2;8;1;1;
202000034651;154 681 537;A01;2;33;0;0;8;1;1;
202000034652;154 681 536;A01;2;7;9;0;1;14;1;
202000034653;154 681 532;A01;2;7;0;2;1;2;1;
202000034653;154 681 533;B01;2;7;0;2;4;2;1;
202000034653;154 681 535;C01;2;7;0;2;4;2;1;
202000034654;154 681 534;A01;1;7;13;0;1;0;1;
202000034655;154 681 530;A01;1;7;4;2;6;11;1;
202000034655;154 681 531;B01;1;17;0;2;2;1;1;
202000034656;154 681 526;B01;1;7;0;2;4;2;1;
202000034656;154 681 527;A01;1;7;0;2;1;2;1;
202000034657;154 681 528;A01;1;7;0;2;2;16;1;
202000034657;154 681 529;B01;1;33;0;2;1;18;1;
202000034658;154 681 524;B01;1;7;0;2;4;2;1;
202000034658;154 681 525;A01;1;33;0;2;1;2;1;
202000034659;154 681 523;A01;0;33;0;0;8;1;1;
202000034660;154 681 521;B01;1;31;0;2;1;3;1;
202000034660;154 681 522;A01;1;10;0;2;4;11;1;
202000034661;154 681 519;A01;1;7;0;2;2;1;1;
202000034661;154 681 520;B01;1;34;0;2;3;1;1;
202000034662;154 681 517;A01;1;7;0;2;4;2;1;
202000034662;154 681 518;B01;1;7;0;2;1;2;1;
202000034663;154 681 516;A01;2;7;13;0;2;1;1;
202000034664;154 681 514;B01;2;30;0;2;4;2;1;
202000034664;154 681 515;A01;2;7;0;2;2;2;1;
202000034665;154 681 513;A01;3;7;0;1;1;1;0;
202000034666;154 681 511;A01;1;30;0;2;1;13;0;
202000034666;154 681 512;B01;2;99;0;2;3;15;1;
202000034667;154 681 509;A01;2;7;0;2;3;15;1;
202000034667;154 681 510;B01;1;2;0;2;1;1;1;
202000034668;154 681 508;A01;2;42;0;0;0;26;1;
202000034669;154 681 506;A01;1;7;1;0;0;0;1;
202000034669;154 681 507;B01;1;33;1;0;0;0;1;
202000034670;154 681 504;A01;3;7;0;2;2;1;1;
202000034670;154 681 505;B01;2;7;0;2;8;1;1;
202000034671;154 681 503;A01;3;7;1;0;2;1;1;
202000034672;154 681 501;A01;2;34;4;0;1;1;1;
202000034673;154 681 500;B01;1;33;0;2;8;0;1;
202000034673;154 681 502;A01;1;7;0;2;3;15;1;
202000034674;154 681 499;A01;1;7;13;0;1;2;1;
202000034675;154 681 497;A01;1;14;0;2;7;26;1;
202000034675;154 681 498;B01;1;30;0;2;8;1;1;
202000034676;154 681 496;A01;1;7;13;0;1;2;1;
202000034677;154 681 494;B01;1;60;0;2;8;1;5;
202000034677;154 681 495;A01;1;37;0;2;1;16;0;1
202000034678;154 681 493;A01;1;10;0;1;4;4;1;
202000034679;154 681 490;A01;2;7;0;2;1;9;1;
202000034679;154 681 492;B01;1;33;0;2;1;1;1;
202000034680;154 681 491;A01;1;7;3;0;9;2;1;
202000034681;154 681 485;D01;1;7;0;2;1;1;0;
202000034681;154 681 486;E01;1;7;1;0;1;0;0;
202000034681;154 681 487;C01;1;7;0;2;1;0;0;
202000034681;154 681 488;A01;1;7;0;2;4;23;0;
202000034681;154 681 489;B01;1;7;0;2;1;1;0;
202000034682;154 681 482;C01;1;7;0;2;5;2;1;
202000034682;154 681 483;B01;1;33;0;2;1;2;1;
202000034682;154 681 484;A01;1;7;0;2;2;2;1;
202000034683;154 681 481;A01;3;10;11;0;0;1;1;
202000034684;154 681 480;A01;2;7;0;1;1;15;1;
202000034685;154 681 475;B01;2;33;0;2;1;1;1;
202000034685;154 681 477;A01;1;7;0;2;2;15;1;
202000034686;154 681 473;A01;2;7;0;2;1;26;1;
202000034686;154 681 474;B01;2;7;0;2;4;15;1;
202000034687;154 681 476;B01;1;10;0;2;4;2;1;
202000034687;154 681 478;C01;1;10;0;2;1;2;1;
202000034687;154 681 479;A01;1;7;0;2;4;2;1;
202000034688;154 681 469;A01;2;7;0;2;1;13;1;
202000034688;154 681 471;B01;1;37;0;2;1;1;1;6
202000034689;154 681 470;B01;2;33;0;2;1;3;1;
202000034689;154 681 472;A01;2;7;0;2;3;11;1;
202000034690;154 681 463;B01;1;7;1;0;8;23;1;
202000034690;154 681 465;A01;1;7;1;0;1;1;1;
202000034691;154 681 462;A01;2;7;0;2;4;2;1;
202000034691;154 681 464;B01;0;10;0;2;3;2;0;
202000034691;154 681 466;C01;2;7;0;2;4;2;1;
202000034692;154 681 461;A01;1;7;0;1;1;10;1;
202000034693;154 681 458;A01;2;10;0;2;1;2;1;
202000034693;154 681 459;B01;2;7;0;2;9;2;1;
202000034693;154 681 460;C01;2;7;0;2;4;2;1;
202000034694;154 681 456;B01;2;1;0;2;1;1;5;
202000034694;154 681 457;A01;1;7;0;2;1;19;1;
202000034695;154 681 453;A01;1;31;0;2;3;1;1;
202000034695;154 681 454;B01;1;1;0;2;4;9;5;
202000034696;154 681 451;B01;1;7;0;2;5;1;1;
202000034696;154 681 452;C01;0;7;0;0;0;26;-1;
202000034697;154 681 450;B01;2;33;0;2;3;2;1;
202000034697;154 681 455;A01;2;10;0;2;2;14;1;
202000034698;154 681 449;A01;2;7;0;1;1;1;1;
202000034699;154 681 448;A01;1;7;0;1;0;1;1;
202000034700;154 681 444;C01;1;10;0;2;4;2;1;
202000034700;154 681 446;B01;1;7;0;2;4;2;1;
202000034700;154 681 447;A01;1;14;0;2;1;2;1;
202000034701;154 681 443;A01;1;31;0;2;1;26;1;
202000034701;154 681 445;B01;1;7;0;2;3;10;1;
202000034702;154 681 439;A01;1;34;0;2;1;1;1;
202000034702;154 681 440;B01;1;7;0;0;6;1;1;
202000034703;154 681 441;A01;2;17;0;2;7;12;1;
202000034703;154 681 442;B01;2;7;0;2;6;1;0;
202000034704;154 681 437;A01;1;99;0;2;1;1;3;
202000034704;154 681 438;Z01;1;7;0;2;5;16;0;
202000034705;154 681 433;A01;2;7;0;2;1;2;1;
202000034705;154 681 434;B01;2;10;0;2;4;2;1;
202000034705;154 681 435;D01;2;7;0;2;4;2;1;
202000034705;154 681 436;C01;2;10;0;2;4;2;1;
202000034706;154 681 432;A01;2;7;8;0;1;13;1;
202000034707;154 681 431;A01;2;10;4;0;1;13;1;
202000034708;154 681 430;A01;3;7;0;1;2;2;1;
202000034709;154 681 426;Z01;2;7;0;2;1;1;1;
202000034709;154 681 427;B01;2;7;0;2;4;1;1;
202000034710;154 681 423;B01;1;7;0;2;4;2;1;
202000034710;154 681 424;C01;1;7;0;0;4;2;1;
202000034710;154 681 425;A01;1;7;0;2;1;2;1;
202000034711;154 681 422;A01;3;7;15;0;2;15;1;
202000034712;154 681 420;B01;1;15;0;0;4;2;1;
202000034712;154 681 421;A01;1;7;0;2;1;2;1;
202000034713;154 681 415;B01;1;7;0;2;8;0;1;
202000034713;154 681 417;A01;1;7;0;2;1;0;1;
202000034713;154 681 418;C01;1;7;0;2;3;0;1;
202000034714;154 681 416;B01;1;7;0;2;2;1;1;
202000034714;154 681 419;A01;1;7;0;2;8;9;1;
202000034715;154 681 413;B01;2;1;0;2;1;1;5;
202000034715;154 681 414;A01;2;7;0;2;7;20;1;
202000034716;154 681 410;B01;0;7;0;2;3;1;1;
202000034716;154 681 412;A01;2;37;0;2;2;1;1;2
202000034717;154 681 411;A01;2;10;8;2;2;14;1;
202000034718;154 681 407;B01;2;7;0;2;4;1;1;
202000034718;154 681 409;A01;2;34;0;2;1;9;1;
202000034719;154 681 405;B01;1;7;0;2;1;1;1;
202000034719;154 681 408;A01;2;7;0;2;1;15;1;
202000034720;154 681 404;A01;3;7;0;2;1;1;1;
202000034720;154 681 406;B01;3;10;0;2;8;15;1;
202000034721;154 681 401;B01;1;7;3;2;8;1;1;
202000034721;154 681 402;A01;1;17;0;2;2;12;1;
202000034722;154 681 399;A01;3;99;0;0;7;15;1;
202000034723;154 681 400;B01;2;33;0;2;2;1;1;
202000034723;154 681 403;A01;2;10;0;2;1;15;1;
202000034724;154 681 396;A01;2;7;13;2;4;9;1;
202000034724;154 681 398;B01;2;33;13;2;1;9;1;
202000034725;154 681 395;A01;0;7;0;2;3;1;1;
202000034725;154 681 397;B01;0;7;0;2;8;1;1;
202000034726;154 681 393;B01;0;1;0;2;1;5;0;
202000034726;154 681 394;A01;3;7;0;2;1;26;1;
202000034727;154 681 391;B01;0;33;0;2;1;1;1;
202000034727;154 681 392;A01;0;7;0;2;5;1;1;
202000034728;154 681 389;A01;2;37;0;1;1;1;1;1
202000034729;154 681 385;B01;1;15;0;2;2;1;1;
202000034729;154 681 386;C01;1;15;0;2;8;24;1;
202000034729;154 681 387;A01;1;7;0;2;3;10;1;
202000034730;154 681 388;B01;3;7;0;2;4;23;1;
202000034730;154 681 390;A01;3;30;0;2;1;1;1;
202000034731;154 681 379;B01;2;7;0;2;3;11;1;
202000034731;154 681 381;A01;2;33;0;2;1;3;1;
202000034731;154 681 382;C01;2;7;0;2;5;1;1;
202000034731;154 681 384;D01;2;7;0;2;4;1;1;
202000034732;154 681 380;B01;1;10;0;2;3;1;1;
202000034732;154 681 383;A01;2;30;0;2;1;1;1;
202000034733;154 681 378;A01;2;7;0;1;2;1;1;
202000034734;154 681 376;A01;1;1;0;1;1;1;5;
202000034735;154 681 375;A01;1;7;0;2;4;23;0;
202000034735;154 681 377;B01;1;7;0;2;1;2;0;
202000034736;154 681 374;A01;1;7;0;1;3;15;1;
202000034737;154 681 372;B01;1;1;0;2;8;12;5;
202000034737;154 681 373;A01;1;7;0;2;7;16;1;
202000034738;154 681 371;A01;0;7;6;0;2;26;1;
202000034739;154 681 369;B01;1;10;0;2;1;1;1;
202000034739;154 681 370;A01;1;34;0;2;3;9;0;
202000034740;154 681 367;B01;1;7;1;2;7;1;0;
202000034740;154 681 368;A01;2;7;0;2;1;10;0;
202000034741;154 681 366;A01;1;10;0;1;2;1;1;
202000034742;154 681 364;A01;2;34;0;2;1;1;1;
202000034742;154 681 365;B01;1;7;0;2;2;15;0;
202000034743;154 681 362;B01;1;7;0;2;2;16;4;
202000034743;154 681 363;A01;1;30;0;2;3;1;1;
202000034744;154 681 361;A01;3;7;0;1;3;21;1;
202000034745;154 681 360;A01;1;33;0;0;1;26;0;
202000034746;154 681 359;A01;1;10;0;0;1;14;0;
202000034747;154 681 357;A01;0;37;0;2;1;1;2;2
202000034747;154 681 358;B01;3;7;0;2;0;0;1;
202000034748;154 681 355;B01;2;7;0;2;4;1;1;
202000034748;154 681 356;A01;2;7;0;2;1;1;1;
202000034749;154 681 354;A01;1;30;0;0;0;1;1;
202000034750;154 681 352;B01;2;7;0;2;3;1;1;
202000034750;154 681 353;A01;1;10;0;2;2;15;1;
202000034751;154 681 350;A01;1;32;0;2;1;3;1;
202000034751;154 681 351;B01;1;7;0;2;4;1;1;
202000034752;154 681 348;A01;2;31;0;2;1;2;1;
202000034752;154 681 349;B01;2;7;0;2;6;2;1;
202000034753;154 681 346;B01;1;7;0;2;0;1;1;
202000034753;154 681 347;A01;1;43;0;2;6;17;1;
202000034754;154 681 345;A01;2;7;0;1;2;1;1;
202000034755;154 681 344;Z01;0;10;8;1;4;4;0;
202000034756;154 681 342;B01;2;7;0;2;6;15;1;
202000034756;154 681 343;A01;2;30;0;2;1;17;1;
202000034757;154 681 340;B01;1;33;0;2;3;18;1;
202000034757;154 681 341;A01;1;13;0;2;5;1;1;
202000034758;154 681 338;A01;2;7;0;2;8;22;1;
202000034758;154 681 339;B01;2;1;0;2;1;1;5;
202000034759;154 681 336;A01;1;10;0;2;2;9;1;
202000034759;154 681 337;B01;1;33;0;2;1;1;1;
202000034760;154 681 334;A01;1;33;0;2;3;1;1;
202000034760;154 681 335;B01;1;7;0;2;5;14;1;
202000034761;154 681 332;Z01;2;30;0;2;0;0;0;
202000034761;154 681 333;A01;2;1;0;2;4;19;5;
202000034762;154 681 330;A01;1;10;0;2;1;2;1;
202000034762;154 681 331;B01;1;10;0;2;4;23;1;
202000034763;154 681 329;A01;1;50;0;1;1;25;3;
202000034764;154 681 328;A01;2;7;0;1;4;4;3;
202000034765;154 681 326;B01;1;7;0;2;4;1;1;
202000034765;154 681 327;A01;1;7;0;2;1;1;1;
202000034766;154 681 324;B01;1;7;0;2;2;1;2;
202000034766;154 681 325;A01;1;7;0;2;3;9;1;
202000034767;154 681 322;B01;2;10;0;2;7;23;1;
202000034767;154 681 323;A01;2;32;0;2;8;18;1;
202000034768;154 681 320;Z01;0;1;0;2;0;9;5;
202000034768;154 681 321;A01;2;31;0;2;1;1;1;
202000034769;154 681 318;B01;3;33;0;2;1;1;1;
202000034769;154 681 319;A01;0;7;0;2;1;5;1;
202000034770;154 681 317;A01;2;10;0;1;1;15;1;
202000034771;154 681 315;A01;2;7;0;2;0;26;1;
202000034771;154 681 316;B01;2;31;0;2;1;1;1;
202000034772;154 681 313;B01;1;7;0;2;4;1;1;
202000034772;154 681 314;A01;1;33;0;2;1;1;1;
202000034773;154 681 312;A01;3;7;0;1;1;1;0;
202000034774;154 681 310;B01;1;33;0;2;1;3;1;
202000034774;154 681 311;A01;1;7;0;0;3;23;1;
202000034775;154 681 309;A01;1;30;0;1;1;1;0;
202000034776;154 681 307;A01;1;10;0;2;3;15;0;
202000034776;154 681 308;B01;1;33;0;2;2;2;0;
202000034777;154 681 305;B01;1;7;0;2;3;13;1;
202000034777;154 681 306;A01;1;34;0;2;2;17;1;
202000034778;154 681 304;A01;1;60;9;9;0;26;5;
202000034779;154 681 303;A01;2;10;0;1;2;16;1;
202000034780;154 681 302;A01;1;7;0;1;1;26;0;
202000034781;154 681 301;A01;2;7;0;1;5;20;1;
202000034782;154 681 300;A01;1;7;0;1;1;15;0;
202000034783;154 681 299;A01;1;7;0;1;1;9;1;
202000034784;154 681 298;A01;1;7;0;1;1;2;1;
202000034785;154 681 296;B01;0;1;0;2;8;19;5;
202000034785;154 681 297;A01;1;10;0;2;8;15;1;
202000034786;154 681 293;A01;2;15;0;2;2;2;1;
202000034786;154 681 294;B01;2;7;0;2;4;2;1;
202000034786;154 681 295;C01;2;7;0;0;4;2;1;
202000034787;154 681 291;B01;3;7;0;9;3;1;1;
202000034787;154 681 292;A01;3;50;0;2;1;1;3;
202000034788;154 681 289;B01;1;7;0;2;8;15;1;
202000034788;154 681 290;A01;1;32;0;2;7;17;1;
202000034789;154 681 288;A01;1;15;0;1;1;1;0;
202000034790;154 681 286;A01;1;7;0;2;2;1;1;
202000034790;154 681 287;B01;2;1;0;2;8;19;5;
202000034791;154 681 284;B01;2;7;0;2;2;1;1;
202000034791;154 681 285;A01;1;2;0;2;7;19;1;
202000034792;154 681 283;A01;1;7;2;9;1;14;1;
202000034793;154 681 281;B01;1;7;0;2;1;1;1;
202000034793;154 681 282;A01;2;7;0;2;1;13;1;
202000034794;154 681 279;B01;2;7;0;2;1;1;1;
202000034794;154 681 280;A01;1;7;0;2;5;1;1;
202000034795;154 681 277;B01;3;7;0;2;3;1;1;
202000034795;154 681 278;A01;3;7;0;2;2;13;1;
202000034796;154 681 276;A01;2;7;0;0;9;1;1;
202000034797;154 681 274;A01;1;7;0;2;8;13;1;
202000034797;154 681 275;B01;2;7;0;2;3;1;1;
202000034798;154 681 272;A01;1;7;0;2;3;13;1;
202000034798;154 681 273;B01;1;10;0;2;3;1;1;
202000034799;154 681 271;A01;1;7;0;0;0;1;1;
202000034800;154 681 270;A01;3;7;0;1;2;16;0;
202000034801;154 681 269;A01;1;1;0;5;1;1;5;
202000034802;154 681 267;A01;2;7;0;2;1;1;1;
202000034802;154 681 268;B01;1;7;0;2;1;1;1;
202000034803;154 681 265;A01;1;7;0;2;1;1;1;
202000034803;154 681 266;B01;1;7;0;2;7;19;1;
202000034804;154 681 262;A01;1;7;0;2;3;13;1;
202000034804;154 681 263;B01;2;7;0;2;6;1;1;
202000034804;154 681 264;C01;2;7;0;2;3;1;1;
202000034805;154 681 261;A01;1;2;13;0;2;1;1;
202000034806;154 681 260;A01;1;33;0;0;1;14;1;
202000034807;154 681 259;A01;2;7;6;0;1;1;0;
202000034808;154 681 258;A01;1;7;0;1;1;1;1;
202000034809;154 681 257;A01;1;7;13;0;0;26;1;
202000034810;154 681 255;A01;2;2;0;2;1;1;1;
202000034810;154 681 256;B01;1;7;0;2;0;0;0;
202000034811;154 681 253;A01;1;2;0;2;1;2;1;
202000034811;154 681 254;B01;3;7;0;0;5;2;1;
202000034812;154 681 251;A01;1;7;0;2;2;15;1;
202000034812;154 681 252;B01;1;2;0;2;1;1;0;
202000034813;154 681 248;A01;1;10;0;2;1;2;1;
202000034813;154 681 249;C01;1;17;0;0;4;1;6;
202000034813;154 681 250;B01;1;15;0;0;0;1;1;
202000034814;154 681 246;A01;2;10;0;2;3;1;1;
202000034814;154 681 247;B01;1;7;0;2;1;1;1;
202000034815;154 681 243;C01;1;7;0;2;1;1;1;
202000034815;154 681 244;B01;1;7;0;2;1;1;1;
202000034815;154 681 245;A01;2;7;0;2;1;6;1;
202000034816;154 681 241;B01;1;7;0;2;1;0;1;
202000034816;154 681 242;A01;2;7;0;2;2;17;1;
202000034817;154 681 239;B01;2;14;0;2;8;1;1;
202000034817;154 681 240;A01;1;7;0;2;1;13;1;
202000034818;154 681 238;A01;0;7;0;1;3;1;1;
202000034819;154 681 236;B01;0;15;0;2;1;1;1;
202000034819;154 681 237;A01;0;7;0;2;1;1;1;
202000034820;154 681 234;B01;2;7;0;2;8;1;1;
202000034820;154 681 235;A01;2;7;0;2;2;15;1;
202000034821;154 681 232;B01;1;7;0;2;4;1;1;
202000034821;154 681 233;A01;1;7;0;2;1;9;1;
202000034822;154 681 230;A01;2;7;0;2;3;1;1;
202000034822;154 681 231;B01;2;7;0;2;4;2;1;
202000034823;154 681 228;B01;1;7;0;2;6;1;2;
202000034823;154 681 229;A01;1;34;0;2;1;2;1;
202000034824;154 681 225;B01;2;7;0;2;1;1;1;
202000034824;154 681 226;A01;2;7;0;2;1;1;1;
202000034824;154 681 227;C01;2;7;0;2;4;2;1;
202000034825;154 681 223;B01;2;7;0;2;4;2;1;
202000034825;154 681 224;A01;2;10;0;2;1;2;1;
202000034826;154 681 221;B01;2;34;0;2;1;0;1;
202000034826;154 681 222;A01;2;7;0;2;6;0;1;
202000034827;154 681 216;A01;2;10;0;2;1;2;1;
202000034827;154 681 217;B01;2;7;0;2;1;2;1;
202000034827;154 681 218;C01;2;7;0;2;1;2;1;
202000034827;154 681 219;D01;2;7;0;2;1;2;1;
202000034827;154 681 220;E01;2;7;0;2;4;9;1;
202000034828;154 681 213;B01;2;7;0;2;4;26;1;
202000034828;154 681 214;A01;2;7;0;2;1;26;1;
202000034828;154 681 215;C01;2;7;0;2;4;26;1;
202000034829;154 681 208;B01;2;7;0;2;4;2;1;
202000034829;154 681 209;C01;2;7;0;2;4;2;1;
202000034829;154 681 210;A01;2;7;0;2;1;2;0;
202000034830;154 681 207;A01;1;7;0;1;2;16;1;
202000034831;154 681 206;A01;2;7;0;1;4;4;1;
202000034832;154 681 204;B01;1;7;0;2;7;1;1;
202000034832;154 681 205;A01;1;7;0;2;1;1;1;
202000034833;154 681 202;B01;2;7;0;2;2;1;1;
202000034833;154 681 203;A01;2;7;6;2;9;7;1;
202000034834;154 681 201;A01;1;30;0;1;1;3;1;
202000034835;154 681 200;A01;1;50;0;0;2;1;3;
202000034836;154 681 198;B01;3;7;0;2;4;23;1;
202000034836;154 681 199;A01;3;30;0;2;1;2;1;
202000034837;154 681 194;A01;1;7;0;0;0;24;1;
202000034837;154 681 195;B01;1;7;0;2;6;13;1;
202000034837;154 681 196;C01;1;33;0;2;2;17;1;
202000034837;154 681 197;D01;2;7;0;2;1;21;1;
202000034838;154 681 193;A01;1;7;13;0;2;14;1;
202000034839;154 681 191;B01;3;7;0;2;4;1;1;
202000034839;154 681 192;A01;3;7;0;2;1;2;1;
202000034840;154 681 189;B01;1;33;0;2;3;21;1;
202000034840;154 681 190;A01;1;10;0;2;6;11;1;
202000034841;154 681 187;B01;2;7;15;2;7;1;1;
202000034841;154 681 188;A01;3;7;0;2;1;9;1;
202000034842;154 681 186;A01;1;7;0;1;1;1;1;
202000034843;154 681 184;B01;2;7;0;2;1;1;1;
202000034843;154 681 185;A01;1;7;0;2;1;13;1;
202000034844;154 681 182;A01;1;17;0;2;2;2;1;