num_acc;id_vehicule;num_veh;senc;catv;obs;obsm;choc;manv;motor;occutc
202000035120;154 680 696;A01;1;7;0;2;1;1;1;
202000035121;154 680 692;A01;2;33;12;0;1;1;0;
202000035122;154 680 688;B01;3;7;0;2;3;1;2;
202000035122;154 680 691;A01;3;7;0;2;1;1;1;
202000035123;154 680 687;A01;2;7;0;0;6;1;1;
202000035123;154 680 689;B01;2;7;0;2;4;1;1;
202000035123;154 680 690;C01;2;7;0;2;1;1;1;
202000035124;154 680 686;A01;2;33;0;2;1;21;1;
202000035125;154 680 682;C01;1;7;0;0;5;15;1;
202000035125;154 680 684;B01;1;7;0;2;5;15;3;
202000035125;154 680 685;A01;1;7;0;2;1;1;1;
202000035126;154 680 681;B01;1;7;0;9;5;1;0;
202000035126;154 680 683;A01;2;1;0;2;1;9;0;
202000035127;154 680 679;A01;3;37;7;2;2;19;1;2
202000035127;154 680 680;B01;2;7;0;2;1;1;1;
202000035128;154 680 677;A01;0;30;0;0;8;1;1;
202000035129;154 680 675;C01;2;10;0;2;1;1;1;
202000035129;154 680 676;B01;3;10;0;2;2;1;1;
202000035129;154 680 678;A01;3;10;0;2;1;26;1;
202000035130;154 680 673;A01;1;7;0;2;5;15;1;
202000035130;154 680 674;B01;2;2;0;2;1;1;1;
202000035131;154 680 672;A01;3;37;0;1;7;1;1;1
202000035132;154 680 671;A01;2;7;0;0;0;17;1;
202000035133;154 680 670;A01;1;33;0;0;7;15;1;
202000035134;154 680 669;A01;0;7;0;1;1;1;1;
202000035135;154 680 668;A01;2;7;0;1;2;16;1;
202000035136;154 680 666;A01;2;7;6;0;1;1;1;
202000035137;154 680 664;B01;2;33;0;2;1;1;0;
202000035137;154 680 667;A01;1;7;0;2;7;15;0;
202000035138;154 680 662;C01;1;7;0;2;3;1;0;
202000035138;154 680 663;B01;1;7;0;2;1;1;0;
202000035138;154 680 665;A01;2;15;0;2;6;1;0;
202000035139;154 680 659;A01;3;7;0;2;2;1;0;
202000035139;154 680 661;B01;3;7;0;2;3;16;0;
202000035140;154 680 658;A01;2;2;0;2;3;1;1;
202000035140;154 680 660;B01;2;7;0;2;3;1;1;
202000035141;154 680 657;A01;2;10;1;1;2;1;1;
202000035142;154 680 656;A01;2;7;2;0;3;1;1;
202000035143;154 680 654;A01;2;3;13;0;2;14;1;
202000035144;154 680 653;A01;1;7;0;2;2;1;1;
202000035144;154 680 655;B01;2;32;0;2;1;1;1;
202000035145;154 680 651;B01;1;13;0;2;1;15;1;
202000035145;154 680 652;A01;2;33;0;2;1;1;1;
202000035146;154 680 648;A01;3;7;0;2;1;1;1;
202000035146;154 680 650;B01;3;1;0;2;1;9;5;
202000035147;154 680 646;A01;2;7;0;1;0;1;1;
202000035148;154 680 645;B01;3;21;0;9;6;1;1;
202000035148;154 680 647;A01;3;1;0;9;3;1;5;
202000035149;154 680 643;A01;2;7;0;1;2;21;1;
202000035150;154 680 642;A01;2;15;0;2;8;17;1;
202000035150;154 680 644;B01;1;7;0;2;1;1;1;
202000035151;154 680 638;A01;3;14;0;2;1;0;1;
202000035151;154 680 640;B01;0;7;0;2;8;0;1;
202000035152;154 680 639;A01;1;7;0;2;2;1;1;
202000035152;154 680 641;B01;1;99;0;2;0;1;3;
202000035153;154 680 636;A01;1;17;13;0;2;1;1;
202000035154;154 680 634;A01;3;31;0;2;1;1;0;
202000035154;154 680 635;B01;1;7;0;2;3;15;1;
202000035155;154 680 633;A01;1;14;0;0;9;1;1;
202000035156;154 680 631;A01;3;10;3;0;1;14;1;
202000035157;154 680 630;B01;0;7;0;0;4;2;1;
202000035157;154 680 632;A01;0;7;7;1;1;2;2;
202000035158;154 680 626;A01;1;7;0;0;6;15;1;
202000035158;154 680 627;B01;1;33;0;2;1;17;1;
202000035159;154 680 624;B01;1;7;0;2;1;1;0;
202000035159;154 680 625;A01;1;7;0;2;4;1;0;
202000035160;154 680 622;A01;1;1;0;0;4;1;6;
202000035160;154 680 623;B01;1;7;0;2;2;14;1;
202000035161;154 680 620;A01;2;7;5;0;4;0;6;
202000035161;154 680 621;B01;2;38;0;2;1;1;0;5
202000035162;154 680 628;B01;0;7;0;0;0;0;0;
202000035162;154 680 629;A01;0;2;0;2;1;1;1;
202000035163;154 680 618;A01;2;7;3;2;1;26;1;
202000035163;154 680 619;B01;2;7;3;2;6;1;1;
202000035164;154 680 616;A01;2;7;0;2;5;19;0;
202000035164;154 680 617;B01;1;7;0;2;1;1;0;
202000035165;154 680 613;B01;1;33;0;2;2;17;0;
202000035165;154 680 614;A01;1;13;0;2;8;15;0;
202000035166;154 680 612;A01;1;7;13;0;9;1;1;
202000035167;154 680 611;A01;2;7;0;1;4;4;1;
202000035168;154 680 610;A01;3;7;0;1;2;20;1;
202000035169;154 680 608;A01;2;33;13;0;1;0;1;
202000035170;154 680 606;A01;0;7;13;0;3;13;1;
202000035171;154 680 604;A01;1;33;0;2;1;1;1;
202000035171;154 680 605;B01;2;33;0;2;1;1;1;
202000035172;154 680 599;A01;2;7;0;2;3;13;1;
202000035172;154 680 601;B01;2;7;0;2;7;1;1;
202000035172;154 680 607;C01;2;10;0;2;8;1;1;
202000035172;154 680 609;D01;2;15;0;0;0;1;1;
202000035173;154 680 597;B01;1;7;0;2;4;1;1;
202000035173;154 680 598;A01;1;10;0;2;1;2;1;
202000035174;154 680 600;B01;2;7;0;2;2;21;1;
202000035174;154 680 603;A01;1;31;3;2;2;13;1;
202000035175;154 680 593;B01;1;1;0;2;7;1;5;
202000035175;154 680 594;A01;1;7;0;2;1;9;1;
202000035176;154 680 592;A01;2;7;5;0;1;1;1;
202000035177;154 680 591;A01;2;33;6;0;1;1;1;
202000035178;154 680 589;A01;2;7;0;1;3;1;1;
202000035179;154 680 588;B01;2;7;0;2;3;1;1;
202000035179;154 680 590;A01;1;7;0;2;7;1;1;
202000035180;154 680 585;A01;2;7;0;2;1;1;1;
202000035180;154 680 586;B01;2;33;0;2;1;15;1;
202000035180;154 680 587;C01;2;7;0;2;1;1;1;
202000035181;154 680 583;B01;0;7;0;2;2;15;1;
202000035181;154 680 584;A01;3;7;2;2;7;1;1;
202000035182;154 680 580;B01;1;7;0;2;8;15;1;
202000035182;154 680 582;A01;1;31;0;2;1;17;1;
202000035183;154 680 579;A01;1;3;0;2;8;1;1;
202000035183;154 680 581;B01;1;80;0;2;1;1;3;
202000035184;154 680 578;A01;2;33;17;0;4;1;1;
202000035185;154 680 574;B01;1;31;0;2;3;1;1;
202000035185;154 680 575;A01;2;10;0;2;3;13;1;
202000035186;154 680 576;B01;1;33;0;2;1;1;1;
202000035186;154 680 577;A01;2;7;0;0;7;15;1;
202000035187;154 680 573;A01;3;36;16;0;0;1;1;
202000035188;154 680 571;A01;1;33;0;6;1;1;1;
202000035189;154 680 570;B01;0;30;0;2;2;1;1;
202000035189;154 680 572;A01;0;7;0;2;3;20;1;
202000035190;154 680 569;A01;3;7;0;1;1;0;0;
202000035191;154 680 566;B01;0;7;0;2;3;1;1;
202000035191;154 680 568;A01;0;50;0;2;1;19;3;
202000035192;154 680 565;B01;2;33;0;2;1;1;1;
202000035192;154 680 567;A01;1;7;0;2;3;1;1;
202000035193;154 680 562;A01;2;7;0;0;1;13;1;
202000035194;154 680 563;A01;0;7;0;1;6;26;1;
202000035195;154 680 560;A01;2;7;10;0;1;1;1;
202000035196;154 680 558;A01;2;7;0;2;1;13;1;
202000035196;154 680 559;B01;1;7;0;2;1;1;1;
202000035197;154 680 557;A01;1;7;2;0;1;19;1;
202000035198;154 680 556;Z01;2;7;0;1;0;1;0;
202000035199;154 680 555;A01;1;33;0;0;0;1;1;
202000035200;154 680 561;A01;2;33;13;0;2;1;1;
202000035201;154 680 553;B01;1;7;0;2;1;1;3;
202000035201;154 680 554;A01;2;33;0;2;1;1;1;
202000035202;154 680 551;A01;2;10;0;1;3;1;1;
202000035203;154 680 550;A01;1;33;0;0;8;1;1;
202000035204;154 680 548;B01;1;10;0;2;3;1;1;
202000035204;154 680 552;A01;1;7;0;2;6;1;1;
202000035205;154 680 547;B01;1;7;0;2;2;1;0;
202000035205;154 680 549;A01;2;7;3;2;2;0;0;
202000035206;154 680 546;A01;1;7;0;1;3;1;1;
202000035207;154 680 541;B01;1;7;0;2;1;1;1;
202000035207;154 680 544;A01;1;7;0;1;1;1;1;
202000035208;154 680 543;A01;0;7;0;1;1;1;1;
202000035209;154 680 542;A01;1;7;0;2;3;9;0;
202000035209;154 680 545;B01;1;36;0;0;5;1;0;
202000035210;154 680 539;B01;3;7;0;2;7;1;0;
202000035210;154 680 540;A01;3;33;0;2;1;19;0;
202000035211;154 680 537;B01;3;99;0;2;1;1;3;
202000035211;154 680 538;A01;3;7;0;9;2;15;1;
202000035212;154 680 536;A01;1;2;0;0;0;1;1;
202000035213;154 680 534;B01;1;7;0;2;1;2;1;
202000035213;154 680 535;A01;1;7;0;2;4;21;1;
202000035214;154 680 531;A01;1;33;0;6;2;0;0;
202000035215;154 680 528;A01;2;10;1;2;3;19;1;
202000035215;154 680 530;B01;2;10;1;2;2;1;1;
202000035216;154 680 527;A01;3;7;0;2;2;1;1;
202000035216;154 680 529;B01;3;1;0;2;8;15;5;
202000035217;154 680 532;B01;3;7;0;2;2;1;1;
202000035217;154 680 533;A01;3;7;0;0;6;1;1;
202000035218;154 680 523;A01;1;33;13;0;0;1;1;
202000035219;154 680 525;A01;3;33;3;0;8;1;1;
202000035220;154 680 520;B01;2;7;0;2;4;2;1;
202000035220;154 680 521;A01;2;7;0;2;4;2;1;
202000035220;154 680 522;C01;2;7;0;2;1;2;1;
202000035221;154 680 518;A01;3;2;0;2;1;1;1;
202000035221;154 680 519;B01;3;99;0;0;3;1;1;
202000035222;154 680 513;B01;2;7;0;2;2;1;1;
202000035222;154 680 515;A01;2;7;4;2;1;17;1;
202000035223;154 680 514;B01;1;7;0;2;3;1;1;
202000035223;154 680 516;A01;2;31;0;2;1;5;1;
202000035224;154 680 524;B01;2;15;0;2;1;1;1;
202000035224;154 680 526;A01;2;30;0;2;7;1;1;
202000035225;154 680 507;B01;1;33;0;2;7;1;0;
202000035225;154 680 511;A01;1;7;0;2;3;11;1;
202000035226;154 680 509;B01;2;30;0;2;1;1;1;
202000035226;154 680 512;A01;1;7;8;2;1;15;1;
202000035227;154 680 508;A01;2;7;0;2;2;16;1;
202000035227;154 680 510;B01;2;1;0;2;5;16;5;
202000035228;154 680 501;A01;2;33;13;0;1;1;1;
202000035229;154 680 502;A01;2;7;0;1;1;1;1;
202000035230;154 680 499;A01;2;7;0;1;1;1;1;
202000035231;154 680 498;B01;1;7;0;2;4;23;1;
202000035231;154 680 500;C01;1;7;0;2;4;23;1;
202000035231;154 680 503;D01;1;10;0;2;4;23;1;
202000035231;154 680 504;E01;1;7;0;2;4;23;1;
202000035231;154 680 505;F01;1;17;0;2;4;23;1;
202000035231;154 680 506;A01;1;14;0;2;1;1;1;
202000035232;154 680 495;C01;1;7;0;2;4;1;1;
202000035232;154 680 496;B01;1;7;0;2;9;1;1;
202000035232;154 680 497;A01;1;7;0;2;1;1;1;
202000035233;154 680 492;A01;1;7;0;1;1;2;1;
202000035233;154 680 493;B01;1;7;0;2;1;2;1;
202000035233;154 680 494;C01;1;7;0;2;1;2;1;
202000035234;154 680 489;A01;1;7;0;2;1;17;1;
202000035234;154 680 491;B01;2;7;0;2;3;21;1;
202000035235;154 680 490;A01;1;7;0;1;1;1;1;
202000035236;154 680 488;A01;1;33;0;0;9;2;1;
202000035237;154 680 485;B01;2;33;0;2;3;13;1;
202000035237;154 680 487;A01;1;7;0;2;3;13;1;
202000035238;154 680 483;B01;2;7;0;2;3;1;1;
202000035238;154 680 484;A01;2;7;0;2;2;1;1;
202000035239;154 680 482;A01;2;33;0;0;7;1;1;
202000035240;154 680 479;B01;1;7;0;2;1;2;2;
202000035240;154 680 480;A01;1;7;0;2;1;2;1;
202000035240;154 680 481;C01;1;7;0;2;1;2;1;
202000035241;154 680 474;A01;2;7;4;0;7;1;1;
202000035242;154 680 475;A01;2;7;0;0;6;23;1;
202000035242;154 680 477;B01;2;1;0;2;1;23;0;
202000035243;154 680 472;A01;1;7;0;2;1;2;1;
202000035243;154 680 473;B01;1;7;0;2;4;2;1;
202000035244;154 680 470;B01;1;7;0;2;7;1;1;
202000035244;154 680 471;A01;1;7;0;2;1;1;1;
202000035245;154 680 467;A01;2;7;0;0;9;1;1;
202000035246;154 680 466;B01;2;1;0;2;1;25;5;
202000035246;154 680 468;A01;0;7;0;2;2;26;1;
202000035247;154 680 461;A01;2;7;0;2;1;0;1;
202000035247;154 680 463;B01;2;7;0;2;2;1;1;
202000035248;154 680 460;B01;0;7;0;2;3;1;1;
202000035248;154 680 465;A01;0;7;0;2;1;1;1;
202000035249;154 680 462;C01;1;7;0;9;5;24;1;
202000035249;154 680 464;B01;1;33;0;2;1;1;1;
202000035249;154 680 469;A01;2;7;0;2;3;15;1;
202000035250;154 680 458;A01;0;1;0;2;1;1;5;
202000035251;154 680 459;A01;2;33;0;2;7;2;1;
202000035252;154 680 457;A01;2;14;3;0;2;14;1;
202000035253;154 680 456;A01;0;50;0;0;0;0;3;
202000035254;154 680 451;A01;2;7;0;2;2;13;6;
202000035254;154 680 453;B01;2;7;0;0;8;1;6;
202000035254;154 680 454;C01;2;7;0;2;1;1;6;
202000035255;154 680 452;B01;1;10;0;2;1;1;1;
202000035255;154 680 455;A01;2;10;0;2;1;13;1;
202000035256;154 680 450;A01;0;30;0;0;0;0;1;
202000035257;154 680 449;A01;2;10;13;0;2;1;1;
202000035258;154 680 447;B01;1;7;0;2;8;5;1;
202000035258;154 680 448;A01;2;32;0;2;2;5;1;
202000035259;154 680 443;A01;1;33;10;0;7;21;1;
202000035260;154 680 444;A01;1;7;0;2;2;15;1;
202000035260;154 680 446;B01;2;31;0;2;1;0;1;
202000035261;154 680 442;B01;2;10;13;0;6;23;1;
202000035261;154 680 445;A01;2;15;0;2;2;2;1;
202000035262;154 680 439;A01;3;7;0;2;2;12;1;
202000035262;154 680 441;B01;3;33;0;2;6;1;1;
202000035263;154 680 437;A01;1;7;0;0;9;1;1;
202000035264;154 680 436;A01;3;7;1;0;2;19;1;
202000035265;154 680 438;A01;3;7;0;4;1;1;-1;
202000035265;154 680 440;B01;3;40;0;2;1;1;-1;
202000035266;154 680 435;A01;1;10;0;1;1;1;6;
202000035267;154 680 432;B01;3;7;0;2;1;1;1;
202000035267;154 680 434;A01;3;7;0;2;1;13;1;
202000035268;154 680 431;A01;2;7;2;0;2;1;1;
202000035269;154 680 433;A01;3;7;0;1;1;1;-1;
202000035270;154 680 428;A01;0;7;0;1;2;9;1;
202000035271;154 680 427;A01;2;7;0;2;1;17;1;
202000035271;154 680 429;B01;3;33;0;2;1;0;1;
202000035272;154 680 426;B01;1;7;0;2;3;16;1;
202000035272;154 680 430;A01;1;33;0;2;7;18;1;
202000035273;154 680 424;A01;3;7;0;2;4;4;0;
202000035273;154 680 425;B01;3;32;0;0;1;23;0;
202000035274;154 680 420;A01;2;7;6;0;1;1;1;
202000035275;154 680 422;A01;2;33;0;0;0;16;1;
202000035276;154 680 421;B01;1;31;0;2;0;1;1;
202000035276;154 680 423;A01;2;7;0;2;3;15;1;
202000035277;154 680 418;A01;3;15;0;2;4;9;1;
202000035277;154 680 419;B01;3;32;0;0;4;2;1;
202000035278;154 680 415;B01;0;33;0;2;1;0;0;
202000035278;154 680 417;A01;2;99;0;9;3;1;0;
202000035279;154 680 413;A01;2;10;0;2;6;11;1;
202000035279;154 680 416;B01;2;32;0;2;7;1;1;
202000035280;154 680 412;B01;0;7;0;2;1;1;1;
202000035280;154 680 414;A01;0;7;0;2;2;15;1;
202000035281;154 680 406;A01;2;32;0;2;3;3;1;
202000035281;154 680 408;B01;2;7;0;2;5;17;1;
202000035282;154 680 407;A01;1;33;0;9;1;1;1;
202000035282;154 680 410;B01;2;1;0;2;1;13;5;
202000035283;154 680 409;B01;1;33;0;2;5;23;1;
202000035283;154 680 411;A01;1;7;0;2;3;2;1;
202000035284;154 680 401;A01;1;10;0;2;1;1;4;
202000035284;154 680 405;B01;1;7;0;2;1;1;4;
202000035285;154 680 402;A01;2;7;0;0;1;1;1;
202000035286;154 680 394;B01;0;40;0;2;1;1;3;
202000035286;154 680 399;A01;0;7;0;4;3;1;1;
202000035287;154 680 397;A01;1;7;0;1;1;1;1;
202000035288;154 680 392;A01;1;7;0;2;1;2;1;
202000035288;154 680 393;E01;1;7;0;2;4;2;1;
202000035288;154 680 396;B01;1;7;0;2;4;2;1;
202000035288;154 680 403;C01;1;7;0;2;4;2;1;
202000035288;154 680 404;D01;1;7;0;2;4;2;1;
202000035289;154 680 388;A01;2;30;11;0;1;13;3;
202000035290;154 680 386;Z01;1;30;0;2;1;9;1;
202000035290;154 680 387;A01;1;1;0;2;2;1;5;
202000035291;154 680 385;A01;2;1;0;0;0;1;5;
202000035292;154 680 383;B01;1;7;0;2;2;11;1;
202000035292;154 680 384;A01;1;30;0;2;2;1;1;
202000035293;154 680 381;A01;2;32;0;2;1;5;1;
202000035293;154 680 382;B01;1;33;0;2;1;1;1;
202000035294;154 680 380;A01;2;30;1;0;3;13;1;
202000035295;154 680 390;A01;1;7;0;2;2;0;1;
202000035295;154 680 391;B01;1;2;0;2;1;1;1;
202000035296;154 680 395;C01;3;10;0;0;8;16;1;
202000035296;154 680 398;B01;3;7;0;2;5;15;1;
202000035296;154 680 400;A01;3;33;0;2;1;17;1;
202000035297;154 680 376;A01;1;32;0;2;5;16;1;
202000035297;154 680 379;B01;1;7;0;2;3;1;2;
202000035298;154 680 373;A01;1;10;0;2;1;1;1;
202000035298;154 680 375;B01;1;7;0;2;9;1;1;
202000035298;154 680 377;C01;1;10;0;2;9;1;1;
202000035298;154 680 378;D01;1;7;0;2;5;1;1;
202000035299;154 680 371;A01;2;1;0;1;1;1;5;
202000035300;154 680 370;B01;3;7;0;2;4;0;1;
202000035300;154 680 372;A01;3;7;0;2;1;1;1;
202000035301;154 680 367;A01;2;7;12;0;0;14;1;
202000035302;154 680 389;A01;3;1;0;0;1;1;5;
202000035303;154 680 366;A01;1;7;0;1;1;0;1;
202000035304;154 680 368;B01;1;7;0;2;2;1;1;
202000035304;154 680 369;A01;1;7;0;2;3;2;1;
202000035305;154 680 365;A01;1;1;0;1;1;1;5;
202000035306;154 680 364;A01;1;20;0;0;0;21;1;
202000035307;154 680 362;A01;1;33;0;0;7;1;1;
202000035308;154 680 357;A01;1;7;0;2;1;2;1;
202000035308;154 680 359;B01;1;7;0;2;4;2;1;
202000035308;154 680 360;C01;1;7;0;2;4;2;1;
202000035309;154 680 356;B01;2;7;7;0;2;1;1;
202000035309;154 680 358;A01;1;33;7;0;2;13;1;
202000035310;154 680 352;B01;3;7;0;2;7;1;1;
202000035310;154 680 363;A01;0;1;0;2;1;1;5;
202000035311;154 680 351;A01;1;7;0;2;1;2;1;
202000035311;154 680 361;B01;2;7;0;2;4;2;1;
202000035312;154 680 349;A01;1;50;8;0;1;1;3;
202000035313;154 680 347;A01;2;31;0;2;2;1;1;
202000035313;154 680 348;Z01;1;7;0;2;4;1;1;
202000035314;154 680 345;Z01;2;7;0;2;0;8;0;
202000035314;154 680 346;A01;2;7;0;2;8;15;1;
202000035315;154 680 344;A01;2;99;0;1;1;26;1;
202000035316;154 680 341;A01;1;30;0;2;4;1;1;
202000035317;154 680 353;A01;1;33;13;0;0;1;1;
202000035318;154 680 339;A01;3;7;0;2;1;1;0;
202000035318;154 680 340;B01;3;7;0;2;4;23;0;
202000035319;154 680 342;A01;2;30;0;2;1;5;1;
202000035319;154 680 343;B01;2;7;0;2;3;15;1;
202000035320;154 680 338;A01;1;7;0;1;3;15;1;
202000035321;154 680 336;A01;2;7;0;1;1;1;2;
202000035322;154 680 337;A01;0;30;0;1;1;21;1;
202000035323;154 680 332;B01;0;32;0;2;1;2;1;
202000035323;154 680 334;A01;0;7;0;2;2;15;1;
202000035324;154 680 330;A01;1;37;0;1;3;26;1;1
202000035325;154 680 327;Z01;1;30;0;1;0;1;1;
202000035326;154 680 328;B01;2;33;0;2;7;1;1;
202000035326;154 680 331;A01;2;7;0;2;3;9;1;
202000035327;154 680 324;B01;1;7;0;2;4;2;0;
202000035327;154 680 326;A01;1;7;0;2;1;1;0;
202000035328;154 680 323;A01;1;31;0;2;1;1;1;
202000035328;154 680 325;B01;1;10;0;2;2;14;1;
202000035329;154 680 321;A01;3;7;0;1;1;1;1;
202000035330;154 680 317;B01;1;7;0;2;6;20;0;
202000035330;154 680 322;A01;1;7;0;2;7;17;0;
202000035331;154 680 316;B01;2;2;0;2;1;0;0;
202000035331;154 680 320;A01;1;7;0;2;3;15;1;
202000035332;154 680 318;B01;1;33;13;0;1;1;1;
202000035332;154 680 329;A01;1;33;13;0;1;1;1;
202000035333;154 680 319;A01;0;7;0;1;1;0;1;
202000035334;154 680 311;B01;1;99;0;2;8;1;3;
202000035334;154 680 315;A01;1;10;0;2;1;1;1;
202000035335;154 680 313;A01;1;7;0;1;1;1;1;
202000035336;154 680 312;A01;2;7;0;2;0;0;0;
202000035336;154 680 314;B01;1;34;0;2;0;0;6;
202000035337;154 680 309;B01;-1;1;0;2;1;26;5;
202000035337;154 680 310;A01;-1;7;0;2;1;9;1;
202000035338;154 680 307;A01;2;32;0;2;1;17;1;
202000035338;154 680 308;B01;2;7;0;2;6;20;1;
202000035339;154 680 301;A01;3;7;2;0;0;1;1;
202000035340;154 680 302;A01;1;32;0;2;7;17;1;
202000035340;154 680 306;B01;1;7;0;2;3;15;1;
202000035341;154 680 303;C01;2;14;0;2;3;1;1;
202000035341;154 680 304;B01;1;2;1;0;1;3;1;
202000035341;154 680 305;A01;1;7;0;2;8;23;1;
202000035342;154 680 297;B01;3;2;0;2;7;3;1;
202000035342;154 680 298;A01;3;7;0;2;3;13;1;
202000035343;154 680 296;A01;0;10;0;9;8;9;1;
202000035343;154 680 300;B01;0;32;0;0;0;0;0;
202000035344;154 680 294;A01;3;7;0;2;2;1;0;
202000035344;154 680 295;B01;3;2;0;2;1;9;0;
202000035345;154 680 293;A01;1;7;0;1;7;1;0;
202000035346;154 680 292;A01;1;7;4;0;1;1;1;
202000035347;154 680 299;A01;3;7;0;1;4;4;1;
202000035348;154 680 288;B01;1;7;0;2;1;1;1;
202000035348;154 680 291;A01;0;7;0;2;2;15;1;
202000035349;154 680 289;A01;3;7;0;2;1;1;1;
202000035349;154 680 290;B01;3;7;0;2;1;1;0;
202000035350;154 680 283;B01;2;15;0;2;3;1;1;
202000035350;154 680 284;C01;1;7;0;2;8;1;1;
202000035350;154 680 285;A01;1;7;0;2;1;13;1;
202000035351;154 680 281;A01;2;33;0;2;7;3;1;
202000035351;154 680 282;B01;2;7;0;2;6;11;1;
202000035352;154 680 276;A01;1;7;0;2;1;1;1;
202000035352;154 680 280;B01;1;7;0;2;4;1;1;
202000035353;154 680 274;B01;1;10;0;2;4;3;1;
202000035353;154 680 278;A01;1;31;0;2;1;3;1;
202000035354;154 680 275;B01;1;7;0;0;4;0;0;
202000035354;154 680 279;A01;1;7;0;2;1;2;0;
202000035355;154 680 271;A01;3;7;0;2;0;15;1;
202000035355;154 680 273;B01;3;30;0;2;8;0;1;
202000035356;154 680 270;A01;2;7;17;0;1;1;1;
202000035357;154 680 268;A01;2;7;0;6;1;1;1;
202000035358;154 680 266;B01;1;32;0;2;2;1;1;
202000035358;154 680 267;A01;1;7;0;2;8;11;1;
202000035359;154 680 265;A01;1;7;0;1;0;1;1;
202000035360;154 680 262;B01;0;7;0;2;2;1;1;
202000035360;154 680 264;A01;3;7;8;0;8;1;1;
202000035361;154 680 261;A01;1;7;0;2;3;11;1;
202000035361;154 680 263;B01;1;7;0;2;2;1;1;
202000035362;154 680 260;A01;1;10;2;0;3;2;1;
202000035363;154 680 272;A01;0;7;12;0;1;15;1;
202000035364;154 680 253;B01;2;7;0;2;2;1;1;
202000035364;154 680 255;A01;2;2;0;2;1;1;1;
202000035365;154 680 254;A01;3;7;0;9;3;9;1;
202000035365;154 680 257;B01;0;1;0;2;8;1;0;
202000035366;154 680 277;B01;3;7;0;0;6;23;1;
202000035366;154 680 286;A01;3;7;0;2;2;2;1;
202000035367;154 680 256;B01;1;7;0;2;4;2;1;
202000035367;154 680 258;A01;1;7;0;2;4;2;1;
202000035367;154 680 259;Z01;1;7;0;2;1;2;0;
202000035368;154 680 250;A01;1;7;2;0;1;1;0;
202000035369;154 680 251;A01;3;7;0;2;4;14;1;
202000035369;154 680 252;B01;3;10;0;2;1;1;1;
202000035370;154 680 247;A01;3;7;15;0;3;1;1;
202000035371;154 680 248;B01;1;43;0;2;1;3;1;
202000035371;154 680 249;A01;1;7;0;2;6;11;1;
202000035372;154 680 246;A01;1;10;0;1;2;15;1;
202000035373;154 680 241;B01;1;33;0;2;6;23;1;
202000035373;154 680 243;A01;1;7;0;2;7;1;1;
202000035374;154 680 237;A01;1;7;0;2;1;17;0;
202000035374;154 680 238;B01;1;7;0;2;8;15;1;
202000035375;154 680 239;A01;3;7;0;2;2;1;1;
202000035375;154 680 244;B01;3;2;0;2;1;9;1;
202000035376;154 680 236;B01;2;7;0;2;4;23;1;
202000035376;154 680 245;A01;2;50;0;2;1;1;3;
202000035377;154 680 231;A01;0;7;0;0;0;0;1;
202000035378;154 680 232;B01;1;2;0;2;7;17;1;
202000035378;154 680 234;A01;1;1;0;2;8;15;5;
202000035379;154 680 230;A01;2;3;0;2;2;15;1;
202000035379;154 680 233;B01;2;10;0;2;1;1;1;
202000035380;154 680 229;A01;1;33;0;0;1;0;1;
202000035381;154 680 227;A01;1;7;0;1;7;1;1;
202000035382;154 680 224;A01;0;33;0;2;1;1;1;
202000035382;154 680 240;Z01;3;7;0;2;5;1;0;
202000035383;154 680 223;A01;1;30;0;2;8;1;1;
202000035383;154 680 225;B01;2;7;0;2;7;1;1;
202000035384;154 680 222;A01;1;7;13;0;3;1;1;
202000035385;154 680 219;A01;2;50;0;1;1;25;3;
202000035386;154 680 218;A01;3;37;9;1;2;7;1;1
202000035387;154 680 220;A01;3;7;0;2;1;1;1;
202000035387;154 680 221;B01;3;1;0;2;8;1;5;
202000035388;154 680 215;B01;1;30;0;2;0;1;1;
202000035388;154 680 217;A01;2;10;0;2;0;20;1;
202000035389;154 680 214;B01;3;15;0;0;4;1;1;
202000035389;154 680 216;A01;0;7;0;2;1;1;1;
202000035390;154 680 212;A01;0;7;11;0;3;1;1;
202000035391;154 680 209;A01;0;7;0;2;3;13;0;
202000035391;154 680 213;B01;1;7;0;2;3;1;0;
202000035392;154 680 210;A01;2;7;2;0;1;1;1;
202000035393;154 680 226;A01;1;7;0;0;0;17;1;
202000035394;154 680 208;B01;3;1;0;2;8;1;5;
202000035394;154 680 211;A01;1;37;0;2;5;17;1;1
202000035395;154 680 205;B01;2;7;0;2;2;1;1;
202000035395;154 680 206;A01;1;7;8;2;1;1;1;
202000035396;154 680 207;A01;1;10;11;0;1;1;1;
202000035397;154 680 201;A01;2;7;0;1;2;15;1;
202000035398;154 680 197;A01;0;7;0;2;8;1;1;
202000035398;154 680 203;B01;0;33;0;2;8;1;1;
202000035399;154 680 200;Z01;2;2;0;1;1;2;3;
202000035400;154 680 198;A01;2;7;0;2;2;15;4;
202000035400;154 680 204;B01;2;10;0;2;6;0;1;
202000035401;154 680 199;B01;1;7;0;2;4;21;1;
202000035401;154 680 202;A01;1;31;0;2;1;2;1;
202000035402;154 680 196;A01;1;7;13;0;1;1;1;
202000035403;154 680 193;A01;1;7;0;2;3;15;1;
202000035403;154 680 194;B01;1;1;0;2;1;1;5;
202000035404;154 680 190;A01;2;7;13;0;1;1;1;