num_acc;id_vehicule;num_veh;senc;catv;obs;obsm;choc;manv;motor;occutc
202000035960;154 679 192;A01;2;7;0;2;8;1;1;
202000035960;154 679 193;B01;1;1;0;2;2;19;5;
202000035961;154 679 190;B01;1;38;0;2;4;2;0;2
202000035961;154 679 191;A01;1;7;0;2;1;26;0;
202000035962;154 679 189;Z01;3;7;0;1;1;1;0;
202000035963;154 679 187;A01;1;7;0;2;1;15;1;
202000035963;154 679 188;B01;2;7;0;2;3;1;1;
202000035964;154 679 185;A01;0;7;0;2;1;2;1;
202000035964;154 679 186;B01;0;7;0;2;4;2;1;
202000035965;154 679 183;A01;1;7;0;2;1;15;1;
202000035965;154 679 184;B01;1;7;0;2;7;1;1;
202000035966;154 679 181;A01;1;7;0;2;2;19;1;
202000035966;154 679 182;B01;1;2;0;2;1;2;1;
202000035967;154 679 179;B01;2;7;0;2;4;1;1;
202000035967;154 679 180;A01;2;33;0;2;1;2;1;
202000035968;154 679 177;A01;1;7;0;2;3;9;0;
202000035968;154 679 178;B01;1;32;0;2;1;1;1;
202000035969;154 679 175;A01;1;10;7;2;2;26;1;
202000035969;154 679 176;B01;1;7;0;2;3;26;1;
202000035970;154 679 172;A01;1;33;0;2;1;3;1;
202000035970;154 679 173;B01;1;7;0;2;5;1;1;
202000035970;154 679 174;C01;1;7;0;2;8;1;1;
202000035971;154 679 170;B01;1;10;0;2;6;2;1;
202000035971;154 679 171;A01;1;33;0;2;1;2;1;
202000035972;154 679 167;A01;1;32;0;2;2;3;1;
202000035972;154 679 168;C01;1;7;0;2;7;1;3;
202000035972;154 679 169;B01;1;10;0;2;6;1;1;
202000035973;154 679 165;A01;2;14;0;2;2;1;1;
202000035973;154 679 166;B01;2;7;0;2;8;9;1;
202000035974;154 679 163;A01;2;32;0;2;7;2;1;
202000035974;154 679 164;Z01;2;7;0;2;0;18;0;
202000035975;154 679 162;A01;1;43;4;0;3;13;1;
202000035976;154 679 161;A01;2;33;14;0;0;13;1;
202000035977;154 679 160;A01;2;10;0;1;4;4;1;
202000035978;154 679 158;A01;1;10;0;2;2;16;3;
202000035978;154 679 159;B01;1;50;0;2;1;1;3;
202000035979;154 679 156;Z01;1;7;0;2;0;1;0;
202000035979;154 679 157;A01;2;2;0;2;3;1;1;
202000035980;154 679 154;A01;2;7;0;2;3;8;1;
202000035980;154 679 155;B01;1;1;0;2;8;19;5;
202000035981;154 679 152;A01;1;7;0;2;8;22;1;
202000035981;154 679 153;B01;1;1;0;2;1;1;5;
202000035982;154 679 150;A01;3;1;0;2;1;19;5;
202000035982;154 679 151;B01;3;7;0;2;1;15;1;
202000035983;154 679 149;A01;1;7;0;1;2;1;2;
202000035984;154 679 147;B01;1;7;0;2;5;15;1;
202000035984;154 679 148;A01;1;32;0;2;2;2;1;
202000035985;154 679 145;B01;1;43;0;2;4;23;1;
202000035985;154 679 146;A01;1;33;0;2;1;2;1;
202000035986;154 679 143;B01;1;32;0;2;4;0;1;
202000035986;154 679 144;A01;1;7;0;2;4;2;1;
202000035987;154 679 141;A01;2;7;0;2;2;16;1;
202000035987;154 679 142;B01;2;32;0;2;3;1;1;
202000035988;154 679 139;B01;1;7;0;9;2;1;1;
202000035988;154 679 140;A01;2;1;0;2;8;15;5;
202000035989;154 679 137;B01;2;7;0;2;8;1;2;
202000035989;154 679 138;A01;1;33;0;2;1;17;1;
202000035990;154 679 136;A01;1;7;0;0;0;0;0;
202000035991;154 679 134;B01;1;7;0;0;6;15;1;
202000035991;154 679 135;A01;1;33;0;2;1;2;1;
202000035992;154 679 132;A01;3;7;0;2;3;9;1;
202000035992;154 679 133;B01;1;7;0;2;1;1;1;
202000035993;154 679 129;A01;1;7;0;0;0;1;1;
202000035993;154 679 130;B01;2;7;0;0;6;1;1;
202000035993;154 679 131;C01;2;7;0;0;1;1;1;
202000035994;154 679 126;A01;2;7;13;0;8;1;1;
202000035995;154 679 124;A01;2;33;0;2;7;15;1;
202000035995;154 679 125;B01;1;7;0;2;1;1;1;
202000035996;154 679 122;B01;1;7;0;2;3;1;1;
202000035996;154 679 123;A01;2;7;0;2;1;13;1;
202000035997;154 679 121;A01;1;33;0;0;8;1;1;
202000035998;154 679 117;A01;1;7;13;0;9;17;1;
202000035999;154 679 116;A01;2;13;6;0;1;1;1;
202000036000;154 679 114;A01;3;32;0;2;1;13;1;
202000036000;154 679 115;B01;3;30;0;2;1;1;1;
202000036001;154 679 112;B01;3;7;0;2;2;1;1;
202000036001;154 679 113;A01;3;31;0;2;1;13;1;
202000036002;154 679 110;A01;3;7;0;1;4;23;1;
202000036002;154 679 111;B01;3;7;0;2;1;1;1;
202000036003;154 679 108;A01;1;7;13;2;5;9;1;
202000036003;154 679 109;B01;1;13;0;2;3;9;0;
202000036004;154 679 106;A01;3;7;0;0;7;19;6;
202000036004;154 679 107;B01;2;33;0;2;1;1;1;
202000036005;154 679 105;A01;2;7;2;0;8;0;1;
202000036006;154 679 103;B01;2;33;0;2;5;2;1;
202000036006;154 679 104;A01;2;7;0;2;3;2;1;
202000036007;154 679 101;A01;0;7;0;2;1;2;0;
202000036007;154 679 102;B01;0;1;0;2;4;2;5;
202000036008;154 679 100;A01;1;33;3;0;7;1;1;
202000036009;154 679 098;A01;0;7;0;2;2;15;1;
202000036009;154 679 099;B01;0;33;0;2;1;1;1;
202000036010;154 679 097;A01;0;7;0;0;1;15;1;
202000036011;154 679 096;A01;3;32;0;0;7;16;1;
202000036012;154 679 094;B01;1;2;0;2;1;17;1;
202000036012;154 679 095;A01;1;7;0;2;3;15;1;
202000036013;154 679 093;A01;2;33;3;0;1;1;1;
202000036014;154 679 092;A01;1;33;0;0;8;2;1;
202000036015;154 679 090;A01;1;7;0;2;1;13;1;
202000036015;154 679 091;B01;2;7;0;2;1;1;1;
202000036016;154 679 088;B01;1;7;0;2;7;19;1;
202000036016;154 679 089;A01;2;2;0;2;1;1;1;
202000036017;154 679 087;A01;1;33;3;0;8;14;1;
202000036018;154 679 085;B01;3;1;0;2;0;13;5;
202000036018;154 679 086;A01;3;7;0;9;2;13;1;
202000036019;154 679 083;B01;2;7;0;2;3;1;1;
202000036019;154 679 084;A01;1;7;0;2;3;13;1;
202000036020;154 679 081;B01;2;7;0;2;6;1;1;
202000036020;154 679 082;A01;2;7;0;2;2;9;1;
202000036021;154 679 079;B01;2;10;0;2;1;1;1;
202000036021;154 679 080;A01;1;7;0;2;1;5;1;
202000036022;154 679 076;A01;1;7;0;2;1;2;1;
202000036022;154 679 077;B01;1;7;0;2;4;2;1;
202000036022;154 679 078;C01;1;7;0;2;1;2;1;
202000036023;154 679 074;B01;1;34;14;0;3;2;1;
202000036023;154 679 075;A01;1;7;0;2;2;2;1;
202000036024;154 679 072;A01;2;7;0;2;1;1;1;
202000036024;154 679 073;B01;2;7;0;2;4;2;1;
202000036025;154 679 070;A01;2;7;0;2;7;12;1;
202000036025;154 679 071;B01;2;33;0;2;8;3;1;
202000036026;154 679 069;A01;1;31;0;2;3;21;1;
202000036027;154 679 067;B01;2;7;0;2;5;2;1;
202000036027;154 679 068;A01;2;33;0;2;3;1;1;
202000036028;154 679 065;A01;1;31;0;2;3;21;1;
202000036028;154 679 066;B01;1;7;0;2;5;2;1;
202000036029;154 679 063;A01;1;7;0;2;3;21;1;
202000036029;154 679 064;B01;1;7;0;9;1;18;1;
202000036030;154 679 061;A01;1;43;0;2;3;3;1;
202000036030;154 679 062;B01;1;7;0;2;2;12;1;
202000036031;154 679 059;B01;1;10;0;2;4;2;1;
202000036031;154 679 060;A01;1;7;0;2;1;2;1;
202000036032;154 679 057;A01;2;33;0;2;2;3;1;
202000036032;154 679 058;B01;2;7;0;2;4;1;1;
202000036033;154 679 055;B01;1;7;0;2;6;1;1;
202000036033;154 679 056;A01;1;14;0;2;2;12;1;
202000036034;154 679 053;B01;2;7;4;2;4;1;1;
202000036034;154 679 054;A01;2;15;0;2;1;12;1;
202000036035;154 679 051;A01;2;7;0;2;1;16;1;
202000036035;154 679 052;B01;1;7;0;2;3;1;1;
202000036036;154 679 049;A01;2;7;1;0;2;10;1;
202000036036;154 679 050;B01;2;32;0;2;3;1;1;
202000036037;154 679 048;A01;2;7;0;1;1;26;1;
202000036038;154 679 047;B01;1;10;0;1;8;16;1;
202000036039;154 679 045;A01;1;7;0;2;7;9;1;
202000036039;154 679 046;B01;1;32;0;2;8;1;0;
202000036040;154 679 041;A01;1;33;0;2;1;17;1;
202000036040;154 679 042;B01;1;7;0;2;8;1;1;
202000036040;154 679 043;C01;1;7;0;2;8;1;1;
202000036040;154 679 044;D01;1;2;0;2;0;1;1;
202000036041;154 679 039;B01;1;30;0;2;4;9;1;
202000036041;154 679 040;A01;1;7;0;2;1;9;1;
202000036042;154 679 037;A01;2;7;0;2;2;26;1;
202000036042;154 679 038;B01;2;1;0;2;4;15;5;
202000036043;154 679 036;A01;1;7;1;0;1;21;1;
202000036044;154 679 034;A01;1;7;0;2;2;15;1;
202000036044;154 679 035;B01;1;2;0;2;6;2;3;
202000036045;154 679 032;A01;2;10;0;2;1;26;1;
202000036045;154 679 033;B01;2;10;0;2;4;1;4;
202000036046;154 679 030;B01;1;7;0;9;4;23;1;
202000036046;154 679 031;A01;1;1;0;2;1;1;5;
202000036047;154 679 028;A01;2;7;0;2;3;15;2;
202000036047;154 679 029;B01;1;1;0;2;1;1;5;
202000036048;154 679 026;B01;2;2;0;2;1;1;0;
202000036048;154 679 027;A01;1;7;0;2;3;15;2;
202000036049;154 679 025;A01;3;7;0;1;1;15;1;
202000036050;154 679 023;A01;1;7;0;2;2;1;1;
202000036050;154 679 024;B01;1;7;0;2;1;1;1;
202000036051;154 679 021;B01;2;31;0;2;1;0;1;
202000036051;154 679 022;A01;2;7;0;9;5;15;1;
202000036052;154 679 020;A01;2;1;8;0;1;13;5;
202000036053;154 679 018;B01;2;1;0;2;7;19;5;
202000036053;154 679 019;A01;1;7;0;2;3;1;1;
202000036054;154 679 016;A01;2;7;0;2;2;1;1;
202000036054;154 679 017;B01;0;50;0;2;3;1;3;
202000036055;154 679 013;C01;0;10;0;2;1;0;1;
202000036055;154 679 014;B01;0;7;0;2;5;1;1;
202000036055;154 679 015;A01;0;7;0;2;6;4;1;
202000036056;154 679 012;A01;3;30;14;0;0;0;1;
202000036057;154 679 010;A01;1;7;0;2;7;15;1;
202000036057;154 679 011;B01;1;7;0;2;1;1;1;
202000036058;154 679 009;A01;2;7;0;1;3;1;1;
202000036059;154 679 007;A01;1;7;0;9;1;19;1;
202000036059;154 679 008;B01;2;1;0;2;1;19;5;
202000036060;154 679 005;A01;1;1;0;2;1;9;5;
202000036060;154 679 006;B01;2;7;0;2;1;1;1;
202000036061;154 679 003;B01;2;1;0;2;0;19;5;
202000036061;154 679 004;A01;1;7;0;2;1;1;1;
202000036062;154 679 002;A01;1;7;0;1;1;16;1;
202000036063;154 679 001;A01;1;33;0;1;1;1;1;
202000036064;154 678 997;D01;2;7;0;2;4;23;1;
202000036064;154 678 998;C01;2;7;0;2;4;23;1;
202000036064;154 678 999;B01;2;7;0;2;4;23;1;
202000036064;154 679 000;A01;2;7;0;2;1;2;1;
202000036065;154 678 995;B01;2;7;0;2;4;2;1;
202000036065;154 678 996;A01;2;7;0;2;1;2;1;
202000036066;154 678 993;B01;3;1;0;2;0;0;5;
202000036066;154 678 994;A01;2;7;0;2;3;9;1;
202000036067;154 678 991;A01;1;10;0;2;2;16;1;
202000036067;154 678 992;B01;1;2;0;2;8;18;1;
202000036068;154 678 990;A01;2;33;0;0;9;17;1;
202000036069;154 678 988;A01;0;1;1;0;1;19;5;
202000036069;154 678 989;B01;0;7;1;0;2;1;1;
202000036070;154 678 987;A01;2;7;1;0;2;14;1;
202000036071;154 678 985;A01;1;7;0;2;8;15;1;
202000036071;154 678 986;B01;1;30;0;2;1;17;1;
202000036072;154 678 984;A01;3;7;1;0;0;1;0;
202000036073;154 678 981;A01;2;10;0;2;2;1;1;
202000036073;154 678 982;B01;2;7;0;2;1;1;1;
202000036074;154 678 980;A01;0;37;0;1;3;15;1;1
202000036075;154 678 978;B01;1;1;0;2;0;0;5;
202000036075;154 678 979;A01;1;7;0;2;2;0;1;
202000036076;154 678 976;B01;2;31;0;2;1;1;1;
202000036076;154 678 977;A01;1;10;0;2;5;15;1;
202000036077;154 678 974;E01;2;34;0;0;4;2;1;
202000036077;154 678 975;A01;2;7;14;2;1;26;1;
202000036078;154 678 972;B01;1;1;0;2;7;1;5;
202000036078;154 678 973;A01;3;7;0;2;1;1;1;
202000036079;154 678 968;B01;0;33;0;2;6;1;1;
202000036079;154 678 969;A01;0;7;0;2;2;1;1;
202000036080;154 678 966;B01;2;7;0;2;4;2;1;
202000036080;154 678 967;A01;2;10;0;2;1;2;1;
202000036081;154 678 964;Z01;1;7;0;2;6;1;1;
202000036081;154 678 965;B01;1;33;0;2;1;1;1;
202000036082;154 678 962;B01;2;7;0;2;8;15;1;
202000036082;154 678 963;A01;1;33;0;2;1;1;1;
202000036083;154 678 961;A01;2;7;0;0;9;13;1;
202000036084;154 678 960;A01;1;7;0;1;1;1;1;
202000036085;154 678 958;A01;0;7;0;1;3;1;1;
202000036086;154 678 956;B01;2;1;0;2;1;2;0;
202000036086;154 678 957;A01;2;7;0;9;1;9;1;
202000036087;154 678 954;B01;3;30;0;2;1;1;1;
202000036087;154 678 955;A01;3;7;0;2;3;1;1;
202000036088;154 678 952;A01;1;7;0;2;7;1;1;
202000036088;154 678 953;B01;1;30;0;2;8;1;1;
202000036089;154 678 950;B01;1;7;0;2;4;1;1;
202000036089;154 678 951;A01;1;30;0;2;1;1;1;
202000036090;154 678 948;A01;1;7;0;2;1;26;1;
202000036090;154 678 949;B01;1;3;0;2;5;26;1;
202000036091;154 678 946;A01;2;7;0;2;8;11;1;
202000036091;154 678 947;B01;2;7;0;2;2;2;1;
202000036092;154 678 944;A01;0;7;0;2;8;13;0;
202000036092;154 678 945;B01;1;1;0;2;7;1;5;
202000036093;154 678 942;A01;1;7;0;2;3;15;1;
202000036093;154 678 943;B01;2;2;0;2;1;0;1;
202000036094;154 678 940;A01;1;30;0;2;1;17;1;
202000036094;154 678 941;B01;1;7;0;2;3;15;1;
202000036095;154 678 938;A01;1;7;0;2;2;1;-1;
202000036095;154 678 939;B01;1;7;0;2;3;1;-1;
202000036096;154 678 936;B01;2;7;0;2;2;22;1;
202000036096;154 678 937;A01;2;14;1;1;6;1;1;
202000036097;154 678 935;A01;3;7;4;0;0;11;1;
202000036098;154 678 934;A01;3;33;0;0;0;1;1;
202000036099;154 678 932;A01;1;7;0;2;2;15;1;
202000036099;154 678 933;D01;1;31;0;2;1;1;1;
202000036100;154 678 928;D01;2;7;0;2;4;2;6;
202000036100;154 678 929;C01;2;7;0;2;4;2;1;
202000036100;154 678 930;B01;2;7;0;2;4;2;1;
202000036100;154 678 931;A01;2;7;0;2;1;2;1;
202000036101;154 678 926;A01;2;32;0;2;8;3;1;
202000036101;154 678 927;B01;2;10;0;2;6;1;1;
202000036102;154 678 924;A01;2;33;0;2;7;21;1;
202000036102;154 678 925;B01;2;7;0;2;8;1;1;
202000036103;154 678 922;B01;2;30;0;2;1;1;1;
202000036103;154 678 923;A01;2;1;0;2;4;1;5;
202000036104;154 678 920;B01;2;1;0;2;1;1;5;
202000036104;154 678 921;A01;1;1;0;2;1;5;5;
202000036105;154 678 919;A01;1;1;0;1;8;1;5;
202000036106;154 678 918;A01;1;30;0;1;3;17;1;
202000036107;154 678 917;A01;2;33;0;1;1;1;1;
202000036108;154 678 915;A01;3;7;0;2;3;1;1;
202000036108;154 678 916;B01;3;50;0;2;7;1;3;
202000036109;154 678 914;A01;2;1;0;0;0;1;5;
202000036110;154 678 912;A01;1;7;0;2;4;4;1;
202000036110;154 678 913;B01;1;1;0;2;1;1;5;
202000036111;154 678 911;A01;2;50;0;0;0;1;3;
202000036112;154 678 909;B01;1;33;0;2;1;2;1;
202000036112;154 678 910;A01;1;10;0;2;6;2;1;
202000036113;154 678 907;A01;1;7;0;2;1;19;0;
202000036113;154 678 908;B01;2;31;0;2;1;19;0;
202000036114;154 678 906;A01;2;31;0;1;1;1;1;
202000036115;154 678 904;A01;0;7;0;2;3;17;1;
202000036115;154 678 905;B01;0;31;0;2;1;17;1;
202000036116;154 678 901;C01;2;7;0;2;4;23;1;
202000036116;154 678 902;B01;2;3;0;2;4;23;1;
202000036116;154 678 903;A01;2;7;0;2;1;1;1;
202000036117;154 678 900;A01;1;7;1;1;3;11;0;
202000036118;154 678 898;A01;3;7;1;0;3;11;1;
202000036118;154 678 899;B01;3;1;1;0;0;0;0;
202000036119;154 678 897;A01;1;7;0;1;8;1;1;
202000036120;154 678 895;B01;3;7;0;2;0;15;1;
202000036120;154 678 896;A01;-1;31;0;2;0;17;1;
202000036121;154 678 893;B01;2;10;0;2;0;2;0;
202000036121;154 678 894;A01;2;7;0;2;4;23;0;
202000036122;154 678 891;A01;-1;7;0;2;2;9;0;
202000036122;154 678 892;B01;-1;99;0;2;0;26;0;
202000036123;154 678 889;A01;0;7;0;2;0;0;6;
202000036123;154 678 890;B01;0;2;0;2;0;0;0;
202000036124;154 678 887;B01;2;2;0;2;1;18;6;
202000036124;154 678 888;A01;2;10;0;2;2;1;1;
202000036125;154 678 886;A01;2;80;12;0;0;1;3;
202000036126;154 678 884;A01;2;30;0;2;1;2;0;
202000036126;154 678 885;B01;2;7;7;0;6;2;0;
202000036127;154 678 882;A01;1;32;0;2;1;2;1;
202000036127;154 678 883;B01;1;7;0;2;4;10;1;
202000036128;154 678 881;A01;1;7;0;1;5;4;0;
202000036129;154 678 879;B01;1;33;0;2;1;3;1;
202000036129;154 678 880;A01;2;7;0;2;2;15;1;
202000036130;154 678 877;A01;2;7;0;2;7;10;1;
202000036130;154 678 878;B01;1;7;0;2;1;1;1;
202000036131;154 678 875;B01;1;31;0;2;5;3;1;
202000036131;154 678 876;A01;2;7;0;2;8;15;1;
202000036132;154 678 873;B01;0;7;0;0;3;19;1;
202000036132;154 678 874;A01;0;41;0;0;1;0;1;
202000036133;154 678 871;B01;2;7;0;2;1;15;1;
202000036133;154 678 872;A01;1;33;0;2;3;18;1;
202000036134;154 678 870;A01;1;7;7;0;1;16;1;
202000036135;154 678 868;A01;1;7;0;2;6;13;1;
202000036135;154 678 869;B01;2;7;0;2;1;0;1;
202000036136;154 678 866;A01;2;7;0;2;8;11;1;
202000036136;154 678 867;B01;2;33;0;2;7;17;1;
202000036137;154 678 864;B01;1;2;0;2;4;1;1;
202000036137;154 678 865;A01;1;10;0;2;1;1;1;
202000036138;154 678 862;A01;2;2;0;2;1;19;1;
202000036138;154 678 863;B01;2;7;0;2;3;1;1;
202000036139;154 678 860;B01;0;30;0;2;4;0;1;
202000036139;154 678 861;A01;0;7;0;2;1;0;1;
202000036140;154 678 857;A01;1;7;0;2;1;1;1;
202000036140;154 678 858;B01;1;7;0;2;4;1;1;
202000036140;154 678 859;C01;1;7;0;2;4;1;1;
202000036141;154 678 856;A01;1;33;0;0;1;1;1;
202000036142;154 678 855;A01;3;33;0;0;9;1;1;
202000036143;154 678 853;B01;2;1;0;2;8;1;5;
202000036143;154 678 854;A01;0;7;0;9;3;1;6;
202000036144;154 678 851;B01;1;31;0;2;1;1;0;
202000036144;154 678 852;A01;1;7;0;2;7;9;0;
202000036145;154 678 849;B01;2;10;0;2;3;1;1;
202000036145;154 678 850;A01;1;10;12;2;3;1;1;
202000036146;154 678 848;A01;1;33;11;0;1;17;1;
202000036147;154 678 846;B01;2;7;0;2;2;1;1;
202000036147;154 678 847;A01;1;31;0;2;3;18;1;
202000036148;154 678 845;A01;1;21;0;0;7;1;6;
202000036149;154 678 844;A01;1;33;0;0;2;1;1;
202000036150;154 678 842;B01;2;1;0;2;3;1;5;
202000036150;154 678 843;A01;1;7;0;2;1;15;1;
202000036151;154 678 841;A01;2;31;0;0;0;0;0;
202000036152;154 678 840;A01;1;2;13;0;1;2;0;
202000036153;154 678 837;B01;2;7;0;2;1;1;1;
202000036153;154 678 838;A01;1;7;0;2;7;1;1;
202000036154;154 678 833;A01;2;7;0;2;3;13;1;
202000036154;154 678 834;B01;1;7;0;2;1;17;1;
202000036154;154 678 835;C01;2;7;5;2;1;2;1;
202000036154;154 678 836;D01;1;7;0;9;1;2;1;
202000036155;154 678 832;A01;1;7;0;0;1;19;1;
202000036156;154 678 831;A01;2;1;0;0;0;1;-1;
202000036157;154 678 830;A01;2;7;2;0;3;13;3;
202000036158;154 678 829;A01;2;10;16;0;2;1;1;
202000036159;154 678 826;B01;1;7;0;2;2;21;1;
202000036159;154 678 827;A01;1;7;0;2;1;10;1;
202000036159;154 678 828;C01;1;2;0;2;1;1;1;
202000036160;154 678 825;A01;2;10;0;1;1;1;1;
202000036161;154 678 823;B01;1;15;0;0;8;1;1;
202000036161;154 678 824;A01;1;7;0;2;7;14;1;
202000036162;154 678 822;A01;1;7;13;0;1;2;1;
202000036163;154 678 818;D01;0;7;0;9;8;23;1;
202000036163;154 678 819;C01;0;7;0;2;8;23;1;
202000036163;154 678 820;B01;1;7;12;2;7;1;1;
202000036163;154 678 821;A01;1;7;12;2;1;17;0;
202000036164;154 678 816;B01;2;7;0;2;1;2;1;
202000036164;154 678 817;A01;2;7;0;0;4;1;6;
202000036165;154 678 815;A01;2;7;0;1;2;21;1;
202000036166;154 678 813;A01;2;2;0;0;7;1;1;
202000036166;154 678 814;B01;1;7;0;2;1;19;1;
202000036167;154 678 811;A01;1;31;0;2;1;1;1;
202000036167;154 678 812;B01;2;21;0;0;8;1;1;
202000036168;154 678 810;A01;0;31;0;0;0;2;1;
202000036169;154 678 808;B01;3;31;0;2;8;1;1;
202000036169;154 678 809;A01;2;7;0;2;2;1;1;
202000036170;154 678 806;A01;3;7;0;2;3;26;1;
202000036170;154 678 807;B01;3;7;0;2;2;1;1;
202000036171;154 678 804;A01;1;10;0;2;8;13;1;
202000036171;154 678 805;B01;2;7;0;2;8;1;1;
202000036172;154 678 802;A01;2;7;0;2;1;26;1;
202000036172;154 678 803;B01;2;2;0;2;1;1;1;
202000036173;154 678 801;A01;1;7;15;0;1;0;1;
202000036174;154 678 799;A01;0;10;0;9;3;16;1;
202000036174;154 678 800;B01;3;1;0;0;8;19;5;
202000036175;154 678 797;B01;3;1;0;2;6;2;6;
202000036175;154 678 798;A01;3;7;0;2;2;2;0;
202000036176;154 678 795;B01;2;7;0;2;8;13;1;
202000036176;154 678 796;A01;1;3;0;2;8;13;1;
202000036177;154 678 793;A01;2;7;0;0;6;15;1;
202000036177;154 678 794;B01;2;33;0;2;1;17;1;
202000036178;154 678 792;A01;1;7;13;0;1;1;1;
202000036179;154 678 789;A01;0;7;0;9;3;1;1;
202000036179;154 678 790;B01;0;1;0;2;1;1;5;
202000036180;154 678 787;A01;2;7;0;2;8;9;1;
202000036180;154 678 788;B01;2;30;0;2;1;1;1;
202000036181;154 678 786;A01;2;10;0;1;2;1;1;
202000036182;154 678 784;A01;1;34;0;2;8;2;1;
202000036182;154 678 785;B01;1;7;0;2;7;16;1;
202000036183;154 678 783;A01;2;7;2;0;1;14;1;
202000036184;154 678 780;A01;1;2;0;2;3;9;1;
202000036184;154 678 781;C01;1;7;0;2;4;1;1;
202000036184;154 678 782;B01;1;7;0;2;1;1;1;
202000036185;154 678 778;A01;2;7;0;2;3;5;1;
202000036185;154 678 779;B01;1;7;0;2;2;1;1;
202000036186;154 678 776;A01;1;10;0;2;2;21;1;
202000036186;154 678 777;B01;1;7;0;0;6;23;1;
202000036187;154 678 774;B01;2;15;0;0;1;2;1;
202000036187;154 678 775;A01;2;7;0;0;4;0;1;
202000036188;154 678 773;A01;2;7;6;0;1;1;1;
202000036189;154 678 769;B01;0;33;0;2;1;26;1;
202000036189;154 678 770;A01;3;7;0;2;4;4;1;
202000036190;154 678 768;A01;1;15;0;1;2;1;1;
202000036191;154 678 767;A01;0;2;0;1;1;1;1;
202000036192;154 678 766;A01;1;33;15;0;8;2;1;
202000036193;154 678 765;A01;1;7;2;0;1;1;1;
202000036194;154 678 763;A01;3;7;0;2;3;10;1;
202000036194;154 678 764;B01;3;2;0;2;2;1;1;
202000036195;154 678 762;A01;3;2;0;0;5;0;1;
202000036196;154 678 761;A01;3;33;0;0;8;1;1;
202000036197;154 678 759;B01;2;7;4;2;6;13;1;
202000036197;154 678 760;C01;2;0;-1;2;-1;12;-1;
202000036198;154 678 755;B01;1;7;0;2;6;15;1;
202000036198;154 678 756;A01;1;30;0;2;1;1;1;
202000036199;154 678 753;B01;1;10;0;2;2;1;1;
202000036199;154 678 754;A01;2;33;0;2;7;1;1;
202000036200;154 678 751;A01;2;7;0;2;7;17;1;
202000036200;154 678 752;B01;2;33;0;2;8;1;1;
202000036201;154 678 750;A01;2;7;0;1;2;1;1;
202000036202;154 678 749;A01;3;7;10;0;3;16;1;
202000036203;154 678 747;B01;3;31;0;2;1;1;1;
202000036203;154 678 748;A01;3;7;0;2;3;15;1;
202000036204;154 678 745;A01;1;10;0;2;2;1;1;
202000036204;154 678 746;B01;1;2;0;2;8;9;1;
202000036205;154 678 743;B01;1;7;0;2;2;9;1;
202000036205;154 678 744;A01;1;10;0;2;1;9;1;
202000036206;154 678 740;C01;2;3;0;2;2;1;1;
202000036206;154 678 741;B01;1;33;0;2;7;17;1;
202000036206;154 678 742;A01;1;7;0;2;3;15;1;
202000036207;154 678 739;A01;1;2;6;0;2;26;1;
202000036208;154 678 736;A01;1;7;0;2;1;1;1;
202000036208;154 678 737;B01;1;7;0;2;4;23;1;
202000036208;154 678 738;C01;1;7;0;2;4;23;1;
202000036209;154 678 734;Z01;2;7;0;0;0;0;0;
202000036209;154 678 735;A01;1;7;0;2;7;21;0;
202000036210;154 678 731;A01;1;10;0;2;1;2;0;
202000036210;154 678 732;B01;1;7;0;2;3;23;0;
202000036210;154 678 733;C01;1;7;0;2;4;23;0;
202000036211;154 678 729;B01;1;7;0;2;1;1;1;
202000036211;154 678 730;A01;2;31;0;2;8;1;1;
202000036212;154 678 726;A01;2;2;0;2;1;17;1;
202000036212;154 678 727;B01;2;7;0;2;3;15;1;
202000036213;154 678 723;A01;2;7;0;2;1;26;1;
202000036213;154 678 724;C01;2;7;0;2;6;0;1;
202000036213;154 678 725;B01;2;7;0;2;6;0;1;
202000036214;154 678 721;A01;3;7;0;9;1;1;1;
202000036214;154 678 722;B01;1;1;0;2;0;0;5;
202000036215;154 678 720;A01;1;7;13;0;1;13;1;
202000036216;154 678 719;A01;1;30;0;0;0;1;1;
202000036217;154 678 717;B01;1;2;0;2;2;21;1;
202000036217;154 678 718;A01;1;7;0;2;3;9;1;
202000036218;154 678 716;A01;2;7;15;0;5;1;1;
202000036219;154 678 714;B01;2;1;0;2;8;7;5;
202000036219;154 678 715;A01;2;7;0;2;2;16;1;
202000036220;154 678 713;A01;2;37;0;1;5;7;1;1
202000036221;154 678 711;B01;1;7;0;2;4;23;1;
202000036221;154 678 712;A01;1;7;0;2;1;2;1;
202000036222;154 678 709;A01;2;1;0;2;3;15;5;
202000036222;154 678 710;Z01;2;7;0;2;0;1;0;
202000036223;154 678 708;A01;1;7;0;1;4;4;1;
202000036224;154 678 707;A01;2;10;0;1;6;1;3;
202000036225;154 678 705;A01;2;50;0;2;1;5;3;
202000036225;154 678 706;B01;1;30;0;2;3;9;3;
202000036226;154 678 704;A01;1;10;0;0;9;0;1;
202000036227;154 678 703;B01;2;7;0;1;1;17;1;
202000036228;154 678 701;B01;2;33;1;2;1;21;1;
202000036228;154 678 702;A01;1;7;0;2;3;13;1;
202000036229;154 678 698;B01;3;7;14;0;4;2;1;
202000036229;154 678 699;C01;3;7;0;2;4;23;1;