num_acc;id_vehicule;num_veh;senc;catv;obs;obsm;choc;manv;motor;occutc
202000036511;154 678 203;A01;1;17;0;2;1;13;1;
202000036512;154 678 200;Z01;2;7;0;2;3;15;1;
202000036512;154 678 202;A01;1;33;0;2;8;1;1;
202000036513;154 678 197;B01;2;10;0;2;4;23;1;
202000036513;154 678 199;A01;2;10;0;2;1;1;1;
202000036514;154 678 196;A01;1;7;0;2;4;4;1;
202000036514;154 678 198;B01;1;33;0;2;1;0;1;
202000036515;154 678 192;A01;2;7;0;2;3;15;1;
202000036515;154 678 194;B01;2;32;0;2;1;17;1;
202000036516;154 678 191;C01;1;7;0;2;2;0;1;
202000036516;154 678 193;B01;1;7;0;2;6;0;1;
202000036516;154 678 195;A01;1;7;0;2;2;26;1;
202000036517;154 678 187;A01;2;7;0;2;5;1;1;
202000036517;154 678 188;B01;2;33;0;2;2;1;1;
202000036518;154 678 189;A01;1;17;0;2;2;14;1;
202000036518;154 678 190;B01;1;7;0;2;8;1;1;
202000036519;154 678 184;A01;1;7;0;2;3;22;1;
202000036519;154 678 186;B01;1;43;0;2;2;17;1;
202000036520;154 678 183;B01;2;7;0;2;1;1;1;
202000036520;154 678 185;A01;2;7;0;2;4;1;1;
202000036521;154 678 180;A01;2;15;0;2;2;12;1;
202000036521;154 678 181;B01;2;7;0;2;3;1;1;
202000036522;154 678 176;B01;2;7;3;2;3;2;1;
202000036522;154 678 177;A01;2;7;0;9;0;11;1;
202000036522;154 678 178;C01;2;7;0;2;1;12;1;
202000036523;154 678 179;A01;1;32;0;2;2;17;1;
202000036523;154 678 182;B01;1;10;0;2;8;13;1;
202000036524;154 678 174;A01;2;10;0;1;4;4;1;
202000036525;154 678 173;A01;1;7;0;2;3;9;1;
202000036525;154 678 175;B01;1;7;0;2;7;1;1;
202000036526;154 678 171;A01;2;7;3;0;9;2;1;
202000036527;154 678 172;A01;1;10;0;1;4;20;1;
202000036528;154 678 168;B01;1;7;0;2;2;0;1;
202000036528;154 678 170;A01;1;7;0;2;6;11;1;
202000036529;154 678 167;B01;2;1;0;2;8;1;6;
202000036529;154 678 169;A01;1;30;0;9;8;1;3;
202000036530;154 678 164;C01;2;7;0;2;1;1;1;
202000036530;154 678 165;B01;2;7;0;2;3;1;1;
202000036530;154 678 166;A01;2;13;0;2;2;1;1;
202000036531;154 678 162;A01;2;15;0;2;2;1;1;
202000036531;154 678 163;B01;2;7;0;2;4;0;1;
202000036532;154 678 161;A01;3;7;0;1;2;19;1;
202000036533;154 678 159;A01;1;7;0;2;1;2;0;
202000036533;154 678 160;B01;1;7;0;2;4;2;1;
202000036534;154 678 157;B01;1;7;0;2;6;23;1;
202000036534;154 678 158;A01;2;33;0;2;6;17;1;
202000036535;154 678 154;A01;2;7;0;2;4;2;1;
202000036535;154 678 155;B01;2;33;0;2;1;1;1;
202000036536;154 678 156;A01;1;7;0;1;1;1;1;
202000036537;154 678 153;A01;2;33;0;0;9;1;1;
202000036538;154 678 151;A01;1;7;0;2;5;1;1;
202000036538;154 678 152;B01;1;33;0;2;1;12;1;
202000036539;154 678 149;A01;2;33;0;2;1;3;1;
202000036539;154 678 150;B01;2;10;0;2;4;11;1;
202000036540;154 678 146;A01;-1;7;0;2;1;1;1;
202000036540;154 678 148;B01;-1;7;0;1;4;1;1;
202000036541;154 678 145;Z01;1;7;0;2;3;11;0;
202000036541;154 678 147;B01;1;34;0;2;2;1;1;
202000036542;154 678 141;B01;1;7;0;2;3;15;0;
202000036542;154 678 143;A01;1;30;0;2;7;17;0;
202000036543;154 678 139;D01;1;7;0;2;4;2;1;
202000036543;154 678 140;B01;1;7;0;2;4;2;1;
202000036543;154 678 142;C01;1;7;0;2;4;2;1;
202000036543;154 678 144;A01;1;10;0;2;1;2;1;
202000036544;154 678 137;A01;3;14;0;2;2;12;0;
202000036544;154 678 138;B01;3;32;0;2;3;2;1;
202000036545;154 678 135;A01;1;17;0;2;2;12;1;
202000036545;154 678 136;B01;1;7;0;2;3;1;1;
202000036546;154 678 132;B01;2;7;0;2;9;1;1;
202000036546;154 678 133;A01;2;15;0;2;2;12;1;
202000036546;154 678 134;C01;2;7;0;2;1;1;1;
202000036547;154 678 130;A01;1;7;0;1;1;15;2;
202000036548;154 678 128;B01;2;31;0;2;8;3;1;
202000036548;154 678 129;C01;2;7;0;2;7;1;1;
202000036548;154 678 131;A01;2;7;0;2;7;12;3;
202000036549;154 678 126;A01;1;33;0;2;1;21;1;
202000036550;154 678 122;D01;1;7;0;2;4;1;1;
202000036550;154 678 123;C01;1;7;0;2;4;1;1;
202000036550;154 678 124;B01;1;7;0;2;5;12;1;
202000036550;154 678 125;A01;1;33;0;2;3;3;1;
202000036551;154 678 121;A01;1;1;0;1;2;25;5;
202000036552;154 678 119;B01;1;32;0;2;7;2;0;
202000036552;154 678 120;A01;1;7;0;0;5;2;0;
202000036553;154 678 117;A01;1;7;0;2;1;1;1;
202000036553;154 678 118;B01;1;10;0;2;6;1;1;
202000036554;154 678 127;A01;3;7;2;0;1;1;1;
202000036555;154 678 115;B01;1;2;0;2;1;21;1;
202000036555;154 678 116;A01;1;99;0;2;3;9;1;
202000036556;154 678 114;A01;1;7;8;0;3;1;1;
202000036557;154 678 113;A01;3;31;0;0;8;26;1;
202000036558;154 678 112;A01;3;33;0;0;7;14;1;
202000036559;154 678 109;B01;1;7;0;1;2;1;1;
202000036560;154 678 110;B01;2;15;0;0;6;1;0;
202000036560;154 678 111;A01;2;7;0;2;2;0;0;
202000036561;154 678 107;B01;3;7;0;2;2;2;1;
202000036561;154 678 108;A01;1;30;0;2;1;18;1;
202000036562;154 678 106;A01;3;33;0;0;9;1;1;
202000036563;154 678 105;A01;2;7;6;0;1;17;1;
202000036564;154 678 100;A01;3;7;0;2;1;1;0;
202000036564;154 678 102;B01;0;33;0;2;7;15;0;
202000036565;154 678 099;A01;1;7;13;2;1;12;1;
202000036565;154 678 101;B01;1;7;4;0;4;0;1;
202000036566;154 678 092;A01;1;34;6;2;5;13;1;
202000036566;154 678 093;B01;2;7;0;2;2;1;1;
202000036566;154 678 094;C01;1;34;0;2;3;13;1;
202000036567;154 678 088;B01;1;0;0;2;0;0;0;
202000036567;154 678 089;A01;2;7;0;2;3;15;1;
202000036568;154 678 085;B01;1;33;0;2;1;3;1;
202000036568;154 678 086;A01;1;7;0;2;3;16;1;
202000036569;154 678 087;A01;1;7;0;2;1;2;1;
202000036569;154 678 090;B01;1;15;0;0;6;2;1;
202000036570;154 678 082;B01;2;1;0;2;8;1;5;
202000036570;154 678 084;A01;1;7;0;2;1;15;1;
202000036571;154 678 081;B01;2;7;0;2;3;1;1;
202000036571;154 678 083;A01;1;7;0;2;1;13;1;
202000036572;154 678 079;Z01;3;10;0;2;1;9;1;
202000036572;154 678 080;B01;3;10;0;2;6;1;1;
202000036573;154 678 072;E01;0;7;0;2;1;2;1;
202000036573;154 678 073;D01;0;7;0;2;1;2;1;
202000036573;154 678 076;A01;0;15;0;2;3;1;1;
202000036573;154 678 077;B01;0;7;0;2;3;17;1;
202000036573;154 678 078;C01;0;7;0;0;4;1;1;
202000036574;154 678 070;A01;1;7;0;2;3;20;1;
202000036574;154 678 071;B01;1;33;0;2;0;1;1;
202000036575;154 678 067;B01;2;7;0;0;3;9;0;
202000036575;154 678 068;A01;1;34;0;0;2;15;1;
202000036576;154 678 064;B01;2;7;0;2;3;13;1;
202000036576;154 678 065;A01;1;7;8;2;3;1;1;
202000036577;154 678 066;B01;1;7;0;2;4;1;1;
202000036577;154 678 069;A01;1;7;0;2;1;1;1;
202000036578;154 678 063;A01;2;7;13;0;9;13;1;
202000036579;154 678 062;A01;2;7;0;1;2;15;1;
202000036580;154 678 060;A01;2;7;4;0;4;2;0;
202000036580;154 678 061;B01;2;7;0;2;1;0;0;
202000036581;154 678 058;A01;2;7;3;0;7;1;1;
202000036582;154 678 057;B01;3;7;0;2;7;0;1;
202000036582;154 678 059;A01;3;7;0;2;1;0;1;
202000036583;154 678 055;A01;3;7;0;1;2;1;1;
202000036583;154 678 056;B01;3;7;0;2;2;1;1;
202000036584;154 678 054;A01;1;7;16;0;0;14;1;
202000036585;154 678 051;A01;1;10;0;2;2;19;6;
202000036585;154 678 053;B01;1;33;0;2;7;26;0;
202000036586;154 678 050;A01;1;14;0;2;2;16;1;
202000036586;154 678 052;B01;1;1;0;2;0;0;0;
202000036587;154 678 047;B01;2;7;0;2;4;2;1;
202000036587;154 678 048;A01;2;7;0;2;1;2;1;
202000036588;154 678 046;A01;1;10;0;1;1;16;1;
202000036589;154 678 043;A01;1;7;9;0;9;1;1;
202000036590;154 678 044;B01;2;7;0;2;1;9;1;
202000036590;154 678 045;A01;1;7;0;2;1;1;1;
202000036591;154 678 041;A01;1;7;0;1;3;15;1;
202000036592;154 678 040;B01;2;17;0;2;3;1;1;
202000036592;154 678 042;A01;1;7;0;2;3;1;1;
202000036593;154 678 038;A01;1;7;11;2;1;1;1;
202000036593;154 678 039;B01;1;7;0;2;8;1;1;
202000036594;154 678 035;B01;1;2;0;2;1;16;1;
202000036594;154 678 036;A01;1;7;0;2;5;14;1;
202000036595;154 678 033;B01;1;7;0;2;1;1;1;
202000036595;154 678 034;A01;1;7;0;2;5;19;1;
202000036596;154 678 031;A01;2;7;0;9;2;26;1;
202000036596;154 678 032;B01;3;1;0;2;7;19;5;
202000036597;154 678 037;A01;3;7;2;1;1;1;1;
202000036598;154 678 028;A01;1;7;0;2;1;2;1;
202000036598;154 678 029;B01;1;7;0;2;4;1;1;
202000036599;154 678 026;B01;2;30;0;2;6;23;1;
202000036599;154 678 027;A01;2;7;0;2;2;2;1;
202000036600;154 678 024;A01;1;31;0;0;7;0;1;
202000036601;154 678 022;A01;1;7;0;2;6;1;1;
202000036601;154 678 023;B01;1;33;0;2;8;2;1;
202000036602;154 678 021;A01;1;2;0;0;0;21;1;
202000036603;154 678 018;B01;0;1;0;9;8;19;0;
202000036603;154 678 019;A01;0;31;0;9;1;19;0;
202000036604;154 678 020;A01;2;7;0;9;1;2;1;
202000036604;154 678 030;B01;2;1;0;2;4;2;6;
202000036605;154 678 016;A01;1;7;0;2;7;2;1;
202000036605;154 678 017;B01;1;1;0;0;8;2;0;
202000036606;154 678 014;B01;1;31;0;2;7;1;1;
202000036606;154 678 015;A01;2;7;0;2;1;19;1;
202000036607;154 678 013;A01;2;7;2;0;0;1;1;
202000036608;154 678 012;A01;1;7;14;0;1;1;1;
202000036609;154 678 011;A01;1;7;7;0;2;1;1;
202000036610;154 678 010;A01;1;7;13;0;8;1;1;
202000036611;154 678 009;A01;1;43;7;0;1;1;1;
202000036612;154 678 008;A01;1;3;2;0;1;1;1;
202000036613;154 678 007;A01;1;7;0;1;1;1;1;
202000036614;154 678 005;B01;2;7;0;2;3;1;1;
202000036614;154 678 006;A01;1;7;0;2;7;15;1;
202000036615;154 678 004;A01;1;7;4;0;1;1;1;
202000036616;154 678 003;A01;1;7;15;0;8;1;1;
202000036617;154 678 002;A01;2;7;13;0;1;13;1;
202000036618;154 678 000;A01;1;7;0;2;1;1;6;
202000036618;154 678 001;B01;2;7;0;2;1;1;0;
202000036619;154 677 998;B01;1;7;0;0;4;1;1;
202000036619;154 677 999;A01;1;7;0;2;1;1;1;
202000036620;154 677 997;A01;2;7;0;5;1;1;0;
202000036621;154 677 996;A01;2;7;0;0;9;1;1;
202000036622;154 677 995;A01;3;7;8;0;3;1;1;
202000036623;154 677 992;A01;1;7;1;0;1;1;1;
202000036624;154 677 991;A01;1;7;8;0;1;0;1;
202000036625;154 677 989;A01;2;7;0;2;2;21;1;
202000036625;154 677 990;B01;2;17;0;0;6;23;1;
202000036626;154 677 988;A01;2;7;0;1;2;1;1;
202000036627;154 677 986;A01;0;7;0;2;1;0;1;
202000036627;154 677 987;B01;0;7;0;2;1;0;0;
202000036628;154 677 983;A01;1;7;0;2;1;13;1;
202000036628;154 677 984;B01;2;7;0;2;1;1;1;
202000036628;154 677 985;C01;2;33;0;2;9;1;1;
202000036629;154 677 981;A01;3;33;0;2;2;17;1;
202000036629;154 677 982;B01;3;7;0;0;1;19;1;
202000036630;154 677 979;A01;2;33;0;2;2;17;1;
202000036630;154 677 980;B01;2;7;0;0;3;15;1;
202000036631;154 677 978;A01;1;7;8;0;1;1;1;
202000036632;154 677 977;A01;2;7;13;0;3;13;1;
202000036633;154 677 973;D01;1;7;0;2;1;1;1;
202000036633;154 677 974;B01;1;7;0;2;6;1;1;
202000036633;154 677 975;C01;1;7;0;2;1;1;1;
202000036633;154 677 976;A01;2;7;0;2;1;1;1;
202000036634;154 677 970;A01;1;7;0;1;1;1;1;
202000036635;154 677 968;B01;1;2;0;2;1;17;6;
202000036635;154 677 969;A01;1;7;0;0;5;20;6;
202000036636;154 677 967;A01;3;7;13;0;1;1;1;
202000036637;154 677 963;D01;1;7;0;2;1;1;1;
202000036637;154 677 964;A01;1;7;0;0;4;15;1;
202000036637;154 677 965;B01;1;7;0;2;4;2;1;
202000036637;154 677 966;C01;1;7;0;2;4;2;1;
202000036638;154 677 962;A01;0;7;13;0;1;1;1;
202000036639;154 677 960;A01;2;7;0;2;3;13;1;
202000036639;154 677 961;B01;1;7;0;2;3;1;1;
202000036640;154 677 958;A01;2;7;0;0;7;15;0;
202000036640;154 677 959;B01;1;2;0;0;1;1;1;
202000036641;154 677 956;B01;2;1;0;2;4;13;5;
202000036641;154 677 957;A01;2;7;0;9;1;2;1;
202000036642;154 677 955;A01;2;7;6;0;1;0;1;
202000036643;154 677 952;A01;2;7;0;2;1;1;1;
202000036643;154 677 953;B01;2;7;0;9;4;1;1;
202000036643;154 677 954;C01;2;7;3;2;1;0;1;
202000036644;154 677 951;A01;2;7;0;0;1;14;1;
202000036645;154 677 947;A01;2;7;0;2;6;21;1;
202000036645;154 677 948;B01;2;7;0;2;2;1;1;
202000036645;154 677 949;C01;2;10;0;2;1;1;1;
202000036645;154 677 950;D01;2;10;0;2;1;1;1;
202000036646;154 677 945;B01;1;1;0;2;1;5;5;
202000036646;154 677 946;A01;1;7;0;9;1;16;1;
202000036647;154 677 944;A01;2;7;13;0;2;0;1;
202000036648;154 677 942;A01;1;2;1;0;1;14;1;
202000036649;154 677 940;B01;2;14;0;2;3;1;1;
202000036649;154 677 941;A01;1;3;0;2;3;13;1;
202000036650;154 677 938;B01;3;21;0;2;3;1;1;
202000036650;154 677 939;A01;3;38;0;2;3;1;0;2
202000036651;154 677 937;A01;2;7;0;0;0;1;1;
202000036652;154 677 935;B01;1;7;0;0;0;20;1;
202000036652;154 677 936;A01;1;2;0;0;0;1;1;
202000036653;154 677 934;A01;1;7;0;0;0;1;1;
202000036654;154 677 932;A01;1;7;0;2;1;15;0;
202000036654;154 677 933;B01;2;50;0;2;1;26;3;
202000036655;154 677 929;A01;1;7;0;2;1;15;1;
202000036655;154 677 930;B01;2;2;0;2;1;0;1;
202000036655;154 677 931;C01;2;2;0;2;1;0;1;
202000036656;154 677 926;B01;2;7;0;0;2;24;0;
202000036656;154 677 927;A01;1;10;0;2;1;1;0;
202000036656;154 677 928;C01;2;7;1;0;8;1;0;
202000036657;154 677 925;A01;3;31;15;0;1;1;1;
202000036658;154 677 924;A01;3;20;2;0;2;1;4;
202000036659;154 677 923;A01;2;10;0;1;2;1;1;
202000036660;154 677 922;A01;2;7;0;1;2;1;1;
202000036661;154 677 921;A01;3;7;14;1;2;0;1;
202000036662;154 677 919;A01;1;7;0;9;3;9;0;
202000036662;154 677 920;B01;2;1;0;2;7;1;5;
202000036663;154 677 917;A01;2;7;0;2;3;1;1;
202000036663;154 677 918;B01;1;7;0;2;3;13;1;
202000036664;154 677 915;A01;1;7;0;2;8;9;1;
202000036664;154 677 916;B01;2;34;0;2;1;1;1;
202000036665;154 677 911;D01;1;10;0;2;5;26;0;
202000036665;154 677 912;C01;1;7;1;2;2;1;0;
202000036665;154 677 913;A01;1;7;0;2;9;11;0;
202000036665;154 677 914;B01;1;7;0;2;2;1;0;
202000036666;154 677 910;A01;1;7;0;1;1;1;0;
202000036667;154 677 909;A01;3;7;6;0;1;1;1;
202000036668;154 677 908;A01;1;2;0;0;0;1;1;
202000036669;154 677 906;A01;3;10;12;0;2;1;1;
202000036669;154 677 907;B01;3;7;0;0;3;15;1;
202000036670;154 677 905;A01;1;7;0;2;1;14;1;
202000036671;154 677 904;A01;1;15;16;0;0;1;1;
202000036672;154 677 903;A01;1;7;3;0;1;1;1;
202000036673;154 677 901;A01;2;7;0;2;2;15;1;
202000036673;154 677 902;B01;1;2;0;2;1;1;1;
202000036674;154 677 899;A01;2;7;0;2;8;19;1;
202000036674;154 677 900;B01;1;7;0;2;3;1;1;
202000036675;154 677 898;A01;1;7;0;1;0;1;1;
202000036676;154 677 895;A01;1;7;0;2;6;20;1;
202000036676;154 677 896;C01;1;1;0;2;2;1;5;
202000036676;154 677 897;B01;1;1;0;2;2;1;5;
202000036677;154 677 894;A01;1;7;13;0;1;1;1;
202000036678;154 677 892;A01;0;39;0;4;1;1;1;
202000036678;154 677 893;B01;0;50;0;4;8;23;3;
202000036679;154 677 889;B01;2;7;0;2;1;1;1;
202000036679;154 677 890;A01;2;7;0;2;8;1;1;
202000036679;154 677 891;C01;2;7;4;2;2;17;2;
202000036680;154 677 887;A01;2;33;0;2;1;2;1;
202000036680;154 677 888;B01;2;14;0;2;6;16;1;
202000036681;154 677 886;A01;1;7;0;1;3;1;1;
202000036682;154 677 885;A01;1;7;0;1;1;1;1;
202000036683;154 677 883;B01;0;2;0;0;2;0;1;
202000036683;154 677 884;A01;0;10;0;2;3;26;1;
202000036684;154 677 881;A01;2;2;0;2;1;0;1;
202000036684;154 677 882;B01;1;7;0;2;7;9;1;
202000036685;154 677 876;A01;1;7;0;2;2;17;1;
202000036685;154 677 877;B01;1;7;0;2;6;1;1;
202000036686;154 677 875;A01;1;7;0;2;7;1;1;
202000036687;154 677 870;E01;2;7;0;2;4;2;1;
202000036687;154 677 871;D01;2;10;0;2;4;2;1;
202000036687;154 677 872;C01;2;7;0;2;4;2;0;
202000036687;154 677 873;A01;2;10;0;2;1;1;1;
202000036687;154 677 874;B01;2;7;0;2;4;2;1;
202000036688;154 677 868;B01;2;10;0;2;1;2;1;
202000036688;154 677 869;A01;2;7;0;2;4;2;1;
202000036689;154 677 862;B01;1;10;0;2;4;1;1;
202000036689;154 677 863;D01;1;10;0;2;4;1;1;
202000036689;154 677 864;E01;1;10;0;2;4;1;1;
202000036689;154 677 865;F01;1;10;0;2;4;1;1;
202000036689;154 677 866;C01;1;10;0;2;4;1;1;
202000036689;154 677 867;A01;1;15;0;2;1;1;1;
202000036690;154 677 860;A01;2;7;0;2;7;12;1;
202000036690;154 677 861;B01;2;33;0;2;8;3;1;
202000036691;154 677 858;B01;2;15;0;2;7;9;0;
202000036691;154 677 859;A01;2;7;0;2;8;1;0;
202000036692;154 677 856;A01;2;7;0;2;2;13;1;
202000036692;154 677 857;B01;2;7;0;2;6;1;1;
202000036693;154 677 854;B01;1;7;0;2;4;2;1;
202000036693;154 677 855;A01;1;10;0;2;1;2;1;
202000036694;154 677 852;B01;1;7;0;2;7;1;1;
202000036694;154 677 853;A01;1;10;0;2;8;11;1;
202000036695;154 677 851;A01;2;7;3;0;9;1;1;
202000036696;154 677 849;A01;1;34;0;2;1;3;1;
202000036696;154 677 850;B01;1;10;0;2;4;1;1;
202000036697;154 677 847;A01;1;7;0;2;2;21;1;
202000036697;154 677 848;B01;1;7;0;2;6;23;1;
202000036698;154 677 845;A01;1;10;0;2;1;15;1;
202000036698;154 677 846;B01;1;7;0;2;4;15;2;
202000036699;154 677 844;A01;2;30;0;0;0;1;1;
202000036700;154 677 842;B01;2;2;0;2;0;0;1;
202000036700;154 677 843;A01;1;7;0;2;7;15;1;
202000036701;154 677 838;D01;3;7;0;2;5;2;1;
202000036701;154 677 839;C01;3;7;0;2;6;2;1;
202000036701;154 677 840;B01;3;7;0;2;5;2;1;
202000036701;154 677 841;A01;3;7;0;2;5;2;1;
202000036702;154 677 836;B01;1;1;0;2;1;26;5;
202000036702;154 677 837;A01;1;99;0;2;8;26;6;
202000036703;154 677 835;A01;1;50;0;0;0;16;3;
202000036704;154 677 834;A01;1;7;6;0;1;1;1;
202000036705;154 677 833;A01;3;10;0;1;1;1;1;
202000036706;154 677 831;B01;3;7;0;2;3;1;1;
202000036706;154 677 832;A01;3;7;0;2;3;1;1;
202000036707;154 677 829;B01;2;32;0;2;1;3;1;
202000036707;154 677 830;A01;2;3;0;2;3;13;1;
202000036708;154 677 824;B01;2;7;0;2;7;14;0;
202000036708;154 677 825;E01;2;7;1;0;1;1;0;
202000036708;154 677 826;D01;2;7;1;0;1;1;0;
202000036708;154 677 827;C01;2;7;1;0;1;1;0;
202000036708;154 677 828;A01;2;7;10;2;3;1;0;
202000036709;154 677 822;A01;1;7;0;2;3;15;1;
202000036709;154 677 823;B01;2;2;0;2;7;16;0;
202000036710;154 677 820;A01;2;7;0;2;6;2;1;
202000036710;154 677 821;B01;2;7;0;2;2;2;1;
202000036711;154 677 819;A01;1;31;0;0;0;15;1;
202000036712;154 677 818;A01;2;7;0;5;1;1;1;
202000036713;154 677 817;A01;2;30;0;1;1;1;1;
202000036714;154 677 815;B01;2;1;0;2;2;9;5;
202000036714;154 677 816;A01;3;7;0;2;3;9;1;
202000036715;154 677 814;A01;2;43;0;0;7;1;1;
202000036716;154 677 812;A01;3;33;0;2;1;17;1;
202000036716;154 677 813;B01;3;7;0;2;1;1;1;
202000036717;154 677 810;A01;1;7;0;2;6;15;1;
202000036717;154 677 811;B01;2;33;0;2;2;17;1;
202000036718;154 677 809;A01;0;7;0;1;7;1;1;
202000036719;154 677 808;A01;2;37;0;0;0;1;1;4
202000036720;154 677 804;A01;0;7;0;2;1;0;1;
202000036720;154 677 805;B01;0;7;0;2;8;0;1;
202000036721;154 677 801;C01;3;7;0;2;4;2;1;
202000036721;154 677 802;B01;3;7;0;2;4;2;1;
202000036721;154 677 803;A01;3;7;0;2;1;2;1;
202000036722;154 677 800;A01;2;7;0;1;2;1;1;
202000036723;154 677 799;A01;1;14;0;1;2;21;1;
202000036724;154 677 798;A01;2;7;0;1;1;1;1;
202000036725;154 677 796;A01;1;7;0;2;1;2;1;
202000036725;154 677 797;B01;1;7;0;2;4;2;1;
202000036726;154 677 794;B01;1;1;0;2;1;16;5;
202000036726;154 677 795;A01;1;7;0;2;7;1;1;
202000036727;154 677 793;A01;1;7;0;1;1;11;1;
202000036728;154 677 791;B01;2;33;0;2;1;1;1;
202000036728;154 677 792;A01;1;7;0;2;5;15;1;
202000036729;154 677 789;A01;2;1;0;2;1;1;5;
202000036729;154 677 790;B01;1;7;0;2;3;15;1;
202000036730;154 677 787;A01;1;7;0;2;1;15;1;
202000036730;154 677 788;B01;2;31;0;2;1;8;1;
202000036731;154 677 785;B01;1;7;0;2;3;1;1;
202000036731;154 677 786;A01;2;7;0;2;2;15;1;
202000036732;154 677 784;Z01;3;7;0;1;1;15;0;
202000036733;154 677 783;A01;1;7;0;1;0;0;0;
202000036734;154 677 781;B01;3;7;0;2;1;16;1;
202000036734;154 677 782;A01;1;7;0;2;1;13;1;
202000036735;154 677 779;A01;1;10;0;2;1;2;1;
202000036735;154 677 780;B01;1;10;0;2;4;2;1;
202000036736;154 677 777;B01;3;1;0;2;8;19;5;
202000036736;154 677 778;A01;1;7;0;2;1;1;1;
202000036737;154 677 775;A01;2;7;0;2;3;9;1;
202000036737;154 677 776;B01;2;31;0;2;1;1;1;
202000036738;154 677 774;A01;2;10;0;1;2;1;0;
202000036739;154 677 772;B01;0;7;0;0;0;0;0;
202000036739;154 677 773;A01;1;7;0;2;1;26;1;
202000036740;154 677 770;B01;1;1;0;9;4;1;5;
202000036740;154 677 771;A01;1;7;0;2;1;9;0;
202000036741;154 677 769;A01;3;7;0;1;2;1;1;
202000036742;154 677 768;A01;1;7;4;0;3;1;1;
202000036743;154 677 766;B01;1;1;0;2;0;0;5;
202000036743;154 677 767;A01;1;7;0;2;3;0;1;
202000036744;154 677 764;B01;1;1;0;2;8;0;5;
202000036744;154 677 765;A01;1;7;0;2;1;0;1;
202000036745;154 677 762;B01;1;7;0;2;2;0;1;
202000036745;154 677 763;A01;1;7;0;2;3;0;1;
202000036746;154 677 761;A01;2;7;0;1;1;1;1;
202000036747;154 677 759;A01;1;7;0;2;8;13;1;
202000036747;154 677 760;B01;1;7;0;2;7;1;1;
202000036748;154 677 757;A01;3;7;4;0;0;1;1;
202000036749;154 677 756;A01;1;7;0;1;2;1;1;
202000036750;154 677 755;A01;3;7;9;0;1;14;1;
202000036751;154 677 754;A01;3;30;6;0;1;19;1;
202000036752;154 677 752;B01;1;2;0;2;1;1;0;
202000036752;154 677 753;A01;2;7;0;2;3;15;1;
202000036753;154 677 750;Z01;1;7;0;0;0;0;2;
202000036753;154 677 751;B01;1;7;13;0;1;1;1;
202000036754;154 677 748;B01;1;30;0;2;1;1;1;
202000036754;154 677 749;A01;2;7;0;2;1;15;1;
202000036755;154 677 746;Z01;1;7;0;2;5;23;0;
202000036755;154 677 747;A01;1;1;0;2;1;2;5;
202000036756;154 677 744;Z01;2;10;0;2;3;9;1;
202000036756;154 677 745;A01;2;33;0;2;7;1;1;
202000036757;154 677 742;A01;1;31;0;2;1;2;1;
202000036757;154 677 743;B01;1;7;0;2;0;23;1;
202000036758;154 677 740;B01;1;7;0;2;4;23;1;
202000036758;154 677 741;A01;1;1;0;2;1;2;5;
202000036759;154 677 738;B01;1;10;0;2;7;19;1;
202000036759;154 677 739;A01;1;32;0;2;8;1;1;
202000036760;154 677 736;Z01;1;7;0;2;5;12;0;
202000036760;154 677 737;A01;1;2;0;2;3;1;0;
202000036761;154 677 735;A01;2;30;0;1;7;16;0;
202000036762;154 677 733;A01;2;7;0;2;8;15;1;
202000036762;154 677 734;B01;2;1;0;2;1;1;5;
202000036763;154 677 732;A01;3;31;0;1;1;1;1;
202000036764;154 677 730;A01;1;7;0;2;3;9;1;
202000036764;154 677 731;B01;1;10;0;2;3;1;1;
202000036765;154 677 728;B01;1;7;0;1;8;0;1;
202000036765;154 677 729;A01;1;7;0;1;3;26;0;
202000036766;154 677 726;A01;2;7;0;2;3;9;1;
202000036766;154 677 727;B01;2;50;0;2;7;14;3;
202000036767;154 677 723;A01;2;7;8;0;1;11;1;
202000036767;154 677 724;B01;2;7;0;2;1;26;1;
202000036767;154 677 725;C01;2;7;0;2;5;26;1;
202000036768;154 677 720;B01;1;7;0;2;4;0;1;
202000036768;154 677 721;A01;1;7;0;2;2;26;1;
202000036768;154 677 722;C01;1;10;0;2;5;0;1;
202000036769;154 677 719;A01;1;32;0;1;8;26;0;
202000036770;154 677 716;B01;1;2;0;2;1;1;0;
202000036770;154 677 717;A01;1;7;0;2;2;10;0;
202000036770;154 677 718;C01;1;7;0;2;6;24;0;
202000036771;154 677 715;B01;1;13;0;1;6;1;1;
202000036772;154 677 714;A01;3;7;0;1;1;14;1;
202000036773;154 677 713;A01;1;10;0;1;1;16;6;
202000036774;154 677 711;A01;1;7;0;2;2;19;0;
202000036774;154 677 712;B01;1;34;0;2;2;1;0;
202000036775;154 677 710;A01;3;33;0;0;0;1;1;
202000036776;154 677 709;A01;3;1;5;2;0;11;6;
202000036777;154 677 708;A01;2;30;0;2;0;1;0;
202000036778;154 677 706;B01;2;10;0;2;1;1;3;
202000036778;154 677 707;A01;1;2;0;2;0;21;1;
202000036779;154 677 705;A01;1;7;0;1;2;1;1;
202000036780;154 677 703;A01;1;7;0;2;2;1;1;
202000036780;154 677 704;B01;2;7;0;2;3;1;1;
202000036781;154 677 701;B01;2;7;0;2;4;20;0;
202000036781;154 677 702;A01;2;7;0;2;1;1;1;