num_acc;id_vehicule;num_veh;senc;catv;obs;obsm;choc;manv;motor;occutc
202000036782;154 677 699;B01;1;32;0;2;4;26;1;
202000036782;154 677 700;A01;1;32;0;2;1;26;1;
202000036783;154 677 697;B01;1;33;0;2;7;1;1;
202000036783;154 677 698;A01;1;7;0;2;8;15;1;
202000036784;154 677 695;A01;2;7;16;0;1;0;0;
202000036785;154 677 694;A01;3;7;6;0;3;1;1;
202000036786;154 677 693;A01;3;7;2;0;1;14;1;
202000036787;154 677 691;A01;2;30;0;2;1;1;1;
202000036787;154 677 692;B01;0;7;0;2;6;9;1;
202000036788;154 677 689;A01;1;7;0;2;1;1;1;
202000036788;154 677 690;B01;2;7;0;2;1;1;1;
202000036789;154 677 687;B01;2;7;0;0;3;1;1;
202000036789;154 677 688;A01;1;7;0;0;3;13;1;
202000036790;154 677 686;A01;0;7;9;1;1;5;1;
202000036791;154 677 685;A01;1;2;11;0;1;1;1;
202000036792;154 677 683;A01;2;7;17;0;1;14;1;
202000036793;154 677 682;A01;2;17;13;0;9;0;1;
202000036794;154 677 681;A01;2;7;15;0;1;14;1;
202000036795;154 677 680;A01;1;7;2;0;1;13;1;
202000036796;154 677 678;A01;2;7;0;2;3;13;1;
202000036796;154 677 679;B01;1;7;2;2;3;1;1;
202000036797;154 677 677;A01;2;33;13;0;3;13;1;
202000036798;154 677 675;A01;2;7;0;2;3;17;1;
202000036798;154 677 676;B01;1;7;0;2;3;1;1;
202000036799;154 677 674;A01;2;2;0;0;0;14;1;
202000036800;154 677 672;A01;3;2;0;2;1;1;1;
202000036800;154 677 673;B01;3;7;0;2;3;15;1;
202000036801;154 677 670;A01;1;7;0;1;1;1;1;
202000036801;154 677 671;B01;1;7;0;1;1;1;1;
202000036802;154 677 669;A01;2;7;0;1;2;1;1;
202000036803;154 677 667;A01;1;7;0;2;1;17;1;
202000036803;154 677 668;B01;2;7;0;2;1;1;1;
202000036804;154 677 666;A01;1;7;2;0;8;0;1;
202000036805;154 677 664;B01;1;7;0;2;3;1;1;
202000036805;154 677 665;A01;2;7;0;2;3;13;1;
202000036806;154 677 663;A01;1;33;3;0;0;1;1;
202000036807;154 677 662;A01;1;7;0;0;3;6;1;
202000036808;154 677 661;A01;1;33;0;0;0;0;1;
202000036809;154 677 660;A01;3;7;5;0;0;0;1;
202000036810;154 677 659;A01;1;34;0;0;3;1;1;
202000036811;154 677 658;A01;2;7;0;1;1;1;3;
202000036812;154 677 656;A01;1;2;0;2;1;13;1;
202000036812;154 677 657;B01;2;7;0;2;1;1;1;
202000036813;154 677 654;B01;2;1;0;2;8;1;5;
202000036813;154 677 655;A01;1;7;0;9;1;15;1;
202000036814;154 677 651;A01;2;7;0;1;2;1;1;
202000036815;154 677 650;A01;0;34;0;0;0;1;1;
202000036816;154 677 647;C01;1;7;0;0;8;23;0;
202000036816;154 677 648;B01;1;7;0;1;0;23;0;
202000036816;154 677 649;A01;1;7;0;2;2;1;0;
202000036817;154 677 646;A01;1;33;0;0;8;15;1;
202000036818;154 677 644;B01;2;2;0;2;0;17;1;
202000036818;154 677 645;A01;2;7;0;2;6;15;1;
202000036819;154 677 643;A01;1;7;13;0;0;0;0;
202000036820;154 677 641;A01;1;2;0;0;8;0;1;
202000036820;154 677 642;B01;1;7;0;2;1;15;1;
202000036821;154 677 640;A01;1;7;2;0;1;1;6;
202000036822;154 677 638;B01;0;7;0;2;3;1;1;
202000036822;154 677 639;A01;0;7;0;2;1;1;1;
202000036823;154 677 637;A01;3;7;6;0;1;0;1;
202000036824;154 677 636;A01;3;7;0;0;3;1;1;
202000036825;154 677 634;B01;3;2;0;2;1;1;6;
202000036825;154 677 635;A01;3;7;0;2;3;9;6;
202000036826;154 677 632;A01;2;7;0;2;1;2;1;
202000036826;154 677 633;B01;2;1;0;0;4;2;5;
202000036827;154 677 631;A01;2;7;2;0;1;2;1;
202000036828;154 677 629;A01;1;7;0;2;8;1;1;
202000036828;154 677 630;B01;1;17;0;2;2;12;1;
202000036829;154 677 627;A01;1;33;0;2;1;1;1;
202000036829;154 677 628;T01;1;7;0;0;0;18;1;
202000036830;154 677 625;B01;1;38;0;2;4;1;1;1
202000036830;154 677 626;A01;1;7;0;2;1;2;1;
202000036831;154 677 623;A01;2;7;0;2;1;13;1;
202000036831;154 677 624;B01;2;33;0;2;7;0;1;
202000036832;154 677 621;A01;1;7;0;2;1;2;1;
202000036832;154 677 622;B01;1;7;0;2;4;1;1;
202000036833;154 677 620;A01;1;7;10;0;0;0;1;
202000036834;154 677 617;A01;2;7;0;2;1;2;1;
202000036834;154 677 618;B01;2;7;0;2;4;2;1;
202000036834;154 677 619;C01;2;7;0;2;4;23;1;
202000036835;154 677 614;C01;1;7;0;2;4;2;1;
202000036835;154 677 615;B01;1;7;0;2;4;2;1;
202000036835;154 677 616;A01;1;7;0;2;1;1;1;
202000036836;154 677 612;A01;2;33;0;2;2;21;1;
202000036836;154 677 613;B01;2;7;0;2;6;1;1;
202000036837;154 677 608;C01;2;7;0;2;4;23;1;
202000036837;154 677 609;A01;2;7;1;0;1;2;1;
202000036837;154 677 610;B01;2;7;0;2;4;23;1;
202000036837;154 677 611;D01;2;7;0;2;4;23;1;
202000036838;154 677 607;A01;2;7;4;0;1;13;1;
202000036839;154 677 606;A01;2;31;3;0;1;13;1;
202000036840;154 677 605;A01;2;32;0;0;9;1;1;
202000036841;154 677 604;A01;2;7;4;0;1;1;1;
202000036842;154 677 603;A01;1;7;4;0;3;13;1;
202000036843;154 677 599;A01;2;1;0;2;1;1;0;
202000036843;154 677 600;B01;1;7;0;2;2;1;0;
202000036844;154 677 598;A01;3;7;13;0;2;15;1;
202000036845;154 677 596;B01;3;1;15;0;1;1;5;
202000036845;154 677 597;A01;3;10;0;2;3;26;1;
202000036846;154 677 594;B01;1;1;0;2;8;1;0;
202000036846;154 677 595;A01;1;7;0;2;1;16;0;
202000036847;154 677 592;B01;1;2;0;2;1;1;0;
202000036847;154 677 593;A01;1;7;0;2;3;26;0;
202000036848;154 677 591;A01;1;34;0;0;8;16;1;
202000036849;154 677 588;A01;1;32;0;2;1;17;1;
202000036849;154 677 589;C01;3;7;0;2;5;26;1;
202000036849;154 677 590;B01;1;7;0;2;8;20;1;
202000036850;154 677 586;B01;2;7;0;2;3;0;1;
202000036850;154 677 587;A01;1;7;0;2;3;1;1;
202000036851;154 677 583;A01;3;33;0;2;1;1;1;
202000036851;154 677 584;B01;3;7;0;2;8;15;0;
202000036852;154 677 582;A01;2;7;0;1;2;1;1;
202000036853;154 677 580;A01;0;7;0;2;3;14;1;
202000036853;154 677 581;B01;0;7;0;2;4;1;1;
202000036854;154 677 577;B01;2;7;0;2;8;1;1;
202000036854;154 677 578;A01;2;7;0;2;1;5;1;
202000036854;154 677 579;C01;2;7;0;2;1;1;1;
202000036855;154 677 573;C01;1;7;0;2;1;23;1;
202000036855;154 677 575;A01;2;7;0;2;2;1;1;
202000036855;154 677 576;B01;2;7;0;2;3;1;1;
202000036856;154 677 572;A01;3;7;0;1;1;26;1;
202000036857;154 677 571;A01;1;7;13;0;1;1;1;
202000036858;154 677 570;A01;0;37;0;1;2;1;1;1
202000036859;154 677 568;A01;1;7;0;1;3;19;1;
202000036860;154 677 569;A01;2;10;2;0;1;14;1;
202000036861;154 677 566;B01;0;1;0;2;1;1;5;
202000036861;154 677 567;A01;0;7;0;2;3;26;1;
202000036862;154 677 565;A01;2;33;0;0;9;0;1;
202000036863;154 677 563;B01;2;7;0;2;4;1;1;
202000036863;154 677 564;A01;2;33;0;2;1;1;1;
202000036864;154 677 562;A01;1;33;8;0;1;1;1;
202000036865;154 677 557;A01;1;33;0;2;1;17;1;
202000036865;154 677 558;C01;1;7;0;2;8;1;1;
202000036865;154 677 560;B01;2;17;0;2;3;1;1;
202000036865;154 677 561;D01;2;7;0;9;1;1;1;
202000036866;154 677 559;A01;2;33;2;0;1;1;1;
202000036867;154 677 555;A01;2;7;8;0;1;1;1;
202000036868;154 677 554;A01;1;7;0;2;1;2;1;
202000036868;154 677 556;B01;1;7;0;2;4;2;1;
202000036869;154 677 553;A01;1;33;0;5;1;1;1;
202000036870;154 677 551;B01;3;7;0;2;1;1;1;
202000036870;154 677 552;A01;3;7;0;2;1;0;1;
202000036871;154 677 549;B01;2;14;0;2;5;15;1;
202000036871;154 677 550;A01;2;7;0;2;3;2;1;
202000036872;154 677 547;A01;3;7;0;2;1;19;1;
202000036872;154 677 548;B01;3;31;0;2;7;1;1;
202000036873;154 677 545;A01;3;2;0;2;1;26;6;
202000036873;154 677 546;B01;3;7;0;0;0;0;0;
202000036874;154 677 544;A01;1;36;2;0;1;13;1;
202000036875;154 677 543;A01;2;3;9;0;1;13;1;
202000036876;154 677 542;A01;2;32;11;0;1;17;1;
202000036877;154 677 535;C01;1;20;0;2;5;1;0;
202000036877;154 677 537;B01;1;20;0;2;4;0;0;
202000036877;154 677 539;D01;1;20;0;2;4;1;0;
202000036877;154 677 540;A01;1;20;0;2;4;26;0;
202000036877;154 677 541;E01;1;7;0;2;1;2;0;
202000036878;154 677 536;A01;2;7;0;2;2;15;1;
202000036878;154 677 538;B01;1;7;0;2;1;1;1;
202000036879;154 677 533;B01;1;7;0;2;2;1;1;
202000036879;154 677 534;A01;1;7;0;2;1;9;1;
202000036880;154 677 531;A01;3;3;0;0;0;1;1;
202000036881;154 677 530;A01;3;2;1;2;1;1;0;
202000036881;154 677 532;B01;3;99;0;2;1;1;1;
202000036882;154 677 526;B01;1;2;0;2;1;1;1;
202000036882;154 677 528;A01;2;7;0;2;3;15;1;
202000036883;154 677 527;B01;2;7;0;2;3;1;1;
202000036883;154 677 529;A01;1;33;0;2;1;1;1;
202000036884;154 677 523;B01;2;1;0;2;1;1;5;
202000036884;154 677 525;A01;1;7;0;2;3;9;1;
202000036885;154 677 522;B01;2;7;0;9;2;9;1;
202000036885;154 677 524;A01;1;31;0;2;1;1;1;
202000036886;154 677 520;A01;2;7;0;2;3;15;1;
202000036886;154 677 521;B01;2;2;0;2;1;0;1;
202000036887;154 677 518;A01;2;7;0;2;1;2;1;
202000036887;154 677 519;B01;2;1;0;0;4;2;5;
202000036888;154 677 515;B01;2;7;0;2;1;1;1;
202000036888;154 677 516;A01;1;7;0;2;2;15;1;
202000036889;154 677 512;A01;1;7;0;2;1;2;1;
202000036889;154 677 513;B01;1;7;0;2;1;2;1;
202000036889;154 677 514;C01;1;10;0;2;4;23;1;
202000036890;154 677 510;A01;1;7;0;2;2;1;1;
202000036890;154 677 511;B01;1;7;0;2;3;15;1;
202000036891;154 677 517;A01;3;32;7;0;1;1;1;
202000036892;154 677 508;A01;1;7;0;2;1;15;1;
202000036892;154 677 509;B01;1;7;0;2;2;1;1;
202000036893;154 677 506;A01;3;30;0;0;0;21;1;
202000036893;154 677 507;Z01;1;7;0;2;4;9;1;
202000036894;154 677 504;A01;1;7;0;2;1;1;1;
202000036894;154 677 505;B01;1;7;0;2;4;1;1;
202000036895;154 677 502;B01;1;7;0;2;4;1;1;
202000036895;154 677 503;A01;1;31;0;2;1;1;1;
202000036896;154 677 500;A01;1;7;0;1;1;1;1;
202000036897;154 677 501;A01;1;7;3;0;1;14;1;
202000036898;154 677 499;Z01;3;7;0;1;8;9;1;
202000036899;154 677 496;A01;2;7;0;2;1;2;1;
202000036899;154 677 497;B01;2;7;0;2;4;23;1;
202000036900;154 677 491;A01;2;20;0;2;1;2;1;
202000036900;154 677 492;D01;2;7;0;2;4;1;1;
202000036900;154 677 493;E01;2;7;0;2;6;1;1;
202000036900;154 677 494;B01;2;7;0;2;4;1;1;
202000036900;154 677 495;C01;2;7;0;2;8;1;1;
202000036901;154 677 489;A01;3;7;0;1;1;16;1;
202000036902;154 677 488;A01;2;60;14;0;8;2;5;
202000036903;154 677 486;A01;1;7;0;2;1;1;1;
202000036903;154 677 487;B01;1;7;0;1;4;1;1;
202000036904;154 677 485;A01;0;7;0;1;3;16;1;
202000036905;154 677 484;A01;2;7;0;1;3;7;1;
202000036906;154 677 498;A01;1;7;4;0;1;19;1;
202000036907;154 677 482;B01;1;1;0;2;4;1;5;
202000036907;154 677 483;A01;1;10;0;2;2;15;1;
202000036908;154 677 479;A01;1;7;0;1;1;9;0;
202000036909;154 677 478;A01;3;7;0;1;1;1;1;
202000036910;154 677 475;B01;1;7;0;2;1;1;1;
202000036910;154 677 476;A01;1;7;0;2;1;15;1;
202000036911;154 677 473;B01;1;7;0;2;1;1;1;
202000036911;154 677 474;A01;1;7;0;2;8;9;1;
202000036912;154 677 471;B01;2;1;0;2;7;1;0;
202000036912;154 677 472;A01;2;7;0;2;3;0;0;
202000036913;154 677 470;A01;2;7;0;1;6;19;1;
202000036914;154 677 468;A01;2;7;0;2;7;17;1;
202000036914;154 677 469;B01;2;1;0;2;8;1;5;
202000036915;154 677 466;A01;1;7;0;2;3;26;1;
202000036915;154 677 467;B01;2;10;0;2;6;1;1;
202000036916;154 677 465;A01;2;7;0;1;2;1;1;
202000036917;154 677 463;B01;1;7;0;2;6;2;6;
202000036917;154 677 464;A01;1;7;0;2;2;21;6;
202000036918;154 677 461;B01;0;10;0;0;4;15;1;
202000036918;154 677 462;A01;0;33;0;2;1;1;1;
202000036919;154 677 459;Z01;2;7;0;2;8;20;1;
202000036919;154 677 460;B01;2;7;1;0;2;1;1;
202000036920;154 677 457;B01;1;7;0;2;1;1;1;
202000036920;154 677 458;A01;2;30;0;2;8;19;1;
202000036921;154 677 480;A01;1;7;1;0;1;1;1;
202000036921;154 677 481;B01;1;13;0;2;5;24;1;
202000036922;154 677 455;A01;2;7;0;9;1;2;1;
202000036922;154 677 456;B01;3;60;0;2;8;19;5;
202000036923;154 677 454;A01;2;7;9;0;1;14;1;
202000036924;154 677 453;A01;2;7;0;1;3;15;1;
202000036925;154 677 452;A01;2;7;0;1;3;9;1;
202000036926;154 677 450;A01;1;7;0;1;3;1;1;
202000036927;154 677 448;A01;1;7;0;2;3;19;1;
202000036927;154 677 449;B01;1;1;0;2;7;19;5;
202000036928;154 677 447;A01;1;7;0;1;2;1;1;
202000036929;154 677 451;A01;1;33;0;0;9;3;1;
202000036930;154 677 445;A01;2;33;0;0;9;1;1;
202000036931;154 677 443;B01;1;7;0;2;1;1;1;
202000036931;154 677 444;A01;1;7;0;2;4;2;6;
202000036932;154 677 440;B01;1;14;0;2;5;2;1;
202000036932;154 677 442;A01;1;33;0;2;1;2;1;
202000036933;154 677 439;A01;2;7;3;0;1;14;1;
202000036934;154 677 438;A01;1;99;0;1;0;26;0;
202000036935;154 677 441;B01;2;10;0;2;1;1;1;
202000036935;154 677 446;A01;1;31;0;2;1;1;1;
202000036936;154 677 436;B01;1;7;0;2;4;23;1;
202000036936;154 677 437;A01;3;30;0;2;1;1;1;
202000036937;154 677 434;A01;2;30;0;1;1;1;1;
202000036938;154 677 432;B01;3;1;0;2;0;0;0;
202000036938;154 677 433;A01;2;7;0;2;7;15;1;
202000036939;154 677 429;B01;1;7;0;2;4;1;1;
202000036939;154 677 430;C01;1;7;0;2;0;1;1;
202000036939;154 677 431;A01;1;7;0;2;1;1;1;
202000036940;154 677 427;B01;1;43;0;2;0;1;1;
202000036940;154 677 428;A01;2;32;0;0;0;15;1;
202000036941;154 677 426;A01;1;7;8;0;1;0;0;
202000036942;154 677 424;B01;2;1;0;2;8;1;5;
202000036942;154 677 425;A01;2;7;0;2;1;15;1;
202000036943;154 677 423;A01;2;1;0;2;1;1;5;
202000036944;154 677 422;A01;2;7;0;1;1;1;1;
202000036945;154 677 435;A01;3;7;0;1;3;15;1;
202000036946;154 677 421;A01;1;7;4;0;1;14;1;
202000036947;154 677 419;B01;2;1;0;2;6;1;0;
202000036947;154 677 420;A01;2;7;0;9;2;17;1;
202000036948;154 677 417;A01;3;7;12;2;1;1;0;
202000036948;154 677 418;B01;3;7;0;2;3;15;1;
202000036949;154 677 415;B01;2;7;0;2;2;1;1;
202000036949;154 677 416;A01;3;2;0;2;1;1;1;
202000036950;154 677 413;A01;1;10;0;2;1;1;0;
202000036950;154 677 414;B01;3;10;0;2;8;10;0;
202000036951;154 677 411;A01;1;7;0;1;3;15;1;
202000036952;154 677 412;A01;1;1;0;1;4;1;5;
202000036953;154 677 409;Z01;1;17;0;2;7;14;1;
202000036953;154 677 410;B01;1;7;3;2;8;1;1;
202000036954;154 677 407;A01;1;7;0;1;3;16;1;
202000036955;154 677 406;B01;2;7;0;2;1;1;1;
202000036955;154 677 408;A01;1;7;0;2;8;10;1;
202000036956;154 677 404;A01;1;30;0;2;7;1;1;
202000036956;154 677 405;Z01;1;7;0;2;1;9;1;
202000036957;154 677 402;B01;2;7;0;2;2;1;1;
202000036957;154 677 403;A01;1;7;0;2;3;19;1;
202000036958;154 677 398;B01;0;7;0;2;2;1;1;
202000036958;154 677 400;A01;0;7;0;2;3;1;1;
202000036959;154 677 399;A01;1;10;0;2;5;16;1;
202000036959;154 677 401;B01;1;50;0;2;0;1;3;
202000036960;154 677 396;A01;0;7;0;2;3;10;1;
202000036960;154 677 397;B01;0;33;0;2;1;1;1;
202000036961;154 677 394;A01;2;7;0;2;2;1;1;
202000036961;154 677 395;Z01;1;7;0;2;0;15;1;
202000036962;154 677 392;A01;2;7;0;2;7;15;1;
202000036962;154 677 393;B01;1;33;0;2;1;1;1;
202000036963;154 677 391;A01;1;43;0;1;1;1;1;
202000036964;154 677 390;A01;1;1;0;0;0;0;5;
202000036965;154 677 386;C01;2;7;0;2;3;23;1;
202000036965;154 677 388;A01;1;7;0;2;3;9;1;
202000036965;154 677 389;B01;1;1;0;2;7;1;5;
202000036966;154 677 385;B01;3;31;0;2;7;1;1;
202000036966;154 677 387;A01;1;7;0;2;1;9;1;
202000036967;154 677 383;A01;2;1;0;2;7;1;5;
202000036967;154 677 384;B01;1;7;0;2;1;15;3;
202000036968;154 677 382;A01;1;7;1;0;1;6;1;
202000036969;154 677 380;Z01;1;50;0;2;4;9;3;
202000036969;154 677 381;A01;1;50;0;2;1;1;3;
202000036970;154 677 379;A01;2;7;0;1;1;15;1;
202000036971;154 677 377;B01;1;7;0;2;6;2;2;
202000036971;154 677 378;A01;1;7;4;2;2;2;1;
202000036972;154 677 374;A01;1;1;0;1;1;7;5;
202000036973;154 677 372;A01;3;7;0;2;1;15;1;
202000036973;154 677 373;B01;3;7;0;2;3;1;1;
202000036974;154 677 371;Z01;2;7;0;1;8;1;1;
202000036975;154 677 370;Z01;2;50;0;1;1;5;3;
202000036976;154 677 368;A01;1;7;0;2;2;2;1;
202000036976;154 677 369;B01;1;14;0;2;6;23;1;
202000036977;154 677 375;A01;1;33;0;2;1;1;1;
202000036977;154 677 376;B01;1;7;0;2;4;0;1;
202000036978;154 677 367;A01;2;32;0;0;0;1;1;
202000036979;154 677 365;A01;1;30;0;0;6;21;1;
202000036980;154 677 364;A01;2;32;0;1;1;17;1;
202000036981;154 677 363;A01;1;1;0;1;1;1;5;
202000036982;154 677 360;A01;1;7;0;2;3;24;1;
202000036982;154 677 361;B01;1;37;1;2;5;1;1;3
202000036983;154 677 362;B01;2;7;0;2;4;1;1;
202000036983;154 677 366;A01;2;7;0;2;1;1;1;
202000036984;154 677 359;A01;1;10;0;1;8;22;0;
202000036985;154 677 356;Z01;1;7;0;2;1;2;1;
202000036985;154 677 357;A01;1;7;0;2;4;2;1;
202000036986;154 677 355;Z01;2;7;0;1;1;4;0;
202000036987;154 677 354;A01;2;2;0;1;1;1;1;
202000036988;154 677 352;B01;3;7;0;2;8;15;1;
202000036988;154 677 353;A01;3;30;0;2;1;17;1;
202000036989;154 677 350;A01;1;7;0;1;1;1;1;
202000036990;154 677 347;B01;1;7;0;2;1;2;1;
202000036990;154 677 348;C01;1;7;0;2;4;2;1;
202000036990;154 677 349;A01;3;7;0;2;0;9;1;
202000036991;154 677 346;A01;1;7;0;1;2;1;1;
202000036992;154 677 345;A01;2;32;0;1;1;18;1;
202000036993;154 677 343;A01;2;7;0;2;1;1;1;
202000036993;154 677 344;B01;1;7;0;2;2;1;1;
202000036994;154 677 342;A01;1;7;11;9;1;1;0;
202000036995;154 677 351;B01;1;10;0;2;4;23;1;
202000036995;154 677 358;A01;1;2;0;2;1;2;1;
202000036996;154 677 340;A01;2;7;0;2;2;15;0;
202000036996;154 677 341;B01;1;2;0;2;2;17;0;
202000036997;154 677 338;A01;1;10;0;1;1;16;0;
202000036998;154 677 336;A01;3;32;0;2;1;15;0;
202000036998;154 677 337;B01;3;34;0;2;1;1;0;
202000036999;154 677 334;B01;1;7;0;2;3;15;0;
202000036999;154 677 335;A01;1;7;0;2;2;1;0;
202000037000;154 677 339;A01;2;7;0;1;1;13;1;
202000037001;154 677 333;A01;1;7;12;0;7;1;1;
202000037002;154 677 332;A01;2;10;0;1;1;1;1;
202000037003;154 677 331;A01;2;30;6;1;3;13;1;
202000037004;154 677 330;A01;2;7;0;1;2;26;1;
202000037005;154 677 327;C01;3;7;0;0;0;0;0;
202000037005;154 677 328;A01;1;7;0;2;1;2;0;
202000037005;154 677 329;B01;3;7;0;0;0;0;0;
202000037006;154 677 325;A01;2;7;0;2;5;15;1;
202000037006;154 677 326;B01;1;33;0;2;1;1;1;
202000037007;154 677 324;A01;2;33;0;0;7;16;1;
202000037008;154 677 322;A01;3;33;0;2;5;2;1;
202000037008;154 677 323;B01;1;30;0;0;3;1;1;
202000037009;154 677 320;B01;1;7;0;2;4;1;0;
202000037009;154 677 321;A01;1;7;0;2;1;2;1;
202000037010;154 677 319;A01;1;3;8;0;1;26;1;
202000037011;154 677 317;B01;3;1;0;2;8;19;5;
202000037011;154 677 318;A01;3;10;0;2;2;26;1;
202000037012;154 677 316;A01;1;1;14;0;0;0;5;
202000037013;154 677 314;B01;1;1;0;2;9;0;5;
202000037013;154 677 315;A01;1;7;0;2;0;0;1;
202000037014;154 677 312;A01;1;32;0;2;1;17;1;
202000037014;154 677 313;B01;0;7;0;0;6;23;1;
202000037015;154 677 310;B01;1;1;0;2;6;19;5;
202000037015;154 677 311;A01;2;7;0;2;1;26;1;
202000037016;154 677 308;B01;2;7;0;2;8;15;1;
202000037016;154 677 309;A01;2;32;0;2;7;17;1;
202000037017;154 677 306;A01;1;80;0;2;3;5;3;
202000037017;154 677 307;B01;3;7;0;2;2;9;1;
202000037018;154 677 304;B01;3;7;0;2;5;2;1;
202000037018;154 677 305;A01;3;2;0;2;3;2;1;
202000037019;154 677 302;A01;1;7;0;2;1;2;1;
202000037019;154 677 303;B01;1;33;0;2;4;2;1;
202000037020;154 677 300;B01;0;1;0;0;0;0;0;
202000037020;154 677 301;A01;0;7;0;2;3;26;1;
202000037021;154 677 299;A01;2;7;13;0;1;1;1;
202000037022;154 677 298;A01;1;50;0;1;1;1;3;
202000037023;154 677 296;B01;2;1;0;2;0;25;5;
202000037023;154 677 297;A01;2;7;0;9;7;1;1;
202000037024;154 677 295;Z01;0;7;0;1;1;1;1;
202000037025;154 677 293;A01;1;10;0;2;2;15;1;
202000037025;154 677 294;B01;2;7;0;2;1;1;1;
202000037026;154 677 291;A01;1;7;0;2;1;15;1;
202000037026;154 677 292;B01;2;33;0;2;0;0;1;
202000037027;154 677 290;A01;0;7;9;1;1;14;1;
202000037028;154 677 288;A01;1;30;0;2;1;2;1;
202000037028;154 677 289;B01;1;7;0;0;6;2;1;
202000037029;154 677 286;B01;1;7;0;2;4;1;1;
202000037029;154 677 287;A01;1;7;0;2;1;2;1;
202000037030;154 677 285;A01;3;7;0;1;4;4;1;
202000037031;154 677 284;A01;0;7;0;1;4;4;1;
202000037032;154 677 283;A01;3;1;0;1;1;21;5;
202000037033;154 677 281;B01;2;7;0;2;8;15;1;
202000037033;154 677 282;A01;1;7;0;2;3;1;1;
202000037034;154 677 279;B01;2;31;0;2;1;1;1;
202000037034;154 677 280;A01;1;7;0;2;1;20;1;
202000037035;154 677 278;Z01;2;2;0;1;1;1;0;
202000037036;154 677 277;A01;0;30;0;1;1;1;3;
202000037037;154 677 276;A01;1;7;1;0;1;1;1;
202000037038;154 677 274;A01;0;7;0;2;3;15;0;
202000037038;154 677 275;B01;0;31;0;2;1;17;0;
202000037039;154 677 273;A01;3;7;0;1;2;9;1;
202000037040;154 677 271;B01;2;1;0;2;0;15;5;
202000037040;154 677 272;A01;2;7;0;2;0;15;1;
202000037041;154 677 270;A01;2;10;0;0;8;1;1;
202000037042;154 677 269;A01;1;7;6;0;1;14;1;
202000037043;154 677 267;A01;0;7;0;2;2;1;0;
202000037043;154 677 268;B01;0;31;0;2;4;23;0;
202000037044;154 677 265;A01;2;43;0;2;8;2;1;
202000037044;154 677 266;B01;2;7;0;2;4;2;2;
202000037045;154 677 264;A01;2;7;0;1;1;1;1;
202000037046;154 677 262;A01;1;40;0;2;3;1;3;
202000037046;154 677 263;B01;1;1;0;4;6;1;5;
202000037047;154 677 260;B01;2;10;0;2;3;5;1;
202000037047;154 677 261;A01;2;30;0;2;2;9;1;
202000037048;154 677 259;A01;1;30;0;1;8;1;3;
202000037049;154 677 257;A01;1;7;0;2;3;10;1;
202000037049;154 677 258;B01;1;30;0;2;2;17;1;
202000037050;154 677 255;A01;2;32;0;2;1;2;1;
202000037050;154 677 256;B01;2;7;0;2;5;23;1;
202000037051;154 677 253;B01;2;33;0;2;1;1;1;
202000037051;154 677 254;A01;1;3;0;2;7;15;1;
202000037052;154 677 251;B01;1;7;0;2;2;1;1;
202000037052;154 677 252;A01;1;30;15;2;1;18;1;
202000037053;154 677 249;A01;1;30;0;2;1;18;1;
202000037053;154 677 250;B01;1;7;0;2;2;16;1;
202000037054;154 677 247;A01;2;1;0;2;1;1;5;
202000037054;154 677 248;B01;2;7;0;2;4;23;1;
202000037055;154 677 245;A01;2;10;0;2;3;15;1;
202000037055;154 677 246;B01;2;1;0;2;1;1;5;
202000037056;154 677 243;B01;2;1;0;2;8;1;5;
202000037056;154 677 244;A01;2;7;0;2;0;1;1;
202000037057;154 677 242;A01;1;50;0;1;1;1;3;
202000037058;154 677 240;A01;1;1;0;2;1;1;5;
202000037058;154 677 241;B01;1;1;0;2;4;1;5;
202000037059;154 677 238;B01;1;30;0;2;6;23;1;
202000037059;154 677 239;A01;1;10;0;2;3;2;1;
202000037060;154 677 237;A01;2;1;0;1;1;1;5;
202000037061;154 677 236;A01;1;1;15;0;1;13;5;
202000037062;154 677 235;A01;3;50;8;0;1;1;3;
202000037063;154 677 233;B01;2;7;0;2;3;15;1;
202000037063;154 677 234;A01;1;34;0;2;1;1;1;
202000037064;154 677 231;A01;1;7;0;2;3;15;1;
202000037064;154 677 232;B01;1;1;0;2;1;1;5;
202000037065;154 677 229;A01;1;10;0;2;2;1;1;
202000037065;154 677 230;B01;2;10;0;2;7;1;1;
202000037066;154 677 228;A01;2;10;0;1;2;1;0;
202000037067;154 677 226;A01;2;7;0;2;3;15;1;
202000037067;154 677 227;B01;2;32;0;0;2;17;1;
202000037068;154 677 225;A01;2;7;0;1;3;15;1;
202000037069;154 677 223;B01;1;2;0;2;0;0;1;
202000037069;154 677 224;A01;1;10;0;2;2;10;1;
202000037070;154 677 221;A01;-1;80;0;2;1;9;3;
202000037070;154 677 222;B01;3;7;0;9;1;1;1;
202000037071;154 677 220;A01;2;7;0;1;2;1;1;
202000037072;154 677 216;D01;1;7;0;2;4;23;1;
202000037072;154 677 217;C01;1;7;14;0;4;1;1;
202000037072;154 677 218;B01;1;7;14;0;4;23;1;
202000037072;154 677 219;A01;1;10;14;0;1;1;1;
202000037073;154 677 214;B01;3;1;0;0;0;0;5;
202000037073;154 677 215;A01;3;7;0;0;0;15;1;
202000037074;154 677 213;A01;3;30;0;2;7;1;0;
202000037075;154 677 211;A01;1;30;0;2;7;17;1;
202000037075;154 677 212;B01;1;7;0;2;8;11;1;