num_acc;id_vehicule;num_veh;senc;catv;obs;obsm;choc;manv;motor;occutc
202000037076;154 677 209;B01;3;33;0;2;1;1;1;
202000037076;154 677 210;A01;3;7;0;2;6;15;1;
202000037077;154 677 207;A01;1;7;0;2;1;15;1;
202000037077;154 677 208;B01;2;1;0;2;1;2;5;
202000037078;154 677 206;A01;1;30;0;1;1;3;1;
202000037079;154 677 204;A01;1;30;0;2;3;18;1;
202000037079;154 677 205;B01;1;7;0;2;2;16;1;
202000037080;154 677 202;A01;1;7;0;2;4;1;1;
202000037080;154 677 203;B01;1;7;0;2;1;2;1;
202000037081;154 677 200;A01;2;33;0;2;2;1;1;
202000037081;154 677 201;B01;3;10;0;2;8;15;1;
202000037082;154 677 198;A01;2;15;0;2;6;13;1;
202000037082;154 677 199;B01;1;7;7;2;1;0;1;
202000037083;154 677 196;A01;1;7;0;2;3;0;1;
202000037083;154 677 197;B01;2;7;0;2;3;21;1;
202000037084;154 677 194;B01;1;33;0;2;1;1;0;
202000037084;154 677 195;A01;1;7;0;2;3;20;0;
202000037085;154 677 193;A01;2;32;13;0;1;0;1;
202000037086;154 677 191;A01;3;7;0;0;6;19;1;
202000037086;154 677 192;B01;2;33;0;2;1;1;1;
202000037087;154 677 189;A01;1;10;0;0;0;1;1;
202000037087;154 677 190;B01;1;30;0;0;0;17;1;
202000037088;154 677 187;B01;1;7;0;2;1;1;0;
202000037088;154 677 188;A01;1;7;0;0;4;1;0;
202000037089;154 677 186;A01;1;33;0;0;8;1;1;
202000037090;154 677 185;A01;2;33;0;0;0;26;1;
202000037091;154 677 183;A01;1;21;0;2;8;13;1;
202000037091;154 677 184;B01;2;7;0;2;8;1;1;
202000037092;154 677 181;B01;1;33;0;2;1;1;1;
202000037092;154 677 182;A01;1;7;0;2;6;15;1;
202000037093;154 677 179;A01;2;21;0;0;5;15;1;
202000037093;154 677 180;B01;1;33;0;2;1;1;1;
202000037094;154 677 177;A01;1;7;0;2;2;15;1;
202000037094;154 677 178;B01;2;33;0;2;1;1;1;
202000037095;154 677 175;A01;1;7;0;2;3;13;0;
202000037095;154 677 176;B01;2;7;0;2;1;1;0;
202000037096;154 677 174;A01;3;7;13;0;1;15;1;
202000037097;154 677 171;C01;2;7;0;2;1;1;1;
202000037097;154 677 172;A01;2;7;0;0;4;1;1;
202000037097;154 677 173;B01;2;7;0;2;4;1;1;
202000037098;154 677 170;A01;1;33;13;0;0;1;1;
202000037099;154 677 169;A01;2;7;0;0;1;13;1;
202000037100;154 677 167;A01;2;7;3;2;8;16;1;
202000037100;154 677 168;B01;2;15;0;2;1;1;1;
202000037101;154 677 166;A01;0;2;0;0;0;15;1;
202000037102;154 677 164;A01;2;33;0;2;1;1;1;
202000037102;154 677 165;B01;1;7;0;2;3;1;1;
202000037103;154 677 162;A01;2;7;3;2;1;13;1;
202000037103;154 677 163;B01;1;7;0;2;1;1;1;
202000037104;154 677 160;A01;1;7;0;2;1;15;1;
202000037104;154 677 161;B01;1;30;0;2;1;16;1;
202000037105;154 677 158;B01;3;7;7;2;1;1;1;
202000037105;154 677 159;A01;3;7;7;0;7;19;1;
202000037106;154 677 156;B01;2;2;12;0;7;21;1;
202000037106;154 677 157;A01;1;7;0;0;0;13;0;
202000037107;154 677 154;B01;2;7;0;2;2;15;1;
202000037107;154 677 155;A01;1;31;0;2;1;1;1;
202000037108;154 677 152;B01;0;1;0;2;8;1;5;
202000037108;154 677 153;A01;0;7;0;2;2;19;0;
202000037109;154 677 150;B01;2;7;0;2;3;1;1;
202000037109;154 677 151;A01;1;99;3;2;9;2;1;
202000037110;154 677 147;A01;1;33;3;0;1;13;1;
202000037111;154 677 145;A01;2;2;0;2;1;5;1;
202000037111;154 677 146;B01;1;7;0;2;1;1;1;
202000037112;154 677 144;A01;3;36;2;0;7;1;1;
202000037113;154 677 143;A01;3;13;9;1;2;26;0;
202000037114;154 677 142;A01;2;2;13;0;2;0;1;
202000037115;154 677 140;A01;2;7;0;0;6;1;1;
202000037115;154 677 141;B01;2;15;0;2;2;1;1;
202000037116;154 677 139;A01;1;15;13;0;1;1;0;
202000037117;154 677 138;A01;1;7;13;0;7;1;1;
202000037118;154 677 137;A01;1;7;13;0;1;1;1;
202000037119;154 677 134;C01;1;33;0;2;1;1;1;
202000037119;154 677 135;A01;1;33;0;2;3;1;1;
202000037119;154 677 136;B01;2;21;0;2;8;1;1;
202000037120;154 677 133;A01;2;7;6;0;2;13;1;
202000037121;154 677 132;A01;1;7;2;0;1;1;1;
202000037122;154 677 130;A01;2;7;0;1;1;1;1;
202000037123;154 677 129;A01;1;7;0;9;2;2;0;
202000037123;154 677 131;B01;1;1;0;0;4;2;5;
202000037124;154 677 128;A01;3;7;0;1;1;9;1;
202000037125;154 677 127;A01;1;7;0;1;2;1;6;
202000037126;154 677 125;B01;1;1;0;0;1;1;5;
202000037126;154 677 126;A01;2;7;0;0;7;15;1;
202000037127;154 677 123;A01;2;15;13;0;2;14;1;
202000037128;154 677 122;A01;1;7;0;2;4;23;1;
202000037128;154 677 124;B01;1;7;0;2;1;1;1;
202000037129;154 677 120;A01;1;7;4;0;3;0;0;
202000037130;154 677 119;B01;2;7;0;2;7;1;1;
202000037130;154 677 121;A01;2;33;0;2;8;13;1;
202000037131;154 677 117;A01;1;32;0;2;1;15;1;
202000037131;154 677 118;B01;2;31;0;2;1;1;1;
202000037132;154 677 113;B01;2;7;0;0;5;2;1;
202000037132;154 677 115;A01;2;30;0;2;1;2;1;
202000037133;154 677 114;A01;3;7;0;2;5;1;1;
202000037133;154 677 116;B01;3;10;0;2;1;1;1;
202000037134;154 677 109;B01;1;7;0;2;2;19;1;
202000037134;154 677 110;A01;1;7;0;2;1;1;1;
202000037135;154 677 108;B01;2;2;0;2;3;3;1;
202000037135;154 677 111;A01;2;34;0;2;2;8;1;
202000037136;154 677 106;B01;2;7;0;2;5;15;1;
202000037136;154 677 107;A01;2;7;0;2;3;1;1;
202000037137;154 677 104;B01;0;7;0;2;2;2;1;
202000037137;154 677 105;A01;0;7;0;2;1;9;1;
202000037138;154 677 099;A01;1;1;0;2;4;15;5;
202000037138;154 677 100;B01;1;7;0;0;0;0;0;
202000037139;154 677 101;B01;2;7;0;2;3;1;0;
202000037139;154 677 102;A01;1;7;0;2;1;9;0;
202000037139;154 677 103;C01;2;7;0;2;1;1;0;
202000037140;154 677 098;A01;1;10;0;1;2;16;1;
202000037141;154 677 096;B01;1;17;0;2;2;2;1;
202000037141;154 677 097;A01;1;7;3;0;6;20;1;
202000037142;154 677 095;A01;0;30;0;1;1;14;1;
202000037143;154 677 093;A01;2;32;0;2;1;1;1;
202000037143;154 677 094;B01;2;7;0;2;4;15;1;
202000037144;154 677 092;A01;1;7;2;0;3;1;1;
202000037145;154 677 090;B01;2;7;0;2;3;1;1;
202000037145;154 677 091;A01;1;7;0;2;2;15;0;
202000037146;154 677 087;A01;2;33;0;2;1;2;1;
202000037146;154 677 089;B01;2;7;0;0;5;1;1;
202000037147;154 677 086;B01;0;34;0;2;1;17;1;
202000037147;154 677 088;A01;0;13;0;0;3;15;1;
202000037148;154 677 085;A01;1;33;0;0;0;1;6;
202000037149;154 677 083;A01;0;33;0;2;1;9;0;
202000037149;154 677 084;B01;0;7;0;2;3;9;0;
202000037150;154 677 081;B01;2;2;0;2;1;1;1;
202000037150;154 677 082;A01;2;7;0;2;3;2;1;
202000037151;154 677 079;A01;0;33;13;0;0;1;1;
202000037152;154 677 078;A01;2;7;4;0;1;1;1;
202000037153;154 677 077;A01;1;7;0;2;8;15;1;
202000037153;154 677 080;B01;1;1;0;2;1;1;5;
202000037154;154 677 075;B01;1;7;0;2;1;1;1;
202000037154;154 677 076;A01;2;7;0;2;1;13;1;
202000037155;154 677 074;A01;3;33;0;6;1;1;1;
202000037156;154 677 068;B01;1;31;0;2;7;1;1;
202000037156;154 677 070;A01;2;7;0;2;3;9;1;
202000037157;154 677 069;D01;1;33;0;2;1;1;1;
202000037157;154 677 071;C01;1;7;0;2;1;1;1;
202000037157;154 677 072;B01;1;10;0;2;1;1;1;
202000037157;154 677 073;A01;1;7;0;2;4;23;1;
202000037158;154 677 067;A01;1;14;4;0;8;1;1;
202000037159;154 677 065;B01;3;21;0;2;3;16;1;
202000037159;154 677 066;A01;3;33;0;2;7;1;1;
202000037160;154 677 063;B01;3;7;0;2;1;1;1;
202000037160;154 677 064;A01;3;7;0;2;1;1;1;
202000037161;154 677 062;A01;2;7;0;1;2;1;1;
202000037162;154 677 060;B01;0;1;0;2;1;1;5;
202000037162;154 677 061;A01;0;7;0;2;1;15;1;
202000037163;154 677 058;B01;2;10;0;2;4;1;1;
202000037163;154 677 059;A01;2;10;0;2;1;1;1;
202000037164;154 677 057;A01;2;7;0;1;1;15;1;
202000037165;154 677 055;A01;1;34;0;0;3;26;1;
202000037166;154 677 054;A01;1;10;0;2;8;15;1;
202000037166;154 677 056;B01;1;7;0;2;1;1;3;
202000037167;154 677 053;A01;2;30;1;0;1;1;1;
202000037168;154 677 050;C01;2;7;0;2;4;1;1;
202000037168;154 677 051;B01;2;31;0;2;8;3;1;
202000037168;154 677 052;A01;2;31;0;2;1;3;1;
202000037169;154 677 049;A01;1;7;0;1;1;16;1;
202000037170;154 677 048;Z01;3;7;0;1;1;16;0;
202000037171;154 677 046;A01;2;7;0;2;2;12;1;
202000037171;154 677 047;B01;2;32;0;2;3;1;1;
202000037172;154 677 044;A01;2;1;0;2;6;11;5;
202000037172;154 677 045;B01;2;33;0;2;1;1;1;
202000037173;154 677 042;A01;2;50;0;2;7;5;3;
202000037173;154 677 043;B01;2;7;0;2;1;9;1;
202000037174;154 677 041;Z01;2;50;0;1;8;25;3;
202000037175;154 677 039;A01;1;33;0;2;2;1;1;
202000037175;154 677 040;B01;1;1;0;2;6;11;5;
202000037176;154 677 037;A01;2;7;8;2;2;2;1;
202000037176;154 677 038;B01;2;7;0;2;6;2;1;
202000037177;154 677 035;B01;2;40;0;2;2;2;3;
202000037177;154 677 036;A01;2;10;0;4;8;13;1;
202000037178;154 677 033;A01;1;15;0;2;1;15;1;
202000037178;154 677 034;B01;1;33;0;2;0;15;1;
202000037179;154 677 032;A01;1;7;0;1;1;1;2;
202000037180;154 677 031;A01;1;50;0;0;3;16;3;
202000037181;154 677 030;Z01;2;2;0;1;1;1;1;
202000037182;154 677 028;A01;2;7;0;2;2;15;1;
202000037182;154 677 029;B01;1;1;0;2;0;1;5;
202000037183;154 677 026;B01;1;50;0;2;2;18;3;
202000037183;154 677 027;A01;1;7;0;2;2;15;1;
202000037184;154 677 025;A01;1;7;0;1;1;15;3;
202000037185;154 677 023;A01;1;10;0;2;3;10;1;
202000037185;154 677 024;B01;1;2;0;2;7;1;1;
202000037186;154 677 021;A01;2;33;0;2;8;1;1;
202000037186;154 677 022;B01;2;7;0;2;2;10;1;
202000037187;154 677 020;A01;3;7;1;1;8;1;1;
202000037188;154 677 018;A01;2;10;0;2;1;1;1;
202000037188;154 677 019;B01;2;1;0;2;4;0;0;
202000037189;154 677 015;C01;3;7;0;2;4;26;1;
202000037189;154 677 016;B01;3;7;0;2;4;0;2;
202000037189;154 677 017;A01;3;7;0;2;1;9;1;
202000037190;154 677 013;A01;1;7;0;2;1;9;1;
202000037190;154 677 014;B01;1;2;0;2;0;0;1;
202000037191;154 677 011;B01;2;30;9;2;0;17;0;
202000037191;154 677 012;A01;2;7;12;2;0;13;0;
202000037192;154 677 010;A01;3;7;0;1;1;15;1;
202000037193;154 677 008;B01;1;7;0;0;0;0;1;
202000037193;154 677 009;A01;0;7;0;2;8;16;0;
202000037194;154 677 006;B01;1;33;0;2;3;18;1;
202000037194;154 677 007;A01;1;7;0;2;2;0;1;
202000037195;154 677 003;A01;1;7;0;1;2;17;0;
202000037196;154 677 001;A01;3;1;0;2;8;1;5;
202000037196;154 677 002;B01;3;7;0;2;3;1;1;
202000037197;154 677 000;A01;2;1;0;1;1;1;5;
202000037198;154 676 998;A01;1;30;12;0;2;14;0;
202000037199;154 676 997;B01;1;33;0;2;0;0;1;
202000037199;154 676 999;A01;1;7;0;2;0;0;1;
202000037200;154 676 995;B01;3;7;0;2;3;15;2;
202000037200;154 676 996;A01;1;34;0;2;2;1;1;
202000037201;154 676 993;A01;3;7;0;2;8;15;1;
202000037201;154 676 994;B01;3;32;0;2;1;17;1;
202000037202;154 676 991;B01;1;50;0;2;1;1;3;
202000037202;154 676 992;A01;1;7;0;2;2;16;1;
202000037203;154 676 989;A01;2;7;0;2;5;15;2;
202000037203;154 676 990;B01;1;34;0;2;1;1;1;
202000037204;154 676 987;B01;3;1;0;2;7;5;5;
202000037204;154 676 988;A01;3;99;0;2;4;26;6;
202000037205;154 676 984;A01;1;7;0;2;2;16;1;
202000037205;154 676 986;B01;1;1;0;2;7;19;5;
202000037206;154 676 983;A01;2;30;0;2;8;15;1;
202000037206;154 676 985;B01;1;36;0;2;0;0;1;
202000037207;154 676 982;A01;1;7;0;1;2;1;1;
202000037208;154 676 981;A01;1;7;0;1;1;9;1;
202000037209;154 676 979;B01;2;7;0;2;2;2;1;
202000037209;154 676 980;A01;1;7;0;2;8;15;1;
202000037210;154 676 976;B01;2;7;0;9;4;1;1;
202000037210;154 676 978;A01;2;7;0;2;1;1;1;
202000037211;154 676 975;B01;-1;99;1;0;2;2;1;
202000037211;154 676 977;A01;-1;99;16;0;6;19;1;
202000037212;154 676 973;A01;3;7;0;1;1;26;1;
202000037213;154 676 972;A01;2;7;0;2;3;9;0;
202000037213;154 676 974;B01;1;2;0;2;1;1;0;
202000037214;154 676 968;A01;2;7;0;2;1;13;1;
202000037214;154 676 970;B01;1;15;0;2;3;1;1;
202000037215;154 676 967;B01;1;10;0;2;3;1;1;
202000037215;154 676 969;C01;1;7;0;2;6;2;1;
202000037215;154 676 971;A01;1;7;0;2;1;19;1;
202000037216;154 676 965;B01;2;33;0;9;1;26;1;
202000037216;154 676 966;A01;1;1;0;2;7;15;5;
202000037217;154 676 963;B01;3;34;0;2;2;1;1;
202000037217;154 676 964;A01;3;7;0;2;3;19;1;
202000037218;154 676 961;B01;2;33;7;2;1;17;1;
202000037218;154 676 962;A01;2;7;7;2;3;15;1;
202000037219;154 676 960;A01;0;7;0;1;1;1;1;
202000037220;154 676 958;A01;3;30;0;1;1;1;1;
202000037221;154 676 957;A01;2;7;0;2;3;1;1;
202000037221;154 676 959;B01;1;2;0;2;1;15;1;
202000037222;154 676 955;A01;3;7;1;2;3;14;1;
202000037222;154 676 956;B01;2;30;0;2;1;1;1;
202000037223;154 676 954;A01;1;2;0;1;2;26;1;
202000037224;154 676 951;A01;1;2;0;2;1;19;0;
202000037224;154 676 953;B01;1;7;0;2;8;1;0;
202000037225;154 676 948;B01;2;7;0;2;6;15;1;
202000037225;154 676 949;A01;2;33;0;2;1;17;1;
202000037226;154 676 945;A01;3;7;0;2;3;3;1;
202000037226;154 676 947;B01;3;32;0;2;1;1;1;
202000037227;154 676 946;A01;0;7;0;1;1;1;1;
202000037228;154 676 944;A01;1;7;13;0;9;1;1;
202000037229;154 676 943;A01;1;7;13;0;1;17;0;
202000037230;154 676 937;A01;1;7;13;0;2;1;1;
202000037231;154 676 936;A01;2;10;0;2;1;1;1;
202000037231;154 676 938;B01;2;7;0;2;4;1;1;
202000037231;154 676 939;C01;1;17;0;2;1;1;1;
202000037232;154 676 935;A01;1;7;13;0;1;1;1;
202000037233;154 676 933;A01;1;2;1;2;1;17;1;
202000037233;154 676 934;B01;2;7;0;0;8;15;1;
202000037234;154 676 932;A01;1;7;2;0;3;0;1;
202000037235;154 676 929;B01;2;43;0;2;1;1;0;
202000037235;154 676 931;A01;1;7;0;0;3;9;2;
202000037236;154 676 928;B01;2;7;0;2;3;1;1;
202000037236;154 676 930;A01;1;7;0;2;3;13;1;
202000037237;154 676 927;A01;1;33;6;0;3;16;1;
202000037238;154 676 924;A01;2;2;0;2;8;19;1;
202000037238;154 676 926;B01;1;7;0;2;2;1;1;
202000037239;154 676 923;A01;3;7;0;2;6;19;1;
202000037239;154 676 925;B01;3;1;0;2;1;1;5;
202000037240;154 676 921;A01;2;7;13;0;3;1;1;
202000037241;154 676 922;A01;3;7;0;1;3;20;1;
202000037242;154 676 919;B01;2;7;0;2;9;1;1;
202000037242;154 676 920;A01;2;7;0;2;3;19;1;
202000037243;154 676 918;A01;1;10;0;1;3;1;1;
202000037244;154 676 916;A01;2;33;0;2;1;17;1;
202000037244;154 676 917;B01;2;21;0;2;3;15;1;
202000037245;154 676 910;A01;1;33;0;2;1;17;1;
202000037245;154 676 912;B01;1;7;0;0;6;23;1;
202000037246;154 676 908;A01;3;33;13;0;3;1;1;
202000037247;154 676 909;A01;0;2;8;0;1;1;1;
202000037248;154 676 905;A01;3;7;13;2;7;9;1;
202000037248;154 676 907;B01;1;7;12;2;1;1;1;
202000037249;154 676 904;B01;0;1;0;2;8;1;5;
202000037249;154 676 906;A01;0;7;0;2;2;15;1;
202000037250;154 676 902;B01;2;37;0;2;3;1;1;1
202000037250;154 676 903;A01;1;7;0;2;7;1;1;
202000037251;154 676 900;A01;3;33;4;0;2;1;1;
202000037252;154 676 901;A01;1;10;0;1;3;16;1;
202000037253;154 676 899;A01;2;7;0;0;0;1;1;
202000037254;154 676 898;A01;2;7;2;0;1;1;1;
202000037255;154 676 897;A01;1;10;2;0;5;1;1;
202000037256;154 676 896;A01;-1;7;8;0;1;13;1;
202000037257;154 676 895;A01;1;34;0;0;0;0;1;
202000037258;154 676 894;A01;2;7;15;0;3;1;1;
202000037259;154 676 893;A01;1;7;0;1;2;1;1;
202000037260;154 676 892;A01;2;7;2;0;1;13;1;
202000037261;154 676 890;B01;2;7;0;2;3;1;0;
202000037261;154 676 891;A01;1;7;0;2;3;1;0;
202000037262;154 676 888;A01;1;7;0;2;3;13;1;
202000037262;154 676 889;B01;1;7;0;2;3;1;1;
202000037263;154 676 887;A01;0;7;3;0;3;0;0;
202000037264;154 676 886;A01;0;7;0;0;0;0;1;
202000037265;154 676 884;B01;2;7;0;2;1;1;2;
202000037265;154 676 885;A01;1;7;0;2;3;13;1;
202000037266;154 676 883;A01;3;2;13;0;1;1;1;
202000037267;154 676 881;A01;2;7;0;2;1;0;1;
202000037267;154 676 882;B01;1;10;0;2;1;0;1;
202000037268;154 676 880;A01;2;7;1;0;2;14;1;
202000037269;154 676 878;B01;1;33;0;2;1;1;0;
202000037269;154 676 879;A01;0;7;0;2;5;15;0;
202000037270;154 676 877;A01;2;7;13;0;1;13;1;
202000037271;154 676 876;A01;1;7;3;0;1;1;1;
202000037272;154 676 875;A01;3;2;10;0;1;1;1;
202000037273;154 676 874;A01;2;7;1;1;2;1;1;
202000037274;154 676 872;A01;1;7;0;2;3;10;1;
202000037274;154 676 873;B01;1;33;0;2;1;21;1;
202000037275;154 676 869;C01;2;10;0;2;1;1;1;
202000037275;154 676 870;B01;2;7;0;2;4;1;1;
202000037275;154 676 871;A01;2;10;0;2;4;1;1;
202000037276;154 676 868;A01;2;33;0;6;1;1;1;
202000037277;154 676 865;B01;2;7;0;2;4;2;1;
202000037277;154 676 867;A01;2;7;0;2;1;2;1;
202000037278;154 676 864;A01;2;7;0;2;7;2;1;
202000037278;154 676 866;B01;1;7;0;2;1;2;1;
202000037279;154 676 862;A01;1;7;3;0;1;2;1;
202000037280;154 676 861;A01;2;34;7;0;1;6;1;
202000037281;154 676 860;A01;1;7;3;0;1;2;1;
202000037282;154 676 857;A01;-1;33;0;2;3;1;1;
202000037282;154 676 859;B01;-1;33;0;2;5;9;1;
202000037283;154 676 856;A01;2;10;0;2;6;1;1;
202000037283;154 676 858;B01;2;33;0;2;1;2;1;
202000037284;154 676 854;B01;2;7;0;2;7;2;1;
202000037284;154 676 855;A01;2;1;0;2;3;0;0;
202000037285;154 676 853;A01;2;7;0;0;1;1;1;
202000037286;154 676 850;B01;1;33;0;2;3;1;1;
202000037286;154 676 852;A01;1;7;0;2;5;15;1;
202000037287;154 676 848;B01;1;10;0;2;8;15;1;
202000037287;154 676 849;A01;1;33;0;2;1;17;1;
202000037288;154 676 851;A01;2;33;0;0;0;1;1;
202000037289;154 676 847;A01;1;7;4;0;3;1;1;
202000037290;154 676 845;B01;2;10;0;2;4;2;1;
202000037290;154 676 846;A01;2;15;0;2;1;2;1;
202000037291;154 676 843;B01;2;7;0;2;4;2;1;
202000037291;154 676 844;A01;2;7;0;2;1;2;1;
202000037292;154 676 842;A01;1;7;15;0;8;26;1;
202000037293;154 676 840;A01;1;10;0;2;1;1;1;
202000037293;154 676 841;B01;1;10;0;2;4;2;1;
202000037294;154 676 839;A01;3;2;0;6;1;1;1;
202000037295;154 676 838;A01;2;33;4;0;9;1;1;
202000037296;154 676 837;A01;1;33;12;0;0;1;1;
202000037297;154 676 835;A01;2;7;0;2;8;11;1;
202000037297;154 676 836;B01;2;33;0;2;7;1;1;
202000037298;154 676 833;B01;2;7;0;2;3;1;1;
202000037298;154 676 834;A01;1;2;0;2;1;13;1;
202000037299;154 676 829;A01;1;33;0;2;6;1;1;
202000037299;154 676 830;B01;2;10;0;2;6;17;1;
202000037300;154 676 828;A01;2;13;0;0;1;1;0;
202000037301;154 676 831;A01;1;7;0;2;1;2;1;
202000037301;154 676 832;B01;1;7;0;2;4;2;1;
202000037302;154 676 824;B01;2;33;0;2;3;1;1;
202000037302;154 676 827;A01;1;7;0;2;3;17;1;
202000037303;154 676 825;B01;1;34;0;2;1;3;1;
202000037303;154 676 826;A01;1;7;0;2;4;11;1;
202000037304;154 676 823;A01;1;7;13;0;1;0;1;
202000037305;154 676 821;A01;2;7;0;1;1;1;1;
202000037306;154 676 818;A01;1;16;13;0;1;14;1;
202000037307;154 676 819;B01;2;7;0;2;6;1;1;
202000037307;154 676 820;A01;1;7;0;2;1;1;1;
202000037308;154 676 815;B01;1;14;3;2;3;21;1;
202000037308;154 676 817;A01;2;7;0;2;1;13;1;
202000037309;154 676 812;A01;2;7;0;2;1;13;1;
202000037309;154 676 814;B01;1;17;0;2;1;1;1;
202000037310;154 676 813;A01;1;2;0;9;8;15;1;
202000037310;154 676 816;B01;1;2;0;9;1;17;1;
202000037311;154 676 811;A01;1;7;4;0;3;21;1;
202000037312;154 676 810;A01;0;7;0;1;1;1;1;
202000037313;154 676 808;A01;2;15;0;2;3;1;1;
202000037313;154 676 809;B01;2;10;0;2;5;15;1;
202000037314;154 676 807;A01;2;7;0;0;9;14;1;
202000037315;154 676 805;A01;2;7;0;9;1;1;1;
202000037316;154 676 804;A01;1;7;0;9;0;1;1;
202000037316;154 676 806;B01;2;1;0;2;0;26;5;
202000037317;154 676 800;A01;2;7;2;0;7;1;0;
202000037318;154 676 799;B01;2;30;0;2;1;19;1;
202000037318;154 676 801;A01;1;30;0;2;7;19;1;
202000037319;154 676 795;A01;1;7;0;2;1;14;1;
202000037319;154 676 797;B01;1;2;0;2;4;23;1;
202000037320;154 676 796;A01;2;7;0;0;2;17;1;
202000037320;154 676 798;B01;2;7;0;0;3;15;1;
202000037321;154 676 792;A01;2;1;0;2;4;1;5;
202000037321;154 676 794;B01;2;7;0;2;1;1;1;
202000037322;154 676 791;A01;1;50;0;2;1;1;3;
202000037322;154 676 793;B01;2;7;0;2;2;1;1;
202000037323;154 676 789;B01;2;7;0;2;1;1;1;
202000037323;154 676 790;A01;1;7;0;2;1;17;1;
202000037324;154 676 802;A01;0;7;0;2;2;15;1;
202000037324;154 676 803;B01;0;1;0;2;8;1;5;
202000037325;154 676 788;A01;2;7;0;1;1;1;1;
202000037326;154 676 785;A01;2;7;0;1;8;16;1;
202000037327;154 676 782;B01;1;7;0;2;1;2;1;
202000037327;154 676 783;C01;1;7;0;2;1;2;1;
202000037327;154 676 784;A01;1;7;0;2;4;2;1;
202000037328;154 676 780;A01;1;7;0;2;1;5;1;
202000037328;154 676 781;B01;2;7;0;2;1;1;1;
202000037329;154 676 778;B01;2;7;0;2;7;20;1;
202000037329;154 676 787;A01;2;7;0;2;1;1;1;
202000037330;154 676 777;A01;1;7;0;2;1;5;1;
202000037330;154 676 786;B01;2;7;0;2;3;1;1;
202000037331;154 676 776;A01;3;2;0;0;0;1;1;
202000037332;154 676 779;A01;3;7;0;1;0;1;1;
202000037333;154 676 772;B01;1;7;0;2;1;5;1;
202000037333;154 676 774;A01;2;7;0;2;1;1;1;
202000037334;154 676 771;A01;1;7;0;1;2;25;1;
202000037335;154 676 769;B01;2;7;0;2;1;1;1;
202000037335;154 676 770;A01;1;10;0;2;1;13;1;
202000037336;154 676 768;A01;3;37;0;1;2;16;1;1
202000037337;154 676 765;A01;0;7;0;2;1;19;1;
202000037337;154 676 767;B01;0;7;0;0;3;1;1;
202000037338;154 676 766;A01;2;7;13;0;1;1;1;
202000037339;154 676 761;A01;0;7;0;2;1;1;2;
202000037339;154 676 762;B01;0;14;0;2;1;1;1;
202000037340;154 676 760;A01;2;2;0;0;0;1;1;
202000037341;154 676 758;A01;1;2;0;1;1;17;1;
202000037342;154 676 756;A01;2;7;0;1;2;1;1;
202000037343;154 676 757;A01;1;33;0;0;7;1;1;
202000037344;154 676 755;A01;3;7;0;1;2;26;0;
202000037345;154 676 754;A01;2;31;11;0;1;6;1;
202000037346;154 676 763;B01;1;7;0;2;3;19;1;
202000037346;154 676 764;A01;2;30;0;2;1;1;1;
202000037347;154 676 751;A01;1;7;13;0;2;1;1;
202000037348;154 676 752;A01;2;7;0;1;2;13;1;
202000037349;154 676 749;A01;2;7;9;0;2;14;1;
202000037350;154 676 748;A01;1;31;0;1;1;1;1;
202000037351;154 676 747;A01;0;7;0;1;1;1;1;
202000037352;154 676 743;A01;1;7;0;2;3;13;0;
202000037352;154 676 745;B01;2;7;0;2;3;1;0;
202000037353;154 676 746;B01;1;7;0;2;3;1;1;
202000037353;154 676 750;A01;2;21;0;2;3;15;1;
202000037354;154 676 741;A01;1;7;0;1;1;1;1;
202000037355;154 676 739;A01;0;30;0;2;1;19;1;
202000037355;154 676 740;B01;0;7;0;2;2;1;1;
202000037356;154 676 738;A01;1;7;3;0;3;1;1;
202000037357;154 676 737;A01;0;7;0;1;3;1;1;
202000037358;154 676 735;B01;2;7;0;2;3;1;1;
202000037358;154 676 736;A01;1;7;0;2;3;1;1;
202000037359;154 676 733;B01;0;31;0;2;7;1;1;
202000037359;154 676 734;A01;0;7;0;2;8;9;1;
202000037360;154 676 732;A01;0;7;13;0;3;1;1;
202000037361;154 676 726;C01;2;7;0;2;3;1;0;
202000037361;154 676 727;B01;2;7;0;2;3;1;0;
202000037361;154 676 728;A01;1;7;0;2;1;11;0;
202000037362;154 676 730;A01;0;33;0;0;1;1;1;
202000037363;154 676 724;A01;2;7;0;2;1;13;1;
202000037363;154 676 725;B01;1;7;0;2;1;1;1;
202000037364;154 676 721;A01;0;7;10;0;3;1;1;
202000037365;154 676 722;A01;1;10;8;2;3;1;1;
202000037365;154 676 723;B01;1;7;0;2;2;9;1;
202000037366;154 676 720;A01;1;30;0;0;0;9;1;
202000037367;154 676 716;A01;2;7;0;2;3;1;1;
202000037367;154 676 718;B01;2;1;0;2;5;0;5;
202000037368;154 676 713;B01;3;1;0;2;7;6;5;
202000037368;154 676 714;A01;1;7;0;2;3;1;1;
202000037369;154 676 712;A01;1;7;4;0;1;14;1;
202000037370;154 676 731;A01;0;7;0;0;9;1;2;
202000037371;154 676 711;A01;2;7;0;1;8;1;0;
202000037372;154 676 707;A01;1;7;0;2;4;2;1;
202000037372;154 676 709;B01;1;7;0;2;4;2;1;
202000037372;154 676 710;C01;1;7;0;2;1;2;1;
202000037373;154 676 705;A01;2;7;0;2;2;1;1;
202000037373;154 676 706;B01;1;1;0;2;1;1;5;
202000037374;154 676 701;A01;0;7;0;2;1;2;1;