num_acc;id_vehicule;num_veh;senc;catv;obs;obsm;choc;manv;motor;occutc
202000037642;154 676 206;A01;1;7;0;2;4;10;1;
202000037642;154 676 207;B01;2;32;0;2;1;1;1;
202000037643;154 676 202;A01;1;7;0;2;7;15;1;
202000037643;154 676 217;B01;2;34;0;2;1;1;1;
202000037644;154 676 200;A01;3;7;0;2;3;9;1;
202000037644;154 676 205;B01;3;34;0;2;1;1;1;
202000037645;154 676 197;A01;2;30;14;0;8;13;1;
202000037646;154 676 195;A01;2;7;0;2;1;1;1;
202000037646;154 676 196;B01;1;7;0;2;1;1;1;
202000037647;154 676 192;A01;2;1;16;0;1;1;5;
202000037648;154 676 193;A01;1;7;0;2;2;1;0;
202000037648;154 676 194;B01;1;2;0;2;1;1;0;
202000037649;154 676 201;D01;1;7;0;2;4;23;1;
202000037649;154 676 214;A01;1;10;0;2;1;2;1;
202000037649;154 676 215;B01;1;7;0;2;4;23;1;
202000037649;154 676 216;C01;1;7;0;2;4;23;1;
202000037650;154 676 190;A01;1;50;0;2;1;1;3;
202000037650;154 676 191;B01;3;7;0;2;3;19;1;
202000037651;154 676 185;B01;3;50;0;2;1;1;3;
202000037651;154 676 203;A01;3;7;0;2;3;15;1;
202000037652;154 676 186;A01;2;30;0;0;8;1;1;
202000037653;154 676 184;B01;1;32;0;2;7;1;1;
202000037653;154 676 188;A01;2;7;0;0;0;15;1;
202000037654;154 676 179;B01;1;10;0;2;1;1;1;
202000037654;154 676 181;A01;1;31;0;2;8;1;1;
202000037655;154 676 178;B01;3;33;0;2;8;1;1;
202000037655;154 676 187;A01;3;7;0;2;1;1;1;
202000037656;154 676 176;B01;0;33;0;2;1;1;1;
202000037656;154 676 177;A01;0;7;0;2;2;15;1;
202000037657;154 676 174;A01;2;7;0;2;1;9;2;
202000037657;154 676 175;B01;1;7;0;2;7;1;1;
202000037658;154 676 172;A01;2;7;2;2;9;19;0;
202000037658;154 676 173;B01;2;7;8;2;3;7;0;
202000037659;154 676 167;Z01;3;7;0;2;1;1;0;
202000037659;154 676 169;A01;3;7;0;2;4;23;1;
202000037660;154 676 165;A01;0;7;0;2;2;26;1;
202000037660;154 676 166;B01;0;7;0;0;0;0;0;
202000037661;154 676 163;A01;3;7;0;2;4;23;1;
202000037661;154 676 164;B01;3;2;0;2;1;1;1;
202000037662;154 676 189;B01;1;7;0;2;8;1;0;
202000037662;154 676 204;A01;1;7;0;2;3;26;0;
202000037663;154 676 160;B01;2;33;0;2;1;1;1;
202000037663;154 676 162;A01;1;7;0;2;3;13;1;
202000037664;154 676 159;A01;1;30;0;2;1;26;0;
202000037664;154 676 161;B01;2;10;0;2;2;1;0;
202000037665;154 676 158;A01;3;32;0;0;0;0;1;
202000037666;154 676 168;A01;1;7;0;2;1;2;1;
202000037666;154 676 170;B01;1;7;0;2;4;2;1;
202000037666;154 676 171;C01;2;7;0;2;0;0;1;
202000037667;154 676 156;A01;2;7;0;1;3;1;1;
202000037668;154 676 182;A01;2;10;0;1;3;15;1;
202000037669;154 676 155;B01;2;7;0;2;2;9;1;
202000037669;154 676 157;A01;1;1;0;2;4;26;5;
202000037670;154 676 180;A01;2;7;0;2;1;15;1;
202000037670;154 676 183;B01;2;33;0;2;8;1;1;
202000037671;154 676 153;A01;1;7;0;2;2;0;1;
202000037671;154 676 154;B01;1;1;0;2;3;1;5;
202000037672;154 676 151;B01;1;1;0;2;1;23;5;
202000037672;154 676 152;A01;1;7;0;2;3;15;1;
202000037673;154 676 150;A01;1;33;0;1;2;1;1;
202000037674;154 676 149;A01;3;32;0;0;8;17;1;
202000037675;154 676 143;A01;2;7;0;2;8;9;1;
202000037675;154 676 147;B01;1;31;0;2;7;1;1;
202000037676;154 676 142;A01;2;7;0;2;8;15;1;
202000037676;154 676 145;B01;2;32;0;2;7;17;1;
202000037677;154 676 141;A01;1;7;0;2;1;26;1;
202000037677;154 676 144;B01;1;1;0;2;7;15;5;
202000037678;154 676 140;A01;1;7;0;2;3;2;1;
202000037678;154 676 146;B01;2;7;0;2;5;1;1;
202000037679;154 676 136;B01;1;7;0;2;3;11;1;
202000037679;154 676 139;A01;1;32;0;2;2;3;1;
202000037680;154 676 137;A01;3;31;12;0;0;26;1;
202000037681;154 676 148;A01;1;37;0;1;7;7;2;1
202000037682;154 676 135;B01;3;30;0;2;3;13;6;
202000037682;154 676 138;A01;3;2;0;2;1;26;6;
202000037683;154 676 134;A01;2;7;1;0;3;13;1;
202000037684;154 676 131;B01;2;32;0;2;8;1;1;
202000037684;154 676 133;A01;2;7;0;2;7;12;1;
202000037685;154 676 130;B01;2;7;0;2;8;15;1;
202000037685;154 676 132;A01;2;33;0;2;1;17;1;
202000037686;154 676 128;A01;1;33;0;2;1;1;1;
202000037686;154 676 129;B01;3;7;0;2;8;19;1;
202000037687;154 676 126;A01;2;10;0;1;4;4;1;
202000037688;154 676 125;B01;3;7;0;2;3;15;1;
202000037688;154 676 127;A01;1;7;0;2;1;1;1;
202000037689;154 676 120;B01;1;7;0;2;3;1;1;
202000037689;154 676 121;A01;1;7;8;2;5;17;1;
202000037689;154 676 123;C01;1;7;0;2;6;1;1;
202000037690;154 676 122;A01;1;10;0;2;1;2;1;
202000037690;154 676 124;B01;1;7;0;1;1;23;0;
202000037691;154 676 115;B01;1;7;0;2;3;1;0;
202000037691;154 676 117;Z01;2;7;0;2;3;15;0;
202000037692;154 676 119;A01;1;7;0;1;3;1;1;
202000037693;154 676 114;B01;0;7;0;2;2;1;1;
202000037693;154 676 116;A01;0;30;0;2;1;1;1;
202000037694;154 676 111;B01;1;43;0;2;8;1;1;
202000037694;154 676 118;A01;2;7;0;2;1;15;1;
202000037695;154 676 109;A01;1;7;0;2;1;1;0;
202000037695;154 676 113;B01;1;1;0;2;4;1;5;
202000037696;154 676 110;A01;3;7;0;2;7;16;1;
202000037696;154 676 112;B01;3;32;0;2;8;2;1;
202000037697;154 676 107;A01;2;7;0;1;4;20;1;
202000037698;154 676 108;A01;3;7;0;1;6;26;1;
202000037699;154 676 101;A01;1;31;0;2;8;3;1;
202000037699;154 676 106;B01;1;7;0;2;5;1;1;
202000037700;154 676 097;B01;3;2;0;2;1;1;1;
202000037700;154 676 103;A01;3;7;0;2;5;15;1;
202000037701;154 676 096;A01;1;7;0;2;3;11;2;
202000037701;154 676 099;B01;1;33;0;2;7;3;1;
202000037702;154 676 102;A01;1;7;0;1;4;4;3;
202000037703;154 676 093;A01;1;7;0;2;1;0;1;
202000037703;154 676 095;B01;1;14;0;2;6;0;1;
202000037704;154 676 100;A01;1;2;1;2;8;18;1;
202000037704;154 676 105;B01;1;7;0;2;2;22;3;
202000037705;154 676 098;A01;3;7;10;2;2;6;1;
202000037705;154 676 104;B01;3;7;0;2;3;1;1;
202000037706;154 676 089;A01;1;7;13;0;0;1;1;
202000037707;154 676 088;A01;1;30;11;0;1;26;1;
202000037708;154 676 087;B01;2;7;0;2;8;9;1;
202000037708;154 676 092;A01;2;15;0;2;2;1;1;
202000037708;154 676 094;C01;2;10;0;2;2;1;1;
202000037709;154 676 086;A01;1;50;0;2;1;21;3;
202000037710;154 676 090;B01;2;1;0;2;3;7;5;
202000037710;154 676 091;A01;1;10;0;2;7;10;1;
202000037711;154 676 079;C01;1;17;0;0;4;2;6;
202000037711;154 676 083;B01;1;7;0;2;8;2;1;
202000037711;154 676 085;A01;1;10;0;2;6;2;1;
202000037712;154 676 080;A01;1;1;0;1;1;1;5;
202000037713;154 676 082;A01;1;32;12;0;1;13;1;
202000037714;154 676 078;A01;1;7;0;2;1;0;1;
202000037714;154 676 081;C01;1;7;0;2;9;0;1;
202000037714;154 676 084;B01;1;7;0;2;9;0;1;
202000037715;154 676 070;A01;0;7;0;2;3;26;1;
202000037715;154 676 075;B01;0;7;0;2;5;2;1;
202000037716;154 676 073;A01;2;7;15;0;2;14;1;
202000037717;154 676 071;A01;0;7;0;2;3;9;1;
202000037717;154 676 077;B01;2;7;0;2;3;1;1;
202000037718;154 676 067;A01;2;7;0;2;2;17;1;
202000037718;154 676 068;B01;2;1;0;2;8;2;0;
202000037719;154 676 069;C01;1;37;0;2;6;23;2;1
202000037719;154 676 074;B01;1;33;0;2;1;17;1;
202000037719;154 676 076;A01;1;33;0;2;1;17;1;
202000037720;154 676 072;A01;1;32;0;1;1;1;1;
202000037721;154 676 065;B01;1;31;0;2;8;1;1;
202000037721;154 676 066;A01;2;7;0;2;1;1;3;
202000037722;154 676 059;B01;3;33;1;2;3;1;1;
202000037722;154 676 062;A01;3;7;0;2;2;15;1;
202000037723;154 676 060;C01;1;7;0;2;3;26;1;
202000037723;154 676 061;A01;1;7;0;2;1;16;1;
202000037723;154 676 063;B01;2;7;0;2;2;15;1;
202000037724;154 676 056;A01;3;32;0;2;1;1;1;
202000037724;154 676 058;Z01;3;13;0;2;5;23;0;
202000037725;154 676 055;A01;3;7;0;2;1;15;1;
202000037725;154 676 057;B01;1;10;0;2;3;1;1;
202000037726;154 676 053;B01;1;2;0;2;1;1;1;
202000037726;154 676 054;A01;2;7;0;2;2;1;1;
202000037727;154 676 051;A01;1;1;0;1;1;5;5;
202000037728;154 676 049;B01;3;7;0;2;0;0;1;
202000037728;154 676 050;A01;3;7;0;2;1;2;1;
202000037729;154 676 052;B01;2;1;0;2;1;1;5;
202000037729;154 676 064;A01;1;1;0;2;1;13;5;
202000037730;154 676 047;Z01;3;7;0;2;8;22;0;
202000037730;154 676 048;B01;1;1;0;2;7;1;5;
202000037731;154 676 045;Z01;1;7;0;2;2;16;1;
202000037731;154 676 046;A01;1;1;0;2;2;1;5;
202000037732;154 676 043;A01;2;7;0;2;7;15;1;
202000037732;154 676 044;B01;1;33;0;2;1;1;1;
202000037733;154 676 039;A01;3;33;0;2;6;1;1;
202000037733;154 676 042;B01;3;7;0;2;6;23;2;
202000037734;154 676 038;B01;3;33;0;2;1;1;1;
202000037734;154 676 040;A01;3;10;0;2;2;15;1;
202000037735;154 676 034;A01;2;7;12;0;2;2;0;
202000037736;154 676 035;A01;2;1;0;2;1;15;5;
202000037736;154 676 037;B01;2;1;0;2;1;16;5;
202000037737;154 676 033;B01;1;2;0;2;3;1;1;
202000037737;154 676 036;A01;1;7;0;2;2;12;1;
202000037738;154 676 030;A01;1;32;0;2;3;18;1;
202000037738;154 676 031;B01;2;7;0;2;3;15;1;
202000037739;154 676 032;A01;2;7;0;2;2;1;1;
202000037739;154 676 041;B01;1;7;0;2;3;1;1;
202000037740;154 676 027;A01;1;50;8;0;1;25;3;
202000037741;154 676 026;A01;1;80;0;0;0;21;3;
202000037742;154 676 025;B01;3;7;0;2;2;21;1;
202000037742;154 676 028;A01;0;7;0;0;2;13;1;
202000037743;154 676 023;A01;1;34;0;1;1;1;1;
202000037744;154 676 024;B01;2;7;0;2;1;0;1;
202000037744;154 676 029;A01;1;7;0;2;7;1;1;
202000037745;154 676 021;A01;0;7;0;2;1;16;1;
202000037745;154 676 022;B01;0;7;0;2;1;0;1;
202000037746;154 676 018;B01;0;34;0;2;1;1;0;
202000037746;154 676 020;A01;0;7;0;0;6;16;0;
202000037747;154 676 017;B01;1;7;0;2;2;1;1;
202000037747;154 676 019;A01;2;50;0;2;2;19;3;
202000037748;154 676 016;A01;1;7;0;1;1;2;1;
202000037749;154 676 010;A01;0;7;0;9;3;15;0;
202000037749;154 676 014;B01;2;50;0;2;1;1;3;
202000037750;154 676 012;A01;1;33;0;2;1;17;1;
202000037750;154 676 015;B01;1;7;0;2;3;15;1;
202000037751;154 676 009;A01;1;33;0;2;1;6;1;
202000037751;154 676 011;Y01;1;7;0;0;0;0;0;
202000037752;154 676 013;A01;3;32;11;0;1;1;1;
202000037753;154 676 008;A01;2;14;0;1;3;26;0;
202000037754;154 676 005;A01;3;7;0;9;3;20;1;
202000037754;154 676 006;B01;3;50;0;2;1;5;3;
202000037755;154 676 001;A01;1;32;0;0;0;1;1;
202000037756;154 676 003;A01;2;33;1;0;7;1;0;
202000037757;154 676 002;A01;3;7;0;2;2;9;1;
202000037757;154 676 007;B01;3;1;0;2;7;19;0;
202000037758;154 676 000;B01;2;10;0;2;2;0;1;
202000037758;154 676 004;A01;2;33;0;2;1;0;1;
202000037759;154 675 999;Z01;-1;0;0;1;1;1;1;
202000037760;154 675 996;A01;1;30;0;0;0;21;1;
202000037761;154 675 995;A01;2;10;0;1;5;4;1;
202000037762;154 675 994;A01;0;7;1;1;2;1;1;
202000037763;154 675 989;B01;2;2;0;2;1;1;1;
202000037763;154 675 992;A01;1;7;0;2;7;15;1;
202000037764;154 675 990;Z01;3;7;0;2;0;9;0;
202000037764;154 675 991;B01;1;30;0;2;3;0;0;
202000037765;154 675 987;B01;2;32;0;0;4;0;1;
202000037765;154 675 988;A01;2;10;0;2;2;2;1;
202000037766;154 675 984;B01;3;13;2;0;6;19;1;
202000037766;154 675 985;A01;3;7;0;2;1;11;1;
202000037767;154 675 983;C01;2;10;0;2;1;1;1;
202000037767;154 675 986;B01;1;7;0;2;6;1;1;
202000037767;154 675 993;A01;1;2;0;2;1;17;1;
202000037768;154 675 981;A01;2;7;0;1;3;23;0;
202000037769;154 675 980;B01;2;7;0;2;2;1;1;
202000037769;154 675 982;A01;2;7;1;2;9;21;1;
202000037770;154 675 979;A01;2;7;0;1;1;1;1;
202000037771;154 675 972;A01;2;30;0;2;1;2;1;
202000037771;154 675 976;B01;2;7;0;2;4;2;1;
202000037772;154 675 974;B01;-1;30;0;0;8;18;1;
202000037772;154 675 977;A01;-1;15;0;2;8;2;1;
202000037773;154 675 975;A01;3;7;0;2;3;9;1;
202000037773;154 675 978;B01;3;33;0;2;1;1;1;
202000037774;154 675 971;A01;3;30;0;2;1;16;3;
202000037774;154 675 973;B01;3;7;0;2;2;1;1;
202000037775;154 675 968;B01;3;7;0;2;6;19;1;
202000037775;154 675 970;A01;2;0;0;2;1;17;-1;
202000037776;154 675 964;B01;1;7;0;2;4;1;1;
202000037776;154 675 967;C01;1;7;0;2;4;2;1;
202000037776;154 675 969;A01;1;7;0;2;1;2;1;
202000037777;154 675 963;A01;1;7;0;2;1;2;1;
202000037777;154 675 965;B01;1;7;0;2;4;2;2;
202000037778;154 675 962;B01;1;50;0;2;2;1;3;
202000037778;154 675 966;A01;1;7;0;2;5;1;6;
202000037779;154 675 958;B01;2;2;0;2;1;1;1;
202000037779;154 675 959;A01;1;7;0;2;6;10;1;
202000037780;154 675 957;B01;-1;7;0;2;2;13;1;
202000037780;154 675 960;A01;-1;7;0;2;2;14;1;
202000037781;154 675 955;B01;1;33;0;2;1;1;1;
202000037781;154 675 956;A01;1;7;0;2;2;15;1;
202000037782;154 675 952;A01;1;7;0;1;3;15;1;
202000037783;154 675 953;A01;2;7;0;0;1;0;1;
202000037784;154 675 951;A01;3;7;0;2;2;15;0;
202000037784;154 675 961;B01;1;30;0;2;1;1;0;
202000037785;154 675 950;B01;2;37;0;2;3;1;3;2
202000037785;154 675 954;A01;2;7;0;2;5;16;1;
202000037786;154 675 949;A01;1;10;0;1;4;20;1;
202000037787;154 675 945;A01;-1;7;0;2;6;1;1;
202000037787;154 675 946;B01;-1;7;0;2;2;13;1;
202000037788;154 675 944;A01;3;7;0;1;0;2;1;
202000037789;154 675 943;B01;1;7;0;2;7;0;0;
202000037789;154 675 947;A01;1;30;0;2;7;0;0;
202000037790;154 675 942;B01;1;7;0;2;6;21;1;
202000037790;154 675 948;A01;1;7;0;2;3;13;1;
202000037791;154 675 940;A01;2;7;0;1;1;1;0;
202000037792;154 675 935;B01;3;7;0;2;3;15;1;
202000037792;154 675 938;A01;1;33;0;2;5;26;1;
202000037793;154 675 937;B01;2;33;0;0;0;0;1;
202000037793;154 675 941;A01;2;7;0;0;0;0;1;
202000037794;154 675 934;A01;1;7;0;1;1;15;1;
202000037795;154 675 936;B01;1;80;0;2;1;2;3;
202000037795;154 675 939;A01;2;7;0;2;2;15;1;
202000037796;154 675 930;A01;2;7;0;1;7;16;1;
202000037797;154 675 929;B01;1;34;0;2;1;2;0;
202000037797;154 675 931;A01;1;7;0;2;8;10;0;
202000037798;154 675 932;B01;1;34;0;2;1;1;1;
202000037798;154 675 933;A01;1;10;0;2;8;15;1;
202000037799;154 675 925;A01;1;7;0;2;2;0;0;
202000037799;154 675 927;B01;1;7;0;2;3;20;0;
202000037800;154 675 928;A01;2;7;0;1;3;1;1;
202000037801;154 675 922;B01;1;7;3;2;1;1;6;
202000037801;154 675 923;A01;2;7;3;2;7;1;6;
202000037802;154 675 918;B01;1;30;0;2;7;16;1;
202000037802;154 675 920;A01;1;32;0;2;1;1;1;
202000037803;154 675 916;A01;2;7;0;2;3;13;1;
202000037803;154 675 919;B01;1;7;0;2;0;1;2;
202000037803;154 675 921;C01;1;7;0;2;0;1;1;
202000037804;154 675 924;A01;1;7;0;1;3;26;0;
202000037805;154 675 915;B01;2;7;0;2;1;1;1;
202000037805;154 675 917;A01;1;7;0;2;1;13;1;
202000037806;154 675 914;A01;1;7;0;1;2;1;0;
202000037807;154 675 908;D01;1;7;0;2;5;23;1;
202000037807;154 675 909;C01;1;7;0;2;6;23;1;
202000037807;154 675 910;B01;1;7;0;2;3;23;1;
202000037807;154 675 911;A01;1;2;0;2;2;3;1;
202000037808;154 675 907;B01;2;10;0;2;1;1;1;
202000037808;154 675 912;A01;1;7;0;2;1;13;1;
202000037809;154 675 906;A01;3;33;0;0;0;9;1;
202000037810;154 675 905;A01;1;7;2;0;2;0;1;
202000037811;154 675 904;A01;2;7;15;0;2;1;1;
202000037812;154 675 901;B01;2;1;0;2;8;1;5;
202000037812;154 675 913;A01;2;7;0;2;3;15;1;
202000037813;154 675 902;A01;2;99;0;1;3;19;1;
202000037814;154 675 896;A01;1;7;6;0;2;1;1;
202000037815;154 675 895;B01;1;10;0;2;2;1;1;
202000037815;154 675 899;A01;1;7;0;2;5;19;1;
202000037816;154 675 893;B01;2;2;0;2;1;1;1;
202000037816;154 675 894;A01;1;7;0;2;2;15;1;
202000037817;154 675 898;A01;3;7;0;0;4;2;0;
202000037817;154 675 903;B01;3;7;6;0;1;2;0;
202000037818;154 675 897;B01;2;33;0;2;1;1;1;
202000037818;154 675 900;A01;1;7;0;2;2;13;1;
202000037819;154 675 892;A01;1;7;0;1;3;1;1;
202000037820;154 675 890;A01;1;1;0;2;6;1;5;
202000037820;154 675 891;B01;1;7;0;2;7;1;1;
202000037821;154 675 886;A01;2;10;13;0;0;17;1;
202000037822;154 675 889;A01;1;17;4;0;3;13;1;
202000037823;154 675 887;A01;3;13;0;2;4;26;1;
202000037823;154 675 888;B01;3;10;0;2;1;0;1;
202000037824;154 675 885;A01;2;7;0;1;2;1;1;
202000037825;154 675 882;A01;1;7;0;0;3;13;1;
202000037825;154 675 883;B01;2;15;0;0;3;1;1;
202000037826;154 675 884;A01;2;7;13;0;9;1;1;
202000037827;154 675 881;A01;1;32;0;0;7;1;1;
202000037828;154 675 879;A01;2;33;0;2;1;2;1;
202000037828;154 675 880;B01;2;7;0;0;4;2;1;
202000037829;154 675 876;A01;2;7;0;1;1;1;1;
202000037830;154 675 874;B01;1;7;0;2;1;1;1;
202000037830;154 675 875;A01;2;7;0;2;1;13;1;
202000037831;154 675 872;A01;2;33;0;0;1;16;1;
202000037831;154 675 873;B01;1;10;0;0;3;15;1;
202000037832;154 675 868;A01;1;2;0;0;6;1;1;
202000037833;154 675 869;A01;1;7;0;2;3;19;1;
202000037833;154 675 870;B01;2;7;0;2;1;1;1;
202000037834;154 675 867;A01;1;7;0;0;1;13;1;
202000037835;154 675 866;A01;3;31;0;0;3;15;1;
202000037836;154 675 864;A01;1;7;0;2;1;9;1;
202000037836;154 675 865;B01;2;7;0;2;5;1;1;
202000037837;154 675 863;A01;2;10;13;0;3;13;1;
202000037838;154 675 858;A01;1;7;0;2;3;1;1;
202000037838;154 675 862;B01;2;15;0;2;3;1;1;
202000037839;154 675 857;B01;3;2;0;2;1;1;6;
202000037839;154 675 860;A01;0;7;0;2;2;1;6;
202000037840;154 675 856;A01;2;7;0;2;2;15;1;
202000037840;154 675 859;B01;1;7;0;2;6;1;1;
202000037840;154 675 861;C01;2;7;0;2;3;1;1;
202000037841;154 675 851;A01;1;7;0;0;2;1;1;
202000037842;154 675 853;A01;3;99;13;1;8;14;1;
202000037843;154 675 850;A01;2;7;2;0;4;1;1;
202000037843;154 675 855;B01;1;17;0;0;2;1;1;
202000037844;154 675 852;A01;1;7;0;2;5;23;1;
202000037844;154 675 854;B01;1;2;0;2;1;2;1;
202000037845;154 675 849;A01;1;7;2;0;8;1;1;
202000037846;154 675 846;B01;3;7;0;2;2;1;1;
202000037846;154 675 848;A01;3;7;0;2;4;16;1;
202000037847;154 675 845;A01;2;7;0;2;8;22;1;
202000037847;154 675 847;B01;2;1;0;2;7;1;5;
202000037848;154 675 842;B01;1;7;0;2;3;15;0;
202000037848;154 675 844;A01;1;33;0;2;7;13;0;
202000037849;154 675 839;B01;2;32;0;2;3;2;1;
202000037849;154 675 841;A01;2;7;0;2;4;23;1;
202000037850;154 675 840;B01;2;7;0;2;2;1;1;
202000037850;154 675 843;A01;3;7;0;2;1;15;1;
202000037851;154 675 836;A01;1;43;0;1;1;1;1;
202000037852;154 675 833;A01;2;38;0;9;3;1;1;1
202000037853;154 675 834;B01;1;7;0;0;0;0;0;
202000037853;154 675 835;A01;2;7;0;0;0;0;0;
202000037854;154 675 831;A01;1;1;0;2;7;1;5;
202000037854;154 675 832;B01;2;1;0;2;8;19;5;
202000037855;154 675 824;A01;2;7;0;2;1;15;1;
202000037855;154 675 826;B01;1;1;0;2;1;1;5;
202000037856;154 675 825;B01;3;10;0;2;4;23;1;
202000037856;154 675 827;A01;3;10;0;2;1;2;3;
202000037857;154 675 823;A01;3;7;0;1;2;1;1;
202000037858;154 675 817;B01;3;7;0;2;3;16;1;
202000037858;154 675 821;A01;2;30;0;2;7;7;1;
202000037859;154 675 815;B01;1;7;0;2;2;1;1;
202000037859;154 675 816;A01;2;2;0;2;1;1;1;
202000037860;154 675 814;A01;3;7;0;2;3;19;1;
202000037860;154 675 819;B01;1;7;0;2;1;1;1;
202000037860;154 675 822;C01;2;7;0;2;3;1;1;
202000037861;154 675 811;B01;1;31;0;2;3;1;1;
202000037861;154 675 813;A01;1;1;0;2;1;14;5;
202000037862;154 675 812;A01;1;7;0;0;1;21;1;
202000037863;154 675 808;B01;2;33;0;2;1;1;1;
202000037863;154 675 809;A01;1;7;0;2;2;15;1;
202000037864;154 675 807;A01;1;10;0;1;4;4;1;
202000037865;154 675 806;A01;1;7;0;0;9;13;1;
202000037866;154 675 802;A01;1;7;0;2;1;1;1;
202000037866;154 675 804;B01;1;33;0;2;1;23;1;
202000037867;154 675 801;B01;2;20;0;2;8;15;1;
202000037867;154 675 805;A01;2;7;0;2;1;17;1;
202000037868;154 675 800;A01;1;7;0;2;3;13;1;
202000037868;154 675 803;B01;2;7;0;2;3;1;1;
202000037869;154 675 798;A01;1;7;0;1;1;1;1;
202000037870;154 675 795;A01;2;7;2;0;0;0;1;
202000037871;154 675 796;A01;1;31;0;2;3;13;1;
202000037871;154 675 797;B01;2;7;0;2;6;1;1;
202000037872;154 675 793;A01;2;7;2;0;3;1;1;
202000037873;154 675 794;A01;2;31;0;2;1;18;1;
202000037873;154 675 799;B01;1;10;0;2;7;15;1;
202000037874;154 675 792;A01;3;1;13;0;9;0;0;
202000037875;154 675 789;A01;2;14;3;0;3;0;1;
202000037876;154 675 790;A01;3;43;0;2;3;1;1;
202000037876;154 675 791;Z01;3;7;0;2;2;1;0;
202000037877;154 675 787;A01;1;2;0;0;0;1;1;
202000037878;154 675 785;B01;1;15;0;2;4;2;1;
202000037878;154 675 786;A01;1;7;0;2;1;2;0;
202000037879;154 675 779;A01;1;2;0;2;1;0;1;
202000037879;154 675 781;B01;2;10;0;2;3;0;1;
202000037880;154 675 783;A01;2;7;0;2;1;13;1;
202000037880;154 675 784;B01;1;7;0;2;1;1;1;
202000037880;154 675 788;C01;1;7;0;2;1;1;1;
202000037881;154 675 780;A01;2;7;0;2;2;1;1;
202000037881;154 675 782;B01;2;2;0;2;5;18;1;
202000037882;154 675 777;B01;3;7;0;2;1;19;1;
202000037882;154 675 778;A01;1;1;0;2;1;1;5;
202000037883;154 675 774;A01;1;1;0;2;4;7;5;
202000037883;154 675 776;Z01;1;1;0;2;1;7;5;
202000037884;154 675 775;A01;1;7;13;0;1;1;1;
202000037885;154 675 772;A01;1;30;0;2;1;5;1;
202000037885;154 675 773;B01;2;7;0;2;3;1;1;
202000037886;154 675 768;A01;1;7;0;2;1;2;1;
202000037886;154 675 771;B01;1;50;0;0;4;0;3;
202000037887;154 675 770;A01;2;7;2;0;7;1;1;
202000037888;154 675 767;B01;0;7;0;2;3;1;0;
202000037888;154 675 769;A01;0;7;0;2;2;5;0;
202000037889;154 675 765;A01;-1;1;0;5;2;1;5;
202000037890;154 675 763;B01;2;33;0;2;0;0;1;
202000037890;154 675 766;A01;-1;7;0;2;1;16;2;
202000037891;154 675 761;A01;2;7;0;2;3;1;1;
202000037891;154 675 764;B01;1;2;0;2;1;1;1;
202000037892;154 675 759;A01;1;50;0;2;7;19;3;
202000037892;154 675 760;B01;1;3;0;9;3;15;1;
202000037893;154 675 757;A01;1;7;0;2;1;1;1;
202000037893;154 675 758;B01;1;7;0;0;6;26;1;
202000037894;154 675 762;A01;1;7;8;0;5;1;1;
202000037895;154 675 756;A01;1;7;0;1;1;1;1;
202000037896;154 675 755;A01;1;14;0;1;3;1;0;
202000037897;154 675 753;B01;2;33;0;2;1;1;1;
202000037897;154 675 754;A01;1;10;0;2;2;15;1;
202000037898;154 675 751;A01;1;7;0;1;2;1;1;
202000037899;154 675 749;A01;2;7;0;2;2;13;1;
202000037899;154 675 750;B01;1;7;0;2;1;21;1;
202000037900;154 675 748;B01;1;7;0;2;1;1;0;
202000037900;154 675 752;A01;2;7;0;2;1;15;0;
202000037901;154 675 746;A01;1;7;0;2;2;15;1;
202000037901;154 675 747;B01;1;7;0;2;3;1;1;
202000037902;154 675 744;B01;0;33;0;2;1;1;1;
202000037902;154 675 745;A01;0;7;0;2;3;15;1;
202000037903;154 675 743;A01;1;7;0;1;1;16;0;
202000037904;154 675 741;A01;2;7;0;2;1;19;1;
202000037904;154 675 742;B01;1;50;0;2;8;2;3;
202000037905;154 675 740;A01;3;7;2;0;3;0;1;
202000037906;154 675 739;A01;2;7;0;1;2;1;1;
202000037907;154 675 736;A01;1;33;2;0;1;14;1;
202000037908;154 675 735;A01;1;7;0;2;2;2;1;
202000037908;154 675 737;B01;1;7;0;2;6;2;1;
202000037909;154 675 738;A01;1;10;0;1;2;15;1;
202000037910;154 675 731;A01;1;7;8;0;1;1;0;
202000037911;154 675 730;C01;1;10;0;2;1;2;1;
202000037911;154 675 732;B01;1;7;0;2;4;2;1;
202000037911;154 675 734;A01;1;10;0;2;1;2;1;
202000037912;154 675 733;A01;2;1;0;1;8;0;5;
202000037913;154 675 727;B01;2;33;0;2;8;3;2;
202000037913;154 675 729;A01;2;7;0;2;2;12;1;
202000037914;154 675 728;A01;1;7;0;0;0;0;1;
202000037915;154 675 720;D01;2;7;0;2;1;2;1;
202000037915;154 675 723;C01;2;7;0;2;4;2;1;
202000037915;154 675 725;B01;2;7;0;2;4;2;1;
202000037915;154 675 726;A01;2;7;0;2;4;2;1;
202000037916;154 675 719;A01;3;7;0;0;3;1;1;
202000037916;154 675 722;B01;3;2;0;0;3;13;1;
202000037917;154 675 717;A01;1;7;13;0;2;1;1;
202000037918;154 675 716;B01;1;7;0;2;4;2;1;
202000037918;154 675 718;A01;1;7;0;2;3;2;1;
202000037919;154 675 712;A01;1;7;0;1;3;1;1;
202000037920;154 675 711;A01;1;10;0;2;0;2;1;