num_acc;id_vehicule;num_veh;senc;catv;obs;obsm;choc;manv;motor;occutc
202000037920;154 675 714;B01;1;7;0;2;4;2;1;
202000037921;154 675 713;B01;1;7;0;2;1;1;1;
202000037921;154 675 715;A01;1;33;0;0;4;1;1;
202000037922;154 675 706;A01;1;7;3;0;3;1;1;
202000037923;154 675 708;B01;2;7;0;2;4;1;0;
202000037923;154 675 709;C01;2;99;0;2;1;2;0;
202000037923;154 675 710;A01;2;7;0;0;4;15;0;
202000037924;154 675 704;C01;1;99;0;2;4;2;0;
202000037924;154 675 705;B01;1;7;0;2;4;2;1;
202000037924;154 675 707;A01;1;99;0;2;1;2;1;
202000037925;154 675 700;A01;1;7;0;2;1;2;1;
202000037925;154 675 703;B01;1;17;0;2;4;1;1;
202000037926;154 675 699;B01;1;7;0;2;4;2;1;
202000037926;154 675 702;A01;1;7;15;2;1;2;1;
202000037927;154 675 698;A01;2;7;0;2;3;1;1;
202000037927;154 675 701;B01;1;7;0;2;3;13;1;
202000037928;154 675 695;A01;1;17;3;0;2;1;1;
202000037929;154 675 693;B01;2;32;0;2;1;1;1;
202000037929;154 675 694;A01;2;32;0;2;3;15;1;
202000037930;154 675 696;A01;1;7;0;1;3;1;1;
202000037931;154 675 697;A01;2;7;16;0;0;0;1;
202000037932;154 675 692;A01;2;7;3;0;1;1;1;
202000037933;154 675 688;B01;3;2;0;2;1;1;1;
202000037933;154 675 691;A01;3;7;0;2;2;1;1;
202000037934;154 675 687;B01;1;7;4;0;1;2;1;
202000037935;154 675 682;A01;1;7;0;0;6;15;1;
202000037935;154 675 684;B01;1;34;0;2;2;17;1;
202000037936;154 675 683;A01;3;7;0;1;2;1;1;
202000037937;154 675 681;A01;2;7;0;2;1;2;1;
202000037937;154 675 685;B01;2;7;0;2;4;2;3;
202000037937;154 675 686;C01;2;7;0;2;4;2;1;
202000037937;154 675 689;D01;2;7;0;2;4;2;1;
202000037937;154 675 690;E01;2;7;0;2;4;2;1;
202000037938;154 675 680;A01;3;36;14;0;1;0;1;
202000037939;154 675 678;B01;1;1;0;2;8;15;5;
202000037939;154 675 679;A01;1;7;0;9;2;1;1;
202000037940;154 675 674;A01;1;33;0;0;0;0;1;
202000037941;154 675 675;B01;2;33;0;2;1;3;1;
202000037941;154 675 676;A01;1;10;0;2;1;13;1;
202000037941;154 675 677;C01;2;7;0;2;3;2;1;
202000037942;154 675 672;A01;2;7;0;2;1;19;1;
202000037942;154 675 673;B01;0;1;0;2;7;19;5;
202000037943;154 675 670;A01;1;33;0;0;0;1;1;
202000037944;154 675 668;A01;1;7;0;1;7;1;1;
202000037945;154 675 667;B01;1;15;0;2;2;1;1;
202000037945;154 675 669;A01;1;7;0;2;6;9;1;
202000037946;154 675 663;A01;2;7;0;2;1;17;1;
202000037946;154 675 666;B01;1;7;0;2;1;1;1;
202000037947;154 675 665;A01;1;31;16;0;2;16;0;
202000037948;154 675 662;B01;2;31;0;2;8;3;1;
202000037948;154 675 664;A01;2;7;0;2;7;12;1;
202000037949;154 675 659;A01;0;7;0;1;1;2;1;
202000037950;154 675 658;B01;1;10;0;2;6;24;1;
202000037950;154 675 661;A01;1;7;1;0;2;0;1;
202000037951;154 675 660;A01;2;3;17;0;3;1;1;
202000037952;154 675 654;C01;2;7;0;2;4;0;1;
202000037952;154 675 655;B01;2;7;0;2;4;0;1;
202000037952;154 675 656;A01;2;7;0;2;0;26;1;
202000037953;154 675 651;A01;2;7;0;0;6;1;1;
202000037953;154 675 653;B01;2;7;3;2;2;3;1;
202000037954;154 675 649;A01;1;33;0;2;1;1;1;
202000037954;154 675 652;B01;1;21;0;2;3;9;1;
202000037955;154 675 646;A01;1;10;6;2;1;1;1;
202000037955;154 675 648;B01;1;7;0;2;1;1;1;
202000037956;154 675 647;A01;1;13;0;0;0;26;1;
202000037956;154 675 650;B01;1;32;0;0;0;26;1;
202000037957;154 675 643;A01;1;7;0;0;1;1;1;
202000037958;154 675 641;A01;2;7;0;0;0;26;1;
202000037958;154 675 642;B01;2;7;0;0;0;0;1;
202000037959;154 675 639;B01;1;1;0;2;4;1;5;
202000037959;154 675 640;A01;1;7;0;2;2;17;1;
202000037960;154 675 637;Z01;1;7;0;2;1;1;1;
202000037960;154 675 638;B01;1;7;0;2;4;1;1;
202000037961;154 675 635;A01;1;7;0;2;8;26;1;
202000037961;154 675 636;B01;1;7;0;2;2;0;1;
202000037962;154 675 634;A01;1;7;0;1;2;1;1;
202000037963;154 675 627;A01;1;33;0;2;3;3;1;
202000037963;154 675 630;B01;1;7;0;2;0;12;1;
202000037964;154 675 628;D01;2;7;0;2;5;2;1;
202000037964;154 675 631;B01;2;7;0;2;6;2;1;
202000037964;154 675 632;Z01;2;7;0;2;2;3;1;
202000037964;154 675 633;C01;2;7;0;2;8;2;1;
202000037965;154 675 626;A01;1;7;0;2;1;1;1;
202000037965;154 675 629;B01;2;7;0;2;1;1;1;
202000037966;154 675 624;A01;2;15;0;2;2;21;1;
202000037966;154 675 625;B01;2;7;0;2;6;2;1;
202000037967;154 675 622;A01;2;10;0;2;4;1;1;
202000037967;154 675 623;B01;2;10;0;2;1;2;1;
202000037968;154 675 618;A01;2;7;0;2;1;26;1;
202000037968;154 675 620;B01;2;7;0;2;4;1;1;
202000037969;154 675 616;B01;2;7;3;2;5;1;1;
202000037969;154 675 617;A01;2;7;3;2;1;1;1;
202000037970;154 675 614;B01;2;13;4;0;0;1;1;
202000037970;154 675 615;A01;2;30;4;9;7;1;1;
202000037971;154 675 619;A01;1;7;0;2;2;1;1;
202000037971;154 675 621;B01;3;1;0;2;3;26;5;
202000037972;154 675 611;A01;1;31;0;0;0;26;1;
202000037973;154 675 607;D01;1;7;0;2;1;1;2;
202000037973;154 675 610;C01;1;7;0;2;4;1;1;
202000037973;154 675 612;B01;1;7;0;2;4;1;1;
202000037973;154 675 613;A01;1;7;0;2;1;2;1;
202000037974;154 675 609;A01;1;7;2;0;2;1;0;
202000037975;154 675 606;B01;1;33;0;2;8;3;1;
202000037975;154 675 608;A01;1;7;0;2;2;12;1;
202000037976;154 675 604;B01;2;7;0;2;4;2;1;
202000037976;154 675 605;A01;2;10;0;2;1;2;1;
202000037977;154 675 601;A01;1;7;0;1;2;1;1;
202000037978;154 675 602;A01;2;7;0;0;9;1;1;
202000037979;154 675 599;A01;2;7;13;0;2;1;1;
202000037980;154 675 598;A01;2;7;4;0;1;1;1;
202000037981;154 675 596;A01;2;7;0;0;0;1;1;
202000037981;154 675 597;B01;1;33;0;0;0;21;1;
202000037982;154 675 600;B01;1;7;0;2;3;9;1;
202000037982;154 675 603;A01;1;33;0;2;2;3;1;
202000037983;154 675 592;A01;1;7;0;2;1;13;1;
202000037983;154 675 594;B01;2;7;0;2;1;1;1;
202000037984;154 675 591;A01;2;7;0;2;3;9;1;
202000037984;154 675 593;B01;2;17;0;2;5;2;1;
202000037985;154 675 590;A01;1;7;0;2;2;13;1;
202000037985;154 675 595;B01;2;7;0;2;1;1;1;
202000037986;154 675 588;A01;1;7;0;2;2;5;1;
202000037986;154 675 589;B01;2;7;0;2;1;5;1;
202000037987;154 675 587;A01;1;7;14;1;2;23;0;
202000037988;154 675 585;B01;2;7;0;2;1;1;2;
202000037988;154 675 586;A01;2;7;12;2;1;11;1;
202000037989;154 675 581;A01;2;7;0;2;2;1;1;
202000037989;154 675 583;B01;1;2;0;2;1;15;1;
202000037990;154 675 582;B01;3;2;0;0;5;1;1;
202000037990;154 675 584;A01;3;7;0;2;2;9;1;
202000037991;154 675 580;A01;1;10;16;1;1;1;1;
202000037992;154 675 576;B01;2;31;0;2;1;17;1;
202000037992;154 675 578;A01;2;7;0;0;6;15;1;
202000037993;154 675 575;B01;3;43;0;2;7;21;1;
202000037993;154 675 579;A01;3;7;0;2;4;4;1;
202000037994;154 675 574;B01;3;2;0;2;1;1;1;
202000037994;154 675 577;CA01;3;7;0;2;7;15;1;
202000037995;154 675 573;A01;2;7;0;1;3;2;1;
202000037996;154 675 572;A01;1;7;0;1;2;16;1;
202000037997;154 675 569;A01;0;50;0;2;1;1;3;
202000037997;154 675 570;B01;0;7;0;2;1;1;1;
202000037998;154 675 571;A01;2;7;13;0;0;0;0;
202000037999;154 675 567;B01;1;31;8;0;1;8;1;
202000037999;154 675 568;A01;2;7;8;0;3;26;1;
202000038000;154 675 565;B01;2;33;0;2;1;1;0;
202000038000;154 675 566;A01;3;7;0;2;2;16;0;
202000038001;154 675 562;A01;1;7;9;0;3;1;1;
202000038001;154 675 564;B01;1;7;0;0;0;11;1;
202000038002;154 675 560;C01;1;7;0;2;3;1;1;
202000038002;154 675 561;B01;1;7;0;2;4;15;1;
202000038002;154 675 563;A01;1;7;0;2;1;9;1;
202000038003;154 675 559;B01;2;1;0;1;1;1;5;
202000038004;154 675 556;D01;3;7;0;2;3;15;1;
202000038004;154 675 558;A01;2;33;0;2;7;17;1;
202000038005;154 675 557;A01;3;30;0;0;0;0;1;
202000038006;154 675 555;A01;0;7;0;1;0;1;1;
202000038007;154 675 553;A01;2;7;0;1;1;19;0;
202000038008;154 675 550;B01;1;7;0;2;2;15;1;
202000038008;154 675 551;A01;2;7;0;2;8;1;1;
202000038009;154 675 549;A01;1;7;2;0;8;0;1;
202000038010;154 675 548;A01;1;14;0;0;9;2;1;
202000038011;154 675 546;B01;1;50;0;2;1;1;3;
202000038011;154 675 547;A01;3;34;0;9;7;23;1;
202000038012;154 675 544;A01;1;2;0;0;2;1;1;
202000038013;154 675 543;B01;1;7;0;2;2;1;1;
202000038013;154 675 545;A01;1;14;0;2;6;9;1;
202000038014;154 675 542;A01;3;33;0;0;0;1;1;
202000038015;154 675 541;A01;2;7;0;1;2;21;1;
202000038016;154 675 540;A01;3;7;13;0;1;13;1;
202000038017;154 675 536;B01;1;7;4;2;1;2;1;
202000038017;154 675 538;A01;1;7;0;2;3;19;1;
202000038018;154 675 535;A01;0;2;7;0;1;17;1;
202000038019;154 675 537;B01;2;7;0;2;8;1;1;
202000038019;154 675 539;A01;1;7;0;2;2;15;1;
202000038020;154 675 533;A01;3;33;0;2;7;13;1;
202000038020;154 675 534;B01;3;13;0;2;6;20;1;
202000038021;154 675 532;A01;0;7;0;1;2;16;0;
202000038022;154 675 530;B01;0;7;0;2;1;2;1;
202000038022;154 675 531;A01;0;7;0;1;1;23;1;
202000038023;154 675 527;B01;0;2;0;2;4;1;0;
202000038023;154 675 529;A01;0;7;0;2;2;9;0;
202000038024;154 675 526;A01;1;7;0;2;1;26;1;
202000038024;154 675 528;B01;1;7;0;2;4;1;1;
202000038025;154 675 524;A01;1;7;0;2;1;1;1;
202000038025;154 675 525;B01;1;7;0;2;3;9;1;
202000038026;154 675 519;B01;2;7;0;2;7;1;1;
202000038026;154 675 522;A01;1;7;0;2;1;9;1;
202000038027;154 675 521;A01;1;31;0;2;1;1;1;
202000038027;154 675 523;B01;3;7;0;2;6;9;1;
202000038028;154 675 518;A01;2;7;0;2;8;9;1;
202000038028;154 675 520;B01;1;33;0;2;1;1;1;
202000038029;154 675 516;A01;2;1;0;0;1;1;5;
202000038030;154 675 512;B01;1;33;0;2;7;1;1;
202000038030;154 675 515;A01;0;7;0;2;1;15;1;
202000038031;154 675 511;C01;2;7;0;0;8;1;1;
202000038031;154 675 513;A01;1;33;0;2;1;3;1;
202000038031;154 675 514;B01;1;7;0;0;6;15;1;
202000038032;154 675 510;A01;2;7;0;1;2;15;1;
202000038033;154 675 509;A01;0;7;0;1;1;1;2;
202000038034;154 675 507;B01;1;7;0;2;1;1;1;
202000038034;154 675 508;A01;2;7;0;2;1;13;1;
202000038035;154 675 506;A01;2;33;14;0;1;17;1;
202000038036;154 675 504;B01;1;7;0;9;7;1;1;
202000038036;154 675 505;A01;2;1;0;2;2;5;5;
202000038037;154 675 498;A01;3;7;0;1;4;20;1;
202000038038;154 675 496;B01;1;7;0;2;4;23;1;
202000038038;154 675 497;A01;1;30;0;2;1;2;1;
202000038039;154 675 499;A01;2;7;0;2;3;0;1;
202000038039;154 675 500;B01;1;7;0;2;2;0;1;
202000038040;154 675 495;A01;1;7;0;2;9;1;1;
202000038041;154 675 493;A01;1;7;0;2;3;2;0;
202000038041;154 675 494;B01;2;7;0;2;6;2;0;
202000038042;154 675 489;A01;0;7;0;2;2;1;1;
202000038042;154 675 490;B01;0;7;0;2;4;0;1;
202000038042;154 675 491;C01;0;7;0;2;6;1;1;
202000038042;154 675 492;D01;0;7;0;2;0;1;1;
202000038043;154 675 487;B01;3;1;0;2;1;9;5;
202000038043;154 675 488;A01;3;7;0;2;8;1;1;
202000038044;154 675 483;C01;2;7;0;2;3;23;0;
202000038044;154 675 485;B01;1;31;0;2;3;1;1;
202000038044;154 675 486;A01;2;7;0;2;1;15;1;
202000038045;154 675 480;B01;1;1;0;2;0;0;0;
202000038045;154 675 481;A01;1;7;0;2;7;1;0;
202000038046;154 675 478;A01;1;7;0;1;1;1;1;
202000038047;154 675 476;A01;1;7;0;2;2;9;1;
202000038047;154 675 479;B01;2;7;9;2;3;1;1;
202000038048;154 675 475;B01;2;7;0;2;6;15;1;
202000038048;154 675 477;A01;1;30;0;2;3;1;1;
202000038049;154 675 472;A01;1;2;14;2;1;1;1;
202000038049;154 675 474;B01;2;21;0;2;8;6;1;
202000038050;154 675 471;B01;0;7;0;2;8;0;0;
202000038050;154 675 473;A01;0;7;0;2;1;1;1;
202000038051;154 675 469;A01;1;7;0;1;2;1;1;
202000038052;154 675 468;B01;1;7;13;2;3;0;0;
202000038052;154 675 470;A01;2;7;0;2;3;13;1;
202000038053;154 675 464;B01;2;7;0;2;4;23;1;
202000038053;154 675 465;A01;2;7;0;2;1;1;1;
202000038054;154 675 461;B01;1;14;0;1;6;24;1;
202000038054;154 675 463;A01;1;7;1;2;1;1;1;
202000038055;154 675 460;B01;0;7;0;2;8;1;1;
202000038055;154 675 462;A01;0;7;0;2;1;1;1;
202000038056;154 675 459;A01;3;31;6;0;1;1;1;
202000038057;154 675 454;B01;2;7;0;2;1;1;1;
202000038057;154 675 456;A01;1;7;0;2;1;13;1;
202000038058;154 675 453;C01;2;7;0;2;4;1;2;
202000038058;154 675 455;D01;2;7;0;2;1;17;1;
202000038058;154 675 457;A01;2;7;0;2;1;2;1;
202000038058;154 675 458;B01;2;7;0;2;4;2;1;
202000038059;154 675 451;B01;3;7;0;2;4;2;1;
202000038059;154 675 452;A01;3;7;0;2;1;2;1;
202000038060;154 675 450;A01;1;7;0;1;1;15;1;
202000038061;154 675 448;B01;2;10;0;2;3;11;1;
202000038061;154 675 449;A01;2;34;0;2;2;3;1;
202000038062;154 675 443;A01;1;7;0;2;4;17;1;
202000038062;154 675 444;C01;1;7;0;2;1;16;1;
202000038062;154 675 445;B01;1;7;0;2;1;17;1;
202000038062;154 675 446;D01;1;7;0;2;1;17;1;
202000038062;154 675 447;E01;1;10;14;0;1;17;1;
202000038063;154 675 441;A01;2;32;16;0;3;1;1;
202000038064;154 675 440;A01;1;7;0;2;4;5;1;
202000038064;154 675 442;B01;1;7;0;2;1;1;0;
202000038065;154 675 436;B01;2;17;0;2;3;1;1;
202000038065;154 675 438;A01;2;34;0;2;2;12;1;
202000038066;154 675 437;A01;0;7;0;2;0;0;1;
202000038066;154 675 439;B01;3;7;0;0;0;0;1;
202000038067;154 675 435;A01;3;33;0;2;0;0;1;
202000038068;154 675 433;A01;1;7;0;2;4;2;1;
202000038068;154 675 434;B01;1;33;0;2;1;2;1;
202000038069;154 675 431;A01;3;60;0;0;0;26;5;
202000038070;154 675 430;A01;3;80;0;2;0;15;3;
202000038070;154 675 432;B01;3;7;0;0;0;0;1;
202000038071;154 675 428;A01;0;33;0;2;1;16;1;
202000038071;154 675 429;AB01;3;7;0;2;8;1;1;
202000038072;154 675 426;A01;1;1;0;2;1;1;5;
202000038072;154 675 427;B01;1;7;0;9;0;0;1;
202000038073;154 675 424;B01;2;7;0;0;4;2;1;
202000038073;154 675 425;A01;2;33;0;2;1;2;1;
202000038074;154 675 421;C01;2;7;0;2;4;2;1;
202000038074;154 675 422;B01;2;7;0;2;4;2;1;
202000038074;154 675 423;A01;2;7;0;2;1;2;1;
202000038075;154 675 419;B01;2;7;0;2;7;0;0;
202000038075;154 675 420;A01;1;7;0;2;1;1;6;
202000038076;154 675 417;A01;2;7;0;2;3;1;1;
202000038076;154 675 418;B01;1;1;0;2;0;0;0;
202000038077;154 675 415;A01;2;14;0;2;1;26;1;
202000038077;154 675 416;B01;2;7;0;2;0;1;1;
202000038078;154 675 413;A01;1;7;0;2;7;1;1;
202000038078;154 675 414;B01;1;7;0;2;1;1;1;
202000038079;154 675 411;B01;2;7;0;2;4;2;1;
202000038079;154 675 412;A01;2;38;0;2;1;2;1;1
202000038080;154 675 409;B01;2;33;0;2;4;2;0;
202000038080;154 675 410;A01;2;7;0;2;3;1;0;
202000038081;154 675 407;B01;2;33;0;2;1;2;1;
202000038081;154 675 408;A01;2;7;0;2;6;26;1;
202000038082;154 675 405;B01;1;7;0;2;5;1;1;
202000038082;154 675 406;A01;2;7;0;2;3;1;1;
202000038083;154 675 404;A01;2;30;12;0;3;13;1;
202000038084;154 675 402;Z01;1;7;0;2;1;2;0;
202000038084;154 675 403;A01;1;7;1;0;4;9;1;
202000038085;154 675 401;A01;2;32;0;1;0;17;0;
202000038086;154 675 400;A01;1;1;0;0;1;1;5;
202000038087;154 675 399;A01;1;7;0;1;3;16;1;
202000038088;154 675 397;A01;1;30;0;2;1;2;1;
202000038088;154 675 398;B01;1;7;0;2;4;23;1;
202000038089;154 675 395;B01;0;7;0;2;2;1;1;
202000038089;154 675 396;A01;0;50;0;2;1;16;3;
202000038090;154 675 393;D01;0;7;0;2;1;0;-1;
202000038090;154 675 394;B01;0;2;0;2;1;1;1;
202000038091;154 675 391;A01;1;31;0;2;7;17;0;
202000038091;154 675 392;B01;1;7;0;2;8;17;0;
202000038092;154 675 389;A01;2;37;1;0;7;17;0;1
202000038092;154 675 390;B01;2;20;0;0;8;24;0;
202000038093;154 675 387;A01;3;7;0;2;2;15;1;
202000038093;154 675 388;B01;3;2;0;2;1;1;1;
202000038094;154 675 385;B01;2;7;0;2;6;1;1;
202000038094;154 675 386;A01;1;7;0;2;8;1;1;
202000038095;154 675 384;A01;3;50;0;0;0;0;3;
202000038096;154 675 382;B01;2;1;0;2;0;15;5;
202000038096;154 675 383;A01;1;7;0;2;0;1;1;
202000038097;154 675 380;B01;2;7;0;2;2;1;1;
202000038097;154 675 381;A01;1;7;0;2;2;15;1;
202000038098;154 675 378;A01;2;1;0;2;1;13;2;
202000038098;154 675 379;B01;0;7;0;2;1;1;0;
202000038099;154 675 377;A01;3;7;0;1;1;19;1;
202000038100;154 675 376;Z01;1;7;0;1;2;1;6;
202000038101;154 675 374;B01;1;2;0;2;1;1;0;
202000038101;154 675 375;Z01;1;7;0;2;8;15;0;
202000038102;154 675 373;A01;1;30;3;0;0;1;0;
202000038103;154 675 372;A01;2;7;17;0;1;13;1;
202000038104;154 675 370;B01;1;7;0;2;3;5;1;
202000038104;154 675 371;A01;2;33;0;2;3;5;1;
202000038105;154 675 368;B01;2;2;0;2;1;1;1;
202000038105;154 675 369;A01;1;7;0;2;3;17;1;
202000038106;154 675 367;A01;2;7;4;0;1;1;1;
202000038107;154 675 366;A01;1;33;0;0;0;1;1;
202000038108;154 675 363;A01;1;7;0;2;2;10;1;
202000038108;154 675 364;C01;2;7;0;2;1;1;1;
202000038108;154 675 365;B01;1;33;0;2;0;1;1;
202000038109;154 675 361;A01;1;7;4;0;1;1;1;
202000038110;154 675 359;A01;1;33;0;2;3;1;1;
202000038110;154 675 360;B01;1;7;0;2;2;9;1;
202000038111;154 675 358;A01;1;33;0;0;7;1;0;
202000038112;154 675 355;A01;1;7;0;2;0;3;1;
202000038112;154 675 356;B01;1;7;0;2;2;1;1;
202000038112;154 675 357;C01;1;7;0;0;8;1;1;
202000038113;154 675 352;B01;1;2;0;2;1;1;1;
202000038113;154 675 353;A01;1;7;0;2;2;1;1;
202000038114;154 675 350;A01;1;33;0;2;9;13;1;
202000038114;154 675 351;B01;2;33;0;2;1;1;1;
202000038115;154 675 349;A01;2;7;0;1;2;19;2;
202000038116;154 675 348;A01;1;7;16;0;9;0;1;
202000038117;154 675 347;A01;1;7;4;0;1;0;1;
202000038118;154 675 345;A01;3;31;0;0;8;19;1;
202000038118;154 675 346;B01;3;34;0;0;2;26;0;
202000038119;154 675 344;A01;1;33;7;0;1;1;1;
202000038120;154 675 343;A01;1;7;3;0;1;1;1;
202000038121;154 675 342;A01;1;33;0;0;0;21;1;
202000038122;154 675 340;A01;1;33;13;0;2;1;1;
202000038123;154 675 339;A01;2;7;7;0;1;1;1;
202000038124;154 675 338;A01;1;2;13;0;1;14;1;
202000038125;154 675 337;A01;0;1;0;9;0;0;5;
202000038126;154 675 335;B01;3;1;0;2;1;1;5;
202000038126;154 675 336;A01;3;7;0;9;2;1;1;
202000038127;154 675 334;A01;1;7;3;0;4;0;1;
202000038128;154 675 333;A01;1;1;0;0;0;1;5;
202000038129;154 675 331;A01;1;20;0;2;1;26;1;
202000038129;154 675 332;B01;1;7;0;2;4;1;1;
202000038130;154 675 329;B01;2;10;0;2;6;1;1;
202000038130;154 675 330;A01;2;34;0;2;1;0;1;
202000038131;154 675 327;B01;1;17;0;2;6;1;1;
202000038131;154 675 328;A01;1;7;0;2;2;14;1;
202000038132;154 675 325;A01;2;7;3;2;1;2;1;
202000038132;154 675 326;B01;2;7;0;2;4;2;1;
202000038133;154 675 321;A01;1;7;0;2;1;2;1;
202000038133;154 675 322;B01;1;7;0;2;4;2;1;
202000038133;154 675 323;C01;1;7;0;2;1;2;1;
202000038133;154 675 324;D01;1;7;0;2;4;2;1;
202000038134;154 675 320;A01;1;7;3;0;0;1;1;
202000038135;154 675 319;A01;2;7;0;0;1;0;1;
202000038136;154 675 318;A01;2;7;3;0;1;2;1;
202000038137;154 675 316;B01;1;38;0;2;5;1;1;1
202000038137;154 675 317;A01;1;7;0;2;1;12;1;
202000038138;154 675 314;B01;1;33;0;2;1;2;1;
202000038138;154 675 315;A01;1;7;0;2;4;2;1;
202000038139;154 675 313;A01;1;7;3;0;1;1;1;
202000038140;154 675 312;B01;1;7;1;0;1;2;1;
202000038141;154 675 311;A01;1;43;14;0;8;9;1;
202000038142;154 675 307;D01;1;10;0;2;4;2;1;
202000038142;154 675 308;C01;1;7;0;2;4;2;1;
202000038142;154 675 309;B01;1;7;0;2;4;2;1;
202000038142;154 675 310;A01;1;10;0;2;1;2;1;
202000038143;154 675 306;A01;1;33;14;0;1;9;1;
202000038144;154 675 304;A01;2;7;0;2;4;23;1;
202000038144;154 675 305;B01;2;7;0;2;1;11;1;
202000038145;154 675 303;A01;1;33;4;0;8;0;1;
202000038146;154 675 302;A01;0;7;0;1;7;1;1;
202000038147;154 675 301;A01;1;7;0;1;1;1;1;
202000038148;154 675 300;A01;3;7;0;1;6;4;1;
202000038149;154 675 299;A01;2;7;0;1;8;14;1;
202000038150;154 675 297;B01;3;7;0;2;4;1;0;
202000038150;154 675 298;A01;3;7;0;2;1;1;0;
202000038151;154 675 295;A01;2;7;0;2;3;9;0;
202000038151;154 675 296;B01;2;31;0;2;1;2;0;
202000038152;154 675 293;B01;2;7;0;2;1;15;1;
202000038152;154 675 294;A01;1;7;15;2;3;1;1;
202000038153;154 675 292;A01;1;7;8;0;1;1;1;
202000038154;154 675 290;A01;3;7;0;2;1;2;1;
202000038154;154 675 291;B01;3;7;0;2;4;2;1;
202000038155;154 675 289;A01;2;7;0;1;2;15;2;
202000038156;154 675 287;B01;2;7;0;2;1;1;1;
202000038156;154 675 288;A01;1;7;0;2;1;5;1;
202000038157;154 675 286;A01;3;99;0;0;0;0;0;
202000038158;154 675 284;B01;1;2;0;2;2;1;1;
202000038158;154 675 285;A01;1;7;0;2;3;9;1;
202000038159;154 675 283;A01;3;7;0;1;3;15;1;
202000038160;154 675 281;A01;3;7;0;2;3;26;1;
202000038160;154 675 282;B01;1;33;0;2;1;1;1;
202000038161;154 675 280;A01;2;31;0;1;1;17;0;
202000038162;154 675 279;A01;3;7;3;0;1;1;1;
202000038163;154 675 278;A01;1;7;2;0;8;14;1;
202000038164;154 675 277;A01;2;7;0;1;2;1;0;
202000038165;154 675 275;A01;2;7;0;2;5;1;1;
202000038165;154 675 276;B01;2;7;0;2;2;15;1;
202000038166;154 675 273;A01;0;32;0;2;7;12;1;
202000038166;154 675 274;B01;0;7;0;2;8;1;1;
202000038167;154 675 271;A01;2;7;0;2;1;15;1;
202000038167;154 675 272;B01;1;10;0;2;2;1;1;
202000038168;154 675 269;B01;1;33;0;2;4;2;1;
202000038168;154 675 270;A01;1;7;0;2;1;2;1;
202000038169;154 675 268;A01;3;7;13;0;1;1;1;
202000038170;154 675 266;B01;1;33;0;2;3;1;1;
202000038170;154 675 267;A01;2;7;0;2;1;15;1;
202000038171;154 675 264;B01;2;31;0;2;8;1;1;
202000038171;154 675 265;A01;2;7;0;2;7;12;1;
202000038172;154 675 262;B01;3;7;0;2;1;1;1;
202000038172;154 675 263;A01;3;2;0;2;1;26;1;
202000038173;154 675 260;A01;3;1;0;2;1;1;5;
202000038173;154 675 261;B01;3;7;0;2;6;1;1;
202000038174;154 675 258;B01;1;1;0;2;8;1;0;
202000038174;154 675 259;A01;1;7;0;9;1;16;1;
202000038175;154 675 257;A01;1;7;1;0;2;14;1;
202000038176;154 675 254;A01;2;10;0;2;1;2;1;
202000038176;154 675 255;C01;2;7;0;2;1;2;1;
202000038176;154 675 256;B01;2;7;0;2;4;2;1;
202000038177;154 675 251;A01;2;10;0;2;1;2;1;
202000038177;154 675 252;B01;2;10;0;2;1;2;1;
202000038177;154 675 253;C01;2;10;0;2;4;2;1;
202000038178;154 675 249;B01;2;2;0;2;1;13;1;
202000038178;154 675 250;A01;1;7;0;2;6;1;1;
202000038179;154 675 247;A01;1;7;0;2;8;10;1;
202000038179;154 675 248;B01;2;2;0;2;1;1;1;
202000038180;154 675 245;A01;1;10;6;2;0;6;1;
202000038180;154 675 246;B01;1;10;0;0;0;2;1;
202000038181;154 675 243;A01;2;1;0;0;0;1;5;
202000038181;154 675 244;Z01;2;10;0;0;0;20;0;
202000038182;154 675 242;B01;3;1;1;0;0;0;5;
202000038183;154 675 240;B01;1;37;0;2;1;1;2;4
202000038183;154 675 241;A01;1;7;0;2;7;1;1;
202000038184;154 675 239;A01;1;7;0;0;1;1;1;
202000038185;154 675 238;A01;3;33;0;0;0;26;1;
202000038186;154 675 236;A01;1;7;0;2;3;20;1;
202000038186;154 675 237;B01;1;33;0;2;4;21;1;
202000038187;154 675 234;B01;3;7;0;2;0;0;1;
202000038187;154 675 235;A01;3;7;0;2;4;1;1;
202000038188;154 675 232;B01;2;7;0;2;3;1;1;
202000038188;154 675 233;A01;1;7;0;2;3;1;1;
202000038189;154 675 231;A01;2;7;13;0;2;1;1;
202000038190;154 675 229;A01;1;7;0;2;2;1;1;
202000038190;154 675 230;B01;1;31;0;2;1;2;1;
202000038191;154 675 227;A01;2;7;0;2;2;9;1;
202000038191;154 675 228;B01;2;7;9;0;1;0;1;
202000038192;154 675 226;A01;2;2;1;0;1;1;1;
202000038193;154 675 225;A01;2;33;0;0;8;16;1;
202000038194;154 675 224;A01;1;10;0;1;1;1;1;
202000038195;154 675 222;B01;2;33;0;2;2;17;1;
202000038195;154 675 223;A01;2;7;0;2;3;15;1;
202000038196;154 675 221;A01;1;33;0;0;8;26;1;
202000038197;154 675 220;A01;0;31;1;0;6;14;1;
202000038198;154 675 219;A01;1;7;0;1;3;1;1;
202000038199;154 675 218;A01;3;7;1;0;2;1;1;
202000038200;154 675 216;A01;3;7;0;2;3;11;1;