num_acc;id_vehicule;num_veh;senc;catv;obs;obsm;choc;manv;motor;occutc
202000038200;154 675 217;B01;3;2;0;2;5;12;1;
202000038201;154 675 214;B01;3;1;0;2;0;0;5;
202000038201;154 675 215;A01;3;7;0;2;2;2;1;
202000038202;154 675 213;A01;0;30;0;1;0;1;0;
202000038203;154 675 211;A01;1;7;0;2;1;1;1;
202000038203;154 675 212;B01;1;7;0;2;1;1;1;
202000038204;154 675 208;B01;3;7;0;2;4;0;1;
202000038204;154 675 209;C01;3;7;0;2;4;2;1;
202000038204;154 675 210;A01;3;10;0;2;1;2;1;
202000038205;154 675 207;A01;0;7;0;1;1;26;1;
202000038206;154 675 206;A01;2;40;0;1;3;26;3;
202000038207;154 675 204;A01;1;7;0;2;2;15;1;
202000038207;154 675 205;B01;2;7;0;2;1;1;1;
202000038208;154 675 203;A01;1;7;0;1;7;1;1;
202000038209;154 675 201;B01;1;31;0;2;1;7;1;
202000038209;154 675 202;A01;1;7;0;2;7;16;1;
202000038210;154 675 200;A01;1;7;8;0;1;1;1;
202000038211;154 675 198;B01;2;7;0;0;0;0;0;
202000038211;154 675 199;A01;1;7;0;0;1;9;0;
202000038212;154 675 197;A01;1;7;0;1;1;1;1;
202000038213;154 675 195;A01;1;7;0;2;1;1;1;
202000038213;154 675 196;B01;1;31;0;2;7;1;1;
202000038214;154 675 192;B01;1;7;0;2;3;15;1;
202000038214;154 675 193;A01;1;33;0;2;1;17;1;
202000038215;154 675 191;A01;1;7;13;0;2;14;1;
202000038216;154 675 190;A01;1;7;3;0;0;14;1;
202000038217;154 675 187;A01;1;7;0;2;3;13;1;
202000038217;154 675 188;B01;2;7;0;2;1;1;1;
202000038217;154 675 189;C01;1;7;0;2;1;1;1;
202000038218;154 675 182;E01;0;7;0;2;4;1;0;
202000038218;154 675 183;A01;0;7;0;2;1;1;1;
202000038218;154 675 184;B01;0;7;0;2;4;1;0;
202000038218;154 675 185;C01;0;7;0;2;4;1;0;
202000038218;154 675 186;D01;0;7;0;2;4;1;0;
202000038219;154 675 180;A01;1;7;0;2;2;15;1;
202000038219;154 675 181;B01;2;30;0;2;1;2;1;
202000038220;154 675 178;A01;1;7;0;2;1;15;1;
202000038220;154 675 179;B01;1;32;0;2;7;0;0;
202000038221;154 675 177;A01;2;34;0;1;1;1;1;
202000038222;154 675 176;A01;2;7;8;0;2;16;1;
202000038223;154 675 172;B01;2;7;0;2;4;2;1;
202000038223;154 675 173;A01;2;7;0;2;1;2;1;
202000038224;154 675 170;B01;1;7;0;2;4;23;1;
202000038224;154 675 171;A01;1;33;0;2;2;2;1;
202000038225;154 675 168;A01;2;1;0;2;3;15;5;
202000038225;154 675 169;B01;1;7;0;2;2;1;1;
202000038226;154 675 166;B01;2;33;0;2;1;1;1;
202000038226;154 675 167;A01;1;7;0;2;2;15;1;
202000038227;154 675 164;A01;2;7;0;2;1;1;1;
202000038227;154 675 165;B01;1;7;0;2;4;23;1;
202000038228;154 675 162;B01;2;50;0;2;1;9;3;
202000038228;154 675 163;A01;2;7;0;2;3;17;1;
202000038229;154 675 160;Z01;2;7;0;2;3;5;1;
202000038229;154 675 161;A01;1;1;0;2;1;13;5;
202000038230;154 675 159;A01;1;33;1;1;2;21;1;
202000038231;154 675 157;B01;1;7;0;2;2;16;1;
202000038231;154 675 158;A01;1;32;0;2;8;1;1;
202000038232;154 675 155;A01;1;7;0;2;2;10;1;
202000038232;154 675 156;B01;1;7;0;2;3;1;1;
202000038233;154 675 153;B01;1;1;0;2;1;1;5;
202000038233;154 675 154;A01;1;7;0;2;2;16;1;
202000038234;154 675 151;B01;3;31;0;2;5;1;1;
202000038234;154 675 152;A01;3;7;0;2;5;15;1;
202000038235;154 675 149;A01;1;30;0;2;1;2;1;
202000038235;154 675 150;B01;1;33;0;2;7;1;1;
202000038236;154 675 147;A01;1;30;0;2;8;15;1;
202000038236;154 675 148;B01;1;43;0;2;2;1;1;
202000038237;154 675 146;A01;1;30;14;0;1;13;1;
202000038238;154 675 144;B01;1;50;0;2;3;5;3;
202000038238;154 675 145;A01;1;7;0;2;2;15;1;
202000038239;154 675 142;B01;2;1;0;2;1;1;5;
202000038239;154 675 143;A01;1;32;0;2;5;15;1;
202000038240;154 675 140;B01;1;1;0;2;1;1;5;
202000038240;154 675 141;A01;2;7;0;2;2;16;1;
202000038241;154 675 138;A01;2;34;0;2;1;1;1;
202000038241;154 675 139;B01;2;7;0;2;4;23;1;
202000038242;154 675 136;B01;1;10;0;2;5;23;1;
202000038242;154 675 137;A01;1;43;1;0;3;21;1;
202000038243;154 675 133;C01;1;33;0;2;4;1;1;
202000038243;154 675 134;A01;1;7;0;2;5;16;1;
202000038243;154 675 135;B01;1;33;0;2;3;1;1;
202000038244;154 675 131;A01;1;10;0;2;4;14;0;
202000038244;154 675 132;B01;2;33;0;0;1;1;0;
202000038245;154 675 129;Z01;2;7;0;2;1;2;0;
202000038245;154 675 130;B01;1;7;0;2;4;23;0;
202000038246;154 675 128;A01;3;7;8;0;1;14;1;
202000038247;154 675 126;A01;1;7;0;2;1;26;1;
202000038247;154 675 127;B01;1;7;0;2;3;15;3;
202000038248;154 675 124;B01;0;7;0;2;1;0;1;
202000038248;154 675 125;A01;3;7;0;2;8;9;1;
202000038249;154 675 122;A01;1;7;0;2;4;23;1;
202000038249;154 675 123;B01;1;7;0;2;1;1;1;
202000038250;154 675 120;A01;2;33;0;2;1;17;1;
202000038250;154 675 121;B01;1;7;0;2;2;1;1;
202000038251;154 675 119;A01;1;7;0;1;5;1;1;
202000038252;154 675 117;B01;1;2;0;2;3;2;1;
202000038252;154 675 118;A01;1;7;0;2;7;15;1;
202000038253;154 675 116;A01;2;38;0;1;3;24;1;1
202000038254;154 675 115;A01;3;32;0;1;1;1;0;
202000038255;154 675 114;A01;1;7;0;1;2;2;1;
202000038256;154 675 112;B01;2;2;0;2;2;15;1;
202000038256;154 675 113;A01;1;7;0;2;3;19;1;
202000038257;154 675 110;A01;1;7;0;2;1;1;1;
202000038257;154 675 111;B01;1;7;0;2;4;1;1;
202000038258;154 675 108;A01;1;32;0;2;2;17;1;
202000038258;154 675 109;B01;1;7;0;2;3;15;1;
202000038259;154 675 107;A01;2;7;8;0;1;1;1;
202000038260;154 675 105;A01;2;7;0;2;3;0;0;
202000038260;154 675 106;B01;2;30;0;2;0;0;0;
202000038261;154 675 104;A01;1;14;0;0;2;1;1;
202000038262;154 675 103;A01;1;7;2;0;9;1;1;
202000038263;154 675 101;A01;2;33;0;2;1;1;1;
202000038263;154 675 102;B01;2;7;0;2;7;20;1;
202000038264;154 675 099;A01;2;7;0;2;3;13;1;
202000038264;154 675 100;B01;1;21;0;2;3;1;1;
202000038265;154 675 097;B01;1;7;0;2;3;1;1;
202000038265;154 675 098;A01;2;7;0;2;7;15;1;
202000038266;154 675 095;B01;1;7;0;2;8;1;1;
202000038266;154 675 096;A01;2;7;0;2;8;1;1;
202000038267;154 675 093;B01;2;7;0;2;7;15;1;
202000038267;154 675 094;A01;1;33;0;2;1;1;1;
202000038268;154 675 092;A01;3;7;2;0;3;0;1;
202000038269;154 675 091;A01;3;36;0;0;7;1;1;
202000038270;154 675 090;A01;2;33;1;0;1;26;1;
202000038271;154 675 089;A01;1;7;1;0;0;1;1;
202000038272;154 675 087;B01;2;21;0;2;6;15;1;
202000038272;154 675 088;A01;2;33;0;2;1;17;1;
202000038273;154 675 086;A01;0;7;0;1;3;1;0;
202000038274;154 675 085;A01;1;7;15;0;1;13;1;
202000038275;154 675 083;B01;1;7;0;2;2;1;1;
202000038275;154 675 084;A01;1;7;0;2;1;9;1;
202000038276;154 675 080;B01;1;7;7;0;1;21;1;
202000038276;154 675 081;C01;1;7;2;0;1;21;1;
202000038276;154 675 082;A01;2;7;0;0;0;9;1;
202000038277;154 675 079;A01;2;7;15;0;2;1;1;
202000038278;154 675 078;A01;1;7;0;0;0;1;1;
202000038279;154 675 077;A01;2;33;3;0;3;1;1;
202000038280;154 675 075;A01;2;7;0;2;3;1;1;
202000038280;154 675 076;B01;1;15;0;2;3;1;1;
202000038281;154 675 074;A01;2;7;13;0;9;13;1;
202000038282;154 675 070;B01;1;10;0;2;3;9;1;
202000038282;154 675 071;A01;2;33;0;2;2;21;1;
202000038283;154 675 069;A01;1;7;3;0;2;1;1;
202000038284;154 675 068;A01;0;2;13;0;0;1;1;
202000038285;154 675 066;A01;2;33;2;0;1;14;1;
202000038285;154 675 067;B01;2;33;16;0;8;1;1;
202000038286;154 675 064;B01;1;7;0;2;4;0;1;
202000038286;154 675 065;A01;1;7;0;2;1;0;1;
202000038287;154 675 062;A01;2;7;0;2;2;15;1;
202000038287;154 675 063;B01;1;33;0;2;7;1;1;
202000038288;154 675 061;A01;2;7;13;0;3;13;1;
202000038289;154 675 060;A01;1;7;2;0;1;1;1;
202000038290;154 675 057;C01;2;33;0;2;1;1;1;
202000038290;154 675 058;A01;1;7;13;2;1;1;1;
202000038290;154 675 059;B01;2;7;0;2;4;1;1;
202000038291;154 675 056;A01;1;7;0;1;2;1;1;
202000038292;154 675 055;A01;2;7;13;0;1;1;1;
202000038293;154 675 053;B01;2;7;0;2;3;2;1;
202000038293;154 675 054;A01;1;7;0;2;1;13;1;
202000038294;154 675 051;B01;1;7;0;0;7;21;1;
202000038294;154 675 052;A01;2;7;15;0;2;5;1;
202000038295;154 675 048;A01;2;33;0;2;5;3;1;
202000038295;154 675 049;B01;2;7;0;2;3;1;1;
202000038295;154 675 050;C01;2;10;0;2;7;1;1;
202000038296;154 675 046;A01;2;10;0;2;1;2;1;
202000038296;154 675 047;B01;2;10;3;0;4;1;1;
202000038297;154 675 044;B01;2;7;0;-1;1;1;-1;
202000038297;154 675 045;A01;2;7;-1;-1;4;1;-1;
202000038298;154 675 043;A01;3;7;0;1;1;1;-1;
202000038299;154 675 041;B01;2;7;0;2;5;1;1;
202000038299;154 675 042;A01;2;31;0;2;1;18;1;
202000038300;154 675 039;B01;1;0;0;2;0;0;-1;
202000038300;154 675 040;A01;2;10;0;2;8;2;1;
202000038301;154 675 037;A01;2;7;0;2;2;15;1;
202000038301;154 675 038;B01;1;50;0;2;1;1;3;
202000038302;154 675 035;A01;2;7;0;2;1;1;1;
202000038302;154 675 036;B01;2;7;0;2;4;1;1;
202000038303;154 675 033;B01;2;1;0;2;8;1;5;
202000038303;154 675 034;A01;1;1;0;2;1;9;5;
202000038304;154 675 032;A01;1;7;4;0;3;13;1;
202000038305;154 675 031;A01;1;32;6;0;1;1;1;
202000038306;154 675 029;A01;1;7;0;2;3;9;1;
202000038306;154 675 030;B01;1;2;0;2;7;1;1;
202000038307;154 675 028;A01;1;7;4;0;9;1;1;
202000038308;154 675 027;A01;3;7;8;0;1;1;1;
202000038309;154 675 025;A01;2;30;0;2;2;2;1;
202000038309;154 675 026;B01;2;7;0;2;6;1;1;
202000038310;154 675 023;B01;3;7;0;2;1;1;1;
202000038310;154 675 024;A01;3;7;0;2;1;1;1;
202000038311;154 675 021;B01;1;7;0;2;8;1;1;
202000038311;154 675 022;A01;2;7;0;2;3;15;1;
202000038312;154 675 019;B01;1;7;0;2;1;1;1;
202000038312;154 675 020;A01;1;7;8;2;1;16;1;
202000038313;154 675 017;A01;2;7;0;2;2;16;1;
202000038313;154 675 018;B01;2;2;0;2;1;1;1;
202000038314;154 675 015;B01;1;33;0;2;1;1;1;
202000038314;154 675 016;A01;1;7;0;2;2;19;1;
202000038315;154 675 013;A01;1;7;0;2;1;1;1;
202000038315;154 675 014;B01;1;7;0;2;4;1;1;
202000038316;154 675 011;A01;1;2;0;2;6;2;1;
202000038316;154 675 012;B01;1;7;0;2;2;16;1;
202000038317;154 675 010;A01;2;2;1;0;1;13;1;
202000038318;154 675 007;A01;1;34;0;2;8;18;1;
202000038318;154 675 008;B01;1;31;0;2;7;3;1;
202000038318;154 675 009;C01;1;10;0;2;7;1;1;
202000038319;154 675 005;B01;1;10;0;2;4;2;1;
202000038319;154 675 006;A01;1;7;0;2;1;2;1;
202000038320;154 675 004;A01;1;43;12;0;3;13;0;
202000038321;154 675 003;Z01;2;30;0;1;1;1;1;
202000038322;154 675 001;A01;3;7;0;2;3;1;1;
202000038322;154 675 002;B01;3;7;0;2;2;1;1;
202000038323;154 674 999;A01;1;33;0;2;3;1;1;
202000038323;154 675 000;B01;2;7;0;2;3;15;1;
202000038324;154 674 997;B01;1;43;0;2;2;17;1;
202000038324;154 674 998;A01;1;7;0;2;8;13;1;
202000038325;154 674 995;B01;3;7;0;2;8;16;1;
202000038325;154 674 996;A01;3;7;0;2;2;1;1;
202000038326;154 674 994;A01;2;7;0;1;2;1;1;
202000038327;154 674 992;A01;1;7;0;2;1;15;1;
202000038327;154 674 993;B01;2;1;0;2;1;1;5;
202000038328;154 674 990;B01;2;10;0;2;3;15;3;
202000038328;154 674 991;A01;2;1;0;2;1;1;5;
202000038329;154 674 987;C01;2;7;0;2;7;1;1;
202000038329;154 674 988;A01;2;7;0;2;3;22;2;
202000038329;154 674 989;B01;2;80;0;2;9;1;3;
202000038330;154 674 985;B01;2;33;1;2;1;17;1;
202000038330;154 674 986;A01;2;10;0;2;3;22;1;
202000038331;154 674 983;B01;1;33;12;2;8;1;1;
202000038331;154 674 984;A01;1;7;12;2;8;14;1;
202000038332;154 674 982;A01;2;30;0;0;0;21;1;
202000038333;154 674 981;Z01;1;30;0;1;1;1;0;
202000038334;154 674 979;A01;1;30;0;2;1;2;1;
202000038334;154 674 980;B01;1;7;0;2;6;23;1;
202000038335;154 674 977;B01;1;32;0;2;0;1;1;
202000038335;154 674 978;A01;2;10;0;2;0;10;1;
202000038336;154 674 975;A01;2;30;0;2;1;1;3;
202000038336;154 674 976;B01;1;7;0;2;8;15;1;
202000038337;154 674 973;B01;2;7;0;2;2;1;2;
202000038337;154 674 974;A01;2;50;0;2;3;15;3;
202000038338;154 674 971;A01;1;7;0;2;3;9;1;
202000038338;154 674 972;B01;1;99;0;2;2;1;1;
202000038339;154 674 969;B01;1;33;1;2;7;2;1;
202000038339;154 674 970;A01;1;7;1;0;6;20;1;
202000038340;154 674 968;A01;2;7;0;1;3;1;1;
202000038341;154 674 966;B01;0;7;0;2;2;15;1;
202000038341;154 674 967;A01;0;10;0;2;7;1;1;
202000038342;154 674 964;X01;2;0;0;2;8;1;0;
202000038342;154 674 965;A01;2;33;0;2;1;1;1;
202000038343;154 674 962;A01;2;7;0;2;5;15;0;
202000038343;154 674 963;B01;1;7;0;2;1;1;0;
202000038344;154 674 961;B01;1;10;0;1;2;16;0;
202000038345;154 674 960;A01;0;14;1;1;3;9;0;
202000038346;154 674 958;A01;1;7;1;2;7;26;0;
202000038346;154 674 959;B01;1;7;1;2;7;26;0;
202000038347;154 674 956;B01;0;1;0;2;3;9;5;
202000038347;154 674 957;A01;2;37;0;2;2;9;1;2
202000038348;154 674 954;A01;3;99;0;9;0;16;3;
202000038348;154 674 955;B01;0;50;0;2;0;1;3;
202000038349;154 674 952;A01;1;7;0;2;3;2;1;
202000038349;154 674 953;B01;1;2;0;2;1;2;1;
202000038350;154 674 951;A01;1;32;8;0;2;14;1;
202000038351;154 674 948;A01;3;34;14;0;1;1;1;
202000038352;154 674 946;B01;2;7;0;0;8;15;1;
202000038352;154 674 947;A01;2;2;0;2;2;17;1;
202000038353;154 674 944;A01;1;7;0;2;3;13;1;
202000038353;154 674 945;B01;2;7;15;2;3;1;1;
202000038354;154 674 943;A01;2;7;16;0;0;0;1;
202000038355;154 674 941;B01;0;1;0;9;1;2;5;
202000038355;154 674 942;A01;0;1;0;9;1;2;5;
202000038356;154 674 940;A01;1;7;16;0;1;14;0;
202000038357;154 674 939;A01;2;7;0;0;1;1;1;
202000038358;154 674 937;A01;1;7;0;2;8;15;1;
202000038358;154 674 938;B01;1;33;0;2;1;17;1;
202000038359;154 674 935;B01;2;32;0;2;5;1;1;
202000038359;154 674 936;A01;2;7;0;2;3;15;1;
202000038360;154 674 934;A01;2;1;16;0;0;21;6;
202000038361;154 674 932;B01;2;1;0;2;3;1;5;
202000038361;154 674 933;A01;1;7;0;2;5;15;1;
202000038362;154 674 931;A01;1;10;6;0;1;0;1;
202000038363;154 674 930;A01;1;33;6;0;1;1;1;
202000038364;154 674 928;A01;1;2;0;2;1;2;1;
202000038364;154 674 929;B01;1;3;0;0;4;1;1;
202000038365;154 674 926;A01;1;7;0;2;1;21;1;
202000038365;154 674 927;B01;2;7;0;2;1;1;1;
202000038366;154 674 924;A01;1;7;0;2;3;13;1;
202000038366;154 674 925;B01;2;7;0;2;3;1;1;
202000038367;154 674 923;A01;2;33;13;0;7;1;1;
202000038368;154 674 922;A01;1;0;0;1;1;16;0;
202000038369;154 674 920;A01;2;7;0;2;5;15;1;
202000038369;154 674 921;B01;2;7;0;2;3;2;1;
202000038370;154 674 919;A01;3;33;7;0;7;0;6;
202000038371;154 674 918;A01;1;7;13;0;8;13;1;
202000038372;154 674 917;A01;2;7;13;0;1;13;1;
202000038373;154 674 915;A01;3;7;0;2;2;17;0;
202000038373;154 674 916;B01;3;1;0;2;8;2;5;
202000038374;154 674 914;A01;1;33;16;0;0;1;1;
202000038375;154 674 913;A01;3;33;0;0;0;0;1;
202000038376;154 674 911;A01;1;7;0;2;5;24;1;
202000038376;154 674 912;B01;1;1;1;0;1;25;5;
202000038377;154 674 909;B01;2;15;0;0;8;10;1;
202000038377;154 674 910;A01;1;7;0;2;1;1;1;
202000038378;154 674 908;A01;1;7;0;0;0;17;1;
202000038379;154 674 906;A01;3;7;0;9;3;13;1;
202000038379;154 674 907;B01;3;1;0;2;1;0;5;
202000038380;154 674 905;A01;1;7;0;1;2;2;1;
202000038381;154 674 903;A01;1;7;0;2;8;19;1;
202000038381;154 674 904;B01;2;7;0;2;1;1;1;
202000038382;154 674 900;A01;2;7;0;0;4;1;1;
202000038382;154 674 901;B01;2;7;0;2;1;1;1;
202000038382;154 674 902;C01;2;7;0;2;1;1;1;
202000038383;154 674 898;B01;1;17;0;0;4;2;1;
202000038383;154 674 899;A01;1;33;0;2;1;2;1;
202000038384;154 674 896;A01;2;33;0;0;4;1;1;
202000038384;154 674 897;B01;2;33;0;2;1;1;1;
202000038385;154 674 894;B01;0;2;0;2;3;1;1;
202000038385;154 674 895;A01;0;7;0;2;3;0;1;
202000038386;154 674 893;A01;2;31;0;0;9;1;1;
202000038387;154 674 888;A01;1;33;0;2;1;17;1;
202000038387;154 674 889;B01;1;7;0;0;5;15;1;
202000038387;154 674 890;C01;1;7;0;0;3;1;1;
202000038388;154 674 887;A01;1;36;12;0;2;1;1;
202000038389;154 674 885;B01;1;7;0;2;2;1;1;
202000038389;154 674 886;A01;2;33;0;2;1;0;1;
202000038390;154 674 884;A01;2;7;2;0;1;1;1;
202000038391;154 674 882;A01;3;2;0;2;1;1;1;
202000038391;154 674 883;B01;3;7;0;2;5;1;1;
202000038392;154 674 881;A01;2;7;2;0;2;14;1;
202000038393;154 674 879;B01;1;7;0;2;3;1;0;
202000038393;154 674 880;A01;2;7;0;2;7;1;0;
202000038394;154 674 877;B01;1;33;0;2;7;1;1;
202000038394;154 674 878;A01;2;7;0;2;2;15;1;
202000038395;154 674 875;B01;2;21;0;2;3;1;0;
202000038395;154 674 876;A01;1;33;0;2;1;21;1;
202000038396;154 674 873;A01;1;2;0;2;1;17;1;
202000038396;154 674 874;B01;2;7;0;2;3;1;1;
202000038397;154 674 871;B01;2;21;0;0;4;2;1;
202000038397;154 674 872;A01;1;7;0;2;1;2;1;
202000038398;154 674 869;B01;2;7;0;2;1;1;1;
202000038398;154 674 870;A01;1;7;0;2;7;17;1;
202000038399;154 674 867;A01;1;7;0;2;3;9;1;
202000038399;154 674 868;B01;1;1;0;2;2;1;5;
202000038400;154 674 865;B01;3;60;0;1;7;19;5;
202000038400;154 674 866;A01;3;7;0;2;2;1;1;
202000038401;154 674 863;A01;1;7;0;2;4;0;1;
202000038401;154 674 864;B01;1;7;0;2;1;0;1;
202000038402;154 674 860;A01;2;7;0;2;4;1;1;
202000038402;154 674 861;B01;2;7;0;2;4;2;1;
202000038402;154 674 862;C01;2;7;0;2;1;2;1;
202000038403;154 674 858;B01;1;7;0;2;0;1;1;
202000038403;154 674 859;A01;1;15;0;2;2;12;1;
202000038404;154 674 856;A01;1;31;0;2;1;2;1;
202000038404;154 674 857;B01;1;7;0;2;4;2;1;
202000038405;154 674 855;A01;2;7;0;9;2;14;1;
202000038406;154 674 854;A01;2;7;4;0;5;26;1;
202000038407;154 674 852;Z01;1;7;0;2;4;9;1;
202000038407;154 674 853;B01;1;33;0;2;1;1;1;
202000038408;154 674 850;B01;1;30;0;2;0;0;0;
202000038408;154 674 851;A01;1;7;0;2;0;11;0;
202000038409;154 674 848;B01;1;7;0;2;3;16;1;
202000038409;154 674 849;A01;1;13;0;2;6;15;1;
202000038410;154 674 846;B01;2;7;0;2;4;26;1;
202000038410;154 674 847;A01;2;7;0;2;1;2;1;
202000038411;154 674 845;A01;3;7;4;2;2;16;1;
202000038412;154 674 844;A01;1;7;6;0;1;13;1;
202000038413;154 674 843;A01;3;7;0;1;4;4;1;
202000038414;154 674 841;A01;2;7;0;2;1;1;1;
202000038414;154 674 842;B01;2;7;0;2;4;1;2;
202000038415;154 674 840;A01;1;7;10;0;2;1;1;
202000038416;154 674 838;B01;3;33;0;2;0;2;1;
202000038416;154 674 839;A01;3;7;0;0;0;14;1;
202000038417;154 674 836;A01;2;7;0;9;1;1;1;
202000038417;154 674 837;B01;3;60;0;2;7;0;5;
202000038418;154 674 834;A01;3;2;0;2;1;1;1;
202000038418;154 674 835;B01;3;7;0;2;0;0;1;
202000038419;154 674 832;B01;2;7;0;2;6;24;1;
202000038419;154 674 833;A01;2;7;1;0;2;1;1;
202000038420;154 674 830;A01;1;7;0;2;7;17;1;
202000038420;154 674 831;B01;1;1;0;2;8;1;5;
202000038421;154 674 828;B01;2;2;0;2;1;2;1;
202000038421;154 674 829;Z01;1;7;0;2;3;15;1;
202000038422;154 674 827;A01;1;30;0;0;7;16;1;
202000038423;154 674 826;A01;0;7;6;0;1;0;1;
202000038424;154 674 824;B01;2;7;0;2;5;15;0;
202000038424;154 674 825;A01;1;7;0;2;2;26;0;
202000038425;154 674 823;A01;2;7;3;0;2;11;1;
202000038426;154 674 820;C01;3;7;0;2;4;23;1;
202000038426;154 674 821;A01;3;7;0;2;4;2;1;
202000038426;154 674 822;B01;3;7;0;2;4;23;1;
202000038427;154 674 819;A01;1;7;6;0;1;1;1;
202000038428;154 674 817;A01;0;7;0;2;1;5;1;
202000038428;154 674 818;B01;3;7;0;2;0;0;1;
202000038429;154 674 816;A01;1;7;8;0;2;1;1;
202000038430;154 674 814;B01;2;7;0;2;4;0;1;
202000038430;154 674 815;A01;2;7;0;2;1;2;1;
202000038431;154 674 812;Z01;3;7;0;2;3;13;1;
202000038431;154 674 813;A01;3;7;0;2;3;13;1;
202000038432;154 674 811;A01;3;30;0;0;7;1;1;
202000038433;154 674 809;A01;2;50;0;2;1;19;3;
202000038433;154 674 810;B01;1;7;0;2;1;1;1;
202000038434;154 674 806;C01;1;7;0;2;4;1;1;
202000038434;154 674 807;A01;1;7;0;2;1;1;1;
202000038434;154 674 808;B01;1;7;0;2;4;1;1;
202000038435;154 674 805;A01;2;43;14;0;8;21;1;
202000038436;154 674 804;A01;1;7;4;0;8;13;1;
202000038437;154 674 803;A01;2;7;4;0;2;14;1;
202000038438;154 674 801;A01;1;7;0;2;5;1;1;
202000038438;154 674 802;B01;1;7;0;2;5;23;1;
202000038439;154 674 799;A01;2;30;0;2;4;23;1;
202000038439;154 674 800;Z01;2;7;0;2;1;2;0;
202000038440;154 674 798;A01;1;30;0;0;0;21;1;
202000038441;154 674 796;B01;2;7;0;2;5;15;1;
202000038441;154 674 797;A01;1;30;0;2;1;8;1;
202000038442;154 674 794;B01;3;30;0;2;4;15;1;
202000038442;154 674 795;A01;3;30;0;2;1;1;1;
202000038443;154 674 793;A01;2;30;12;0;1;14;3;
202000038444;154 674 789;A01;2;7;0;2;2;1;1;
202000038444;154 674 790;B01;2;7;0;2;4;23;1;
202000038444;154 674 791;C01;2;7;0;2;4;23;1;
202000038444;154 674 792;D01;1;7;0;2;2;1;1;
202000038445;154 674 787;B01;1;7;0;2;3;15;1;
202000038445;154 674 788;A01;1;31;0;2;8;17;1;
202000038446;154 674 786;A01;3;7;0;1;0;1;1;
202000038447;154 674 784;B01;1;7;0;2;4;2;1;
202000038447;154 674 785;A01;1;7;0;2;1;2;1;
202000038448;154 674 782;B01;0;7;0;2;3;16;1;
202000038448;154 674 783;A01;2;32;0;2;1;1;1;
202000038449;154 674 781;A01;2;7;0;0;2;14;1;
202000038450;154 674 780;A01;3;7;0;0;2;14;1;
202000038451;154 674 779;A01;3;30;0;0;7;15;1;
202000038452;154 674 778;A01;1;7;1;1;3;9;1;
202000038453;154 674 776;A01;0;7;0;0;0;19;1;
202000038453;154 674 777;B01;0;32;0;2;0;1;1;
202000038454;154 674 774;Y01;3;1;0;2;2;19;5;
202000038454;154 674 775;A01;3;7;0;2;1;1;1;
202000038455;154 674 772;B01;1;7;0;2;2;2;1;
202000038455;154 674 773;A01;1;7;0;0;3;9;1;
202000038456;154 674 771;A01;2;30;0;1;1;2;1;
202000038457;154 674 767;A01;2;10;0;0;5;15;1;
202000038457;154 674 768;B01;2;33;0;2;1;17;1;
202000038458;154 674 765;B01;1;7;0;9;3;11;1;
202000038458;154 674 766;A01;3;1;0;2;3;23;5;
202000038459;154 674 764;A01;1;33;12;0;1;1;1;
202000038460;154 674 763;A01;0;33;14;0;1;17;1;
202000038461;154 674 762;A01;2;7;2;0;9;1;1;
202000038462;154 674 761;A01;0;33;1;0;1;6;0;
202000038463;154 674 760;A01;1;33;0;0;1;1;0;
202000038464;154 674 759;A01;1;7;0;1;5;1;1;
202000038465;154 674 757;A01;1;7;0;2;3;13;1;
202000038465;154 674 758;B01;2;7;0;2;3;1;1;
202000038466;154 674 756;A01;1;33;13;0;8;1;1;
202000038467;154 674 754;A01;1;7;0;2;7;19;1;
202000038467;154 674 755;B01;1;7;0;2;1;1;1;
202000038468;154 674 752;A01;1;7;0;9;7;2;0;
202000038468;154 674 753;B01;1;1;0;2;8;2;5;
202000038469;154 674 750;A01;1;2;0;2;1;1;1;
202000038469;154 674 751;B01;0;7;0;2;3;10;0;
202000038470;154 674 748;B01;1;7;0;2;1;1;1;
202000038470;154 674 749;A01;2;7;0;2;1;13;1;
202000038471;154 674 747;A01;2;7;0;1;1;2;1;
202000038472;154 674 745;A01;3;7;0;2;6;15;1;
202000038472;154 674 746;B01;2;33;0;2;2;1;1;
202000038473;154 674 744;A01;2;7;0;1;3;1;1;
202000038474;154 674 742;B01;1;7;0;2;3;1;1;
202000038474;154 674 743;A01;2;7;0;2;3;13;1;
202000038475;154 674 740;A01;2;1;0;2;1;5;5;
202000038475;154 674 741;B01;1;7;0;2;3;1;1;
202000038476;154 674 739;A01;1;2;13;0;1;1;1;
202000038477;154 674 737;B01;2;7;0;2;1;1;1;
202000038477;154 674 738;A01;1;7;0;2;1;13;1;
202000038478;154 674 736;A01;1;7;8;0;1;1;1;
202000038479;154 674 733;A01;2;14;0;2;0;1;1;
202000038479;154 674 734;B01;1;33;0;9;1;1;1;
202000038480;154 674 731;B01;1;2;0;0;1;1;1;
202000038480;154 674 732;A01;1;2;0;0;0;13;1;
202000038481;154 674 729;A01;1;7;0;2;1;1;1;
202000038481;154 674 730;B01;2;7;0;2;1;1;1;
202000038482;154 674 727;A01;2;2;0;2;1;13;1;
202000038482;154 674 728;B01;1;7;0;2;3;1;1;
202000038483;154 674 725;B01;2;7;0;2;3;1;1;
202000038483;154 674 726;A01;1;3;3;2;7;1;1;