num_acc;id_vehicule;num_veh;senc;catv;obs;obsm;choc;manv;motor;occutc
202000038484;154 674 724;A01;1;7;2;0;8;1;1;
202000038485;154 674 723;A01;1;7;2;0;1;1;1;
202000038486;154 674 722;A01;3;2;16;0;7;1;1;
202000038487;154 674 721;A01;3;7;13;0;2;0;1;
202000038488;154 674 720;A01;0;80;0;0;0;1;3;
202000038489;154 674 718;A01;1;32;0;2;8;17;1;
202000038489;154 674 719;B01;2;7;0;2;8;1;1;
202000038490;154 674 717;A01;1;7;6;0;1;1;6;
202000038491;154 674 716;A01;1;33;0;0;8;26;1;
202000038492;154 674 714;B01;2;7;3;0;2;2;1;
202000038492;154 674 715;A01;2;7;0;0;1;2;1;
202000038493;154 674 712;Z01;1;7;0;0;0;19;0;
202000038493;154 674 713;A01;2;1;0;2;1;1;5;
202000038494;154 674 711;A01;1;7;0;1;2;16;0;
202000038495;154 674 709;B01;2;10;0;2;2;1;1;
202000038495;154 674 710;A01;1;7;0;2;1;9;1;
202000038496;154 674 707;A01;3;7;0;2;2;1;1;
202000038496;154 674 708;B01;3;7;0;2;8;1;1;
202000038497;154 674 706;A01;1;7;9;0;1;1;1;
202000038498;154 674 704;A01;0;7;0;2;1;5;1;
202000038498;154 674 705;B01;0;7;0;2;8;1;1;
202000038499;154 674 702;A01;1;32;0;2;7;17;1;
202000038499;154 674 703;B01;1;7;0;2;8;15;1;
202000038500;154 674 700;B01;2;10;0;2;5;2;1;
202000038500;154 674 701;A01;2;30;0;2;1;1;1;
202000038501;154 674 698;A01;1;7;0;2;5;10;0;
202000038501;154 674 699;B01;1;7;0;2;3;1;0;
202000038502;154 674 696;B01;0;10;0;2;1;1;1;
202000038502;154 674 697;A01;0;7;0;2;3;16;1;
202000038503;154 674 695;A01;0;7;0;1;3;1;0;
202000038504;154 674 694;A01;1;7;0;1;1;1;0;
202000038505;154 674 692;B01;2;14;0;2;3;1;1;
202000038505;154 674 693;A01;1;33;0;2;1;17;1;
202000038506;154 674 690;A01;2;7;0;2;1;9;1;
202000038506;154 674 691;B01;2;7;0;2;8;1;1;
202000038507;154 674 688;A01;2;7;0;2;2;1;-1;
202000038507;154 674 689;B01;2;33;0;0;6;1;-1;
202000038508;154 674 687;A01;3;7;1;0;1;13;1;
202000038509;154 674 686;A01;1;7;0;1;1;13;1;
202000038510;154 674 684;B01;3;1;0;2;7;1;5;
202000038510;154 674 685;A01;2;7;0;2;2;16;1;
202000038511;154 674 681;Z01;2;10;0;2;4;12;1;
202000038511;154 674 682;B01;2;7;0;2;1;2;1;
202000038511;154 674 683;A01;2;7;0;2;1;2;1;
202000038512;154 674 679;A01;1;7;0;2;1;11;3;
202000038512;154 674 680;B01;1;7;0;2;4;23;1;
202000038513;154 674 678;A01;2;7;0;1;1;1;1;
202000038514;154 674 676;B01;3;42;0;2;3;13;1;
202000038514;154 674 677;A01;3;7;0;2;2;1;2;
202000038515;154 674 675;A01;1;7;0;1;3;1;1;
202000038516;154 674 674;A01;2;30;0;0;0;21;1;
202000038517;154 674 673;A01;2;1;0;0;0;1;5;
202000038518;154 674 671;A01;1;7;0;2;6;10;1;
202000038518;154 674 672;B01;1;7;0;2;1;1;1;
202000038519;154 674 669;B01;1;43;1;2;1;17;1;
202000038519;154 674 670;A01;2;7;0;2;2;10;2;
202000038520;154 674 668;A01;1;7;0;1;1;1;1;
202000038521;154 674 667;A01;3;10;0;1;3;1;1;
202000038522;154 674 666;A01;1;30;0;1;1;1;1;
202000038523;154 674 665;A01;1;7;0;1;2;1;1;
202000038524;154 674 663;B01;3;10;0;2;3;1;1;
202000038524;154 674 664;A01;3;7;0;2;2;1;1;
202000038525;154 674 661;A01;2;7;0;2;1;15;1;
202000038525;154 674 662;B01;2;2;0;2;2;1;0;
202000038526;154 674 659;B01;2;7;0;2;5;23;1;
202000038526;154 674 660;A01;2;50;0;2;1;17;3;
202000038527;154 674 658;A01;1;32;0;1;1;26;0;
202000038528;154 674 657;A01;1;10;0;1;1;15;1;
202000038529;154 674 655;A01;1;7;0;2;8;22;1;
202000038529;154 674 656;B01;1;1;1;0;1;1;5;
202000038530;154 674 652;B01;1;7;0;2;2;1;1;
202000038530;154 674 653;C01;2;7;0;2;3;1;1;
202000038530;154 674 654;A01;2;7;0;2;0;5;0;
202000038531;154 674 650;B01;3;7;0;2;1;1;1;
202000038531;154 674 651;A01;3;7;15;0;1;5;1;
202000038532;154 674 648;A01;1;10;0;2;5;4;1;
202000038532;154 674 649;B01;1;2;0;2;2;1;1;
202000038533;154 674 646;A01;1;7;0;2;1;1;1;
202000038533;154 674 647;B01;1;7;0;2;3;1;1;
202000038534;154 674 645;A01;1;7;0;1;1;15;1;
202000038535;154 674 644;A01;1;7;0;1;2;1;1;
202000038536;154 674 642;A01;1;7;0;2;5;12;1;
202000038536;154 674 643;B01;1;17;0;2;1;1;1;
202000038537;154 674 640;B01;2;32;0;2;0;3;1;
202000038537;154 674 641;A01;2;7;0;2;6;11;1;
202000038538;154 674 639;A01;1;7;4;0;7;2;1;
202000038539;154 674 636;B01;1;14;0;2;1;2;1;
202000038539;154 674 637;A01;1;13;0;2;2;2;1;
202000038539;154 674 638;C01;1;14;0;2;4;2;1;
202000038540;154 674 634;A01;1;10;0;2;3;2;1;
202000038540;154 674 635;B01;1;7;0;2;5;2;1;
202000038541;154 674 632;Z01;2;7;0;2;1;2;0;
202000038541;154 674 633;A01;2;7;0;2;4;2;1;
202000038542;154 674 630;A01;1;10;1;0;1;14;1;
202000038542;154 674 631;B01;1;7;0;2;4;24;1;
202000038543;154 674 629;A01;2;7;4;0;1;0;1;
202000038544;154 674 628;A01;2;7;4;0;1;14;1;
202000038545;154 674 627;A01;2;7;0;0;9;21;1;
202000038546;154 674 624;B01;2;7;0;2;1;1;1;
202000038546;154 674 625;C01;2;16;0;2;9;1;1;
202000038546;154 674 626;A01;2;7;4;2;9;1;1;
202000038547;154 674 622;B01;3;80;0;2;7;1;3;
202000038547;154 674 623;A01;3;7;0;2;1;15;1;
202000038548;154 674 620;A01;1;10;0;2;1;15;1;
202000038548;154 674 621;B01;1;2;0;2;1;1;1;
202000038549;154 674 618;B01;1;2;0;9;0;14;1;
202000038549;154 674 619;A01;3;7;0;2;0;1;1;
202000038550;154 674 616;A01;1;99;0;2;8;9;1;
202000038550;154 674 617;B01;2;33;0;2;1;0;1;
202000038551;154 674 614;B01;1;10;0;2;6;26;1;
202000038551;154 674 615;A01;1;7;1;0;2;1;1;
202000038552;154 674 611;A01;1;7;0;2;1;2;1;
202000038552;154 674 612;C01;1;7;0;2;4;2;1;
202000038552;154 674 613;B01;1;7;0;2;4;2;1;
202000038553;154 674 610;A01;2;7;0;1;2;1;1;
202000038554;154 674 608;B01;2;7;0;2;6;1;1;
202000038554;154 674 609;A01;2;7;0;2;2;1;1;
202000038555;154 674 607;A01;3;7;12;0;1;14;1;
202000038556;154 674 605;B01;2;1;0;2;0;26;5;
202000038556;154 674 606;A01;1;31;0;2;2;1;1;
202000038557;154 674 604;A01;1;30;0;1;1;17;1;
202000038558;154 674 602;A01;1;7;0;2;5;15;1;
202000038558;154 674 603;B01;2;33;0;2;0;0;1;
202000038559;154 674 599;B01;1;7;0;2;1;1;1;
202000038559;154 674 600;A01;2;3;0;2;4;9;1;
202000038560;154 674 598;A01;2;7;1;0;8;13;1;
202000038561;154 674 597;A01;2;10;0;1;2;1;1;
202000038562;154 674 595;B01;1;30;0;2;1;1;1;
202000038562;154 674 596;A01;0;7;0;2;8;15;1;
202000038563;154 674 593;A01;1;7;0;2;1;13;1;
202000038563;154 674 594;B01;2;7;0;2;1;1;1;
202000038564;154 674 591;A01;3;7;0;2;1;13;1;
202000038564;154 674 592;B01;3;3;0;2;3;1;1;
202000038565;154 674 587;A01;2;10;1;0;1;14;1;
202000038565;154 674 588;B01;2;7;0;2;4;24;1;
202000038566;154 674 586;A01;1;7;2;0;2;1;1;
202000038567;154 674 584;B01;1;7;0;2;7;19;1;
202000038567;154 674 585;A01;1;7;0;2;1;19;1;
202000038568;154 674 582;B01;2;31;0;0;0;9;0;
202000038568;154 674 583;A01;0;7;0;2;0;9;1;
202000038569;154 674 579;A01;1;10;0;2;1;1;1;
202000038569;154 674 580;C01;1;7;0;2;4;1;1;
202000038569;154 674 581;B01;1;7;0;2;4;1;1;
202000038570;154 674 577;B01;2;1;0;4;8;19;5;
202000038570;154 674 578;A01;2;40;0;2;2;1;3;
202000038571;154 674 576;A01;2;33;9;0;1;14;1;
202000038572;154 674 574;A01;2;7;0;2;2;17;1;
202000038572;154 674 575;B01;2;7;0;2;6;2;0;
202000038573;154 674 572;B01;1;7;0;2;4;1;1;
202000038573;154 674 573;A01;1;7;0;2;1;1;1;
202000038574;154 674 571;A01;0;10;0;2;7;26;1;
202000038575;154 674 570;A01;1;7;0;1;1;1;1;
202000038576;154 674 568;A01;2;7;0;2;3;26;1;
202000038576;154 674 569;B01;2;7;0;2;2;1;1;
202000038577;154 674 566;B01;2;7;0;2;1;1;2;
202000038577;154 674 567;A01;3;1;0;2;1;19;5;
202000038578;154 674 564;A01;2;7;0;2;6;12;1;
202000038578;154 674 565;B01;2;7;0;2;3;14;1;
202000038579;154 674 562;B01;3;7;0;2;2;1;1;
202000038579;154 674 563;A01;3;7;7;2;8;1;1;
202000038580;154 674 561;Z01;1;0;-1;1;1;1;-1;
202000038581;154 674 559;A01;2;7;0;2;5;4;1;
202000038581;154 674 560;B01;1;7;0;2;2;1;1;
202000038582;154 674 557;A01;1;33;0;2;1;1;1;
202000038582;154 674 558;B01;1;7;0;2;4;23;1;
202000038583;154 674 555;A01;1;7;0;2;3;13;1;
202000038583;154 674 556;B01;1;33;0;2;2;17;1;
202000038584;154 674 553;A01;1;2;0;2;1;26;1;
202000038584;154 674 554;B01;1;7;0;2;8;19;1;
202000038585;154 674 552;A01;2;10;0;1;1;1;1;
202000038586;154 674 551;A01;2;43;0;0;0;14;1;
202000038587;154 674 549;A01;2;33;0;2;0;14;1;
202000038587;154 674 550;B01;2;7;0;2;4;1;0;
202000038588;154 674 548;A01;2;2;0;1;1;1;1;
202000038589;154 674 546;B01;1;2;0;2;1;1;1;
202000038589;154 674 547;A01;1;7;0;2;2;9;1;
202000038590;154 674 544;A01;1;7;0;2;3;16;1;
202000038590;154 674 545;B01;1;50;0;2;1;1;3;
202000038591;154 674 542;Z01;1;7;0;2;8;11;0;
202000038591;154 674 543;A01;1;32;0;2;7;1;1;
202000038592;154 674 541;A01;1;7;0;1;3;1;2;
202000038593;154 674 540;A01;2;7;11;0;3;13;1;
202000038594;154 674 538;A01;2;7;0;2;3;1;0;
202000038594;154 674 539;B01;1;7;0;2;1;2;0;
202000038595;154 674 536;A01;-1;7;0;2;1;1;1;
202000038595;154 674 537;B01;-1;7;0;2;4;1;1;
202000038596;154 674 534;Z01;2;7;0;2;7;15;0;
202000038596;154 674 535;B01;1;34;0;2;1;1;1;
202000038597;154 674 533;A01;1;10;0;1;3;15;1;
202000038598;154 674 531;A01;1;33;0;2;7;2;1;
202000038598;154 674 532;Z01;1;7;0;2;8;13;1;
202000038599;154 674 529;A01;1;7;0;2;4;2;1;
202000038599;154 674 530;B01;1;7;0;2;1;2;1;
202000038600;154 674 528;A01;2;20;5;0;1;26;1;
202000038601;154 674 525;C01;1;7;0;2;1;2;1;
202000038601;154 674 526;B01;1;7;0;2;4;2;1;
202000038601;154 674 527;A01;1;7;0;2;4;2;1;
202000038602;154 674 524;A01;1;7;4;0;1;16;1;
202000038603;154 674 522;A01;2;17;0;2;2;13;1;
202000038603;154 674 523;B01;2;17;4;2;6;1;1;
202000038604;154 674 521;A01;1;7;3;0;1;19;1;
202000038605;154 674 518;A01;1;3;4;0;3;11;1;
202000038606;154 674 516;C01;2;7;0;2;1;2;1;
202000038606;154 674 517;D01;2;7;0;2;1;2;1;
202000038606;154 674 519;A01;2;7;0;2;1;2;1;
202000038606;154 674 520;B01;2;7;0;2;1;2;1;
202000038607;154 674 514;A01;3;7;0;2;7;1;1;
202000038607;154 674 515;B01;3;7;0;2;3;9;1;
202000038608;154 674 510;A01;1;7;0;2;3;0;1;
202000038608;154 674 512;B01;1;7;0;2;5;0;1;
202000038608;154 674 513;C01;1;7;0;2;2;0;1;
202000038609;154 674 509;A01;1;60;0;2;1;15;5;
202000038609;154 674 511;B01;2;7;0;2;6;9;1;
202000038610;154 674 507;B01;2;7;0;2;4;9;1;
202000038610;154 674 508;A01;2;7;0;2;1;1;1;
202000038611;154 674 506;A01;0;7;0;1;4;26;1;
202000038612;154 674 501;B01;3;7;0;2;4;1;3;
202000038612;154 674 503;A01;3;7;0;2;1;1;1;
202000038612;154 674 504;C01;3;7;0;2;4;1;1;
202000038613;154 674 498;D01;1;7;0;2;4;12;1;
202000038613;154 674 499;B01;1;7;3;0;9;23;1;
202000038613;154 674 500;E01;1;7;1;2;1;1;1;
202000038613;154 674 502;C01;1;7;0;2;0;23;1;
202000038613;154 674 505;A01;1;7;1;2;1;14;1;
202000038614;154 674 497;A01;3;1;0;1;1;2;5;
202000038615;154 674 494;A01;2;7;4;2;1;1;1;
202000038615;154 674 496;B01;2;7;0;0;4;1;1;
202000038616;154 674 493;B01;2;7;0;0;4;18;0;
202000038616;154 674 495;A01;2;30;0;2;1;26;1;
202000038617;154 674 491;B01;1;7;0;0;5;2;1;
202000038617;154 674 492;A01;1;7;0;2;3;2;1;
202000038618;154 674 489;A01;2;7;0;2;1;10;1;
202000038618;154 674 490;B01;2;2;0;2;2;3;1;
202000038619;154 674 483;A01;2;31;0;2;7;19;1;
202000038619;154 674 485;B01;3;7;0;2;1;1;1;
202000038620;154 674 482;C01;1;7;4;2;4;1;1;
202000038620;154 674 484;B01;1;10;0;2;4;2;1;
202000038620;154 674 486;D01;1;7;0;2;4;2;1;
202000038620;154 674 487;E01;1;7;0;2;4;2;1;
202000038620;154 674 488;A01;1;7;0;2;1;2;1;
202000038621;154 674 480;A01;1;3;0;2;4;1;1;
202000038621;154 674 481;B01;1;7;0;2;4;1;1;
202000038622;154 674 478;A01;3;7;1;2;7;1;1;
202000038622;154 674 479;B01;3;7;9;2;1;1;1;
202000038623;154 674 476;A01;2;7;0;2;2;1;1;
202000038623;154 674 477;B01;2;50;0;2;1;19;3;
202000038624;154 674 474;A01;3;7;0;2;1;19;1;
202000038624;154 674 475;B01;3;1;0;2;7;1;0;
202000038625;154 674 473;A01;1;34;0;1;1;19;0;
202000038626;154 674 471;A01;1;7;0;0;4;10;0;
202000038626;154 674 472;B01;1;33;0;2;1;2;1;
202000038627;154 674 470;A01;3;31;0;9;0;26;1;
202000038628;154 674 468;A01;2;14;15;1;2;26;1;
202000038629;154 674 467;A01;1;7;0;2;2;15;1;
202000038629;154 674 469;B01;2;7;0;2;1;1;1;
202000038630;154 674 464;B01;0;10;0;2;7;15;1;
202000038630;154 674 466;A01;0;34;0;2;3;1;1;
202000038631;154 674 463;A01;2;2;0;2;0;5;1;
202000038631;154 674 465;B01;3;7;0;2;8;15;1;
202000038632;154 674 462;A01;1;7;0;1;3;1;1;
202000038633;154 674 461;A01;2;7;0;1;6;4;0;
202000038634;154 674 459;A01;1;7;0;2;2;17;1;
202000038634;154 674 460;B01;1;7;0;2;3;2;1;
202000038635;154 674 458;A01;2;7;10;0;1;0;1;
202000038636;154 674 454;A01;3;7;0;9;1;1;0;
202000038636;154 674 456;B01;3;1;0;1;1;16;5;
202000038637;154 674 453;A01;1;7;0;2;1;19;1;
202000038637;154 674 455;B01;2;7;0;2;3;1;1;
202000038638;154 674 450;A01;1;7;0;1;2;0;1;
202000038639;154 674 451;A01;1;7;0;9;1;2;1;
202000038639;154 674 452;B01;1;1;0;2;4;2;5;
202000038640;154 674 449;A01;2;7;1;1;2;1;1;
202000038641;154 674 447;B01;1;1;0;2;0;0;5;
202000038641;154 674 448;A01;2;7;0;2;0;1;1;
202000038642;154 674 446;A01;0;7;8;0;2;14;1;
202000038643;154 674 444;B01;2;33;0;2;7;17;0;
202000038643;154 674 445;A01;2;7;0;2;3;15;0;
202000038644;154 674 443;A01;3;99;9;0;1;12;0;
202000038645;154 674 441;A01;3;7;0;1;2;1;1;
202000038646;154 674 440;B01;1;7;0;2;1;1;1;
202000038646;154 674 442;A01;2;7;0;2;1;11;1;
202000038647;154 674 439;A01;1;7;6;0;1;5;1;
202000038648;154 674 437;A01;1;7;6;2;3;19;1;
202000038648;154 674 438;B01;2;7;0;2;1;1;1;
202000038649;154 674 435;B01;1;33;0;2;1;1;1;
202000038649;154 674 436;A01;1;7;0;2;1;13;1;
202000038650;154 674 432;B01;1;7;0;2;4;23;1;
202000038650;154 674 433;A01;1;7;0;2;1;2;1;
202000038651;154 674 431;A01;2;7;0;2;8;9;1;
202000038651;154 674 434;B01;2;7;0;2;1;1;1;
202000038652;154 674 428;A01;1;7;0;2;2;17;1;
202000038652;154 674 430;B01;1;1;0;0;0;1;5;
202000038653;154 674 425;A01;1;7;0;2;7;1;1;
202000038653;154 674 426;B01;1;7;0;2;1;1;1;
202000038654;154 674 424;A01;3;7;0;1;2;1;1;
202000038655;154 674 423;A01;2;7;0;1;1;1;0;
202000038656;154 674 427;B01;2;7;0;2;2;16;1;
202000038656;154 674 429;A01;2;32;0;2;8;16;1;
202000038657;154 674 421;B01;3;80;0;2;7;1;3;
202000038657;154 674 422;A01;2;7;0;9;3;9;1;
202000038658;154 674 417;A01;1;7;13;2;3;1;0;
202000038658;154 674 418;B01;2;2;0;2;7;1;1;
202000038659;154 674 419;A01;1;31;0;0;1;17;1;
202000038659;154 674 420;B01;2;7;0;0;6;15;1;
202000038660;154 674 416;A01;1;7;0;1;2;16;1;
202000038661;154 674 414;B01;2;7;0;2;4;23;1;
202000038661;154 674 415;A01;1;7;14;0;1;2;1;
202000038662;154 674 411;B01;2;1;0;2;1;0;6;
202000038662;154 674 412;A01;2;7;0;9;2;1;1;
202000038663;154 674 409;B01;2;7;16;2;4;19;1;
202000038663;154 674 410;A01;1;7;0;2;1;1;1;
202000038664;154 674 407;A01;3;7;0;2;2;16;1;
202000038664;154 674 408;B01;3;1;0;2;3;15;5;
202000038665;154 674 404;A01;1;7;3;2;3;1;1;
202000038665;154 674 405;B01;2;7;0;2;3;1;1;
202000038666;154 674 402;B01;1;1;0;2;3;1;5;
202000038666;154 674 403;A01;1;7;0;9;5;17;1;
202000038667;154 674 401;A01;1;7;6;0;7;21;1;
202000038668;154 674 400;A01;1;7;0;0;0;21;1;
202000038669;154 674 399;A01;2;7;0;1;2;1;1;
202000038670;154 674 397;A01;2;7;0;2;1;2;1;
202000038670;154 674 398;B01;2;10;0;2;7;2;1;
202000038671;154 674 395;A01;1;33;0;2;7;12;1;
202000038671;154 674 396;B01;1;7;0;2;3;1;0;
202000038672;154 674 394;A01;1;7;0;1;2;1;1;
202000038673;154 674 392;B01;2;17;0;2;6;1;6;
202000038673;154 674 393;A01;2;10;0;2;2;14;1;
202000038674;154 674 390;A01;1;7;0;1;1;1;0;
202000038675;154 674 389;A01;1;7;0;2;4;1;1;
202000038675;154 674 391;B01;1;7;0;2;1;1;1;
202000038676;154 674 387;A01;1;7;0;1;3;1;1;
202000038677;154 674 386;B01;1;10;0;2;3;17;1;
202000038677;154 674 388;A01;2;7;0;2;1;1;1;
202000038678;154 674 384;B01;2;1;0;0;0;1;0;
202000038678;154 674 385;A01;1;7;0;2;0;13;1;
202000038679;154 674 381;B01;1;7;0;0;4;2;1;
202000038679;154 674 383;A01;1;7;0;0;1;1;1;
202000038680;154 674 379;C01;2;7;0;2;4;1;1;
202000038680;154 674 380;A01;2;7;0;2;1;1;1;
202000038680;154 674 382;B01;2;7;0;2;1;1;1;
202000038681;154 674 376;B01;0;10;0;2;3;1;1;
202000038681;154 674 378;A01;3;10;0;2;3;1;1;
202000038682;154 674 375;A01;2;7;3;2;7;9;1;
202000038682;154 674 377;B01;2;7;0;2;1;1;1;
202000038683;154 674 373;B01;3;7;0;2;1;2;0;
202000038683;154 674 374;A01;3;7;0;2;4;2;0;
202000038684;154 674 372;A01;1;7;0;1;1;1;1;
202000038685;154 674 370;A01;1;7;0;9;2;13;1;
202000038685;154 674 371;B01;2;1;0;2;1;1;5;
202000038686;154 674 367;A01;2;7;0;2;2;1;1;
202000038686;154 674 369;B01;2;7;0;2;1;9;1;
202000038687;154 674 368;A01;3;7;6;0;1;16;1;
202000038688;154 674 365;B01;2;2;0;2;3;2;1;
202000038688;154 674 366;A01;2;7;0;2;7;17;1;
202000038689;154 674 363;A01;1;7;9;0;1;1;1;
202000038690;154 674 361;A01;1;30;0;0;0;5;1;
202000038691;154 674 360;A01;1;7;0;1;1;1;1;
202000038692;154 674 359;A01;3;7;0;1;2;1;1;
202000038693;154 674 356;A01;0;7;0;0;7;1;1;
202000038693;154 674 357;B01;1;7;0;2;1;1;0;
202000038694;154 674 355;B01;1;1;0;0;4;1;-1;
202000038694;154 674 358;A01;1;7;0;2;2;1;-1;
202000038695;154 674 351;A01;2;7;0;2;7;12;1;
202000038695;154 674 352;B01;2;33;0;2;5;3;1;
202000038695;154 674 353;C01;2;10;0;2;6;1;1;
202000038695;154 674 354;D01;2;10;0;2;2;1;1;
202000038696;154 674 349;A01;2;7;0;2;1;2;1;
202000038696;154 674 350;B01;2;7;0;2;4;2;1;
202000038697;154 674 347;B01;2;33;0;2;1;3;1;
202000038697;154 674 348;A01;2;10;0;2;5;12;1;
202000038698;154 674 346;A01;1;33;0;2;8;1;1;
202000038699;154 674 343;A01;1;33;0;2;4;1;1;
202000038699;154 674 344;B01;1;33;0;2;3;3;0;
202000038699;154 674 345;C01;1;7;0;2;8;1;1;
202000038700;154 674 341;B01;2;10;0;2;6;1;1;
202000038700;154 674 342;A01;2;34;0;2;2;3;1;
202000038701;154 674 338;B01;1;7;0;2;3;1;1;
202000038701;154 674 340;A01;1;33;0;2;2;3;1;
202000038702;154 674 337;A01;2;1;0;2;1;1;5;
202000038702;154 674 339;B01;1;7;0;2;3;1;1;
202000038703;154 674 335;A01;2;7;0;0;0;12;1;
202000038703;154 674 336;B01;2;32;0;2;3;1;1;
202000038704;154 674 333;B01;2;10;0;2;4;0;1;
202000038704;154 674 334;A01;2;32;0;2;1;0;1;
202000038705;154 674 332;A01;1;31;0;1;1;1;1;
202000038706;154 674 330;B01;1;33;0;2;3;2;1;
202000038706;154 674 331;A01;1;7;0;2;2;12;1;
202000038707;154 674 329;A01;1;7;1;1;1;1;6;
202000038708;154 674 328;A01;1;7;3;0;1;14;1;
202000038709;154 674 326;B01;3;60;0;2;8;19;5;
202000038709;154 674 327;A01;2;7;0;2;1;1;1;
202000038710;154 674 325;A01;1;7;4;0;3;13;1;
202000038711;154 674 324;A01;2;32;1;0;1;13;1;
202000038712;154 674 322;B01;1;10;0;2;5;14;1;
202000038712;154 674 323;A01;1;43;0;2;3;3;1;
202000038713;154 674 320;B01;3;7;0;2;6;23;1;
202000038713;154 674 321;A01;3;7;0;2;2;2;1;
202000038714;154 674 316;B01;1;2;0;2;2;17;1;
202000038714;154 674 318;A01;1;7;0;2;3;13;1;
202000038715;154 674 315;A01;2;7;0;2;3;11;1;
202000038715;154 674 317;B01;2;17;0;2;2;1;1;
202000038715;154 674 319;C01;2;33;0;2;1;1;1;
202000038716;154 674 314;A01;1;37;0;1;2;7;1;1
202000038717;154 674 313;A01;2;33;0;0;7;3;1;
202000038718;154 674 312;A01;2;33;0;9;7;1;1;
202000038719;154 674 311;A01;1;32;0;0;7;1;1;
202000038720;154 674 309;A01;2;33;0;2;7;1;1;
202000038720;154 674 310;B01;2;7;0;2;8;11;1;
202000038721;154 674 304;A01;2;10;0;2;7;11;1;
202000038721;154 674 305;B01;2;14;0;2;7;12;1;
202000038721;154 674 306;C01;2;7;0;2;8;1;1;
202000038722;154 674 307;A01;2;7;0;2;3;10;1;
202000038722;154 674 308;B01;2;1;0;2;1;1;5;
202000038723;154 674 301;A01;1;33;0;2;4;1;1;
202000038723;154 674 303;B01;1;7;0;2;6;1;1;
202000038724;154 674 300;B01;1;7;0;2;0;22;1;
202000038724;154 674 302;A01;1;1;0;2;0;1;5;
202000038725;154 674 298;B01;1;7;0;2;8;1;0;
202000038725;154 674 299;A01;1;14;0;2;2;12;0;
202000038726;154 674 297;A01;3;7;0;1;3;15;2;
202000038727;154 674 295;B01;1;33;4;2;8;3;1;
202000038727;154 674 296;A01;2;7;0;2;4;1;1;
202000038728;154 674 293;A01;1;7;11;2;1;17;1;
202000038728;154 674 294;B01;1;32;0;2;6;23;3;
202000038729;154 674 290;A01;2;7;0;2;1;15;1;
202000038729;154 674 291;B01;3;1;0;2;0;0;5;
202000038730;154 674 288;B01;1;7;0;2;2;1;1;
202000038730;154 674 289;A01;1;7;0;2;3;15;1;
202000038731;154 674 287;A01;1;32;0;0;0;26;1;
202000038732;154 674 285;B01;3;1;0;2;1;9;5;
202000038732;154 674 286;A01;3;7;0;2;6;26;1;
202000038733;154 674 284;A01;1;7;0;1;3;1;1;
202000038734;154 674 281;B01;3;7;0;2;3;1;1;
202000038734;154 674 283;A01;3;7;0;2;2;15;1;
202000038735;154 674 282;A01;2;10;12;0;1;1;1;
202000038736;154 674 279;B01;3;80;0;2;1;1;3;
202000038736;154 674 280;A01;1;7;0;2;3;9;1;
202000038737;154 674 276;A01;2;7;0;1;3;1;1;
202000038738;154 674 277;B01;2;7;0;2;7;15;1;
202000038738;154 674 278;A01;2;31;0;2;1;1;1;
202000038739;154 674 275;A01;3;7;0;1;3;17;0;
202000038740;154 674 274;A01;1;7;2;0;1;1;0;
202000038741;154 674 272;A01;2;7;0;2;3;20;1;
202000038741;154 674 273;B01;2;2;0;2;1;1;1;
202000038742;154 674 270;A01;3;7;0;1;2;20;1;
202000038743;154 674 266;A01;1;30;8;0;9;26;1;
202000038744;154 674 267;A01;3;32;11;0;7;1;1;
202000038745;154 674 263;A01;2;32;0;2;0;2;1;
202000038745;154 674 265;B01;2;7;0;2;5;2;1;
202000038746;154 674 264;A01;3;10;0;1;1;1;1;
202000038747;154 674 261;B01;3;32;0;2;1;1;1;
202000038747;154 674 262;A01;3;7;0;2;3;15;1;
202000038748;154 674 260;A01;1;7;0;1;3;26;0;
202000038749;154 674 259;A01;2;3;15;0;1;14;1;
202000038750;154 674 257;B01;2;0;0;2;3;2;0;
202000038750;154 674 258;A01;1;30;0;2;1;2;0;
202000038751;154 674 256;A01;2;7;0;1;2;1;1;
202000038752;154 674 252;A01;1;10;0;2;3;26;1;
202000038752;154 674 254;B01;2;2;0;2;1;1;1;
202000038753;154 674 253;B01;2;7;0;2;1;1;1;
202000038753;154 674 255;A01;1;10;0;2;7;15;1;
202000038754;154 674 251;A01;1;10;0;1;1;1;1;
202000038755;154 674 247;B01;2;33;0;2;7;17;1;
202000038755;154 674 249;A01;2;7;0;2;3;15;1;
202000038756;154 674 246;B01;3;7;0;2;8;1;1;
202000038756;154 674 248;A01;3;33;0;2;0;17;1;
202000038756;154 674 250;C01;3;7;0;2;3;1;1;
202000038757;154 674 243;A01;1;7;0;2;1;2;1;
202000038757;154 674 245;B01;1;7;0;2;4;1;1;
202000038758;154 674 244;A01;2;33;3;0;0;1;1;
202000038759;154 674 240;A01;1;2;0;2;1;13;1;
202000038759;154 674 242;B01;2;7;0;2;3;1;1;
202000038760;154 674 239;A01;3;7;0;2;3;15;1;
202000038760;154 674 241;B01;3;7;0;2;2;1;1;
202000038761;154 674 238;A01;2;7;2;0;1;16;1;
202000038762;154 674 236;B01;1;80;0;2;4;1;3;
202000038762;154 674 237;A01;3;7;0;2;1;9;1;
202000038763;154 674 234;B01;1;2;0;2;3;15;1;
202000038763;154 674 235;A01;1;7;0;2;2;17;1;
202000038764;154 674 232;B01;3;1;0;2;0;26;5;