num_acc;id_vehicule;num_veh;senc;catv;obs;obsm;choc;manv;motor;occutc
202000038764;154 674 233;A01;3;7;0;2;3;1;0;
202000038765;154 674 228;A01;0;20;0;2;1;16;6;
202000038765;154 674 230;B01;0;60;0;2;0;0;5;
202000038766;154 674 227;B01;1;7;6;0;4;16;0;
202000038766;154 674 229;A01;1;7;0;2;1;2;0;
202000038767;154 674 226;A01;0;7;0;1;2;1;1;
202000038768;154 674 222;B01;1;7;0;2;8;1;1;
202000038768;154 674 224;A01;2;7;0;2;3;13;1;
202000038769;154 674 220;B01;2;7;0;1;4;23;1;
202000038769;154 674 221;A01;2;7;0;2;1;2;1;
202000038770;154 674 219;B01;2;7;0;2;3;1;0;
202000038770;154 674 223;A01;1;7;11;2;1;6;0;
202000038771;154 674 216;A01;2;7;0;2;8;1;1;
202000038771;154 674 218;B01;3;1;0;2;1;19;2;
202000038772;154 674 214;C01;1;10;0;2;1;1;1;
202000038772;154 674 215;A01;2;7;0;2;3;17;1;
202000038772;154 674 217;B01;1;7;0;2;3;1;1;
202000038773;154 674 213;A01;1;10;0;1;1;1;1;
202000038774;154 674 212;A01;2;7;13;0;1;1;1;
202000038775;154 674 210;A01;2;7;0;2;3;15;1;
202000038775;154 674 211;B01;1;2;0;2;1;1;1;
202000038776;154 674 209;A01;1;7;13;0;1;0;1;
202000038777;154 674 208;A01;1;33;4;0;7;1;0;
202000038778;154 674 207;A01;2;7;0;0;0;1;1;
202000038779;154 674 206;A01;1;7;0;1;1;1;1;
202000038780;154 674 203;A01;1;7;0;2;3;17;0;
202000038780;154 674 205;B01;1;7;0;2;4;26;1;
202000038781;154 674 202;A01;1;10;0;0;2;15;1;
202000038781;154 674 204;B01;2;33;0;2;2;1;1;
202000038782;154 674 200;A01;2;7;0;2;5;15;1;
202000038782;154 674 201;B01;1;2;0;2;3;1;1;
202000038783;154 674 198;B01;2;1;0;2;1;16;5;
202000038783;154 674 199;A01;1;7;0;2;5;15;1;
202000038784;154 674 197;A01;0;7;0;1;1;20;1;
202000038785;154 674 196;A01;1;1;0;1;7;25;5;
202000038786;154 674 193;Z01;1;7;8;2;1;17;1;
202000038786;154 674 194;B01;1;7;0;2;6;19;1;
202000038787;154 674 192;A01;2;7;0;1;2;26;1;
202000038788;154 674 190;A01;1;31;0;2;8;26;1;
202000038788;154 674 191;B01;1;7;0;2;6;0;1;
202000038789;154 674 188;B01;2;1;0;2;1;1;5;
202000038789;154 674 189;A01;1;7;0;2;0;15;1;
202000038790;154 674 186;A01;1;1;0;2;1;26;5;
202000038790;154 674 187;B01;2;7;0;2;3;15;1;
202000038791;154 674 184;A01;2;30;0;2;3;18;1;
202000038791;154 674 185;B01;2;7;0;2;2;16;1;
202000038792;154 674 182;B01;0;33;0;2;4;1;1;
202000038792;154 674 183;A01;0;7;0;2;1;1;1;
202000038793;154 674 180;A01;2;7;0;2;1;9;1;
202000038793;154 674 181;B01;1;30;0;2;1;17;0;
202000038794;154 674 178;A01;3;7;0;2;3;13;1;
202000038794;154 674 179;B01;3;10;0;2;3;1;1;
202000038795;154 674 177;A01;2;7;2;0;1;9;1;
202000038796;154 674 175;A01;1;7;9;2;1;13;1;
202000038796;154 674 176;B01;2;30;0;2;1;1;1;
202000038797;154 674 173;B01;1;2;0;2;5;1;1;
202000038797;154 674 174;A01;3;7;0;2;3;9;1;
202000038798;154 674 172;Z01;1;10;0;1;3;1;1;
202000038799;154 674 171;A01;1;7;0;1;3;26;1;
202000038800;154 674 169;A01;1;7;0;2;1;1;1;
202000038800;154 674 170;B01;1;7;0;2;4;1;1;
202000038801;154 674 167;A01;1;7;0;2;2;5;0;
202000038801;154 674 168;B01;1;2;0;2;3;1;1;
202000038802;154 674 165;A01;1;31;0;0;0;15;1;
202000038802;154 674 166;B01;0;0;0;0;0;0;0;
202000038803;154 674 161;B01;1;7;0;2;1;2;1;
202000038803;154 674 162;A01;1;7;0;2;1;2;1;
202000038803;154 674 163;D01;1;10;0;2;4;2;1;
202000038803;154 674 164;C01;1;7;0;2;1;2;1;
202000038804;154 674 158;C01;1;7;0;2;8;23;1;
202000038804;154 674 159;B01;1;10;0;2;5;23;1;
202000038804;154 674 160;A01;1;32;1;2;7;3;1;
202000038805;154 674 157;A01;1;32;14;0;0;17;1;
202000038806;154 674 155;B01;1;7;0;2;8;1;1;
202000038806;154 674 156;A01;1;15;0;2;2;12;1;
202000038807;154 674 152;C01;2;7;0;2;5;1;1;
202000038807;154 674 153;A01;2;33;0;2;2;3;1;
202000038807;154 674 154;B01;2;7;0;2;6;1;1;
202000038808;154 674 151;A01;1;10;0;1;1;16;1;
202000038809;154 674 149;B01;1;33;0;2;2;17;1;
202000038809;154 674 150;A01;1;10;0;2;3;13;1;
202000038810;154 674 148;A01;1;30;0;1;1;1;1;
202000038811;154 674 146;A01;2;7;0;2;1;15;1;
202000038811;154 674 147;B01;1;31;0;2;1;1;1;
202000038812;154 674 145;A01;1;33;0;1;1;1;1;
202000038813;154 674 144;A01;2;10;0;1;3;1;3;
202000038814;154 674 142;A01;1;7;0;2;1;10;1;
202000038814;154 674 143;B01;2;7;0;2;1;7;1;
202000038815;154 674 141;A01;1;7;0;1;1;15;1;
202000038816;154 674 139;B01;1;7;0;2;6;15;1;
202000038816;154 674 140;A01;1;1;0;2;1;1;5;
202000038817;154 674 137;B01;2;7;0;2;3;1;1;
202000038817;154 674 138;A01;1;32;0;2;6;17;1;
202000038818;154 674 135;A01;1;1;0;2;1;19;5;
202000038818;154 674 136;B01;1;30;0;2;1;1;1;
202000038819;154 674 133;B01;1;50;0;2;7;1;3;
202000038819;154 674 134;A01;1;7;0;2;2;1;1;
202000038820;154 674 131;A01;1;30;0;2;8;18;1;
202000038820;154 674 132;B01;1;13;0;2;2;16;1;
202000038821;154 674 130;A01;1;7;0;1;3;16;1;
202000038822;154 674 128;B01;1;33;0;2;1;1;1;
202000038822;154 674 129;A01;1;1;0;2;8;19;5;
202000038823;154 674 127;A01;1;50;0;1;1;1;3;
202000038824;154 674 125;A01;2;7;0;2;2;0;0;
202000038824;154 674 126;B01;2;1;0;2;3;1;5;
202000038825;154 674 123;A01;1;7;0;2;1;15;1;
202000038825;154 674 124;B01;1;33;0;2;8;1;1;
202000038826;154 674 121;B01;3;7;0;2;4;0;1;
202000038826;154 674 122;A01;3;31;0;2;1;2;1;
202000038827;154 674 120;A01;1;10;1;0;5;1;1;
202000038828;154 674 119;A01;1;7;0;1;2;15;1;
202000038829;154 674 117;B01;3;3;0;2;2;1;1;
202000038829;154 674 118;A01;3;7;0;2;3;15;1;
202000038830;154 674 116;A01;2;7;0;1;1;15;1;
202000038831;154 674 114;Z01;1;7;0;1;2;10;1;
202000038831;154 674 115;B01;1;32;0;2;3;26;0;
202000038832;154 674 113;A01;1;10;0;1;1;1;0;
202000038833;154 674 112;A01;3;7;0;1;3;1;3;
202000038834;154 674 111;A01;2;7;0;1;1;1;0;
202000038835;154 674 109;B01;1;7;0;2;2;9;1;
202000038835;154 674 110;A01;1;7;0;2;1;1;1;
202000038836;154 674 107;A01;2;32;0;2;5;17;1;
202000038836;154 674 108;B01;2;7;0;2;3;15;1;
202000038837;154 674 106;A01;3;7;0;1;0;16;0;
202000038838;154 674 101;B01;2;32;0;2;1;1;1;
202000038838;154 674 102;A01;1;7;0;2;1;10;1;
202000038839;154 674 100;A01;1;7;0;1;3;1;1;
202000038840;154 674 099;A01;1;30;14;0;1;0;1;
202000038841;154 674 097;A01;2;30;0;2;3;21;1;
202000038841;154 674 098;B01;1;7;0;2;3;1;1;
202000038842;154 674 096;A01;2;7;0;1;1;9;1;
202000038843;154 674 095;A01;3;7;0;1;1;16;1;
202000038844;154 674 092;C01;2;7;0;2;1;1;1;
202000038844;154 674 093;B01;1;7;0;2;3;1;1;
202000038844;154 674 094;A01;2;7;0;2;1;19;1;
202000038845;154 674 091;A01;3;7;5;0;3;2;0;
202000038846;154 674 089;B01;1;17;0;2;1;1;1;
202000038846;154 674 090;A01;2;7;0;2;7;13;1;
202000038847;154 674 088;A01;2;33;14;0;1;17;1;
202000038848;154 674 086;A01;2;7;0;2;1;1;1;
202000038848;154 674 087;B01;2;1;0;0;4;15;0;
202000038849;154 674 085;A01;1;7;2;0;3;1;1;
202000038850;154 674 083;A01;3;7;0;2;2;1;1;
202000038850;154 674 084;B01;3;7;0;2;1;1;1;
202000038851;154 674 080;A01;1;7;7;0;9;1;1;
202000038852;154 674 079;A01;1;7;0;1;3;9;1;
202000038853;154 674 077;A01;2;7;0;2;8;19;1;
202000038853;154 674 078;B01;1;7;0;2;1;2;1;
202000038854;154 674 074;B01;2;7;0;2;3;11;1;
202000038854;154 674 075;C01;2;7;0;2;1;2;1;
202000038854;154 674 076;A01;1;15;0;2;3;13;0;
202000038855;154 674 073;A01;3;7;0;1;1;1;0;
202000038856;154 674 072;A01;1;7;2;0;0;1;1;
202000038857;154 674 068;D01;1;10;13;0;7;1;1;
202000038857;154 674 069;C01;1;7;14;0;1;1;1;
202000038857;154 674 070;B01;2;7;0;2;1;1;1;
202000038857;154 674 071;A01;1;10;0;2;3;1;1;
202000038858;154 674 067;A01;2;7;2;0;2;1;1;
202000038859;154 674 065;B01;1;7;0;2;2;2;1;
202000038859;154 674 066;A01;1;7;0;0;6;1;1;
202000038860;154 674 064;A01;2;7;6;0;1;1;0;
202000038861;154 674 063;A01;1;33;0;0;0;17;1;
202000038862;154 674 060;A01;2;10;0;2;1;1;1;
202000038862;154 674 061;B01;2;7;0;2;4;15;1;
202000038862;154 674 062;C01;2;7;0;2;1;1;1;
202000038863;154 674 058;B01;2;7;0;0;3;15;1;
202000038863;154 674 059;A01;1;2;0;0;3;17;1;
202000038864;154 674 057;A01;2;7;2;0;7;1;1;
202000038865;154 674 055;B01;2;7;0;2;1;1;1;
202000038865;154 674 056;A01;1;7;0;0;8;13;1;
202000038866;154 674 054;A01;2;7;0;1;7;1;1;
202000038867;154 674 053;A01;1;7;13;0;0;1;0;
202000038868;154 674 051;B01;1;7;0;2;1;1;6;
202000038868;154 674 052;A01;2;7;0;2;1;13;6;
202000038869;154 674 050;A01;1;7;2;0;1;1;1;
202000038870;154 674 049;A01;1;7;6;0;1;1;1;
202000038871;154 674 047;B01;1;7;3;0;6;1;1;
202000038871;154 674 048;A01;1;7;0;2;2;0;1;
202000038872;154 674 044;A01;2;7;0;2;6;11;1;
202000038872;154 674 045;B01;2;7;0;2;2;1;1;
202000038872;154 674 046;C01;2;17;0;2;8;1;1;
202000038873;154 674 042;A01;2;2;0;2;1;1;1;
202000038873;154 674 043;B01;1;7;0;2;5;15;1;
202000038874;154 674 041;A01;3;7;0;1;2;1;1;
202000038875;154 674 040;A01;1;33;3;0;1;1;1;
202000038876;154 674 038;A01;1;31;0;2;1;13;0;
202000038876;154 674 039;B01;2;7;0;2;1;1;0;
202000038877;154 674 034;A01;2;7;0;2;1;13;1;
202000038877;154 674 035;B01;1;15;0;2;1;1;1;
202000038878;154 674 030;D01;2;10;0;2;3;2;1;
202000038878;154 674 031;C01;2;7;0;2;7;2;1;
202000038878;154 674 032;B01;2;7;0;2;2;1;1;
202000038878;154 674 033;A01;2;15;0;2;6;2;1;
202000038879;154 674 028;A01;1;33;0;2;1;2;1;
202000038879;154 674 029;B01;1;7;0;2;4;2;1;
202000038880;154 674 027;A01;2;34;0;0;3;2;1;
202000038881;154 674 025;A01;1;7;0;2;2;1;1;
202000038881;154 674 026;B01;1;7;0;2;6;9;1;
202000038882;154 674 024;A01;2;7;13;0;1;1;1;
202000038883;154 674 021;C01;1;7;0;2;4;2;1;
202000038883;154 674 022;B01;1;7;0;2;4;2;1;
202000038883;154 674 023;A01;1;7;0;2;1;2;1;
202000038884;154 674 019;A01;1;33;0;2;9;3;1;
202000038884;154 674 020;B01;1;10;0;0;7;12;1;
202000038885;154 674 015;C01;1;7;0;2;7;1;1;
202000038885;154 674 016;Z01;1;10;0;2;1;1;1;
202000038885;154 674 017;B01;1;34;0;2;4;2;1;
202000038885;154 674 018;D01;1;7;0;2;4;1;1;
202000038886;154 674 012;Z01;1;0;0;2;1;2;0;
202000038886;154 674 013;B01;1;7;0;2;1;2;1;
202000038886;154 674 014;A01;1;33;0;2;4;2;1;
202000038887;154 674 010;A01;1;1;0;2;1;1;5;
202000038887;154 674 011;B01;1;1;0;2;4;1;5;
202000038888;154 674 009;A01;2;30;0;1;1;19;1;
202000038889;154 674 007;B01;2;10;0;2;8;15;1;
202000038889;154 674 008;A01;1;30;0;2;7;17;1;
202000038890;154 674 006;A01;2;31;0;2;8;26;1;
202000038891;154 674 005;A01;1;30;0;9;1;26;1;
202000038892;154 674 003;B01;3;39;0;2;1;1;3;
202000038892;154 674 004;A01;3;31;0;4;7;1;1;
202000038893;154 674 002;A01;3;10;0;1;2;13;1;
202000038894;154 674 000;B01;1;7;0;0;6;0;1;
202000038894;154 674 001;A01;1;1;0;2;1;17;0;
202000038895;154 673 998;A01;1;7;0;2;1;2;1;
202000038895;154 673 999;B01;1;10;0;0;4;1;1;
202000038896;154 673 997;A01;2;99;0;1;1;0;1;
202000038897;154 673 995;B01;1;1;0;2;1;1;5;
202000038897;154 673 996;A01;2;7;0;2;2;16;1;
202000038898;154 673 993;B01;3;1;0;2;4;9;5;
202000038898;154 673 994;Z01;3;7;0;2;0;0;0;
202000038899;154 673 992;A01;0;7;1;0;1;1;1;
202000038900;154 673 990;A01;1;7;0;2;1;9;1;
202000038900;154 673 991;B01;2;2;0;2;2;1;1;
202000038901;154 673 988;B01;1;33;0;2;1;1;-1;
202000038901;154 673 989;A01;1;7;0;2;4;1;-1;
202000038902;154 673 986;B01;3;7;0;2;2;15;1;
202000038902;154 673 987;A01;3;7;0;2;1;1;1;
202000038903;154 673 984;B01;2;7;0;2;2;17;1;
202000038903;154 673 985;A01;2;30;0;2;8;13;1;
202000038904;154 673 982;B01;0;1;0;2;5;19;6;
202000038904;154 673 983;A01;0;33;0;2;1;1;1;
202000038905;154 673 979;A01;2;7;0;2;3;1;1;
202000038905;154 673 980;C01;1;31;0;2;1;17;0;
202000038905;154 673 981;B01;1;7;0;0;0;1;0;
202000038906;154 673 977;D01;3;32;0;2;1;26;1;
202000038906;154 673 978;A01;3;7;0;2;2;19;1;
202000038907;154 673 976;A01;1;30;1;0;2;14;1;
202000038908;154 673 975;A01;1;7;4;0;0;1;1;
202000038909;154 673 973;A01;1;33;0;2;1;1;1;
202000038909;154 673 974;B01;2;7;0;2;6;10;1;
202000038910;154 673 971;B01;3;1;0;2;1;1;5;
202000038910;154 673 972;A01;2;7;0;2;3;15;1;
202000038911;154 673 969;A01;2;10;0;9;2;1;1;
202000038911;154 673 970;B01;2;1;0;2;8;13;5;
202000038912;154 673 967;A01;3;7;0;2;5;26;6;
202000038912;154 673 968;B01;0;33;0;2;1;0;6;
202000038913;154 673 965;A01;1;2;0;2;1;1;1;
202000038913;154 673 966;B01;2;7;0;2;2;20;1;
202000038914;154 673 963;A01;1;10;0;2;2;15;1;
202000038914;154 673 964;B01;2;33;0;2;1;2;1;
202000038915;154 673 961;A01;3;7;0;2;2;15;0;
202000038915;154 673 962;B01;3;33;0;2;1;1;1;
202000038916;154 673 959;A01;1;7;0;2;1;13;1;
202000038916;154 673 960;B01;2;7;0;2;1;1;1;
202000038917;154 673 957;A01;1;7;0;2;6;1;1;
202000038917;154 673 958;B01;1;7;0;2;1;0;1;
202000038918;154 673 956;A01;2;7;0;1;3;1;1;
202000038919;154 673 954;B01;1;7;0;2;4;0;1;
202000038919;154 673 955;A01;1;7;0;2;1;0;1;
202000038920;154 673 952;B01;1;7;0;2;3;0;1;
202000038920;154 673 953;A01;1;7;0;2;1;0;1;
202000038921;154 673 950;B01;3;7;0;2;1;1;1;
202000038921;154 673 951;A01;1;7;0;2;1;9;1;
202000038922;154 673 949;A01;2;7;1;0;3;1;1;
202000038923;154 673 948;A01;3;30;12;0;1;1;0;
202000038924;154 673 946;A01;1;7;0;2;8;10;1;
202000038924;154 673 947;B01;1;34;0;2;1;1;1;
202000038925;154 673 944;B01;1;33;0;2;2;11;1;
202000038925;154 673 945;A01;2;10;0;2;8;13;1;
202000038926;154 673 942;A01;1;7;0;2;1;1;1;
202000038926;154 673 943;B01;1;1;0;2;4;1;5;
202000038927;154 673 941;A01;1;7;0;1;1;15;1;
202000038928;154 673 939;A01;2;7;0;2;6;1;1;
202000038928;154 673 940;B01;2;33;0;2;1;14;1;
202000038929;154 673 938;A01;1;7;5;0;1;1;1;
202000038930;154 673 936;B01;1;7;0;2;2;1;1;
202000038930;154 673 937;A01;2;30;0;2;1;1;1;
202000038931;154 673 934;B01;2;1;0;2;1;1;5;
202000038931;154 673 935;A01;1;7;0;2;1;15;1;
202000038932;154 673 932;A01;2;7;0;2;1;1;1;
202000038932;154 673 933;B01;2;7;0;2;4;1;1;
202000038933;154 673 931;A01;3;1;0;1;0;1;5;
202000038934;154 673 929;B01;2;7;0;2;3;1;1;
202000038934;154 673 930;A01;1;7;0;2;3;13;1;
202000038935;154 673 928;A01;2;1;0;0;0;26;5;
202000038936;154 673 925;B01;1;1;0;2;1;1;5;
202000038936;154 673 926;A01;1;7;0;2;1;15;1;
202000038937;154 673 923;A01;2;7;0;2;3;15;0;
202000038937;154 673 924;B01;1;2;8;2;3;1;0;
202000038938;154 673 922;A01;1;7;1;1;1;17;1;
202000038939;154 673 920;A01;1;7;0;2;2;1;1;
202000038939;154 673 921;B01;1;1;0;0;4;1;5;
202000038940;154 673 919;A01;0;37;0;0;0;26;0;2
202000038941;154 673 918;A01;2;99;0;0;0;1;5;
202000038942;154 673 916;B01;0;99;0;0;0;0;3;
202000038942;154 673 917;A01;0;7;0;2;0;0;0;
202000038943;154 673 914;B01;2;1;0;2;0;16;0;
202000038943;154 673 915;A01;2;10;0;2;7;15;1;
202000038944;154 673 912;A01;2;10;0;2;2;15;1;
202000038944;154 673 913;B01;1;32;0;2;1;1;1;
202000038945;154 673 910;A01;3;15;0;2;2;9;1;
202000038945;154 673 911;B01;3;7;0;2;8;9;1;
202000038946;154 673 908;A01;1;33;0;2;7;2;1;
202000038946;154 673 909;B01;1;10;0;2;8;2;1;
202000038947;154 673 905;C01;1;10;0;2;4;0;1;
202000038947;154 673 906;B01;1;20;0;9;9;0;1;
202000038947;154 673 907;A01;1;10;0;0;0;0;1;
202000038948;154 673 903;A01;2;7;0;2;2;2;1;
202000038948;154 673 904;B01;2;7;0;2;6;26;1;
202000038949;154 673 901;B01;2;7;0;2;2;17;0;
202000038949;154 673 902;A01;2;7;8;2;9;15;1;
202000038950;154 673 900;A01;1;7;0;1;1;15;1;
202000038951;154 673 898;B01;1;10;9;2;5;23;1;
202000038951;154 673 899;A01;1;30;0;2;1;1;1;
202000038952;154 673 897;A01;1;10;0;1;3;15;1;
202000038953;154 673 896;A01;1;32;0;1;8;17;1;
202000038954;154 673 894;B01;2;1;0;2;1;1;5;
202000038954;154 673 895;A01;2;7;0;2;3;13;0;
202000038955;154 673 892;B01;1;32;0;2;3;1;1;
202000038955;154 673 893;A01;2;7;0;2;1;15;2;
202000038956;154 673 891;A01;1;7;0;1;0;2;1;
202000038957;154 673 889;B01;1;30;0;2;8;15;3;
202000038957;154 673 890;A01;2;7;0;2;2;1;1;
202000038958;154 673 887;B01;2;43;0;2;8;5;1;
202000038958;154 673 888;A01;1;43;0;2;1;1;1;
202000038959;154 673 885;A01;2;7;1;2;3;13;1;
202000038959;154 673 886;B01;2;10;0;2;5;23;1;
202000038960;154 673 883;A01;2;30;0;2;1;5;1;
202000038960;154 673 884;B01;2;7;0;0;8;15;1;
202000038961;154 673 881;A01;2;7;0;2;4;23;1;
202000038961;154 673 882;B01;2;1;0;2;1;7;5;
202000038962;154 673 879;A01;1;7;0;2;8;1;1;
202000038962;154 673 880;B01;1;1;0;2;2;1;5;
202000038963;154 673 877;A01;2;10;0;2;5;15;1;
202000038963;154 673 878;B01;1;1;0;2;0;1;5;
202000038964;154 673 875;B01;2;1;0;2;3;13;5;
202000038964;154 673 876;A01;1;7;0;2;3;1;2;
202000038965;154 673 873;B01;1;43;0;2;3;1;1;
202000038965;154 673 874;A01;2;1;0;2;1;5;5;
202000038966;154 673 871;A01;2;1;0;2;1;13;5;
202000038966;154 673 872;B01;1;1;0;2;1;1;5;
202000038967;154 673 869;Z01;1;33;0;2;0;15;0;
202000038967;154 673 870;A01;1;1;0;2;7;1;5;
202000038968;154 673 867;B01;1;1;0;2;4;1;0;
202000038968;154 673 868;A01;1;30;0;2;1;2;1;
202000038969;154 673 865;A01;3;7;0;2;3;15;1;
202000038969;154 673 866;B01;3;32;0;2;2;1;1;
202000038970;154 673 861;X01;1;10;1;0;0;0;1;
202000038970;154 673 862;B01;1;33;0;2;5;1;1;
202000038970;154 673 863;A01;1;33;1;0;2;1;1;
202000038970;154 673 864;Y01;1;10;1;0;0;0;0;
202000038971;154 673 859;B01;1;7;0;0;3;1;0;
202000038971;154 673 860;A01;2;31;0;2;1;1;0;
202000038972;154 673 857;B01;1;1;1;2;8;21;5;
202000038972;154 673 858;A01;1;7;0;2;7;17;1;
202000038973;154 673 855;A01;3;7;0;2;0;0;0;
202000038973;154 673 856;B01;0;7;0;1;3;1;0;
202000038974;154 673 853;B01;1;7;0;2;4;1;1;
202000038974;154 673 854;A01;1;32;0;2;1;1;1;
202000038975;154 673 851;A01;0;7;0;2;2;15;1;
202000038975;154 673 852;B01;0;2;0;2;1;1;1;
202000038976;154 673 848;A01;0;7;9;2;1;1;0;
202000038976;154 673 849;C01;0;7;0;0;4;0;0;
202000038976;154 673 850;B01;0;7;0;2;2;0;0;
202000038977;154 673 847;A01;1;7;0;1;1;26;1;
202000038978;154 673 845;B01;2;7;0;2;1;2;1;
202000038978;154 673 846;A01;1;7;0;2;4;23;1;
202000038979;154 673 843;A01;1;99;0;0;8;24;1;
202000038979;154 673 844;B01;1;30;1;0;1;2;1;
202000038980;154 673 841;D01;1;7;0;2;4;23;1;
202000038980;154 673 842;A01;1;7;0;2;1;2;1;
202000038981;154 673 840;A01;3;99;8;9;0;0;0;
202000038982;154 673 839;A01;1;33;0;1;3;1;1;
202000038983;154 673 837;A01;2;10;0;1;2;1;0;
202000038984;154 673 835;A01;1;32;1;2;7;26;1;
202000038984;154 673 836;B01;1;7;0;2;7;15;2;
202000038985;154 673 834;A01;1;7;1;0;8;1;1;
202000038986;154 673 832;B01;1;32;0;2;1;1;1;
202000038986;154 673 833;A01;1;7;0;2;2;15;1;
202000038987;154 673 831;A01;3;7;0;1;3;1;1;
202000038988;154 673 829;A01;2;15;0;0;0;9;1;
202000038988;154 673 830;B01;1;42;0;0;0;1;1;
202000038989;154 673 827;B01;1;7;0;2;7;17;1;
202000038989;154 673 828;A01;1;2;0;2;8;11;1;
202000038990;154 673 826;A01;1;34;12;0;1;0;1;
202000038991;154 673 825;A01;3;7;13;0;0;1;1;
202000038992;154 673 823;C01;1;2;-1;2;1;19;1;
202000038992;154 673 824;B01;1;17;0;2;3;1;1;
202000038993;154 673 822;A01;3;7;6;0;1;14;1;
202000038994;154 673 821;A01;0;2;0;0;8;1;1;
202000038995;154 673 818;A01;2;14;6;0;1;14;1;
202000038996;154 673 816;B01;2;31;0;0;4;1;1;
202000038996;154 673 817;A01;2;7;0;2;1;2;1;
202000038997;154 673 815;A01;0;7;2;0;1;14;1;
202000038998;154 673 814;A01;3;33;13;0;0;0;1;
202000038999;154 673 813;A01;1;7;2;0;7;15;0;
202000039000;154 673 812;A01;1;2;15;0;2;14;1;
202000039001;154 673 811;A01;1;2;7;0;1;1;1;
202000039002;154 673 810;A01;2;33;8;0;1;14;1;
202000039003;154 673 808;A01;3;7;0;2;3;1;1;
202000039003;154 673 809;B01;3;1;0;2;1;1;5;
202000039004;154 673 806;B01;1;7;0;2;9;1;1;
202000039004;154 673 807;A01;2;7;0;2;2;13;1;
202000039005;154 673 804;B01;2;7;0;2;6;23;1;
202000039005;154 673 805;A01;2;31;0;2;1;2;1;
202000039006;154 673 803;A01;2;33;0;0;1;13;4;
202000039007;154 673 801;B01;3;7;0;2;3;20;1;
202000039007;154 673 802;A01;3;7;0;2;1;21;1;
202000039008;154 673 800;A01;3;7;13;0;2;1;1;
202000039009;154 673 799;A01;2;7;0;0;9;1;0;
202000039010;154 673 798;A01;2;7;0;1;2;19;1;
202000039011;154 673 797;A01;3;7;2;0;2;1;0;
202000039012;154 673 795;B01;1;7;0;2;1;1;1;
202000039012;154 673 796;A01;2;7;0;2;1;13;1;
202000039013;154 673 793;B01;1;7;0;2;1;1;1;
202000039013;154 673 794;A01;2;7;0;2;1;13;1;
202000039014;154 673 792;A01;2;31;0;0;0;17;1;
202000039015;154 673 791;A01;2;7;2;0;1;1;1;
202000039016;154 673 789;B01;2;32;0;2;1;1;1;
202000039016;154 673 790;A01;1;10;0;2;7;15;1;
202000039017;154 673 788;A01;1;7;0;1;1;1;1;
202000039018;154 673 786;B01;0;32;0;2;1;1;1;
202000039018;154 673 787;A01;0;7;0;2;3;15;1;
202000039019;154 673 784;B01;1;31;0;2;1;1;1;
202000039019;154 673 785;A01;2;7;4;2;2;13;1;
202000039020;154 673 783;A01;2;13;0;1;1;1;1;
202000039021;154 673 781;A01;1;33;0;2;1;2;1;
202000039021;154 673 782;B01;1;7;0;0;4;1;1;
202000039022;154 673 779;B01;3;80;0;2;8;15;3;
202000039022;154 673 780;A01;0;7;0;9;1;1;1;
202000039023;154 673 778;A01;2;7;0;1;2;1;1;
202000039024;154 673 777;A01;1;7;0;1;2;1;1;
202000039025;154 673 775;A01;3;7;0;2;3;1;1;
202000039025;154 673 776;B01;3;33;0;2;1;17;1;
202000039026;154 673 774;A01;1;50;4;0;1;1;3;
202000039027;154 673 772;B01;1;10;0;0;3;1;1;
202000039027;154 673 773;A01;1;7;4;0;5;17;1;
202000039028;154 673 770;B01;2;7;0;2;4;2;1;
202000039028;154 673 771;A01;2;2;0;2;1;2;1;
202000039029;154 673 769;A01;1;7;0;1;1;1;0;
202000039030;154 673 767;B01;2;34;0;2;1;2;1;
202000039030;154 673 768;A01;2;7;0;2;4;1;1;
202000039031;154 673 765;A01;2;7;4;2;2;21;1;
202000039031;154 673 766;B01;2;33;0;2;3;1;1;
202000039032;154 673 764;A01;1;10;2;0;3;14;1;
202000039033;154 673 762;A01;2;7;4;0;1;14;1;
202000039033;154 673 763;B01;1;7;0;2;4;1;1;
202000039034;154 673 760;A01;2;10;0;2;6;12;1;
202000039034;154 673 761;B01;2;33;0;2;7;3;1;
202000039035;154 673 759;A01;1;7;3;0;1;14;1;
202000039036;154 673 756;C01;2;33;0;2;8;3;1;
202000039036;154 673 757;A01;2;10;0;2;7;14;1;
202000039036;154 673 758;B01;2;7;0;2;5;1;1;
202000039037;154 673 755;A01;1;7;0;1;0;15;1;
202000039038;154 673 753;B01;3;7;0;2;1;15;1;
202000039038;154 673 754;A01;2;7;0;2;1;16;1;
202000039039;154 673 751;B01;2;7;0;2;3;1;1;
202000039039;154 673 752;A01;1;7;0;2;3;13;1;
202000039040;154 673 749;B01;2;7;0;2;4;26;1;
202000039040;154 673 750;A01;2;7;0;2;1;26;1;
202000039041;154 673 747;A01;1;7;0;2;7;15;1;
202000039041;154 673 748;B01;2;1;0;2;0;0;5;
202000039042;154 673 746;A01;0;32;0;1;3;1;1;
202000039043;154 673 745;A01;3;7;8;0;1;26;1;
202000039044;154 673 744;A01;1;7;4;0;3;1;1;
202000039045;154 673 743;A01;3;40;0;1;2;26;3;
202000039046;154 673 741;B01;3;1;0;2;1;19;0;
202000039046;154 673 742;A01;3;7;0;2;3;16;1;
202000039047;154 673 739;A01;3;7;0;2;3;15;1;