num_acc;id_vehicule;num_veh;senc;catv;obs;obsm;choc;manv;motor;occutc
202000039313;154 673 242;B01;2;33;0;2;8;21;0;
202000039313;154 673 243;A01;1;7;0;2;5;15;0;
202000039314;154 673 244;A01;2;7;1;0;2;0;0;
202000039315;154 673 241;A01;1;2;0;0;0;1;0;
202000039316;154 673 240;A01;0;10;0;1;4;4;1;
202000039317;154 673 238;B01;0;80;0;2;1;23;3;
202000039317;154 673 239;A01;1;7;0;2;3;15;1;
202000039318;154 673 235;A01;2;10;0;2;7;2;1;
202000039318;154 673 237;B01;2;1;0;2;8;2;0;
202000039319;154 673 234;B01;2;7;0;0;3;1;1;
202000039319;154 673 236;A01;1;2;0;2;1;1;1;
202000039320;154 673 231;A01;2;7;0;2;1;19;1;
202000039320;154 673 233;B01;1;7;0;2;8;1;1;
202000039321;154 673 230;B01;3;7;0;2;3;1;1;
202000039321;154 673 232;A01;3;30;0;2;1;13;1;
202000039322;154 673 228;A01;1;7;0;1;7;1;1;
202000039323;154 673 227;A01;1;33;0;2;2;1;1;
202000039323;154 673 229;B01;1;7;0;2;4;1;1;
202000039324;154 673 225;A01;1;7;0;2;3;1;1;
202000039324;154 673 226;B01;2;2;0;2;1;13;1;
202000039325;154 673 224;A01;3;1;0;0;0;1;5;
202000039326;154 673 223;A01;2;7;2;0;1;13;1;
202000039327;154 673 220;B01;1;33;0;2;1;1;1;
202000039327;154 673 222;A01;2;7;0;2;2;15;1;
202000039328;154 673 219;B01;2;2;0;0;7;1;1;
202000039328;154 673 221;A01;2;7;0;2;3;9;1;
202000039329;154 673 218;A01;1;10;0;1;1;1;1;
202000039330;154 673 217;A01;2;7;3;0;1;26;1;
202000039331;154 673 214;B01;1;10;0;2;1;0;1;
202000039331;154 673 216;A01;1;7;0;2;4;0;1;
202000039332;154 673 213;B01;3;7;0;2;1;1;1;
202000039332;154 673 215;A01;3;7;0;2;1;13;1;
202000039333;154 673 211;A01;1;33;0;0;0;1;1;
202000039334;154 673 210;A01;2;31;0;2;1;2;1;
202000039334;154 673 212;B01;2;10;0;2;4;1;1;
202000039335;154 673 208;B01;1;30;0;2;1;1;1;
202000039335;154 673 209;A01;2;7;0;2;8;1;1;
202000039336;154 673 204;Z01;1;0;0;2;1;0;0;
202000039336;154 673 206;C01;1;31;0;2;1;1;1;
202000039336;154 673 207;B01;1;7;0;2;4;2;1;
202000039337;154 673 203;B01;2;2;0;2;1;1;1;
202000039337;154 673 205;A01;3;7;0;0;5;26;1;
202000039338;154 673 201;A01;1;7;0;1;3;1;1;
202000039339;154 673 200;A01;1;15;0;2;1;2;1;
202000039339;154 673 202;B01;1;7;0;2;4;2;1;
202000039340;154 673 198;A01;1;32;0;2;1;1;1;
202000039340;154 673 199;B01;1;7;0;0;6;23;1;
202000039341;154 673 197;A01;2;7;4;0;0;2;1;
202000039342;154 673 196;A01;3;7;0;1;4;4;1;
202000039343;154 673 195;A01;1;17;4;0;7;15;1;
202000039344;154 673 194;A01;0;7;2;0;1;1;1;
202000039345;154 673 193;A01;1;7;0;0;0;1;1;
202000039346;154 673 190;A01;1;7;0;2;4;1;1;
202000039346;154 673 192;B01;2;10;0;2;1;1;1;
202000039347;154 673 189;A01;2;7;3;0;6;26;1;
202000039347;154 673 191;B01;2;10;0;2;2;12;1;
202000039348;154 673 187;A01;2;7;0;1;3;1;1;
202000039349;154 673 183;A01;1;7;0;2;2;2;1;
202000039349;154 673 185;B01;1;1;0;0;4;2;5;
202000039350;154 673 180;A01;2;7;0;2;1;2;0;
202000039350;154 673 181;B01;2;20;0;0;4;2;0;
202000039351;154 673 177;B01;1;2;0;2;1;1;1;
202000039351;154 673 179;A01;1;7;0;2;7;1;1;
202000039352;154 673 176;A01;2;17;0;2;6;14;1;
202000039352;154 673 178;B01;1;17;0;2;3;14;1;
202000039353;154 673 175;A01;2;33;0;0;8;1;1;
202000039354;154 673 174;A01;1;7;0;1;1;1;1;
202000039355;154 673 172;A01;3;7;0;1;3;1;1;
202000039356;154 673 171;A01;3;7;0;2;3;19;0;
202000039356;154 673 173;B01;1;7;0;2;1;1;0;
202000039357;154 673 170;A01;0;7;0;1;2;0;0;
202000039358;154 673 168;B01;2;17;0;0;6;2;1;
202000039358;154 673 169;A01;2;10;0;2;1;2;1;
202000039359;154 673 166;A01;1;7;0;2;3;1;1;
202000039359;154 673 167;B01;2;30;0;2;2;15;1;
202000039360;154 673 164;A01;2;7;0;2;2;2;1;
202000039360;154 673 165;B01;2;7;0;2;6;2;1;
202000039361;154 673 161;A01;1;99;0;2;4;26;6;
202000039361;154 673 163;B01;1;7;0;9;3;1;1;
202000039362;154 673 162;A01;1;7;4;0;9;12;1;
202000039363;154 673 158;A01;3;7;0;2;1;15;1;
202000039363;154 673 160;B01;3;80;0;2;0;0;3;
202000039364;154 673 156;B01;1;33;0;2;1;2;1;
202000039364;154 673 157;A01;1;7;0;2;3;11;0;
202000039365;154 673 155;A01;2;7;0;1;3;16;0;
202000039366;154 673 154;A01;2;7;13;0;1;1;1;
202000039367;154 673 153;A01;1;20;0;1;4;26;1;
202000039368;154 673 151;B01;3;7;0;2;3;26;1;
202000039368;154 673 152;A01;3;50;0;2;1;5;3;
202000039369;154 673 149;A01;2;7;8;0;1;1;1;
202000039370;154 673 148;B01;1;33;0;2;2;2;1;
202000039370;154 673 150;A01;1;7;0;2;3;10;1;
202000039371;154 673 146;A01;1;7;4;0;1;13;1;
202000039372;154 673 145;B01;3;99;0;1;8;1;1;
202000039372;154 673 147;A01;3;7;0;1;3;1;1;
202000039373;154 673 144;A01;3;7;0;1;1;26;1;
202000039374;154 673 142;B01;1;7;0;2;1;13;1;
202000039374;154 673 143;A01;2;7;0;2;1;1;1;
202000039375;154 673 140;B01;2;7;0;2;2;1;1;
202000039375;154 673 141;A01;1;7;0;2;3;9;1;
202000039376;154 673 139;A01;1;33;0;6;3;19;1;
202000039377;154 673 134;B01;1;7;0;2;3;1;1;
202000039377;154 673 137;A01;1;7;0;2;1;19;1;
202000039378;154 673 133;D01;1;7;0;2;4;23;1;
202000039378;154 673 135;C01;1;7;0;2;4;23;1;
202000039378;154 673 136;B01;1;7;0;0;4;23;1;
202000039378;154 673 138;A01;1;10;14;0;1;1;1;
202000039379;154 673 131;B01;3;7;0;2;1;1;1;
202000039379;154 673 132;A01;3;7;0;2;1;1;1;
202000039380;154 673 130;A01;2;7;17;0;1;17;1;
202000039381;154 673 128;A01;3;7;0;2;3;1;1;
202000039381;154 673 129;B01;0;7;0;2;3;1;1;
202000039382;154 673 126;B01;2;7;0;2;3;1;1;
202000039382;154 673 127;A01;1;7;0;2;3;13;1;
202000039383;154 673 125;A01;0;7;0;1;8;4;1;
202000039384;154 673 124;A01;3;7;0;1;3;1;1;
202000039385;154 673 123;A01;1;7;0;9;1;13;1;
202000039386;154 673 120;B01;0;33;1;2;1;1;1;
202000039386;154 673 122;A01;0;7;0;2;8;15;1;
202000039387;154 673 119;A01;2;7;0;2;1;1;1;
202000039387;154 673 121;B01;2;7;0;2;4;2;1;
202000039388;154 673 115;B01;2;7;0;2;1;2;1;
202000039388;154 673 117;A01;2;33;0;2;4;2;1;
202000039389;154 673 116;A01;3;30;0;2;1;2;1;
202000039389;154 673 118;B01;3;10;0;2;4;23;1;
202000039390;154 673 113;A01;1;2;0;0;7;1;1;
202000039391;154 673 111;C01;1;7;0;0;0;0;1;
202000039391;154 673 112;B01;1;7;0;0;0;0;1;
202000039391;154 673 114;A01;1;7;0;0;0;26;1;
202000039392;154 673 108;B01;2;7;0;2;4;2;1;
202000039392;154 673 109;C01;2;7;0;2;4;2;0;
202000039392;154 673 110;A01;2;7;0;2;1;2;1;
202000039393;154 673 107;A01;1;7;0;0;9;9;1;
202000039394;154 673 106;A01;2;7;0;1;3;15;1;
202000039395;154 673 104;A01;3;7;4;0;3;1;1;
202000039396;154 673 103;B01;1;33;0;2;3;1;1;
202000039396;154 673 105;A01;2;7;0;2;3;15;1;
202000039397;154 673 099;B01;2;2;0;2;3;2;1;
202000039397;154 673 101;A01;2;7;0;2;3;13;1;
202000039398;154 673 100;A01;3;7;0;2;3;19;1;
202000039398;154 673 102;B01;1;2;0;2;1;1;1;
202000039399;154 673 096;A01;2;10;0;2;2;15;1;
202000039399;154 673 098;B01;1;2;0;2;1;1;1;
202000039400;154 673 094;C01;2;7;0;2;3;1;1;
202000039400;154 673 095;B01;1;37;0;2;5;1;1;1
202000039400;154 673 097;A01;1;7;0;2;8;9;1;
202000039401;154 673 090;B01;1;7;0;2;1;1;1;
202000039401;154 673 092;A01;1;10;0;2;1;1;1;
202000039401;154 673 093;C01;1;7;0;2;4;23;1;
202000039402;154 673 089;B01;2;7;0;2;1;1;1;
202000039402;154 673 091;A01;2;7;0;2;4;1;1;
202000039403;154 673 088;A01;1;32;0;0;1;26;1;
202000039404;154 673 086;B01;2;1;0;2;8;1;5;
202000039404;154 673 087;A01;2;7;0;2;2;16;1;
202000039405;154 673 085;A01;2;7;0;1;2;1;1;
202000039406;154 673 081;B01;1;7;0;0;0;11;1;
202000039406;154 673 083;A01;1;2;0;0;0;1;1;
202000039407;154 673 080;B01;1;7;9;2;3;1;6;
202000039407;154 673 082;Z01;0;7;8;2;1;9;0;
202000039407;154 673 084;C01;3;7;8;0;2;1;6;
202000039408;154 673 078;A01;1;13;0;2;4;1;0;
202000039408;154 673 079;B01;1;30;0;2;1;2;0;
202000039409;154 673 077;A01;1;20;0;0;1;13;1;
202000039410;154 673 074;B01;2;7;0;2;1;1;0;
202000039410;154 673 076;A01;3;7;0;2;1;9;0;
202000039411;154 673 073;A01;1;7;0;9;7;16;1;
202000039411;154 673 075;B01;1;33;0;2;1;1;1;
202000039412;154 673 071;A01;1;7;0;2;1;2;1;
202000039412;154 673 072;B01;1;7;0;2;4;0;1;
202000039413;154 673 070;A01;1;7;0;1;1;16;1;
202000039414;154 673 068;A01;1;7;0;2;1;26;1;
202000039414;154 673 069;B01;1;7;0;2;4;16;1;
202000039415;154 673 066;A01;3;7;0;2;2;1;1;
202000039416;154 673 065;B01;0;2;0;2;2;15;1;
202000039416;154 673 067;A01;0;7;0;2;3;15;1;
202000039417;154 673 062;A01;2;7;0;2;7;13;1;
202000039417;154 673 064;B01;1;7;0;2;1;1;1;
202000039418;154 673 061;A01;1;7;0;2;9;0;1;
202000039418;154 673 063;B01;1;7;0;2;3;0;1;
202000039419;154 673 059;A01;1;30;0;0;8;0;1;
202000039420;154 673 058;B01;2;7;0;2;4;2;1;
202000039420;154 673 060;A01;2;30;0;2;1;2;1;
202000039421;154 673 056;A01;2;7;0;1;1;15;1;
202000039422;154 673 055;B01;1;7;0;2;1;0;1;
202000039422;154 673 057;A01;1;7;0;2;7;0;1;
202000039423;154 673 052;A01;1;7;0;2;0;0;1;
202000039423;154 673 054;B01;1;80;0;2;8;0;3;
202000039424;154 673 053;A01;1;7;3;0;1;9;1;
202000039425;154 673 051;A01;0;7;2;0;0;1;1;
202000039426;154 673 047;C01;2;7;0;2;8;16;1;
202000039426;154 673 049;A01;1;7;0;2;3;26;1;
202000039426;154 673 050;B01;1;7;0;2;3;15;1;
202000039427;154 673 046;B01;0;14;0;2;8;1;0;
202000039427;154 673 048;A01;0;33;0;2;1;13;1;
202000039428;154 673 043;B01;3;30;0;2;1;1;1;
202000039428;154 673 045;A01;3;7;0;2;3;26;1;
202000039429;154 673 042;B01;2;7;1;2;2;1;1;
202000039429;154 673 044;A01;2;7;15;2;2;1;1;
202000039430;154 673 040;A01;1;7;0;1;2;1;1;
202000039431;154 673 039;A01;3;7;0;9;7;15;1;
202000039431;154 673 041;B01;3;1;0;2;1;1;5;
202000039432;154 673 038;A01;-1;7;2;0;1;26;1;
202000039433;154 673 037;A01;0;7;12;0;3;1;1;
202000039434;154 673 035;A01;1;33;0;2;1;1;1;
202000039434;154 673 036;B01;1;7;0;2;3;1;1;
202000039435;154 673 034;A01;2;7;13;0;2;14;1;
202000039436;154 673 033;A01;1;7;1;0;1;21;1;
202000039437;154 673 031;B01;0;7;0;2;0;1;-1;
202000039437;154 673 032;A01;3;7;0;2;1;1;1;
202000039438;154 673 029;A01;3;33;0;2;8;15;1;
202000039438;154 673 030;B01;3;7;0;2;3;16;1;
202000039439;154 673 027;B01;1;7;0;2;1;1;1;
202000039439;154 673 028;A01;2;30;0;2;5;15;1;
202000039440;154 673 026;A01;1;7;0;1;2;1;1;
202000039441;154 673 024;A01;1;7;0;2;4;20;1;
202000039441;154 673 025;B01;1;1;0;2;1;1;5;
202000039442;154 673 023;A01;2;7;0;1;2;16;3;
202000039443;154 673 022;A01;1;7;7;0;3;15;1;
202000039444;154 673 020;B01;1;1;0;2;0;0;5;
202000039444;154 673 021;A01;2;7;0;2;1;9;1;
202000039445;154 673 019;Z01;1;7;0;1;1;1;0;
202000039446;154 673 018;A01;1;14;0;1;2;1;1;
202000039447;154 673 017;A01;1;40;0;1;2;1;3;
202000039448;154 673 015;A01;1;33;0;2;3;13;1;
202000039448;154 673 016;B01;2;10;0;2;8;1;1;
202000039449;154 673 013;A01;1;10;0;2;1;13;1;
202000039449;154 673 014;B01;2;7;0;2;1;1;1;
202000039450;154 673 011;B01;3;1;0;9;4;1;5;
202000039450;154 673 012;A01;3;1;0;9;1;1;5;
202000039451;154 673 008;B01;0;7;0;2;0;0;0;
202000039451;154 673 009;A01;0;7;0;2;2;0;0;
202000039452;154 673 006;B01;3;2;0;2;1;1;1;
202000039452;154 673 007;A01;3;7;0;2;8;1;1;
202000039453;154 673 004;B01;3;7;0;2;4;2;1;
202000039453;154 673 005;A01;3;7;0;2;1;2;1;
202000039454;154 673 002;B01;1;32;0;2;3;1;1;
202000039454;154 673 003;A01;1;34;1;2;1;17;1;
202000039455;154 673 001;A01;0;7;0;1;3;15;1;
202000039456;154 672 999;B01;1;1;0;2;3;1;0;
202000039456;154 673 000;A01;1;7;0;2;3;17;1;
202000039457;154 672 997;A01;0;7;0;2;8;15;0;
202000039457;154 672 998;B01;0;32;0;2;1;0;0;
202000039458;154 672 995;A01;1;7;5;2;1;13;1;
202000039458;154 672 996;B01;2;10;2;2;2;13;0;
202000039459;154 672 993;B01;0;3;0;2;1;1;3;
202000039459;154 672 994;A01;0;7;0;2;3;8;1;
202000039460;154 672 992;Z01;2;20;0;1;0;26;0;
202000039461;154 672 990;A01;3;30;0;2;1;0;1;
202000039461;154 672 991;B01;3;1;0;2;0;26;5;
202000039462;154 672 988;A01;1;32;9;0;1;13;1;
202000039463;154 672 986;B01;1;7;0;2;8;1;1;
202000039463;154 672 987;A01;1;7;0;2;1;9;1;
202000039464;154 672 984;B01;2;7;0;2;5;1;1;
202000039464;154 672 985;A01;2;33;0;2;1;2;1;
202000039465;154 672 982;A01;2;7;0;2;6;15;1;
202000039465;154 672 983;B01;1;7;0;2;1;1;1;
202000039466;154 672 980;A01;1;7;0;2;1;9;1;
202000039466;154 672 981;B01;2;7;1;2;3;1;1;
202000039467;154 672 979;A01;1;10;16;0;9;1;1;
202000039468;154 672 977;A01;3;7;0;2;1;9;1;
202000039468;154 672 978;B01;2;33;0;2;2;1;1;
202000039469;154 672 975;A01;1;7;0;2;8;10;1;
202000039469;154 672 976;B01;1;33;0;2;7;17;1;
202000039470;154 672 973;A01;0;33;0;2;7;17;1;
202000039470;154 672 974;B01;0;7;0;2;8;15;1;
202000039471;154 672 971;A01;1;7;0;2;7;16;1;
202000039471;154 672 972;B01;1;1;0;2;1;25;0;
202000039472;154 672 968;A01;3;7;0;1;2;1;0;
202000039473;154 672 967;A01;-1;7;2;0;1;13;1;
202000039474;154 672 965;B01;2;7;0;2;6;1;1;
202000039474;154 672 966;A01;3;7;0;2;1;19;1;
202000039475;154 672 963;B01;0;7;0;2;3;1;1;
202000039475;154 672 964;A01;2;7;0;2;1;1;1;
202000039476;154 672 962;A01;1;10;0;1;3;15;1;
202000039477;154 672 959;C01;3;7;0;2;4;0;1;
202000039477;154 672 960;A01;3;7;0;2;1;0;1;
202000039477;154 672 961;B01;3;7;0;2;4;0;1;
202000039478;154 672 957;A01;1;7;0;2;8;9;1;
202000039478;154 672 958;B01;1;15;0;2;7;1;1;
202000039479;154 672 955;A01;2;7;0;2;1;13;1;
202000039479;154 672 956;B01;1;7;0;2;1;1;1;
202000039480;154 672 953;A01;3;10;0;2;2;10;1;
202000039480;154 672 954;B01;3;33;0;2;3;1;1;
202000039481;154 672 952;A01;1;7;0;1;1;1;1;
202000039482;154 672 951;A01;3;7;0;1;1;17;1;
202000039483;154 672 948;A01;1;7;0;2;1;9;1;
202000039483;154 672 950;B01;1;7;0;2;1;1;1;
202000039484;154 672 947;B01;2;1;0;2;1;1;5;
202000039484;154 672 949;A01;2;7;0;9;2;16;1;
202000039485;154 672 944;B01;0;7;0;2;1;1;1;
202000039485;154 672 946;A01;0;7;0;2;1;5;1;
202000039486;154 672 943;B01;1;2;0;0;0;9;1;
202000039486;154 672 945;A01;1;7;0;0;0;2;1;
202000039487;154 672 941;B01;1;1;0;2;9;0;5;
202000039487;154 672 942;A01;1;7;0;2;2;0;1;
202000039488;154 672 938;B01;2;33;14;2;1;17;0;
202000039488;154 672 940;A01;1;7;14;0;3;19;1;
202000039489;154 672 937;B01;1;1;0;2;4;0;5;
202000039489;154 672 939;A01;1;7;0;2;3;0;1;
202000039490;154 672 935;A01;1;30;0;2;1;18;1;
202000039490;154 672 936;B01;1;7;0;2;2;16;1;
202000039491;154 672 934;A01;2;7;0;1;8;1;1;
202000039492;154 672 932;A01;1;7;0;1;3;1;1;
202000039493;154 672 933;Z01;3;7;0;1;0;15;0;
202000039494;154 672 930;B01;3;1;0;2;8;1;5;
202000039494;154 672 931;A01;3;13;0;2;7;9;1;
202000039495;154 672 929;A01;2;14;0;1;1;19;1;
202000039496;154 672 928;A01;2;7;0;1;1;1;1;
202000039497;154 672 927;A01;0;30;0;1;1;1;0;
202000039498;154 672 926;A01;3;7;0;1;5;1;1;
202000039499;154 672 925;A01;1;7;7;1;1;14;1;
202000039500;154 672 923;A01;1;7;0;2;3;2;0;
202000039500;154 672 924;B01;1;7;0;2;6;2;0;
202000039501;154 672 921;A01;0;3;0;1;1;1;3;
202000039502;154 672 920;B01;2;1;0;2;6;13;5;
202000039502;154 672 922;A01;2;7;0;2;2;1;0;
202000039503;154 672 919;A01;2;30;0;0;0;1;1;
202000039504;154 672 918;A01;3;10;0;1;4;4;1;
202000039505;154 672 917;A01;2;7;0;1;1;1;1;
202000039506;154 672 915;A01;1;14;0;1;8;16;1;
202000039507;154 672 914;A01;2;10;0;2;8;10;1;
202000039507;154 672 916;B01;2;34;0;2;1;3;1;
202000039508;154 672 912;B01;2;1;0;2;3;16;5;
202000039508;154 672 913;A01;2;7;0;2;5;14;1;
202000039509;154 672 909;B01;1;31;0;2;4;1;1;
202000039509;154 672 911;A01;1;7;0;2;1;17;1;
202000039510;154 672 910;A01;1;7;1;0;3;13;1;
202000039511;154 672 907;A01;2;10;0;2;3;10;1;
202000039511;154 672 908;B01;2;33;0;2;3;1;1;
202000039512;154 672 905;B01;1;31;0;2;1;1;0;
202000039512;154 672 906;A01;1;7;0;2;8;15;1;
202000039513;154 672 904;A01;2;7;1;0;1;14;1;
202000039514;154 672 903;A01;1;7;0;1;1;1;1;
202000039515;154 672 900;A01;0;30;0;0;7;1;1;
202000039516;154 672 899;A01;1;1;0;2;1;2;5;
202000039516;154 672 901;B01;1;7;0;2;4;2;1;
202000039517;154 672 896;B01;1;1;0;2;1;1;0;
202000039517;154 672 898;Z01;1;7;0;9;0;1;0;
202000039518;154 672 895;B01;1;2;0;2;4;1;1;
202000039518;154 672 897;A01;1;7;0;2;1;1;1;
202000039519;154 672 892;A01;0;7;0;1;1;1;0;
202000039520;154 672 891;A01;1;7;0;1;1;1;1;
202000039521;154 672 887;B01;1;7;0;2;2;1;1;
202000039521;154 672 889;A01;2;7;0;2;2;13;1;
202000039522;154 672 886;A01;3;7;0;2;1;5;1;
202000039522;154 672 888;B01;3;7;0;2;1;1;1;
202000039522;154 672 890;C01;3;7;1;2;6;26;1;
202000039523;154 672 885;A01;1;34;0;1;7;1;1;
202000039524;154 672 884;A01;3;7;0;1;2;9;1;
202000039525;154 672 882;B01;1;7;0;2;6;15;1;
202000039525;154 672 883;A01;1;32;0;2;1;17;0;
202000039526;154 672 879;B01;2;33;0;2;1;1;1;
202000039526;154 672 880;A01;1;7;0;2;1;17;1;
202000039527;154 672 881;A01;2;7;0;1;2;16;0;
202000039528;154 672 876;B01;1;32;0;2;1;1;1;
202000039528;154 672 878;A01;2;7;0;2;5;15;1;
202000039529;154 672 875;A01;1;10;0;2;3;1;1;
202000039529;154 672 877;B01;1;30;0;2;8;1;0;
202000039530;154 672 872;A01;0;7;0;2;1;15;1;
202000039530;154 672 873;B01;0;7;0;2;3;1;1;
202000039531;154 672 870;A01;1;10;0;2;1;2;1;
202000039531;154 672 874;B01;1;7;0;2;6;2;1;
202000039532;154 672 869;A01;1;1;0;2;1;1;5;
202000039532;154 672 871;B01;1;7;0;2;1;1;1;
202000039533;154 672 868;A01;3;7;0;1;3;15;1;
202000039534;154 672 865;A01;1;7;0;2;1;1;1;
202000039534;154 672 867;B01;1;2;0;2;1;1;1;
202000039535;154 672 864;A01;3;7;0;2;2;26;1;
202000039535;154 672 866;B01;3;7;0;2;6;1;1;
202000039536;154 672 862;B01;2;15;0;2;0;16;1;
202000039536;154 672 863;A01;2;10;0;2;1;1;1;
202000039537;154 672 861;A01;3;10;0;1;4;4;1;
202000039538;154 672 858;B01;3;50;0;2;4;1;3;
202000039538;154 672 860;A01;3;7;0;2;1;15;1;
202000039539;154 672 859;A01;0;7;0;1;0;0;1;
202000039540;154 672 857;A01;3;30;0;0;0;15;1;
202000039541;154 672 855;B01;3;7;1;0;0;0;1;
202000039541;154 672 856;A01;1;7;6;0;1;1;1;
202000039542;154 672 853;B01;3;7;0;2;4;26;1;
202000039542;154 672 854;A01;3;33;0;2;1;26;1;
202000039543;154 672 851;B01;3;7;0;0;0;0;1;
202000039543;154 672 852;A01;3;33;0;0;0;0;1;
202000039544;154 672 850;A01;1;7;0;1;2;1;1;
202000039545;154 672 848;B01;3;7;0;2;8;1;3;
202000039545;154 672 849;A01;3;7;0;2;7;12;1;
202000039546;154 672 847;A01;1;7;6;0;1;14;1;
202000039547;154 672 844;C01;1;7;0;2;4;23;1;
202000039547;154 672 845;B01;1;7;0;2;4;23;1;
202000039547;154 672 846;A01;1;7;0;2;1;2;1;
202000039548;154 672 843;A01;3;30;0;0;0;1;1;
202000039549;154 672 841;B01;1;7;0;2;1;1;1;
202000039549;154 672 842;A01;2;7;0;2;1;15;1;
202000039550;154 672 839;A01;3;7;0;2;2;15;1;
202000039550;154 672 840;B01;3;7;0;2;1;1;1;
202000039551;154 672 837;A01;1;31;0;2;1;11;1;
202000039551;154 672 838;B01;1;7;0;2;7;12;1;
202000039552;154 672 836;A01;2;7;2;0;1;1;1;
202000039553;154 672 834;A01;1;7;0;2;3;11;1;
202000039553;154 672 835;B01;1;31;0;2;2;3;1;
202000039554;154 672 829;B01;1;7;0;2;4;1;1;
202000039554;154 672 831;C01;1;7;0;2;6;1;1;
202000039554;154 672 832;A01;1;7;0;2;1;1;1;
202000039554;154 672 833;D01;1;7;0;2;4;1;1;
202000039555;154 672 827;A01;1;7;0;2;1;2;0;
202000039555;154 672 828;B01;1;7;0;2;4;2;1;
202000039555;154 672 830;C01;1;7;0;2;2;2;1;
202000039556;154 672 823;A01;1;7;0;1;1;1;1;
202000039557;154 672 822;B01;2;7;0;2;4;2;1;
202000039557;154 672 824;A01;2;7;0;2;4;2;1;
202000039557;154 672 825;Z01;2;7;0;2;1;2;1;
202000039558;154 672 821;A01;1;1;0;1;1;1;5;
202000039559;154 672 820;A01;3;31;0;0;0;1;1;
202000039560;154 672 818;B01;1;7;0;2;4;1;0;
202000039560;154 672 819;A01;1;7;0;2;1;2;1;
202000039561;154 672 817;A01;1;14;0;1;1;16;6;
202000039562;154 672 815;A01;3;7;0;0;0;0;1;
202000039562;154 672 816;B01;0;1;0;0;0;0;0;
202000039563;154 672 814;A01;2;7;0;1;2;1;1;
202000039564;154 672 813;A01;1;7;0;1;3;26;1;
202000039565;154 672 810;B01;2;7;0;2;6;2;1;
202000039565;154 672 812;A01;2;14;0;2;2;14;1;
202000039566;154 672 809;B01;2;50;0;2;0;1;3;
202000039566;154 672 811;Z01;2;7;0;0;0;0;1;
202000039567;154 672 806;A01;3;30;0;2;1;1;3;
202000039567;154 672 808;B01;3;7;0;2;6;23;1;
202000039568;154 672 805;B01;2;1;0;2;1;1;5;
202000039568;154 672 807;A01;1;10;0;2;1;15;1;
202000039569;154 672 803;A01;0;7;10;0;9;17;1;
202000039570;154 672 802;A01;2;50;0;2;1;15;3;
202000039570;154 672 804;B01;2;7;0;9;2;1;1;
202000039571;154 672 799;A01;2;7;0;2;1;1;1;
202000039571;154 672 801;B01;2;7;0;2;4;26;1;
202000039572;154 672 798;B01;0;80;0;2;5;19;3;
202000039572;154 672 800;A01;2;1;0;2;1;1;5;
202000039573;154 672 797;A01;0;33;12;0;1;1;1;
202000039574;154 672 796;A01;1;10;0;1;6;16;1;
202000039575;154 672 791;A01;1;7;0;2;8;22;1;
202000039575;154 672 793;B01;1;1;0;2;1;1;5;
202000039576;154 672 790;Z01;2;10;0;2;0;1;1;
202000039576;154 672 792;C01;2;7;0;2;4;1;1;
202000039576;154 672 794;B01;2;7;0;2;4;1;1;
202000039576;154 672 795;D01;2;7;0;2;4;1;1;
202000039577;154 672 788;B01;1;33;0;2;7;16;1;
202000039577;154 672 789;A01;1;43;0;2;1;7;1;
202000039578;154 672 787;A01;1;30;0;1;7;18;1;
202000039579;154 672 785;B01;1;10;0;2;2;1;1;
202000039579;154 672 786;A01;2;32;0;2;1;7;1;
202000039580;154 672 784;A01;2;1;0;0;8;17;5;
202000039581;154 672 782;A01;2;32;0;2;1;2;1;
202000039581;154 672 783;B01;2;80;0;2;4;2;3;
202000039582;154 672 780;A01;3;50;0;2;1;13;3;
202000039582;154 672 781;B01;3;50;0;2;1;1;3;
202000039583;154 672 777;C01;1;7;1;2;8;24;1;
202000039583;154 672 778;B01;1;7;0;2;7;20;1;
202000039583;154 672 779;A01;1;30;0;2;2;1;1;
202000039584;154 672 776;A01;1;7;6;0;1;3;1;
202000039585;154 672 775;A01;1;50;0;1;1;1;3;
202000039586;154 672 772;B01;0;7;0;2;3;1;1;
202000039586;154 672 773;A01;0;30;0;2;1;1;1;
202000039586;154 672 774;C01;0;14;0;2;0;1;1;
202000039587;154 672 771;A01;1;7;0;1;3;15;1;
202000039588;154 672 768;Z01;0;7;0;2;0;1;1;
202000039588;154 672 770;A01;0;2;0;2;0;1;5;
202000039589;154 672 767;A01;1;7;0;0;0;16;0;
202000039589;154 672 769;B01;2;31;0;0;0;15;0;
202000039590;154 672 765;B01;2;7;0;2;4;23;1;
202000039590;154 672 766;A01;2;7;0;2;1;1;1;
202000039591;154 672 762;A01;1;30;0;2;1;16;1;
202000039591;154 672 764;B01;1;7;0;2;4;16;1;
202000039592;154 672 761;A01;1;7;0;2;1;1;1;
202000039592;154 672 763;B01;2;1;0;2;7;19;5;
202000039593;154 672 758;B01;1;60;0;2;1;0;5;
202000039593;154 672 760;A01;1;7;0;2;7;16;1;
202000039594;154 672 757;B01;0;80;1;0;1;1;3;
202000039594;154 672 759;A01;0;7;0;2;3;24;1;
202000039595;154 672 755;A01;2;7;0;2;1;2;0;
202000039595;154 672 756;B01;2;7;0;2;5;23;0;
202000039596;154 672 754;A01;2;7;0;1;1;1;1;
202000039597;154 672 751;C01;3;10;0;2;1;14;1;
202000039597;154 672 752;B01;3;7;0;2;4;2;1;