num_acc;id_vehicule;num_veh;senc;catv;obs;obsm;choc;manv;motor;occutc
202000039887;154 672 262;Z01;1;7;0;2;1;0;1;
202000039888;154 672 260;A01;1;7;0;1;1;1;1;
202000039889;154 672 258;A01;2;7;0;2;3;1;1;
202000039889;154 672 259;B01;2;1;0;2;1;19;5;
202000039890;154 672 256;B01;3;7;0;2;1;1;1;
202000039890;154 672 257;A01;3;7;0;2;8;19;1;
202000039891;154 672 254;A01;3;7;0;2;4;2;1;
202000039891;154 672 255;B01;3;7;0;2;1;0;1;
202000039892;154 672 252;A01;2;7;0;2;3;16;4;
202000039892;154 672 253;B01;2;33;0;2;7;1;1;
202000039893;154 672 250;B01;1;32;0;2;1;7;1;
202000039893;154 672 251;A01;1;7;0;2;2;16;1;
202000039894;154 672 249;DA01;3;3;0;1;1;1;1;
202000039895;154 672 247;A01;3;10;0;2;3;2;1;
202000039895;154 672 248;B01;0;2;0;2;4;23;1;
202000039896;154 672 246;Z01;1;10;0;1;1;1;1;
202000039897;154 672 245;A01;1;7;0;1;1;26;0;
202000039898;154 672 244;A01;3;10;6;1;6;4;1;
202000039899;154 672 243;A01;1;7;0;1;7;1;1;
202000039900;154 672 242;A01;2;31;8;0;7;14;6;
202000039901;154 672 240;B01;1;7;0;2;4;26;1;
202000039901;154 672 241;A01;1;33;0;2;1;21;1;
202000039902;154 672 238;B01;1;7;0;2;3;1;0;
202000039902;154 672 239;A01;1;50;0;2;1;19;3;
202000039903;154 672 236;B01;1;7;14;0;4;23;0;
202000039903;154 672 237;A01;1;33;0;2;1;1;0;
202000039904;154 672 235;A01;2;43;0;1;3;1;1;
202000039905;154 672 233;A01;2;10;0;9;8;22;0;
202000039905;154 672 234;B01;2;50;1;0;7;21;3;
202000039906;154 672 232;A01;2;33;0;0;7;21;0;
202000039907;154 672 231;A01;2;7;16;0;9;1;1;
202000039908;154 672 230;A01;2;7;0;1;1;1;0;
202000039909;154 672 228;B01;1;7;0;2;1;1;1;
202000039909;154 672 229;A01;2;17;3;2;1;6;1;
202000039910;154 672 226;A01;1;2;0;2;7;5;0;
202000039910;154 672 227;B01;2;7;0;2;2;1;0;
202000039911;154 672 222;A01;1;7;0;2;3;15;1;
202000039911;154 672 223;B01;2;30;0;2;8;1;1;
202000039912;154 672 220;B01;2;7;0;2;7;17;1;
202000039912;154 672 221;A01;1;2;0;2;8;15;1;
202000039913;154 672 219;A01;1;33;0;0;8;1;1;
202000039914;154 672 217;A01;0;10;7;0;7;1;1;
202000039914;154 672 218;B01;1;7;0;2;1;1;1;
202000039915;154 672 216;A01;1;33;0;6;1;1;1;
202000039916;154 672 214;A01;2;33;0;2;1;1;1;
202000039916;154 672 215;B01;1;7;0;0;3;1;0;
202000039917;154 672 213;A01;2;7;0;1;1;16;1;
202000039918;154 672 212;A01;3;7;0;0;1;1;0;
202000039919;154 672 211;A01;1;7;0;1;3;2;1;
202000039920;154 672 209;A01;2;7;0;2;2;5;1;
202000039920;154 672 210;B01;1;7;0;2;3;1;1;
202000039921;154 672 207;A01;2;2;0;4;7;26;1;
202000039921;154 672 208;B01;1;39;0;2;1;1;0;
202000039922;154 672 205;B01;1;17;0;2;1;1;1;
202000039922;154 672 206;A01;2;7;0;2;1;1;1;
202000039923;154 672 203;A01;1;7;0;0;0;5;0;
202000039923;154 672 204;B01;1;7;13;0;0;21;1;
202000039924;154 672 201;B01;1;7;0;2;3;1;1;
202000039924;154 672 202;A01;2;7;13;0;7;1;1;
202000039925;154 672 200;A01;2;17;3;0;2;1;1;
202000039926;154 672 199;A01;1;7;4;0;1;17;1;
202000039927;154 672 195;B01;1;10;0;2;3;15;1;
202000039927;154 672 196;A01;1;7;13;2;7;17;1;
202000039928;154 672 194;A01;2;7;0;0;9;1;1;
202000039929;154 672 192;A01;0;2;0;2;1;1;1;
202000039929;154 672 193;B01;0;7;0;2;2;1;1;
202000039930;154 672 191;A01;3;1;0;0;0;1;5;
202000039931;154 672 187;A01;2;7;0;2;1;5;1;
202000039931;154 672 188;D01;1;10;0;2;1;1;1;
202000039931;154 672 189;C01;1;7;0;2;1;1;1;
202000039931;154 672 190;B01;1;7;16;0;9;21;1;
202000039932;154 672 185;B01;1;33;0;2;1;21;1;
202000039932;154 672 186;A01;2;7;0;9;4;17;6;
202000039933;154 672 183;A01;2;33;0;2;8;3;1;
202000039933;154 672 184;Z01;2;7;0;0;0;0;0;
202000039934;154 672 180;C01;1;10;0;2;1;2;1;
202000039934;154 672 181;B01;1;10;0;2;4;2;1;
202000039934;154 672 182;A01;1;10;0;2;4;2;1;
202000039935;154 672 179;A01;2;7;0;0;5;1;1;
202000039936;154 672 176;A01;2;10;0;2;1;2;1;
202000039936;154 672 177;B01;2;7;0;2;4;2;1;
202000039936;154 672 178;C01;2;10;0;2;4;2;0;
202000039937;154 672 175;A01;2;7;15;0;1;13;1;
202000039938;154 672 174;A01;1;7;0;0;1;14;1;
202000039939;154 672 173;A01;3;30;0;0;2;26;1;
202000039940;154 672 171;A01;1;7;0;2;4;23;1;
202000039940;154 672 172;B01;1;7;1;0;1;2;0;
202000039941;154 672 169;B01;1;2;0;9;1;5;0;
202000039941;154 672 170;A01;2;1;0;2;1;2;5;
202000039942;154 672 167;A01;1;7;0;2;1;21;1;
202000039942;154 672 168;B01;1;7;0;2;2;6;1;
202000039943;154 672 166;A01;3;1;0;2;3;16;0;
202000039944;154 672 165;A01;2;0;0;9;0;26;0;
202000039945;154 672 163;A01;3;7;0;2;5;16;1;
202000039945;154 672 164;B01;0;33;0;2;3;7;1;
202000039946;154 672 161;A01;2;7;0;2;7;15;1;
202000039946;154 672 162;B01;2;7;0;2;1;2;1;
202000039947;154 672 160;A01;0;10;0;1;1;1;1;
202000039948;154 672 158;A01;1;7;0;2;6;15;0;
202000039948;154 672 159;B01;1;7;0;2;1;1;0;
202000039949;154 672 156;B01;1;7;0;2;1;9;1;
202000039949;154 672 157;A01;1;7;0;2;9;1;1;
202000039950;154 672 155;A01;0;7;2;0;3;1;1;
202000039951;154 672 154;A01;1;30;0;0;8;1;1;
202000039952;154 672 152;A01;0;7;0;0;3;9;1;
202000039952;154 672 153;B01;0;1;0;0;0;0;5;
202000039953;154 672 150;Z01;1;7;0;2;7;1;1;
202000039953;154 672 151;B01;1;7;0;2;3;1;0;
202000039954;154 672 149;A01;3;7;0;1;1;26;0;
202000039955;154 672 148;A01;2;7;0;1;3;15;1;
202000039956;154 672 147;A01;2;1;0;1;7;1;5;
202000039957;154 672 146;A01;1;30;1;0;1;21;1;
202000039958;154 672 145;A01;3;7;2;0;1;1;1;
202000039959;154 672 144;Z01;2;2;0;1;0;17;0;
202000039960;154 672 142;B01;1;7;0;2;3;13;1;
202000039960;154 672 143;A01;1;30;0;2;2;17;1;
202000039961;154 672 140;B01;2;7;0;2;7;1;1;
202000039961;154 672 141;A01;2;1;0;2;3;9;5;
202000039962;154 672 138;B01;1;7;0;2;6;23;1;
202000039962;154 672 139;A01;1;7;0;2;1;1;1;
202000039963;154 672 137;A01;3;7;6;0;1;13;1;
202000039964;154 672 135;A01;1;99;0;2;5;1;1;
202000039964;154 672 136;B01;1;7;0;2;6;1;1;
202000039965;154 672 134;A01;2;7;0;1;3;1;1;
202000039966;154 672 133;A01;1;7;0;1;1;15;0;
202000039967;154 672 132;A01;3;7;0;1;1;1;0;
202000039968;154 672 130;B01;2;7;0;2;1;2;1;
202000039968;154 672 131;A01;2;33;0;2;4;1;1;
202000039969;154 672 128;A01;1;7;0;2;3;15;1;
202000039969;154 672 129;B01;1;2;0;2;1;5;1;
202000039970;154 672 127;Z01;1;99;0;1;0;26;0;
202000039971;154 672 126;A01;1;10;0;1;1;26;1;
202000039972;154 672 123;C01;-1;7;1;2;1;6;1;
202000039972;154 672 124;B01;1;7;0;2;1;24;1;
202000039972;154 672 125;A01;-1;7;0;2;3;23;1;
202000039973;154 672 122;A01;3;7;2;1;2;26;1;
202000039974;154 672 121;A01;1;37;0;1;1;1;1;1
202000039975;154 672 120;B01;2;2;0;2;8;1;1;
202000039976;154 672 119;A01;3;32;12;0;2;15;1;
202000039977;154 672 117;B01;1;10;0;2;1;2;6;
202000039977;154 672 118;A01;2;7;0;2;3;15;0;
202000039978;154 672 115;A01;2;33;0;2;5;26;1;
202000039978;154 672 116;B01;2;7;0;2;2;1;1;
202000039979;154 672 113;B01;2;7;0;2;3;1;1;
202000039979;154 672 114;A01;1;7;0;2;8;6;2;
202000039980;154 672 112;A01;2;7;16;0;9;15;1;
202000039981;154 672 109;A01;1;10;0;2;3;17;1;
202000039981;154 672 110;B01;1;7;0;0;3;2;1;
202000039981;154 672 111;C01;2;15;0;0;3;2;1;
202000039982;154 672 107;B01;2;1;0;0;4;1;5;
202000039982;154 672 108;A01;2;7;0;0;2;1;1;
202000039983;154 672 106;A01;1;7;9;0;3;1;1;
202000039984;154 672 105;A01;2;33;0;0;1;1;1;
202000039985;154 672 103;A01;2;36;0;2;1;13;1;
202000039985;154 672 104;B01;1;7;0;2;1;1;3;
202000039986;154 672 101;A01;2;33;0;2;1;17;1;
202000039986;154 672 102;B01;1;7;0;2;1;1;1;
202000039987;154 672 100;A01;1;33;0;2;2;1;1;
202000039988;154 672 099;A01;2;7;13;0;1;1;1;
202000039989;154 672 098;A01;1;7;2;0;3;0;1;
202000039990;154 672 096;B01;1;14;0;2;1;1;1;
202000039990;154 672 097;A01;2;7;0;2;1;5;1;
202000039991;154 672 094;A01;1;7;0;2;6;1;1;
202000039991;154 672 095;B01;1;33;0;2;7;21;1;
202000039992;154 672 092;B01;3;7;8;2;7;19;1;
202000039992;154 672 093;A01;0;33;0;2;1;19;1;
202000039993;154 672 090;B01;2;7;0;0;6;1;1;
202000039993;154 672 091;A01;2;32;0;2;1;2;1;
202000039994;154 672 089;A01;0;7;0;1;3;20;0;
202000039995;154 672 087;B01;1;7;0;2;3;1;1;
202000039995;154 672 088;A01;2;7;0;2;3;13;1;
202000039996;154 672 085;A01;1;33;0;2;1;1;1;
202000039996;154 672 086;B01;1;33;0;2;4;1;1;
202000039997;154 672 083;A01;2;7;0;2;2;9;0;
202000039997;154 672 084;B01;2;7;0;2;1;1;0;
202000039998;154 672 082;A01;0;2;0;0;0;1;1;
202000039999;154 672 080;B01;2;33;0;2;8;1;0;
202000039999;154 672 081;A01;2;33;0;2;7;1;0;
202000040000;154 672 079;A01;1;1;0;0;0;16;5;
202000040001;154 672 077;A01;0;7;0;4;7;0;0;
202000040001;154 672 078;B01;3;39;0;2;1;1;6;
202000040002;154 672 076;A01;3;21;0;9;0;1;1;
202000040003;154 672 075;A01;1;7;12;1;2;16;1;
202000040004;154 672 074;A01;2;31;6;0;2;1;1;
202000040005;154 672 072;B01;1;15;0;2;4;2;1;
202000040005;154 672 073;A01;1;7;0;2;1;2;1;
202000040006;154 672 069;B01;2;1;0;2;2;1;5;
202000040006;154 672 070;A01;2;7;0;9;3;1;1;
202000040007;154 672 068;A01;1;10;4;0;8;1;1;
202000040008;154 672 067;A01;0;31;0;1;7;1;0;
202000040009;154 672 064;C01;1;7;0;2;2;21;1;
202000040009;154 672 065;B01;1;7;0;2;4;23;1;
202000040009;154 672 066;A01;1;7;0;2;4;23;1;
202000040010;154 672 062;A01;1;7;0;0;3;10;1;
202000040010;154 672 063;B01;1;33;0;2;1;1;1;
202000040011;154 672 061;A01;2;7;7;0;1;15;1;
202000040012;154 672 060;A01;3;2;0;0;0;1;1;
202000040013;154 672 058;A01;1;7;0;2;3;15;1;
202000040013;154 672 059;B01;2;2;0;2;1;5;1;
202000040014;154 672 057;A01;2;7;8;0;1;17;1;
202000040015;154 672 056;A01;2;7;2;0;8;1;1;
202000040016;154 672 054;A01;3;7;0;2;2;1;1;
202000040016;154 672 055;B01;3;99;0;2;3;1;2;
202000040017;154 672 053;A01;3;2;0;0;7;1;1;
202000040018;154 672 052;A01;1;7;13;0;8;0;1;
202000040019;154 672 051;A01;0;2;0;0;0;1;1;
202000040020;154 672 049;A01;2;7;0;2;2;2;1;
202000040020;154 672 050;B01;2;7;0;2;6;1;1;
202000040021;154 672 048;A01;1;10;0;2;3;16;1;
202000040022;154 672 045;C01;2;7;0;2;4;2;1;
202000040022;154 672 046;B01;2;7;0;2;4;2;1;
202000040022;154 672 047;A01;2;7;0;2;1;2;1;
202000040023;154 672 044;A01;1;7;0;0;9;1;1;
202000040024;154 672 042;B01;2;7;0;2;3;9;0;
202000040024;154 672 043;A01;2;7;0;2;3;1;0;
202000040025;154 672 041;A01;2;7;4;0;1;14;1;
202000040026;154 672 039;B01;1;7;0;2;1;0;1;
202000040026;154 672 040;A01;1;7;0;2;4;0;1;
202000040027;154 672 037;B01;2;7;0;2;4;2;1;
202000040027;154 672 038;A01;2;7;0;2;1;2;1;
202000040028;154 672 034;B01;1;7;0;2;1;2;1;
202000040028;154 672 035;C01;1;7;0;2;1;2;1;
202000040028;154 672 036;A01;1;7;0;2;1;2;1;
202000040029;154 672 031;C01;2;7;0;2;4;2;1;
202000040029;154 672 032;B01;2;32;0;2;1;2;1;
202000040029;154 672 033;A01;2;33;0;2;1;2;1;
202000040030;154 672 029;A01;1;7;0;2;1;1;1;
202000040030;154 672 030;B01;1;7;0;2;4;2;1;
202000040031;154 672 028;A01;1;15;3;0;3;2;1;
202000040032;154 672 026;A01;2;7;0;2;1;12;1;
202000040032;154 672 027;B01;2;14;0;2;4;1;1;
202000040033;154 672 024;B01;2;33;0;2;5;1;1;
202000040033;154 672 025;A01;2;7;0;2;2;9;1;
202000040034;154 672 022;A01;2;37;0;2;3;1;1;1
202000040034;154 672 023;B01;1;7;0;2;6;1;1;
202000040035;154 672 021;A01;1;7;1;0;1;26;1;
202000040036;154 672 019;A01;1;7;0;2;2;15;1;
202000040036;154 672 020;B01;2;2;0;2;1;1;1;
202000040037;154 672 017;B01;2;1;0;2;1;1;5;
202000040037;154 672 018;A01;2;7;0;2;8;1;1;
202000040038;154 672 015;A01;1;7;0;2;1;2;1;
202000040038;154 672 016;B01;1;7;0;0;4;23;1;
202000040039;154 672 013;B01;1;33;0;2;0;21;1;
202000040039;154 672 014;A01;1;7;0;2;0;15;1;
202000040040;154 672 012;A01;3;7;0;1;4;20;1;
202000040041;154 672 009;C01;0;7;0;2;4;23;0;
202000040041;154 672 010;B01;0;7;0;2;5;23;1;
202000040041;154 672 011;A01;0;7;0;2;3;2;1;
202000040042;154 672 006;A01;3;7;0;2;1;9;1;
202000040042;154 672 007;B01;3;7;0;2;1;1;1;
202000040042;154 672 008;C01;3;7;0;2;2;1;1;
202000040043;154 672 005;A01;2;7;1;0;9;13;1;
202000040044;154 672 003;B01;1;7;0;2;7;1;1;
202000040044;154 672 004;A01;1;7;0;2;8;13;1;
202000040045;154 672 002;A01;2;14;0;1;5;0;1;
202000040046;154 672 001;A01;1;33;8;0;1;13;1;
202000040047;154 671 999;B01;3;10;0;2;8;10;1;
202000040047;154 672 000;A01;1;7;0;2;1;1;1;
202000040048;154 671 998;A01;2;10;4;0;3;13;1;
202000040049;154 671 995;C01;2;7;0;2;3;1;1;
202000040049;154 671 996;B01;2;7;0;2;1;1;1;
202000040049;154 671 997;A01;1;7;0;2;1;5;1;
202000040050;154 671 992;A01;2;7;0;2;1;1;1;
202000040050;154 671 993;B01;2;7;0;2;4;2;1;
202000040050;154 671 994;C01;2;10;0;2;4;0;1;
202000040051;154 671 990;A01;1;7;0;2;3;13;1;
202000040051;154 671 991;B01;1;7;0;2;3;1;1;
202000040052;154 671 988;A01;2;43;0;2;7;3;1;
202000040052;154 671 989;B01;2;7;0;2;4;23;1;
202000040053;154 671 985;C01;2;7;0;2;4;1;1;
202000040053;154 671 986;B01;2;33;0;2;5;3;1;
202000040053;154 671 987;A01;2;7;0;2;3;13;1;
202000040054;154 671 983;A01;2;7;0;2;6;18;1;
202000040054;154 671 984;B01;2;17;0;2;7;12;1;
202000040055;154 671 982;A01;2;17;4;0;2;14;1;
202000040056;154 671 980;B01;2;33;0;2;7;3;1;
202000040056;154 671 981;A01;2;7;0;2;8;11;1;
202000040057;154 671 978;A01;2;7;0;2;3;11;1;
202000040057;154 671 979;B01;2;7;0;2;4;17;1;
202000040058;154 671 976;B01;1;7;0;2;4;11;1;
202000040058;154 671 977;A01;1;33;0;2;4;3;1;
202000040059;154 671 970;A01;2;7;0;2;2;1;1;
202000040059;154 671 971;B01;2;7;0;2;6;11;1;
202000040059;154 671 972;C01;2;10;0;2;7;1;1;
202000040059;154 671 973;D01;2;7;0;2;6;1;1;
202000040059;154 671 974;E01;2;7;0;2;6;1;1;
202000040059;154 671 975;F01;2;10;0;2;6;1;1;
202000040060;154 671 968;B01;2;7;0;2;1;1;1;
202000040060;154 671 969;A01;1;7;1;2;1;13;1;
202000040061;154 671 967;A01;2;7;0;1;1;1;1;
202000040062;154 671 966;A01;1;7;14;0;9;6;1;
202000040063;154 671 965;A01;3;32;0;0;0;26;1;
202000040064;154 671 963;A01;1;99;0;2;1;11;3;
202000040064;154 671 964;B01;1;7;0;9;6;16;1;
202000040065;154 671 962;A01;3;38;0;1;3;17;0;1
202000040066;154 671 960;A01;1;30;0;2;7;1;1;
202000040066;154 671 961;B01;1;7;0;2;1;1;1;
202000040067;154 671 958;B01;2;1;0;2;0;0;5;
202000040067;154 671 959;A01;3;7;0;2;3;26;1;
202000040068;154 671 957;A01;3;7;15;1;4;20;1;
202000040069;154 671 956;A01;1;7;9;0;2;1;1;
202000040070;154 671 953;C01;2;7;0;2;1;1;1;
202000040070;154 671 954;B01;1;7;0;2;1;1;1;
202000040070;154 671 955;A01;1;7;0;2;6;15;1;
202000040071;154 671 950;A01;1;7;0;2;1;26;1;
202000040071;154 671 951;B01;1;7;0;2;4;26;1;
202000040071;154 671 952;C01;1;7;0;2;4;26;1;
202000040072;154 671 948;B01;2;10;0;2;2;1;1;
202000040072;154 671 949;A01;2;34;0;2;3;3;1;
202000040073;154 671 946;A01;3;7;0;2;2;19;1;
202000040073;154 671 947;B01;3;60;0;2;8;1;5;
202000040074;154 671 945;A01;3;7;12;0;1;2;0;
202000040075;154 671 942;A01;3;15;0;2;1;2;0;
202000040075;154 671 943;B01;3;7;0;2;4;2;0;
202000040075;154 671 944;C01;3;7;0;2;4;2;0;
202000040076;154 671 940;B01;1;7;0;2;3;1;1;
202000040076;154 671 941;A01;1;7;0;2;1;1;1;
202000040077;154 671 937;A01;3;10;0;2;1;5;1;
202000040077;154 671 938;B01;3;14;0;2;1;1;1;
202000040078;154 671 934;A01;0;7;0;2;4;10;1;
202000040078;154 671 935;B01;0;33;0;2;1;1;1;
202000040079;154 671 933;A01;2;7;9;0;2;14;1;
202000040080;154 671 931;A01;0;1;0;2;0;25;5;
202000040080;154 671 932;B01;0;7;0;2;1;1;1;
202000040081;154 671 928;A01;3;7;0;1;3;1;1;
202000040082;154 671 927;A01;0;7;0;1;1;0;1;
202000040083;154 671 925;B01;1;7;0;2;8;15;0;
202000040083;154 671 926;A01;1;33;6;2;1;17;0;
202000040084;154 671 924;A01;2;20;0;1;1;26;1;
202000040085;154 671 920;A01;1;7;0;2;1;2;1;
202000040085;154 671 921;B01;1;7;0;2;4;2;1;
202000040085;154 671 922;C01;1;7;0;2;6;2;1;
202000040085;154 671 923;D01;1;7;0;2;4;2;1;
202000040086;154 671 918;B01;1;7;0;2;4;2;1;
202000040086;154 671 919;A01;1;30;0;2;1;2;1;
202000040087;154 671 916;B01;1;7;0;2;4;1;1;
202000040087;154 671 917;A01;1;7;0;2;1;2;1;
202000040088;154 671 914;A01;1;10;0;2;8;15;1;
202000040088;154 671 915;B01;1;2;0;2;2;2;1;
202000040089;154 671 913;A01;2;7;0;1;2;1;1;
202000040090;154 671 911;B01;3;31;0;2;1;1;1;
202000040090;154 671 912;A01;1;7;0;2;1;1;1;
202000040091;154 671 910;A01;0;7;0;1;3;1;1;
202000040092;154 671 908;B01;2;15;0;2;3;14;1;
202000040092;154 671 909;A01;1;7;0;2;3;26;1;
202000040093;154 671 906;A01;1;7;0;2;2;13;1;
202000040093;154 671 907;B01;2;10;0;2;1;1;1;
202000040094;154 671 904;B01;2;7;0;2;4;2;1;
202000040094;154 671 905;A01;2;7;0;2;1;2;1;
202000040095;154 671 903;A01;0;7;6;0;1;1;1;
202000040096;154 671 901;A01;1;7;0;2;3;0;1;
202000040096;154 671 902;B01;1;32;0;2;1;0;1;
202000040097;154 671 899;B01;1;31;0;2;1;0;1;
202000040097;154 671 900;A01;1;7;0;2;3;0;1;
202000040098;154 671 897;B01;1;1;0;2;1;0;5;
202000040098;154 671 898;A01;1;7;0;2;1;0;1;
202000040099;154 671 895;A01;1;7;0;2;2;15;1;
202000040099;154 671 896;B01;0;2;0;0;0;0;1;
202000040100;154 671 893;B01;2;7;0;2;0;1;0;
202000040100;154 671 894;A01;1;10;0;2;1;15;1;
202000040101;154 671 889;B01;1;7;0;2;4;23;1;
202000040101;154 671 890;D01;1;7;0;2;4;23;1;
202000040101;154 671 891;A01;1;7;0;2;1;2;1;
202000040101;154 671 892;C01;1;7;0;2;4;23;1;
202000040102;154 671 888;A01;1;31;0;1;1;1;1;
202000040103;154 671 885;A01;2;2;0;0;0;1;1;
202000040104;154 671 882;C01;2;7;1;2;4;24;6;
202000040104;154 671 883;A01;1;7;0;2;3;9;1;
202000040104;154 671 884;B01;2;7;0;2;2;1;1;
202000040105;154 671 881;A01;1;7;2;0;1;9;1;
202000040106;154 671 880;A01;1;7;13;0;9;15;1;
202000040107;154 671 878;B01;1;7;0;0;4;2;1;
202000040107;154 671 879;A01;1;7;0;2;1;2;1;
202000040108;154 671 873;B01;1;7;0;2;1;1;0;
202000040108;154 671 874;A01;3;7;0;2;8;10;0;
202000040109;154 671 872;A01;3;7;0;1;1;1;1;
202000040110;154 671 871;A01;3;7;1;0;1;1;1;
202000040111;154 671 869;B01;2;33;0;2;1;1;1;
202000040111;154 671 870;A01;2;7;0;2;3;19;1;
202000040112;154 671 867;B01;0;7;0;2;5;2;6;
202000040112;154 671 868;A01;0;7;0;2;5;15;6;
202000040113;154 671 865;A01;2;7;0;2;2;1;1;
202000040113;154 671 866;B01;3;1;0;2;7;19;5;
202000040114;154 671 863;A01;2;7;0;2;2;15;1;
202000040114;154 671 864;B01;2;10;0;2;7;1;1;
202000040115;154 671 862;Z01;0;7;0;1;0;26;1;
202000040116;154 671 860;B01;2;31;0;2;2;1;0;
202000040116;154 671 861;A01;1;7;0;2;3;11;0;
202000040117;154 671 858;B01;2;7;0;2;3;1;1;
202000040117;154 671 859;A01;1;7;1;2;3;13;1;
202000040118;154 671 857;A01;1;7;0;1;0;9;0;
202000040119;154 671 855;A01;1;7;0;2;3;15;1;
202000040119;154 671 856;B01;2;34;0;2;1;1;1;
202000040120;154 671 853;A01;0;7;0;2;5;15;1;
202000040120;154 671 854;B01;0;33;0;2;1;1;1;
202000040121;154 671 852;A01;3;30;0;0;0;1;1;
202000040122;154 671 849;B01;1;7;0;2;1;2;1;
202000040122;154 671 850;C01;1;7;0;2;1;2;2;
202000040122;154 671 851;A01;1;7;0;2;4;2;1;
202000040123;154 671 847;B01;3;7;0;2;1;2;1;
202000040123;154 671 848;A01;3;7;0;2;2;15;1;
202000040124;154 671 844;A01;0;7;0;2;5;15;1;
202000040124;154 671 845;B01;0;34;0;2;1;0;1;
202000040125;154 671 842;A01;2;33;0;2;1;12;1;
202000040125;154 671 843;B01;2;7;0;2;5;1;1;
202000040126;154 671 839;A01;2;7;0;2;2;12;1;
202000040126;154 671 840;C01;2;43;0;2;2;3;1;
202000040126;154 671 841;B01;2;7;0;2;6;1;1;
202000040127;154 671 838;A01;1;7;0;1;1;1;1;
202000040128;154 671 837;A01;1;14;0;1;1;1;6;
202000040129;154 671 835;B01;1;31;0;2;1;1;1;
202000040129;154 671 836;A01;1;7;0;2;7;15;1;
202000040130;154 671 833;B01;2;33;0;2;0;1;1;
202000040130;154 671 834;A01;3;1;0;2;3;15;5;
202000040131;154 671 831;B01;1;34;0;2;4;23;1;
202000040131;154 671 832;A01;1;43;0;2;1;2;1;
202000040132;154 671 830;A01;1;33;0;0;7;18;1;
202000040133;154 671 829;A01;2;33;14;0;2;14;1;
202000040134;154 671 827;A01;1;42;0;2;1;17;1;
202000040134;154 671 828;B01;1;7;0;2;3;15;2;
202000040135;154 671 825;B01;2;1;0;2;1;1;5;
202000040135;154 671 826;A01;2;43;0;2;3;1;1;
202000040136;154 671 823;B01;1;33;0;2;8;1;1;
202000040136;154 671 824;A01;1;7;14;2;7;14;1;
202000040137;154 671 822;A01;1;37;0;1;2;2;2;1
202000040138;154 671 821;A01;2;7;0;1;2;16;1;
202000040139;154 671 819;A01;1;32;0;2;3;14;1;
202000040139;154 671 820;B01;1;7;0;2;5;23;2;
202000040140;154 671 817;Z01;1;7;0;2;2;14;1;
202000040140;154 671 818;A01;1;30;0;2;3;1;3;
202000040141;154 671 816;A01;2;10;0;1;3;15;1;
202000040142;154 671 815;A01;1;1;0;1;1;5;5;
202000040143;154 671 813;B01;1;7;0;2;5;23;1;
202000040143;154 671 814;A01;1;32;0;2;1;2;1;
202000040144;154 671 812;A01;1;43;14;0;7;17;1;
202000040145;154 671 811;A01;2;1;12;0;2;14;5;
202000040146;154 671 810;A01;2;42;0;0;7;1;1;
202000040147;154 671 808;B01;2;7;0;2;4;2;1;
202000040147;154 671 809;A01;2;7;0;2;1;2;1;
202000040148;154 671 806;A01;2;7;0;2;7;1;1;
202000040148;154 671 807;B01;1;34;0;2;1;16;1;
202000040149;154 671 805;A01;1;10;0;1;2;26;1;
202000040150;154 671 804;A01;1;30;0;1;3;21;0;
202000040151;154 671 802;A01;1;7;0;2;1;26;1;
202000040151;154 671 803;B01;1;7;0;0;4;20;1;
202000040152;154 671 800;A01;2;32;0;2;1;3;1;
202000040152;154 671 801;B01;2;10;0;2;4;12;1;
202000040153;154 671 798;B01;1;7;0;2;8;0;1;
202000040153;154 671 799;A01;1;7;0;2;0;0;1;
202000040154;154 671 797;A01;1;30;0;2;8;1;1;
202000040155;154 671 795;A01;3;99;0;9;1;10;0;
202000040155;154 671 796;B01;3;32;0;2;8;12;0;
202000040156;154 671 793;A01;1;7;0;2;6;10;1;
202000040156;154 671 794;B01;1;32;0;2;1;1;1;
202000040157;154 671 792;A01;1;7;0;1;3;19;1;
202000040158;154 671 790;A01;1;33;0;2;1;13;1;
202000040158;154 671 791;B01;2;7;0;2;3;19;1;
202000040159;154 671 788;B01;1;7;0;2;3;1;1;
202000040159;154 671 789;A01;1;14;0;2;3;14;1;
202000040160;154 671 786;B01;1;50;0;2;0;0;3;
202000040160;154 671 787;A01;2;7;0;9;7;16;1;
202000040161;154 671 785;A01;1;7;0;1;7;16;1;
202000040162;154 671 783;B01;0;30;0;2;1;1;1;
202000040162;154 671 784;A01;0;7;1;2;1;9;1;
202000040163;154 671 781;B01;3;33;0;2;8;1;1;
202000040163;154 671 782;A01;3;7;0;2;1;19;1;
202000040164;154 671 779;B01;1;7;0;2;6;2;0;
202000040164;154 671 780;A01;1;2;0;2;1;1;1;
202000040165;154 671 775;B01;2;7;0;2;8;1;1;
202000040165;154 671 776;A01;1;7;0;2;8;5;1;
202000040166;154 671 774;A01;2;7;2;0;1;1;1;
202000040167;154 671 772;A01;2;7;7;2;3;5;1;
202000040167;154 671 773;B01;1;10;0;2;3;1;1;
202000040168;154 671 770;B01;1;7;0;2;2;0;1;
202000040168;154 671 771;A01;2;7;2;2;9;0;1;
202000040169;154 671 768;B01;1;7;0;9;8;20;1;
202000040169;154 671 769;A01;1;2;0;2;1;17;1;
202000040170;154 671 766;B01;2;7;0;1;0;23;1;
202000040170;154 671 767;A01;2;15;0;2;2;1;1;
202000040171;154 671 764;B01;0;7;7;0;1;1;1;