num_acc;id_vehicule;num_veh;senc;catv;obs;obsm;choc;manv;motor;occutc
202000040171;154 671 765;A01;0;17;0;0;0;1;1;
202000040172;154 671 763;A01;3;1;16;0;0;0;5;
202000040173;154 671 761;A01;2;7;0;2;8;15;1;
202000040173;154 671 762;B01;1;7;0;2;1;1;1;
202000040174;154 671 759;B01;2;7;0;2;1;1;1;
202000040174;154 671 760;A01;3;36;0;2;2;26;1;
202000040175;154 671 757;B01;1;1;0;2;3;2;5;
202000040175;154 671 758;A01;1;7;0;9;2;17;1;
202000040176;154 671 755;B01;3;33;0;2;1;1;1;
202000040176;154 671 756;A01;3;7;0;2;3;15;1;
202000040177;154 671 752;A01;1;7;0;2;1;1;1;
202000040177;154 671 753;B01;1;1;0;0;4;1;5;
202000040177;154 671 754;C01;1;1;0;0;4;1;5;
202000040178;154 671 751;A01;0;7;15;0;2;1;1;
202000040179;154 671 749;A01;1;7;0;0;3;17;1;
202000040179;154 671 750;B01;1;33;0;2;1;17;1;
202000040180;154 671 747;A01;2;7;0;2;2;17;1;
202000040180;154 671 748;B01;2;7;8;0;4;15;1;
202000040181;154 671 745;A01;2;7;0;2;1;2;1;
202000040181;154 671 746;B01;2;7;0;0;4;15;1;
202000040182;154 671 743;B01;2;7;0;2;3;1;1;
202000040182;154 671 744;A01;2;7;0;0;4;23;1;
202000040183;154 671 741;A01;2;7;0;2;5;15;1;
202000040183;154 671 742;B01;1;7;0;2;1;1;1;
202000040184;154 671 739;A01;2;7;8;0;7;1;1;
202000040185;154 671 736;A01;2;32;0;2;6;19;0;
202000040185;154 671 737;C01;1;7;0;2;3;23;0;
202000040185;154 671 738;B01;1;33;0;2;1;1;0;
202000040186;154 671 733;C01;1;33;0;2;1;1;1;
202000040186;154 671 734;B01;1;33;0;2;1;1;1;
202000040186;154 671 735;A01;2;7;0;2;3;13;1;
202000040187;154 671 731;A01;1;7;0;2;8;19;1;
202000040187;154 671 732;B01;1;7;0;2;2;1;1;
202000040188;154 671 730;A01;1;7;2;0;1;1;1;
202000040189;154 671 729;A01;2;7;0;1;7;1;1;
202000040190;154 671 726;B01;2;7;0;2;1;1;1;
202000040190;154 671 727;A01;1;7;0;2;2;1;1;
202000040191;154 671 725;A01;1;7;3;0;2;1;1;
202000040192;154 671 722;C01;1;7;0;2;8;1;1;
202000040192;154 671 723;B01;1;15;0;2;8;1;1;
202000040192;154 671 724;A01;2;10;0;2;3;13;1;
202000040193;154 671 721;A01;2;7;13;0;2;0;1;
202000040194;154 671 719;A01;2;7;0;2;3;11;1;
202000040194;154 671 720;B01;2;7;0;2;0;1;1;
202000040195;154 671 718;A01;0;99;0;1;0;21;0;
202000040196;154 671 716;B01;2;7;0;2;7;13;1;
202000040196;154 671 717;A01;1;7;0;2;1;0;1;
202000040197;154 671 715;A01;1;33;13;0;1;1;1;
202000040198;154 671 713;B01;3;10;0;2;3;15;1;
202000040198;154 671 714;A01;3;2;0;2;1;1;1;
202000040199;154 671 712;A01;1;33;0;0;7;1;1;
202000040200;154 671 711;A01;1;7;2;0;5;1;1;
202000040201;154 671 709;B01;0;7;0;2;8;2;0;
202000040201;154 671 710;A01;0;2;0;2;1;2;0;
202000040202;154 671 707;B01;1;60;0;2;1;19;5;
202000040202;154 671 708;A01;1;7;0;0;2;1;1;
202000040203;154 671 704;B01;2;30;0;2;7;1;1;
202000040203;154 671 705;A01;1;7;0;2;3;15;1;
202000040204;154 671 703;A01;1;7;3;0;1;26;1;
202000040205;154 671 701;B01;1;7;0;2;2;1;1;
202000040205;154 671 702;A01;2;7;0;2;7;17;1;
202000040206;154 671 700;A01;2;7;16;0;1;16;1;
202000040207;154 671 699;A01;1;10;2;0;1;0;1;
202000040208;154 671 696;C01;2;13;0;2;1;1;1;
202000040208;154 671 697;B01;2;7;0;2;1;1;1;
202000040208;154 671 698;A01;2;7;0;2;4;1;1;
202000040209;154 671 695;A01;2;7;7;0;1;14;1;
202000040210;154 671 692;C01;1;7;0;2;4;2;1;
202000040210;154 671 693;B01;1;7;0;2;4;2;1;
202000040210;154 671 694;A01;1;10;0;2;1;2;1;
202000040211;154 671 690;B01;2;99;0;2;5;0;1;
202000040211;154 671 691;A01;2;14;0;2;2;1;1;
202000040212;154 671 689;A01;2;7;0;0;9;1;1;
202000040213;154 671 687;B01;2;7;0;2;3;1;1;
202000040213;154 671 688;A01;2;7;0;2;5;12;1;
202000040214;154 671 684;A01;2;7;0;2;1;1;1;
202000040214;154 671 685;B01;2;7;0;2;1;2;1;
202000040214;154 671 686;C01;2;7;0;2;4;2;1;
202000040215;154 671 683;A01;2;7;4;0;1;1;1;
202000040216;154 671 681;B01;1;10;0;2;4;2;1;
202000040216;154 671 682;A01;1;33;0;2;1;2;1;
202000040217;154 671 679;A01;2;31;0;2;1;1;1;
202000040217;154 671 680;B01;2;7;0;2;7;1;1;
202000040218;154 671 677;B01;1;7;0;2;4;2;1;
202000040218;154 671 678;A01;1;7;0;2;1;2;1;
202000040219;154 671 674;A01;2;33;0;2;7;13;1;
202000040219;154 671 675;Z01;2;7;0;2;8;0;0;
202000040219;154 671 676;B01;2;10;0;2;8;13;1;
202000040220;154 671 672;B01;0;99;14;0;0;0;0;
202000040220;154 671 673;A01;3;7;0;2;3;19;1;
202000040221;154 671 670;C01;1;7;0;1;4;26;1;
202000040221;154 671 671;A01;1;7;14;2;1;26;1;
202000040222;154 671 668;A01;2;30;0;2;1;17;1;
202000040222;154 671 669;B01;1;10;0;2;1;15;1;
202000040223;154 671 666;Z01;2;7;0;2;3;15;1;
202000040223;154 671 667;B01;3;30;0;2;3;1;1;
202000040224;154 671 665;A01;3;7;0;1;6;4;1;
202000040225;154 671 661;D01;1;7;0;2;1;2;1;
202000040225;154 671 662;C01;3;7;0;2;1;2;1;
202000040225;154 671 663;B01;3;7;0;2;4;2;1;
202000040225;154 671 664;A01;3;7;0;2;1;2;1;
202000040226;154 671 660;A01;3;10;0;1;1;1;1;
202000040227;154 671 658;A01;3;33;0;2;8;21;0;
202000040227;154 671 659;B01;3;7;0;2;1;9;0;
202000040228;154 671 656;A01;1;7;0;2;2;9;0;
202000040228;154 671 657;B01;2;7;0;2;3;1;0;
202000040229;154 671 655;A01;3;7;0;1;1;20;0;
202000040230;154 671 654;A01;2;40;0;1;2;1;3;
202000040231;154 671 652;B01;1;50;0;2;1;1;3;
202000040231;154 671 653;A01;2;7;0;2;3;1;1;
202000040232;154 671 651;A01;1;0;0;1;1;1;0;
202000040233;154 671 649;A01;2;33;0;2;1;18;1;
202000040233;154 671 650;B01;2;7;0;2;5;1;0;
202000040234;154 671 647;B01;2;7;0;2;1;2;0;
202000040234;154 671 648;A01;1;7;0;2;1;1;1;
202000040235;154 671 645;A01;2;50;1;0;1;1;3;
202000040235;154 671 646;B01;1;7;1;2;2;0;1;
202000040236;154 671 644;A01;2;7;0;1;1;16;1;
202000040237;154 671 642;B01;2;1;1;0;1;1;5;
202000040237;154 671 643;A01;2;7;0;2;2;23;1;
202000040238;154 671 641;A01;2;33;12;0;0;1;1;
202000040239;154 671 640;A01;2;7;13;0;7;14;1;
202000040240;154 671 638;A01;2;7;0;2;1;2;1;
202000040240;154 671 639;B01;2;7;0;0;4;2;1;
202000040241;154 671 637;A01;1;7;2;0;3;13;1;
202000040242;154 671 636;A01;0;32;0;0;0;0;0;
202000040243;154 671 634;A01;2;7;13;2;2;16;1;
202000040243;154 671 635;B01;1;7;0;2;3;1;1;
202000040244;154 671 632;B01;2;7;0;2;1;1;1;
202000040244;154 671 633;A01;1;7;0;2;2;15;1;
202000040245;154 671 630;B01;2;14;0;2;6;23;1;
202000040245;154 671 631;A01;2;33;0;2;1;2;1;
202000040246;154 671 628;B01;2;7;0;2;1;1;1;
202000040246;154 671 629;A01;1;7;0;2;1;13;1;
202000040247;154 671 626;A01;3;7;0;2;8;1;1;
202000040247;154 671 627;B01;3;60;0;2;1;0;5;
202000040248;154 671 624;A01;1;14;0;2;2;17;1;
202000040248;154 671 625;B01;1;21;0;0;6;1;1;
202000040249;154 671 622;A01;2;31;0;2;1;26;1;
202000040249;154 671 623;B01;1;7;0;2;1;1;1;
202000040250;154 671 621;A01;2;7;2;0;1;1;1;
202000040251;154 671 619;B01;1;7;0;2;2;21;1;
202000040251;154 671 620;A01;1;7;0;0;6;1;1;
202000040252;154 671 617;B01;3;21;0;2;3;15;1;
202000040252;154 671 618;A01;1;33;0;2;2;1;1;
202000040253;154 671 616;A01;1;33;6;0;1;0;1;
202000040254;154 671 615;A01;3;2;9;0;1;26;1;
202000040255;154 671 612;B01;2;7;0;2;2;2;1;
202000040255;154 671 613;A01;2;7;0;2;4;2;1;
202000040256;154 671 611;A01;1;7;4;0;3;1;1;
202000040257;154 671 608;Z01;1;7;0;2;0;26;0;
202000040257;154 671 609;Y01;1;7;0;2;0;26;0;
202000040257;154 671 610;A01;1;7;0;2;1;1;1;
202000040258;154 671 607;A01;1;7;5;0;1;2;1;
202000040259;154 671 605;B01;2;7;0;2;2;1;1;
202000040259;154 671 606;A01;2;7;0;2;1;9;1;
202000040260;154 671 604;A01;2;10;13;0;3;1;1;
202000040261;154 671 603;A01;2;7;3;0;3;1;1;
202000040262;154 671 602;A01;2;7;0;0;1;1;1;
202000040263;154 671 598;A01;2;7;3;2;3;1;3;
202000040263;154 671 599;B01;2;7;3;2;4;2;0;
202000040263;154 671 600;C01;2;7;3;2;5;2;0;
202000040263;154 671 601;D01;2;7;0;2;4;1;1;
202000040264;154 671 597;A01;1;7;4;0;1;13;1;
202000040265;154 671 595;A01;1;7;0;2;4;0;1;
202000040265;154 671 596;B01;1;7;4;2;4;0;1;
202000040266;154 671 594;A01;1;7;4;0;1;13;1;
202000040267;154 671 593;A01;1;10;4;0;3;13;1;
202000040268;154 671 591;B01;2;7;0;2;3;1;1;
202000040268;154 671 592;A01;2;7;4;2;1;14;1;
202000040269;154 671 590;A01;2;7;0;0;9;13;1;
202000040270;154 671 589;A01;1;7;13;0;9;9;1;
202000040271;154 671 588;A01;1;31;2;0;1;0;1;
202000040272;154 671 586;A01;2;7;0;2;2;16;0;
202000040272;154 671 587;B01;2;2;0;2;8;1;0;
202000040273;154 671 585;A01;1;1;0;9;1;2;5;
202000040274;154 671 583;A01;3;7;11;2;1;15;1;
202000040274;154 671 584;B01;3;3;0;2;1;16;1;
202000040275;154 671 580;B01;1;7;3;2;5;23;0;
202000040275;154 671 581;A01;1;7;3;2;1;1;0;
202000040275;154 671 582;C01;1;7;3;0;4;23;0;
202000040276;154 671 578;A01;2;34;12;2;1;17;1;
202000040276;154 671 579;B01;2;7;0;2;3;1;1;
202000040277;154 671 576;A01;2;1;0;2;8;19;5;
202000040277;154 671 577;B01;2;37;0;2;0;1;1;1
202000040278;154 671 575;A01;2;7;4;0;1;13;1;
202000040279;154 671 574;A01;1;7;0;1;1;1;1;
202000040280;154 671 573;A01;1;7;0;0;9;1;0;
202000040281;154 671 571;A01;1;32;0;2;7;26;1;
202000040281;154 671 572;Z01;3;0;0;2;0;21;0;
202000040282;154 671 569;B01;1;99;0;2;8;15;1;
202000040282;154 671 570;A01;1;33;0;2;7;17;0;
202000040283;154 671 568;A01;1;7;0;1;2;1;1;
202000040284;154 671 567;A01;1;7;6;0;1;0;1;
202000040285;154 671 565;A01;3;1;0;2;4;15;6;
202000040285;154 671 566;Z01;3;7;0;2;1;2;0;
202000040286;154 671 564;A01;3;7;0;1;4;26;1;
202000040287;154 671 562;B01;0;37;0;0;0;0;2;1
202000040287;154 671 563;A01;0;1;0;2;1;5;5;
202000040288;154 671 560;A01;1;7;0;2;1;2;1;
202000040288;154 671 561;B01;1;31;0;2;4;2;1;
202000040289;154 671 558;A01;1;10;0;2;2;1;1;
202000040289;154 671 559;B01;1;2;0;2;3;1;1;
202000040290;154 671 556;A01;1;7;0;2;5;2;1;
202000040290;154 671 557;B01;1;30;0;2;4;2;1;
202000040291;154 671 555;A01;1;7;9;0;1;15;1;
202000040292;154 671 554;A01;2;7;0;0;7;14;1;
202000040293;154 671 552;A01;1;2;0;2;1;1;1;
202000040293;154 671 553;B01;1;7;0;2;1;1;1;
202000040294;154 671 550;B01;3;33;0;2;1;1;1;
202000040294;154 671 551;A01;3;7;0;2;8;19;1;
202000040295;154 671 548;B01;2;7;0;2;2;17;1;
202000040295;154 671 549;A01;2;7;0;0;6;1;1;
202000040296;154 671 545;A01;3;10;0;1;6;4;1;
202000040297;154 671 543;A01;1;7;0;2;4;2;1;
202000040297;154 671 544;B01;1;7;0;2;1;0;0;
202000040298;154 671 541;B01;1;1;0;2;7;1;5;
202000040298;154 671 542;A01;1;7;0;2;1;9;1;
202000040299;154 671 539;B01;1;7;0;2;1;1;1;
202000040299;154 671 540;A01;1;7;0;2;4;1;1;
202000040300;154 671 538;A01;2;7;5;0;1;14;1;
202000040301;154 671 537;A01;3;32;16;0;0;14;1;
202000040302;154 671 535;B01;1;33;0;2;1;1;1;
202000040302;154 671 536;A01;2;7;0;2;5;15;1;
202000040303;154 671 534;A01;2;32;0;1;1;1;1;
202000040304;154 671 533;A01;1;33;14;2;1;17;1;
202000040305;154 671 531;B01;0;2;0;2;9;0;1;
202000040305;154 671 532;A01;2;7;0;2;1;0;1;
202000040306;154 671 529;A01;2;7;0;2;8;15;1;
202000040306;154 671 530;B01;2;33;0;2;1;1;1;
202000040307;154 671 526;C01;3;30;0;2;1;1;1;
202000040307;154 671 527;B01;3;37;0;2;2;1;1;1
202000040307;154 671 528;A01;3;7;0;2;1;17;1;
202000040308;154 671 524;B01;0;7;0;2;6;1;1;
202000040308;154 671 525;A01;3;7;0;2;3;13;0;
202000040309;154 671 522;B01;2;7;0;2;1;1;0;
202000040309;154 671 523;A01;2;32;1;2;7;10;0;
202000040310;154 671 520;A01;1;7;0;2;1;13;1;
202000040310;154 671 521;B01;2;16;0;2;3;1;1;
202000040311;154 671 519;A01;1;50;1;0;2;14;3;
202000040312;154 671 517;A01;2;7;0;2;2;16;1;
202000040312;154 671 518;B01;2;1;0;2;1;1;5;
202000040313;154 671 516;A01;2;7;0;1;1;1;1;
202000040314;154 671 514;B01;1;7;0;2;3;1;2;
202000040314;154 671 515;A01;1;1;0;2;1;16;5;
202000040315;154 671 509;Z01;2;7;0;2;4;2;1;
202000040315;154 671 510;B01;2;1;0;2;4;2;5;
202000040316;154 671 507;A01;1;43;1;2;8;1;1;
202000040316;154 671 508;B01;1;7;0;2;1;1;3;
202000040317;154 671 505;B01;2;7;0;2;7;1;1;
202000040317;154 671 506;A01;2;50;0;2;8;1;3;
202000040318;154 671 503;B01;3;7;0;2;1;1;1;
202000040318;154 671 504;A01;3;7;0;2;3;1;1;
202000040319;154 671 501;B01;2;1;0;2;3;1;5;
202000040319;154 671 502;A01;1;50;0;2;3;5;3;
202000040320;154 671 498;C01;1;10;0;2;1;0;1;
202000040320;154 671 499;B01;1;7;0;2;1;1;1;
202000040320;154 671 500;A01;1;7;0;2;1;26;1;
202000040321;154 671 497;A01;2;7;7;1;1;12;2;
202000040322;154 671 496;A01;1;7;0;1;1;15;1;
202000040323;154 671 494;A01;3;99;0;2;1;1;5;
202000040323;154 671 495;B01;3;20;0;0;0;0;1;
202000040324;154 671 491;C01;2;7;0;2;4;1;0;
202000040324;154 671 492;B01;2;13;0;2;1;1;0;
202000040324;154 671 493;A01;2;7;0;2;4;1;0;
202000040325;154 671 490;A01;1;33;0;1;1;1;0;
202000040326;154 671 488;A01;0;10;0;2;1;1;1;
202000040326;154 671 489;B01;0;7;0;0;8;15;1;
202000040327;154 671 487;A01;1;33;2;0;0;1;1;
202000040328;154 671 486;A01;1;7;0;1;3;1;1;
202000040329;154 671 484;A01;2;7;0;2;3;19;1;
202000040329;154 671 485;B01;1;2;0;2;2;19;1;
202000040330;154 671 482;A01;3;36;0;2;2;0;0;
202000040330;154 671 483;B01;0;36;0;2;3;1;0;
202000040331;154 671 480;B01;1;7;0;2;1;1;1;
202000040331;154 671 481;A01;2;7;0;2;1;5;1;
202000040332;154 671 479;A01;3;33;8;0;1;1;1;
202000040333;154 671 477;A01;2;7;0;0;5;16;1;
202000040333;154 671 478;B01;2;2;8;2;1;1;1;
202000040334;154 671 475;A01;0;7;0;2;1;1;1;
202000040334;154 671 476;B01;0;7;0;2;1;13;1;
202000040335;154 671 474;A01;2;7;2;0;1;14;1;
202000040336;154 671 473;A01;1;7;6;0;8;1;1;
202000040337;154 671 471;B01;1;7;14;0;1;6;1;
202000040337;154 671 472;A01;1;7;0;0;8;1;1;
202000040338;154 671 469;B01;3;33;0;2;2;1;1;
202000040338;154 671 470;A01;3;7;0;0;6;1;1;
202000040339;154 671 468;A01;3;7;1;0;1;1;1;
202000040340;154 671 465;A01;2;10;0;2;4;1;1;
202000040340;154 671 466;B01;2;10;0;2;1;1;1;
202000040340;154 671 467;C01;1;7;3;2;3;1;1;
202000040341;154 671 464;A01;2;7;13;0;2;1;1;
202000040342;154 671 463;A01;1;7;0;1;2;21;1;
202000040343;154 671 461;A01;2;7;0;2;1;15;1;
202000040343;154 671 462;B01;1;7;0;2;2;1;1;
202000040344;154 671 460;A01;1;7;0;1;8;1;1;
202000040345;154 671 459;A01;2;7;0;0;9;1;1;
202000040346;154 671 458;A01;3;14;6;0;7;15;1;
202000040347;154 671 457;A01;2;7;13;0;9;1;1;
202000040348;154 671 455;B01;2;7;0;2;2;1;1;
202000040348;154 671 456;A01;1;7;0;2;2;13;1;
202000040349;154 671 454;A01;2;7;16;0;9;15;1;
202000040350;154 671 453;A01;1;7;12;0;2;1;1;
202000040351;154 671 452;A01;2;7;13;0;0;0;1;
202000040352;154 671 450;A01;1;7;0;0;9;1;1;
202000040353;154 671 446;B01;0;7;0;2;2;26;1;
202000040353;154 671 447;A01;0;31;0;2;1;1;1;
202000040354;154 671 445;A01;3;36;16;0;1;26;1;
202000040355;154 671 444;A01;1;33;8;0;1;0;1;
202000040356;154 671 443;A01;0;2;0;0;1;0;0;
202000040357;154 671 441;A01;0;7;0;2;1;1;1;
202000040357;154 671 442;B01;0;7;0;2;8;1;1;
202000040358;154 671 440;A01;2;7;0;0;1;1;0;
202000040359;154 671 439;A01;1;33;15;0;8;1;1;
202000040360;154 671 438;A01;3;7;15;0;1;13;1;
202000040361;154 671 437;A01;1;7;8;0;3;1;1;
202000040362;154 671 436;A01;2;7;2;0;3;0;1;
202000040363;154 671 434;B01;1;7;0;0;4;2;1;
202000040363;154 671 435;A01;1;7;0;2;1;2;1;
202000040364;154 671 433;A01;2;33;0;0;7;1;1;
202000040365;154 671 432;A01;1;10;2;0;5;14;1;
202000040366;154 671 430;A01;2;7;3;2;1;1;1;
202000040366;154 671 431;B01;2;7;3;2;1;17;1;
202000040367;154 671 428;B01;1;7;0;2;2;5;0;
202000040367;154 671 429;A01;2;10;0;2;2;1;0;
202000040368;154 671 426;B01;1;7;0;0;4;2;1;
202000040368;154 671 427;A01;1;7;0;2;1;2;1;
202000040369;154 671 425;A01;1;7;16;0;0;1;1;
202000040370;154 671 424;A01;1;7;0;0;3;13;1;
202000040371;154 671 422;A01;1;34;0;2;1;2;1;
202000040371;154 671 423;B01;2;33;0;2;1;1;1;
202000040372;154 671 421;A01;2;7;0;1;2;1;1;
202000040373;154 671 419;A01;1;7;0;2;1;19;1;
202000040373;154 671 420;B01;2;10;0;2;3;1;1;
202000040374;154 671 418;A01;2;7;2;0;2;13;1;
202000040375;154 671 416;B01;1;7;0;2;3;1;1;
202000040375;154 671 417;A01;2;33;0;2;1;5;1;
202000040376;154 671 415;A01;2;7;13;0;1;13;1;
202000040377;154 671 413;A01;2;7;1;2;1;1;1;
202000040377;154 671 414;B01;2;7;1;0;7;20;1;
202000040378;154 671 411;A01;2;31;12;0;0;1;1;
202000040379;154 671 409;B01;0;1;0;0;8;19;5;
202000040379;154 671 410;A01;0;7;0;2;1;1;1;
202000040380;154 671 407;A01;1;3;0;0;3;9;1;
202000040380;154 671 408;B01;2;7;0;2;1;1;1;
202000040381;154 671 406;A01;3;2;6;0;1;21;1;
202000040382;154 671 404;B01;1;1;0;2;1;1;5;
202000040382;154 671 405;A01;2;7;0;2;3;19;1;
202000040383;154 671 403;A01;3;32;12;0;3;0;1;
202000040384;154 671 402;A01;1;7;3;0;6;26;1;
202000040385;154 671 400;A01;1;32;0;2;5;12;1;
202000040385;154 671 401;B01;1;7;0;2;3;2;1;
202000040386;154 671 398;A01;1;7;4;0;0;0;0;
202000040386;154 671 399;B01;1;7;1;0;1;1;1;
202000040387;154 671 394;D01;2;7;0;2;4;2;1;
202000040387;154 671 395;C01;2;7;0;2;4;2;1;
202000040387;154 671 396;B01;2;7;0;2;4;2;1;
202000040387;154 671 397;A01;2;7;0;2;1;12;1;
202000040388;154 671 392;A01;2;7;0;2;1;26;1;
202000040388;154 671 393;B01;2;7;0;2;4;26;1;
202000040389;154 671 391;A01;1;33;0;0;0;1;1;
202000040390;154 671 389;A01;2;15;0;2;2;2;1;
202000040390;154 671 390;B01;2;15;0;2;6;1;1;
202000040391;154 671 386;C01;2;7;0;2;8;2;1;
202000040391;154 671 387;A01;2;7;0;2;1;2;1;
202000040391;154 671 388;B01;2;7;0;2;4;2;1;
202000040392;154 671 384;B01;2;10;4;2;1;1;1;
202000040392;154 671 385;A01;2;7;3;0;4;2;1;
202000040393;154 671 383;A01;1;7;0;0;9;9;1;
202000040394;154 671 381;A01;2;7;0;2;4;23;1;
202000040394;154 671 382;B01;2;7;1;0;1;2;1;
202000040395;154 671 379;A01;1;7;0;2;2;14;1;
202000040395;154 671 380;B01;1;7;0;2;6;2;1;
202000040396;154 671 377;A01;2;7;0;2;0;0;1;
202000040396;154 671 378;B01;2;32;0;2;0;0;1;
202000040397;154 671 376;A01;2;33;5;0;9;1;1;
202000040398;154 671 374;B01;3;7;9;2;2;9;1;
202000040398;154 671 375;A01;2;1;9;2;1;19;5;
202000040399;154 671 372;A01;1;30;0;2;3;16;1;
202000040399;154 671 373;B01;2;99;0;2;3;1;1;
202000040400;154 671 371;A01;3;7;0;1;2;16;1;
202000040401;154 671 370;A01;1;37;0;1;5;1;1;1
202000040402;154 671 368;A01;2;1;0;2;1;1;5;
202000040402;154 671 369;B01;1;7;0;9;3;1;1;
202000040403;154 671 366;A01;3;32;0;2;1;9;1;
202000040403;154 671 367;B01;3;7;0;2;8;1;1;
202000040404;154 671 364;A01;1;1;14;0;1;1;5;
202000040404;154 671 365;B01;1;7;0;9;4;23;1;
202000040405;154 671 362;B01;1;1;0;2;1;1;5;
202000040405;154 671 363;A01;2;80;0;2;1;1;3;
202000040406;154 671 360;A01;2;33;0;2;1;2;1;
202000040406;154 671 361;B01;2;7;0;2;4;1;1;
202000040407;154 671 358;B01;1;7;0;2;4;1;1;
202000040407;154 671 359;A01;1;7;0;2;1;1;1;
202000040408;154 671 356;A01;0;10;0;2;3;9;1;
202000040408;154 671 357;B01;2;32;0;2;1;1;1;
202000040409;154 671 354;A01;2;7;0;2;3;9;1;
202000040409;154 671 355;Y01;1;1;0;0;1;9;0;
202000040410;154 671 353;A01;2;7;3;0;8;1;1;
202000040411;154 671 350;C01;1;10;0;2;0;0;1;
202000040411;154 671 351;A01;1;30;0;2;0;0;1;
202000040411;154 671 352;B01;1;7;0;2;3;15;1;
202000040412;154 671 345;A01;2;10;0;2;1;13;1;
202000040412;154 671 346;B01;1;10;0;2;8;1;1;
202000040412;154 671 347;C01;1;10;0;2;8;1;1;
202000040412;154 671 348;D01;1;10;0;2;1;1;1;
202000040412;154 671 349;E01;1;10;0;2;2;1;1;
202000040413;154 671 343;B01;3;99;0;2;1;19;0;
202000040413;154 671 344;A01;3;7;0;9;3;1;1;
202000040414;154 671 339;B01;0;1;0;2;8;1;5;
202000040414;154 671 340;A01;1;7;0;2;4;26;1;
202000040415;154 671 335;A01;1;7;0;2;1;2;1;
202000040415;154 671 336;B01;1;7;0;2;4;23;1;
202000040415;154 671 337;D01;1;7;0;2;4;23;1;
202000040415;154 671 338;C01;1;7;0;0;4;23;1;
202000040416;154 671 333;B01;1;10;0;2;1;1;1;
202000040416;154 671 334;A01;3;7;0;2;5;1;1;
202000040417;154 671 331;B01;3;10;0;2;1;1;1;
202000040417;154 671 332;A01;2;7;0;2;1;15;1;
202000040418;154 671 329;B01;1;7;0;2;8;1;1;
202000040418;154 671 330;A01;2;7;0;2;0;1;0;
202000040419;154 671 328;A01;2;7;0;1;3;1;1;
202000040420;154 671 326;B01;3;7;0;9;4;23;1;
202000040420;154 671 327;A01;3;7;0;2;1;26;1;
202000040421;154 671 323;B01;1;7;0;2;3;1;1;
202000040421;154 671 324;A01;2;7;0;2;3;1;1;
202000040421;154 671 325;D01;2;7;0;2;1;1;1;
202000040422;154 671 322;A01;2;7;0;1;2;1;1;
202000040423;154 671 320;A01;2;7;0;2;1;1;1;
202000040423;154 671 321;B01;1;7;0;2;7;1;1;
202000040424;154 671 318;B01;1;7;0;2;4;2;1;
202000040424;154 671 319;A01;1;7;0;2;1;2;1;
202000040425;154 671 316;B01;1;31;0;2;1;1;1;
202000040425;154 671 317;A01;1;37;0;2;7;15;1;1
202000040426;154 671 314;A01;1;7;0;2;3;9;1;
202000040426;154 671 315;B01;1;7;0;2;2;1;1;
202000040427;154 671 312;B01;3;33;0;2;7;1;1;
202000040427;154 671 313;A01;3;7;0;2;3;9;1;
202000040428;154 671 310;A01;2;7;0;2;1;2;1;
202000040428;154 671 311;B01;2;7;0;2;4;2;1;
202000040429;154 671 308;A01;2;7;0;2;1;2;0;
202000040429;154 671 309;B01;2;7;0;2;4;2;1;
202000040430;154 671 306;A01;3;7;0;0;4;23;1;
202000040430;154 671 307;B01;3;1;0;2;1;1;5;
202000040431;154 671 303;B01;1;7;0;2;3;1;1;
202000040431;154 671 304;C01;2;7;0;2;1;2;1;
202000040431;154 671 305;A01;2;7;0;2;3;15;1;
202000040432;154 671 302;A01;3;7;13;0;1;1;1;
202000040433;154 671 301;A01;1;33;11;0;0;0;1;
202000040434;154 671 300;A01;2;33;4;0;1;0;1;
202000040435;154 671 299;A01;1;7;8;0;3;1;1;
202000040436;154 671 298;A01;2;7;0;1;2;1;1;
202000040437;154 671 295;B01;1;33;0;2;7;2;1;
202000040437;154 671 296;A01;1;33;13;0;1;1;1;
202000040437;154 671 297;C01;1;33;0;0;8;2;1;
202000040438;154 671 294;A01;3;7;0;0;0;1;1;
202000040439;154 671 293;A01;2;7;2;0;2;1;1;
202000040440;154 671 292;A01;1;33;3;0;2;1;1;
202000040441;154 671 290;A01;1;7;0;2;2;1;1;
202000040441;154 671 291;B01;1;2;0;2;1;19;1;
202000040442;154 671 287;A01;1;33;0;2;1;1;1;
202000040442;154 671 288;B01;2;7;0;2;5;15;1;
202000040442;154 671 289;C01;2;7;0;2;3;1;1;
202000040443;154 671 286;A01;3;7;2;0;3;14;1;
202000040444;154 671 285;A01;1;7;6;0;1;1;1;
202000040445;154 671 284;A01;1;7;13;0;9;14;1;
202000040446;154 671 282;A01;1;7;0;2;8;19;1;
202000040446;154 671 283;B01;1;33;0;2;1;1;1;
202000040447;154 671 280;B01;1;10;0;0;4;16;1;
202000040447;154 671 281;A01;1;17;0;2;1;1;1;
202000040448;154 671 278;A01;2;7;0;2;3;1;1;
202000040448;154 671 279;B01;1;7;0;2;3;1;1;
202000040449;154 671 276;B01;2;1;0;2;1;9;6;
202000040449;154 671 277;A01;1;1;0;2;1;1;6;
202000040450;154 671 275;A01;1;50;0;0;0;0;3;
202000040451;154 671 274;A01;1;7;8;1;2;1;1;
202000040452;154 671 272;B01;2;7;0;2;1;1;1;
202000040452;154 671 273;A01;1;33;0;2;1;13;1;
202000040453;154 671 271;A01;1;33;8;0;2;1;1;
202000040454;154 671 269;A01;1;7;0;0;2;15;1;