num_acc;id_vehicule;num_veh;senc;catv;obs;obsm;choc;manv;motor;occutc
202000041300;154 669 772;A01;0;7;0;2;7;1;1;
202000041301;154 669 768;A01;1;7;0;0;0;1;1;
202000041302;154 669 767;B01;1;1;0;2;1;1;5;
202000041302;154 669 769;A01;1;7;0;2;5;1;1;
202000041303;154 669 765;B01;2;2;0;2;4;1;1;
202000041303;154 669 766;A01;2;7;0;2;1;1;1;
202000041304;154 669 761;A01;2;7;0;2;4;2;1;
202000041304;154 669 763;B01;2;7;0;2;1;2;1;
202000041305;154 669 762;B01;1;50;0;2;5;2;3;
202000041305;154 669 764;A01;1;3;0;2;8;15;1;
202000041306;154 669 759;A01;1;34;0;2;0;17;1;
202000041306;154 669 760;B01;1;7;0;2;0;13;0;
202000041307;154 669 756;A01;1;2;0;2;3;13;1;
202000041307;154 669 757;B01;2;10;0;2;8;21;1;
202000041307;154 669 758;C01;2;7;0;9;3;21;1;
202000041308;154 669 753;A01;3;7;0;0;3;19;2;
202000041308;154 669 755;B01;2;2;0;2;1;1;1;
202000041309;154 669 754;A01;2;7;0;1;2;15;1;
202000041310;154 669 751;A01;3;7;0;1;2;4;1;
202000041311;154 669 750;B01;1;2;0;2;1;2;1;
202000041311;154 669 752;A01;1;7;0;0;5;23;1;
202000041312;154 669 749;A01;0;7;0;1;3;1;1;
202000041313;154 669 747;A01;1;33;0;2;1;18;1;
202000041313;154 669 748;B01;1;7;0;2;2;1;1;
202000041314;154 669 746;A01;1;7;4;0;3;13;1;
202000041315;154 669 743;A01;0;2;0;0;3;9;1;
202000041315;154 669 745;B01;1;7;0;0;2;0;1;
202000041316;154 669 742;B01;1;7;0;0;0;0;0;
202000041316;154 669 744;A01;1;7;0;2;1;26;0;
202000041317;154 669 738;A01;2;7;0;2;4;24;1;
202000041317;154 669 739;B01;2;7;1;2;1;2;1;
202000041318;154 669 736;B01;1;31;0;2;7;17;1;
202000041318;154 669 737;A01;1;7;0;2;8;21;1;
202000041319;154 669 734;B01;3;80;0;2;3;2;3;
202000041319;154 669 735;A01;3;7;0;9;7;2;0;
202000041320;154 669 732;A01;1;7;0;2;3;2;1;
202000041320;154 669 733;Z01;1;7;0;2;2;12;0;
202000041321;154 669 731;A01;2;32;0;1;1;1;1;
202000041322;154 669 728;B01;1;7;0;1;1;1;1;
202000041322;154 669 730;A01;1;7;0;1;2;1;1;
202000041323;154 669 727;B01;1;1;0;2;1;1;5;
202000041323;154 669 729;A01;1;7;0;2;2;15;1;
202000041324;154 669 723;B01;1;7;0;2;2;1;1;
202000041324;154 669 725;A01;1;1;0;2;1;15;5;
202000041325;154 669 722;A01;1;10;0;1;2;1;1;
202000041326;154 669 719;A01;2;37;0;1;1;1;1;1
202000041327;154 669 716;C01;1;7;0;2;4;1;1;
202000041327;154 669 718;B01;1;7;0;2;4;1;1;
202000041327;154 669 720;D01;1;7;0;2;4;1;1;
202000041327;154 669 721;A01;1;7;0;2;1;14;1;
202000041328;154 669 715;A01;2;7;0;2;2;2;1;
202000041328;154 669 717;B01;1;7;0;2;8;15;1;
202000041329;154 669 711;B01;2;33;0;2;4;2;1;
202000041329;154 669 712;A01;2;7;0;2;3;2;1;
202000041330;154 669 709;A01;1;7;0;2;3;9;1;
202000041330;154 669 710;B01;3;7;0;2;2;26;1;
202000041331;154 669 707;A01;1;30;8;2;1;17;1;
202000041331;154 669 708;B01;1;7;0;2;8;15;1;
202000041332;154 669 706;A01;1;7;15;1;0;0;1;
202000041333;154 669 705;A01;3;1;0;0;1;1;0;
202000041334;154 669 703;B01;2;37;0;0;0;0;1;2
202000041334;154 669 704;A01;2;7;0;2;6;15;1;
202000041335;154 669 713;B01;2;31;0;2;5;12;1;
202000041335;154 669 714;A01;2;7;0;2;8;3;1;
202000041336;154 669 702;A01;2;43;0;0;1;1;0;
202000041337;154 669 700;B01;2;33;0;2;0;0;1;
202000041337;154 669 701;A01;2;7;0;2;3;13;1;
202000041338;154 669 697;A01;0;3;0;2;0;0;1;
202000041338;154 669 698;B01;0;32;0;2;2;17;1;
202000041339;154 669 696;A01;1;33;0;2;3;18;1;
202000041339;154 669 699;B01;1;7;0;2;2;1;2;
202000041340;154 669 693;A01;2;7;0;2;8;9;1;
202000041340;154 669 695;B01;1;2;0;2;1;1;1;
202000041341;154 669 692;A01;2;7;0;2;1;2;1;
202000041341;154 669 694;B01;2;14;0;2;4;2;1;
202000041342;154 669 688;A01;2;32;0;0;8;1;1;
202000041343;154 669 687;A01;1;10;0;2;2;2;1;
202000041343;154 669 689;B01;1;7;0;2;6;2;1;
202000041343;154 669 690;C01;1;7;0;2;4;2;1;
202000041343;154 669 691;D01;1;10;0;2;4;2;1;
202000041344;154 669 685;A01;2;7;4;0;3;13;1;
202000041345;154 669 684;B01;2;7;0;2;3;15;1;
202000041345;154 669 686;A01;2;30;0;2;1;17;1;
202000041346;154 669 683;A01;2;33;0;0;9;1;1;
202000041347;154 669 681;B01;0;30;0;2;1;1;1;
202000041347;154 669 682;A01;0;60;0;2;1;1;5;
202000041348;154 669 678;C01;1;7;0;2;4;2;1;
202000041348;154 669 679;B01;1;7;0;2;4;2;1;
202000041348;154 669 680;A01;1;7;0;2;1;2;1;
202000041349;154 669 676;A01;1;7;4;0;1;14;1;
202000041350;154 669 674;A01;1;7;0;2;8;15;1;
202000041350;154 669 677;B01;2;7;0;2;3;1;1;
202000041351;154 669 673;A01;2;33;0;2;1;3;1;
202000041351;154 669 675;B01;2;10;0;2;6;11;1;
202000041352;154 669 672;A01;1;30;9;0;2;1;1;
202000041353;154 669 671;A01;1;33;0;2;0;13;1;
202000041354;154 669 669;B01;1;1;0;2;8;2;5;
202000041354;154 669 670;A01;1;7;0;2;7;1;1;
202000041355;154 669 667;A01;1;7;0;2;4;2;1;
202000041355;154 669 668;B01;1;7;0;2;1;2;1;
202000041356;154 669 665;B01;1;7;0;2;3;1;1;
202000041356;154 669 666;A01;2;7;0;2;1;9;1;
202000041357;154 669 663;A01;1;7;0;9;0;15;0;
202000041357;154 669 664;B01;2;33;0;2;0;1;0;
202000041358;154 669 661;A01;2;7;0;2;8;13;1;
202000041358;154 669 662;B01;2;1;0;2;7;14;5;
202000041359;154 669 660;A01;3;7;0;1;3;15;1;
202000041360;154 669 659;A01;1;7;9;0;0;14;1;
202000041361;154 669 657;A01;2;7;0;2;2;0;1;
202000041361;154 669 658;B01;2;10;0;2;3;9;1;
202000041362;154 669 655;A01;1;10;0;2;4;1;1;
202000041362;154 669 656;B01;1;7;0;2;1;13;1;
202000041363;154 669 654;A01;-1;7;0;1;8;1;1;
202000041364;154 669 653;A01;1;7;0;1;1;1;1;
202000041365;154 669 651;A01;2;30;0;2;1;1;1;
202000041365;154 669 652;B01;1;7;0;2;2;1;1;
202000041366;154 669 648;A01;2;7;0;2;1;1;1;
202000041366;154 669 650;B01;1;2;0;2;8;2;0;
202000041367;154 669 647;A01;1;7;0;2;1;1;1;
202000041367;154 669 649;B01;2;34;0;2;7;1;1;
202000041368;154 669 645;B01;1;30;0;2;1;1;1;
202000041368;154 669 646;A01;1;7;0;2;6;1;1;
202000041369;154 669 643;A01;1;33;0;0;1;16;1;
202000041370;154 669 642;A01;1;7;0;2;7;26;1;
202000041370;154 669 644;B01;2;17;0;2;1;1;1;
202000041371;154 669 639;B01;3;7;0;2;1;1;1;
202000041371;154 669 641;A01;3;7;0;2;4;1;1;
202000041372;154 669 638;B01;1;34;0;2;1;15;1;
202000041372;154 669 640;A01;2;34;0;2;1;17;1;
202000041373;154 669 637;A01;3;7;0;1;3;26;1;
202000041374;154 669 635;A01;0;7;0;0;9;1;1;
202000041375;154 669 634;A01;0;10;0;2;7;19;1;
202000041375;154 669 636;B01;0;30;0;2;1;1;1;
202000041376;154 669 633;A01;0;7;0;1;1;0;0;
202000041377;154 669 631;B01;0;2;0;2;1;19;0;
202000041377;154 669 632;A01;0;0;0;2;0;9;0;
202000041378;154 669 628;C01;2;7;0;2;4;26;1;
202000041378;154 669 629;A01;2;7;0;2;0;1;1;
202000041378;154 669 630;B01;2;7;0;9;1;21;1;
202000041379;154 669 626;A01;2;34;0;2;1;1;1;
202000041379;154 669 627;B01;2;7;0;2;4;23;1;
202000041380;154 669 624;B01;1;10;0;2;2;1;1;
202000041380;154 669 625;A01;1;1;0;1;3;13;5;
202000041381;154 669 623;A01;2;7;15;0;2;14;1;
202000041382;154 669 620;A01;1;7;0;2;4;23;1;
202000041382;154 669 621;C01;1;7;0;2;1;1;1;
202000041382;154 669 622;B01;1;7;0;2;4;1;1;
202000041383;154 669 618;B01;3;2;0;2;1;1;1;
202000041383;154 669 619;A01;3;7;0;2;6;1;1;
202000041384;154 669 616;A01;2;34;0;2;1;3;1;
202000041384;154 669 617;B01;2;7;0;2;5;1;1;
202000041385;154 669 615;A01;1;7;4;0;1;14;1;
202000041386;154 669 613;A01;2;7;0;2;1;2;1;
202000041386;154 669 614;B01;2;7;0;2;4;2;1;
202000041387;154 669 611;B01;0;1;0;2;7;1;0;
202000041387;154 669 612;A01;0;7;0;2;1;1;1;
202000041388;154 669 609;B01;3;1;0;2;7;0;5;
202000041388;154 669 610;A01;3;30;0;2;0;26;1;
202000041389;154 669 607;A01;2;2;0;2;1;17;1;
202000041389;154 669 608;B01;2;7;0;0;0;0;1;
202000041390;154 669 605;B01;2;7;0;2;3;1;1;
202000041390;154 669 606;A01;1;7;0;2;1;15;1;
202000041391;154 669 603;A01;0;30;0;2;1;9;1;
202000041391;154 669 604;B01;0;7;0;2;1;1;1;
202000041392;154 669 601;A01;1;1;0;4;4;15;5;
202000041392;154 669 602;B01;1;40;0;2;1;1;3;
202000041393;154 669 598;A01;1;1;0;2;1;1;5;
202000041393;154 669 599;B01;2;7;0;2;3;1;1;
202000041393;154 669 600;C01;0;7;0;2;0;15;1;
202000041394;154 669 596;B01;3;2;0;2;1;1;1;
202000041394;154 669 597;A01;3;7;6;2;7;21;1;
202000041395;154 669 594;A01;2;7;14;0;0;0;0;
202000041395;154 669 595;B01;2;7;0;2;3;1;1;
202000041396;154 669 593;A01;1;33;13;0;1;13;1;
202000041397;154 669 591;B01;1;7;0;2;4;0;1;
202000041397;154 669 592;A01;1;7;0;2;1;2;1;
202000041398;154 669 589;A01;3;30;0;2;8;26;1;
202000041398;154 669 590;B01;3;7;0;2;2;16;1;
202000041399;154 669 588;A01;3;30;0;0;2;15;1;
202000041400;154 669 586;B01;2;7;9;2;7;1;1;
202000041400;154 669 587;A01;1;7;0;2;1;9;1;
202000041401;154 669 584;B01;1;7;0;2;1;15;1;
202000041401;154 669 585;A01;1;7;0;2;1;1;1;
202000041402;154 669 582;B01;3;7;0;2;5;12;1;
202000041402;154 669 583;A01;3;33;0;2;1;1;1;
202000041403;154 669 580;A01;1;7;0;2;1;2;1;
202000041403;154 669 581;B01;1;7;0;0;4;15;1;
202000041404;154 669 578;B01;2;7;1;0;7;24;1;
202000041404;154 669 579;A01;1;7;0;2;7;13;1;
202000041405;154 669 573;C01;1;7;0;2;3;21;1;
202000041405;154 669 574;B01;1;33;0;2;0;1;1;
202000041405;154 669 575;A01;1;7;0;2;1;21;1;
202000041405;154 669 576;D01;1;7;0;2;1;0;1;
202000041405;154 669 577;E01;1;13;0;0;0;0;1;
202000041406;154 669 571;B01;1;38;0;2;3;16;0;1
202000041406;154 669 572;A01;2;7;0;2;5;19;0;
202000041407;154 669 569;B01;1;1;1;0;1;16;5;
202000041407;154 669 570;A01;3;7;0;2;8;24;1;
202000041408;154 669 567;A01;1;7;0;2;7;1;1;
202000041408;154 669 568;B01;1;7;0;2;1;1;1;
202000041409;154 669 566;A01;1;7;0;1;2;1;6;
202000041410;154 669 563;B01;2;10;0;2;4;2;1;
202000041410;154 669 564;C01;2;7;0;2;4;2;1;
202000041410;154 669 565;A01;2;7;0;2;1;2;1;
202000041411;154 669 561;B01;1;7;0;2;4;1;1;
202000041411;154 669 562;A01;1;7;0;2;1;1;1;
202000041412;154 669 560;Z01;1;32;0;1;0;18;1;
202000041413;154 669 558;A01;2;50;0;2;1;1;3;
202000041413;154 669 559;B01;2;7;0;2;8;9;1;
202000041414;154 669 557;A01;2;80;1;0;7;14;3;
202000041415;154 669 555;A01;2;32;0;2;1;17;1;
202000041415;154 669 556;B01;2;1;0;2;8;15;5;
202000041416;154 669 554;A01;2;30;0;1;1;1;1;
202000041417;154 669 553;A01;1;7;0;1;1;1;1;
202000041418;154 669 552;A01;1;7;0;1;1;1;6;
202000041419;154 669 550;B01;1;7;0;2;5;15;2;
202000041419;154 669 551;A01;1;32;0;2;1;17;1;
202000041420;154 669 549;A01;2;7;0;1;1;1;1;
202000041421;154 669 548;A01;3;1;0;1;4;1;5;
202000041422;154 669 546;B01;3;33;0;2;3;18;1;
202000041422;154 669 547;A01;3;10;0;2;2;17;1;
202000041423;154 669 544;A01;1;7;0;0;0;26;0;
202000041423;154 669 545;B01;1;7;0;0;0;26;0;
202000041424;154 669 543;A01;2;7;0;1;2;1;1;
202000041425;154 669 542;A01;-1;7;0;1;1;19;1;
202000041426;154 669 540;B01;0;2;0;2;7;2;0;
202000041426;154 669 541;A01;3;7;0;2;3;15;0;
202000041427;154 669 538;B01;2;33;0;2;1;2;1;
202000041427;154 669 539;A01;2;15;0;2;2;16;1;
202000041428;154 669 535;C01;1;7;0;0;0;0;1;
202000041428;154 669 536;B01;1;7;0;0;0;0;1;
202000041428;154 669 537;A01;1;37;0;2;2;15;1;1
202000041429;154 669 533;A01;1;10;0;2;1;1;1;
202000041429;154 669 534;B01;1;7;0;2;4;1;1;
202000041430;154 669 531;B01;1;33;0;2;7;17;0;
202000041430;154 669 532;A01;1;7;0;2;8;13;0;
202000041431;154 669 530;A01;2;32;0;1;1;1;1;
202000041432;154 669 528;A01;3;1;0;2;4;9;5;
202000041432;154 669 529;B01;3;10;0;2;1;2;1;
202000041433;154 669 526;B01;1;32;0;2;1;17;0;
202000041433;154 669 527;A01;1;7;0;2;6;13;1;
202000041434;154 669 524;A01;1;32;0;2;2;17;1;
202000041434;154 669 525;B01;1;7;0;2;6;15;2;
202000041435;154 669 523;Z01;1;0;0;1;2;0;0;
202000041436;154 669 521;B01;1;2;0;2;1;1;1;
202000041436;154 669 522;A01;1;10;0;2;7;15;1;
202000041437;154 669 520;A01;1;7;0;1;1;1;1;
202000041438;154 669 518;B01;1;30;0;2;1;1;1;
202000041438;154 669 519;A01;1;7;0;2;4;26;1;
202000041439;154 669 516;A01;2;7;0;2;8;15;1;
202000041439;154 669 517;B01;1;7;0;2;7;1;1;
202000041440;154 669 515;A01;1;7;0;1;2;1;0;
202000041441;154 669 514;A01;2;7;13;0;1;13;1;
202000041442;154 669 512;A01;2;7;0;2;3;13;1;
202000041442;154 669 513;B01;2;7;0;2;5;26;1;
202000041443;154 669 510;B01;1;33;0;2;8;1;0;
202000041443;154 669 511;A01;2;7;0;2;2;15;1;
202000041444;154 669 508;A01;1;7;0;2;1;13;1;
202000041444;154 669 509;B01;2;3;0;2;1;1;1;
202000041445;154 669 507;A01;1;33;12;0;4;1;1;
202000041446;154 669 505;A01;2;7;0;2;1;13;1;
202000041446;154 669 506;B01;2;2;0;2;1;1;1;
202000041447;154 669 503;B01;1;10;13;1;4;23;1;
202000041447;154 669 504;A01;1;15;1;1;1;1;1;
202000041448;154 669 501;B01;1;30;1;0;1;1;1;
202000041448;154 669 502;A01;2;15;0;2;3;24;6;
202000041449;154 669 498;C01;2;7;0;0;1;26;1;
202000041449;154 669 499;A01;2;7;0;2;6;16;1;
202000041449;154 669 500;B01;1;7;0;2;2;9;1;
202000041450;154 669 497;A01;1;7;1;0;1;1;1;
202000041451;154 669 495;A01;2;7;0;2;1;13;1;
202000041451;154 669 496;B01;1;7;0;2;1;1;1;
202000041452;154 669 493;B01;2;7;0;2;1;1;1;
202000041452;154 669 494;A01;1;7;0;2;3;19;1;
202000041453;154 669 491;A01;2;2;0;2;1;17;1;
202000041453;154 669 492;B01;1;7;0;0;3;26;1;
202000041454;154 669 489;A01;1;7;0;2;2;19;1;
202000041454;154 669 490;B01;2;15;0;2;3;1;1;
202000041455;154 669 487;B01;0;7;0;2;3;1;1;
202000041455;154 669 488;A01;0;7;0;2;3;13;1;
202000041456;154 669 484;A01;1;7;13;0;1;1;1;
202000041457;154 669 482;A01;3;10;0;2;1;1;1;
202000041457;154 669 483;B01;1;7;0;2;2;1;1;
202000041458;154 669 480;A01;2;7;0;2;7;1;1;
202000041458;154 669 481;B01;2;33;0;2;1;1;1;
202000041459;154 669 479;A01;2;7;3;0;1;13;1;
202000041460;154 669 478;A01;3;7;0;1;1;1;1;
202000041461;154 669 476;A01;3;36;0;0;1;2;1;
202000041461;154 669 477;B01;2;7;0;2;8;2;1;
202000041462;154 669 474;B01;3;7;0;2;8;1;1;
202000041462;154 669 475;A01;3;7;0;2;1;1;1;
202000041463;154 669 473;A01;3;1;0;0;0;1;5;
202000041464;154 669 471;A01;0;10;0;2;7;19;1;
202000041464;154 669 472;B01;1;10;0;2;1;1;1;
202000041465;154 669 470;A01;1;7;6;0;7;1;1;
202000041466;154 669 469;A01;2;2;14;0;0;1;1;
202000041467;154 669 467;A01;1;7;8;0;4;16;1;
202000041467;154 669 468;B01;2;10;0;2;1;1;1;
202000041468;154 669 466;A01;3;1;0;0;0;0;5;
202000041469;154 669 464;A01;1;7;0;2;3;15;1;
202000041469;154 669 465;B01;2;7;0;2;3;1;1;
202000041470;154 669 462;A01;1;7;0;9;2;15;1;
202000041470;154 669 463;B01;3;1;0;2;1;1;5;
202000041471;154 669 461;A01;1;7;2;0;1;14;1;
202000041472;154 669 459;B01;2;7;0;2;3;1;1;
202000041472;154 669 460;A01;1;33;0;2;1;13;1;
202000041473;154 669 457;A01;2;33;0;2;1;1;1;
202000041473;154 669 458;B01;3;21;0;2;3;26;1;
202000041474;154 669 453;A01;2;33;0;0;8;1;1;
202000041475;154 669 452;A01;1;14;4;0;3;2;1;
202000041476;154 669 450;A01;1;7;0;2;3;1;1;
202000041476;154 669 451;B01;2;10;13;2;3;1;1;
202000041477;154 669 445;B01;1;7;8;2;3;1;1;
202000041477;154 669 446;A01;2;2;0;2;7;15;1;
202000041478;154 669 443;B01;3;10;0;2;3;1;0;
202000041478;154 669 444;A01;3;7;6;2;2;1;0;
202000041479;154 669 442;A01;1;34;0;6;1;1;1;
202000041480;154 669 440;A01;3;7;0;2;1;1;1;
202000041480;154 669 441;B01;0;7;0;2;3;16;1;
202000041481;154 669 438;A01;2;33;0;2;3;1;1;
202000041481;154 669 439;B01;1;33;0;2;3;13;1;
202000041482;154 669 437;A01;1;7;0;1;2;1;1;
202000041483;154 669 436;A01;2;7;13;0;2;0;1;
202000041484;154 669 434;B01;0;33;0;2;1;1;1;
202000041484;154 669 435;A01;0;10;0;2;8;9;0;
202000041485;154 669 432;A01;1;1;0;0;1;1;5;
202000041486;154 669 429;C01;2;7;7;0;5;1;1;
202000041486;154 669 430;A01;1;7;0;2;3;2;1;
202000041486;154 669 431;B01;1;7;0;0;5;15;1;
202000041487;154 669 427;B01;1;7;0;2;1;1;1;
202000041487;154 669 428;A01;1;7;0;2;1;13;1;
202000041488;154 669 425;B01;3;7;0;2;7;1;0;
202000041488;154 669 426;A01;3;7;0;2;1;1;0;
202000041489;154 669 424;A01;1;1;0;1;1;1;5;
202000041490;154 669 422;A01;1;7;0;2;2;17;1;
202000041490;154 669 423;B01;1;1;0;2;8;15;5;
202000041491;154 669 421;A01;2;2;0;0;8;1;6;
202000041492;154 669 419;A01;1;7;0;0;6;15;1;
202000041492;154 669 420;B01;1;7;0;2;1;15;1;
202000041493;154 669 417;B01;1;7;0;2;6;23;1;
202000041493;154 669 418;A01;1;7;0;2;7;21;1;
202000041494;154 669 411;A01;2;7;0;2;8;5;1;
202000041494;154 669 412;B01;1;7;0;2;8;1;1;
202000041494;154 669 413;C01;1;7;0;2;3;1;1;
202000041494;154 669 414;E01;1;7;0;2;7;1;1;
202000041494;154 669 415;F01;1;7;0;2;2;1;1;
202000041494;154 669 416;D01;1;7;0;2;7;1;1;
202000041495;154 669 409;B01;1;7;0;2;4;2;1;
202000041495;154 669 410;A01;1;15;0;2;1;2;1;
202000041496;154 669 407;A01;1;34;0;2;5;1;1;
202000041496;154 669 408;B01;1;7;0;0;5;1;1;
202000041497;154 669 406;A01;1;7;4;0;3;13;1;
202000041498;154 669 404;B01;2;7;0;2;4;2;1;
202000041498;154 669 405;A01;2;15;0;2;1;2;0;
202000041499;154 669 403;A01;2;33;0;0;9;3;1;
202000041500;154 669 401;A01;1;7;0;2;1;2;1;
202000041500;154 669 402;B01;1;10;0;2;4;2;1;
202000041501;154 669 400;A01;1;34;0;1;1;0;1;
202000041502;154 669 399;A01;2;7;0;1;3;15;1;
202000041503;154 669 397;A01;2;10;0;2;1;2;1;
202000041503;154 669 398;B01;2;10;0;2;4;1;1;
202000041504;154 669 395;A01;2;7;0;2;1;2;1;
202000041504;154 669 396;B01;2;2;0;2;4;2;1;
202000041505;154 669 393;A01;1;2;1;2;4;26;1;
202000041505;154 669 394;B01;1;7;1;0;4;26;1;
202000041506;154 669 391;A01;3;10;0;2;7;16;1;
202000041506;154 669 392;B01;3;1;0;2;8;1;0;
202000041507;154 669 389;B01;1;2;0;2;8;1;0;
202000041507;154 669 390;A01;1;7;0;9;2;16;0;
202000041508;154 669 387;A01;1;7;0;9;0;15;1;
202000041508;154 669 388;B01;1;1;0;2;0;1;5;
202000041509;154 669 385;B01;3;1;0;2;1;19;5;
202000041509;154 669 386;A01;3;10;0;0;5;1;1;
202000041510;154 669 383;B01;3;7;0;2;1;15;0;
202000041510;154 669 384;A01;0;7;0;2;1;17;0;
202000041511;154 669 381;A01;1;7;0;2;0;1;0;
202000041511;154 669 382;B01;1;7;0;2;3;1;0;
202000041512;154 669 379;B01;3;33;0;2;1;0;0;
202000041512;154 669 380;A01;0;7;0;2;1;26;0;
202000041513;154 669 377;A01;1;31;0;2;2;17;1;
202000041513;154 669 378;B01;2;7;0;2;3;26;1;
202000041514;154 669 376;A01;1;7;13;0;3;13;1;
202000041515;154 669 375;A01;3;7;0;1;1;17;1;
202000041516;154 669 373;A01;1;33;0;2;3;1;1;
202000041516;154 669 374;B01;1;33;0;2;1;1;1;
202000041517;154 669 371;A01;1;7;0;2;3;14;1;
202000041517;154 669 372;B01;1;7;0;2;7;1;1;
202000041518;154 669 369;A01;1;7;0;2;3;20;1;
202000041518;154 669 370;B01;2;31;0;2;1;1;1;
202000041519;154 669 366;A01;2;1;0;2;8;25;5;
202000041519;154 669 367;B01;2;1;0;2;8;25;5;
202000041519;154 669 368;C01;2;10;0;2;7;1;1;
202000041520;154 669 364;B01;1;7;0;2;6;23;1;
202000041520;154 669 365;A01;1;7;0;2;2;2;2;
202000041521;154 669 363;A01;1;7;6;0;1;14;1;
202000041522;154 669 360;C01;1;7;0;2;1;1;2;
202000041522;154 669 361;A01;2;33;0;2;7;1;1;
202000041522;154 669 362;B01;3;7;0;2;1;9;1;
202000041523;154 669 358;A01;1;7;0;1;3;1;1;
202000041524;154 669 357;A01;0;30;0;1;0;1;1;
202000041525;154 669 355;A01;3;7;0;2;2;25;1;
202000041525;154 669 356;B01;3;50;0;2;1;25;3;
202000041526;154 669 353;B01;1;7;0;2;2;9;1;
202000041526;154 669 354;A01;2;7;1;0;2;1;1;
202000041527;154 669 352;A01;1;7;8;0;1;1;1;
202000041528;154 669 351;A01;1;7;0;1;2;1;1;
202000041529;154 669 349;B01;1;7;0;2;8;1;1;
202000041529;154 669 350;A01;1;33;0;2;1;12;1;
202000041530;154 669 348;A01;0;7;0;1;2;1;1;
202000041531;154 669 346;B01;2;80;1;0;1;1;3;
202000041531;154 669 347;A01;2;7;0;2;8;22;1;
202000041532;154 669 343;B01;3;10;0;2;1;2;1;
202000041532;154 669 344;C01;3;10;0;2;4;2;1;
202000041532;154 669 345;A01;3;10;0;2;1;2;1;
202000041533;154 669 342;A01;1;30;6;0;1;14;1;
202000041534;154 669 340;B01;1;7;0;2;3;1;1;
202000041534;154 669 341;A01;2;7;0;2;3;1;1;
202000041535;154 669 338;B01;1;7;0;2;1;1;0;
202000041535;154 669 339;A01;1;7;0;2;0;0;0;
202000041536;154 669 336;A01;1;7;0;2;7;15;1;
202000041536;154 669 337;B01;2;33;0;2;1;26;1;
202000041537;154 669 334;B01;1;50;0;2;1;1;3;
202000041537;154 669 335;A01;1;7;0;9;2;1;1;
202000041538;154 669 332;B01;3;7;7;0;1;1;1;
202000041538;154 669 333;A01;3;7;0;0;0;15;1;
202000041539;154 669 330;B01;0;7;0;1;4;23;1;
202000041539;154 669 331;A01;0;7;0;2;1;2;1;
202000041540;154 669 329;A01;2;30;1;0;1;2;0;
202000041541;154 669 327;A01;1;10;0;2;5;15;1;
202000041541;154 669 328;B01;2;2;0;2;1;1;1;
202000041542;154 669 324;C01;1;7;0;2;0;0;1;
202000041542;154 669 325;A01;2;7;0;2;1;26;1;
202000041542;154 669 326;B01;1;7;0;2;1;0;1;
202000041543;154 669 322;A01;2;7;0;2;1;26;0;
202000041543;154 669 323;B01;2;7;0;2;4;23;1;
202000041544;154 669 320;A01;0;1;0;2;1;19;5;
202000041544;154 669 321;B01;0;38;0;2;5;1;1;1
202000041545;154 669 318;A01;1;33;0;2;1;15;1;
202000041545;154 669 319;B01;2;7;0;2;2;1;1;
202000041546;154 669 316;B01;1;7;0;2;2;1;1;
202000041546;154 669 317;A01;1;30;0;2;8;16;1;
202000041547;154 669 314;A01;1;7;0;2;3;9;1;
202000041547;154 669 315;B01;1;1;0;2;4;1;0;
202000041548;154 669 312;A01;1;30;0;2;1;2;1;
202000041548;154 669 313;B01;1;7;0;0;4;2;1;
202000041549;154 669 310;B01;2;7;0;2;4;23;1;
202000041549;154 669 311;A01;2;7;0;2;1;2;1;
202000041550;154 669 307;A01;1;7;0;1;2;16;1;
202000041551;154 669 305;B01;2;7;0;2;2;1;1;
202000041551;154 669 306;A01;2;7;0;2;9;9;1;
202000041552;154 669 303;B01;1;1;0;2;1;1;5;
202000041552;154 669 304;A01;1;7;0;2;1;15;1;
202000041553;154 669 301;A01;1;7;0;2;1;2;1;
202000041553;154 669 302;B01;1;15;0;0;4;1;1;
202000041554;154 669 300;A01;1;7;0;1;1;7;1;
202000041555;154 669 298;A01;1;7;0;2;3;9;0;
202000041555;154 669 299;B01;1;7;0;2;3;0;0;
202000041556;154 669 297;A01;1;7;0;1;7;1;1;
202000041557;154 669 296;A01;2;7;0;1;3;19;1;
202000041558;154 669 294;B01;2;7;0;2;4;1;1;
202000041558;154 669 295;A01;2;7;14;0;1;1;1;
202000041559;154 669 293;A01;3;33;0;0;2;1;1;
202000041560;154 669 292;A01;2;33;0;1;2;3;1;
202000041561;154 669 290;B01;1;7;0;2;4;1;1;
202000041561;154 669 291;A01;1;7;0;2;1;2;1;
202000041562;154 669 288;A01;1;7;0;2;1;2;1;
202000041562;154 669 289;B01;1;7;1;0;4;23;1;
202000041563;154 669 285;B01;1;33;0;2;4;2;1;
202000041563;154 669 286;A01;1;10;0;2;4;2;1;
202000041564;154 669 283;B01;1;1;0;0;0;0;5;
202000041564;154 669 284;A01;1;1;0;0;0;26;5;
202000041565;154 669 280;A01;1;10;0;1;1;1;1;
202000041566;154 669 279;A01;1;1;0;0;8;1;5;
202000041567;154 669 278;A01;1;7;12;2;2;13;1;
202000041568;154 669 276;B01;1;33;0;2;3;7;1;
202000041568;154 669 277;A01;1;7;0;2;2;12;1;
202000041569;154 669 274;A01;1;1;0;2;1;13;5;
202000041569;154 669 275;B01;1;7;0;2;5;23;1;
202000041570;154 669 272;B01;3;1;0;2;6;7;5;
202000041570;154 669 273;A01;3;7;0;2;3;14;2;