num_acc;id_vehicule;num_veh;senc;catv;obs;obsm;choc;manv;motor;occutc
202000041571;154 669 270;B01;2;10;0;2;4;1;1;
202000041571;154 669 271;A01;2;7;0;2;1;1;1;
202000041572;154 669 268;B01;2;33;0;2;1;1;1;
202000041572;154 669 269;A01;1;7;0;2;2;15;1;
202000041573;154 669 266;A01;2;7;0;2;5;12;1;
202000041573;154 669 267;B01;2;1;0;2;3;1;5;
202000041574;154 669 264;A01;1;7;0;2;3;15;1;
202000041574;154 669 265;B01;1;31;0;2;7;17;1;
202000041575;154 669 262;A01;1;10;0;2;1;1;1;
202000041575;154 669 263;B01;2;1;0;2;2;5;5;
202000041576;154 669 261;A01;1;7;0;1;3;1;1;
202000041577;154 669 259;B01;1;2;0;2;2;17;1;
202000041577;154 669 260;A01;1;7;0;2;8;11;1;
202000041578;154 669 257;B01;0;32;0;2;1;1;1;
202000041578;154 669 258;A01;0;10;0;2;3;15;1;
202000041579;154 669 255;A01;2;7;0;2;3;15;1;
202000041579;154 669 256;B01;2;31;0;2;8;17;1;
202000041580;154 669 253;B01;2;7;0;2;1;2;1;
202000041580;154 669 254;A01;2;7;0;1;1;23;0;
202000041581;154 669 252;A01;1;7;6;0;1;1;1;
202000041582;154 669 251;A01;1;30;0;1;1;1;1;
202000041583;154 669 249;B01;1;1;0;2;1;1;0;
202000041583;154 669 250;A01;2;7;0;2;2;15;1;
202000041584;154 669 248;A01;1;7;6;0;1;1;1;
202000041585;154 669 246;B01;1;7;0;2;1;1;1;
202000041585;154 669 247;A01;2;7;0;2;1;13;1;
202000041586;154 669 245;A01;1;7;13;0;1;13;1;
202000041587;154 669 244;Z01;1;0;0;1;0;0;0;
202000041588;154 669 243;A01;1;7;12;0;3;17;1;
202000041589;154 669 242;A01;1;34;16;0;1;14;1;
202000041590;154 669 240;A01;1;7;0;2;3;15;1;
202000041590;154 669 241;B01;2;31;0;2;3;0;1;
202000041591;154 669 239;A01;2;7;0;1;2;1;1;
202000041592;154 669 237;A01;2;7;0;2;2;20;1;
202000041592;154 669 238;B01;2;33;0;2;1;1;1;
202000041593;154 669 235;A01;1;10;0;2;1;26;1;
202000041593;154 669 236;B01;1;33;0;2;4;15;1;
202000041594;154 669 231;A01;2;7;0;2;1;13;1;
202000041594;154 669 232;D01;2;7;0;2;1;21;1;
202000041594;154 669 233;C01;2;7;0;2;4;21;1;
202000041594;154 669 234;B01;1;10;0;2;1;1;1;
202000041595;154 669 227;D01;1;7;0;2;7;1;1;
202000041595;154 669 228;B01;1;7;0;2;3;1;0;
202000041595;154 669 229;Z01;1;7;0;2;2;12;1;
202000041595;154 669 230;C01;1;7;0;2;5;1;1;
202000041596;154 669 225;B01;2;7;0;2;6;1;1;
202000041596;154 669 226;A01;2;43;0;2;2;3;1;
202000041597;154 669 224;A01;1;7;0;1;1;1;1;
202000041598;154 669 223;A01;1;1;0;0;0;1;5;
202000041599;154 669 222;Z01;2;2;0;1;1;16;0;
202000041600;154 669 220;A01;1;7;0;2;3;22;3;
202000041600;154 669 221;B01;1;32;0;2;2;17;1;
202000041601;154 669 219;A01;1;30;1;0;2;14;3;
202000041602;154 669 218;A01;0;7;0;1;1;1;1;
202000041603;154 669 217;A01;2;7;0;1;0;4;1;
202000041604;154 669 216;A01;2;37;0;1;2;1;1;1
202000041605;154 669 213;C01;1;7;0;2;3;1;1;
202000041605;154 669 214;B01;2;7;0;2;3;1;1;
202000041605;154 669 215;A01;1;30;0;2;1;17;1;
202000041606;154 669 212;A01;2;50;0;0;0;21;3;
202000041607;154 669 211;A01;2;1;0;1;1;1;5;
202000041608;154 669 209;B01;1;7;0;2;2;1;1;
202000041608;154 669 210;A01;1;50;0;2;4;15;3;
202000041609;154 669 207;B01;2;1;0;0;1;1;5;
202000041609;154 669 208;A01;2;7;0;2;3;22;1;
202000041610;154 669 206;A01;2;37;2;0;1;1;1;4
202000041611;154 669 203;A01;3;7;0;2;4;17;1;
202000041611;154 669 204;B01;3;7;0;2;4;2;1;
202000041611;154 669 205;C01;3;7;0;2;4;2;1;
202000041612;154 669 202;A01;1;50;0;0;0;15;3;
202000041613;154 669 198;D01;1;7;0;2;4;23;0;
202000041613;154 669 199;C01;1;7;0;2;4;0;0;
202000041613;154 669 200;B01;1;7;0;2;4;23;0;
202000041613;154 669 201;A01;1;7;0;2;1;1;0;
202000041614;154 669 197;A01;2;7;0;1;1;26;6;
202000041615;154 669 195;B01;1;7;0;0;8;15;1;
202000041615;154 669 196;A01;1;30;0;2;7;17;1;
202000041616;154 669 194;A01;1;1;0;1;1;9;5;
202000041617;154 669 193;A01;-1;7;0;1;2;26;3;
202000041618;154 669 191;B01;2;34;0;2;1;17;1;
202000041618;154 669 192;A01;2;10;0;2;3;13;1;
202000041619;154 669 189;DB01;1;7;1;1;7;2;1;
202000041619;154 669 190;A01;1;1;1;2;8;3;5;
202000041620;154 669 187;A01;0;7;0;2;1;9;1;
202000041620;154 669 188;B01;1;7;0;2;8;1;1;
202000041621;154 669 186;Z01;-1;7;0;1;1;1;0;
202000041622;154 669 185;A01;2;7;0;1;1;9;1;
202000041623;154 669 183;B01;2;32;0;2;1;2;0;
202000041623;154 669 184;A01;1;7;0;2;3;15;0;
202000041624;154 669 181;B01;3;37;0;2;1;1;1;5
202000041624;154 669 182;A01;3;7;0;2;4;1;2;
202000041625;154 669 180;A01;1;7;0;1;1;1;1;
202000041626;154 669 178;A01;1;1;0;2;1;1;5;
202000041626;154 669 179;B01;1;10;0;2;8;1;1;
202000041627;154 669 177;A01;1;7;0;1;0;0;1;
202000041628;154 669 175;A01;2;7;0;2;1;15;1;
202000041628;154 669 176;B01;1;7;0;2;1;1;1;
202000041629;154 669 172;A01;2;7;0;2;3;15;1;
202000041629;154 669 173;B01;1;31;0;2;1;1;1;
202000041629;154 669 174;C01;2;7;0;9;1;23;1;
202000041630;154 669 170;A01;2;7;0;2;5;15;0;
202000041630;154 669 171;B01;1;33;0;2;1;1;1;
202000041631;154 669 169;A01;3;80;0;0;9;1;3;
202000041632;154 669 168;A01;1;33;3;0;7;1;1;
202000041633;154 669 166;A01;1;7;0;2;3;13;1;
202000041633;154 669 167;B01;2;7;0;2;3;1;1;
202000041634;154 669 164;B01;1;21;0;2;3;15;1;
202000041634;154 669 165;A01;1;7;0;2;2;17;1;
202000041635;154 669 162;B01;1;31;0;2;1;1;1;
202000041635;154 669 163;A01;2;7;0;2;7;15;1;
202000041636;154 669 160;B01;1;7;5;2;2;13;1;
202000041636;154 669 161;A01;2;7;5;2;3;1;1;
202000041637;154 669 158;B01;2;10;13;2;9;2;6;
202000041637;154 669 159;A01;2;7;0;2;2;9;6;
202000041638;154 669 157;A01;1;33;15;0;1;26;1;
202000041639;154 669 156;A01;1;7;0;1;1;1;1;
202000041640;154 669 155;A01;2;7;13;0;0;0;1;
202000041641;154 669 154;A01;2;2;0;0;0;1;0;
202000041642;154 669 152;A01;3;7;0;2;7;1;0;
202000041642;154 669 153;B01;3;1;0;2;1;1;6;
202000041643;154 669 151;A01;1;7;15;0;2;21;1;
202000041644;154 669 149;A01;2;30;0;2;1;2;1;
202000041644;154 669 150;B01;2;7;0;0;4;2;1;
202000041645;154 669 147;A01;2;7;0;0;1;19;1;
202000041645;154 669 148;B01;1;33;0;0;8;1;1;
202000041646;154 669 146;A01;1;7;13;0;1;13;1;
202000041647;154 669 145;A01;1;7;13;0;1;14;1;
202000041648;154 669 143;A01;2;10;0;2;3;15;1;
202000041648;154 669 144;B01;1;33;0;2;1;1;1;
202000041649;154 669 142;A01;1;7;0;1;2;16;1;
202000041650;154 669 141;A01;3;7;14;0;0;0;1;
202000041651;154 669 139;A01;2;7;0;2;3;15;1;
202000041651;154 669 140;B01;2;33;0;2;1;17;1;
202000041652;154 669 137;A01;1;1;0;2;2;26;5;
202000041652;154 669 138;B01;1;7;0;2;2;1;1;
202000041653;154 669 136;A01;3;2;6;0;5;1;1;
202000041654;154 669 134;B01;1;15;0;2;7;1;1;
202000041654;154 669 135;A01;1;7;0;2;8;0;1;
202000041655;154 669 132;A01;1;7;0;2;1;17;1;
202000041655;154 669 133;B01;2;7;0;2;2;1;1;
202000041656;154 669 128;B01;2;7;0;2;4;2;1;
202000041656;154 669 129;A01;2;33;0;2;1;2;1;
202000041656;154 669 130;D01;1;7;0;2;3;1;1;
202000041656;154 669 131;C01;2;7;0;2;4;2;1;
202000041657;154 669 125;A01;2;7;0;2;6;15;1;
202000041657;154 669 126;B01;2;1;0;2;1;17;5;
202000041657;154 669 127;C01;2;1;0;2;1;17;5;
202000041658;154 669 124;A01;1;7;6;0;1;14;1;
202000041659;154 669 123;A01;3;7;1;0;3;0;1;
202000041660;154 669 121;B01;2;7;9;2;1;1;1;
202000041660;154 669 122;A01;3;7;9;2;7;19;1;
202000041661;154 669 118;A01;1;7;0;2;3;9;1;
202000041661;154 669 119;B01;1;1;0;2;2;1;5;
202000041662;154 669 117;A01;1;7;0;1;2;1;1;
202000041663;154 669 116;A01;2;7;15;0;1;14;1;
202000041664;154 669 115;A01;1;33;0;0;8;1;1;
202000041665;154 669 114;A01;1;7;0;1;2;1;1;
202000041666;154 669 112;B01;2;7;0;9;3;0;0;
202000041666;154 669 113;A01;1;2;0;2;3;0;0;
202000041667;154 669 110;A01;1;7;0;9;1;15;1;
202000041667;154 669 111;B01;2;1;0;2;1;1;5;
202000041668;154 669 109;A01;3;43;12;0;7;1;1;
202000041669;154 669 108;A01;1;7;0;1;1;1;1;
202000041670;154 669 107;A01;1;32;0;0;7;2;1;
202000041671;154 669 105;B01;2;1;0;2;1;1;5;
202000041671;154 669 106;A01;1;7;0;9;3;1;1;
202000041672;154 669 103;B01;2;33;0;0;4;2;1;
202000041672;154 669 104;A01;2;17;0;2;2;17;1;
202000041673;154 669 101;A01;2;10;0;2;1;1;1;
202000041673;154 669 102;B01;2;17;0;0;4;1;1;
202000041674;154 669 099;B01;1;15;0;0;6;1;1;
202000041674;154 669 100;A01;1;7;4;2;1;14;1;
202000041675;154 669 097;B01;0;34;0;2;1;1;1;
202000041675;154 669 098;A01;0;7;0;2;1;1;1;
202000041676;154 669 096;A01;1;17;13;0;8;14;1;
202000041677;154 669 095;A01;1;7;16;0;7;1;0;
202000041678;154 669 094;A01;2;7;16;0;3;1;1;
202000041679;154 669 093;A01;3;33;2;0;1;1;1;
202000041680;154 669 089;A01;1;2;12;2;8;10;1;
202000041680;154 669 090;B01;1;7;12;2;2;13;1;
202000041681;154 669 088;A01;2;1;0;0;7;0;5;
202000041682;154 669 086;A01;2;7;0;2;3;13;1;
202000041682;154 669 087;B01;1;33;0;2;8;1;1;
202000041683;154 669 085;A01;3;7;13;0;1;14;1;
202000041684;154 669 081;A01;3;7;0;2;3;1;4;
202000041684;154 669 082;B01;3;36;0;2;3;1;4;
202000041685;154 669 079;B01;2;10;0;1;4;23;1;
202000041685;154 669 080;A01;2;10;0;2;1;1;1;
202000041686;154 669 078;A01;2;7;3;0;0;1;1;
202000041687;154 669 077;A01;2;10;0;1;1;1;0;
202000041688;154 669 076;A01;1;34;12;0;7;0;1;
202000041689;154 669 074;A01;1;7;0;0;7;15;1;
202000041689;154 669 075;B01;1;2;0;2;1;18;1;
202000041690;154 669 072;B01;3;30;0;2;1;1;1;
202000041690;154 669 073;A01;3;7;0;2;7;15;1;
202000041691;154 669 071;A01;3;2;0;0;9;1;1;
202000041692;154 669 069;B01;2;7;0;2;8;19;1;
202000041692;154 669 070;A01;1;33;0;2;1;21;0;
202000041693;154 669 067;B01;2;7;0;0;0;26;1;
202000041693;154 669 068;A01;2;1;0;9;1;17;5;
202000041694;154 669 065;B01;1;7;0;0;4;24;1;
202000041694;154 669 066;A01;1;2;1;0;1;2;1;
202000041695;154 669 063;A01;1;10;0;2;6;15;1;
202000041695;154 669 064;B01;3;33;0;2;1;1;1;
202000041696;154 669 061;B01;1;10;0;0;0;13;1;
202000041696;154 669 062;A01;1;7;17;0;1;21;1;
202000041697;154 669 059;A01;2;7;0;2;1;2;1;
202000041697;154 669 060;B01;2;7;4;2;4;2;1;
202000041698;154 669 056;A01;2;33;0;2;3;3;1;
202000041698;154 669 057;C01;2;17;0;2;0;0;1;
202000041698;154 669 058;B01;2;10;0;2;5;0;1;
202000041699;154 669 053;B01;2;7;0;2;9;2;1;
202000041699;154 669 054;A01;2;7;0;2;9;2;1;
202000041699;154 669 055;C01;2;7;0;2;9;2;1;
202000041700;154 669 052;A01;1;10;0;2;3;1;1;
202000041701;154 669 050;A01;2;31;0;2;1;1;1;
202000041701;154 669 051;B01;2;7;0;0;5;1;1;
202000041702;154 669 046;B01;2;7;0;2;2;1;1;
202000041702;154 669 047;C01;1;33;0;2;2;3;1;
202000041702;154 669 048;D01;2;7;0;2;3;1;1;
202000041702;154 669 049;A01;2;33;0;2;3;3;1;
202000041703;154 669 044;A01;2;7;4;2;6;1;1;
202000041703;154 669 045;B01;2;10;0;2;2;1;1;
202000041704;154 669 041;A01;1;7;13;0;0;1;1;
202000041705;154 669 039;B01;2;7;0;9;2;16;2;
202000041705;154 669 040;A01;2;1;0;2;1;18;5;
202000041706;154 669 038;A01;2;7;4;0;2;15;1;
202000041707;154 669 036;A01;2;34;0;2;1;17;0;
202000041707;154 669 037;B01;2;7;0;2;6;15;0;
202000041708;154 669 034;A01;3;50;0;2;8;25;3;
202000041708;154 669 035;B01;1;10;0;2;1;2;1;
202000041709;154 669 032;A01;1;31;0;2;7;15;0;
202000041709;154 669 033;B01;1;3;0;2;0;1;0;
202000041710;154 669 030;A01;1;7;0;2;1;16;1;
202000041710;154 669 031;B01;1;37;0;2;2;1;1;1
202000041711;154 669 026;B01;1;33;0;2;7;1;1;
202000041711;154 669 027;A01;1;14;0;2;6;21;0;
202000041712;154 669 025;A01;3;7;1;0;2;14;1;
202000041713;154 669 024;A01;3;33;0;0;1;1;6;
202000041714;154 669 023;A01;1;30;0;0;0;1;1;
202000041715;154 669 021;B01;3;32;0;2;7;9;1;
202000041715;154 669 022;A01;3;7;0;2;3;9;2;
202000041716;154 669 020;A01;1;33;8;0;2;26;0;
202000041717;154 669 018;A01;1;7;0;2;6;1;1;
202000041717;154 669 019;Y01;1;60;0;2;1;19;5;
202000041718;154 669 017;A01;2;7;0;1;2;1;1;
202000041719;154 669 016;A01;2;7;1;0;1;19;1;
202000041720;154 669 014;B01;3;2;0;2;1;1;1;
202000041720;154 669 015;A01;3;7;0;0;3;15;0;
202000041721;154 669 012;B01;1;10;0;2;1;1;1;
202000041721;154 669 013;A01;2;7;0;2;1;5;1;
202000041722;154 669 010;A01;1;7;0;9;2;1;1;
202000041722;154 669 011;B01;1;1;0;2;1;19;5;
202000041723;154 669 008;A01;1;7;0;2;1;19;1;
202000041723;154 669 009;B01;1;7;0;2;7;1;0;
202000041724;154 669 006;A01;1;2;0;0;7;25;1;
202000041724;154 669 007;B01;1;7;0;0;3;20;1;
202000041725;154 669 004;B01;1;40;0;2;2;1;3;
202000041725;154 669 005;A01;1;7;0;4;3;19;1;
202000041726;154 669 002;A01;2;1;1;0;7;1;5;
202000041726;154 669 003;B01;2;7;0;2;8;20;1;
202000041727;154 669 000;B01;2;7;9;2;6;16;1;
202000041727;154 669 001;A01;2;7;1;1;1;1;1;
202000041728;154 668 999;A01;1;7;1;0;2;14;1;
202000041729;154 668 996;C01;1;2;0;2;1;1;1;
202000041729;154 668 997;A01;1;7;0;2;4;1;1;
202000041729;154 668 998;B01;1;7;0;2;0;9;1;
202000041730;154 668 994;B01;0;7;0;2;1;1;2;
202000041730;154 668 995;A01;0;7;0;2;7;26;0;
202000041731;154 668 993;A01;1;30;12;0;2;0;1;
202000041732;154 668 992;A01;3;7;0;0;9;0;0;
202000041733;154 668 991;A01;3;7;0;1;2;26;0;
202000041734;154 668 989;A01;1;7;0;2;2;20;1;
202000041734;154 668 990;B01;1;2;0;2;1;1;1;
202000041735;154 668 987;B01;0;7;0;2;1;1;0;
202000041735;154 668 988;A01;0;7;0;2;8;15;1;
202000041736;154 668 986;A01;2;30;0;0;7;16;1;
202000041737;154 668 985;A01;2;7;4;0;7;14;2;
202000041738;154 668 983;B01;1;7;0;2;5;1;1;
202000041738;154 668 984;A01;1;30;0;2;3;1;1;
202000041739;154 668 979;D01;1;1;0;2;1;1;5;
202000041739;154 668 980;C01;1;1;0;2;1;1;5;
202000041739;154 668 981;B01;1;1;0;2;1;1;5;
202000041739;154 668 982;A01;2;7;7;2;7;5;1;
202000041740;154 668 977;B01;1;1;0;2;1;7;5;
202000041740;154 668 978;A01;2;7;0;2;2;16;1;
202000041741;154 668 976;Z01;2;7;9;0;1;5;1;
202000041742;154 668 975;A01;3;7;0;1;1;15;1;
202000041743;154 668 974;Z01;1;7;1;0;2;5;1;
202000041744;154 668 973;Z01;2;1;0;1;1;1;5;
202000041745;154 668 972;A01;2;7;1;0;1;13;1;
202000041746;154 668 970;A01;2;7;0;2;8;13;1;
202000041746;154 668 971;B01;2;32;0;2;5;1;1;
202000041747;154 668 969;A01;2;30;14;0;1;14;1;
202000041748;154 668 967;B01;1;1;0;2;1;5;1;
202000041748;154 668 968;A01;2;30;0;2;1;1;1;
202000041749;154 668 965;A01;2;43;0;2;0;2;1;
202000041749;154 668 966;B01;2;7;0;0;0;16;0;
202000041750;154 668 964;A01;2;7;0;1;3;19;1;
202000041751;154 668 963;A01;2;14;12;2;1;14;1;
202000041752;154 668 962;A01;-1;3;0;1;2;9;0;
202000041753;154 668 961;A01;0;7;9;0;2;1;1;
202000041754;154 668 959;B01;1;7;0;2;1;1;0;
202000041754;154 668 960;A01;-1;32;0;2;5;10;0;
202000041755;154 668 957;B01;3;34;0;0;0;2;1;
202000041755;154 668 958;A01;3;34;4;0;0;2;1;
202000041756;154 668 955;A01;2;7;0;2;3;15;1;
202000041756;154 668 956;B01;2;1;0;2;1;17;5;
202000041757;154 668 954;A01;3;33;4;0;7;0;1;
202000041758;154 668 952;A01;2;10;0;2;7;15;1;
202000041758;154 668 953;B01;1;33;0;2;1;1;1;
202000041759;154 668 947;A01;1;33;0;6;1;1;1;
202000041760;154 668 946;A01;2;36;13;0;0;14;1;
202000041761;154 668 942;B01;2;7;0;2;6;2;1;
202000041761;154 668 943;A01;2;7;0;2;3;13;2;
202000041761;154 668 944;C01;1;7;0;2;3;1;1;
202000041761;154 668 945;D01;2;7;0;2;3;2;1;
202000041762;154 668 940;B01;1;7;0;2;3;1;1;
202000041762;154 668 941;A01;3;7;0;2;2;19;1;
202000041763;154 668 938;B01;1;7;0;0;4;15;0;
202000041763;154 668 939;A01;1;33;0;2;1;2;0;
202000041764;154 668 937;A01;1;33;0;0;0;1;1;
202000041765;154 668 934;A01;2;7;0;0;4;1;1;
202000041765;154 668 935;C01;2;7;0;2;1;1;1;
202000041765;154 668 936;B01;2;7;0;2;1;1;1;
202000041766;154 668 931;A01;1;34;9;0;1;1;0;
202000041767;154 668 930;A01;2;1;0;1;1;26;5;
202000041768;154 668 928;A01;3;7;15;0;1;26;1;
202000041768;154 668 929;B01;3;7;15;0;7;2;1;
202000041769;154 668 926;A01;1;7;0;2;1;16;1;
202000041769;154 668 927;B01;2;31;0;2;1;17;1;
202000041770;154 668 925;A01;2;7;0;0;1;1;0;
202000041771;154 668 924;A01;1;10;0;1;2;15;1;
202000041772;154 668 921;A01;2;60;0;2;1;1;5;
202000041772;154 668 922;B01;1;7;0;2;8;26;0;
202000041773;154 668 919;B01;2;33;0;2;1;1;1;
202000041773;154 668 920;A01;1;7;0;2;1;15;1;
202000041774;154 668 918;A01;1;33;0;0;8;15;1;
202000041775;154 668 916;A01;2;7;0;2;8;13;1;
202000041775;154 668 917;B01;2;31;0;2;7;17;1;
202000041776;154 668 914;B01;0;7;0;2;2;26;1;
202000041776;154 668 915;A01;0;7;0;2;3;26;1;
202000041777;154 668 912;A01;1;7;0;2;9;1;1;
202000041777;154 668 913;B01;1;7;0;2;1;1;0;
202000041778;154 668 911;A01;2;7;0;1;2;15;1;
202000041779;154 668 910;A01;3;7;0;1;1;15;1;
202000041780;154 668 909;A01;1;7;13;0;3;14;1;
202000041781;154 668 907;B01;1;40;0;2;7;1;3;
202000041781;154 668 908;A01;1;7;0;4;3;15;1;
202000041782;154 668 906;A01;1;7;4;0;3;1;1;
202000041783;154 668 904;B01;2;7;0;2;4;15;1;
202000041783;154 668 905;A01;2;7;0;2;3;1;1;
202000041784;154 668 902;B01;2;7;0;2;7;0;1;
202000041784;154 668 903;A01;2;33;0;2;1;2;1;
202000041785;154 668 901;A01;3;7;9;0;1;1;1;
202000041786;154 668 900;A01;1;7;1;0;1;2;1;
202000041787;154 668 899;A01;1;7;0;1;1;1;1;
202000041788;154 668 897;B01;3;2;0;2;6;15;3;
202000041788;154 668 898;A01;3;7;0;2;2;17;1;
202000041789;154 668 895;B01;2;1;0;2;0;0;5;
202000041789;154 668 896;A01;2;7;0;9;0;0;1;
202000041790;154 668 893;B01;2;1;12;2;1;9;6;
202000041790;154 668 894;A01;2;7;12;9;1;9;0;
202000041791;154 668 891;B01;1;7;0;2;1;1;1;
202000041791;154 668 892;A01;2;80;0;2;7;1;3;
202000041792;154 668 890;A01;2;7;8;0;8;13;1;
202000041793;154 668 888;A01;0;30;0;2;0;9;1;
202000041793;154 668 889;B01;1;10;0;2;1;1;1;
202000041794;154 668 886;Z01;1;7;0;2;1;0;1;
202000041794;154 668 887;A01;1;32;0;2;4;0;1;
202000041795;154 668 884;A01;1;7;0;2;1;1;1;
202000041795;154 668 885;B01;2;7;0;2;0;1;1;
202000041796;154 668 883;A01;1;7;4;0;1;1;1;
202000041797;154 668 882;A01;2;7;0;1;1;1;1;
202000041798;154 668 880;A01;2;33;0;2;1;13;1;
202000041798;154 668 881;B01;1;7;0;2;1;1;3;
202000041799;154 668 878;A01;3;7;0;2;5;15;1;
202000041799;154 668 879;B01;3;33;0;2;8;0;1;
202000041800;154 668 875;C01;1;10;0;2;8;1;1;
202000041800;154 668 876;B01;1;7;0;2;7;12;1;
202000041800;154 668 877;A01;1;33;0;2;1;3;1;
202000041801;154 668 874;Z01;2;7;0;1;2;15;1;
202000041802;154 668 873;A01;2;10;0;1;2;20;1;
202000041803;154 668 872;A01;3;7;0;1;1;1;1;
202000041804;154 668 871;A01;2;30;0;1;1;1;1;
202000041805;154 668 869;B01;3;33;0;2;1;1;1;
202000041805;154 668 870;A01;3;30;0;1;1;1;3;
202000041806;154 668 867;Z01;1;32;0;2;2;15;1;
202000041806;154 668 868;A01;1;30;0;2;3;1;3;
202000041807;154 668 866;Z01;1;7;0;1;0;0;0;
202000041808;154 668 865;A01;2;7;0;1;8;1;1;
202000041809;154 668 862;C01;1;7;0;2;4;23;1;
202000041809;154 668 863;B01;1;7;0;2;9;23;1;
202000041809;154 668 864;A01;1;7;0;2;1;1;1;
202000041810;154 668 860;B01;1;30;0;2;3;1;1;
202000041810;154 668 861;A01;1;43;0;2;2;1;1;
202000041811;154 668 858;Z01;2;33;0;2;1;1;0;
202000041811;154 668 859;A01;2;1;0;2;4;11;5;
202000041812;154 668 857;Z01;2;7;0;1;8;1;0;
202000041813;154 668 855;A01;2;7;0;2;2;1;1;
202000041813;154 668 856;B01;2;50;0;2;1;19;3;
202000041814;154 668 854;A01;1;30;14;0;1;14;1;
202000041815;154 668 852;A01;2;7;0;2;7;14;1;
202000041815;154 668 853;B01;2;32;0;2;3;1;1;
202000041816;154 668 850;Z01;1;1;0;2;1;1;5;
202000041816;154 668 851;A01;2;1;0;2;1;9;5;
202000041817;154 668 849;A01;1;1;0;0;0;21;5;
202000041818;154 668 847;A01;3;33;0;2;1;3;1;
202000041818;154 668 848;B01;3;7;0;2;6;15;1;
202000041819;154 668 845;A01;1;7;0;2;3;15;0;
202000041819;154 668 846;B01;1;32;0;2;1;1;1;
202000041820;154 668 843;B01;1;10;0;2;7;15;1;
202000041820;154 668 844;A01;1;36;0;2;1;1;1;
202000041821;154 668 842;A01;3;1;0;1;1;1;5;
202000041822;154 668 840;A01;1;33;0;2;1;1;1;
202000041822;154 668 841;B01;2;7;0;2;1;19;1;
202000041823;154 668 838;A01;-1;7;0;2;1;15;1;
202000041823;154 668 839;B01;-1;30;0;0;8;1;0;
202000041824;154 668 836;A01;1;10;0;2;2;16;1;
202000041824;154 668 837;B01;1;34;0;2;3;18;1;
202000041825;154 668 834;A01;1;10;0;2;2;9;1;
202000041825;154 668 835;B01;2;30;0;2;1;2;1;
202000041826;154 668 832;B01;1;10;0;2;1;2;1;
202000041826;154 668 833;A01;1;7;0;9;4;23;1;
202000041827;154 668 830;B01;1;7;0;2;0;1;0;
202000041827;154 668 831;A01;1;32;0;2;1;18;1;
202000041828;154 668 828;A01;1;7;0;2;3;13;1;
202000041828;154 668 829;B01;2;7;0;2;3;1;1;
202000041829;154 668 826;A01;3;7;0;1;3;26;1;
202000041830;154 668 825;A01;2;7;4;0;3;14;1;
202000041831;154 668 822;B01;1;7;0;2;1;15;1;
202000041831;154 668 823;A01;2;7;0;2;1;1;1;
202000041832;154 668 820;A01;1;1;0;2;1;13;5;
202000041832;154 668 821;B01;2;7;0;2;1;1;1;
202000041833;154 668 818;B01;2;7;0;2;3;1;1;
202000041833;154 668 819;A01;1;7;0;2;2;11;1;
202000041834;154 668 817;A01;2;7;8;0;1;13;1;
202000041835;154 668 814;B01;2;7;0;2;1;1;6;
202000041835;154 668 815;A01;1;10;0;2;1;5;6;
202000041836;154 668 813;A01;2;7;11;0;0;0;1;
202000041837;154 668 811;B01;2;10;0;2;3;1;1;
202000041837;154 668 812;A01;1;7;0;2;3;13;1;
202000041838;154 668 809;B01;1;7;0;2;3;13;1;
202000041838;154 668 810;A01;2;7;0;2;3;1;1;
202000041839;154 668 807;B01;1;7;0;2;3;1;1;
202000041839;154 668 808;A01;2;10;0;2;1;13;1;
202000041840;154 668 805;A01;3;7;0;2;2;20;1;
202000041840;154 668 806;B01;3;2;0;2;1;1;1;
202000041841;154 668 804;A01;1;7;1;0;1;1;1;
202000041842;154 668 803;A01;1;2;12;0;7;1;1;
202000041843;154 668 802;A01;1;7;2;0;1;1;1;
202000041844;154 668 801;A01;3;7;17;0;6;0;1;
202000041845;154 668 800;A01;1;36;6;0;1;1;1;
202000041846;154 668 798;A01;2;2;0;2;1;0;1;
202000041846;154 668 799;B01;1;2;0;2;1;0;1;
202000041847;154 668 797;A01;1;7;8;0;1;1;1;
202000041848;154 668 795;A01;3;7;0;2;1;1;1;
202000041848;154 668 796;B01;0;7;0;2;8;1;1;
202000041849;154 668 794;A01;1;2;0;0;8;1;1;
202000041850;154 668 793;A01;1;7;2;0;3;1;1;
202000041851;154 668 792;A01;1;7;13;0;2;1;1;
202000041852;154 668 790;A01;3;7;0;2;1;15;1;
202000041852;154 668 791;B01;3;1;0;2;8;1;5;
202000041853;154 668 789;A01;3;7;1;1;1;13;1;
202000041854;154 668 787;B01;3;7;0;2;1;1;0;
202000041854;154 668 788;A01;3;33;0;2;1;17;0;
202000041855;154 668 786;A01;1;33;0;0;3;1;1;
202000041856;154 668 784;B01;0;10;0;2;3;15;1;
202000041856;154 668 785;A01;2;7;0;2;3;1;1;
202000041857;154 668 782;B01;0;7;9;2;7;19;0;
202000041857;154 668 783;A01;3;7;9;2;1;26;0;
202000041858;154 668 781;A01;1;7;2;0;2;1;1;
202000041859;154 668 780;A01;3;7;0;0;0;1;1;
202000041860;154 668 779;A01;2;7;2;0;6;13;1;
202000041861;154 668 777;B01;1;7;0;2;2;2;0;
202000041861;154 668 778;A01;1;3;2;0;6;1;0;
202000041862;154 668 775;A01;1;33;0;9;3;1;1;
202000041862;154 668 776;B01;2;7;0;9;2;1;0;