num_acc;id_vehicule;num_veh;senc;catv;obs;obsm;choc;manv;motor;occutc
202000041863;154 668 773;A01;2;7;0;2;1;17;0;
202000041863;154 668 774;B01;1;7;0;2;1;1;0;
202000041864;154 668 772;A01;1;32;14;0;1;13;1;
202000041865;154 668 771;A01;1;7;2;0;7;1;1;
202000041866;154 668 768;C01;0;7;0;0;4;14;1;
202000041866;154 668 769;B01;0;7;0;2;3;14;1;
202000041866;154 668 770;A01;3;7;1;0;1;17;1;
202000041867;154 668 767;A01;0;7;0;1;2;21;1;
202000041868;154 668 765;A01;0;7;0;9;1;9;1;
202000041868;154 668 766;B01;0;1;0;2;7;1;5;
202000041869;154 668 763;B01;2;7;8;2;6;1;0;
202000041869;154 668 764;A01;2;7;0;2;1;1;0;
202000041870;154 668 761;A01;1;7;0;2;3;1;1;
202000041870;154 668 762;B01;2;33;0;2;1;1;1;
202000041871;154 668 759;A01;0;7;0;2;2;19;1;
202000041871;154 668 760;B01;0;2;0;2;1;1;1;
202000041872;154 668 757;A01;1;1;0;2;0;5;5;
202000041872;154 668 758;B01;2;7;0;9;3;1;1;
202000041873;154 668 756;A01;0;7;13;0;9;1;1;
202000041874;154 668 755;A01;2;7;4;0;3;1;1;
202000041875;154 668 753;A01;2;7;0;2;1;2;1;
202000041875;154 668 754;B01;2;7;0;0;4;1;1;
202000041876;154 668 751;A01;1;7;0;2;1;2;1;
202000041876;154 668 752;B01;1;7;0;2;4;1;1;
202000041877;154 668 748;C01;2;7;0;0;4;1;1;
202000041877;154 668 749;B01;2;31;0;2;5;1;1;
202000041877;154 668 750;A01;2;7;0;2;8;11;1;
202000041878;154 668 746;B01;2;32;0;2;1;3;1;
202000041878;154 668 747;A01;2;7;0;2;5;1;1;
202000041879;154 668 743;A01;2;10;0;2;1;2;1;
202000041879;154 668 744;C01;2;7;0;2;4;2;1;
202000041879;154 668 745;B01;2;7;0;2;4;2;1;
202000041880;154 668 739;C01;1;7;0;2;4;2;1;
202000041880;154 668 740;B01;1;7;0;2;4;2;1;
202000041880;154 668 741;A01;1;7;0;2;1;2;1;
202000041880;154 668 742;D01;1;7;0;2;4;2;1;
202000041881;154 668 738;A01;1;7;0;0;9;1;1;
202000041882;154 668 735;B01;1;7;0;2;4;2;1;
202000041882;154 668 736;A01;1;10;0;2;1;2;1;
202000041882;154 668 737;C01;1;7;0;2;4;2;1;
202000041883;154 668 732;C01;1;7;0;2;5;1;1;
202000041883;154 668 733;B01;1;7;0;2;6;1;1;
202000041883;154 668 734;A01;1;10;0;2;2;14;1;
202000041884;154 668 730;B01;2;33;0;2;0;0;1;
202000041884;154 668 731;Z01;2;7;0;2;0;11;0;
202000041885;154 668 727;B01;2;33;0;2;1;3;1;
202000041885;154 668 728;A01;2;7;0;2;6;11;1;
202000041885;154 668 729;C01;1;7;0;2;6;1;1;
202000041886;154 668 723;B01;3;1;0;2;1;1;5;
202000041886;154 668 724;A01;3;7;0;2;2;16;1;
202000041887;154 668 722;A01;1;30;9;0;1;26;1;
202000041888;154 668 720;B01;2;7;0;2;6;26;1;
202000041888;154 668 721;A01;2;7;0;2;1;1;1;
202000041889;154 668 719;A01;3;99;0;2;1;26;0;
202000041890;154 668 717;A01;1;7;0;2;1;1;1;
202000041890;154 668 718;B01;1;7;0;2;4;1;1;
202000041891;154 668 715;B01;2;7;0;2;2;15;1;
202000041891;154 668 716;A01;1;7;0;2;3;19;1;
202000041892;154 668 713;B01;0;7;0;2;7;1;1;
202000041892;154 668 714;A01;0;30;0;2;1;9;1;
202000041893;154 668 712;A01;1;7;0;1;4;20;1;
202000041894;154 668 710;B01;2;13;0;2;6;23;0;
202000041894;154 668 711;A01;2;7;1;0;1;1;0;
202000041895;154 668 709;A01;1;33;14;2;1;16;6;
202000041896;154 668 707;A01;1;7;0;2;1;5;1;
202000041896;154 668 708;B01;1;30;0;2;1;1;3;
202000041897;154 668 706;A01;1;7;0;1;2;1;1;
202000041898;154 668 704;A01;2;7;0;2;1;15;6;
202000041898;154 668 705;B01;1;7;0;2;3;1;1;
202000041899;154 668 702;B01;3;7;0;2;1;1;1;
202000041899;154 668 703;A01;3;7;0;2;1;15;1;
202000041900;154 668 701;A01;1;3;0;1;5;13;1;
202000041901;154 668 700;A01;3;10;0;1;0;0;1;
202000041902;154 668 698;B01;1;7;0;2;4;2;1;
202000041902;154 668 699;A01;1;30;0;2;1;2;1;
202000041903;154 668 697;A01;2;7;0;1;2;1;1;
202000041904;154 668 695;A01;1;7;0;2;1;2;1;
202000041904;154 668 696;B01;1;7;0;2;4;0;1;
202000041905;154 668 694;A01;1;7;0;1;3;17;0;
202000041906;154 668 692;B01;0;10;0;2;8;1;1;
202000041906;154 668 693;A01;0;7;0;2;2;1;1;
202000041907;154 668 690;A01;1;10;0;2;3;13;1;
202000041907;154 668 691;B01;2;10;0;2;3;13;1;
202000041908;154 668 688;B01;3;1;0;2;7;9;6;
202000041908;154 668 689;A01;3;7;0;2;3;9;1;
202000041909;154 668 687;A01;1;7;0;1;1;26;1;
202000041910;154 668 685;A01;2;7;0;2;1;1;1;
202000041910;154 668 686;B01;2;7;8;2;7;15;1;
202000041911;154 668 683;A01;0;99;0;0;0;0;0;
202000041911;154 668 684;Z01;0;3;0;0;1;9;0;
202000041912;154 668 681;A01;3;7;0;2;1;26;1;
202000041912;154 668 682;B01;3;7;0;2;3;26;1;
202000041913;154 668 677;D01;1;10;0;2;1;1;1;
202000041913;154 668 678;C01;2;7;0;2;0;1;1;
202000041913;154 668 679;B01;1;7;0;2;0;1;1;
202000041913;154 668 680;A01;2;7;0;2;0;13;1;
202000041914;154 668 676;A01;2;7;0;1;2;1;1;
202000041915;154 668 674;A01;3;7;0;2;0;0;0;
202000041915;154 668 675;B01;3;7;0;2;0;0;0;
202000041916;154 668 671;B01;3;7;0;2;7;1;2;
202000041916;154 668 672;A01;3;7;0;2;1;1;1;
202000041917;154 668 667;A01;0;17;0;2;2;15;1;
202000041917;154 668 668;B01;0;2;0;2;1;1;1;
202000041918;154 668 665;B01;3;80;0;2;3;0;3;
202000041918;154 668 666;A01;3;7;0;2;3;1;1;
202000041919;154 668 662;C01;1;7;0;2;4;0;1;
202000041919;154 668 663;B01;1;7;0;2;0;0;1;
202000041919;154 668 664;A01;1;7;0;2;1;0;1;
202000041920;154 668 661;A01;2;7;0;1;1;1;0;
202000041921;154 668 659;B01;1;7;0;2;1;1;1;
202000041921;154 668 660;A01;2;7;0;2;1;5;1;
202000041922;154 668 657;B01;3;99;0;2;7;1;1;
202000041922;154 668 658;A01;2;10;0;2;8;9;1;
202000041923;154 668 655;A01;3;7;0;2;4;1;1;
202000041923;154 668 656;B01;3;30;0;2;1;1;1;
202000041924;154 668 653;A01;2;10;0;2;1;16;1;
202000041924;154 668 654;B01;2;50;0;2;1;1;3;
202000041925;154 668 651;B01;1;7;0;2;4;1;1;
202000041925;154 668 652;A01;1;7;0;2;1;1;1;
202000041926;154 668 649;A01;1;7;0;2;3;15;1;
202000041926;154 668 650;B01;2;33;0;2;8;1;1;
202000041927;154 668 647;B01;2;33;0;2;1;21;1;
202000041927;154 668 648;A01;1;7;0;2;2;15;1;
202000041928;154 668 646;A01;1;7;1;0;0;14;1;
202000041929;154 668 643;C01;1;7;0;2;4;1;1;
202000041929;154 668 644;B01;1;7;0;2;4;1;0;
202000041929;154 668 645;A01;1;21;0;2;1;1;1;
202000041930;154 668 642;A01;1;7;0;1;1;1;1;
202000041931;154 668 641;A01;1;7;0;1;3;15;1;
202000041932;154 668 639;B01;3;7;0;2;3;1;0;
202000041932;154 668 640;A01;3;7;0;2;8;1;0;
202000041933;154 668 637;B01;3;7;0;2;7;9;1;
202000041933;154 668 638;A01;3;7;0;2;1;9;1;
202000041934;154 668 636;A01;3;7;6;0;1;1;1;
202000041935;154 668 634;A01;1;7;0;2;7;23;1;
202000041935;154 668 635;B01;1;7;12;0;3;15;1;
202000041936;154 668 632;A01;2;7;0;1;1;15;1;
202000041937;154 668 631;A01;1;7;2;0;1;14;1;
202000041938;154 668 630;A01;0;60;0;1;1;21;5;
202000041939;154 668 628;B01;0;7;0;2;1;1;1;
202000041939;154 668 629;A01;0;7;0;2;1;15;1;
202000041940;154 668 626;B01;2;30;0;2;1;1;3;
202000041940;154 668 627;A01;2;7;0;2;3;15;1;
202000041941;154 668 624;B01;3;1;0;2;6;2;5;
202000041941;154 668 625;A01;3;7;0;2;2;2;1;
202000041942;154 668 623;A01;0;10;0;1;3;15;1;
202000041943;154 668 621;A01;2;7;0;2;1;1;1;
202000041943;154 668 622;B01;1;7;0;0;4;1;1;
202000041944;154 668 619;B01;1;7;0;2;4;12;1;
202000041944;154 668 620;A01;1;7;0;2;1;11;1;
202000041945;154 668 618;A01;3;10;9;0;1;26;1;
202000041946;154 668 616;B01;1;7;0;2;4;2;1;
202000041946;154 668 617;A01;1;7;14;2;1;21;1;
202000041947;154 668 614;A01;1;7;12;2;4;13;1;
202000041947;154 668 615;B01;2;7;0;2;1;1;1;
202000041948;154 668 612;A01;1;10;0;4;8;26;1;
202000041948;154 668 613;B01;2;40;0;2;1;1;3;
202000041949;154 668 611;Z01;2;7;0;1;1;1;1;
202000041950;154 668 608;C01;2;7;0;2;1;1;1;
202000041950;154 668 609;B01;2;7;0;2;1;1;1;
202000041950;154 668 610;A01;1;7;0;2;1;13;1;
202000041951;154 668 607;A01;1;7;12;0;1;15;1;
202000041952;154 668 605;B01;1;10;0;2;3;1;1;
202000041952;154 668 606;A01;1;7;0;2;2;15;1;
202000041953;154 668 604;A01;3;7;1;0;0;1;1;
202000041954;154 668 602;B01;1;7;0;2;1;1;1;
202000041954;154 668 603;A01;1;7;0;2;8;16;1;
202000041955;154 668 601;A01;2;33;8;0;1;1;1;
202000041956;154 668 600;A01;1;3;12;0;2;16;1;
202000041957;154 668 597;A01;2;7;0;2;1;0;0;
202000041957;154 668 598;C01;1;7;0;2;3;1;1;
202000041957;154 668 599;B01;2;7;0;2;4;1;1;
202000041958;154 668 596;A01;1;7;0;1;2;1;1;
202000041959;154 668 594;A01;2;7;0;2;2;15;1;
202000041959;154 668 595;B01;1;2;0;2;8;1;1;
202000041960;154 668 592;A01;0;7;0;2;2;15;1;
202000041960;154 668 593;B01;0;7;0;2;1;1;0;
202000041961;154 668 591;A01;1;7;0;0;2;26;1;
202000041962;154 668 588;C01;3;7;0;2;1;1;1;
202000041962;154 668 589;B01;3;7;0;2;3;1;1;
202000041962;154 668 590;A01;3;7;0;2;3;13;1;
202000041963;154 668 586;B01;1;7;0;2;2;1;1;
202000041963;154 668 587;A01;1;7;0;2;4;20;1;
202000041964;154 668 585;A01;3;7;0;1;1;1;1;
202000041965;154 668 584;A01;1;7;0;1;1;26;1;
202000041966;154 668 582;B01;2;7;0;2;4;1;1;
202000041966;154 668 583;A01;2;7;0;2;1;1;1;
202000041967;154 668 581;A01;2;7;2;0;9;26;1;
202000041968;154 668 579;A01;3;7;0;2;1;5;0;
202000041968;154 668 580;B01;3;30;0;2;1;1;1;
202000041969;154 668 577;B01;2;30;0;2;1;1;0;
202000041969;154 668 578;A01;2;7;0;2;2;15;0;
202000041970;154 668 575;A01;0;7;0;2;4;1;1;
202000041970;154 668 576;B01;0;7;0;2;1;1;1;
202000041971;154 668 573;A01;3;7;0;2;8;11;1;
202000041971;154 668 574;B01;3;2;0;2;7;1;1;
202000041972;154 668 572;A01;1;34;0;0;0;1;1;
202000041973;154 668 570;B01;1;7;0;2;3;13;1;
202000041973;154 668 571;A01;2;7;0;2;3;1;1;
202000041974;154 668 568;A01;3;2;0;2;1;5;1;
202000041974;154 668 569;B01;3;7;0;2;2;1;1;
202000041975;154 668 566;A01;2;7;0;2;0;9;0;
202000041975;154 668 567;B01;2;34;0;2;7;12;1;
202000041976;154 668 565;A01;1;1;1;0;7;1;5;
202000041977;154 668 563;A01;2;7;0;2;7;16;1;
202000041977;154 668 564;B01;2;30;0;2;1;1;1;
202000041978;154 668 562;A01;3;7;0;1;2;20;1;
202000041979;154 668 560;A01;2;7;0;2;6;0;1;
202000041979;154 668 561;B01;2;7;14;2;2;2;1;
202000041980;154 668 556;D01;2;7;0;2;4;1;1;
202000041980;154 668 557;B01;2;7;0;2;4;1;4;
202000041980;154 668 558;A01;2;7;0;2;1;1;1;
202000041980;154 668 559;C01;2;7;0;2;4;1;4;
202000041981;154 668 554;A01;2;3;0;2;1;9;1;
202000041981;154 668 555;B01;2;33;0;2;7;1;1;
202000041982;154 668 552;A01;1;10;0;2;1;1;1;
202000041982;154 668 553;B01;1;7;0;2;4;1;1;
202000041983;154 668 551;Z01;1;7;0;1;4;4;0;
202000041984;154 668 549;B01;1;33;0;2;1;17;1;
202000041984;154 668 550;A01;1;7;0;2;6;15;1;
202000041985;154 668 546;A01;1;10;0;2;1;1;0;
202000041985;154 668 547;B01;1;10;0;2;4;1;0;
202000041985;154 668 548;C01;1;10;0;2;4;1;0;
202000041986;154 668 543;B01;1;10;0;2;1;2;1;
202000041986;154 668 544;A01;1;7;0;2;1;1;1;
202000041986;154 668 545;Y01;2;50;0;2;8;5;3;
202000041987;154 668 541;B01;1;30;0;2;4;1;0;
202000041987;154 668 542;A01;1;7;0;0;1;0;0;
202000041988;154 668 538;B01;3;7;0;2;3;1;0;
202000041988;154 668 539;A01;3;34;0;2;1;17;0;
202000041988;154 668 540;C01;0;7;0;2;3;1;0;
202000041989;154 668 537;Z01;2;7;0;1;2;13;0;
202000041990;154 668 534;C01;1;7;0;0;0;0;1;
202000041990;154 668 535;A01;2;7;0;2;1;1;1;
202000041990;154 668 536;B01;1;7;0;2;7;1;1;
202000041991;154 668 532;A01;0;7;1;2;3;1;1;
202000041991;154 668 533;B01;0;7;0;2;2;1;1;
202000041992;154 668 530;A01;1;10;0;2;1;13;1;
202000041992;154 668 531;B01;2;15;0;2;1;21;1;
202000041993;154 668 528;B01;1;33;0;2;8;18;1;
202000041993;154 668 529;A01;1;7;0;2;7;22;1;
202000041994;154 668 527;A01;2;7;2;0;1;13;1;
202000041995;154 668 525;A01;2;7;0;2;3;9;1;
202000041995;154 668 526;B01;2;1;0;2;0;1;5;
202000041996;154 668 524;A01;2;7;0;1;1;1;1;
202000041997;154 668 522;A01;1;34;8;2;7;11;1;
202000041997;154 668 523;B01;1;33;0;2;8;1;1;
202000041998;154 668 520;A01;1;32;0;2;2;5;1;
202000041998;154 668 521;B01;1;7;0;2;3;13;1;
202000041999;154 668 518;Z01;1;7;0;2;3;10;0;
202000041999;154 668 519;A01;2;32;0;2;6;17;1;
202000042000;154 668 517;A01;2;60;0;1;1;8;5;
202000042001;154 668 515;A01;2;7;0;2;2;15;1;
202000042001;154 668 516;B01;1;2;0;2;1;1;1;
202000042002;154 668 513;B01;3;1;0;2;7;1;5;
202000042002;154 668 514;A01;3;7;0;2;3;1;2;
202000042003;154 668 512;A01;2;1;8;0;1;25;5;
202000042004;154 668 510;B01;1;33;0;2;8;1;1;
202000042004;154 668 511;A01;2;7;0;2;3;16;1;
202000042005;154 668 508;A01;1;7;0;2;2;15;1;
202000042005;154 668 509;B01;1;7;0;2;3;0;1;
202000042006;154 668 506;A01;1;7;0;2;2;15;0;
202000042006;154 668 507;B01;2;7;0;2;3;1;1;
202000042007;154 668 505;A01;3;7;3;0;1;1;1;
202000042008;154 668 503;B01;0;7;0;2;3;23;0;
202000042008;154 668 504;A01;3;7;0;2;1;16;0;
202000042009;154 668 502;A01;-1;7;0;1;1;1;1;
202000042010;154 668 499;A01;3;7;0;2;1;9;1;
202000042010;154 668 500;B01;3;33;0;2;4;2;1;
202000042010;154 668 501;C01;0;7;0;2;7;2;1;
202000042011;154 668 498;A01;3;7;0;1;4;20;0;
202000042012;154 668 496;A01;1;7;0;2;1;11;0;
202000042012;154 668 497;B01;1;33;0;2;1;1;0;
202000042013;154 668 494;B01;2;31;0;2;7;1;0;
202000042013;154 668 495;A01;1;7;0;2;5;15;0;
202000042014;154 668 493;A01;2;30;0;0;0;26;1;
202000042015;154 668 491;A01;2;32;0;2;5;10;1;
202000042015;154 668 492;B01;2;43;0;2;1;1;1;
202000042016;154 668 489;B01;2;50;0;2;1;1;3;
202000042016;154 668 490;A01;1;1;0;2;7;15;5;
202000042017;154 668 487;A01;2;10;0;2;3;15;6;
202000042017;154 668 488;B01;1;33;0;2;3;1;0;
202000042018;154 668 484;A01;2;7;0;2;0;15;1;
202000042018;154 668 485;B01;3;42;0;2;7;14;1;
202000042018;154 668 486;C01;1;7;0;2;3;2;1;
202000042019;154 668 482;B01;2;20;0;2;0;0;1;
202000042019;154 668 483;A01;2;32;0;2;0;0;0;
202000042020;154 668 480;A01;2;7;1;0;0;26;1;
202000042020;154 668 481;B01;1;7;0;2;6;24;1;
202000042021;154 668 478;A01;1;32;0;2;7;7;1;
202000042021;154 668 479;B01;1;7;0;2;3;15;1;
202000042022;154 668 477;A01;1;7;13;0;1;0;1;
202000042023;154 668 476;A01;1;7;15;0;2;1;1;
202000042024;154 668 473;B01;1;7;0;2;1;1;1;
202000042024;154 668 474;A01;1;7;0;2;1;15;1;
202000042024;154 668 475;C01;1;7;0;2;3;1;1;
202000042025;154 668 471;A01;1;7;8;0;0;1;1;
202000042026;154 668 470;A01;1;7;0;1;2;1;1;
202000042027;154 668 467;A01;2;33;0;2;1;1;1;
202000042027;154 668 468;B01;3;7;0;2;3;19;1;
202000042028;154 668 465;A01;1;7;13;2;3;13;1;
202000042028;154 668 466;B01;2;7;0;0;6;1;2;
202000042029;154 668 463;B01;1;33;0;2;8;1;1;
202000042029;154 668 464;A01;2;7;0;2;1;15;1;
202000042030;154 668 461;A01;1;7;0;0;2;0;1;
202000042030;154 668 462;B01;1;1;0;0;4;1;5;
202000042031;154 668 460;A01;2;7;1;1;7;0;1;
202000042032;154 668 458;B01;2;7;0;2;7;1;1;
202000042032;154 668 459;A01;1;10;0;2;1;1;1;
202000042033;154 668 456;A01;1;7;0;2;1;1;0;
202000042033;154 668 457;B01;2;7;0;2;1;1;0;
202000042034;154 668 454;A01;3;2;0;2;7;1;1;
202000042034;154 668 455;B01;3;7;0;2;1;1;1;
202000042035;154 668 452;B01;3;1;0;2;7;17;5;
202000042035;154 668 453;A01;3;7;0;9;1;9;1;
202000042036;154 668 450;B01;1;7;0;2;3;1;1;
202000042036;154 668 451;A01;2;1;0;2;3;16;5;
202000042037;154 668 446;A01;2;7;0;2;3;15;1;
202000042037;154 668 447;B01;1;1;0;2;8;1;5;
202000042038;154 668 445;A01;1;99;0;0;0;1;1;
202000042039;154 668 443;A01;2;7;0;2;3;1;1;
202000042039;154 668 444;B01;1;7;0;2;3;1;1;
202000042040;154 668 441;B01;3;10;0;2;3;1;1;
202000042040;154 668 442;A01;3;7;0;2;3;1;1;
202000042041;154 668 440;A01;1;7;2;0;1;1;1;
202000042042;154 668 438;A01;1;7;0;0;2;2;1;
202000042042;154 668 439;B01;1;1;0;0;4;2;5;
202000042043;154 668 437;A01;1;2;0;0;8;15;1;
202000042044;154 668 436;A01;3;33;0;0;0;1;1;
202000042045;154 668 434;B01;1;7;8;0;3;1;1;
202000042045;154 668 435;A01;2;7;3;0;2;13;1;
202000042046;154 668 433;A01;2;7;13;9;1;1;1;
202000042047;154 668 432;A01;2;7;2;0;0;13;1;
202000042048;154 668 431;A01;0;21;0;0;0;26;1;
202000042049;154 668 429;A01;1;32;0;2;6;2;1;
202000042049;154 668 430;B01;1;7;0;2;2;2;0;
202000042050;154 668 427;A01;1;10;0;2;1;1;1;
202000042050;154 668 428;B01;2;10;0;2;3;1;1;
202000042051;154 668 425;A01;0;7;0;0;4;1;1;
202000042051;154 668 426;B01;0;7;0;2;1;1;1;
202000042052;154 668 423;B01;2;7;0;2;3;1;0;
202000042052;154 668 424;A01;1;33;0;2;1;1;1;
202000042053;154 668 420;A01;1;7;2;0;0;13;1;
202000042054;154 668 419;A01;3;2;6;0;2;16;6;
202000042055;154 668 416;C01;1;7;0;2;2;2;1;
202000042055;154 668 417;B01;1;1;0;2;4;1;5;
202000042055;154 668 418;A01;1;1;0;2;4;2;5;
202000042056;154 668 415;A01;2;7;0;0;0;1;1;
202000042057;154 668 413;B01;2;7;0;2;1;1;1;
202000042057;154 668 414;A01;2;7;0;2;6;19;1;
202000042058;154 668 411;A01;3;7;0;2;8;19;1;
202000042058;154 668 412;B01;2;7;0;2;1;1;1;
202000042059;154 668 410;A01;2;7;2;0;2;1;1;
202000042060;154 668 409;A01;1;7;8;0;8;1;1;
202000042061;154 668 408;A01;1;1;2;0;3;1;5;
202000042062;154 668 406;B01;1;1;0;2;3;1;5;
202000042062;154 668 407;A01;2;7;0;9;3;1;1;
202000042063;154 668 404;A01;2;2;0;9;1;2;1;
202000042063;154 668 405;B01;2;1;0;2;4;2;5;
202000042064;154 668 403;A01;2;7;13;0;1;1;1;
202000042065;154 668 402;A01;3;7;4;1;2;1;1;
202000042066;154 668 400;B01;2;80;0;2;3;1;3;
202000042066;154 668 401;A01;2;7;0;0;7;16;1;
202000042067;154 668 396;A01;1;7;2;2;3;13;1;
202000042067;154 668 397;D01;2;15;0;2;6;1;1;
202000042067;154 668 398;C01;2;1;0;2;8;1;5;
202000042067;154 668 399;B01;2;1;0;2;0;1;5;
202000042068;154 668 395;A01;2;2;0;0;0;2;1;
202000042069;154 668 393;A01;1;7;0;2;1;0;1;
202000042069;154 668 394;B01;1;7;0;2;1;0;1;
202000042070;154 668 392;A01;1;7;0;1;2;14;1;
202000042071;154 668 391;A01;0;7;8;0;1;1;1;
202000042072;154 668 389;A01;2;7;0;2;3;21;1;
202000042072;154 668 390;B01;1;33;0;2;1;13;1;
202000042073;154 668 388;A01;1;7;13;0;2;14;1;
202000042074;154 668 386;A01;1;7;0;2;2;5;0;
202000042074;154 668 387;B01;2;7;0;2;2;1;0;
202000042075;154 668 384;B01;2;7;0;2;1;1;1;
202000042075;154 668 385;A01;1;7;0;2;1;13;1;
202000042076;154 668 383;A01;3;36;13;0;0;1;1;
202000042077;154 668 381;B01;2;31;0;2;1;1;1;
202000042077;154 668 382;A01;1;7;0;2;2;13;1;
202000042078;154 668 380;A01;1;7;6;0;1;13;1;
202000042079;154 668 378;B01;0;1;0;2;8;1;5;
202000042079;154 668 379;A01;0;7;0;9;1;15;1;
202000042080;154 668 377;A01;1;7;6;0;8;0;6;
202000042081;154 668 375;A01;1;7;0;2;3;1;1;
202000042081;154 668 376;B01;1;7;16;2;3;1;1;
202000042082;154 668 373;B01;2;7;0;2;3;14;1;
202000042082;154 668 374;A01;1;7;0;2;3;13;1;
202000042083;154 668 371;B01;2;7;4;2;1;1;0;
202000042083;154 668 372;A01;1;7;0;2;3;13;0;
202000042084;154 668 369;A01;1;7;0;2;2;1;1;
202000042084;154 668 370;B01;2;7;0;2;1;1;1;
202000042085;154 668 367;A01;1;7;0;2;3;15;0;
202000042085;154 668 368;B01;2;2;0;2;0;1;0;
202000042086;154 668 365;A01;2;13;0;2;1;13;1;
202000042086;154 668 366;B01;1;15;0;2;1;1;1;
202000042087;154 668 363;B01;2;7;6;2;3;1;1;
202000042087;154 668 364;A01;1;7;0;2;3;13;1;
202000042088;154 668 361;A01;1;7;0;2;7;17;1;
202000042088;154 668 362;B01;1;1;0;2;8;1;5;
202000042089;154 668 360;A01;1;7;0;1;1;1;1;
202000042090;154 668 358;A01;2;7;4;0;3;26;1;
202000042091;154 668 355;B01;2;7;0;2;4;2;1;
202000042091;154 668 356;A01;2;7;0;2;1;1;1;
202000042091;154 668 357;C01;2;7;0;2;4;2;1;
202000042092;154 668 353;A01;2;7;0;2;1;1;1;
202000042092;154 668 354;B01;2;10;0;2;0;2;1;
202000042093;154 668 351;A01;1;7;0;2;4;4;1;
202000042093;154 668 352;B01;1;17;0;2;1;1;1;
202000042094;154 668 348;C01;2;7;4;0;4;0;1;
202000042094;154 668 349;B01;2;7;1;2;2;12;0;
202000042094;154 668 350;A01;2;33;4;0;1;3;1;
202000042095;154 668 346;A01;1;7;3;2;2;2;1;
202000042095;154 668 347;B01;1;7;0;2;3;1;1;
202000042096;154 668 343;A01;2;7;0;2;1;2;1;
202000042096;154 668 344;B01;2;7;3;2;4;2;1;
202000042096;154 668 345;C01;2;7;4;2;5;2;3;
202000042097;154 668 341;B01;2;7;0;2;4;2;1;
202000042097;154 668 342;A01;2;10;0;2;1;2;1;
202000042098;154 668 339;A01;2;14;1;0;1;14;1;
202000042098;154 668 340;B01;2;7;0;2;4;23;1;
202000042099;154 668 336;A01;1;7;0;2;1;13;1;
202000042099;154 668 337;C01;2;7;4;0;1;21;1;
202000042099;154 668 338;B01;1;7;0;2;1;1;1;
202000042100;154 668 334;B01;2;7;0;2;4;1;1;
202000042100;154 668 335;A01;2;7;0;2;1;1;1;
202000042101;154 668 329;A01;2;7;0;2;1;1;1;
202000042101;154 668 330;C01;2;7;0;2;4;1;1;
202000042101;154 668 331;B01;2;7;0;2;5;1;1;
202000042101;154 668 332;E01;2;7;0;2;3;21;1;
202000042101;154 668 333;D01;2;7;0;2;4;1;1;
202000042102;154 668 328;A01;1;7;0;2;9;11;1;
202000042103;154 668 327;A01;2;1;0;1;8;1;6;
202000042104;154 668 325;A01;0;13;0;2;2;12;1;
202000042104;154 668 326;B01;3;7;0;2;3;1;1;
202000042105;154 668 324;A01;3;80;14;0;1;1;3;
202000042106;154 668 323;A01;2;7;0;1;2;0;0;
202000042107;154 668 321;B01;1;40;0;2;1;1;3;
202000042107;154 668 322;A01;2;1;0;4;1;1;5;
202000042108;154 668 319;B01;1;7;0;2;5;23;1;
202000042108;154 668 320;A01;1;33;14;2;1;14;1;
202000042109;154 668 318;A01;2;7;4;0;3;13;1;
202000042110;154 668 316;B01;1;34;0;2;3;1;1;
202000042110;154 668 317;A01;1;7;0;2;3;15;1;
202000042111;154 668 313;A01;1;7;0;2;2;1;1;
202000042111;154 668 314;B01;1;7;0;2;7;1;1;
202000042111;154 668 315;C01;2;7;0;2;3;15;1;
202000042112;154 668 312;A01;1;1;0;1;1;26;5;
202000042113;154 668 310;B01;1;33;0;2;1;1;1;
202000042113;154 668 311;A01;1;7;0;2;8;10;1;
202000042114;154 668 308;A01;3;7;1;1;3;16;1;
202000042114;154 668 309;B01;3;0;1;2;3;16;0;
202000042115;154 668 306;A01;3;10;0;2;3;13;1;
202000042115;154 668 307;B01;3;10;0;2;3;1;1;
202000042116;154 668 304;B01;1;2;0;2;7;1;1;
202000042116;154 668 305;A01;1;7;0;2;1;9;1;
202000042117;154 668 302;A01;3;7;0;2;3;15;1;
202000042117;154 668 303;B01;3;7;0;2;7;1;1;
202000042118;154 668 300;B01;0;7;0;2;4;2;1;
202000042118;154 668 301;A01;0;3;0;2;1;2;1;
202000042119;154 668 298;A01;0;1;0;2;1;5;5;
202000042119;154 668 299;B01;0;7;0;2;2;0;1;
202000042120;154 668 296;B01;1;1;0;2;1;1;5;
202000042120;154 668 297;A01;1;7;0;2;1;15;1;
202000042121;154 668 294;A01;1;33;0;2;1;1;1;
202000042121;154 668 295;B01;1;7;0;0;0;0;1;
202000042122;154 668 293;Z01;1;7;0;1;0;1;0;
202000042123;154 668 291;A01;1;7;0;2;2;9;0;
202000042123;154 668 292;B01;1;7;0;2;3;2;0;
202000042124;154 668 289;B01;3;1;0;2;2;0;0;
202000042124;154 668 290;A01;2;13;0;2;7;26;1;
202000042125;154 668 288;A01;1;7;1;0;3;13;1;
202000042126;154 668 286;A01;3;1;0;2;1;1;5;
202000042126;154 668 287;B01;1;7;0;2;1;1;1;
202000042127;154 668 284;A01;2;7;0;9;7;1;1;
202000042127;154 668 285;B01;2;1;0;2;1;1;5;
202000042128;154 668 282;A01;1;7;0;2;2;26;1;
202000042128;154 668 283;B01;1;7;0;2;8;1;1;
202000042129;154 668 280;B01;2;7;0;2;1;1;1;