num_acc;id_vehicule;num_veh;senc;catv;obs;obsm;choc;manv;motor;occutc
202000042395;154 667 781;B01;2;7;0;2;4;2;1;
202000042395;154 667 782;C01;2;7;0;2;4;1;1;
202000042396;154 667 780;A01;2;30;14;0;2;18;1;
202000042397;154 667 778;A01;2;7;0;1;1;1;1;
202000042398;154 667 776;A01;3;7;0;2;3;13;0;
202000042398;154 667 777;B01;3;7;0;2;3;1;0;
202000042399;154 667 771;A01;1;7;0;2;3;15;1;
202000042399;154 667 775;B01;2;2;0;2;1;1;1;
202000042400;154 667 772;A01;1;30;0;2;1;1;1;
202000042400;154 667 774;B01;2;7;0;2;1;15;1;
202000042401;154 667 770;B01;2;50;0;2;6;1;3;
202000042401;154 667 773;A01;1;7;0;2;6;15;1;
202000042402;154 667 768;A01;1;7;16;0;9;14;1;
202000042403;154 667 765;A01;0;7;0;1;3;15;1;
202000042404;154 667 763;A01;1;7;0;1;1;1;1;
202000042405;154 667 764;A01;2;7;0;1;2;16;1;
202000042406;154 667 761;A01;1;37;0;1;2;26;1;1
202000042407;154 667 760;A01;0;7;0;2;3;9;1;
202000042407;154 667 762;B01;0;2;0;2;5;9;1;
202000042408;154 667 766;A01;2;7;0;2;5;24;1;
202000042408;154 667 767;B01;2;1;0;2;1;2;5;
202000042408;154 667 769;C01;1;7;0;2;0;13;1;
202000042409;154 667 756;B01;1;7;0;2;4;2;0;
202000042409;154 667 758;A01;1;7;0;2;1;2;1;
202000042410;154 667 754;A01;1;2;12;0;4;2;1;
202000042411;154 667 757;A01;1;10;0;2;1;9;1;
202000042411;154 667 759;B01;1;7;0;2;3;9;1;
202000042412;154 667 753;A01;3;7;15;0;6;1;1;
202000042413;154 667 752;A01;1;7;12;1;2;16;1;
202000042414;154 667 751;B01;1;7;0;2;1;15;1;
202000042414;154 667 755;A01;2;1;0;2;2;1;5;
202000042415;154 667 749;A01;1;7;0;2;1;1;1;
202000042415;154 667 750;B01;1;7;0;2;2;1;1;
202000042416;154 667 745;B01;1;7;0;2;1;1;1;
202000042416;154 667 747;A01;2;7;0;2;2;15;1;
202000042417;154 667 746;A01;2;7;0;2;3;22;1;
202000042417;154 667 748;B01;2;43;0;2;1;1;1;
202000042418;154 667 744;A01;3;7;0;1;1;26;0;
202000042419;154 667 740;B01;1;13;0;2;0;17;1;
202000042419;154 667 742;A01;1;1;12;2;0;14;5;
202000042420;154 667 738;B01;1;7;0;2;4;0;1;
202000042420;154 667 741;A01;1;33;0;2;1;2;1;
202000042421;154 667 737;A01;1;7;0;2;2;15;1;
202000042421;154 667 739;B01;2;2;0;2;1;1;1;
202000042422;154 667 736;A01;2;50;14;0;1;13;3;
202000042423;154 667 733;B01;3;7;0;9;2;9;1;
202000042423;154 667 735;A01;3;1;0;2;8;26;5;
202000042424;154 667 734;A01;3;7;0;1;1;15;1;
202000042425;154 667 730;A01;0;30;0;0;2;1;1;
202000042426;154 667 729;C01;1;7;0;2;3;15;1;
202000042426;154 667 731;B01;1;2;0;2;4;2;6;
202000042426;154 667 732;A01;1;7;0;2;1;1;6;
202000042427;154 667 726;A01;3;99;0;1;1;1;3;
202000042428;154 667 728;A01;0;7;0;1;2;15;1;
202000042429;154 667 725;A01;2;7;0;2;1;2;1;
202000042429;154 667 727;B01;2;7;0;2;4;2;1;
202000042430;154 667 720;B01;0;7;0;2;3;1;1;
202000042430;154 667 723;A01;0;50;0;2;1;15;3;
202000042431;154 667 719;C01;2;7;0;2;8;23;1;
202000042431;154 667 721;D01;2;7;0;2;0;23;2;
202000042431;154 667 722;B01;2;7;0;2;9;1;1;
202000042431;154 667 724;A01;2;7;0;2;1;1;1;
202000042432;154 667 713;A01;1;7;1;0;1;16;1;
202000042433;154 667 716;B01;2;7;0;2;1;1;1;
202000042433;154 667 718;A01;1;7;0;2;1;13;1;
202000042434;154 667 711;A01;3;33;0;2;7;17;1;
202000042434;154 667 712;B01;3;17;0;0;8;15;1;
202000042435;154 667 714;A01;3;32;0;0;7;16;3;
202000042436;154 667 709;A01;1;33;0;2;3;18;1;
202000042436;154 667 710;B01;1;7;0;2;0;0;1;
202000042437;154 667 706;A01;1;7;0;2;5;9;1;
202000042437;154 667 708;B01;2;7;0;2;1;2;1;
202000042438;154 667 707;A01;3;13;0;1;8;16;1;
202000042439;154 667 703;B01;2;1;0;2;0;0;5;
202000042439;154 667 704;A01;1;7;0;2;3;1;1;
202000042440;154 667 705;A01;2;7;0;1;1;9;1;
202000042441;154 667 701;A01;1;7;0;1;1;19;1;
202000042442;154 667 700;A01;1;7;2;0;1;1;1;
202000042443;154 667 696;A01;2;32;0;2;1;1;0;
202000042443;154 667 698;B01;2;7;0;2;6;10;0;
202000042444;154 667 699;B01;2;1;0;2;0;0;5;
202000042444;154 667 702;A01;1;7;0;2;2;16;1;
202000042445;154 667 695;B01;0;31;0;2;7;1;1;
202000042445;154 667 697;A01;0;7;0;2;3;1;1;
202000042446;154 667 691;A01;2;43;0;2;8;1;0;
202000042446;154 667 693;B01;2;10;0;2;7;12;0;
202000042447;154 667 692;B01;2;31;0;2;1;1;1;
202000042447;154 667 694;A01;2;15;0;2;7;15;0;
202000042448;154 667 685;A01;1;33;0;2;0;17;1;
202000042448;154 667 689;B01;3;7;0;2;8;19;1;
202000042449;154 667 687;B01;1;7;0;2;4;23;1;
202000042449;154 667 688;C01;1;7;1;0;4;23;1;
202000042449;154 667 690;A01;1;13;0;2;1;26;1;
202000042450;154 667 680;A01;1;7;0;2;3;16;1;
202000042450;154 667 682;B01;3;2;0;2;8;1;1;
202000042451;154 667 681;A01;1;7;0;2;3;10;1;
202000042451;154 667 683;B01;1;7;0;2;1;1;1;
202000042452;154 667 679;A01;1;30;0;0;0;26;1;
202000042453;154 667 676;B01;1;7;12;2;2;1;1;
202000042453;154 667 677;A01;1;7;12;2;1;9;1;
202000042454;154 667 675;A01;3;7;0;2;2;19;1;
202000042454;154 667 678;B01;3;10;0;2;0;1;1;
202000042455;154 667 672;A01;1;7;0;1;3;17;0;
202000042456;154 667 673;A01;1;7;0;2;4;1;1;
202000042456;154 667 674;B01;1;7;0;2;1;1;1;
202000042457;154 667 671;A01;1;7;0;2;1;15;1;
202000042457;154 667 684;B01;2;1;0;2;4;1;5;
202000042458;154 667 669;A01;0;7;0;2;1;15;0;
202000042458;154 667 670;B01;0;33;0;2;1;1;0;
202000042459;154 667 666;A01;1;7;0;2;1;13;1;
202000042459;154 667 667;B01;2;7;0;2;8;1;1;
202000042460;154 667 663;A01;1;10;0;2;2;15;0;
202000042460;154 667 665;B01;2;31;0;2;1;19;0;
202000042461;154 667 661;B01;2;7;0;2;4;23;1;
202000042461;154 667 662;A01;2;30;0;2;1;1;1;
202000042462;154 667 659;A01;2;37;0;2;2;1;1;1
202000042462;154 667 660;B01;2;34;0;2;4;7;0;
202000042463;154 667 664;B01;1;1;0;2;1;1;5;
202000042463;154 667 668;A01;1;7;0;2;1;1;1;
202000042464;154 667 657;A01;2;7;0;2;3;15;1;
202000042464;154 667 658;B01;1;33;0;2;8;16;1;
202000042465;154 667 655;A01;0;7;0;2;1;1;1;
202000042465;154 667 656;B01;0;1;0;2;7;1;5;
202000042466;154 667 651;A01;3;7;0;2;8;15;1;
202000042466;154 667 654;B01;1;7;0;2;1;2;1;
202000042467;154 667 652;A01;3;1;0;2;0;21;5;
202000042468;154 667 649;A01;3;33;0;1;1;1;1;
202000042469;154 667 648;A01;2;33;14;0;1;1;1;
202000042470;154 667 650;B01;3;38;0;2;3;1;1;1
202000042470;154 667 653;A01;3;7;0;2;3;15;1;
202000042471;154 667 646;B01;2;30;0;2;8;18;1;
202000042471;154 667 647;A01;2;33;0;2;7;16;1;
202000042472;154 667 644;A01;3;1;0;9;1;1;5;
202000042472;154 667 645;B01;3;50;0;9;1;1;3;
202000042473;154 667 641;B01;3;50;0;9;0;0;3;
202000042473;154 667 643;A01;3;1;0;9;1;26;5;
202000042474;154 667 640;A01;3;7;0;2;1;9;1;
202000042474;154 667 642;B01;3;7;0;2;8;1;1;
202000042475;154 667 634;A01;1;7;0;2;1;16;1;
202000042475;154 667 636;B01;2;33;0;2;3;1;1;
202000042476;154 667 633;A01;2;7;0;2;1;19;1;
202000042476;154 667 637;B01;2;99;0;2;6;20;1;
202000042477;154 667 635;D01;1;7;0;2;2;26;1;
202000042477;154 667 638;A01;1;7;1;2;6;0;1;
202000042477;154 667 639;B01;1;7;0;2;6;1;1;
202000042478;154 667 631;A01;1;31;0;2;1;1;1;
202000042478;154 667 632;B01;1;7;0;2;5;9;1;
202000042479;154 667 630;A01;2;7;16;0;1;13;1;
202000042480;154 667 628;B01;3;1;0;2;7;1;0;
202000042480;154 667 629;A01;3;10;0;2;3;1;1;
202000042481;154 667 626;A01;1;2;0;2;3;21;1;
202000042481;154 667 627;B01;2;1;0;2;3;13;5;
202000042482;154 667 623;B01;3;32;0;2;1;1;0;
202000042482;154 667 624;A01;1;10;0;2;7;20;0;
202000042483;154 667 622;B01;1;33;0;2;1;1;1;
202000042483;154 667 625;A01;2;7;0;2;5;15;1;
202000042484;154 667 620;B01;2;14;0;2;1;1;1;
202000042484;154 667 621;A01;1;7;0;2;1;13;1;
202000042485;154 667 618;A01;1;7;0;1;1;9;1;
202000042486;154 667 617;A01;1;7;0;2;1;1;1;
202000042486;154 667 619;B01;1;7;0;2;7;0;1;
202000042487;154 667 612;A01;0;7;0;1;1;1;1;
202000042488;154 667 613;A01;1;7;0;2;8;17;1;
202000042488;154 667 615;B01;2;10;0;2;3;1;1;
202000042488;154 667 616;C01;1;7;0;2;3;1;1;
202000042489;154 667 610;Z01;1;7;0;2;3;11;1;
202000042489;154 667 611;A01;1;32;0;2;2;1;1;
202000042490;154 667 608;B01;3;1;0;0;0;0;5;
202000042490;154 667 614;A01;3;7;0;0;0;0;1;
202000042491;154 667 607;B01;3;7;0;2;3;15;1;
202000042491;154 667 609;A01;1;7;0;2;1;1;1;
202000042492;154 667 606;A01;1;7;0;1;2;1;1;
202000042493;154 667 603;B01;2;30;0;2;1;3;3;
202000042493;154 667 604;C01;2;7;0;2;7;1;1;
202000042493;154 667 605;A01;2;7;0;2;3;22;1;
202000042494;154 667 602;A01;2;30;0;0;3;15;1;
202000042495;154 667 601;A01;2;33;1;0;0;0;1;
202000042496;154 667 597;A01;2;2;4;0;1;1;1;
202000042497;154 667 599;A01;1;7;0;2;8;11;1;
202000042497;154 667 600;B01;1;32;0;2;2;3;1;
202000042498;154 667 598;A01;3;7;0;1;0;2;0;
202000042499;154 667 595;A01;3;7;13;0;2;0;1;
202000042500;154 667 593;A01;2;34;0;1;1;9;1;
202000042501;154 667 594;B01;1;7;0;2;6;2;1;
202000042501;154 667 596;A01;1;7;0;2;1;2;1;
202000042502;154 667 592;A01;1;7;13;0;1;0;1;
202000042503;154 667 589;A01;1;7;4;0;3;1;1;
202000042504;154 667 587;B01;1;1;0;2;1;1;5;
202000042504;154 667 590;A01;1;7;0;2;2;1;1;
202000042505;154 667 586;C01;1;10;0;2;4;2;1;
202000042505;154 667 588;A01;1;7;0;2;1;2;1;
202000042505;154 667 591;B01;1;7;0;2;4;2;1;
202000042506;154 667 582;B01;3;7;9;2;3;1;1;
202000042506;154 667 585;A01;3;7;0;2;3;26;1;
202000042507;154 667 581;A01;1;7;0;2;0;16;1;
202000042507;154 667 584;B01;1;30;0;2;1;1;1;
202000042508;154 667 583;A01;1;7;4;0;3;13;1;
202000042509;154 667 580;A01;2;31;0;0;8;1;1;
202000042510;154 667 576;B01;1;31;0;2;1;17;1;
202000042510;154 667 578;A01;1;7;0;2;8;10;1;
202000042511;154 667 574;A01;2;7;0;2;2;1;1;
202000042511;154 667 575;B01;2;1;0;2;0;0;5;
202000042512;154 667 577;B01;2;31;0;2;9;1;1;
202000042512;154 667 579;A01;0;7;0;2;1;19;1;
202000042513;154 667 571;B01;1;30;0;2;0;1;1;
202000042513;154 667 573;A01;1;7;0;2;5;16;1;
202000042514;154 667 572;A01;1;7;2;0;1;0;1;
202000042515;154 667 568;A01;1;50;0;2;0;1;3;
202000042515;154 667 569;Z01;1;10;0;2;2;17;1;
202000042516;154 667 567;B01;0;7;0;2;2;1;1;
202000042516;154 667 570;A01;0;1;0;2;1;25;5;
202000042517;154 667 565;A01;2;33;13;0;1;1;0;
202000042518;154 667 564;A01;1;33;0;2;1;18;1;
202000042518;154 667 566;B01;1;7;0;2;2;22;1;
202000042519;154 667 560;B01;2;7;0;2;7;1;1;
202000042519;154 667 561;A01;2;7;4;2;2;1;1;
202000042520;154 667 554;C01;1;7;0;2;4;1;1;
202000042520;154 667 556;B01;1;7;0;2;9;1;1;
202000042520;154 667 562;A01;1;7;0;2;1;1;1;
202000042520;154 667 563;D01;1;7;0;2;4;26;1;
202000042521;154 667 555;D01;1;7;0;2;4;23;1;
202000042521;154 667 557;A01;1;10;0;2;1;2;1;
202000042521;154 667 558;B01;1;7;0;2;4;23;2;
202000042521;154 667 559;C01;1;7;0;2;4;23;1;
202000042522;154 667 553;A01;3;7;2;0;1;1;1;
202000042523;154 667 551;A01;1;10;0;1;1;15;1;
202000042524;154 667 549;A01;1;7;0;1;1;1;2;
202000042525;154 667 548;A01;1;7;0;2;2;17;1;
202000042525;154 667 550;B01;2;7;0;2;1;1;1;
202000042526;154 667 547;A01;1;37;0;2;1;1;0;1
202000042526;154 667 552;B01;2;7;0;2;3;15;1;
202000042527;154 667 544;A01;2;30;0;2;8;1;3;
202000042527;154 667 546;B01;1;7;0;2;5;15;1;
202000042528;154 667 543;B01;0;50;0;2;0;0;3;
202000042528;154 667 545;A01;0;10;0;9;2;1;1;
202000042529;154 667 540;A01;1;10;0;1;1;1;1;
202000042530;154 667 539;A01;2;30;0;0;0;0;1;
202000042531;154 667 541;A01;1;2;0;2;3;13;1;
202000042531;154 667 542;B01;2;7;0;2;1;1;1;
202000042532;154 667 537;A01;2;7;7;1;1;13;1;
202000042533;154 667 533;A01;1;33;0;2;3;1;1;
202000042533;154 667 535;B01;2;14;0;2;3;1;1;
202000042534;154 667 532;A01;1;10;0;1;1;1;1;
202000042535;154 667 531;A01;1;7;0;2;3;13;1;
202000042535;154 667 534;B01;1;50;0;2;2;7;3;
202000042536;154 667 530;A01;2;33;0;0;0;1;1;
202000042537;154 667 526;Z01;2;7;0;2;2;12;1;
202000042537;154 667 527;A01;2;30;0;2;3;1;1;
202000042538;154 667 524;A01;1;17;2;0;3;13;1;
202000042539;154 667 523;A01;2;33;16;0;1;1;1;
202000042540;154 667 518;A01;1;32;0;2;0;3;1;
202000042540;154 667 522;B01;1;7;0;2;0;11;1;
202000042541;154 667 519;A01;1;33;16;0;3;17;1;
202000042542;154 667 517;A01;2;1;0;1;2;1;5;
202000042543;154 667 513;A01;1;10;0;2;1;15;1;
202000042543;154 667 516;B01;2;30;0;2;3;1;1;
202000042544;154 667 512;B01;1;2;0;2;1;1;1;
202000042544;154 667 515;A01;2;2;0;2;1;13;1;
202000042545;154 667 511;B01;1;50;0;2;3;18;3;
202000042545;154 667 514;A01;1;7;0;2;6;1;1;
202000042546;154 667 510;A01;1;1;1;0;1;1;5;
202000042547;154 667 509;A01;1;7;13;0;1;1;1;
202000042548;154 667 508;A01;1;10;0;1;7;16;1;
202000042549;154 667 506;A01;2;33;2;0;2;1;1;
202000042550;154 667 503;Z01;2;30;0;2;4;9;1;
202000042550;154 667 504;A01;2;34;0;2;1;1;1;
202000042551;154 667 501;B01;1;2;0;2;4;1;0;
202000042551;154 667 507;A01;1;15;0;2;2;1;0;
202000042552;154 667 502;A01;1;10;2;0;1;1;1;
202000042553;154 667 498;Z01;3;7;0;1;4;4;0;
202000042554;154 667 499;A01;1;7;0;2;2;1;1;
202000042554;154 667 500;B01;1;32;0;2;6;15;1;
202000042555;154 667 497;A01;3;7;0;1;3;1;1;
202000042556;154 667 496;A01;3;7;8;0;2;1;1;
202000042557;154 667 494;Z01;1;7;0;2;7;15;1;
202000042557;154 667 495;A01;1;1;0;2;7;1;5;
202000042558;154 667 493;A01;2;7;5;0;3;1;1;
202000042559;154 667 491;B01;1;34;0;2;4;2;0;
202000042559;154 667 492;A01;1;3;0;2;4;2;0;
202000042560;154 667 490;A01;3;50;0;0;0;1;3;
202000042561;154 667 488;A01;1;10;0;2;4;26;1;
202000042561;154 667 489;B01;1;31;0;2;1;23;1;
202000042562;154 667 485;A01;1;7;0;1;4;20;1;
202000042563;154 667 486;A01;1;1;1;0;1;14;0;
202000042563;154 667 487;B01;1;7;0;0;4;24;0;
202000042564;154 667 484;A01;1;7;0;0;3;13;1;
202000042565;154 667 483;Z01;2;7;9;1;1;1;0;
202000042566;154 667 481;A01;1;7;2;0;1;1;1;
202000042567;154 667 480;Z01;3;7;0;2;1;2;1;
202000042567;154 667 482;A01;3;7;0;2;4;23;0;
202000042568;154 667 476;B01;2;1;0;2;1;0;5;
202000042568;154 667 479;A01;2;10;0;2;2;0;1;
202000042569;154 667 477;A01;1;7;0;1;1;15;0;
202000042570;154 667 475;B01;1;14;0;2;1;2;1;
202000042570;154 667 478;A01;1;14;0;0;4;26;1;
202000042571;154 667 473;A01;2;7;0;1;1;26;1;
202000042572;154 667 474;A01;3;7;13;0;0;20;0;
202000042573;154 667 471;B01;1;7;0;2;6;21;1;
202000042573;154 667 472;A01;2;7;0;2;3;13;1;
202000042574;154 667 467;B01;2;7;0;2;7;1;1;
202000042574;154 667 469;A01;2;2;1;2;3;18;1;
202000042575;154 667 466;A01;3;7;0;2;3;9;1;
202000042575;154 667 470;B01;3;7;0;9;2;17;1;
202000042576;154 667 465;B01;3;7;0;2;8;15;1;
202000042576;154 667 468;A01;3;33;0;2;1;17;1;
202000042577;154 667 460;A01;2;7;0;0;0;1;1;
202000042578;154 667 461;B01;-1;10;0;2;4;2;1;
202000042578;154 667 463;A01;-1;10;0;2;1;2;1;
202000042579;154 667 462;A01;1;7;0;2;1;9;1;
202000042579;154 667 464;B01;2;2;0;2;7;15;1;
202000042580;154 667 458;B01;1;31;0;2;2;16;1;
202000042580;154 667 459;A01;1;32;0;2;1;1;1;
202000042581;154 667 457;A01;1;33;10;0;7;1;1;
202000042582;154 667 455;A01;2;7;0;1;1;9;1;
202000042583;154 667 454;B01;2;7;4;2;8;1;1;
202000042583;154 667 456;A01;2;15;0;2;2;14;1;
202000042584;154 667 451;A01;1;7;13;0;1;0;1;
202000042585;154 667 449;A01;2;2;13;0;1;1;1;
202000042586;154 667 448;B01;1;1;0;2;8;1;0;
202000042586;154 667 452;A01;1;7;0;6;2;12;1;
202000042587;154 667 447;A01;1;33;0;2;1;3;1;
202000042587;154 667 450;C01;1;7;0;2;6;1;1;
202000042587;154 667 453;B01;1;7;0;2;7;12;1;
202000042588;154 667 443;Z01;0;7;0;1;1;1;0;
202000042589;154 667 441;C01;2;7;0;0;8;0;1;
202000042589;154 667 444;B01;2;7;0;0;7;1;1;
202000042589;154 667 445;A01;1;7;0;0;2;1;1;
202000042590;154 667 442;A01;2;7;0;2;5;26;1;
202000042590;154 667 446;B01;2;10;0;2;1;2;1;
202000042591;154 667 439;A01;3;17;0;1;0;15;1;
202000042592;154 667 437;A01;0;1;0;0;0;0;5;
202000042593;154 667 436;A01;2;2;0;2;5;2;0;
202000042593;154 667 438;B01;1;7;0;2;0;15;0;
202000042594;154 667 433;A01;1;37;0;2;3;1;1;1
202000042594;154 667 434;B01;3;2;0;2;1;0;1;
202000042595;154 667 435;A01;3;33;0;6;1;1;0;
202000042596;154 667 432;A01;3;10;0;2;1;1;1;
202000042596;154 667 440;B01;3;7;0;2;7;1;1;
202000042597;154 667 430;A01;0;7;0;1;1;1;1;
202000042598;154 667 431;A01;1;7;13;0;1;1;1;
202000042599;154 667 427;A01;1;7;0;2;2;15;1;
202000042599;154 667 429;B01;2;30;0;2;1;1;1;
202000042600;154 667 426;A01;1;7;0;2;4;23;1;
202000042600;154 667 428;B01;1;7;0;2;1;2;0;
202000042601;154 667 425;A01;2;7;4;0;0;3;1;
202000042602;154 667 424;A01;2;80;0;1;1;1;3;
202000042603;154 667 422;A01;3;7;0;1;1;19;1;
202000042604;154 667 421;A01;0;7;0;2;1;15;0;
202000042604;154 667 423;B01;0;2;0;2;1;1;0;
202000042605;154 667 419;B01;2;1;0;2;1;1;5;
202000042605;154 667 420;A01;2;7;0;2;7;16;1;
202000042606;154 667 417;A01;2;32;0;0;7;9;0;
202000042607;154 667 416;B01;3;7;0;0;0;1;1;
202000042607;154 667 418;A01;3;33;2;0;0;1;1;
202000042608;154 667 414;B01;2;43;0;2;8;1;1;
202000042608;154 667 415;A01;1;7;0;2;1;15;3;
202000042609;154 667 410;A01;2;7;0;2;1;13;1;
202000042609;154 667 412;B01;1;7;0;2;1;1;1;
202000042609;154 667 413;C01;1;7;0;2;1;1;1;
202000042610;154 667 409;A01;1;50;0;2;0;1;3;
202000042610;154 667 411;B01;2;7;0;2;3;1;1;
202000042611;154 667 405;B01;2;31;0;2;1;1;1;
202000042611;154 667 406;A01;2;7;0;2;3;9;1;
202000042612;154 667 402;A01;2;60;12;0;1;14;5;
202000042613;154 667 400;D01;2;7;0;2;3;2;1;
202000042613;154 667 403;C01;2;7;0;2;2;2;1;
202000042613;154 667 404;A01;2;7;0;2;2;14;1;
202000042613;154 667 407;B01;2;15;0;0;3;1;1;
202000042614;154 667 399;A01;2;1;0;0;7;1;5;
202000042615;154 667 397;A01;1;7;0;2;3;1;1;
202000042615;154 667 398;B01;2;7;0;2;1;1;1;
202000042616;154 667 393;B01;2;7;0;2;3;1;1;
202000042616;154 667 394;A01;1;31;0;2;3;13;1;
202000042617;154 667 401;B01;1;33;0;2;1;1;1;
202000042617;154 667 408;A01;2;7;0;2;7;10;1;
202000042618;154 667 392;A01;0;80;0;0;0;0;3;
202000042619;154 667 391;A01;2;7;0;1;2;1;1;
202000042620;154 667 390;A01;1;33;0;2;1;3;1;
202000042620;154 667 395;B01;1;7;0;2;5;1;1;
202000042620;154 667 396;C01;1;7;0;2;6;1;1;
202000042621;154 667 389;A01;1;10;0;1;2;2;1;
202000042622;154 667 387;A01;1;10;0;2;2;9;1;
202000042622;154 667 388;B01;1;2;0;2;6;1;1;
202000042623;154 667 386;A01;2;7;8;0;1;11;1;
202000042624;154 667 383;A01;3;32;14;0;1;1;1;
202000042625;154 667 384;B01;1;33;0;2;1;1;1;
202000042625;154 667 385;A01;1;7;0;2;3;9;1;
202000042626;154 667 380;B01;1;10;0;2;3;1;3;
202000042626;154 667 381;A01;2;43;0;2;1;13;1;
202000042627;154 667 378;A01;1;7;0;1;3;15;1;
202000042628;154 667 376;C01;2;15;0;2;3;21;1;
202000042628;154 667 377;B01;1;21;0;2;6;1;1;
202000042628;154 667 382;A01;2;33;0;2;8;2;1;
202000042629;154 667 372;A01;2;7;3;2;1;11;1;
202000042629;154 667 374;B01;1;7;0;2;1;1;0;
202000042630;154 667 373;B01;2;30;0;0;8;1;1;
202000042630;154 667 375;A01;1;7;0;2;2;15;1;
202000042631;154 667 368;A01;0;1;0;2;2;19;5;
202000042631;154 667 371;B01;0;7;0;9;3;1;1;
202000042632;154 667 370;A01;1;1;0;2;1;1;5;
202000042633;154 667 365;B01;1;32;0;2;1;1;1;
202000042633;154 667 367;A01;2;7;0;2;3;15;1;
202000042634;154 667 363;A01;1;15;0;0;7;2;1;
202000042635;154 667 361;A01;2;7;0;2;1;9;1;
202000042635;154 667 362;B01;2;7;0;2;1;1;1;
202000042636;154 667 369;A01;2;7;0;2;7;21;1;
202000042636;154 667 379;B01;2;34;0;2;1;1;1;
202000042637;154 667 360;A01;2;7;0;1;2;1;1;
202000042638;154 667 357;B01;2;15;0;2;1;1;1;
202000042638;154 667 359;A01;1;7;0;2;1;1;1;
202000042639;154 667 354;A01;2;7;9;2;2;1;0;
202000042639;154 667 355;B01;2;7;0;2;5;1;0;
202000042639;154 667 356;C01;1;7;0;2;1;1;0;
202000042640;154 667 352;A01;2;32;0;2;1;18;1;
202000042640;154 667 364;C01;2;7;0;2;7;16;1;
202000042640;154 667 366;B01;2;7;0;2;5;1;1;
202000042641;154 667 350;B01;2;17;0;0;6;23;1;
202000042641;154 667 353;A01;2;17;1;0;2;1;1;
202000042642;154 667 344;B01;1;10;0;2;2;1;1;
202000042642;154 667 345;A01;1;32;0;2;6;15;1;
202000042643;154 667 341;B01;2;33;0;2;1;9;1;
202000042643;154 667 342;A01;2;30;0;2;1;1;1;
202000042644;154 667 340;A01;1;7;1;0;2;14;1;
202000042645;154 667 339;A01;2;7;0;1;2;1;2;
202000042646;154 667 346;F01;2;10;0;2;4;2;1;
202000042646;154 667 347;E01;2;14;0;2;8;2;1;
202000042646;154 667 348;D01;2;10;0;2;5;2;1;
202000042646;154 667 349;C01;2;10;0;2;3;2;1;
202000042646;154 667 351;B01;2;10;0;2;5;2;1;
202000042646;154 667 358;A01;2;10;0;2;1;2;1;
202000042647;154 667 343;A01;1;7;2;0;1;0;1;
202000042648;154 667 337;B01;1;7;0;2;5;1;1;
202000042648;154 667 338;A01;2;50;0;2;3;11;3;
202000042649;154 667 334;A01;1;7;0;2;4;2;1;
202000042649;154 667 335;B01;1;7;0;2;9;15;1;
202000042649;154 667 336;C01;2;7;0;0;3;1;1;
202000042650;154 667 333;A01;0;15;0;1;3;26;1;
202000042651;154 667 330;A01;0;50;0;2;1;1;3;
202000042651;154 667 331;B01;3;7;0;9;5;1;1;
202000042652;154 667 332;A01;3;1;0;0;7;26;5;
202000042653;154 667 328;B01;2;30;0;2;3;1;1;
202000042653;154 667 329;A01;1;0;0;2;0;14;0;
202000042654;154 667 327;A01;1;7;2;0;8;1;0;
202000042655;154 667 325;A01;2;7;9;0;3;6;1;
202000042656;154 667 326;A01;2;7;0;1;1;0;0;
202000042657;154 667 324;A01;2;17;0;9;4;1;1;
202000042658;154 667 320;A01;2;7;0;2;1;1;1;
202000042658;154 667 321;B01;2;7;0;2;4;1;1;
202000042658;154 667 322;C01;2;7;0;2;4;1;1;
202000042659;154 667 319;A01;1;10;4;0;9;2;1;
202000042660;154 667 317;B01;2;7;0;2;6;1;1;
202000042660;154 667 318;A01;2;15;0;2;2;17;1;
202000042661;154 667 316;A01;0;30;0;0;8;1;3;
202000042662;154 667 315;B01;1;7;0;2;1;2;1;
202000042662;154 667 323;A01;1;2;0;0;4;2;1;
202000042663;154 667 310;A01;1;7;0;1;3;15;1;
202000042664;154 667 312;B01;2;33;0;2;2;1;1;
202000042664;154 667 314;A01;2;7;0;2;6;11;1;
202000042665;154 667 311;B01;1;7;0;2;3;1;1;
202000042665;154 667 313;A01;2;7;0;2;3;17;0;
202000042666;154 667 309;A01;1;10;0;1;2;24;0;
202000042667;154 667 307;A01;3;2;0;1;0;0;1;
202000042668;154 667 305;B01;0;7;0;2;2;15;1;
202000042668;154 667 306;A01;0;31;0;2;1;17;1;
202000042669;154 667 303;B01;3;80;1;2;1;1;3;
202000042669;154 667 304;A01;3;7;1;2;3;9;1;
202000042670;154 667 302;Z01;3;32;0;1;1;0;0;
202000042671;154 667 297;A01;2;1;0;2;8;19;5;
202000042671;154 667 298;B01;2;7;0;2;8;5;1;
202000042672;154 667 294;A01;0;7;14;0;2;0;1;
202000042673;154 667 301;B01;2;7;0;2;1;2;1;
202000042673;154 667 308;A01;2;7;0;2;4;2;1;
202000042674;154 667 295;B01;2;7;0;0;4;2;1;
202000042674;154 667 296;A01;2;7;0;2;1;2;1;
202000042675;154 667 292;A01;2;34;0;2;8;26;1;
202000042676;154 667 290;A01;3;1;0;2;1;1;5;
202000042676;154 667 291;B01;3;1;0;2;1;1;5;
202000042677;154 667 288;B01;3;7;0;2;4;23;0;
202000042677;154 667 289;A01;3;7;0;2;1;1;1;