num_acc;id_vehicule;num_veh;senc;catv;obs;obsm;choc;manv;motor;occutc
202000042678;154 667 287;A01;0;7;0;1;3;15;0;
202000042679;154 667 285;B01;2;7;0;2;1;1;1;
202000042679;154 667 286;A01;1;2;0;2;1;1;1;
202000042680;154 667 283;A01;1;7;0;2;3;17;1;
202000042680;154 667 284;B01;2;7;0;2;0;0;1;
202000042681;154 667 281;A01;1;7;0;1;1;1;1;
202000042682;154 667 280;A01;2;7;11;2;1;1;1;
202000042683;154 667 279;A01;2;7;15;0;5;26;1;
202000042684;154 667 277;A01;1;7;0;2;6;9;3;
202000042684;154 667 278;B01;1;33;0;2;1;9;1;
202000042685;154 667 276;A01;3;7;0;0;9;0;1;
202000042686;154 667 274;B01;0;30;0;2;1;0;6;
202000042686;154 667 275;A01;0;30;0;2;1;26;6;
202000042687;154 667 272;A01;1;7;2;0;1;14;1;
202000042688;154 667 282;A01;3;7;0;2;1;13;1;
202000042688;154 667 293;B01;3;7;0;2;3;1;1;
202000042689;154 667 273;A01;2;7;0;0;1;1;0;
202000042690;154 667 269;A01;2;7;0;2;8;10;1;
202000042690;154 667 270;B01;2;2;0;2;9;1;1;
202000042691;154 667 268;Z01;3;7;0;1;7;0;0;
202000042692;154 667 266;B01;2;33;0;2;1;1;1;
202000042692;154 667 267;A01;1;7;0;2;7;15;1;
202000042693;154 667 263;A01;0;33;0;2;1;1;1;
202000042693;154 667 264;B01;3;7;0;2;2;1;1;
202000042694;154 667 261;A01;2;7;0;2;1;26;6;
202000042694;154 667 262;B01;-1;7;0;2;5;19;0;
202000042695;154 667 257;A01;2;7;0;0;4;1;1;
202000042695;154 667 258;C01;2;7;0;2;1;2;1;
202000042695;154 667 259;B01;2;7;0;2;4;2;1;
202000042695;154 667 260;D01;2;15;0;2;3;2;1;
202000042696;154 667 256;A01;2;7;1;0;1;14;1;
202000042697;154 667 271;A01;1;7;8;0;3;13;1;
202000042698;154 667 253;B01;1;7;0;2;1;1;0;
202000042698;154 667 254;A01;2;7;0;2;1;5;0;
202000042699;154 667 249;A01;2;30;0;2;1;9;1;
202000042699;154 667 251;B01;1;37;0;2;1;13;1;3
202000042700;154 667 248;A01;2;7;0;2;1;17;1;
202000042700;154 667 252;B01;1;15;0;2;1;1;1;
202000042701;154 667 247;B01;3;33;0;2;1;1;1;
202000042701;154 667 250;A01;3;7;0;2;2;9;1;
202000042702;154 667 244;B01;3;7;0;2;4;2;0;
202000042702;154 667 246;A01;1;7;0;2;1;2;0;
202000042703;154 667 243;Z01;2;32;14;0;1;6;0;
202000042704;154 667 240;B01;2;30;0;2;6;15;1;
202000042704;154 667 241;A01;2;32;0;2;6;17;1;
202000042705;154 667 238;A01;3;7;0;2;8;15;1;
202000042705;154 667 239;B01;2;30;0;2;1;1;1;
202000042706;154 667 245;A01;2;7;3;0;1;1;1;
202000042707;154 667 237;A01;1;7;8;0;2;0;1;
202000042708;154 667 234;C01;1;7;0;2;3;23;1;
202000042708;154 667 235;A01;2;7;0;2;2;1;1;
202000042708;154 667 236;B01;1;7;0;2;5;15;1;
202000042709;154 667 231;A01;2;17;0;0;6;23;1;
202000042709;154 667 233;B01;2;14;0;2;2;23;1;
202000042710;154 667 230;A01;3;10;0;2;3;13;1;
202000042710;154 667 232;B01;3;2;0;2;7;15;1;
202000042711;154 667 228;A01;3;2;0;1;1;1;1;
202000042712;154 667 227;A01;0;7;0;2;0;0;1;
202000042712;154 667 229;B01;0;7;0;2;1;1;1;
202000042713;154 667 242;A01;2;32;1;0;1;14;1;
202000042714;154 667 225;A01;3;10;1;1;1;1;1;
202000042715;154 667 226;A01;1;1;0;0;0;0;5;
202000042716;154 667 221;A01;2;33;0;2;1;18;1;
202000042716;154 667 222;B01;2;7;0;2;7;16;1;
202000042717;154 667 219;A01;1;7;0;1;1;1;1;
202000042718;154 667 217;B01;0;7;0;2;5;1;1;
202000042718;154 667 218;A01;0;2;0;2;1;8;1;
202000042719;154 667 216;A01;2;30;0;0;7;15;1;
202000042720;154 667 223;B01;1;1;0;2;2;0;5;
202000042720;154 667 224;A01;2;7;0;9;3;12;1;
202000042721;154 667 220;A01;3;38;3;0;1;1;0;5
202000042722;154 667 214;A01;0;7;0;1;1;1;1;
202000042723;154 667 213;A01;1;30;8;0;1;16;1;
202000042724;154 667 211;A01;2;7;13;0;2;2;1;
202000042725;154 667 209;B01;1;30;0;2;1;1;0;
202000042725;154 667 212;A01;1;10;0;2;8;19;0;
202000042726;154 667 207;A01;1;34;1;0;2;1;1;
202000042727;154 667 205;A01;0;1;0;2;1;0;5;
202000042727;154 667 206;B01;1;80;0;2;1;1;3;
202000042728;154 667 204;A01;0;7;0;1;5;20;1;
202000042729;154 667 201;B01;1;32;0;2;5;1;1;
202000042729;154 667 202;A01;1;7;0;2;3;13;1;
202000042730;154 667 200;A01;0;7;0;2;3;15;1;
202000042730;154 667 203;B01;0;2;0;2;1;1;1;
202000042731;154 667 199;A01;1;7;15;0;2;26;1;
202000042732;154 667 197;B01;2;7;0;2;3;19;6;
202000042732;154 667 198;A01;1;7;0;2;1;1;6;
202000042733;154 667 195;A01;1;7;0;2;1;14;1;
202000042733;154 667 196;B01;1;7;0;2;3;1;1;
202000042734;154 667 194;A01;0;7;13;0;9;1;0;
202000042735;154 667 193;A01;1;33;0;1;6;1;1;
202000042736;154 667 189;A01;1;32;1;2;3;17;1;
202000042736;154 667 191;B01;2;7;0;2;3;1;1;
202000042736;154 667 192;C01;1;7;0;2;8;1;1;
202000042737;154 667 187;A01;1;7;0;2;6;26;1;
202000042737;154 667 188;B01;1;33;0;2;1;1;1;
202000042738;154 667 183;A01;2;32;0;1;1;1;1;
202000042739;154 667 182;Z01;2;32;0;2;6;13;1;
202000042739;154 667 185;A01;2;32;0;2;2;17;1;
202000042740;154 667 184;A01;2;7;0;2;3;13;1;
202000042740;154 667 186;B01;1;7;0;2;3;1;1;
202000042741;154 667 179;B01;1;7;0;2;8;15;1;
202000042741;154 667 181;A01;1;33;0;2;1;3;1;
202000042742;154 667 177;B01;1;1;0;2;2;1;5;
202000042742;154 667 180;A01;1;7;0;2;3;22;1;
202000042743;154 667 175;B01;2;2;0;2;1;1;1;
202000042743;154 667 176;A01;1;7;0;2;1;17;1;
202000042744;154 667 170;B01;2;33;0;2;7;17;1;
202000042744;154 667 173;A01;2;7;0;2;8;15;1;
202000042745;154 667 169;B01;2;7;0;2;8;11;1;
202000042745;154 667 172;A01;2;31;0;2;7;3;1;
202000042746;154 667 167;A01;1;7;0;2;1;6;1;
202000042746;154 667 168;B01;2;7;0;2;8;1;1;
202000042746;154 667 171;C01;2;7;0;2;3;1;1;
202000042747;154 667 164;B01;2;33;0;2;1;1;1;
202000042747;154 667 166;A01;1;7;0;2;2;15;2;
202000042748;154 667 161;A01;1;7;0;0;6;15;1;
202000042748;154 667 163;B01;1;31;0;0;1;17;1;
202000042749;154 667 162;A01;2;10;0;2;6;2;1;
202000042749;154 667 165;B01;2;32;0;2;2;2;1;
202000042750;154 667 160;A01;0;32;7;0;1;17;1;
202000042751;154 667 158;A01;3;7;2;0;8;14;1;
202000042752;154 667 157;B01;2;34;0;2;3;3;1;
202000042752;154 667 159;A01;2;7;0;2;7;12;1;
202000042753;154 667 156;A01;1;7;0;1;3;1;1;
202000042754;154 667 151;A01;1;30;0;1;1;1;1;
202000042755;154 667 148;A01;2;10;0;2;3;15;1;
202000042755;154 667 150;B01;1;7;0;2;1;23;1;
202000042755;154 667 153;C01;0;7;0;2;1;23;1;
202000042756;154 667 149;A01;1;10;0;2;1;26;1;
202000042756;154 667 152;B01;1;7;0;2;4;2;1;
202000042756;154 667 154;D01;1;7;0;2;4;2;1;
202000042756;154 667 155;C01;1;7;0;2;4;2;1;
202000042757;154 667 147;A01;1;32;0;1;8;1;0;
202000042758;154 667 143;A01;1;33;4;2;8;1;1;
202000042758;154 667 145;Z01;1;10;0;2;0;12;1;
202000042759;154 667 144;B01;1;7;0;2;3;21;1;
202000042759;154 667 146;A01;2;7;0;2;3;13;1;
202000042760;154 667 141;B01;1;7;0;2;5;23;1;
202000042760;154 667 142;A01;1;1;0;2;1;2;5;
202000042761;154 667 136;B01;2;20;0;2;8;15;1;
202000042761;154 667 138;A01;2;33;0;2;7;17;1;
202000042762;154 667 131;B01;1;33;0;2;1;1;1;
202000042762;154 667 134;A01;2;7;0;2;5;19;1;
202000042763;154 667 133;B01;2;1;0;2;4;2;5;
202000042763;154 667 135;A01;2;7;0;2;2;2;1;
202000042764;154 667 127;B01;3;7;6;0;8;23;0;
202000042764;154 667 129;A01;2;7;0;2;1;14;0;
202000042765;154 667 126;B01;1;7;0;2;7;22;1;
202000042765;154 667 128;A01;1;33;0;2;8;18;1;
202000042766;154 667 125;A01;3;1;12;0;0;0;5;
202000042767;154 667 124;A01;1;80;11;0;7;12;3;
202000042768;154 667 130;A01;1;7;0;2;4;12;1;
202000042768;154 667 132;E01;1;31;0;2;8;1;1;
202000042768;154 667 137;D01;1;7;0;2;1;2;1;
202000042768;154 667 139;C01;1;7;0;2;1;2;1;
202000042768;154 667 140;B01;1;7;0;2;1;2;1;
202000042769;154 667 122;B01;2;50;0;2;4;1;3;
202000042769;154 667 123;A01;2;7;0;2;3;15;1;
202000042770;154 667 121;A01;0;10;16;0;9;0;1;
202000042771;154 667 118;B01;2;30;0;2;2;1;1;
202000042771;154 667 120;A01;2;7;0;2;3;16;1;
202000042772;154 667 117;B01;3;10;0;2;8;1;1;
202000042772;154 667 119;A01;1;30;0;2;1;1;1;
202000042773;154 667 113;A01;2;7;0;2;2;16;1;
202000042773;154 667 116;B01;1;1;0;0;7;1;5;
202000042774;154 667 112;A01;1;7;0;2;1;11;1;
202000042774;154 667 114;B01;1;1;0;2;4;12;5;
202000042775;154 667 111;A01;3;7;8;0;3;1;1;
202000042776;154 667 110;A01;2;7;3;0;6;17;1;
202000042777;154 667 108;A01;3;7;13;0;1;1;1;
202000042778;154 667 107;A01;3;34;8;0;1;16;1;
202000042779;154 667 106;A01;1;7;2;0;2;26;1;
202000042780;154 667 109;B01;1;30;0;2;1;1;0;
202000042780;154 667 115;A01;1;7;0;2;8;9;0;
202000042781;154 667 105;MA01;1;7;1;0;1;1;0;
202000042782;154 667 101;B01;2;7;0;2;0;2;1;
202000042782;154 667 103;A01;1;7;8;2;1;21;1;
202000042783;154 667 100;B01;1;30;0;2;3;1;1;
202000042783;154 667 102;A01;2;7;0;2;1;1;1;
202000042784;154 667 097;A01;1;7;0;2;7;12;1;
202000042784;154 667 098;B01;1;2;0;2;8;1;3;
202000042785;154 667 096;A01;1;7;0;2;1;9;0;
202000042785;154 667 099;B01;2;7;1;2;1;0;0;
202000042786;154 667 094;Z01;3;7;0;1;1;0;0;
202000042787;154 667 092;A01;1;30;0;2;5;9;1;
202000042787;154 667 093;B01;1;7;0;2;3;9;1;
202000042788;154 667 091;A01;2;7;2;0;9;14;1;
202000042789;154 667 095;A01;1;7;13;0;1;1;1;
202000042790;154 667 084;C01;2;7;0;2;1;1;1;
202000042790;154 667 087;A01;1;33;0;2;1;5;1;
202000042790;154 667 088;B01;1;33;0;2;1;2;1;
202000042791;154 667 089;B01;2;33;0;2;1;1;1;
202000042791;154 667 090;A01;2;10;0;2;3;15;1;
202000042792;154 667 085;A01;3;7;0;1;2;1;1;
202000042793;154 667 081;B01;1;33;0;2;2;3;1;
202000042793;154 667 083;A01;2;7;0;2;3;1;1;
202000042794;154 667 077;C01;3;7;1;0;0;0;1;
202000042794;154 667 079;B01;3;7;0;2;6;1;1;
202000042794;154 667 082;A01;3;7;0;2;1;9;1;
202000042795;154 667 074;A01;3;7;0;0;9;1;1;
202000042796;154 667 070;B01;1;33;0;2;2;17;1;
202000042796;154 667 071;A01;1;7;0;2;6;15;1;
202000042797;154 667 072;A01;2;7;4;0;1;0;1;
202000042797;154 667 076;C01;2;7;0;2;1;1;1;
202000042797;154 667 078;B01;2;7;0;2;1;1;1;
202000042797;154 667 080;D01;2;7;0;2;3;1;1;
202000042798;154 667 069;A01;0;7;0;1;6;4;1;
202000042799;154 667 073;B01;1;2;0;2;1;2;1;
202000042799;154 667 075;A01;2;7;0;2;3;15;1;
202000042800;154 667 068;A01;2;7;13;0;3;13;1;
202000042801;154 667 067;A01;2;33;0;0;0;1;6;
202000042802;154 667 065;A01;1;33;16;0;1;1;1;
202000042803;154 667 062;B01;2;3;16;0;4;2;1;
202000042803;154 667 064;A01;2;7;0;2;1;2;1;
202000042804;154 667 066;A01;3;7;9;0;1;1;1;
202000042805;154 667 060;B01;2;17;0;9;1;2;1;
202000042805;154 667 061;C01;2;7;0;9;9;2;1;
202000042805;154 667 063;A01;2;17;0;0;0;2;1;
202000042806;154 667 059;A01;3;1;0;0;1;0;5;
202000042807;154 667 057;A01;1;7;13;0;0;1;0;
202000042808;154 667 053;B01;1;33;0;2;1;1;1;
202000042808;154 667 056;A01;2;7;0;2;1;15;1;
202000042809;154 667 051;A01;1;7;0;2;1;17;1;
202000042809;154 667 055;B01;2;7;0;2;1;1;1;
202000042810;154 667 052;C01;1;7;3;0;3;2;1;
202000042810;154 667 054;B01;1;7;0;2;4;2;1;
202000042810;154 667 058;A01;1;10;0;2;4;2;1;
202000042811;154 667 048;A01;1;7;15;0;2;1;6;
202000042812;154 667 049;A01;2;7;13;0;1;1;1;
202000042813;154 667 047;B01;1;7;0;2;1;1;1;
202000042813;154 667 050;A01;2;7;0;2;1;13;1;
202000042814;154 667 040;A01;3;7;0;2;7;15;1;
202000042814;154 667 044;B01;3;10;0;2;1;1;1;
202000042815;154 667 042;A01;1;2;2;0;1;0;1;
202000042816;154 667 041;B01;2;7;0;2;1;1;1;
202000042816;154 667 045;A01;1;7;0;2;7;15;1;
202000042817;154 667 043;B01;1;2;0;2;1;1;0;
202000042817;154 667 046;A01;1;7;0;2;3;21;1;
202000042818;154 667 039;A01;2;7;1;0;3;17;1;
202000042819;154 667 038;A01;3;7;0;1;4;20;1;
202000042820;154 667 034;A01;1;1;0;2;4;18;5;
202000042820;154 667 037;B01;1;17;0;2;2;2;1;
202000042821;154 667 033;B01;3;36;0;2;3;9;1;
202000042821;154 667 036;A01;3;2;0;2;1;1;1;
202000042822;154 667 032;A01;3;7;0;2;4;1;1;
202000042822;154 667 035;Z01;3;7;0;2;1;0;1;
202000042823;154 667 030;A01;2;7;13;0;3;0;6;
202000042824;154 667 031;A01;1;7;0;1;1;1;1;
202000042825;154 667 029;A01;3;7;2;0;1;21;1;
202000042826;154 667 028;A01;3;33;0;0;7;1;1;
202000042827;154 667 022;A01;2;7;0;1;1;1;1;
202000042828;154 667 024;B01;2;7;0;2;1;1;1;
202000042828;154 667 027;A01;1;7;0;2;1;13;1;
202000042829;154 667 023;A01;2;30;13;0;7;21;1;
202000042829;154 667 026;B01;2;21;0;0;0;16;1;
202000042830;154 667 021;B01;0;7;0;0;3;26;1;
202000042830;154 667 025;A01;1;1;0;2;1;25;5;
202000042831;154 667 017;A01;3;31;2;0;0;0;1;
202000042832;154 667 013;A01;1;34;14;0;1;1;0;
202000042832;154 667 014;B01;1;7;0;0;6;15;0;
202000042833;154 667 015;B01;1;7;0;2;1;1;0;
202000042833;154 667 018;A01;2;7;0;2;1;0;0;
202000042834;154 667 016;C01;1;7;0;2;4;23;1;
202000042834;154 667 019;B01;1;7;0;2;4;23;1;
202000042834;154 667 020;Z01;1;7;0;2;1;1;1;
202000042835;154 667 012;A01;1;7;0;0;8;1;1;
202000042836;154 667 008;B01;3;31;0;2;8;1;1;
202000042836;154 667 011;A01;3;7;0;2;1;1;1;
202000042837;154 667 007;B01;2;43;0;1;1;18;0;
202000042837;154 667 010;A01;2;7;0;0;2;16;0;
202000042838;154 667 006;A01;1;7;17;0;3;13;1;
202000042839;154 667 001;A01;0;37;0;2;3;1;1;1
202000042839;154 667 009;B01;0;7;0;2;7;1;1;
202000042840;154 666 999;A01;3;7;9;0;1;1;1;
202000042841;154 666 995;A01;2;7;0;9;3;1;0;
202000042841;154 666 996;B01;2;80;0;0;6;0;3;
202000042842;154 666 998;A01;2;7;4;0;8;21;1;
202000042843;154 666 994;A01;1;10;0;2;3;1;1;
202000042843;154 666 997;B01;1;60;0;2;1;9;5;
202000042844;154 666 992;B01;2;7;0;2;2;2;1;
202000042844;154 666 993;A01;2;1;0;2;4;2;5;
202000042845;154 666 988;A01;1;31;0;2;8;1;1;
202000042845;154 666 991;Z01;1;7;0;2;7;12;0;
202000042846;154 666 986;A01;2;30;0;2;1;5;1;
202000042846;154 666 989;B01;1;7;0;2;3;1;1;
202000042847;154 666 987;B01;1;7;0;2;1;2;1;
202000042847;154 666 990;A01;1;15;0;0;6;23;1;
202000042848;154 666 984;B01;1;7;13;0;9;14;1;
202000042848;154 666 985;A01;2;7;0;2;1;1;1;
202000042849;154 666 980;B01;1;32;0;2;8;7;1;
202000042849;154 666 982;A01;1;7;0;2;2;16;1;
202000042850;154 666 983;A01;2;33;17;0;1;1;1;
202000042851;154 666 979;B01;1;7;0;9;0;1;1;
202000042851;154 666 981;A01;1;33;3;0;8;11;1;
202000042852;154 666 977;A01;1;7;0;1;2;1;0;
202000042853;154 666 975;B01;0;36;13;0;2;1;0;
202000042854;154 666 976;B01;2;7;0;2;8;15;1;
202000042854;154 666 978;A01;2;31;0;2;1;17;1;
202000042855;154 666 972;B01;1;10;0;9;8;21;6;
202000042855;154 666 973;C01;1;10;0;2;6;23;6;
202000042855;154 666 974;A01;1;15;0;2;0;21;1;
202000042856;154 666 966;A01;1;7;0;2;8;19;0;
202000042856;154 666 967;B01;1;7;0;2;1;1;0;
202000042857;154 666 968;B01;2;31;0;2;1;1;0;
202000042857;154 666 969;C01;1;7;0;2;8;1;1;
202000042857;154 666 970;A01;2;33;0;2;8;13;0;
202000042857;154 666 971;D01;1;7;0;2;3;1;1;
202000042858;154 666 964;B01;2;33;0;2;1;7;1;
202000042858;154 666 965;A01;1;7;0;2;3;15;1;
202000042859;154 666 962;A01;1;33;0;0;1;2;1;
202000042860;154 666 963;A01;2;7;8;0;2;1;1;
202000042861;154 666 958;A01;2;7;13;0;1;1;1;
202000042862;154 666 959;A01;1;7;0;2;3;2;1;
202000042862;154 666 960;B01;1;30;0;2;4;23;1;
202000042863;154 666 956;B01;2;7;0;2;1;1;1;
202000042863;154 666 961;A01;1;7;0;0;2;15;1;
202000042864;154 666 951;B01;2;31;0;2;8;1;1;
202000042864;154 666 955;A01;2;7;0;2;2;17;1;
202000042865;154 666 950;B01;2;7;0;2;3;1;1;
202000042865;154 666 954;A01;1;7;0;2;2;13;1;
202000042866;154 666 949;B01;1;7;0;2;1;7;1;
202000042866;154 666 952;A01;1;30;0;2;2;1;1;
202000042867;154 666 947;A01;2;10;0;2;3;13;1;
202000042867;154 666 948;B01;1;7;0;2;3;13;1;
202000042868;154 666 941;B01;2;1;0;2;3;15;5;
202000042868;154 666 943;A01;2;7;0;2;2;17;1;
202000042869;154 666 942;A01;3;7;0;1;3;1;1;
202000042870;154 666 939;A01;1;7;2;0;3;1;5;
202000042871;154 666 938;A01;1;7;0;2;3;1;1;
202000042871;154 666 944;B01;2;32;0;2;7;1;1;
202000042872;154 666 936;A01;3;7;0;0;9;1;1;
202000042873;154 666 937;B01;3;2;0;2;1;26;1;
202000042873;154 666 940;A01;3;7;0;2;2;1;1;
202000042874;154 666 934;B01;1;7;0;2;3;1;1;
202000042874;154 666 935;A01;2;10;0;2;3;13;1;
202000042875;154 666 929;B01;2;7;0;2;4;20;1;
202000042875;154 666 932;A01;2;7;1;1;1;2;1;
202000042876;154 666 926;A01;2;7;0;0;4;2;1;
202000042876;154 666 927;B01;2;33;0;2;1;2;1;
202000042877;154 666 924;B01;1;7;0;2;5;1;1;
202000042877;154 666 925;A01;1;7;12;2;3;13;2;
202000042878;154 666 931;A01;1;1;0;0;3;1;5;
202000042878;154 666 933;B01;1;7;0;0;2;19;0;
202000042879;154 666 922;A01;1;7;15;0;2;0;1;
202000042880;154 666 921;Z01;2;7;0;2;1;9;1;
202000042880;154 666 923;A01;2;50;0;2;4;1;3;
202000042881;154 666 919;B01;1;7;0;2;3;13;1;
202000042881;154 666 920;A01;2;7;0;2;3;1;1;
202000042882;154 666 918;A01;3;1;6;0;1;5;6;
202000042883;154 666 916;B01;2;1;0;2;1;1;5;
202000042883;154 666 917;A01;2;7;0;2;3;22;1;
202000042884;154 666 914;A01;2;33;2;0;2;1;1;
202000042885;154 666 928;A01;1;7;0;2;1;17;1;
202000042885;154 666 930;B01;2;10;0;2;1;1;1;
202000042886;154 666 911;B01;2;10;0;2;1;1;1;
202000042886;154 666 912;A01;1;33;0;2;1;5;1;
202000042887;154 666 909;B01;1;32;0;2;7;17;1;
202000042887;154 666 910;A01;1;7;0;2;3;17;1;
202000042888;154 666 908;A01;1;2;0;0;7;0;0;
202000042889;154 666 906;A01;3;31;8;0;1;1;1;
202000042890;154 666 905;B01;1;14;0;2;1;14;1;
202000042890;154 666 907;A01;1;15;0;2;4;23;1;
202000042891;154 666 913;B01;2;7;0;2;1;1;1;
202000042891;154 666 915;A01;1;33;0;2;1;13;1;
202000042892;154 666 904;A01;2;1;0;0;0;1;5;
202000042893;154 666 898;A01;3;7;0;2;3;9;1;
202000042893;154 666 900;B01;3;1;0;2;5;1;5;
202000042894;154 666 896;B01;2;1;0;0;4;1;6;
202000042894;154 666 897;A01;2;10;0;2;1;1;1;
202000042895;154 666 899;A01;1;7;0;2;2;16;1;
202000042895;154 666 902;B01;2;50;0;2;7;1;3;
202000042896;154 666 901;B01;2;32;0;2;1;3;1;
202000042896;154 666 903;A01;2;7;0;2;4;1;1;
202000042897;154 666 891;A01;1;15;0;2;5;14;6;
202000042897;154 666 895;B01;1;7;0;2;6;12;1;
202000042898;154 666 892;A01;1;7;0;2;5;17;0;
202000042898;154 666 894;B01;1;21;13;2;1;2;0;
202000042899;154 666 887;A01;1;31;0;1;8;1;1;
202000042900;154 666 886;C01;2;7;0;2;4;23;1;
202000042900;154 666 888;D01;2;7;0;2;4;23;1;
202000042900;154 666 889;E01;2;7;0;2;4;23;1;
202000042900;154 666 890;A01;2;10;3;2;1;2;1;
202000042900;154 666 893;B01;2;7;0;2;4;23;1;
202000042901;154 666 884;A01;2;33;13;0;1;1;1;
202000042902;154 666 879;A01;1;7;0;2;3;15;0;
202000042902;154 666 881;B01;1;33;0;2;2;1;1;
202000042903;154 666 882;B01;2;10;0;2;4;2;1;
202000042903;154 666 883;C01;2;31;0;2;2;2;1;
202000042903;154 666 885;A01;2;7;0;2;1;2;1;
202000042904;154 666 877;A01;1;7;13;9;1;14;1;
202000042905;154 666 872;A01;1;10;3;0;5;14;1;
202000042906;154 666 875;A01;1;7;0;2;1;2;1;
202000042906;154 666 876;B01;1;7;0;2;4;23;1;
202000042907;154 666 869;E01;1;7;0;2;0;0;1;
202000042907;154 666 870;D01;1;7;0;2;4;23;1;
202000042907;154 666 871;C01;1;7;0;2;4;23;1;
202000042907;154 666 873;B01;1;7;0;2;4;23;1;
202000042907;154 666 874;A01;1;10;0;2;1;1;1;
202000042908;154 666 868;A01;1;50;0;0;0;1;3;
202000042909;154 666 864;A01;1;17;4;0;8;13;1;
202000042910;154 666 865;A01;1;34;0;0;9;2;1;
202000042911;154 666 878;B01;3;7;0;2;8;1;1;
202000042911;154 666 880;A01;3;7;0;2;8;1;1;
202000042912;154 666 866;A01;1;30;0;2;1;26;1;
202000042912;154 666 867;B01;1;7;0;2;4;1;1;
202000042913;154 666 861;A01;1;7;0;1;1;1;1;
202000042914;154 666 855;B01;3;7;0;2;6;1;1;
202000042914;154 666 857;A01;3;7;0;2;3;1;0;
202000042915;154 666 854;B01;3;30;0;2;1;0;1;
202000042915;154 666 856;A01;3;7;0;2;1;0;1;
202000042916;154 666 848;D01;2;7;0;2;4;2;1;
202000042916;154 666 853;A01;2;7;0;2;1;2;1;
202000042916;154 666 859;B01;2;7;0;2;4;2;1;
202000042916;154 666 860;C01;2;7;0;2;4;2;1;
202000042917;154 666 847;B01;2;7;0;2;6;18;1;
202000042917;154 666 851;A01;2;7;0;2;2;26;1;
202000042918;154 666 849;B01;2;33;0;2;7;1;1;
202000042918;154 666 852;A01;2;7;0;2;5;9;1;
202000042919;154 666 841;C01;1;7;0;2;3;1;1;
202000042919;154 666 843;B01;2;33;0;2;1;1;1;
202000042919;154 666 845;A01;1;7;0;2;7;15;1;
202000042920;154 666 842;A01;2;7;0;2;0;12;0;
202000042920;154 666 844;B01;2;7;0;2;0;1;0;
202000042920;154 666 846;C01;2;7;0;2;0;1;0;
202000042921;154 666 840;A01;1;33;0;0;1;1;1;
202000042922;154 666 850;A01;2;7;0;2;1;12;1;
202000042922;154 666 858;B01;2;7;0;2;6;1;1;
202000042923;154 666 838;A01;-1;7;0;2;1;2;1;
202000042923;154 666 839;B01;-1;7;14;0;4;2;0;
202000042924;154 666 833;C01;2;7;0;2;4;2;1;
202000042924;154 666 834;D01;2;7;0;2;4;2;1;
202000042924;154 666 835;E01;2;7;0;2;4;2;0;
202000042924;154 666 836;B01;2;7;0;2;4;2;1;
202000042924;154 666 837;A01;2;10;0;2;1;2;1;
202000042925;154 666 832;A01;1;7;4;0;1;13;1;
202000042926;154 666 830;A01;1;7;0;2;7;15;1;
202000042926;154 666 831;B01;1;7;0;2;8;1;1;
202000042927;154 666 828;B01;1;10;0;2;5;12;1;
202000042927;154 666 829;A01;1;43;0;2;1;3;1;
202000042928;154 666 827;A01;1;31;0;1;0;26;0;
202000042929;154 666 825;B01;2;34;0;2;8;1;1;
202000042929;154 666 826;A01;2;7;0;2;7;12;1;
202000042930;154 666 824;A01;2;7;13;0;2;1;1;
202000042931;154 666 822;Z01;1;0;0;2;0;0;0;
202000042931;154 666 823;A01;1;32;0;2;7;1;1;
202000042932;154 666 821;A01;1;2;0;0;9;16;1;
202000042933;154 666 816;B01;1;7;0;2;3;1;1;
202000042933;154 666 818;A01;2;7;0;2;2;15;1;
202000042934;154 666 815;D01;1;7;0;2;1;2;1;
202000042934;154 666 817;C01;1;7;0;2;1;2;1;
202000042934;154 666 819;B01;1;7;0;2;8;1;1;
202000042934;154 666 820;A01;1;17;0;2;2;12;1;
202000042935;154 666 813;A01;2;7;4;0;3;17;1;
202000042936;154 666 812;A01;2;7;0;0;8;19;1;
202000042936;154 666 814;B01;2;15;0;2;1;21;1;
202000042937;154 666 810;B01;1;7;0;2;4;2;1;
202000042937;154 666 811;A01;1;7;0;2;1;2;1;
202000042938;154 666 809;A01;1;33;0;6;1;2;1;
202000042939;154 666 807;B01;3;1;0;2;4;1;5;
202000042939;154 666 808;A01;1;7;0;9;3;9;1;
202000042940;154 666 806;A01;1;7;2;0;1;1;1;
202000042941;154 666 803;B01;3;7;0;2;2;1;1;
202000042941;154 666 805;A01;1;7;0;2;3;1;1;
202000042942;154 666 802;A01;1;7;0;2;3;5;0;
202000042942;154 666 804;B01;2;15;0;2;3;5;0;
202000042943;154 666 799;A01;1;7;6;0;1;13;1;
202000042944;154 666 798;A01;2;7;0;9;2;15;1;
202000042944;154 666 801;B01;2;1;0;2;7;2;5;
202000042945;154 666 797;A01;1;38;13;0;2;1;1;3
202000042946;154 666 796;A01;3;7;1;0;3;14;0;
202000042947;154 666 794;A01;2;7;0;2;6;19;1;
202000042947;154 666 795;B01;2;7;0;2;1;1;1;
202000042948;154 666 792;B01;2;2;0;2;8;15;1;
202000042948;154 666 793;A01;2;2;0;2;7;17;1;
202000042949;154 666 791;A01;2;7;2;0;1;13;1;
202000042950;154 666 789;B01;3;33;0;2;2;23;1;
202000042950;154 666 790;A01;3;10;0;2;4;4;1;
202000042951;154 666 786;A01;2;7;0;2;7;19;1;