num_acc;id_vehicule;num_veh;senc;catv;obs;obsm;choc;manv;motor;occutc
202000043223;154 666 281;A01;2;7;0;2;1;0;1;
202000043223;154 666 282;B01;2;1;0;2;4;1;5;
202000043223;154 666 283;C01;2;1;0;2;4;1;5;
202000043224;154 666 280;A01;1;7;0;0;0;13;1;
202000043225;154 666 279;A01;1;7;14;0;1;0;1;
202000043226;154 666 278;A01;2;7;0;1;1;1;1;
202000043227;154 666 277;A01;3;7;15;0;3;1;1;
202000043228;154 666 276;A01;2;7;16;0;9;13;1;
202000043229;154 666 274;B01;2;7;7;0;4;1;1;
202000043229;154 666 275;A01;2;7;0;2;1;2;1;
202000043230;154 666 272;B01;1;31;0;0;4;2;1;
202000043230;154 666 273;A01;1;33;0;2;1;2;1;
202000043231;154 666 271;A01;0;7;2;0;1;0;1;
202000043232;154 666 269;A01;1;7;0;2;2;17;0;
202000043232;154 666 270;B01;1;21;0;2;6;2;0;
202000043233;154 666 267;B01;3;1;0;2;1;1;5;
202000043233;154 666 268;A01;3;32;0;2;1;5;1;
202000043234;154 666 265;A01;1;7;7;0;1;14;1;
202000043235;154 666 264;A01;1;7;0;0;7;1;1;
202000043236;154 666 263;A01;3;7;2;0;3;16;0;
202000043237;154 666 261;B01;3;1;0;2;1;1;5;
202000043237;154 666 262;A01;0;7;0;2;2;26;1;
202000043238;154 666 259;A01;2;7;0;2;3;20;0;
202000043238;154 666 260;B01;2;33;0;2;7;1;0;
202000043239;154 666 258;A01;2;10;16;0;0;0;1;
202000043240;154 666 256;B01;3;7;13;2;1;1;1;
202000043240;154 666 257;A01;3;7;13;2;7;1;6;
202000043241;154 666 251;A01;2;7;0;2;8;13;1;
202000043241;154 666 252;B01;1;7;0;2;3;1;1;
202000043242;154 666 248;A01;1;7;0;2;3;13;1;
202000043242;154 666 249;B01;2;7;0;2;1;1;1;
202000043242;154 666 250;C01;2;7;0;2;6;1;1;
202000043243;154 666 247;A01;1;33;0;0;7;26;1;
202000043244;154 666 246;A01;0;33;8;0;5;1;1;
202000043245;154 666 245;A01;3;7;12;0;1;19;1;
202000043246;154 666 242;A01;1;31;0;2;1;13;1;
202000043246;154 666 243;B01;2;7;0;2;1;16;1;
202000043247;154 666 241;A01;1;2;0;0;2;16;1;
202000043248;154 666 240;A01;3;33;0;0;8;13;1;
202000043249;154 666 239;A01;3;7;15;0;1;1;1;
202000043250;154 666 237;B01;1;7;0;0;3;1;1;
202000043250;154 666 238;A01;2;2;0;2;1;13;1;
202000043251;154 666 236;A01;1;7;13;0;1;13;1;
202000043252;154 666 234;B01;2;7;0;0;4;1;1;
202000043252;154 666 235;A01;2;33;0;2;1;1;1;
202000043253;154 666 232;B01;3;7;0;9;1;1;1;
202000043253;154 666 233;A01;3;50;0;2;1;5;3;
202000043254;154 666 231;A01;2;7;13;0;1;14;1;
202000043255;154 666 230;A01;2;7;2;0;1;13;1;
202000043256;154 666 229;A01;2;33;0;0;2;0;1;
202000043257;154 666 228;A01;2;33;0;0;0;16;1;
202000043258;154 666 227;A01;2;7;2;0;5;1;1;
202000043259;154 666 226;A01;2;33;3;0;0;1;1;
202000043260;154 666 224;A01;2;7;13;0;1;1;1;
202000043261;154 666 223;A01;2;7;8;0;7;1;1;
202000043262;154 666 222;A01;2;7;2;0;1;1;1;
202000043263;154 666 221;A01;2;7;1;0;2;0;1;
202000043264;154 666 220;A01;1;7;0;1;3;9;1;
202000043265;154 666 219;A01;3;1;14;0;1;1;5;
202000043266;154 666 217;B01;0;7;0;2;4;1;1;
202000043266;154 666 218;A01;0;7;0;2;1;1;1;
202000043267;154 666 215;A01;3;33;0;2;3;1;1;
202000043267;154 666 216;B01;3;1;0;2;3;1;5;
202000043268;154 666 213;A01;2;7;0;2;3;15;1;
202000043268;154 666 214;B01;1;1;0;2;3;0;5;
202000043269;154 666 211;A01;1;7;0;0;6;17;3;
202000043269;154 666 212;B01;1;34;0;2;1;17;1;
202000043270;154 666 210;A01;1;7;6;0;3;16;1;
202000043271;154 666 208;A01;1;7;0;2;3;3;6;
202000043271;154 666 209;B01;2;7;0;2;1;2;6;
202000043272;154 666 206;A01;3;7;0;9;3;15;1;
202000043272;154 666 207;B01;3;1;0;2;1;1;6;
202000043273;154 666 204;A01;1;33;0;2;1;13;1;
202000043273;154 666 205;B01;2;7;0;2;2;1;1;
202000043274;154 666 202;B01;2;33;0;2;3;1;1;
202000043274;154 666 203;A01;1;7;0;2;3;13;1;
202000043275;154 666 201;A01;2;33;13;0;7;1;1;
202000043276;154 666 199;B01;1;7;0;2;3;1;1;
202000043276;154 666 200;A01;2;7;0;2;3;1;1;
202000043277;154 666 198;A01;1;7;2;0;1;1;1;
202000043278;154 666 196;B01;1;15;0;9;3;1;1;
202000043278;154 666 197;A01;2;33;0;2;1;13;1;
202000043279;154 666 194;A01;1;2;0;2;1;2;0;
202000043279;154 666 195;B01;1;7;0;2;5;2;1;
202000043280;154 666 192;A01;3;7;0;2;7;1;0;
202000043280;154 666 193;B01;3;1;0;2;1;15;5;
202000043281;154 666 190;A01;2;7;0;2;1;15;1;
202000043281;154 666 191;B01;2;7;0;2;7;1;1;
202000043282;154 666 188;A01;2;7;0;2;1;1;1;
202000043282;154 666 189;B01;1;7;0;2;1;15;1;
202000043283;154 666 187;A01;2;33;8;0;1;1;1;
202000043284;154 666 186;A01;3;10;0;1;4;4;0;
202000043285;154 666 185;A01;1;7;13;0;8;13;1;
202000043286;154 666 184;A01;1;33;12;0;8;16;0;
202000043287;154 666 183;A01;1;1;0;0;0;1;5;
202000043288;154 666 182;A01;2;2;0;0;1;0;1;
202000043289;154 666 180;B01;2;7;0;0;0;23;1;
202000043289;154 666 181;A01;1;35;1;0;1;1;1;
202000043290;154 666 179;A01;1;7;0;0;1;0;1;
202000043291;154 666 177;B01;2;7;0;2;1;1;1;
202000043291;154 666 178;A01;2;7;0;2;5;12;1;
202000043292;154 666 175;A01;1;7;0;2;4;1;1;
202000043292;154 666 176;B01;1;7;0;2;1;1;1;
202000043293;154 666 173;B01;2;17;0;2;2;0;1;
202000043293;154 666 174;A01;2;7;0;2;8;1;1;
202000043294;154 666 171;B01;2;7;0;2;2;2;1;
202000043294;154 666 172;A01;2;7;0;2;6;12;1;
202000043295;154 666 169;B01;1;33;0;2;7;3;1;
202000043295;154 666 170;A01;1;7;0;2;6;11;1;
202000043296;154 666 166;A01;1;10;0;2;1;2;1;
202000043296;154 666 167;B01;1;10;0;2;4;2;1;
202000043296;154 666 168;C01;1;7;0;2;4;2;1;
202000043297;154 666 164;B01;2;7;0;2;4;2;1;
202000043297;154 666 165;A01;2;10;0;2;1;2;1;
202000043298;154 666 160;A01;1;7;0;2;1;2;1;
202000043298;154 666 161;B01;1;7;0;2;6;2;0;
202000043298;154 666 162;C01;1;10;0;2;2;2;1;
202000043298;154 666 163;D01;1;10;0;2;6;1;1;
202000043299;154 666 157;B01;1;7;0;2;1;2;1;
202000043299;154 666 158;A01;1;7;0;2;1;1;1;
202000043299;154 666 159;C01;0;7;0;2;1;2;0;
202000043300;154 666 156;A01;2;7;0;0;0;26;1;
202000043301;154 666 154;A01;3;7;0;2;5;15;1;
202000043301;154 666 155;B01;3;2;0;2;3;1;1;
202000043302;154 666 153;A01;1;50;0;0;0;21;3;
202000043303;154 666 151;A01;2;7;0;2;1;9;1;
202000043303;154 666 152;B01;2;33;0;2;7;2;1;
202000043304;154 666 150;A01;0;7;0;1;8;16;1;
202000043305;154 666 147;A01;1;33;0;2;1;1;1;
202000043305;154 666 148;C01;1;37;0;2;1;1;1;1
202000043305;154 666 149;B01;1;37;0;2;5;9;1;1
202000043306;154 666 144;A01;1;7;0;2;1;2;1;
202000043306;154 666 145;B01;1;7;0;2;1;0;3;
202000043306;154 666 146;C01;1;7;0;2;4;0;1;
202000043307;154 666 142;B01;-1;33;0;2;7;1;1;
202000043307;154 666 143;A01;-1;15;0;2;6;16;1;
202000043308;154 666 140;B01;1;7;0;2;3;0;0;
202000043308;154 666 141;A01;1;31;0;2;1;1;0;
202000043309;154 666 138;B01;2;10;0;2;2;0;0;
202000043309;154 666 139;A01;1;10;0;2;3;16;6;
202000043310;154 666 136;A01;2;7;0;2;8;19;1;
202000043310;154 666 137;B01;2;34;0;2;1;1;1;
202000043311;154 666 134;A01;1;10;0;2;3;15;1;
202000043311;154 666 135;B01;2;1;0;2;1;1;5;
202000043312;154 666 132;A01;1;7;0;2;1;2;1;
202000043312;154 666 133;B01;1;7;0;2;4;23;1;
202000043313;154 666 130;A01;1;14;0;2;1;2;1;
202000043313;154 666 131;B01;1;7;0;0;4;16;1;
202000043314;154 666 128;A01;1;7;0;2;3;9;1;
202000043314;154 666 129;B01;1;1;0;2;1;1;5;
202000043315;154 666 127;A01;2;7;0;0;0;1;1;
202000043316;154 666 123;B01;1;10;0;0;4;2;1;
202000043316;154 666 124;A01;1;32;0;2;1;2;1;
202000043317;154 666 121;B01;2;15;0;2;3;1;1;
202000043317;154 666 122;A01;1;10;0;2;3;1;1;
202000043318;154 666 119;B01;1;2;0;2;1;1;1;
202000043318;154 666 120;A01;1;7;0;2;2;1;1;
202000043319;154 666 117;B01;1;21;0;2;3;1;1;
202000043319;154 666 118;A01;2;31;0;2;1;17;1;
202000043320;154 666 114;A01;2;7;0;2;3;5;1;
202000043320;154 666 115;B01;2;7;0;2;2;0;1;
202000043320;154 666 116;C01;1;17;7;2;3;21;0;
202000043321;154 666 112;A01;2;7;0;2;3;15;1;
202000043321;154 666 113;B01;1;1;0;0;1;1;5;
202000043322;154 666 110;B01;0;10;0;2;3;15;0;
202000043322;154 666 111;A01;1;33;0;2;1;1;1;
202000043323;154 666 108;A01;2;7;0;2;3;13;1;
202000043323;154 666 109;B01;1;21;0;2;3;1;1;
202000043324;154 666 107;A01;2;33;0;6;1;1;1;
202000043325;154 666 105;A01;3;7;0;9;7;16;1;
202000043325;154 666 106;B01;3;1;0;2;2;1;5;
202000043326;154 666 104;A01;2;2;1;0;1;1;1;
202000043327;154 666 102;B01;1;7;7;2;2;15;1;
202000043327;154 666 103;A01;2;7;0;2;1;1;1;
202000043328;154 666 101;A01;2;7;12;0;1;1;1;
202000043329;154 666 100;A01;2;7;15;0;2;1;1;
202000043330;154 666 098;A01;1;7;0;2;3;2;1;
202000043330;154 666 099;B01;1;1;0;2;4;2;5;
202000043331;154 666 096;B01;3;31;0;2;2;17;1;
202000043331;154 666 097;A01;0;7;0;2;8;15;1;
202000043332;154 666 095;A01;2;7;2;0;1;0;1;
202000043333;154 666 094;A01;1;33;0;9;1;6;1;
202000043334;154 666 091;C01;1;15;0;2;6;2;1;
202000043334;154 666 092;B01;2;7;0;2;3;1;1;
202000043334;154 666 093;A01;1;7;0;2;3;5;1;
202000043335;154 666 089;A01;1;7;0;2;3;13;1;
202000043335;154 666 090;B01;2;7;0;2;3;1;1;
202000043336;154 666 088;A01;2;7;0;1;6;1;1;
202000043337;154 666 087;A01;1;7;0;1;2;1;0;
202000043338;154 666 083;A01;2;10;0;2;3;9;1;
202000043338;154 666 084;B01;2;1;0;2;1;1;5;
202000043339;154 666 082;A01;2;33;6;0;1;0;1;
202000043340;154 666 080;A01;1;7;0;2;3;17;1;
202000043340;154 666 081;B01;1;7;0;0;6;15;1;
202000043341;154 666 078;B01;2;10;0;9;2;1;1;
202000043341;154 666 079;A01;3;1;0;2;8;15;5;
202000043342;154 666 076;B01;1;33;0;2;3;13;1;
202000043342;154 666 077;A01;2;21;0;2;8;0;1;
202000043343;154 666 074;A01;1;7;0;9;7;17;1;
202000043343;154 666 075;B01;1;1;0;0;4;1;5;
202000043344;154 666 072;B01;1;7;0;2;2;1;1;
202000043344;154 666 073;A01;2;3;0;2;2;5;1;
202000043345;154 666 070;B01;2;7;5;0;4;2;1;
202000043345;154 666 071;A01;2;33;0;2;1;2;1;
202000043346;154 666 069;A01;1;7;6;0;3;1;1;
202000043347;154 666 067;B01;2;7;0;0;4;23;0;
202000043347;154 666 068;A01;2;7;0;2;1;1;1;
202000043348;154 666 065;B01;2;33;0;2;1;17;1;
202000043348;154 666 066;A01;2;7;0;2;8;10;1;
202000043349;154 666 064;A01;2;7;4;0;3;13;1;
202000043350;154 666 061;C01;1;10;0;2;1;1;1;
202000043350;154 666 062;B01;1;7;0;2;8;1;1;
202000043350;154 666 063;A01;1;17;0;2;7;12;1;
202000043351;154 666 059;A01;1;7;0;2;4;2;1;
202000043351;154 666 060;B01;1;7;0;2;1;2;1;
202000043352;154 666 058;A01;2;33;0;2;3;21;1;
202000043353;154 666 054;D01;2;7;0;2;1;2;1;
202000043353;154 666 055;C01;2;7;0;2;1;2;1;
202000043353;154 666 056;A01;2;14;0;2;2;11;1;
202000043353;154 666 057;B01;2;10;0;2;6;1;1;
202000043354;154 666 051;C01;1;7;0;2;4;2;1;
202000043354;154 666 052;B01;1;7;0;2;4;2;1;
202000043354;154 666 053;A01;1;10;0;2;1;2;1;
202000043355;154 666 048;C01;1;7;0;2;3;1;1;
202000043355;154 666 049;B01;1;17;0;2;2;1;1;
202000043355;154 666 050;A01;1;7;3;2;8;11;1;
202000043356;154 666 047;A01;2;7;0;2;1;12;1;
202000043357;154 666 045;B01;1;33;0;2;1;3;1;
202000043357;154 666 046;A01;1;7;0;2;6;11;1;
202000043358;154 666 042;A01;0;32;0;2;1;2;1;
202000043358;154 666 043;B01;3;7;0;2;3;15;1;
202000043359;154 666 039;A01;3;7;0;2;1;1;1;
202000043359;154 666 040;B01;3;7;0;2;1;1;1;
202000043359;154 666 041;C01;3;7;0;2;1;1;1;
202000043360;154 666 037;A01;2;31;0;2;1;1;1;
202000043360;154 666 038;B01;2;99;0;2;1;13;1;
202000043361;154 666 036;A01;1;7;0;1;2;1;1;
202000043362;154 666 034;B01;2;7;0;0;0;1;1;
202000043362;154 666 035;A01;2;7;0;0;0;16;1;
202000043363;154 666 032;B01;1;7;0;2;1;1;1;
202000043363;154 666 033;A01;2;7;0;2;8;1;1;
202000043364;154 666 030;A01;1;7;0;2;2;2;0;
202000043364;154 666 031;B01;1;7;0;2;0;1;0;
202000043365;154 666 028;B01;2;10;0;2;3;15;0;
202000043365;154 666 029;A01;1;7;0;2;1;1;0;
202000043366;154 666 026;A01;2;34;0;2;7;13;1;
202000043366;154 666 027;B01;2;10;0;2;3;1;0;
202000043367;154 666 025;A01;1;7;15;0;8;26;1;
202000043368;154 666 023;B01;2;1;0;2;1;2;0;
202000043368;154 666 024;Z01;2;2;0;0;0;0;0;
202000043369;154 666 021;B01;2;7;0;2;2;1;1;
202000043369;154 666 022;A01;2;7;0;2;6;1;1;
202000043370;154 666 016;B01;2;1;0;2;4;1;5;
202000043370;154 666 017;A01;2;7;0;2;1;2;0;
202000043371;154 666 015;A01;1;7;0;1;1;16;0;
202000043372;154 666 013;B01;0;7;0;2;6;16;1;
202000043372;154 666 014;A01;0;7;0;2;3;1;1;
202000043373;154 666 012;A01;0;7;0;1;1;15;1;
202000043374;154 666 010;A01;2;7;0;9;3;20;1;
202000043374;154 666 011;B01;2;2;0;2;2;1;1;
202000043375;154 666 009;A01;1;7;0;1;7;1;1;
202000043376;154 666 007;A01;2;7;0;2;2;16;1;
202000043376;154 666 008;B01;2;1;0;2;3;1;5;
202000043377;154 666 005;B01;2;7;0;2;3;1;1;
202000043377;154 666 006;A01;1;1;0;2;1;19;5;
202000043378;154 666 003;B01;1;7;6;1;4;1;1;
202000043378;154 666 004;A01;2;7;6;2;1;1;1;
202000043379;154 666 002;A01;1;7;9;0;9;1;1;
202000043380;154 666 000;B01;1;7;0;2;2;1;1;
202000043380;154 666 001;A01;1;7;0;2;1;19;1;
202000043381;154 665 999;A01;1;7;0;1;1;15;1;
202000043382;154 665 996;B01;3;7;14;0;4;23;1;
202000043382;154 665 997;Z01;1;7;0;2;1;1;1;
202000043382;154 665 998;A01;1;7;0;2;4;23;1;
202000043383;154 665 994;A01;3;30;0;2;2;16;1;
202000043383;154 665 995;B01;3;10;0;2;8;15;1;
202000043384;154 665 991;B01;2;2;0;2;4;1;1;
202000043384;154 665 992;C01;2;7;0;2;4;1;1;
202000043384;154 665 993;A01;2;7;0;2;2;1;1;
202000043385;154 665 990;A01;1;1;0;0;0;1;5;
202000043386;154 665 988;A01;1;2;0;2;7;15;1;
202000043386;154 665 989;B01;2;7;0;2;1;1;1;
202000043387;154 665 987;A01;3;35;8;0;1;1;1;
202000043388;154 665 986;A01;2;32;15;0;1;1;6;
202000043389;154 665 984;A01;0;7;0;0;1;15;1;
202000043389;154 665 985;B01;0;7;0;0;0;0;1;
202000043390;154 665 982;B01;2;7;0;2;3;1;1;
202000043390;154 665 983;A01;1;7;0;2;3;13;1;
202000043391;154 665 980;A01;2;33;0;2;1;9;1;
202000043391;154 665 981;B01;2;7;0;2;3;9;1;
202000043392;154 665 979;A01;1;1;12;0;2;1;5;
202000043393;154 665 978;A01;1;31;0;0;0;1;1;
202000043394;154 665 976;A01;1;7;0;2;0;0;1;
202000043394;154 665 977;B01;1;7;0;2;4;2;1;
202000043395;154 665 974;B01;1;1;0;2;3;19;5;
202000043395;154 665 975;A01;2;7;0;2;2;16;1;
202000043396;154 665 972;A01;0;7;0;2;2;11;0;
202000043396;154 665 973;B01;0;7;0;2;3;0;0;
202000043397;154 665 970;A01;2;7;0;2;3;26;1;
202000043397;154 665 971;B01;2;33;0;2;2;1;1;
202000043398;154 665 969;A01;3;7;9;0;3;1;2;
202000043399;154 665 967;A01;2;7;0;2;2;15;1;
202000043399;154 665 968;B01;1;7;0;2;3;1;1;
202000043400;154 665 966;A01;0;7;8;0;1;14;1;
202000043401;154 665 964;B01;2;10;0;2;1;15;1;
202000043401;154 665 965;A01;1;7;0;2;3;1;1;
202000043402;154 665 962;B01;2;33;0;2;1;1;1;
202000043402;154 665 963;A01;1;7;0;2;3;15;1;
202000043403;154 665 960;A01;0;1;0;2;3;13;5;
202000043403;154 665 961;B01;0;7;0;2;2;1;1;
202000043404;154 665 958;B01;1;7;0;2;4;1;1;
202000043404;154 665 959;A01;1;10;0;2;1;1;1;
202000043405;154 665 956;A01;2;7;0;2;3;9;1;
202000043405;154 665 957;B01;2;1;0;2;2;1;5;
202000043406;154 665 954;B01;1;33;0;2;8;1;1;
202000043406;154 665 955;A01;1;7;0;2;2;15;1;
202000043407;154 665 952;A01;3;7;0;2;1;1;1;
202000043407;154 665 953;B01;3;1;0;2;0;0;5;
202000043408;154 665 951;A01;3;10;0;1;4;26;1;
202000043409;154 665 950;A01;1;7;0;1;2;2;1;
202000043410;154 665 948;A01;1;7;0;2;1;9;6;
202000043410;154 665 949;B01;1;33;0;2;1;1;6;
202000043411;154 665 947;A01;1;30;0;0;0;0;1;
202000043412;154 665 944;A01;1;7;0;2;1;2;1;
202000043412;154 665 945;B01;1;7;0;2;4;2;1;
202000043412;154 665 946;C01;1;7;0;2;4;2;0;
202000043413;154 665 942;B01;1;2;0;2;1;1;1;
202000043413;154 665 943;A01;2;7;0;2;7;15;1;
202000043414;154 665 939;A01;3;7;14;2;1;2;1;
202000043414;154 665 940;B01;1;7;0;0;6;2;1;
202000043414;154 665 941;C01;3;1;0;2;6;19;5;
202000043415;154 665 937;B01;2;50;0;2;1;25;3;
202000043415;154 665 938;A01;3;7;14;0;2;1;1;
202000043416;154 665 935;B01;1;7;0;2;7;1;1;
202000043416;154 665 936;A01;1;33;0;2;8;1;1;
202000043417;154 665 933;B01;1;33;0;2;1;1;1;
202000043417;154 665 934;A01;2;7;0;2;3;15;1;
202000043418;154 665 931;B01;2;2;0;2;2;17;1;
202000043418;154 665 932;A01;2;7;0;2;3;15;1;
202000043419;154 665 930;A01;2;50;12;0;1;1;3;
202000043420;154 665 928;A01;1;10;0;2;2;16;1;
202000043420;154 665 929;B01;1;1;0;2;3;7;5;
202000043421;154 665 927;A01;1;7;0;1;2;1;1;
202000043422;154 665 925;A01;1;7;0;2;8;22;1;
202000043422;154 665 926;B01;1;32;0;2;7;17;1;
202000043423;154 665 923;B01;2;1;0;2;8;7;5;
202000043423;154 665 924;A01;2;7;0;2;7;16;1;
202000043424;154 665 921;A01;1;7;0;2;7;22;1;
202000043424;154 665 922;B01;1;1;0;2;1;18;0;
202000043425;154 665 919;A01;3;1;0;2;8;19;5;
202000043425;154 665 920;B01;3;7;0;2;1;1;1;
202000043426;154 665 918;A01;1;30;12;0;7;14;1;
202000043427;154 665 916;A01;1;7;0;0;8;15;0;
202000043427;154 665 917;B01;1;33;0;0;7;5;0;
202000043428;154 665 915;A01;1;80;0;1;2;26;3;
202000043429;154 665 913;A01;2;7;0;2;2;1;1;
202000043429;154 665 914;B01;2;7;0;2;3;1;1;
202000043430;154 665 911;A01;1;0;0;2;1;1;0;
202000043430;154 665 912;B01;1;31;0;2;1;15;1;
202000043431;154 665 909;B01;1;32;0;2;6;1;1;
202000043431;154 665 910;A01;1;7;0;2;6;11;1;
202000043432;154 665 908;A01;1;7;12;0;2;26;1;
202000043433;154 665 906;A01;0;7;0;2;2;16;1;
202000043433;154 665 907;B01;1;33;0;2;3;1;1;
202000043434;154 665 904;A01;3;7;0;2;4;23;0;
202000043434;154 665 905;B01;3;10;0;2;1;2;1;
202000043435;154 665 902;B01;3;7;0;2;1;1;1;
202000043435;154 665 903;A01;3;7;0;2;2;1;1;
202000043436;154 665 900;A01;2;30;0;2;7;15;1;
202000043436;154 665 901;B01;2;7;0;2;3;1;1;
202000043437;154 665 898;A01;1;34;0;2;1;1;1;
202000043437;154 665 899;B01;2;7;0;2;2;15;1;
202000043438;154 665 897;A01;2;7;0;1;2;1;1;
202000043439;154 665 895;A01;1;33;0;2;8;9;1;
202000043439;154 665 896;B01;1;7;0;2;2;2;1;
202000043440;154 665 894;A01;1;30;0;2;1;1;0;
202000043441;154 665 893;A01;1;1;1;1;1;1;5;
202000043442;154 665 891;B01;2;2;0;2;1;1;1;
202000043442;154 665 892;A01;1;7;0;2;3;13;1;
202000043443;154 665 889;B01;1;10;0;0;6;24;1;
202000043443;154 665 890;A01;1;10;1;0;1;1;1;
202000043444;154 665 888;A01;3;7;8;0;1;13;1;
202000043445;154 665 886;B01;1;10;3;0;4;1;1;
202000043445;154 665 887;A01;1;10;3;2;1;2;1;
202000043446;154 665 885;A01;1;31;0;0;7;1;1;
202000043447;154 665 884;A01;3;33;0;0;0;1;1;
202000043448;154 665 883;A01;1;33;0;0;8;1;1;
202000043449;154 665 881;A01;3;1;0;0;0;1;5;
202000043450;154 665 880;A01;1;33;0;2;2;2;1;
202000043450;154 665 882;B01;1;7;0;2;6;23;1;
202000043451;154 665 878;B01;1;7;0;2;6;15;1;
202000043451;154 665 879;A01;2;33;0;2;1;17;1;
202000043452;154 665 876;A01;1;7;0;2;1;12;1;
202000043452;154 665 877;B01;1;33;0;2;4;1;1;
202000043453;154 665 874;B01;2;1;0;2;1;1;5;
202000043453;154 665 875;A01;2;7;0;2;8;9;1;
202000043454;154 665 873;A01;1;37;0;1;7;1;1;1
202000043455;154 665 871;A01;1;7;0;2;3;19;1;
202000043455;154 665 872;B01;1;33;0;2;1;1;1;
202000043456;154 665 869;A01;2;10;0;2;1;1;1;
202000043456;154 665 870;B01;1;7;0;2;7;1;1;
202000043457;154 665 868;A01;1;31;0;0;0;1;1;
202000043458;154 665 866;B01;1;33;0;2;7;3;1;
202000043458;154 665 867;A01;1;7;12;2;2;14;1;
202000043459;154 665 864;B01;2;33;0;0;7;1;1;
202000043459;154 665 865;A01;1;7;0;2;8;15;1;
202000043460;154 665 863;A01;2;31;0;1;5;5;1;
202000043461;154 665 861;A01;2;14;0;2;3;10;1;
202000043461;154 665 862;B01;1;33;0;2;1;1;1;
202000043462;154 665 859;A01;2;30;0;2;3;7;1;
202000043462;154 665 860;Z01;2;7;0;2;0;14;0;
202000043463;154 665 858;A01;2;7;0;1;2;1;1;
202000043464;154 665 854;A01;2;7;0;2;1;9;1;
202000043464;154 665 855;B01;2;31;0;2;5;16;1;
202000043465;154 665 856;B01;1;33;0;2;4;23;1;
202000043465;154 665 857;A01;1;30;0;2;1;2;1;
202000043466;154 665 851;A01;3;1;0;2;3;1;5;
202000043466;154 665 853;B01;3;7;0;2;3;1;1;
202000043467;154 665 850;Z01;0;7;0;2;0;16;0;
202000043467;154 665 852;A01;2;30;0;2;1;1;1;
202000043468;154 665 848;A01;2;1;0;0;0;1;5;
202000043469;154 665 845;B01;0;7;0;2;1;1;1;
202000043469;154 665 847;A01;0;7;0;2;8;19;1;
202000043470;154 665 844;B01;1;30;0;2;1;1;1;
202000043470;154 665 846;A01;2;7;0;2;2;15;1;
202000043471;154 665 843;A01;3;31;13;0;7;26;1;
202000043472;154 665 841;A01;1;7;0;2;3;1;1;
202000043472;154 665 842;B01;1;30;0;2;4;17;1;
202000043473;154 665 838;B01;2;1;0;2;1;17;5;
202000043473;154 665 839;A01;1;1;0;2;1;13;5;
202000043474;154 665 837;A01;3;7;0;2;8;16;1;
202000043474;154 665 840;B01;2;7;0;2;1;1;1;
202000043475;154 665 834;B01;1;10;0;2;8;22;1;
202000043475;154 665 836;A01;1;1;0;2;7;1;5;
202000043476;154 665 832;B01;1;10;0;9;5;4;1;
202000043476;154 665 833;A01;1;80;0;2;2;1;3;
202000043477;154 665 830;A01;3;2;0;0;8;1;1;
202000043478;154 665 829;B01;1;7;0;2;1;15;1;
202000043478;154 665 831;A01;2;30;0;2;1;17;3;
202000043479;154 665 826;B01;2;17;0;2;3;1;1;
202000043479;154 665 827;C01;2;17;0;2;1;1;1;
202000043479;154 665 828;A01;1;17;0;2;1;13;1;
202000043480;154 665 823;A01;1;10;0;2;1;15;1;
202000043480;154 665 824;B01;2;1;0;2;1;7;5;
202000043481;154 665 825;A01;1;7;0;1;2;1;1;
202000043482;154 665 821;A01;1;10;0;2;7;1;1;
202000043482;154 665 822;B01;1;50;0;2;8;13;3;
202000043483;154 665 819;B01;1;7;0;2;1;0;1;
202000043483;154 665 820;A01;2;7;0;2;2;6;1;
202000043484;154 665 817;B01;1;32;0;2;2;1;1;
202000043484;154 665 818;A01;2;7;0;2;3;1;1;
202000043485;154 665 816;A01;1;7;13;0;4;13;1;
202000043486;154 665 814;B01;2;7;0;2;8;15;1;
202000043486;154 665 815;A01;2;32;0;2;2;17;1;
202000043487;154 665 811;A01;3;30;0;1;1;1;1;
202000043488;154 665 812;B01;2;1;0;2;1;1;5;
202000043488;154 665 813;A01;2;7;0;9;2;15;1;
202000043489;154 665 810;A01;2;32;0;0;0;1;1;
202000043490;154 665 808;A01;3;13;0;1;3;2;1;
202000043491;154 665 807;B01;-1;1;0;2;1;2;5;
202000043491;154 665 809;Z01;-1;7;0;2;4;17;1;
202000043492;154 665 804;A01;1;7;0;2;1;15;1;
202000043492;154 665 806;B01;1;7;0;2;1;13;1;
202000043493;154 665 803;A01;3;7;0;2;8;1;1;
202000043493;154 665 805;B01;1;15;0;2;2;16;1;
202000043494;154 665 800;A01;1;7;0;2;1;2;1;
202000043494;154 665 802;B01;1;7;0;0;4;23;1;
202000043495;154 665 801;A01;1;2;0;1;1;1;1;
202000043496;154 665 798;B01;-1;10;0;2;3;15;1;
202000043496;154 665 799;A01;-1;7;0;2;1;9;1;
202000043497;154 665 795;A01;2;10;1;2;3;20;0;
202000043497;154 665 796;B01;2;33;0;2;7;1;1;
202000043498;154 665 794;C01;-1;14;0;2;2;9;1;
202000043498;154 665 797;B01;2;2;0;2;3;1;1;
202000043499;154 665 792;A01;2;10;0;2;3;15;6;
202000043499;154 665 793;B01;2;7;0;2;7;3;6;
202000043500;154 665 791;A01;1;33;0;0;2;0;1;
202000043501;154 665 788;B01;-1;31;0;0;0;0;1;
202000043501;154 665 790;A01;2;7;0;2;0;0;1;