num_acc;id_vehicule;num_veh;senc;catv;obs;obsm;choc;manv;motor;occutc
202000043789;154 665 296;A01;3;7;0;2;7;1;1;
202000043790;154 665 293;B01;1;10;0;2;1;26;1;
202000043790;154 665 294;A01;1;7;0;2;4;16;1;
202000043791;154 665 291;A01;1;33;0;2;2;2;1;
202000043791;154 665 292;B01;1;7;0;2;8;2;1;
202000043792;154 665 290;A01;1;32;0;1;1;17;1;
202000043793;154 665 289;A01;3;7;16;0;9;1;1;
202000043794;154 665 287;A01;1;7;0;2;1;15;1;
202000043794;154 665 288;B01;2;2;0;2;1;0;1;
202000043795;154 665 286;A01;3;32;0;0;0;0;1;
202000043796;154 665 285;A01;2;7;0;1;1;1;0;
202000043797;154 665 283;B01;2;33;0;2;1;1;0;
202000043797;154 665 284;A01;1;7;0;2;7;15;6;
202000043798;154 665 282;Z01;3;2;0;9;1;26;1;
202000043799;154 665 281;A01;1;50;0;0;0;25;3;
202000043800;154 665 279;A01;1;1;0;2;7;19;5;
202000043800;154 665 280;B01;2;7;0;9;1;19;1;
202000043801;154 665 277;B01;2;1;1;0;1;13;5;
202000043801;154 665 278;A01;2;7;0;9;8;24;1;
202000043802;154 665 276;A01;2;33;16;0;1;2;3;
202000043803;154 665 274;B01;3;33;0;2;3;0;1;
202000043803;154 665 275;A01;3;7;0;2;3;16;0;
202000043804;154 665 273;A01;2;7;0;1;2;5;1;
202000043805;154 665 271;B01;2;7;0;2;1;1;1;
202000043805;154 665 272;A01;1;7;0;2;3;15;1;
202000043806;154 665 270;A01;1;7;6;1;2;1;1;
202000043807;154 665 269;A01;2;7;6;0;3;1;1;
202000043808;154 665 267;B01;2;31;0;2;1;1;0;
202000043808;154 665 268;A01;1;7;0;2;3;10;0;
202000043809;154 665 266;A01;1;7;0;1;1;1;1;
202000043810;154 665 264;B01;1;7;0;2;1;1;1;
202000043810;154 665 265;A01;2;7;0;0;1;19;1;
202000043811;154 665 262;A01;1;7;0;2;2;1;0;
202000043811;154 665 263;B01;1;1;0;2;4;0;5;
202000043812;154 665 259;A01;1;7;0;1;3;1;1;
202000043813;154 665 257;B01;2;2;0;2;1;1;1;
202000043813;154 665 258;A01;2;7;0;2;7;15;1;
202000043814;154 665 255;A01;1;10;0;2;3;1;1;
202000043814;154 665 256;B01;2;7;0;2;3;1;1;
202000043815;154 665 254;A01;1;7;2;0;8;1;1;
202000043816;154 665 253;A01;3;7;0;0;1;1;1;
202000043817;154 665 252;A01;3;1;17;0;0;1;5;
202000043818;154 665 250;B01;1;7;0;2;2;1;1;
202000043818;154 665 251;A01;3;7;0;2;3;9;0;
202000043819;154 665 249;A01;3;7;2;0;3;1;1;
202000043820;154 665 247;B01;1;7;7;2;8;19;1;
202000043820;154 665 248;A01;2;7;0;2;1;2;1;
202000043821;154 665 246;A01;2;7;4;0;1;1;0;
202000043822;154 665 244;A01;3;7;0;1;1;1;1;
202000043823;154 665 243;A01;3;33;13;0;3;1;1;
202000043824;154 665 241;A01;1;7;0;2;1;5;1;
202000043824;154 665 242;B01;2;7;0;2;1;21;1;
202000043825;154 665 239;B01;2;33;0;0;1;1;1;
202000043825;154 665 240;A01;1;7;0;0;5;26;1;
202000043826;154 665 237;A01;1;7;0;0;1;0;1;
202000043826;154 665 238;B01;1;1;0;0;8;0;5;
202000043827;154 665 236;A01;2;32;0;0;8;1;1;
202000043828;154 665 234;B01;2;2;0;2;1;5;1;
202000043828;154 665 235;A01;1;7;0;2;2;1;0;
202000043829;154 665 231;C01;0;10;0;2;8;1;0;
202000043829;154 665 232;B01;0;7;5;2;3;1;0;
202000043829;154 665 233;A01;0;7;0;2;1;15;0;
202000043830;154 665 228;B01;0;7;0;2;3;1;0;
202000043830;154 665 229;A01;3;7;0;2;3;15;0;
202000043830;154 665 230;C01;0;7;0;2;3;23;0;
202000043831;154 665 226;B01;0;32;0;2;1;0;1;
202000043831;154 665 227;A01;0;1;0;2;1;1;5;
202000043832;154 665 224;A01;1;33;0;2;1;18;1;
202000043832;154 665 225;B01;2;7;0;2;1;15;1;
202000043833;154 665 223;A01;1;7;6;0;1;1;1;
202000043834;154 665 221;A01;1;7;0;2;1;17;1;
202000043834;154 665 222;B01;2;7;0;2;1;21;1;
202000043835;154 665 219;B01;3;7;13;0;3;1;1;
202000043835;154 665 220;A01;3;7;13;0;4;4;2;
202000043836;154 665 217;B01;2;7;0;2;3;1;1;
202000043836;154 665 218;A01;1;7;0;6;1;13;1;
202000043837;154 665 215;B01;1;30;0;2;1;1;1;
202000043837;154 665 216;A01;1;7;0;2;1;15;1;
202000043838;154 665 214;A01;0;7;2;0;3;2;1;
202000043839;154 665 212;A01;1;7;0;2;2;16;0;
202000043839;154 665 213;B01;1;1;0;2;1;5;5;
202000043840;154 665 209;C01;1;7;4;2;1;1;1;
202000043840;154 665 210;B01;1;14;0;2;2;12;1;
202000043840;154 665 211;A01;1;7;4;2;6;1;1;
202000043841;154 665 207;A01;2;7;0;2;4;2;1;
202000043841;154 665 208;B01;2;7;0;2;1;1;1;
202000043842;154 665 204;C01;1;7;0;2;6;1;1;
202000043842;154 665 205;B01;1;7;0;2;4;2;1;
202000043842;154 665 206;A01;1;7;0;2;1;2;1;
202000043843;154 665 201;C01;1;7;0;2;1;2;1;
202000043843;154 665 202;B01;1;7;0;2;9;1;1;
202000043843;154 665 203;A01;1;7;0;2;4;1;1;
202000043844;154 665 199;A01;2;10;0;2;3;15;1;
202000043844;154 665 200;B01;2;7;0;2;2;15;1;
202000043845;154 665 198;A01;2;7;6;0;0;0;1;
202000043846;154 665 195;C01;1;7;0;2;6;2;1;
202000043846;154 665 196;B01;1;7;0;2;4;2;1;
202000043846;154 665 197;A01;1;7;0;2;1;2;1;
202000043847;154 665 191;A01;2;7;0;2;1;1;1;
202000043847;154 665 192;D01;2;10;0;2;4;2;1;
202000043847;154 665 193;C01;2;10;0;2;4;2;1;
202000043847;154 665 194;B01;2;10;0;2;4;2;0;
202000043848;154 665 189;B01;1;7;0;2;4;1;1;
202000043848;154 665 190;A01;1;7;0;2;1;1;1;
202000043849;154 665 188;A01;1;33;5;0;1;1;1;
202000043850;154 665 185;C01;1;10;0;2;4;1;1;
202000043850;154 665 186;B01;1;7;0;2;7;1;1;
202000043850;154 665 187;A01;1;34;0;2;8;3;1;
202000043851;154 665 183;A01;2;33;0;2;8;3;1;
202000043851;154 665 184;B01;2;7;0;2;7;12;1;
202000043852;154 665 180;C01;1;7;0;2;4;2;1;
202000043852;154 665 181;B01;1;7;0;2;1;2;1;
202000043852;154 665 182;A01;1;7;0;2;1;2;1;
202000043853;154 665 179;A01;1;10;3;0;2;18;1;
202000043854;154 665 177;A01;2;33;0;2;1;26;1;
202000043854;154 665 178;B01;2;10;0;2;5;0;1;
202000043855;154 665 176;A01;2;7;4;0;3;1;1;
202000043856;154 665 175;A01;1;33;0;0;7;1;1;
202000043857;154 665 173;B01;1;15;0;2;6;13;1;
202000043857;154 665 174;A01;1;7;4;2;2;1;1;
202000043858;154 665 172;A01;1;7;0;0;9;0;1;
202000043859;154 665 168;D01;2;7;0;2;4;2;1;
202000043859;154 665 169;A01;2;10;0;2;1;2;1;
202000043859;154 665 170;C01;2;10;0;2;9;2;1;
202000043859;154 665 171;B01;2;7;0;2;9;2;1;
202000043860;154 665 166;A01;2;7;0;1;1;1;1;
202000043861;154 665 165;A01;0;7;0;1;2;1;1;
202000043862;154 665 163;A01;1;2;0;2;1;2;1;
202000043862;154 665 164;B01;1;2;0;2;5;16;1;
202000043863;154 665 161;B01;1;7;0;2;1;1;1;
202000043863;154 665 162;A01;1;10;8;2;8;1;1;
202000043864;154 665 159;B01;2;7;0;2;3;0;0;
202000043864;154 665 160;A01;1;1;0;2;0;1;0;
202000043865;154 665 158;A01;3;7;0;1;2;26;1;
202000043866;154 665 156;B01;2;33;0;2;2;17;1;
202000043866;154 665 157;A01;2;7;0;2;3;11;2;
202000043867;154 665 152;A01;3;7;0;2;1;26;1;
202000043867;154 665 153;B01;3;7;0;2;4;2;1;
202000043867;154 665 154;C01;3;7;0;2;4;2;0;
202000043867;154 665 155;D01;3;7;0;2;4;2;1;
202000043868;154 665 150;B01;3;10;0;2;4;23;1;
202000043868;154 665 151;A01;3;7;0;2;1;1;1;
202000043869;154 665 148;A01;1;7;0;2;1;19;1;
202000043869;154 665 149;B01;1;2;0;2;6;1;1;
202000043870;154 665 146;A01;1;7;0;2;1;15;1;
202000043870;154 665 147;B01;1;2;0;2;1;18;1;
202000043871;154 665 144;B01;1;7;0;2;1;16;1;
202000043871;154 665 145;A01;1;1;0;2;8;5;0;
202000043872;154 665 143;A01;2;7;0;1;2;1;0;
202000043873;154 665 141;B01;2;7;0;2;6;1;1;
202000043873;154 665 142;A01;1;33;0;2;1;0;1;
202000043874;154 665 139;B01;2;1;0;0;3;13;5;
202000043874;154 665 140;A01;2;1;0;2;1;17;5;
202000043875;154 665 138;A01;1;10;0;1;2;26;1;
202000043876;154 665 137;A01;1;7;0;1;7;17;0;
202000043877;154 665 135;A01;3;7;0;2;1;2;1;
202000043877;154 665 136;B01;3;7;0;2;4;2;0;
202000043878;154 665 133;A01;2;7;0;2;1;13;1;
202000043878;154 665 134;B01;1;37;0;2;1;1;1;1
202000043879;154 665 131;A01;1;2;1;0;8;1;1;
202000043880;154 665 129;A01;2;10;0;2;7;15;1;
202000043880;154 665 130;B01;1;33;0;2;1;1;1;
202000043881;154 665 127;A01;1;7;0;1;1;2;1;
202000043882;154 665 125;B01;1;7;0;2;4;2;0;
202000043882;154 665 126;Z01;1;0;0;2;0;0;0;
202000043883;154 665 124;A01;3;33;1;0;1;1;1;
202000043884;154 665 123;A01;1;7;13;0;0;13;0;
202000043885;154 665 121;A01;1;2;0;2;1;17;1;
202000043885;154 665 122;B01;1;3;0;2;3;15;1;
202000043886;154 665 120;A01;3;7;15;0;1;1;1;
202000043887;154 665 118;A01;3;7;6;2;1;15;1;
202000043887;154 665 119;B01;1;33;12;2;1;1;1;
202000043888;154 665 117;CA01;1;7;0;1;3;1;1;
202000043889;154 665 115;A01;2;1;0;2;1;1;5;
202000043889;154 665 116;B01;2;7;0;9;3;15;1;
202000043890;154 665 113;B01;2;1;0;9;4;1;5;
202000043890;154 665 114;A01;2;1;0;9;1;1;5;
202000043891;154 665 112;A01;1;7;0;1;1;1;1;
202000043892;154 665 111;Z01;2;0;0;1;3;9;0;
202000043893;154 665 110;A01;3;30;0;2;0;9;1;
202000043894;154 665 107;C01;1;7;0;2;4;2;1;
202000043894;154 665 108;B01;1;7;0;2;4;2;1;
202000043894;154 665 109;A01;1;10;0;2;1;2;1;
202000043895;154 665 105;A01;2;31;0;2;1;17;1;
202000043895;154 665 106;B01;2;7;0;2;6;1;1;
202000043896;154 665 104;A01;2;30;0;0;8;1;1;
202000043897;154 665 102;B01;1;7;0;2;4;2;1;
202000043897;154 665 103;A01;1;10;0;2;1;2;1;
202000043898;154 665 101;A01;2;7;0;1;2;1;3;
202000043899;154 665 099;B01;1;7;0;2;4;2;1;
202000043899;154 665 100;A01;1;33;1;2;1;2;1;
202000043900;154 665 096;B01;2;7;0;2;1;9;1;
202000043900;154 665 097;A01;2;7;0;2;7;1;1;
202000043900;154 665 098;C01;2;7;0;2;1;1;1;
202000043901;154 665 093;A01;3;7;3;0;9;0;1;
202000043902;154 665 092;A01;1;32;-1;-1;-1;-1;-1;
202000043903;154 665 091;A01;0;7;0;1;2;1;1;
202000043904;154 665 090;A01;1;10;0;1;2;1;1;
202000043905;154 665 085;D01;2;7;3;2;5;13;1;
202000043905;154 665 086;B01;2;7;0;2;1;1;1;
202000043905;154 665 087;A01;2;7;0;2;8;0;1;
202000043905;154 665 088;C01;2;10;0;2;1;1;1;
202000043906;154 665 083;A01;0;7;0;2;1;1;1;
202000043906;154 665 084;B01;0;7;0;2;2;1;1;
202000043907;154 665 082;Z01;1;7;0;1;1;16;1;
202000043908;154 665 079;B01;0;80;0;2;1;1;3;
202000043908;154 665 080;A01;0;7;0;2;2;1;1;
202000043908;154 665 081;C01;0;7;0;2;3;23;1;
202000043909;154 665 078;A01;0;7;0;1;4;4;1;
202000043910;154 665 076;B01;3;7;0;2;2;1;1;
202000043910;154 665 077;A01;3;7;0;2;3;16;1;
202000043911;154 665 074;B01;1;7;0;2;4;16;1;
202000043911;154 665 075;A01;1;33;0;2;1;16;1;
202000043912;154 665 072;A01;1;1;0;2;1;5;5;
202000043912;154 665 073;B01;1;7;0;2;5;1;1;
202000043913;154 665 070;B01;1;1;0;2;1;1;0;
202000043913;154 665 071;A01;1;7;0;2;1;9;1;
202000043914;154 665 068;A01;1;7;0;2;2;1;1;
202000043914;154 665 069;B01;1;7;0;2;1;1;1;
202000043915;154 665 066;B01;2;10;0;2;2;1;1;
202000043915;154 665 067;A01;2;10;0;2;6;19;1;
202000043916;154 665 064;A01;3;7;0;2;3;15;1;
202000043916;154 665 065;B01;1;7;0;2;2;1;1;
202000043917;154 665 063;A01;1;13;0;1;3;26;0;
202000043918;154 665 060;A01;1;7;0;2;1;17;1;
202000043918;154 665 061;B01;2;7;0;2;0;9;1;
202000043918;154 665 062;C01;1;7;0;0;0;0;0;
202000043919;154 665 059;A01;1;7;0;1;1;1;1;
202000043920;154 665 057;A01;2;7;0;2;2;1;1;
202000043920;154 665 058;B01;2;31;0;2;8;1;1;
202000043921;154 665 055;A01;1;7;0;2;2;14;1;
202000043921;154 665 056;B01;1;50;0;2;1;19;3;
202000043922;154 665 053;B01;0;34;0;2;5;16;1;
202000043922;154 665 054;A01;0;7;0;2;2;1;1;
202000043923;154 665 051;A01;1;7;0;2;1;2;1;
202000043923;154 665 052;B01;1;33;14;0;0;23;1;
202000043924;154 665 050;A01;2;7;1;0;1;1;1;
202000043925;154 665 049;A01;1;30;0;0;0;26;1;
202000043926;154 665 047;A01;2;7;0;9;1;1;1;
202000043926;154 665 048;B01;2;50;0;2;7;1;3;
202000043927;154 665 046;A01;1;2;16;0;1;15;1;
202000043928;154 665 044;B01;1;7;0;2;2;1;1;
202000043928;154 665 045;A01;2;1;0;2;1;1;5;
202000043929;154 665 042;B01;1;7;0;2;4;2;1;
202000043929;154 665 043;A01;1;15;0;2;1;2;1;
202000043930;154 665 041;A01;3;7;2;0;1;21;0;
202000043931;154 665 040;A01;2;7;0;1;5;1;1;
202000043932;154 665 039;A01;1;31;0;2;7;2;3;
202000043933;154 665 037;B01;1;10;0;0;4;2;1;
202000043933;154 665 038;A01;1;1;0;2;1;2;5;
202000043934;154 665 035;B01;0;7;0;0;8;1;1;
202000043934;154 665 036;A01;0;7;0;2;1;19;1;
202000043935;154 665 033;B01;2;1;0;2;8;1;5;
202000043935;154 665 034;A01;2;7;0;2;1;15;1;
202000043936;154 665 031;A01;3;30;0;2;1;1;1;
202000043936;154 665 032;B01;1;7;0;2;1;15;1;
202000043937;154 665 030;A01;1;7;0;1;1;15;1;
202000043938;154 665 028;B01;3;31;0;0;0;15;1;
202000043938;154 665 029;A01;3;10;0;0;0;26;1;
202000043939;154 665 027;A01;2;15;0;0;1;17;1;
202000043940;154 665 026;A01;2;80;12;0;7;12;3;
202000043941;154 665 024;B01;1;34;0;2;1;21;1;
202000043941;154 665 025;A01;2;7;0;2;2;15;1;
202000043942;154 665 022;A01;1;7;0;2;1;15;1;
202000043942;154 665 023;B01;2;32;0;2;8;1;1;
202000043943;154 665 020;A01;2;7;0;2;1;15;1;
202000043943;154 665 021;B01;1;30;0;2;3;1;1;
202000043944;154 665 019;Z01;2;7;0;1;2;1;1;
202000043945;154 665 017;B01;2;33;0;2;1;17;1;
202000043945;154 665 018;A01;1;7;0;2;3;15;1;
202000043946;154 665 015;B01;2;33;0;2;1;1;1;
202000043946;154 665 016;A01;1;7;0;2;7;15;1;
202000043947;154 665 013;A01;1;7;0;2;3;15;1;
202000043947;154 665 014;B01;2;7;0;2;1;1;1;
202000043948;154 665 011;A01;0;7;16;2;1;13;1;
202000043948;154 665 012;B01;0;7;0;2;6;23;1;
202000043949;154 665 010;A01;0;7;0;1;3;1;1;
202000043950;154 665 009;A01;1;7;6;0;1;13;1;
202000043951;154 665 008;A01;3;7;0;5;1;1;1;
202000043952;154 665 007;A01;1;2;0;0;0;1;1;
202000043953;154 665 004;A01;1;7;0;2;1;2;1;
202000043953;154 665 005;B01;1;7;0;2;4;2;1;
202000043953;154 665 006;C01;1;7;0;2;4;2;1;
202000043954;154 665 002;A01;1;32;1;0;1;1;1;
202000043954;154 665 003;B01;1;7;0;2;5;0;1;
202000043955;154 665 000;A01;1;2;0;2;5;15;1;
202000043955;154 665 001;B01;2;7;0;2;2;1;1;
202000043956;154 664 998;A01;3;50;0;2;0;0;3;
202000043956;154 664 999;Z01;1;7;0;2;2;15;1;
202000043957;154 664 997;A01;1;7;0;1;1;15;1;
202000043958;154 664 995;B01;1;7;0;2;4;26;1;
202000043958;154 664 996;A01;1;20;0;2;1;26;1;
202000043959;154 664 993;A01;2;7;0;2;1;26;0;
202000043959;154 664 994;B01;2;2;0;2;4;0;0;
202000043960;154 664 992;A01;2;20;0;0;1;16;1;
202000043961;154 664 991;A01;1;1;0;0;0;26;5;
202000043962;154 664 989;A01;1;33;0;2;1;2;1;
202000043962;154 664 990;B01;1;10;0;2;4;2;1;
202000043963;154 664 987;B01;2;7;0;2;1;1;1;
202000043963;154 664 988;A01;3;10;0;2;5;19;1;
202000043964;154 664 985;A01;1;7;0;2;2;12;2;
202000043964;154 664 986;B01;1;34;0;2;3;1;1;
202000043965;154 664 983;B01;2;7;0;2;4;1;1;
202000043965;154 664 984;A01;2;33;0;2;1;2;1;
202000043966;154 664 982;A01;1;7;10;0;1;1;1;
202000043967;154 664 980;A01;1;50;0;2;1;1;3;
202000043967;154 664 981;B01;2;1;0;2;1;15;5;
202000043968;154 664 978;B01;2;7;0;2;1;2;1;
202000043968;154 664 979;A01;1;50;0;2;8;19;3;
202000043969;154 664 977;A01;1;50;0;1;1;8;3;
202000043970;154 664 976;A01;2;42;0;1;1;17;1;
202000043971;154 664 975;A01;3;7;12;0;1;15;1;
202000043972;154 664 973;Z01;3;7;0;2;0;15;1;
202000043972;154 664 974;A01;3;32;0;2;3;1;1;
202000043973;154 664 972;A01;1;7;0;1;2;1;1;
202000043974;154 664 970;A01;2;7;0;2;1;1;2;
202000043974;154 664 971;B01;1;1;0;2;1;13;5;
202000043975;154 664 968;B01;3;7;0;2;4;23;1;
202000043975;154 664 969;A01;3;7;0;2;1;2;1;
202000043976;154 664 966;A01;3;32;0;2;1;2;1;
202000043976;154 664 967;B01;3;32;0;2;4;23;1;
202000043977;154 664 963;C01;1;7;0;2;7;1;1;
202000043977;154 664 964;A01;1;1;0;2;1;1;5;
202000043977;154 664 965;B01;1;7;0;2;3;16;1;
202000043978;154 664 961;A01;1;7;0;2;2;16;1;
202000043978;154 664 962;B01;1;1;0;2;3;1;5;
202000043979;154 664 959;B01;3;1;0;2;1;1;5;
202000043979;154 664 960;A01;3;50;0;2;1;5;3;
202000043980;154 664 957;A01;2;7;0;2;4;11;1;
202000043980;154 664 958;B01;2;31;0;2;1;1;1;
202000043981;154 664 956;A01;1;1;0;0;1;21;5;
202000043982;154 664 954;A01;2;1;0;2;3;1;5;
202000043982;154 664 955;B01;1;7;0;2;3;16;1;
202000043983;154 664 953;A01;3;1;0;5;7;1;5;
202000043984;154 664 952;A01;3;32;0;0;0;1;1;
202000043985;154 664 950;A01;1;30;0;2;7;13;1;
202000043985;154 664 951;B01;1;7;0;2;8;17;1;
202000043986;154 664 949;A01;3;30;0;1;1;14;1;
202000043987;154 664 946;C01;2;7;0;2;6;24;2;
202000043987;154 664 947;A01;2;7;0;2;8;22;2;
202000043987;154 664 948;B01;2;2;0;2;2;1;1;
202000043988;154 664 944;B01;3;2;0;2;5;1;1;
202000043988;154 664 945;A01;1;7;0;2;3;9;1;
202000043989;154 664 943;A01;2;1;0;0;7;1;5;
202000043990;154 664 941;B01;2;7;0;2;2;1;1;
202000043990;154 664 942;A01;1;30;0;2;3;1;1;
202000043991;154 664 939;B01;2;1;0;2;6;1;5;
202000043991;154 664 940;A01;2;7;0;2;2;15;1;
202000043992;154 664 938;A01;1;7;0;1;7;20;1;
202000043993;154 664 936;A01;1;1;0;2;2;1;5;
202000043993;154 664 937;B01;1;33;0;2;1;1;1;
202000043994;154 664 933;C01;1;7;0;2;4;2;1;
202000043994;154 664 934;B01;1;7;0;2;4;2;1;
202000043994;154 664 935;A01;1;7;0;2;1;2;1;
202000043995;154 664 932;A01;2;7;0;1;3;15;3;
202000043996;154 664 931;A01;1;1;0;0;1;25;5;
202000043997;154 664 930;A01;1;10;0;1;1;19;1;
202000043998;154 664 929;A01;2;7;0;1;1;1;1;
202000043999;154 664 927;B01;3;31;0;2;1;1;1;
202000043999;154 664 928;A01;3;7;0;2;8;15;1;
202000044000;154 664 925;B01;2;31;0;2;1;9;1;
202000044000;154 664 926;A01;2;7;0;2;2;20;1;
202000044001;154 664 922;B01;2;1;0;2;2;1;5;
202000044001;154 664 923;C01;3;1;0;0;0;0;5;
202000044001;154 664 924;A01;3;10;0;2;0;0;1;
202000044002;154 664 920;B01;3;7;0;2;6;11;0;
202000044002;154 664 921;A01;3;7;0;2;2;21;0;
202000044003;154 664 918;B01;2;7;1;0;0;24;0;
202000044003;154 664 919;A01;2;1;0;2;1;1;5;
202000044004;154 664 916;A01;3;30;0;2;0;0;0;
202000044004;154 664 917;B01;3;7;0;2;3;0;1;
202000044005;154 664 914;A01;2;30;1;0;1;21;1;
202000044005;154 664 915;B01;2;99;0;0;1;1;1;
202000044006;154 664 912;B01;1;7;0;2;2;1;1;
202000044006;154 664 913;A01;1;7;0;2;1;9;1;
202000044007;154 664 910;B01;1;33;0;2;4;2;1;
202000044007;154 664 911;A01;1;17;0;2;1;2;1;
202000044008;154 664 908;A01;1;10;0;0;5;1;1;
202000044008;154 664 909;B01;1;33;0;2;1;1;1;
202000044009;154 664 906;A01;1;7;0;2;1;9;0;
202000044009;154 664 907;B01;1;30;0;2;7;0;0;
202000044010;154 664 904;A01;-1;34;8;2;1;1;1;
202000044010;154 664 905;B01;-1;7;0;2;3;15;0;
202000044011;154 664 903;A01;1;7;0;1;3;15;0;
202000044012;154 664 901;A01;2;32;0;2;8;1;1;
202000044012;154 664 902;B01;2;7;0;2;7;7;0;
202000044013;154 664 899;A01;0;7;0;2;3;0;1;
202000044013;154 664 900;B01;1;7;0;2;1;26;1;
202000044014;154 664 897;B01;1;43;0;2;7;1;1;
202000044014;154 664 898;A01;1;10;0;2;1;9;1;
202000044015;154 664 896;A01;0;7;6;0;3;20;0;
202000044016;154 664 895;A01;1;1;12;0;0;9;5;
202000044017;154 664 893;B01;2;1;0;2;1;1;5;
202000044017;154 664 894;A01;1;7;0;2;1;15;1;
202000044018;154 664 892;A01;1;7;9;0;1;6;1;
202000044019;154 664 890;A01;1;30;0;2;0;17;1;
202000044019;154 664 891;B01;1;7;0;2;3;19;1;
202000044020;154 664 888;B01;2;7;0;2;1;1;0;
202000044020;154 664 889;A01;1;7;0;2;1;2;0;
202000044021;154 664 884;A01;2;7;0;2;1;15;1;
202000044021;154 664 885;B01;1;1;0;2;1;1;5;
202000044022;154 664 883;A01;2;7;13;0;3;0;1;
202000044023;154 664 882;A01;2;10;0;0;8;1;1;
202000044024;154 664 878;B01;1;7;0;2;2;1;0;
202000044024;154 664 879;A01;3;33;0;2;1;5;1;
202000044025;154 664 876;A01;3;7;0;2;3;1;1;
202000044025;154 664 877;B01;3;32;0;2;1;1;1;
202000044026;154 664 875;A01;0;2;0;0;8;2;1;
202000044027;154 664 874;A01;2;33;0;0;3;1;1;
202000044028;154 664 872;B01;0;2;0;2;1;1;1;
202000044028;154 664 873;A01;0;7;0;0;3;1;1;
202000044029;154 664 870;A01;0;7;8;2;1;1;1;
202000044029;154 664 871;B01;0;7;0;2;3;1;1;
202000044030;154 664 869;A01;1;7;0;1;3;1;1;
202000044031;154 664 867;A01;3;7;0;0;2;1;1;
202000044031;154 664 868;B01;3;2;0;2;1;1;1;
202000044032;154 664 865;A01;3;7;13;0;1;21;1;
202000044032;154 664 866;B01;3;7;13;0;1;2;1;
202000044033;154 664 864;A01;0;2;6;0;2;1;0;
202000044034;154 664 862;A01;2;36;0;0;1;2;1;
202000044034;154 664 863;B01;2;7;0;0;5;2;1;
202000044035;154 664 861;A01;1;7;0;1;1;1;0;
202000044036;154 664 859;A01;1;7;0;2;2;1;1;
202000044036;154 664 860;B01;1;2;0;2;8;1;1;
202000044037;154 664 856;B01;2;15;0;2;6;1;1;
202000044037;154 664 857;A01;1;15;0;2;3;13;1;
202000044038;154 664 855;A01;0;31;0;0;9;1;1;
202000044039;154 664 850;B01;2;7;0;2;3;23;1;
202000044039;154 664 851;A01;1;7;0;2;2;15;1;
202000044040;154 664 849;A01;1;7;1;0;1;0;1;
202000044041;154 664 848;A01;2;7;0;1;2;2;0;
202000044042;154 664 846;A01;2;7;0;2;3;15;1;
202000044042;154 664 847;B01;2;30;0;2;2;17;1;
202000044043;154 664 845;A01;1;7;13;0;0;1;1;
202000044044;154 664 843;B01;3;31;0;2;1;1;1;
202000044044;154 664 844;A01;1;7;0;0;3;0;1;
202000044045;154 664 840;B01;1;15;0;2;3;1;1;
202000044045;154 664 841;C01;2;7;0;2;8;1;1;
202000044045;154 664 842;A01;2;7;0;2;3;17;1;
202000044046;154 664 838;A01;3;2;0;2;1;1;1;
202000044046;154 664 839;B01;3;7;0;2;4;26;1;
202000044047;154 664 837;A01;0;33;0;0;0;0;1;
202000044048;154 664 836;A01;3;7;0;0;0;1;1;
202000044049;154 664 832;A01;1;7;0;2;2;15;1;
202000044049;154 664 833;B01;2;7;0;2;3;1;1;
202000044050;154 664 828;D01;1;7;0;2;4;23;1;
202000044050;154 664 829;A01;1;7;0;2;1;2;1;
202000044050;154 664 830;B01;1;7;0;2;4;23;1;
202000044050;154 664 831;C01;1;7;0;2;4;23;1;
202000044051;154 664 827;A01;2;7;4;0;3;0;6;
202000044052;154 664 825;A01;2;7;0;0;8;15;0;
202000044052;154 664 826;B01;2;7;0;0;1;13;0;
202000044053;154 664 823;B01;2;7;0;2;1;1;1;
202000044053;154 664 824;A01;1;7;0;2;1;13;1;
202000044054;154 664 822;A01;2;7;6;0;1;1;0;
202000044055;154 664 820;A01;3;7;0;2;3;1;1;
202000044055;154 664 821;B01;1;7;0;2;1;1;1;
202000044056;154 664 818;B01;1;1;0;2;6;2;5;
202000044056;154 664 819;A01;1;7;0;2;5;17;1;
202000044057;154 664 816;B01;2;7;0;2;3;1;1;
202000044057;154 664 817;A01;1;7;0;2;3;13;1;
202000044058;154 664 814;B01;3;7;0;2;2;1;1;
202000044058;154 664 815;A01;3;2;0;0;1;1;1;
202000044059;154 664 812;A01;2;7;0;2;7;12;1;
202000044059;154 664 813;B01;2;33;0;2;8;1;1;
202000044060;154 664 811;A01;1;7;0;1;1;1;6;
202000044061;154 664 807;B01;0;2;0;2;7;0;1;
202000044061;154 664 808;A01;3;7;0;2;6;19;1;
202000044062;154 664 806;A01;1;7;2;0;1;14;1;
202000044063;154 664 805;A01;2;1;0;0;9;1;5;
202000044064;154 664 803;A01;2;7;0;2;5;14;1;
202000044064;154 664 804;B01;2;2;0;2;8;18;1;
202000044065;154 664 801;B01;2;7;0;0;4;2;1;
202000044065;154 664 802;A01;2;2;0;2;1;2;1;
202000044066;154 664 799;B01;0;7;0;2;8;1;1;
202000044066;154 664 800;A01;0;2;0;2;0;13;1;
202000044067;154 664 797;A01;2;7;0;2;1;5;1;
202000044067;154 664 798;B01;1;7;0;2;1;1;1;
202000044068;154 664 796;A01;0;33;0;0;9;1;1;
202000044069;154 664 794;A01;3;15;0;2;2;20;1;