num_acc;id_vehicule;num_veh;senc;catv;obs;obsm;choc;manv;motor;occutc
202000044069;154 664 795;B01;0;1;0;2;8;1;5;
202000044070;154 664 793;A01;3;21;0;0;0;14;1;
202000044071;154 664 790;B01;2;10;0;2;3;1;1;
202000044071;154 664 791;A01;1;7;0;2;1;1;1;
202000044071;154 664 792;C01;2;7;0;2;8;1;1;
202000044072;154 664 789;A01;1;7;0;1;1;1;1;
202000044073;154 664 787;A01;1;7;0;2;2;17;1;
202000044073;154 664 788;B01;1;10;0;2;6;15;1;
202000044074;154 664 785;B01;1;7;0;2;3;1;1;
202000044074;154 664 786;A01;1;7;0;2;3;1;1;
202000044075;154 664 784;A01;1;7;1;1;5;1;1;
202000044076;154 664 782;B01;1;2;0;2;0;0;0;
202000044076;154 664 783;A01;1;7;0;2;2;19;0;
202000044077;154 664 781;Z01;2;1;0;1;0;1;5;
202000044078;154 664 778;A01;2;7;0;0;7;15;0;
202000044078;154 664 779;C01;0;7;0;0;8;0;0;
202000044078;154 664 780;B01;2;33;1;2;1;0;0;
202000044079;154 664 776;B01;2;32;0;2;1;1;1;
202000044079;154 664 777;A01;1;7;0;2;5;6;1;
202000044080;154 664 775;A01;2;99;13;0;2;1;0;
202000044081;154 664 774;A01;1;7;0;1;1;1;1;
202000044082;154 664 773;A01;3;33;0;0;0;26;1;
202000044083;154 664 770;B01;2;7;0;2;4;2;1;
202000044083;154 664 771;C01;2;7;0;2;4;2;1;
202000044083;154 664 772;A01;2;7;0;2;1;2;1;
202000044084;154 664 768;A01;2;7;0;2;3;15;1;
202000044084;154 664 769;B01;1;33;0;2;3;2;1;
202000044085;154 664 766;B01;2;7;0;2;4;23;1;
202000044085;154 664 767;A01;2;31;0;2;1;2;1;
202000044086;154 664 765;A01;1;43;0;0;0;3;1;
202000044087;154 664 764;A01;1;43;0;0;0;3;1;
202000044088;154 664 763;A01;1;7;12;0;3;14;1;
202000044089;154 664 761;A01;1;40;0;1;2;1;3;
202000044089;154 664 762;B01;2;40;0;1;1;1;3;
202000044090;154 664 759;B01;1;7;0;0;0;9;1;
202000044090;154 664 760;A01;2;43;0;0;0;21;1;
202000044091;154 664 758;A01;2;7;0;1;3;15;2;
202000044092;154 664 756;B01;2;43;0;2;3;1;1;
202000044092;154 664 757;A01;1;7;0;2;2;15;1;
202000044093;154 664 755;A01;2;31;0;0;7;1;1;
202000044094;154 664 753;A01;2;1;0;2;4;15;5;
202000044094;154 664 754;Z01;2;7;0;2;1;1;0;
202000044095;154 664 752;A01;2;1;0;1;2;2;5;
202000044096;154 664 750;B01;1;1;0;2;8;1;5;
202000044096;154 664 751;A01;1;7;0;2;7;1;1;
202000044097;154 664 748;A01;2;7;8;2;8;1;1;
202000044097;154 664 749;B01;2;7;0;2;1;1;1;
202000044098;154 664 747;Z01;2;1;0;1;1;1;5;
202000044099;154 664 745;A01;2;7;0;2;3;9;1;
202000044099;154 664 746;B01;2;31;0;2;6;3;1;
202000044100;154 664 744;A01;1;7;1;0;2;1;1;
202000044101;154 664 743;A01;1;7;0;1;3;26;0;
202000044102;154 664 741;B01;1;32;0;2;3;15;1;
202000044102;154 664 742;Z01;1;30;0;2;5;1;1;
202000044103;154 664 740;A01;3;7;0;1;2;1;1;
202000044104;154 664 738;B01;2;7;0;2;2;15;1;
202000044104;154 664 739;A01;2;7;0;2;3;26;0;
202000044105;154 664 736;B01;1;7;0;2;1;15;1;
202000044105;154 664 737;A01;2;7;0;2;8;1;1;
202000044106;154 664 734;B01;0;1;0;0;8;1;0;
202000044106;154 664 735;A01;0;13;0;9;0;17;0;
202000044107;154 664 732;A01;1;33;0;2;3;1;1;
202000044107;154 664 733;B01;2;7;0;2;2;19;1;
202000044108;154 664 730;A01;3;7;0;1;2;26;1;
202000044109;154 664 728;B01;2;2;0;0;0;0;0;
202000044109;154 664 729;A01;2;7;0;2;8;15;1;
202000044110;154 664 727;A01;2;10;0;1;4;4;1;
202000044111;154 664 726;A01;1;7;0;1;2;1;1;
202000044112;154 664 724;A01;1;10;0;2;3;15;1;
202000044112;154 664 725;B01;2;34;0;2;8;1;1;
202000044113;154 664 723;A01;1;30;0;1;1;21;0;
202000044114;154 664 722;A01;1;7;0;1;1;2;1;
202000044115;154 664 721;Z01;1;0;0;1;0;26;0;
202000044116;154 664 718;A01;1;7;0;2;0;0;0;
202000044116;154 664 719;B01;1;2;0;2;0;0;1;
202000044116;154 664 720;C01;2;7;0;2;3;0;1;
202000044117;154 664 717;A01;2;7;1;0;2;26;1;
202000044118;154 664 715;Z01;2;30;0;2;7;1;1;
202000044118;154 664 716;B01;2;7;0;2;1;1;1;
202000044119;154 664 713;A01;1;43;0;2;1;21;1;
202000044119;154 664 714;B01;1;7;0;2;1;2;1;
202000044120;154 664 711;B01;2;1;0;2;8;26;5;
202000044120;154 664 712;A01;2;2;0;2;1;1;1;
202000044121;154 664 710;A01;2;7;1;0;0;0;1;
202000044122;154 664 708;A01;2;7;0;2;3;16;0;
202000044122;154 664 709;B01;2;7;0;2;2;1;0;
202000044123;154 664 706;B01;3;7;0;0;2;16;1;
202000044123;154 664 707;A01;1;33;0;2;1;17;1;
202000044124;154 664 704;A01;2;7;3;2;1;2;1;
202000044124;154 664 705;B01;2;7;3;0;4;2;1;
202000044125;154 664 702;A01;1;7;0;2;1;13;1;
202000044125;154 664 703;B01;2;7;0;2;3;1;1;
202000044126;154 664 701;A01;2;7;15;0;1;1;1;
202000044127;154 664 699;B01;1;2;0;2;7;14;1;
202000044127;154 664 700;A01;1;33;0;2;8;18;1;
202000044128;154 664 696;B01;1;7;0;2;1;13;1;
202000044128;154 664 697;A01;1;7;0;2;1;13;1;
202000044128;154 664 698;C01;2;10;0;2;1;11;1;
202000044129;154 664 694;A01;2;7;0;2;1;1;1;
202000044129;154 664 695;B01;2;7;0;0;4;1;1;
202000044130;154 664 693;A01;1;7;0;0;6;16;1;
202000044131;154 664 691;B01;0;7;0;2;1;1;1;
202000044131;154 664 692;A01;0;7;0;0;2;15;1;
202000044132;154 664 689;B01;2;7;0;2;3;1;1;
202000044132;154 664 690;A01;1;7;0;2;3;1;0;
202000044133;154 664 686;C01;1;10;0;0;0;21;0;
202000044133;154 664 687;B01;2;7;0;2;3;21;0;
202000044133;154 664 688;A01;1;7;0;2;3;17;0;
202000044134;154 664 684;B01;2;15;0;2;6;13;1;
202000044134;154 664 685;C01;1;7;0;2;3;1;1;
202000044135;154 664 682;A01;3;2;0;2;8;5;1;
202000044135;154 664 683;B01;3;7;0;2;3;5;1;
202000044136;154 664 681;A01;2;7;1;0;3;1;1;
202000044137;154 664 679;B01;3;1;0;2;1;1;5;
202000044137;154 664 680;A01;3;7;0;9;3;16;1;
202000044138;154 664 677;A01;1;7;0;2;1;21;1;
202000044138;154 664 678;B01;1;7;0;0;4;1;1;
202000044139;154 664 676;A01;1;7;8;0;3;1;1;
202000044140;154 664 675;A01;1;7;0;1;3;10;1;
202000044141;154 664 672;A01;2;7;0;1;2;1;1;
202000044142;154 664 670;A01;2;7;16;0;5;1;1;
202000044143;154 664 668;B01;2;7;0;0;4;23;1;
202000044143;154 664 669;A01;2;1;1;0;1;1;5;
202000044144;154 664 665;A01;1;7;8;0;2;2;1;
202000044145;154 664 664;A01;2;33;0;0;7;1;1;
202000044146;154 664 663;A01;1;7;0;1;3;1;1;
202000044147;154 664 662;A01;0;7;0;1;1;1;1;
202000044148;154 664 661;A01;2;17;0;1;1;19;1;
202000044149;154 664 659;B01;2;7;0;0;4;1;1;
202000044149;154 664 660;A01;2;7;0;2;1;1;1;
202000044150;154 664 658;A01;2;7;0;0;9;1;1;
202000044151;154 664 656;A01;2;7;0;2;1;13;1;
202000044151;154 664 657;B01;2;7;2;0;3;1;1;
202000044152;154 664 655;A01;3;7;16;0;0;14;1;
202000044153;154 664 653;A01;1;7;0;9;3;9;0;
202000044153;154 664 654;B01;1;1;0;2;1;15;5;
202000044154;154 664 652;A01;3;7;14;1;2;15;1;
202000044155;154 664 651;A01;1;7;2;0;1;1;1;
202000044156;154 664 650;A01;2;33;0;0;1;1;1;
202000044157;154 664 648;B01;1;33;0;2;1;1;1;
202000044157;154 664 649;A01;2;7;0;2;8;5;1;
202000044158;154 664 646;B01;3;7;0;2;3;1;0;
202000044158;154 664 647;A01;3;3;0;2;1;13;0;
202000044159;154 664 644;B01;2;7;0;2;1;17;0;
202000044159;154 664 645;A01;2;7;0;2;8;15;0;
202000044160;154 664 640;A01;2;7;0;2;0;11;1;
202000044160;154 664 641;B01;2;15;0;2;2;1;1;
202000044160;154 664 642;D01;2;7;0;2;0;1;1;
202000044160;154 664 643;C01;2;7;0;2;0;1;1;
202000044161;154 664 637;A01;1;7;0;2;1;1;1;
202000044161;154 664 638;B01;1;7;0;2;4;1;1;
202000044161;154 664 639;C01;1;7;0;2;4;1;1;
202000044162;154 664 635;B01;2;7;0;2;6;11;1;
202000044162;154 664 636;A01;2;33;0;2;1;2;1;
202000044163;154 664 629;D01;1;7;0;2;4;23;1;
202000044163;154 664 630;E01;1;14;0;2;1;2;1;
202000044163;154 664 631;C01;1;7;0;2;4;23;1;
202000044163;154 664 632;B01;1;10;0;2;4;23;1;
202000044163;154 664 633;A01;1;7;0;2;4;23;1;
202000044163;154 664 634;F01;1;7;0;2;1;2;1;
202000044164;154 664 626;C01;1;7;0;2;0;2;1;
202000044164;154 664 627;B01;1;7;0;2;4;2;1;
202000044164;154 664 628;A01;1;7;0;2;1;1;1;
202000044165;154 664 624;A01;3;31;0;2;2;2;1;
202000044165;154 664 625;B01;3;7;0;2;8;2;1;
202000044166;154 664 622;B01;1;7;1;2;1;2;1;
202000044166;154 664 623;A01;1;7;1;2;1;2;1;
202000044167;154 664 621;A01;2;33;0;2;3;3;1;
202000044168;154 664 619;A01;2;10;0;2;4;1;1;
202000044168;154 664 620;B01;2;33;0;2;1;3;1;
202000044169;154 664 615;B01;2;10;0;2;4;1;1;
202000044169;154 664 616;C01;2;7;0;2;4;1;1;
202000044169;154 664 617;D01;2;7;0;2;4;0;2;
202000044169;154 664 618;A01;2;15;0;2;1;1;1;
202000044170;154 664 612;A01;1;10;0;2;1;1;1;
202000044170;154 664 613;B01;1;7;0;2;4;13;1;
202000044170;154 664 614;C01;1;7;0;9;0;0;1;
202000044171;154 664 610;B01;2;7;0;2;2;1;1;
202000044171;154 664 611;A01;2;33;0;2;6;9;1;
202000044172;154 664 609;A01;2;7;3;0;1;14;1;
202000044173;154 664 608;A01;1;7;3;0;1;14;1;
202000044174;154 664 604;C01;2;10;0;2;4;2;1;
202000044174;154 664 605;B01;2;7;0;2;4;2;1;
202000044174;154 664 606;A01;2;10;0;2;1;9;1;
202000044174;154 664 607;D01;2;7;0;2;4;2;1;
202000044175;154 664 603;A01;3;7;0;1;0;1;1;
202000044176;154 664 602;A01;2;7;6;0;7;15;1;
202000044177;154 664 600;A01;1;7;0;2;3;13;1;
202000044177;154 664 601;B01;1;31;0;2;2;1;1;
202000044178;154 664 598;A01;2;7;0;2;1;1;1;
202000044178;154 664 599;B01;2;7;0;2;8;1;1;
202000044179;154 664 596;B01;1;7;0;9;1;0;0;
202000044179;154 664 597;A01;1;1;0;2;8;1;5;
202000044180;154 664 595;A01;1;7;13;0;2;14;1;
202000044181;154 664 593;A01;1;7;0;2;1;2;1;
202000044181;154 664 594;B01;1;7;0;2;6;1;1;
202000044182;154 664 592;A01;3;7;0;1;3;9;0;
202000044183;154 664 590;A01;3;7;0;2;2;1;1;
202000044183;154 664 591;B01;3;7;0;2;6;1;1;
202000044184;154 664 589;A01;1;7;0;1;3;15;1;
202000044185;154 664 587;A01;1;7;0;2;2;16;1;
202000044185;154 664 588;B01;1;99;0;2;8;1;5;
202000044186;154 664 586;A01;1;10;0;1;1;20;1;
202000044187;154 664 583;B01;2;33;0;2;8;15;1;
202000044187;154 664 584;A01;2;7;0;2;3;1;1;
202000044188;154 664 582;B01;1;2;0;2;7;1;1;
202000044188;154 664 585;A01;0;7;0;2;7;0;1;
202000044189;154 664 581;A01;3;7;8;0;1;14;1;
202000044190;154 664 580;A01;1;0;0;1;0;26;0;
202000044191;154 664 578;A01;3;10;0;0;4;2;1;
202000044191;154 664 579;B01;3;32;0;2;1;1;1;
202000044192;154 664 577;A01;3;7;0;0;9;3;1;
202000044193;154 664 575;A01;0;99;0;0;0;26;1;
202000044194;154 664 573;B01;2;1;0;2;1;1;5;
202000044194;154 664 574;A01;1;7;0;2;3;15;1;
202000044195;154 664 571;B01;1;7;0;2;6;1;1;
202000044195;154 664 572;A01;1;7;0;2;1;1;1;
202000044196;154 664 569;B01;2;7;0;2;1;0;1;
202000044196;154 664 570;A01;2;2;0;2;3;0;1;
202000044197;154 664 567;B01;3;99;0;2;3;26;0;
202000044197;154 664 568;A01;2;37;1;0;1;1;1;2
202000044198;154 664 566;A01;1;7;1;0;2;16;1;
202000044199;154 664 563;B01;2;7;0;2;3;0;1;
202000044199;154 664 564;A01;2;7;0;2;3;15;1;
202000044199;154 664 565;C01;2;7;0;2;3;0;1;
202000044200;154 664 562;A01;2;34;15;0;1;13;1;
202000044201;154 664 560;B01;1;7;0;2;4;2;1;
202000044201;154 664 561;A01;1;7;0;2;1;2;1;
202000044202;154 664 558;A01;0;33;0;0;0;0;0;
202000044203;154 664 556;A01;1;2;0;2;3;13;1;
202000044203;154 664 557;B01;2;7;0;2;3;1;1;
202000044204;154 664 555;A01;3;7;0;1;1;26;6;
202000044205;154 664 554;A01;1;7;13;0;3;26;1;
202000044206;154 664 552;A01;1;7;0;2;1;1;1;
202000044206;154 664 553;B01;1;13;0;2;4;1;1;
202000044207;154 664 551;A01;3;7;0;0;9;1;1;
202000044208;154 664 548;A01;1;99;1;2;0;1;1;
202000044208;154 664 550;B01;1;31;0;2;0;1;1;
202000044209;154 664 546;A01;3;7;15;0;1;1;1;
202000044210;154 664 547;A01;3;31;0;2;0;1;1;
202000044210;154 664 549;Z01;3;7;0;0;0;0;0;
202000044211;154 664 544;A01;1;32;0;0;0;26;1;
202000044212;154 664 543;A01;2;33;0;2;1;17;1;
202000044212;154 664 545;B01;2;7;0;2;8;15;1;
202000044213;154 664 540;B01;1;1;0;2;1;1;6;
202000044213;154 664 542;A01;0;7;0;9;2;26;1;
202000044214;154 664 539;B01;3;1;0;2;1;1;5;
202000044214;154 664 541;A01;3;10;0;2;3;9;1;
202000044215;154 664 537;B01;0;7;0;2;8;9;2;
202000044215;154 664 538;A01;0;33;0;2;1;1;1;
202000044216;154 664 533;A01;2;10;0;9;0;2;0;
202000044216;154 664 534;B01;2;1;0;0;0;0;5;
202000044217;154 664 535;A01;0;7;0;0;9;1;1;
202000044218;154 664 531;A01;1;34;0;2;1;26;1;
202000044218;154 664 532;B01;1;7;0;0;6;26;1;
202000044219;154 664 530;A01;0;7;0;1;1;1;1;
202000044220;154 664 528;A01;1;7;0;2;2;15;1;
202000044220;154 664 529;B01;2;34;0;2;1;1;1;
202000044221;154 664 525;A01;1;7;0;2;3;9;1;
202000044221;154 664 526;B01;1;2;0;2;7;1;1;
202000044222;154 664 522;B01;3;7;0;2;2;16;0;
202000044222;154 664 524;A01;1;7;0;2;3;1;0;
202000044223;154 664 521;B01;2;7;0;2;3;9;-1;
202000044223;154 664 523;A01;2;31;0;2;1;17;-1;
202000044224;154 664 519;A01;3;7;0;2;2;1;1;
202000044224;154 664 520;B01;3;7;0;2;6;0;1;
202000044225;154 664 516;A01;-1;7;0;1;2;1;1;
202000044226;154 664 517;A01;1;33;4;2;4;13;1;
202000044226;154 664 518;B01;1;7;0;2;6;23;1;
202000044227;154 664 512;C01;2;7;0;2;1;1;1;
202000044227;154 664 514;A01;2;7;0;2;4;15;1;
202000044227;154 664 515;B01;2;7;0;2;4;23;1;
202000044228;154 664 510;B01;2;7;0;2;5;1;1;
202000044228;154 664 511;A01;2;7;3;2;1;14;1;
202000044229;154 664 508;A01;1;7;0;2;1;1;1;
202000044229;154 664 509;B01;0;7;0;2;8;1;1;
202000044230;154 664 507;A01;2;7;0;1;2;1;1;
202000044231;154 664 504;A01;2;7;0;2;3;15;1;
202000044231;154 664 505;B01;1;34;0;2;8;1;1;
202000044231;154 664 506;C01;1;7;0;2;4;24;1;
202000044232;154 664 502;B01;3;32;0;2;1;1;1;
202000044232;154 664 503;A01;3;7;0;2;7;19;1;
202000044233;154 664 499;A01;1;7;0;2;7;13;1;
202000044233;154 664 500;B01;0;7;0;2;1;0;1;
202000044234;154 664 497;A01;1;7;0;2;5;15;1;
202000044234;154 664 498;B01;1;7;0;2;2;1;1;
202000044235;154 664 495;A01;1;7;0;1;4;4;1;
202000044236;154 664 496;B01;3;10;0;2;0;0;1;
202000044236;154 664 501;A01;1;7;0;2;0;0;0;
202000044237;154 664 494;A01;2;32;0;0;8;15;1;
202000044238;154 664 491;A01;3;7;2;0;3;9;1;
202000044239;154 664 492;B01;0;1;0;2;3;19;5;
202000044239;154 664 493;A01;3;7;0;2;2;1;0;
202000044240;154 664 490;A01;2;7;0;1;1;1;1;
202000044241;154 664 489;A01;3;33;11;0;1;17;1;
202000044242;154 664 487;A01;2;40;0;1;2;1;3;
202000044243;154 664 486;A01;1;7;0;2;8;1;0;
202000044243;154 664 488;B01;1;30;0;2;8;0;0;
202000044244;154 664 481;Z01;1;7;9;0;2;26;1;
202000044244;154 664 483;B01;1;1;14;0;8;2;0;
202000044245;154 664 482;B01;3;7;0;2;3;1;1;
202000044245;154 664 484;C01;3;7;0;2;1;1;1;
202000044245;154 664 485;A01;3;7;0;2;2;26;1;
202000044246;154 664 480;A01;0;7;0;1;1;1;0;
202000044247;154 664 479;A01;1;1;0;0;1;0;5;
202000044248;154 664 477;B01;2;7;0;2;1;1;1;
202000044248;154 664 478;A01;1;7;0;2;7;15;1;
202000044249;154 664 476;A01;3;7;0;1;2;1;1;
202000044250;154 664 475;A01;1;7;6;0;1;20;1;
202000044251;154 664 473;A01;3;2;0;2;8;18;0;
202000044251;154 664 474;B01;3;7;0;2;1;15;0;
202000044252;154 664 471;A01;1;7;0;2;4;2;1;
202000044252;154 664 472;B01;1;7;0;2;1;2;1;
202000044253;154 664 469;A01;3;30;0;2;1;1;0;
202000044253;154 664 470;B01;3;7;0;2;8;1;0;
202000044254;154 664 464;A01;1;7;0;2;3;17;1;
202000044254;154 664 466;C01;1;10;0;2;8;1;1;
202000044254;154 664 467;B01;2;7;0;2;3;1;1;
202000044255;154 664 465;B01;1;7;0;2;3;1;1;
202000044255;154 664 468;A01;1;7;0;2;2;1;1;
202000044256;154 664 462;A01;1;7;0;2;1;16;1;
202000044256;154 664 463;B01;2;1;0;2;8;19;5;
202000044257;154 664 460;A01;1;7;0;2;1;16;1;
202000044257;154 664 461;B01;2;1;0;2;2;1;5;
202000044258;154 664 459;A01;3;7;0;1;2;1;0;
202000044259;154 664 457;A01;1;7;0;2;3;10;1;
202000044259;154 664 458;B01;2;2;0;2;1;1;1;
202000044260;154 664 453;A01;3;7;0;2;8;9;1;
202000044260;154 664 456;B01;0;7;0;2;1;1;1;
202000044261;154 664 454;B01;1;33;0;2;3;1;1;
202000044261;154 664 455;A01;2;7;0;2;2;15;1;
202000044262;154 664 450;B01;1;1;0;2;1;17;2;
202000044262;154 664 451;A01;1;7;0;2;3;15;1;
202000044263;154 664 448;A01;2;1;0;2;7;5;5;
202000044263;154 664 449;B01;1;7;0;2;2;1;1;
202000044264;154 664 446;B01;1;33;0;2;1;1;1;
202000044264;154 664 447;A01;2;7;0;2;1;15;1;
202000044265;154 664 444;A01;1;7;0;2;4;1;1;
202000044265;154 664 445;B01;1;2;0;2;1;1;1;
202000044266;154 664 443;B01;1;10;0;2;1;1;1;
202000044266;154 664 452;A01;2;10;0;2;7;19;1;
202000044267;154 664 440;A01;1;7;0;2;8;0;1;
202000044267;154 664 441;B01;1;7;0;2;1;0;1;
202000044268;154 664 439;B01;3;7;0;2;3;15;1;
202000044268;154 664 442;A01;2;1;0;2;1;1;5;
202000044269;154 664 437;B01;3;7;0;2;4;1;1;
202000044269;154 664 438;A01;3;7;0;2;1;9;1;
202000044270;154 664 436;A01;2;7;3;0;2;14;1;
202000044271;154 664 435;A01;3;1;0;0;0;1;5;
202000044272;154 664 432;B01;1;7;0;2;0;0;1;
202000044272;154 664 433;A01;1;33;0;2;0;2;1;
202000044273;154 664 431;A01;3;7;0;2;1;1;1;
202000044273;154 664 434;B01;3;7;0;2;0;0;1;
202000044274;154 664 430;A01;0;7;0;1;2;15;1;
202000044275;154 664 427;A01;2;7;0;2;2;2;1;
202000044275;154 664 428;B01;2;7;0;0;6;1;1;
202000044276;154 664 426;B01;3;7;0;0;7;1;-1;
202000044276;154 664 429;A01;3;7;0;2;2;16;-1;
202000044277;154 664 423;C01;0;7;0;2;4;23;1;
202000044277;154 664 424;A01;0;7;0;2;1;9;1;
202000044277;154 664 425;B01;0;7;0;0;0;0;1;
202000044278;154 664 422;A01;3;7;0;1;3;1;1;
202000044279;154 664 421;A01;1;31;8;0;1;1;1;
202000044280;154 664 420;A01;1;31;0;0;0;26;1;
202000044281;154 664 419;A01;3;33;0;0;0;26;1;
202000044282;154 664 417;B01;1;7;0;2;4;2;1;
202000044282;154 664 418;A01;1;7;0;2;1;2;1;
202000044283;154 664 415;B01;1;80;14;0;1;2;3;
202000044283;154 664 416;A01;1;10;0;9;4;23;1;
202000044284;154 664 413;B01;1;7;0;2;4;2;1;
202000044284;154 664 414;A01;1;7;0;2;1;26;1;
202000044285;154 664 407;C01;2;7;0;0;0;0;0;
202000044285;154 664 408;B01;2;7;14;0;1;2;1;
202000044285;154 664 410;A01;1;7;0;2;1;12;1;
202000044286;154 664 409;C01;1;1;0;2;4;26;6;
202000044286;154 664 411;D01;3;7;0;9;8;26;1;
202000044286;154 664 412;A01;1;7;0;2;8;17;1;
202000044287;154 664 404;B01;2;1;0;2;1;25;5;
202000044287;154 664 406;A01;1;7;0;2;3;15;1;
202000044288;154 664 403;A01;2;7;0;2;2;1;1;
202000044288;154 664 405;B01;2;7;0;2;1;1;1;
202000044289;154 664 401;A01;1;7;2;0;1;13;1;
202000044290;154 664 400;A01;3;7;0;2;1;15;1;
202000044290;154 664 402;B01;3;1;0;2;7;26;5;
202000044291;154 664 397;A01;2;7;0;2;0;0;1;
202000044291;154 664 399;B01;1;7;0;2;0;0;1;
202000044292;154 664 396;B01;3;7;0;2;3;1;1;
202000044292;154 664 398;A01;3;7;0;2;2;1;1;
202000044293;154 664 391;A01;2;7;0;2;1;15;1;
202000044293;154 664 392;B01;0;10;0;2;8;1;1;
202000044294;154 664 393;B01;3;7;0;2;3;1;1;
202000044294;154 664 394;A01;3;7;0;2;2;1;1;
202000044295;154 664 390;A01;0;7;1;0;2;1;1;
202000044296;154 664 388;B01;3;34;0;2;2;17;1;
202000044296;154 664 389;A01;3;7;0;2;1;9;1;
202000044297;154 664 385;A01;0;50;0;2;1;1;3;
202000044297;154 664 387;B01;0;7;0;2;2;1;1;
202000044298;154 664 384;B01;2;2;0;2;1;1;1;
202000044298;154 664 386;A01;1;7;0;2;7;15;1;
202000044299;154 664 381;A01;1;7;0;2;8;15;0;
202000044299;154 664 382;B01;1;2;0;2;1;1;1;
202000044300;154 664 380;B01;1;7;0;2;5;1;1;
202000044300;154 664 383;A01;1;7;0;2;3;9;1;
202000044301;154 664 378;F01;1;99;0;2;1;17;1;
202000044301;154 664 379;B01;1;7;0;2;3;15;1;
202000044302;154 664 376;A01;2;33;0;2;1;1;1;
202000044302;154 664 377;Z01;1;15;0;2;8;0;1;
202000044303;154 664 374;B01;2;7;0;0;6;1;1;
202000044303;154 664 375;A01;2;33;0;2;1;16;1;
202000044304;154 664 369;B01;1;7;0;2;9;1;1;
202000044304;154 664 371;D01;1;7;0;2;4;1;1;
202000044304;154 664 372;C01;1;7;0;2;9;1;1;
202000044304;154 664 373;A01;1;7;0;2;1;1;1;
202000044305;154 664 367;B01;2;7;4;2;4;23;1;
202000044305;154 664 368;A01;2;7;0;2;1;2;1;
202000044306;154 664 365;B01;3;7;0;2;6;23;1;
202000044306;154 664 366;A01;3;33;0;2;1;1;1;
202000044307;154 664 363;A01;2;7;0;2;3;13;1;
202000044307;154 664 364;B01;1;7;0;2;6;0;1;
202000044308;154 664 362;A01;2;7;1;1;3;1;1;
202000044309;154 664 361;A01;1;2;0;2;1;17;1;
202000044309;154 664 370;B01;1;7;0;2;1;15;1;
202000044310;154 664 360;A01;3;30;0;0;0;21;1;
202000044311;154 664 356;B01;1;7;0;2;1;1;0;
202000044311;154 664 358;A01;1;7;0;2;1;13;1;
202000044312;154 664 352;B01;2;33;0;2;1;0;1;
202000044312;154 664 353;C01;1;7;0;2;1;2;1;
202000044312;154 664 354;A01;1;7;0;2;2;15;1;
202000044313;154 664 355;A01;1;33;0;2;1;1;1;
202000044313;154 664 357;C01;1;7;0;2;3;21;1;
202000044313;154 664 359;B01;1;7;0;2;4;1;1;
202000044314;154 664 349;B01;1;7;0;2;7;1;1;
202000044314;154 664 351;A01;0;7;0;2;2;19;1;
202000044315;154 664 344;A01;1;7;1;0;2;1;0;
202000044315;154 664 346;C01;1;7;0;2;0;26;0;
202000044316;154 664 343;C01;1;7;0;2;4;1;1;
202000044316;154 664 345;A01;1;32;0;2;1;0;1;
202000044316;154 664 347;B01;1;7;0;2;8;2;1;
202000044317;154 664 340;A01;2;31;0;2;7;5;1;
202000044317;154 664 342;B01;2;7;0;2;1;15;1;
202000044318;154 664 339;A01;2;7;1;0;1;1;1;
202000044318;154 664 341;B01;3;7;0;2;1;24;1;
202000044319;154 664 336;B01;1;33;0;2;1;2;1;
202000044319;154 664 338;A01;2;7;0;2;6;15;1;
202000044320;154 664 332;A01;1;7;0;2;1;2;1;
202000044320;154 664 333;B01;1;7;0;2;4;2;1;
202000044320;154 664 334;C01;1;7;0;2;4;2;1;
202000044321;154 664 335;A01;3;2;0;2;8;15;1;
202000044321;154 664 337;B01;3;33;0;2;1;1;1;
202000044322;154 664 330;A01;1;10;14;2;1;1;1;
202000044322;154 664 331;B01;1;7;14;2;4;1;1;
202000044323;154 664 329;A01;2;13;0;0;8;1;1;
202000044324;154 664 327;A01;3;99;0;0;0;1;0;
202000044324;154 664 328;B01;3;7;0;0;0;0;0;
202000044325;154 664 325;B01;2;7;0;2;4;0;1;
202000044325;154 664 326;A01;1;7;0;2;2;17;1;
202000044326;154 664 323;A01;1;33;0;0;8;15;1;
202000044327;154 664 322;A01;1;30;0;2;3;26;1;
202000044327;154 664 324;B01;3;30;0;2;1;0;1;
202000044328;154 664 319;Z01;1;10;0;2;0;0;1;
202000044328;154 664 321;A01;1;1;0;2;1;1;0;
202000044329;154 664 318;A01;2;7;0;2;3;2;1;
202000044329;154 664 320;B01;2;7;0;2;5;23;1;
202000044330;154 664 317;A01;1;33;4;0;3;13;1;
202000044331;154 664 314;Z01;1;7;0;2;2;14;1;
202000044331;154 664 315;B01;1;33;0;2;3;3;1;
202000044331;154 664 316;C01;1;7;0;2;6;1;1;
202000044332;154 664 312;B01;2;43;0;2;8;3;1;
202000044332;154 664 313;A01;2;10;0;2;2;12;1;
202000044333;154 664 311;A01;2;33;1;0;1;13;1;
202000044334;154 664 309;B01;2;31;0;2;4;2;1;
202000044334;154 664 310;A01;2;10;0;2;1;2;1;
202000044335;154 664 307;A01;1;7;0;2;2;1;1;
202000044335;154 664 308;B01;1;2;1;2;4;17;3;
202000044336;154 664 305;A01;2;34;0;2;1;2;1;
202000044336;154 664 306;B01;2;7;0;2;5;2;3;
202000044337;154 664 303;B01;1;30;0;2;1;1;1;
202000044337;154 664 304;A01;2;37;0;2;1;15;1;1
202000044338;154 664 299;A01;1;10;0;2;3;15;1;
202000044338;154 664 301;B01;1;33;0;2;2;17;1;
202000044339;154 664 298;A01;1;7;0;1;2;16;1;