num_acc;id_vehicule;num_veh;senc;catv;obs;obsm;choc;manv;motor;occutc
202000044340;154 664 296;A01;1;7;0;2;8;15;1;
202000044340;154 664 297;B01;2;33;0;2;2;1;1;
202000044341;154 664 295;A01;1;30;0;1;1;1;1;
202000044342;154 664 293;A01;3;33;0;2;3;18;1;
202000044342;154 664 294;B01;3;30;0;2;7;14;1;
202000044343;154 664 291;A01;1;7;0;2;3;10;2;
202000044343;154 664 292;B01;1;30;0;2;2;1;3;
202000044344;154 664 300;A01;1;7;0;2;1;1;1;
202000044344;154 664 302;B01;1;80;0;2;4;1;3;
202000044345;154 664 289;B01;3;34;0;2;2;1;0;
202000044345;154 664 290;A01;3;7;0;2;5;15;0;
202000044346;154 664 287;B01;1;1;0;2;3;1;5;
202000044346;154 664 288;A01;1;10;0;2;2;16;1;
202000044347;154 664 285;B01;1;30;0;2;1;5;1;
202000044347;154 664 286;A01;1;10;0;2;6;10;1;
202000044348;154 664 282;A01;2;7;0;2;2;15;1;
202000044348;154 664 283;B01;1;30;0;2;8;1;1;
202000044349;154 664 281;A01;2;7;0;2;3;16;1;
202000044349;154 664 284;B01;2;2;0;2;1;5;3;
202000044350;154 664 279;Z01;1;7;0;9;1;16;0;
202000044350;154 664 280;A01;1;1;0;2;4;1;5;
202000044351;154 664 278;A01;1;7;0;1;2;15;1;
202000044352;154 664 276;Z01;2;7;0;1;1;1;1;
202000044353;154 664 275;B01;1;7;0;2;4;23;1;
202000044353;154 664 277;A01;1;7;0;2;1;2;1;
202000044354;154 664 274;A01;1;30;0;0;8;17;1;
202000044355;154 664 272;B01;2;1;0;2;1;9;5;
202000044355;154 664 273;A01;2;7;0;2;2;16;1;
202000044356;154 664 269;B01;1;7;0;2;2;16;1;
202000044356;154 664 271;A01;1;2;0;2;1;18;1;
202000044357;154 664 268;A01;1;7;0;2;8;10;1;
202000044357;154 664 270;B01;1;31;0;2;1;17;1;
202000044358;154 664 265;B01;2;50;0;2;8;19;3;
202000044358;154 664 267;C01;2;43;0;2;1;15;1;
202000044359;154 664 264;A01;1;50;0;2;8;1;3;
202000044359;154 664 266;Z01;1;1;0;2;3;9;5;
202000044360;154 664 263;A01;2;1;0;0;0;1;5;
202000044361;154 664 261;A01;1;7;0;1;3;1;1;
202000044362;154 664 260;A01;2;1;12;0;1;13;5;
202000044363;154 664 259;B01;1;1;0;2;5;1;5;
202000044363;154 664 262;A01;1;30;0;2;1;1;3;
202000044364;154 664 258;A01;1;7;0;1;2;1;2;
202000044365;154 664 253;C01;1;32;0;2;8;9;1;
202000044365;154 664 254;B01;1;33;0;2;3;9;1;
202000044365;154 664 256;A01;3;7;0;2;7;1;1;
202000044366;154 664 255;A01;1;13;0;2;3;13;6;
202000044366;154 664 257;B01;1;33;0;2;5;17;1;
202000044367;154 664 252;A01;2;50;12;0;1;14;3;
202000044368;154 664 251;A01;2;34;0;1;1;1;1;
202000044369;154 664 249;B01;1;1;0;2;1;1;5;
202000044369;154 664 250;A01;1;7;0;2;8;15;1;
202000044370;154 664 248;A01;1;32;14;0;1;1;3;
202000044371;154 664 247;A01;3;1;0;1;1;1;5;
202000044372;154 664 244;B01;1;2;0;2;1;1;1;
202000044372;154 664 246;A01;2;10;0;2;2;16;1;
202000044373;154 664 243;A01;1;33;0;2;1;1;1;
202000044373;154 664 245;B01;1;7;0;2;3;9;1;
202000044374;154 664 240;B01;1;7;1;0;9;14;1;
202000044374;154 664 242;A01;1;7;0;2;5;23;0;
202000044375;154 664 239;A01;2;7;0;2;5;16;1;
202000044375;154 664 241;B01;2;32;0;2;3;16;1;
202000044376;154 664 235;A01;1;7;0;2;1;17;1;
202000044376;154 664 236;B01;1;1;0;2;4;15;0;
202000044377;154 664 233;B01;1;7;0;2;1;1;0;
202000044377;154 664 234;A01;1;60;0;2;8;1;5;
202000044378;154 664 237;A01;3;33;0;2;2;0;1;
202000044378;154 664 238;B01;3;7;0;2;3;15;1;
202000044379;154 664 232;A01;0;10;0;2;3;17;1;
202000044380;154 664 229;C01;2;7;16;2;6;1;1;
202000044380;154 664 230;B01;2;7;16;2;6;1;1;
202000044380;154 664 231;A01;2;33;16;2;6;26;0;
202000044381;154 664 225;A01;1;34;0;2;0;0;0;
202000044381;154 664 226;B01;1;32;0;2;0;0;6;
202000044382;154 664 224;B01;3;7;1;2;7;1;1;
202000044382;154 664 227;D01;3;7;1;0;5;0;1;
202000044382;154 664 228;A01;3;7;0;2;3;1;1;
202000044383;154 664 221;B01;3;7;0;2;4;23;0;
202000044383;154 664 223;A01;3;7;14;0;1;2;0;
202000044384;154 664 220;Y01;1;50;0;1;1;1;3;
202000044384;154 664 222;A01;-1;7;0;2;1;9;1;
202000044385;154 664 217;A01;2;7;0;2;2;10;1;
202000044385;154 664 219;B01;1;33;0;2;1;1;1;
202000044386;154 664 216;A01;1;7;0;2;3;2;1;
202000044386;154 664 218;B01;1;32;0;2;2;2;1;
202000044387;154 664 214;A01;1;31;0;2;1;1;1;
202000044387;154 664 215;B01;2;7;0;2;3;1;1;
202000044388;154 664 211;C01;0;7;0;2;3;23;1;
202000044388;154 664 212;B01;0;7;0;2;7;19;1;
202000044388;154 664 213;A01;0;7;0;2;1;1;1;
202000044389;154 664 209;BB01;2;7;1;2;4;15;1;
202000044389;154 664 210;A01;2;7;0;2;1;15;1;
202000044390;154 664 206;B01;1;7;0;2;3;2;1;
202000044390;154 664 208;A01;1;7;0;2;2;15;1;
202000044391;154 664 205;A01;3;7;0;2;5;14;0;
202000044391;154 664 207;B01;3;2;0;2;2;18;0;
202000044392;154 664 203;A01;3;10;0;1;1;15;0;
202000044393;154 664 202;B01;3;32;0;2;1;1;1;
202000044393;154 664 204;A01;3;7;0;2;7;15;1;
202000044394;154 664 199;B01;1;34;0;0;8;1;1;
202000044394;154 664 200;A01;1;7;0;0;0;0;1;
202000044395;154 664 197;B01;-1;30;0;2;1;0;1;
202000044395;154 664 198;A01;-1;10;0;2;3;0;1;
202000044396;154 664 196;A01;2;7;1;0;1;26;6;
202000044397;154 664 194;B01;1;50;0;2;1;1;3;
202000044397;154 664 195;A01;2;7;0;9;2;9;0;
202000044398;154 664 193;A01;2;1;0;1;1;2;5;
202000044399;154 664 191;A01;1;30;0;2;3;15;1;
202000044399;154 664 192;B01;2;1;0;2;3;1;5;
202000044400;154 664 190;B01;2;34;0;2;7;1;1;
202000044400;154 664 201;Z01;2;7;0;2;1;1;1;
202000044401;154 664 188;B01;1;1;0;2;3;16;5;
202000044401;154 664 189;A01;1;14;0;9;8;15;1;
202000044402;154 664 185;B01;2;50;0;2;1;8;3;
202000044402;154 664 186;C01;1;1;0;2;1;1;5;
202000044402;154 664 187;A01;3;10;0;2;3;19;1;
202000044403;154 664 183;B01;1;33;0;2;1;1;1;
202000044403;154 664 184;A01;1;10;0;2;5;9;1;
202000044404;154 664 182;A01;1;7;0;1;5;19;1;
202000044405;154 664 181;A01;1;33;1;0;3;13;0;
202000044406;154 664 180;A01;1;7;8;0;2;-1;-1;
202000044407;154 664 179;A01;1;31;15;0;1;26;1;
202000044408;154 664 177;B01;2;7;0;2;2;1;1;
202000044408;154 664 178;A01;1;33;0;2;1;1;1;
202000044409;154 664 175;B01;1;1;0;2;0;0;5;
202000044409;154 664 176;A01;1;7;0;2;2;16;1;
202000044410;154 664 172;A01;1;7;14;0;1;26;1;
202000044410;154 664 173;B01;1;7;0;2;4;2;1;
202000044411;154 664 174;A01;1;7;15;0;7;1;1;
202000044412;154 664 169;B01;2;30;0;2;0;0;0;
202000044412;154 664 171;A01;2;7;0;2;5;1;0;
202000044413;154 664 166;B01;1;33;0;2;7;1;1;
202000044413;154 664 167;A01;3;7;6;2;8;9;1;
202000044414;154 664 162;A01;2;2;16;0;8;1;1;
202000044415;154 664 163;A01;1;15;0;0;0;1;1;
202000044415;154 664 164;B01;2;7;14;0;1;1;1;
202000044415;154 664 165;C01;2;7;14;0;5;1;1;
202000044415;154 664 168;D01;2;7;0;2;1;17;1;
202000044415;154 664 170;E01;2;7;14;0;4;1;1;
202000044416;154 664 158;B01;2;7;0;2;3;1;1;
202000044416;154 664 160;A01;1;7;0;2;3;13;1;
202000044417;154 664 159;B01;2;33;0;2;1;13;1;
202000044417;154 664 161;A01;2;21;0;0;6;15;1;
202000044418;154 664 155;A01;2;7;0;2;7;15;0;
202000044418;154 664 157;B01;1;33;0;2;1;1;1;
202000044419;154 664 154;B01;2;15;0;0;6;2;1;
202000044419;154 664 156;A01;2;7;4;2;2;2;1;
202000044420;154 664 151;B01;2;10;0;2;3;1;1;
202000044420;154 664 153;A01;1;7;0;2;1;1;1;
202000044421;154 664 150;A01;1;33;0;2;2;3;1;
202000044421;154 664 152;B01;1;10;0;2;3;1;1;
202000044422;154 664 149;A01;2;1;14;0;1;1;5;
202000044423;154 664 146;A01;2;7;0;9;1;9;1;
202000044423;154 664 148;B01;2;1;0;2;6;1;5;
202000044424;154 664 147;A01;1;7;0;0;0;1;1;
202000044425;154 664 143;B01;2;7;0;2;1;1;1;
202000044425;154 664 145;A01;1;7;0;2;1;13;1;
202000044426;154 664 140;B01;1;0;0;2;1;18;0;
202000044426;154 664 141;A01;2;7;0;2;5;1;1;
202000044427;154 664 138;A01;2;7;0;2;3;15;1;
202000044427;154 664 139;B01;2;7;0;2;2;17;1;
202000044428;154 664 137;A01;1;2;0;0;0;1;1;
202000044429;154 664 134;A01;2;1;14;0;1;1;5;
202000044430;154 664 142;B01;1;33;0;2;2;17;1;
202000044430;154 664 144;A01;1;7;0;2;8;15;1;
202000044431;154 664 132;B01;-1;1;0;2;1;1;0;
202000044431;154 664 133;A01;3;7;0;9;2;21;1;
202000044432;154 664 131;A01;3;33;5;0;1;1;1;
202000044433;154 664 129;B01;3;7;0;2;3;1;1;
202000044433;154 664 130;A01;3;7;0;2;3;1;1;
202000044434;154 664 127;A01;2;17;0;2;3;13;0;
202000044434;154 664 128;B01;1;17;0;2;3;1;0;
202000044435;154 664 125;A01;1;7;0;2;3;15;1;
202000044435;154 664 126;B01;1;7;0;2;1;17;1;
202000044436;154 664 122;A01;1;7;16;0;3;1;1;
202000044437;154 664 123;B01;1;7;3;0;4;9;1;
202000044437;154 664 124;A01;1;7;0;2;1;2;1;
202000044438;154 664 119;B01;2;2;0;0;3;1;1;
202000044438;154 664 120;A01;1;7;0;2;3;15;0;
202000044439;154 664 118;B01;2;7;0;2;7;1;1;
202000044439;154 664 121;A01;3;7;0;2;1;15;1;
202000044440;154 664 116;A01;1;33;0;0;0;1;1;
202000044441;154 664 117;A01;2;7;2;0;3;1;1;
202000044442;154 664 115;A01;2;7;0;1;2;1;1;
202000044443;154 664 114;A01;0;20;0;1;8;2;6;
202000044444;154 664 113;A01;1;30;3;0;1;1;1;
202000044445;154 664 112;A01;1;7;17;0;1;1;2;
202000044446;154 664 111;A01;2;33;13;0;1;1;0;
202000044447;154 664 110;A01;1;2;12;0;1;20;1;
202000044448;154 664 109;A01;3;2;0;0;1;1;1;
202000044449;154 664 108;A01;2;33;13;0;8;13;1;
202000044450;154 664 106;A01;1;2;10;0;2;0;1;
202000044451;154 664 105;A01;1;7;0;2;3;15;1;
202000044451;154 664 107;B01;1;33;0;2;1;15;1;
202000044452;154 664 104;A01;2;30;0;0;9;1;1;
202000044453;154 664 103;A01;1;7;0;1;3;1;1;
202000044454;154 664 102;A01;1;7;13;0;1;1;1;
202000044455;154 664 100;A01;2;7;6;0;1;1;1;
202000044456;154 664 099;B01;2;7;8;2;3;1;1;
202000044456;154 664 101;A01;1;7;0;2;2;1;1;
202000044457;154 664 096;B01;2;2;0;2;3;15;1;
202000044457;154 664 098;A01;2;7;0;2;7;17;1;
202000044458;154 664 097;A01;2;2;13;0;1;2;6;
202000044459;154 664 094;B01;1;33;0;2;1;1;1;
202000044459;154 664 095;A01;2;7;0;2;6;19;1;
202000044460;154 664 092;A01;1;7;13;0;9;1;1;
202000044460;154 664 093;B01;2;7;0;2;2;1;1;
202000044461;154 664 091;A01;3;1;0;0;0;1;5;
202000044462;154 664 089;B01;2;7;0;2;1;23;1;
202000044462;154 664 090;A01;2;7;0;2;1;6;1;
202000044463;154 664 086;A01;1;2;12;0;7;1;1;
202000044464;154 664 084;A01;2;7;2;2;2;1;1;
202000044464;154 664 087;B01;1;7;0;2;3;16;1;
202000044465;154 664 083;B01;2;17;0;0;8;1;1;
202000044465;154 664 085;A01;1;10;3;2;1;6;1;
202000044466;154 664 081;A01;1;7;0;9;2;1;1;
202000044466;154 664 082;B01;2;1;0;2;0;1;5;
202000044467;154 664 080;A01;3;10;0;0;0;11;1;
202000044468;154 664 079;A01;3;33;6;0;7;14;1;
202000044469;154 664 077;B01;3;7;0;2;3;9;1;
202000044469;154 664 078;A01;0;1;0;2;1;1;5;
202000044470;154 664 076;A01;1;33;4;0;9;17;1;
202000044471;154 664 074;A01;1;7;0;2;1;5;1;
202000044471;154 664 075;B01;1;7;0;2;1;1;1;
202000044472;154 664 073;A01;2;33;13;0;1;1;1;
202000044473;154 664 072;A01;0;33;1;9;2;1;1;
202000044474;154 664 071;A01;0;7;0;0;0;1;1;
202000044475;154 664 070;A01;1;1;0;0;0;1;5;
202000044476;154 664 069;A01;2;7;0;0;1;1;1;
202000044477;154 664 068;A01;2;7;4;0;1;2;1;
202000044478;154 664 067;A01;1;7;0;0;9;1;1;
202000044479;154 664 064;B01;1;3;0;0;2;1;0;
202000044479;154 664 066;A01;3;7;0;0;3;15;0;
202000044480;154 664 063;A01;1;7;0;9;3;13;1;
202000044480;154 664 065;B01;2;1;0;2;1;0;5;
202000044481;154 664 062;A01;2;32;13;0;1;1;1;
202000044482;154 664 061;A01;2;7;13;0;9;1;1;
202000044483;154 664 059;A01;2;7;0;2;3;1;1;
202000044483;154 664 060;B01;1;7;0;2;3;13;1;
202000044484;154 664 058;A01;3;7;8;0;0;1;5;
202000044485;154 664 055;A01;1;7;0;2;3;9;1;
202000044485;154 664 057;B01;2;33;0;2;1;1;1;
202000044486;154 664 054;B01;2;7;0;2;8;1;1;
202000044486;154 664 056;A01;1;33;0;2;8;1;1;
202000044487;154 664 051;A01;3;7;0;9;3;15;1;
202000044487;154 664 053;B01;3;80;0;2;2;1;3;
202000044488;154 664 050;B01;1;1;0;2;4;2;5;
202000044488;154 664 052;A01;1;10;0;2;2;2;1;
202000044489;154 664 049;A01;0;2;0;0;1;0;1;
202000044490;154 664 046;B01;2;1;0;2;5;1;5;
202000044490;154 664 048;A01;2;7;0;2;3;9;1;
202000044491;154 664 047;A01;3;15;0;0;7;15;1;
202000044492;154 664 041;A01;2;7;0;2;2;15;1;
202000044492;154 664 043;C01;1;7;0;2;3;23;1;
202000044492;154 664 045;B01;1;30;0;2;1;1;1;
202000044493;154 664 042;B01;2;15;0;2;2;12;1;
202000044493;154 664 044;A01;2;7;0;2;8;1;1;
202000044494;154 664 037;B01;2;7;0;2;4;2;1;
202000044494;154 664 038;A01;2;7;0;2;1;1;1;
202000044495;154 664 039;A01;3;7;0;2;1;15;1;
202000044495;154 664 040;B01;3;1;0;0;8;1;5;
202000044496;154 664 034;A01;2;10;14;0;1;2;1;
202000044496;154 664 035;B01;2;10;14;0;4;2;1;
202000044496;154 664 036;C01;2;7;0;2;4;1;1;
202000044497;154 664 030;B01;1;7;0;2;4;2;1;
202000044497;154 664 033;A01;1;7;0;2;1;2;1;
202000044498;154 664 029;A01;1;7;0;2;1;2;1;
202000044498;154 664 031;B01;1;7;0;2;4;23;1;
202000044498;154 664 032;C01;1;7;0;2;4;23;1;
202000044499;154 664 021;A01;2;14;0;2;1;2;1;
202000044499;154 664 022;B01;2;7;0;2;4;2;1;
202000044499;154 664 023;C01;2;7;0;2;4;2;1;
202000044500;154 664 014;B01;1;10;0;2;4;2;1;
202000044500;154 664 017;A01;1;10;0;2;1;1;1;
202000044501;154 664 005;B01;2;7;0;2;4;1;1;
202000044501;154 664 006;A01;2;7;0;2;4;0;1;
202000044501;154 664 007;D01;2;7;0;2;2;1;1;
202000044501;154 664 008;C01;2;10;0;2;4;1;1;
202000044502;154 664 004;A01;2;15;3;0;1;13;1;
202000044503;154 664 002;B01;1;7;0;9;1;26;6;
202000044503;154 664 003;A01;1;7;5;0;0;17;6;
202000044504;154 664 001;A01;2;7;3;0;1;13;1;
202000044505;154 663 997;B01;1;7;0;2;3;3;1;
202000044505;154 663 999;A01;1;7;0;2;2;12;1;
202000044506;154 663 998;A01;1;7;0;2;3;15;1;
202000044506;154 664 000;B01;2;31;0;2;3;1;1;
202000044507;154 663 996;A01;1;7;4;0;3;13;1;
202000044508;154 663 995;A01;2;7;0;0;1;2;0;
202000044509;154 663 993;B01;2;33;0;2;1;0;1;
202000044509;154 663 994;A01;2;7;0;2;4;2;1;
202000044510;154 663 991;B01;2;7;0;2;2;12;1;
202000044510;154 663 992;A01;2;7;0;2;6;11;2;
202000044511;154 663 989;A01;1;37;0;2;1;12;0;1
202000044511;154 663 990;B01;1;7;0;2;4;0;0;
202000044512;154 663 986;B01;3;7;0;2;3;23;1;
202000044512;154 663 987;A01;3;10;0;2;2;15;0;
202000044513;154 663 985;A01;2;17;0;2;2;1;1;
202000044513;154 663 988;B01;2;7;0;2;4;26;1;
202000044514;154 663 982;A01;1;7;0;2;8;9;1;
202000044514;154 663 984;B01;1;2;0;2;1;1;1;
202000044515;154 663 980;A01;2;7;0;2;1;2;1;
202000044515;154 663 981;B01;2;7;0;2;6;23;1;
202000044516;154 663 983;A01;0;7;0;1;0;20;2;
202000044517;154 663 978;A01;3;34;14;0;1;6;1;
202000044518;154 663 977;A01;3;7;0;9;3;1;0;
202000044518;154 663 979;B01;0;1;0;2;7;0;5;
202000044519;154 663 974;A01;2;7;0;9;3;19;1;
202000044519;154 663 976;B01;1;1;0;2;8;1;6;
202000044520;154 663 973;B01;1;7;1;2;2;1;1;
202000044520;154 663 975;Z01;1;7;0;2;3;13;1;
202000044521;154 663 971;Z01;1;7;0;9;2;15;1;
202000044522;154 663 970;A01;1;7;0;2;1;2;1;
202000044522;154 663 972;B01;1;33;0;2;4;2;1;
202000044523;154 663 968;A01;2;7;0;1;2;1;1;
202000044524;154 663 969;A01;1;2;0;0;1;2;0;
202000044525;154 663 966;A01;2;2;1;0;2;17;1;
202000044526;154 663 965;A01;1;7;6;0;8;0;2;
202000044527;154 663 964;B01;1;33;0;2;1;1;1;
202000044527;154 663 967;A01;1;7;0;2;3;15;1;
202000044528;154 663 959;A01;2;7;0;2;2;15;1;
202000044528;154 663 962;D01;1;50;0;2;1;15;3;
202000044529;154 663 961;A01;1;7;6;0;7;1;1;
202000044530;154 663 958;A01;0;7;0;2;3;15;0;
202000044530;154 663 960;B01;0;7;0;2;1;1;0;
202000044530;154 663 963;C01;0;7;0;2;1;1;0;
202000044531;154 663 956;A01;1;10;0;2;1;15;1;
202000044531;154 663 957;B01;2;33;0;2;1;1;1;
202000044532;154 663 955;A01;1;7;0;1;1;1;1;
202000044533;154 663 952;A01;2;7;0;9;1;13;1;
202000044533;154 663 954;B01;1;1;0;2;3;1;5;
202000044534;154 663 950;B01;2;10;0;0;0;15;0;
202000044534;154 663 951;A01;2;30;13;0;0;17;6;
202000044535;154 663 949;B01;1;2;0;2;1;1;1;
202000044535;154 663 953;A01;2;7;0;2;7;15;1;
202000044536;154 663 946;A01;2;7;0;2;1;2;1;
202000044536;154 663 948;B01;2;7;8;0;4;1;1;
202000044537;154 663 945;B01;2;15;0;2;1;2;1;
202000044537;154 663 947;A01;2;15;0;2;4;2;1;
202000044538;154 663 942;A01;3;7;0;9;3;1;1;
202000044538;154 663 943;B01;0;1;0;2;1;13;5;
202000044539;154 663 941;B01;3;7;8;2;5;16;0;
202000044539;154 663 944;A01;1;7;0;2;3;9;0;
202000044540;154 663 940;A01;1;33;4;0;1;1;1;
202000044541;154 663 939;A01;2;7;0;1;1;2;1;
202000044542;154 663 938;A01;3;10;0;0;3;17;0;
202000044543;154 663 937;A01;1;7;14;0;2;1;1;
202000044544;154 663 933;A01;1;7;2;0;3;13;1;
202000044545;154 663 934;A01;1;7;0;1;1;1;1;
202000044546;154 663 931;A01;3;7;0;1;1;2;0;
202000044547;154 663 930;B01;2;1;0;2;1;6;0;
202000044547;154 663 932;A01;1;7;0;2;1;1;1;
202000044548;154 663 926;B01;0;7;0;2;6;1;0;
202000044548;154 663 928;A01;0;7;0;2;1;1;1;
202000044549;154 663 927;A01;3;7;0;2;3;19;1;
202000044549;154 663 929;B01;3;2;0;2;1;1;1;
202000044550;154 663 935;B01;2;1;0;2;1;1;5;
202000044550;154 663 936;A01;1;7;0;2;3;15;0;
202000044551;154 663 924;A01;3;3;0;1;3;1;1;
202000044552;154 663 923;B01;0;1;0;2;8;15;0;
202000044552;154 663 925;A01;0;7;0;2;2;1;1;
202000044553;154 663 921;A01;3;7;0;1;5;4;0;
202000044554;154 663 920;A01;0;7;0;1;1;1;1;
202000044555;154 663 922;A01;0;7;0;1;5;4;1;
202000044556;154 663 919;A01;1;7;0;1;3;1;1;
202000044557;154 663 915;A01;2;7;0;2;3;13;1;
202000044557;154 663 917;B01;1;7;0;2;6;21;-1;
202000044558;154 663 916;A01;1;7;0;2;3;15;1;
202000044558;154 663 918;B01;2;50;0;2;3;1;3;
202000044559;154 663 913;A01;3;7;6;0;7;26;1;
202000044560;154 663 910;C01;1;7;0;2;1;1;1;
202000044560;154 663 911;A01;2;7;0;2;1;17;1;
202000044560;154 663 914;B01;1;7;0;2;9;1;1;
202000044561;154 663 907;B01;1;7;0;2;3;0;0;
202000044561;154 663 909;A01;1;7;3;2;2;17;0;
202000044562;154 663 908;A01;3;2;0;2;7;1;1;
202000044562;154 663 912;B01;3;7;0;2;1;1;1;
202000044563;154 663 902;A01;1;7;0;2;2;1;1;
202000044563;154 663 903;B01;1;2;0;0;4;1;1;
202000044564;154 663 901;A01;1;33;0;2;1;1;1;
202000044564;154 663 904;B01;2;7;0;2;2;15;1;
202000044565;154 663 900;A01;2;7;12;0;1;1;1;
202000044566;154 663 898;A01;2;7;0;1;2;1;1;
202000044567;154 663 893;B01;3;1;0;2;1;1;5;
202000044567;154 663 896;A01;3;7;0;2;2;9;1;
202000044568;154 663 895;A01;1;17;0;9;7;1;1;
202000044569;154 663 892;B01;1;14;0;2;2;1;1;
202000044569;154 663 894;A01;2;7;0;2;1;13;1;
202000044570;154 663 891;A01;2;10;16;0;9;0;1;
202000044571;154 663 888;A01;2;20;0;9;5;9;1;
202000044572;154 663 887;A01;2;7;0;2;1;1;6;
202000044572;154 663 889;C01;1;20;0;0;3;2;0;
202000044572;154 663 890;B01;2;7;8;2;4;1;6;
202000044573;154 663 885;A01;1;7;0;2;5;1;1;
202000044573;154 663 886;B01;1;33;0;2;1;26;1;
202000044574;154 663 881;A01;1;7;0;2;3;11;1;
202000044574;154 663 882;B01;1;34;0;2;7;3;1;
202000044575;154 663 880;A01;1;7;6;0;1;0;1;
202000044576;154 663 876;B01;1;7;0;2;7;1;1;
202000044576;154 663 878;A01;1;32;0;2;3;1;1;
202000044577;154 663 875;C01;2;17;0;2;6;0;1;
202000044577;154 663 877;B01;2;7;0;2;2;1;1;
202000044577;154 663 879;A01;2;7;0;2;8;11;1;
202000044578;154 663 874;A01;2;33;0;0;3;1;1;
202000044579;154 663 870;A01;1;15;0;2;1;2;1;
202000044579;154 663 871;C01;1;7;0;2;4;2;1;
202000044579;154 663 872;B01;1;7;0;2;4;2;1;
202000044580;154 663 869;A01;2;10;4;2;6;1;1;
202000044581;154 663 867;Z01;1;7;0;2;8;11;1;
202000044581;154 663 868;A01;1;33;0;2;5;1;1;
202000044582;154 663 864;A01;2;7;0;2;3;11;1;
202000044582;154 663 865;B01;2;7;0;2;0;1;1;
202000044582;154 663 866;C01;2;10;0;2;6;1;1;
202000044583;154 663 862;B01;1;33;0;2;3;1;1;
202000044583;154 663 863;A01;1;7;0;2;7;12;1;
202000044584;154 663 860;B01;2;7;0;2;8;1;1;
202000044584;154 663 861;A01;2;7;0;2;2;12;1;
202000044585;154 663 859;A01;2;37;0;1;1;1;1;1
202000044586;154 663 857;B01;2;33;0;2;1;17;1;
202000044586;154 663 858;A01;2;7;0;2;3;15;1;
202000044587;154 663 855;A01;0;7;0;1;1;15;1;
202000044588;154 663 854;B01;2;7;0;2;1;2;1;
202000044588;154 663 856;A01;2;7;0;2;5;2;1;
202000044589;154 663 851;A01;2;7;0;2;7;15;1;
202000044589;154 663 853;B01;2;33;0;2;1;1;1;
202000044590;154 663 849;C01;1;7;0;2;1;1;1;
202000044590;154 663 850;B01;1;7;0;2;1;1;1;
202000044590;154 663 852;A01;1;7;0;2;4;1;1;
202000044591;154 663 847;B01;1;32;0;2;1;2;1;
202000044591;154 663 848;A01;1;7;0;2;5;2;2;
202000044592;154 663 844;B01;1;7;0;2;1;1;0;
202000044592;154 663 845;A01;1;7;8;2;7;1;0;
202000044592;154 663 846;C01;2;7;0;2;8;23;0;
202000044593;154 663 843;A01;2;7;0;0;1;9;1;
202000044594;154 663 839;A01;1;17;0;2;6;11;1;
202000044594;154 663 840;C01;1;7;0;2;2;1;1;
202000044594;154 663 841;B01;1;7;0;2;6;13;1;
202000044595;154 663 837;A01;3;7;0;1;2;9;1;
202000044596;154 663 836;B01;1;7;0;2;4;2;1;
202000044596;154 663 838;A01;1;31;1;0;1;2;1;
202000044597;154 663 832;A01;1;7;4;2;2;14;1;
202000044597;154 663 834;B01;1;15;0;2;8;1;1;
202000044598;154 663 833;A01;3;7;0;2;8;9;0;
202000044598;154 663 835;B01;1;33;0;2;1;1;1;
202000044599;154 663 829;B01;2;7;0;2;4;1;1;
202000044599;154 663 831;A01;2;7;3;2;1;2;1;
202000044600;154 663 842;A01;2;10;0;1;2;16;1;
202000044601;154 663 828;A01;1;7;0;2;1;2;1;
202000044601;154 663 830;B01;1;7;0;2;4;15;1;
202000044602;154 663 826;A01;1;7;4;2;0;9;1;
202000044602;154 663 827;B01;1;10;0;2;0;1;0;
202000044603;154 663 822;B01;3;7;0;2;3;12;1;
202000044603;154 663 825;A01;3;34;0;2;1;1;1;
202000044604;154 663 821;A01;2;7;0;2;2;19;1;
202000044604;154 663 824;B01;2;7;0;2;1;1;1;
202000044605;154 663 820;A01;1;7;0;2;1;2;1;
202000044605;154 663 823;B01;1;10;0;2;4;2;1;
202000044606;154 663 815;C01;1;7;0;2;4;23;1;
202000044606;154 663 817;B01;1;7;0;2;4;23;1;
202000044606;154 663 819;A01;1;7;0;2;1;1;1;
202000044607;154 663 816;B01;1;7;0;2;1;21;1;
202000044607;154 663 818;A01;1;7;0;2;3;9;1;
202000044608;154 663 810;A01;1;17;0;2;5;13;1;
202000044608;154 663 812;B01;1;7;0;2;8;23;1;
202000044608;154 663 814;C01;1;7;4;2;4;2;1;
202000044609;154 663 809;B01;3;7;0;2;4;2;1;
202000044609;154 663 813;A01;3;7;0;2;1;2;1;
202000044610;154 663 808;B01;3;10;0;2;1;19;6;
202000044610;154 663 811;A01;3;7;0;2;2;1;6;
202000044611;154 663 806;B01;2;7;0;2;0;1;1;
202000044611;154 663 807;A01;2;16;0;2;0;0;1;
202000044612;154 663 801;A01;1;7;0;2;2;12;1;
202000044612;154 663 804;B01;1;33;0;2;3;1;1;
202000044613;154 663 802;A01;3;7;2;2;2;1;1;
202000044613;154 663 805;B01;3;7;0;2;2;15;1;
202000044614;154 663 800;B01;1;17;0;0;0;0;0;
202000044614;154 663 803;A01;1;15;0;2;0;14;1;
202000044615;154 663 797;B01;1;32;0;2;1;1;1;
202000044615;154 663 799;A01;2;33;0;2;1;15;1;
202000044616;154 663 795;A01;1;7;0;2;5;16;1;
202000044616;154 663 796;B01;2;7;0;2;3;1;1;