num_acc;id_vehicule;num_veh;senc;catv;obs;obsm;choc;manv;motor;occutc
202000045498;154 662 304;A01;1;31;0;9;0;21;1;
202000045499;154 662 291;A01;1;7;0;1;3;1;2;
202000045500;154 662 287;B01;3;7;0;2;5;15;1;
202000045500;154 662 290;A01;3;13;0;2;3;21;1;
202000045501;154 662 286;B01;3;30;0;2;2;17;1;
202000045501;154 662 288;A01;1;7;0;2;3;15;1;
202000045502;154 662 289;A01;2;7;6;0;1;1;1;
202000045503;154 662 285;A01;1;7;5;0;7;1;1;
202000045504;154 662 283;Z01;1;7;0;2;2;15;1;
202000045504;154 662 284;A01;2;1;0;2;1;1;5;
202000045505;154 662 292;B01;1;7;0;2;1;1;1;
202000045505;154 662 293;A01;2;2;0;2;0;1;1;
202000045506;154 662 302;B01;1;7;0;2;1;2;1;
202000045506;154 662 314;A01;1;7;0;0;4;1;1;
202000045507;154 662 282;A01;1;7;0;0;3;9;1;
202000045508;154 662 276;A01;1;7;0;2;3;1;1;
202000045508;154 662 278;B01;1;2;0;2;5;16;1;
202000045509;154 662 274;A01;0;30;8;0;1;0;1;
202000045510;154 662 273;B01;0;7;0;2;1;1;1;
202000045510;154 662 275;A01;0;7;9;2;7;1;1;
202000045511;154 662 272;A01;1;7;4;0;1;14;1;
202000045512;154 662 269;A01;1;10;4;0;2;14;1;
202000045513;154 662 277;B01;1;30;0;2;3;1;1;
202000045513;154 662 279;C01;1;30;0;2;3;1;1;
202000045513;154 662 280;A01;1;30;0;2;3;1;1;
202000045514;154 662 270;A01;2;2;0;2;1;1;1;
202000045514;154 662 271;B01;1;7;0;2;5;15;1;
202000045515;154 662 267;B01;1;32;0;2;1;1;1;
202000045515;154 662 268;A01;2;7;0;2;3;10;1;
202000045516;154 662 266;A01;1;17;0;1;2;1;1;
202000045517;154 662 265;A01;0;33;0;6;1;0;1;
202000045518;154 662 258;A01;1;7;0;2;3;1;1;
202000045518;154 662 261;B01;2;7;0;2;3;1;1;
202000045519;154 662 259;A01;2;37;0;2;5;1;1;1
202000045519;154 662 264;B01;2;1;0;2;8;1;5;
202000045520;154 662 257;A01;3;7;0;2;8;24;1;
202000045520;154 662 260;B01;1;33;1;2;2;1;1;
202000045520;154 662 262;C01;2;7;0;2;1;1;1;
202000045521;154 662 263;A01;2;7;3;0;1;14;1;
202000045522;154 662 254;B01;2;7;6;2;3;1;1;
202000045522;154 662 255;A01;1;7;6;2;1;13;1;
202000045523;154 662 253;B01;1;7;0;2;3;15;1;
202000045523;154 662 256;A01;1;7;0;2;1;1;1;
202000045524;154 662 252;A01;2;34;0;2;7;1;1;
202000045525;154 662 250;A01;2;7;6;0;2;14;1;
202000045526;154 662 249;A01;1;7;0;2;3;13;0;
202000045526;154 662 251;B01;2;7;0;2;3;1;0;
202000045527;154 662 247;B01;3;1;0;2;3;26;5;
202000045527;154 662 248;A01;3;7;0;2;5;16;1;
202000045528;154 662 243;B01;3;7;0;2;4;0;1;
202000045528;154 662 245;A01;3;33;3;2;1;0;1;
202000045529;154 662 246;A01;2;7;0;1;1;19;1;
202000045530;154 662 244;A01;2;10;0;1;0;1;1;
202000045531;154 662 241;A01;2;15;0;2;8;1;1;
202000045531;154 662 242;B01;2;1;0;2;4;1;5;
202000045532;154 662 240;A01;2;7;0;1;3;15;1;
202000045533;154 662 235;B01;3;31;0;2;1;1;1;
202000045533;154 662 239;A01;2;7;0;2;7;1;1;
202000045534;154 662 237;A01;1;33;0;0;0;1;1;
202000045535;154 662 234;B01;1;33;0;2;1;1;1;
202000045535;154 662 236;A01;2;7;0;2;8;15;1;
202000045536;154 662 232;A01;1;7;0;2;1;1;1;
202000045536;154 662 238;B01;1;2;0;2;8;16;1;
202000045537;154 662 231;A01;2;7;8;0;1;1;1;
202000045538;154 662 230;B01;2;2;0;2;7;1;0;
202000045538;154 662 233;A01;2;7;0;2;1;15;0;
202000045539;154 662 228;A01;2;7;0;1;1;21;0;
202000045540;154 662 224;B01;2;7;0;0;8;1;1;
202000045540;154 662 229;A01;1;7;0;2;1;19;1;
202000045541;154 662 227;A01;1;7;7;0;8;2;1;
202000045542;154 662 223;Z01;2;2;0;1;8;26;1;
202000045543;154 662 222;B01;1;7;0;2;1;1;1;
202000045543;154 662 226;A01;1;7;0;2;8;1;1;
202000045544;154 662 219;A01;1;7;0;6;1;1;1;
202000045545;154 662 220;B01;2;1;0;2;8;2;5;
202000045545;154 662 221;A01;2;7;0;2;7;14;1;
202000045546;154 662 215;A01;1;7;0;1;3;1;1;
202000045547;154 662 214;A01;3;7;0;1;1;0;1;
202000045548;154 662 217;B01;2;7;0;2;4;1;1;
202000045548;154 662 218;A01;2;7;0;2;1;2;1;
202000045549;154 662 213;A01;3;7;0;1;0;0;1;
202000045550;154 662 225;A01;2;60;12;0;0;14;5;
202000045551;154 662 212;A01;2;31;1;0;3;13;1;
202000045552;154 662 216;A01;2;33;0;0;0;21;1;
202000045553;154 662 210;A01;-1;7;0;1;1;9;1;
202000045554;154 662 211;A01;3;2;0;0;0;0;1;
202000045555;154 662 207;B01;2;7;0;2;3;2;1;
202000045555;154 662 209;A01;1;7;0;2;3;13;1;
202000045556;154 662 206;A01;1;7;0;2;2;16;1;
202000045556;154 662 208;B01;1;2;0;2;3;17;1;
202000045557;154 662 204;A01;1;7;2;0;1;14;1;
202000045558;154 662 202;A01;3;7;0;2;6;10;0;
202000045558;154 662 203;B01;-1;2;0;2;1;17;0;
202000045559;154 662 200;A01;0;7;8;0;0;0;1;
202000045560;154 662 198;A01;-1;7;0;1;1;1;1;
202000045561;154 662 195;Z01;2;0;0;1;5;2;0;
202000045561;154 662 196;A01;2;32;0;1;3;3;1;
202000045562;154 662 199;A01;1;7;0;0;0;2;1;
202000045563;154 662 201;B01;1;7;0;2;4;1;1;
202000045563;154 662 205;A01;1;7;0;2;1;1;1;
202000045564;154 662 193;A01;2;10;14;9;2;17;1;
202000045564;154 662 194;B01;2;1;0;2;6;11;0;
202000045565;154 662 191;A01;1;30;0;2;3;1;1;
202000045565;154 662 192;B01;2;30;0;2;2;15;1;
202000045566;154 662 190;A01;1;7;0;1;0;1;1;
202000045567;154 662 187;A01;2;30;0;1;1;2;0;
202000045568;154 662 189;A01;1;7;13;0;3;0;1;
202000045569;154 662 186;A01;1;30;0;2;1;2;1;
202000045569;154 662 188;B01;1;1;0;2;4;2;5;
202000045570;154 662 184;Z01;0;7;0;2;0;26;0;
202000045570;154 662 185;A01;0;7;0;2;1;1;1;
202000045571;154 662 183;A01;1;7;0;0;9;0;1;
202000045572;154 662 181;B01;2;7;0;2;6;2;1;
202000045572;154 662 182;A01;2;34;0;2;1;2;1;
202000045573;154 662 180;A01;2;33;0;0;7;16;1;
202000045574;154 662 179;A01;1;32;0;1;1;3;1;
202000045575;154 662 177;C01;2;7;0;2;8;24;1;
202000045575;154 662 178;A01;2;14;1;0;1;1;1;
202000045576;154 662 172;A01;1;7;0;2;3;20;1;
202000045576;154 662 175;B01;1;33;0;2;2;1;1;
202000045577;154 662 170;B01;3;7;3;2;3;1;1;
202000045577;154 662 174;A01;3;7;0;2;3;10;1;
202000045578;154 662 171;C01;3;7;0;2;8;1;1;
202000045578;154 662 173;B01;3;7;0;2;3;1;1;
202000045578;154 662 176;A01;3;7;0;2;3;13;1;
202000045579;154 662 169;A01;1;7;2;0;1;14;1;
202000045580;154 662 163;B01;1;17;0;2;1;2;1;
202000045580;154 662 164;A01;1;17;0;2;4;2;1;
202000045581;154 662 165;A01;2;7;3;0;1;1;1;
202000045582;154 662 162;A01;2;1;13;0;1;13;5;
202000045583;154 662 160;A01;1;10;6;0;1;1;1;
202000045584;154 662 158;A01;1;1;0;2;8;2;5;
202000045584;154 662 159;B01;1;7;0;2;7;2;1;
202000045585;154 662 156;B01;2;7;0;2;5;20;1;
202000045585;154 662 157;A01;1;33;0;2;4;26;1;
202000045586;154 662 153;C01;2;15;1;0;3;2;1;
202000045586;154 662 154;B01;2;10;1;0;3;2;1;
202000045586;154 662 155;A01;2;7;4;0;2;1;1;
202000045587;154 662 151;A01;1;7;0;2;1;13;1;
202000045587;154 662 161;B01;2;7;0;2;1;1;1;
202000045588;154 662 152;D01;2;7;0;2;4;23;1;
202000045588;154 662 166;C01;2;7;0;2;4;23;4;
202000045588;154 662 167;B01;2;7;0;2;4;23;1;
202000045588;154 662 168;A01;2;7;0;2;1;1;1;
202000045589;154 662 150;A01;0;7;4;0;3;1;1;
202000045590;154 662 147;A01;3;15;0;1;4;4;1;
202000045591;154 662 148;B01;1;15;0;0;4;2;1;
202000045591;154 662 149;A01;1;7;0;2;1;2;1;
202000045592;154 662 144;C01;3;1;0;2;6;9;5;
202000045592;154 662 146;A01;1;10;0;2;3;1;1;
202000045593;154 662 145;A01;1;10;7;0;0;1;1;
202000045594;154 662 142;B01;1;33;0;2;1;2;1;
202000045594;154 662 143;A01;1;10;0;2;8;10;1;
202000045595;154 662 137;B01;2;7;0;0;7;1;1;
202000045595;154 662 140;A01;1;7;0;2;1;9;0;
202000045596;154 662 138;A01;1;33;0;2;2;3;1;
202000045596;154 662 141;B01;1;7;0;2;8;11;1;
202000045597;154 662 136;A01;1;10;0;1;3;1;1;
202000045597;154 662 139;B01;3;99;0;1;1;1;0;
202000045598;154 662 133;A01;1;7;14;0;1;1;1;
202000045599;154 662 131;B01;1;33;0;2;1;1;1;
202000045599;154 662 134;A01;2;7;17;2;3;1;1;
202000045600;154 662 132;B01;1;7;0;2;1;1;1;
202000045600;154 662 135;A01;2;10;0;2;1;1;1;
202000045601;154 662 130;A01;1;32;0;0;0;3;1;
202000045602;154 662 128;A01;2;7;0;2;1;13;1;
202000045602;154 662 129;B01;1;7;0;2;3;1;1;
202000045603;154 662 126;A01;1;43;0;0;8;1;1;
202000045604;154 662 124;A01;2;7;0;2;7;17;1;
202000045604;154 662 125;B01;2;1;0;2;8;2;5;
202000045605;154 662 123;B01;3;33;0;2;8;16;1;
202000045605;154 662 127;A01;2;7;0;2;2;1;1;
202000045606;154 662 121;A01;2;7;0;1;3;1;1;
202000045607;154 662 118;B01;2;2;0;2;1;1;0;
202000045607;154 662 120;A01;1;7;0;2;8;17;0;
202000045608;154 662 115;B01;2;7;0;2;8;1;1;
202000045608;154 662 117;A01;2;7;0;2;7;3;1;
202000045608;154 662 119;C01;2;7;0;2;5;1;1;
202000045608;154 662 122;D01;2;7;0;2;8;1;1;
202000045609;154 662 116;A01;1;7;0;1;1;15;1;
202000045610;154 662 111;A01;1;7;13;0;2;1;1;
202000045611;154 662 113;B01;1;7;0;0;7;1;1;
202000045611;154 662 114;A01;2;7;0;2;3;1;1;
202000045612;154 662 108;A01;2;7;15;0;3;1;1;
202000045613;154 662 110;A01;1;30;0;2;4;2;1;
202000045613;154 662 112;Z01;1;7;0;2;0;2;0;
202000045614;154 662 107;B01;1;1;0;2;3;1;5;
202000045614;154 662 109;A01;2;7;0;9;3;15;1;
202000045615;154 662 106;A01;3;36;13;0;0;13;1;
202000045616;154 662 105;A01;1;7;0;0;0;0;1;
202000045617;154 662 103;A01;2;7;0;2;7;17;1;
202000045617;154 662 104;B01;2;2;0;2;8;2;1;
202000045618;154 662 100;A01;2;33;13;0;2;17;1;
202000045619;154 662 102;A01;1;7;0;1;2;1;0;
202000045620;154 662 099;A01;3;80;0;1;1;1;3;
202000045621;154 662 098;A01;0;7;16;0;2;0;1;
202000045622;154 662 096;B01;2;7;0;2;3;13;1;
202000045622;154 662 097;A01;1;33;0;2;3;1;1;
202000045623;154 662 095;A01;1;17;3;0;2;1;1;
202000045624;154 662 094;A01;1;30;0;1;1;17;1;
202000045625;154 662 093;A01;1;7;2;0;1;14;1;
202000045626;154 662 091;A01;3;2;0;1;1;1;1;
202000045627;154 662 090;B01;1;1;0;2;3;13;5;
202000045627;154 662 092;A01;1;10;0;9;2;17;1;
202000045628;154 662 101;A01;3;7;0;1;3;15;1;
202000045629;154 662 089;A01;3;60;0;0;1;1;5;
202000045630;154 662 088;A01;3;7;0;1;4;20;1;
202000045631;154 662 087;A01;0;7;6;0;2;1;1;
202000045632;154 662 086;A01;1;33;8;0;1;1;1;
202000045633;154 662 084;A01;1;33;0;2;3;3;1;
202000045633;154 662 085;B01;1;7;0;2;2;12;3;
202000045634;154 662 079;A01;2;7;0;2;1;1;1;
202000045634;154 662 082;B01;2;17;0;2;4;2;1;
202000045635;154 662 075;B01;1;15;0;2;6;1;1;
202000045635;154 662 077;A01;1;7;0;2;6;1;1;
202000045636;154 662 074;A01;1;33;0;0;9;1;1;
202000045637;154 662 073;A01;1;7;6;0;2;11;1;
202000045638;154 662 071;A01;2;7;0;2;1;1;1;
202000045638;154 662 072;B01;2;7;0;2;4;1;1;
202000045639;154 662 076;B01;3;7;0;2;1;1;1;
202000045639;154 662 078;A01;3;2;0;2;7;1;1;
202000045640;154 662 069;B01;1;33;0;2;7;3;1;
202000045640;154 662 070;A01;1;7;0;2;8;11;1;
202000045641;154 662 066;B01;2;7;0;2;6;2;1;
202000045641;154 662 067;A01;2;33;0;2;1;2;1;
202000045642;154 662 064;B01;2;33;0;2;4;1;1;
202000045642;154 662 065;A01;2;7;0;2;1;3;1;
202000045643;154 662 081;A01;1;7;0;1;1;1;1;
202000045644;154 662 061;A01;3;7;0;1;4;20;1;
202000045645;154 662 060;B01;1;7;0;0;2;1;1;
202000045645;154 662 068;A01;3;7;0;2;1;16;1;
202000045646;154 662 058;B01;1;37;1;0;5;1;2;4
202000045647;154 662 057;B01;3;7;0;2;1;1;1;
202000045647;154 662 059;A01;3;1;0;2;8;19;5;
202000045648;154 662 053;A01;2;10;12;0;3;20;1;
202000045648;154 662 055;B01;2;1;1;0;1;2;0;
202000045649;154 662 054;A01;1;33;0;2;2;17;1;
202000045649;154 662 056;B01;1;7;0;2;3;15;1;
202000045650;154 662 051;A01;1;1;0;9;1;1;5;
202000045651;154 662 052;A01;3;33;0;0;1;0;1;
202000045652;154 662 048;A01;1;7;0;2;0;0;0;
202000045652;154 662 049;B01;1;50;0;0;0;0;3;
202000045653;154 662 047;A01;1;31;0;2;3;1;1;
202000045653;154 662 050;B01;2;10;0;2;2;9;1;
202000045654;154 662 044;A01;1;7;0;2;3;15;1;
202000045654;154 662 045;B01;2;0;0;2;1;1;0;
202000045655;154 662 041;A01;1;7;0;2;3;13;1;
202000045655;154 662 043;B01;2;15;0;2;3;1;1;
202000045656;154 662 040;A01;1;7;0;2;1;2;0;
202000045656;154 662 042;B01;1;7;0;2;4;15;0;
202000045657;154 662 035;A01;2;7;14;2;7;13;1;
202000045657;154 662 038;Z01;2;7;0;2;3;13;1;
202000045658;154 662 033;B01;1;7;0;2;2;1;0;
202000045658;154 662 034;A01;1;32;0;2;4;1;0;
202000045659;154 662 036;B01;3;2;0;2;3;13;1;
202000045659;154 662 039;A01;3;7;0;0;8;13;1;
202000045660;154 662 032;A01;2;7;0;1;7;1;0;
202000045661;154 662 037;A01;1;7;8;2;6;15;1;
202000045661;154 662 046;B01;1;7;0;2;2;1;2;
202000045662;154 662 030;B01;0;7;0;0;6;2;1;
202000045662;154 662 031;A01;0;7;1;2;1;2;1;
202000045663;154 662 027;A01;2;7;1;0;3;13;1;
202000045664;154 662 026;A01;0;7;6;0;3;1;1;
202000045665;154 662 025;A01;1;1;0;0;0;1;5;
202000045666;154 662 023;B01;2;7;0;2;4;23;1;
202000045666;154 662 024;A01;2;7;0;2;1;1;1;
202000045667;154 662 020;B01;3;10;0;2;4;24;1;
202000045667;154 662 021;A01;0;7;1;0;1;1;1;
202000045668;154 662 018;A01;2;7;15;1;1;26;1;
202000045669;154 662 019;B01;3;7;0;2;8;1;1;
202000045669;154 662 022;A01;3;7;0;2;3;17;1;
202000045670;154 662 015;A01;3;7;0;2;2;9;1;
202000045670;154 662 017;B01;3;1;0;2;1;1;5;
202000045671;154 662 012;Z01;3;0;0;1;1;26;0;
202000045672;154 662 011;A01;2;7;0;1;3;1;2;
202000045673;154 662 009;B01;3;33;0;2;5;2;1;
202000045673;154 662 010;A01;3;7;0;2;2;10;1;
202000045674;154 662 008;A01;3;7;13;0;9;17;1;
202000045675;154 662 028;B01;2;32;0;2;3;1;1;
202000045675;154 662 029;A01;1;7;0;2;2;15;1;
202000045676;154 662 013;C01;2;7;0;2;2;1;1;
202000045676;154 662 014;B01;2;7;0;2;1;1;1;
202000045676;154 662 016;A01;1;7;0;2;1;13;1;
202000045677;154 662 006;B01;2;7;0;2;2;10;1;
202000045677;154 662 007;A01;1;7;0;2;3;1;1;
202000045678;154 662 005;A01;2;7;0;0;0;1;1;
202000045679;154 662 002;A01;1;10;0;2;1;1;1;
202000045679;154 662 004;B01;1;7;0;2;4;23;1;
202000045680;154 662 001;A01;3;7;0;2;2;6;1;
202000045680;154 662 003;B01;1;7;0;2;1;1;1;
202000045681;154 662 000;A01;1;32;0;1;1;1;1;
202000045682;154 661 999;A01;3;7;0;1;1;15;2;
202000045683;154 661 998;A01;1;30;0;1;1;1;3;
202000045684;154 661 996;B01;2;32;0;2;9;17;1;
202000045684;154 661 997;A01;2;7;0;2;3;15;2;
202000045685;154 661 995;A01;1;32;12;2;8;13;1;
202000045686;154 661 994;A01;1;10;0;1;1;15;1;
202000045687;154 661 993;A01;1;2;0;2;0;1;0;
202000045688;154 661 991;B01;2;7;0;2;2;1;0;
202000045688;154 661 992;A01;1;7;0;2;2;15;0;
202000045689;154 661 989;A01;2;32;0;2;1;1;1;
202000045689;154 661 990;B01;1;7;0;2;2;15;1;
202000045690;154 661 987;B01;2;1;0;9;8;9;5;
202000045690;154 661 988;A01;2;50;0;9;2;25;3;
202000045691;154 661 986;A01;1;30;0;1;1;0;3;
202000045692;154 661 985;A01;1;7;9;0;1;16;1;
202000045693;154 661 983;A01;3;3;0;2;3;9;1;
202000045693;154 661 984;B01;3;1;14;2;1;14;5;
202000045694;154 661 980;A01;3;7;0;2;1;2;1;
202000045694;154 661 981;B01;0;7;1;0;4;1;0;
202000045694;154 661 982;C01;0;7;0;0;4;2;1;
202000045695;154 661 978;B01;2;7;0;2;3;1;1;
202000045695;154 661 979;A01;1;30;7;2;1;1;1;
202000045696;154 661 977;A01;1;99;0;1;0;26;6;
202000045697;154 661 976;A01;0;7;14;1;1;1;0;
202000045698;154 661 975;A01;1;7;0;1;2;9;6;
202000045699;154 661 974;A01;3;30;12;0;2;16;1;
202000045700;154 661 973;A01;2;33;0;1;1;1;1;
202000045701;154 661 971;A01;1;10;0;2;0;0;1;
202000045701;154 661 972;B01;1;10;0;2;1;1;1;
202000045702;154 661 970;A01;2;1;0;0;0;1;5;
202000045703;154 661 969;A01;1;7;0;1;2;1;1;
202000045704;154 661 967;B01;1;10;0;2;2;1;1;
202000045704;154 661 968;A01;1;32;0;0;4;2;1;
202000045705;154 661 966;A01;2;7;13;0;2;1;1;
202000045706;154 661 965;A01;2;7;0;1;2;1;1;
202000045707;154 661 964;A01;2;7;4;0;3;1;1;
202000045708;154 661 963;A01;1;7;13;0;1;1;1;
202000045709;154 661 961;B01;0;33;0;2;3;26;0;
202000045709;154 661 962;A01;0;7;0;2;2;12;0;
202000045710;154 661 960;A01;1;7;0;1;1;1;1;
202000045711;154 661 959;A01;3;1;0;5;1;1;5;
202000045712;154 661 957;B01;3;7;0;0;4;1;1;
202000045712;154 661 958;A01;3;7;0;2;1;9;1;
202000045713;154 661 955;A01;1;7;0;2;2;1;0;
202000045713;154 661 956;B01;1;1;0;2;4;19;0;
202000045714;154 661 954;A01;3;33;13;0;1;16;1;
202000045715;154 661 953;A01;2;7;13;0;3;1;1;
202000045716;154 661 952;A01;0;7;8;0;1;1;1;
202000045717;154 661 950;A01;1;33;9;2;1;17;1;
202000045717;154 661 951;B01;1;7;0;2;3;15;1;
202000045718;154 661 949;A01;3;34;0;0;7;10;1;
202000045719;154 661 947;A01;2;7;0;2;2;1;1;
202000045719;154 661 948;B01;2;2;0;2;4;1;1;
202000045720;154 661 946;A01;0;7;0;1;3;1;0;
202000045721;154 661 945;A01;1;30;0;1;2;1;1;
202000045722;154 661 944;A01;2;7;0;1;1;1;1;
202000045723;154 661 943;A01;1;0;0;1;1;0;0;
202000045724;154 661 942;A01;1;7;0;1;2;1;1;
202000045725;154 661 941;A01;1;7;2;0;1;1;1;
202000045726;154 661 939;B01;3;7;0;2;3;1;1;
202000045726;154 661 940;A01;3;7;0;2;3;13;1;
202000045727;154 661 934;A01;2;20;0;2;1;1;1;
202000045727;154 661 935;B01;1;7;0;2;2;1;1;
202000045728;154 661 932;A01;1;30;0;2;1;16;1;
202000045728;154 661 933;B01;2;10;0;2;3;17;1;
202000045729;154 661 931;A01;2;7;0;0;8;1;1;
202000045730;154 661 929;B01;3;7;0;2;3;1;1;
202000045730;154 661 930;A01;3;2;0;2;1;1;1;
202000045731;154 661 928;A01;3;7;0;1;2;26;1;
202000045732;154 661 926;A01;2;7;0;2;2;15;1;
202000045732;154 661 927;B01;1;7;0;2;1;1;1;
202000045733;154 661 924;B01;1;7;0;2;1;13;1;
202000045733;154 661 925;A01;2;7;0;2;1;1;1;
202000045734;154 661 922;A01;2;3;0;0;5;1;1;
202000045734;154 661 923;B01;2;7;0;2;3;1;1;
202000045735;154 661 921;A01;1;7;2;0;1;14;1;
202000045736;154 661 919;A01;2;7;0;2;2;19;0;
202000045736;154 661 920;B01;2;7;0;2;3;1;0;
202000045737;154 661 918;A01;2;7;2;0;9;0;1;
202000045738;154 661 915;A01;2;7;0;2;3;13;1;
202000045738;154 661 916;B01;1;7;0;2;3;1;1;
202000045738;154 661 917;C01;1;3;0;2;2;21;1;
202000045739;154 661 912;A01;1;14;13;0;3;1;1;
202000045740;154 661 911;A01;1;32;3;0;2;14;1;
202000045741;154 661 910;A01;1;17;14;0;1;3;1;
202000045742;154 661 909;A01;1;7;0;1;2;1;1;
202000045743;154 661 908;A01;2;7;13;0;2;14;1;
202000045744;154 661 907;A01;1;7;13;0;6;1;1;
202000045745;154 661 905;A01;2;7;0;2;3;13;1;
202000045745;154 661 906;B01;2;33;0;2;2;17;1;
202000045746;154 661 904;A01;1;7;0;1;1;1;6;
202000045747;154 661 903;A01;1;7;0;1;2;16;1;
202000045748;154 661 901;B01;1;2;0;2;1;1;1;
202000045748;154 661 902;A01;1;15;0;2;5;17;1;
202000045749;154 661 899;A01;1;7;0;2;1;0;1;
202000045749;154 661 900;B01;2;7;0;2;1;0;1;
202000045750;154 661 897;A01;0;10;0;2;1;1;1;
202000045750;154 661 898;B01;0;10;0;2;1;1;1;
202000045751;154 661 895;B01;3;1;0;0;4;2;5;
202000045751;154 661 896;A01;3;1;0;2;1;2;5;
202000045752;154 661 893;B01;3;7;0;2;2;15;1;
202000045752;154 661 894;A01;1;37;0;2;3;1;1;1
202000045753;154 661 892;A01;2;7;0;0;0;1;1;
202000045754;154 661 889;C01;1;7;1;0;3;1;1;
202000045754;154 661 890;B01;1;7;0;0;5;26;1;
202000045754;154 661 891;A01;1;7;3;0;2;13;1;
202000045755;154 661 888;A01;2;10;0;1;2;1;1;
202000045756;154 661 887;A01;2;7;0;0;1;1;1;
202000045757;154 661 882;E01;2;7;0;2;1;1;1;
202000045757;154 661 883;D01;2;14;0;2;8;1;1;
202000045757;154 661 884;C01;2;10;0;2;1;2;1;
202000045757;154 661 885;B01;2;7;0;2;4;2;1;
202000045757;154 661 886;A01;2;7;0;0;4;2;1;
202000045758;154 661 880;B01;1;7;0;2;8;0;1;
202000045758;154 661 881;A01;1;7;0;2;4;26;1;
202000045759;154 661 877;A01;2;10;0;2;1;2;1;
202000045759;154 661 878;B01;2;7;0;2;4;1;1;
202000045759;154 661 879;C01;2;10;0;2;4;1;2;
202000045760;154 661 876;A01;2;33;16;0;3;26;1;
202000045761;154 661 873;B01;2;7;0;2;1;2;1;
202000045761;154 661 874;A01;2;7;0;2;1;2;1;
202000045761;154 661 875;C01;2;7;0;2;4;2;1;
202000045762;154 661 869;A01;1;7;0;2;2;17;1;
202000045762;154 661 870;B01;1;7;0;2;1;1;1;
202000045762;154 661 871;C01;1;10;0;2;4;1;1;
202000045762;154 661 872;D01;1;13;0;2;1;1;1;
202000045763;154 661 867;B01;2;33;0;2;7;3;1;
202000045763;154 661 868;A01;2;7;0;2;7;11;1;
202000045764;154 661 865;A01;2;7;0;2;3;2;1;
202000045764;154 661 866;B01;2;7;0;2;5;0;1;
202000045765;154 661 863;B01;2;7;0;2;4;2;1;
202000045765;154 661 864;A01;2;7;0;2;1;2;1;
202000045766;154 661 861;A01;2;33;0;2;1;26;0;
202000045766;154 661 862;B01;2;10;0;2;4;1;1;
202000045767;154 661 858;A01;1;7;0;2;1;2;1;
202000045767;154 661 859;B01;1;7;0;2;6;0;1;
202000045767;154 661 860;C01;1;10;0;2;8;1;1;
202000045768;154 661 856;B01;1;31;0;2;4;1;1;
202000045768;154 661 857;Z01;1;7;0;2;0;0;0;
202000045769;154 661 855;A01;1;7;0;1;2;1;2;
202000045770;154 661 854;A01;1;10;4;0;3;13;1;
202000045771;154 661 853;A01;2;31;0;0;0;3;1;
202000045772;154 661 851;A01;2;7;0;2;2;12;1;
202000045772;154 661 852;B01;2;31;0;2;8;3;1;
202000045773;154 661 850;A01;2;7;0;1;3;21;1;
202000045774;154 661 848;B01;1;1;0;2;1;1;0;
202000045774;154 661 849;A01;1;7;0;2;3;26;1;
202000045775;154 661 847;A01;3;31;0;0;1;1;1;
202000045776;154 661 845;B01;3;33;0;2;4;2;1;
202000045776;154 661 846;A01;3;7;0;2;1;2;1;
202000045777;154 661 843;B01;1;2;0;2;1;1;1;
202000045777;154 661 844;Z01;1;7;0;2;0;15;1;
202000045778;154 661 842;A01;1;2;0;0;0;1;1;
202000045779;154 661 840;B01;1;7;0;2;5;2;1;
202000045779;154 661 841;A01;1;10;0;2;1;11;1;
202000045780;154 661 838;B01;0;32;0;2;1;1;1;
202000045780;154 661 839;A01;1;7;0;2;6;1;1;
202000045781;154 661 837;A01;1;7;0;1;3;1;1;
202000045782;154 661 836;A01;2;30;0;1;1;1;1;
202000045783;154 661 835;A01;1;7;0;1;7;1;1;
202000045784;154 661 833;A01;1;33;0;2;1;2;1;
202000045784;154 661 834;B01;1;7;0;2;7;2;1;
202000045785;154 661 831;B01;1;33;0;2;8;15;1;
202000045785;154 661 832;A01;2;7;0;2;2;16;1;
202000045786;154 661 830;A01;1;15;0;0;8;9;1;
202000045787;154 661 828;B01;1;7;0;2;1;1;1;
202000045787;154 661 829;A01;2;7;0;2;3;13;1;
202000045788;154 661 826;A01;2;7;0;2;1;15;1;
202000045788;154 661 827;B01;1;99;0;2;3;1;3;
202000045789;154 661 825;A01;2;99;0;1;1;26;6;
202000045790;154 661 824;A01;3;15;0;1;8;1;1;
202000045791;154 661 822;B01;2;10;0;0;8;1;1;
202000045791;154 661 823;A01;2;30;0;2;7;9;1;
202000045792;154 661 820;B01;0;7;0;1;4;2;1;
202000045792;154 661 821;A01;0;7;0;2;2;2;1;
202000045793;154 661 816;B01;1;3;0;2;4;1;1;
202000045793;154 661 817;A01;1;7;0;2;2;1;1;
202000045794;154 661 814;A01;3;30;0;2;1;2;0;
202000045794;154 661 815;B01;3;7;0;2;4;2;0;
202000045795;154 661 812;B01;1;33;0;2;0;0;0;
202000045795;154 661 813;A01;1;7;0;2;2;9;0;
202000045796;154 661 810;B01;2;2;0;2;1;2;1;
202000045796;154 661 811;A01;2;7;0;2;2;26;1;
202000045797;154 661 807;A01;3;7;0;2;1;1;1;
202000045797;154 661 808;C01;3;7;0;2;4;1;1;
202000045797;154 661 809;B01;3;7;0;2;1;1;1;
202000045798;154 661 805;A01;2;7;0;2;1;15;1;
202000045798;154 661 806;B01;1;7;8;2;1;2;1;
202000045799;154 661 804;A01;1;7;0;1;1;1;1;