num_acc;id_vehicule;num_veh;senc;catv;obs;obsm;choc;manv;motor;occutc
202000046068;154 661 309;B01;1;10;0;2;1;1;1;
202000046069;154 661 304;B01;1;7;0;2;4;26;1;
202000046069;154 661 305;C01;1;7;0;2;4;26;1;
202000046069;154 661 306;A01;1;10;0;2;1;26;1;
202000046070;154 661 303;A01;1;7;0;1;1;1;1;
202000046071;154 661 301;B01;2;20;0;2;0;0;1;
202000046071;154 661 302;A01;1;20;0;2;1;13;1;
202000046072;154 661 299;B01;2;7;0;0;7;14;1;
202000046072;154 661 300;A01;2;2;0;0;1;18;1;
202000046073;154 661 297;A01;1;7;14;2;1;15;0;
202000046073;154 661 298;B01;1;7;0;2;3;1;0;
202000046074;154 661 296;A01;1;10;8;0;1;25;0;
202000046075;154 661 294;A01;0;7;0;1;3;9;1;
202000046075;154 661 295;B01;3;1;0;2;1;2;5;
202000046076;154 661 292;A01;3;7;0;2;1;2;1;
202000046076;154 661 293;B01;3;7;0;2;4;23;1;
202000046077;154 661 291;A01;3;31;0;0;0;26;1;
202000046078;154 661 290;A01;2;7;0;1;3;1;1;
202000046079;154 661 289;A01;0;7;0;1;4;26;1;
202000046080;154 661 287;Z01;1;7;0;2;1;15;0;
202000046080;154 661 288;B01;1;32;0;2;1;1;1;
202000046081;154 661 286;A01;3;7;0;1;3;1;1;
202000046082;154 661 284;B01;1;7;0;2;6;15;1;
202000046082;154 661 285;A01;1;7;0;2;1;17;1;
202000046083;154 661 282;A01;1;2;0;2;7;2;1;
202000046083;154 661 283;B01;1;7;0;2;4;23;1;
202000046084;154 661 279;B01;3;7;0;2;1;5;1;
202000046084;154 661 280;A01;0;7;0;2;2;26;1;
202000046084;154 661 281;C01;3;7;0;2;1;2;1;
202000046085;154 661 277;B01;1;7;0;2;5;15;1;
202000046085;154 661 278;A01;1;33;0;2;5;2;1;
202000046086;154 661 275;A01;3;7;0;2;3;1;1;
202000046086;154 661 276;B01;3;7;0;2;8;15;1;
202000046087;154 661 270;C01;1;10;0;0;0;1;1;
202000046087;154 661 271;A01;1;7;0;2;8;17;1;
202000046087;154 661 272;B01;0;7;0;2;6;1;1;
202000046088;154 661 268;A01;1;2;0;2;1;9;1;
202000046088;154 661 269;B01;1;7;0;2;6;9;1;
202000046089;154 661 265;B01;0;7;0;2;0;1;1;
202000046089;154 661 266;Z01;0;7;0;2;0;0;0;
202000046089;154 661 267;A01;0;30;0;2;4;1;1;
202000046090;154 661 263;A01;2;31;1;2;8;17;1;
202000046090;154 661 264;B01;2;7;0;2;8;15;1;
202000046091;154 661 261;B01;1;7;0;2;0;1;1;
202000046091;154 661 262;A01;2;7;0;2;1;5;1;
202000046092;154 661 260;A01;1;32;0;1;1;1;1;
202000046093;154 661 259;A01;2;10;1;0;1;26;1;
202000046094;154 661 258;A01;1;7;0;0;9;1;1;
202000046095;154 661 256;B01;2;1;0;2;2;2;5;
202000046095;154 661 257;A01;2;10;0;9;3;9;1;
202000046096;154 661 254;B01;1;7;0;2;6;1;1;
202000046096;154 661 255;A01;1;7;4;2;3;11;1;
202000046097;154 661 252;A01;2;7;14;2;1;12;1;
202000046097;154 661 253;B01;2;7;0;2;1;23;1;
202000046098;154 661 250;A01;2;7;0;2;7;15;1;
202000046098;154 661 251;B01;2;50;0;2;2;2;3;
202000046099;154 661 249;Z01;1;7;0;1;1;1;1;
202000046100;154 661 247;B01;1;2;0;2;4;23;1;
202000046100;154 661 248;A01;1;7;0;2;1;1;1;
202000046101;154 661 245;B01;2;7;0;2;4;15;1;
202000046101;154 661 246;A01;2;50;0;2;1;1;3;
202000046102;154 661 243;B01;2;7;0;2;3;15;1;
202000046102;154 661 244;A01;1;31;0;2;1;1;1;
202000046103;154 661 241;A01;1;7;0;2;8;22;1;
202000046103;154 661 242;B01;1;1;0;2;7;1;5;
202000046104;154 661 239;B01;3;30;0;2;1;1;1;
202000046104;154 661 240;A01;3;7;0;2;3;1;1;
202000046105;154 661 238;A01;1;1;0;1;1;1;5;
202000046106;154 661 236;B01;1;31;0;2;7;1;1;
202000046106;154 661 237;A01;1;1;0;2;8;13;5;
202000046107;154 661 234;B01;1;7;0;2;2;9;0;
202000046107;154 661 235;A01;1;7;0;2;1;9;0;
202000046108;154 661 233;A01;1;7;0;1;1;1;1;
202000046109;154 661 231;B01;1;34;0;2;1;1;1;
202000046109;154 661 232;A01;1;7;0;2;2;19;1;
202000046110;154 661 229;B01;3;7;0;2;1;1;1;
202000046110;154 661 230;A01;3;7;0;2;6;1;1;
202000046111;154 661 227;A01;1;16;0;2;8;1;1;
202000046111;154 661 228;B01;1;32;0;2;3;1;1;
202000046112;154 661 226;A01;1;7;0;1;2;1;0;
202000046113;154 661 224;A01;1;10;0;2;2;14;1;
202000046113;154 661 225;B01;1;15;0;2;6;1;1;
202000046114;154 661 218;A01;2;10;0;2;2;2;1;
202000046114;154 661 219;B01;2;15;0;0;6;23;1;
202000046115;154 661 215;A01;1;7;5;0;3;1;1;
202000046115;154 661 216;B01;1;7;0;2;1;2;1;
202000046115;154 661 217;C01;1;7;0;2;1;2;1;
202000046116;154 661 213;B01;1;7;0;2;3;1;1;
202000046116;154 661 214;A01;2;7;0;2;3;13;1;
202000046117;154 661 211;A01;2;7;0;2;7;15;0;
202000046117;154 661 212;B01;1;2;0;2;1;0;1;
202000046118;154 661 210;A01;2;7;13;0;2;1;1;
202000046119;154 661 208;A01;1;7;0;2;1;1;0;
202000046119;154 661 209;B01;1;15;0;0;4;1;0;
202000046120;154 661 206;A01;0;7;0;0;7;1;0;
202000046120;154 661 207;B01;3;7;0;2;1;0;0;
202000046121;154 661 204;A01;2;7;0;2;1;1;1;
202000046121;154 661 205;B01;1;7;0;2;1;1;1;
202000046122;154 661 203;A01;0;3;1;0;3;13;1;
202000046123;154 661 201;A01;3;7;7;0;7;1;1;
202000046123;154 661 202;B01;1;7;7;0;1;1;1;
202000046124;154 661 199;A01;1;7;0;2;3;15;1;
202000046124;154 661 200;B01;1;7;0;2;2;1;1;
202000046125;154 661 197;B01;2;7;0;0;4;15;1;
202000046125;154 661 198;A01;2;7;0;2;1;2;1;
202000046126;154 661 196;A01;2;7;15;0;1;1;1;
202000046127;154 661 195;A01;3;7;0;1;0;1;0;
202000046128;154 661 193;A01;1;7;0;2;2;21;1;
202000046128;154 661 194;B01;2;7;13;2;3;0;1;
202000046129;154 661 192;A01;1;7;6;0;1;1;1;
202000046130;154 661 191;A01;1;7;2;0;8;0;1;
202000046131;154 661 190;A01;1;7;2;0;3;1;1;
202000046132;154 661 188;B01;1;7;0;2;3;1;0;
202000046132;154 661 189;A01;2;7;0;2;3;17;0;
202000046133;154 661 186;B01;1;7;0;2;2;1;1;
202000046133;154 661 187;A01;1;7;0;2;3;16;1;
202000046134;154 661 183;B01;1;7;0;2;3;1;1;
202000046134;154 661 184;A01;1;7;0;2;3;13;1;
202000046135;154 661 181;A01;3;7;0;2;1;17;1;
202000046135;154 661 182;B01;3;7;0;2;1;1;1;
202000046136;154 661 179;A01;1;7;0;2;3;1;0;
202000046136;154 661 180;B01;1;3;0;0;5;15;0;
202000046137;154 661 177;A01;1;7;2;0;1;14;1;
202000046138;154 661 176;A01;1;7;2;0;1;1;0;
202000046139;154 661 173;A01;2;7;0;2;8;13;1;
202000046139;154 661 174;B01;1;7;0;2;1;1;1;
202000046139;154 661 175;C01;1;7;0;2;2;1;1;
202000046140;154 661 171;A01;2;7;0;2;1;13;1;
202000046140;154 661 172;B01;1;7;0;2;1;1;1;
202000046141;154 661 170;A01;2;7;0;1;3;19;1;
202000046142;154 661 168;B01;2;10;0;2;1;1;1;
202000046142;154 661 169;A01;2;10;0;0;4;1;1;
202000046143;154 661 167;A01;2;33;10;0;7;15;1;
202000046144;154 661 165;A01;2;33;0;2;3;1;1;
202000046144;154 661 166;B01;1;7;0;2;3;1;1;
202000046145;154 661 163;B01;1;15;0;0;4;1;1;
202000046145;154 661 164;A01;1;7;0;2;1;1;1;
202000046146;154 661 162;A01;1;7;3;0;1;12;1;
202000046147;154 661 159;C01;1;7;0;0;0;2;1;
202000046147;154 661 160;B01;2;10;0;1;0;2;1;
202000046147;154 661 161;A01;2;7;0;1;2;2;1;
202000046148;154 661 158;A01;2;7;0;1;3;1;6;
202000046149;154 661 154;D01;1;7;0;2;0;1;1;
202000046149;154 661 155;A01;1;7;0;2;8;15;2;
202000046149;154 661 156;B01;1;33;0;2;1;17;1;
202000046149;154 661 157;C01;1;33;0;2;1;17;1;
202000046150;154 661 152;B01;1;7;3;0;4;2;1;
202000046150;154 661 153;A01;1;7;0;2;1;2;1;
202000046151;154 661 150;B01;1;15;0;2;3;1;1;
202000046151;154 661 151;A01;2;7;0;2;3;13;1;
202000046152;154 661 149;A01;3;7;0;0;1;26;1;
202000046153;154 661 147;A01;1;7;0;2;1;13;1;
202000046153;154 661 148;B01;2;7;0;2;3;1;1;
202000046154;154 661 146;A01;1;33;12;0;0;1;6;
202000046155;154 661 145;A01;2;7;0;1;2;12;1;
202000046156;154 661 143;B01;1;7;0;2;1;1;1;
202000046156;154 661 144;A01;2;7;0;2;7;13;1;
202000046157;154 661 138;B01;1;7;0;2;1;1;1;
202000046157;154 661 139;C01;1;7;0;2;8;1;1;
202000046157;154 661 140;A01;2;10;0;2;1;13;1;
202000046158;154 661 136;A01;2;1;1;0;2;1;5;
202000046158;154 661 137;B01;2;7;0;9;8;22;1;
202000046159;154 661 134;B01;2;33;0;2;7;17;1;
202000046159;154 661 135;A01;2;7;0;2;8;15;1;
202000046160;154 661 133;A01;1;7;0;1;2;16;1;
202000046161;154 661 131;B01;0;7;0;0;4;23;1;
202000046161;154 661 132;A01;0;7;0;2;1;2;1;
202000046162;154 661 130;A01;0;3;6;0;1;1;1;
202000046163;154 661 128;B01;2;30;0;2;1;1;1;
202000046163;154 661 129;A01;1;7;0;2;3;13;1;
202000046164;154 661 126;B01;1;15;0;2;2;1;1;
202000046164;154 661 127;A01;2;7;13;2;2;11;1;
202000046165;154 661 124;B01;1;7;1;0;1;1;1;
202000046165;154 661 125;A01;2;7;6;0;8;21;1;
202000046166;154 661 123;A01;1;2;0;1;1;17;1;
202000046167;154 661 121;A01;2;33;0;2;8;1;1;
202000046167;154 661 122;B01;2;7;0;2;7;12;1;
202000046168;154 661 119;A01;1;7;0;2;2;1;1;
202000046168;154 661 120;B01;1;7;0;2;3;11;1;
202000046169;154 661 117;Z01;2;7;0;2;0;0;0;
202000046169;154 661 118;A01;2;7;0;2;0;1;1;
202000046170;154 661 116;A01;1;7;0;0;9;1;1;
202000046171;154 661 113;A01;1;7;0;2;4;2;1;
202000046171;154 661 114;B01;1;7;0;2;4;2;1;
202000046171;154 661 115;C01;1;7;0;2;1;2;1;
202000046172;154 661 111;A01;1;7;0;0;1;18;1;
202000046172;154 661 112;B01;1;7;0;0;2;0;1;
202000046173;154 661 109;A01;1;7;0;2;8;18;1;
202000046173;154 661 110;B01;1;14;0;2;6;0;1;
202000046174;154 661 107;A01;2;7;0;2;1;5;1;
202000046174;154 661 108;B01;2;7;0;2;7;1;1;
202000046175;154 661 104;A01;1;7;0;2;1;2;1;
202000046175;154 661 105;B01;1;7;0;2;4;2;1;
202000046175;154 661 106;C01;1;7;0;2;4;2;1;
202000046176;154 661 101;A01;1;7;6;2;2;21;1;
202000046176;154 661 102;B01;1;7;4;2;8;1;1;
202000046176;154 661 103;C01;1;7;0;2;3;1;1;
202000046177;154 661 099;B01;2;7;4;2;4;0;0;
202000046177;154 661 100;A01;2;7;0;2;1;1;1;
202000046178;154 661 096;B01;2;7;0;2;4;1;1;
202000046178;154 661 097;C01;2;7;0;2;4;1;1;
202000046178;154 661 098;A01;2;7;0;2;1;2;1;
202000046179;154 661 094;B01;1;7;0;2;7;1;1;
202000046179;154 661 095;A01;1;7;0;2;8;9;1;
202000046180;154 661 092;B01;2;33;0;2;1;3;1;
202000046180;154 661 093;A01;2;7;0;2;6;11;1;
202000046181;154 661 090;B01;2;7;0;2;6;2;1;
202000046181;154 661 091;A01;2;7;0;2;2;2;1;
202000046182;154 661 088;B01;2;7;0;2;4;11;1;
202000046182;154 661 089;A01;2;7;0;2;1;1;1;
202000046183;154 661 087;A01;3;7;13;0;1;1;1;
202000046184;154 661 084;A01;0;7;0;0;1;1;1;
202000046184;154 661 085;B01;0;7;0;2;4;1;1;
202000046184;154 661 086;C01;0;7;16;0;4;1;1;
202000046185;154 661 082;B01;0;7;0;2;1;1;1;
202000046185;154 661 083;A01;0;7;0;2;3;15;1;
202000046186;154 661 080;B01;1;3;0;2;1;1;1;
202000046186;154 661 081;A01;1;13;0;2;1;1;1;
202000046187;154 661 078;B01;1;2;0;2;3;1;1;
202000046187;154 661 079;A01;1;7;0;2;1;1;1;
202000046188;154 661 076;A01;2;33;4;2;1;1;1;
202000046188;154 661 077;B01;1;7;0;2;5;1;1;
202000046189;154 661 075;A01;1;31;12;0;1;7;1;
202000046190;154 661 073;B01;1;0;0;2;6;1;0;
202000046190;154 661 074;A01;1;10;0;2;2;17;1;
202000046191;154 661 071;B01;1;34;0;2;1;1;1;
202000046191;154 661 072;A01;1;7;0;2;2;15;0;
202000046192;154 661 069;A01;0;7;0;2;1;15;0;
202000046192;154 661 070;B01;0;7;0;2;1;1;0;
202000046193;154 661 067;B01;1;31;0;2;5;1;1;
202000046193;154 661 068;A01;1;7;0;2;2;9;1;
202000046194;154 661 065;B01;3;7;0;2;5;1;1;
202000046194;154 661 066;A01;3;7;0;2;5;1;1;
202000046195;154 661 063;B01;2;7;0;2;3;1;1;
202000046195;154 661 064;A01;1;10;0;2;3;13;1;
202000046196;154 661 061;A01;1;7;0;2;1;1;1;
202000046196;154 661 062;B01;1;32;0;2;4;1;0;
202000046197;154 661 059;B01;1;7;0;2;2;23;1;
202000046197;154 661 060;A01;1;7;0;2;1;2;1;
202000046198;154 661 057;A01;1;7;0;2;1;1;1;
202000046198;154 661 058;B01;2;7;0;2;8;19;1;
202000046199;154 661 055;A01;3;30;0;2;8;9;3;
202000046199;154 661 056;B01;3;7;0;2;1;9;1;
202000046200;154 661 052;A01;1;99;0;9;2;26;1;
202000046200;154 661 053;B01;2;1;0;2;1;5;5;
202000046200;154 661 054;C01;2;1;0;2;1;5;5;
202000046201;154 661 050;Z01;1;7;0;2;1;2;1;
202000046201;154 661 051;B01;1;1;0;2;4;1;5;
202000046202;154 661 048;B01;1;1;0;2;1;19;5;
202000046202;154 661 049;A01;1;7;0;2;0;1;1;
202000046203;154 661 047;A01;2;7;0;1;2;0;1;
202000046204;154 661 045;A01;1;7;0;0;0;1;1;
202000046204;154 661 046;BB01;1;33;0;0;0;2;1;
202000046205;154 661 043;A01;1;7;0;2;1;19;1;
202000046205;154 661 044;B01;1;7;0;2;8;1;1;
202000046206;154 661 041;B01;1;7;0;2;1;9;1;
202000046206;154 661 042;A01;3;33;0;2;7;16;1;
202000046207;154 661 040;A01;2;7;6;0;2;1;1;
202000046208;154 661 038;A01;1;7;0;2;6;0;1;
202000046208;154 661 039;B01;1;33;0;2;9;0;1;
202000046209;154 661 034;D01;1;1;0;9;2;0;5;
202000046209;154 661 035;C01;1;7;0;2;3;24;1;
202000046209;154 661 036;A01;1;7;0;2;1;0;1;
202000046209;154 661 037;B01;1;7;0;2;7;0;1;
202000046210;154 661 033;A01;3;7;0;1;4;4;1;
202000046211;154 661 032;A01;0;10;0;1;4;20;1;
202000046212;154 661 031;A01;1;7;0;1;2;1;1;
202000046213;154 661 030;A01;2;7;0;1;2;1;1;
202000046214;154 661 029;A01;2;80;0;1;8;25;3;
202000046215;154 661 027;B01;1;10;0;2;2;15;1;
202000046215;154 661 028;A01;2;1;0;2;8;1;5;
202000046216;154 661 025;B01;1;7;0;2;4;2;1;
202000046216;154 661 026;A01;1;2;0;2;1;2;1;
202000046217;154 661 024;A01;2;7;6;0;3;13;1;
202000046218;154 661 022;B01;2;1;0;2;1;1;6;
202000046218;154 661 023;A01;1;13;0;2;3;16;1;
202000046219;154 661 021;A01;2;7;0;1;2;26;1;
202000046220;154 661 019;B01;2;7;0;2;4;1;1;
202000046220;154 661 020;A01;2;7;0;2;1;1;1;
202000046221;154 661 017;B01;2;50;0;2;1;1;3;
202000046221;154 661 018;A01;2;7;0;2;2;16;1;
202000046222;154 661 016;A01;2;7;0;1;2;1;1;
202000046223;154 661 014;B01;2;2;0;2;1;1;1;
202000046223;154 661 015;A01;2;7;0;2;7;14;1;
202000046224;154 661 012;B01;1;33;0;2;1;1;1;
202000046224;154 661 013;A01;2;7;0;2;7;15;1;
202000046225;154 661 011;A01;0;20;0;1;3;15;3;
202000046226;154 661 009;A01;2;7;0;2;1;13;1;
202000046226;154 661 010;B01;1;7;0;2;1;1;1;
202000046227;154 661 007;A01;2;7;0;2;2;13;1;
202000046227;154 661 008;B01;1;7;0;2;2;1;1;
202000046228;154 661 005;B01;2;7;0;2;3;1;1;
202000046228;154 661 006;A01;1;7;0;2;2;15;1;
202000046229;154 661 003;B01;2;2;0;2;4;18;1;
202000046229;154 661 004;A01;1;7;0;2;3;9;1;
202000046230;154 661 002;A01;0;7;8;0;1;26;1;
202000046231;154 661 000;B01;1;7;0;2;4;2;1;
202000046231;154 661 001;A01;1;7;0;2;1;2;1;
202000046232;154 660 998;B01;2;32;0;2;3;26;1;
202000046232;154 660 999;A01;2;7;0;2;2;9;1;
202000046233;154 660 996;A01;1;33;0;2;1;1;1;
202000046233;154 660 997;B01;1;7;0;2;4;23;0;
202000046234;154 660 995;A01;1;33;0;1;1;1;1;
202000046235;154 660 993;A01;1;15;0;2;3;9;1;
202000046235;154 660 994;B01;1;7;0;2;7;15;1;
202000046236;154 660 991;B01;1;7;0;2;1;1;1;
202000046236;154 660 992;A01;1;7;0;2;1;13;1;
202000046237;154 660 989;A01;2;7;0;2;3;13;1;
202000046237;154 660 990;B01;1;7;0;2;3;1;1;
202000046238;154 660 986;B01;3;7;0;2;4;1;1;
202000046238;154 660 987;C01;3;7;0;2;4;1;1;
202000046238;154 660 988;A01;3;7;0;2;1;21;1;
202000046239;154 660 985;A01;1;32;0;1;1;3;1;
202000046240;154 660 983;A01;2;14;0;2;1;2;0;
202000046240;154 660 984;B01;2;7;0;2;4;23;0;
202000046241;154 660 982;A01;2;7;4;0;7;13;1;
202000046242;154 660 980;A01;1;30;0;2;1;13;1;
202000046242;154 660 981;B01;2;1;0;2;1;1;5;
202000046243;154 660 978;B01;3;1;0;2;8;19;5;
202000046243;154 660 979;A01;1;33;7;2;1;1;1;
202000046244;154 660 976;B01;1;43;0;2;2;1;1;
202000046244;154 660 977;A01;1;10;0;2;3;11;1;
202000046245;154 660 974;B01;1;32;0;2;2;1;1;
202000046245;154 660 975;A01;1;30;0;2;3;11;1;
202000046246;154 660 973;Z01;3;7;0;1;1;1;0;
202000046247;154 660 971;B01;2;1;0;2;7;1;5;
202000046247;154 660 972;A01;1;10;0;2;1;1;1;
202000046248;154 660 969;B01;2;7;0;2;3;1;2;
202000046248;154 660 970;A01;1;1;0;2;1;5;5;
202000046249;154 660 967;B01;1;7;0;2;3;1;1;
202000046249;154 660 968;A01;2;7;0;2;2;1;1;
202000046250;154 660 965;A01;2;1;0;2;2;7;5;
202000046250;154 660 966;B01;3;43;0;2;1;9;1;
202000046251;154 660 963;A01;2;10;0;2;1;2;1;
202000046251;154 660 964;B01;2;33;0;2;4;23;1;
202000046252;154 660 961;B01;1;1;0;2;8;9;5;
202000046252;154 660 962;A01;1;7;0;2;2;1;1;
202000046253;154 660 960;A01;1;50;12;0;7;14;3;
202000046254;154 660 958;B01;2;1;0;2;3;17;5;
202000046254;154 660 959;A01;1;1;0;2;3;1;5;
202000046255;154 660 957;A01;2;1;0;1;1;1;5;
202000046256;154 660 956;A01;3;20;0;1;1;19;1;
202000046257;154 660 954;A01;1;7;0;2;8;22;1;
202000046257;154 660 955;B01;1;1;1;0;7;1;5;
202000046258;154 660 952;A01;3;30;0;2;8;25;1;
202000046258;154 660 953;B01;2;7;0;2;2;1;1;
202000046259;154 660 951;A01;2;7;3;0;7;0;1;
202000046260;154 660 949;B01;3;7;0;2;2;19;1;
202000046260;154 660 950;A01;3;7;0;2;2;1;1;
202000046261;154 660 948;A01;2;7;0;1;1;1;1;
202000046262;154 660 946;A01;3;7;0;2;6;2;1;
202000046262;154 660 947;B01;3;14;0;2;2;14;1;
202000046263;154 660 945;A01;1;33;0;1;1;1;1;
202000046264;154 660 944;A01;1;7;2;1;2;26;1;
202000046265;154 660 943;A01;2;30;0;1;1;26;6;
202000046266;154 660 941;A01;1;7;0;2;5;15;1;
202000046266;154 660 942;B01;1;7;0;2;3;15;1;
202000046267;154 660 939;A01;1;34;12;2;4;1;0;
202000046267;154 660 940;B01;1;10;0;2;1;1;0;
202000046268;154 660 937;A01;1;7;0;2;1;1;0;
202000046268;154 660 938;B01;2;30;0;2;1;5;0;
202000046269;154 660 935;AB01;1;33;0;2;5;16;0;
202000046269;154 660 936;A01;1;7;0;2;3;1;0;
202000046270;154 660 933;B01;1;7;0;0;5;16;0;
202000046270;154 660 934;A01;1;33;0;2;1;18;0;
202000046271;154 660 932;A01;2;33;0;1;3;1;1;
202000046272;154 660 930;A01;1;7;0;2;2;2;1;
202000046272;154 660 931;B01;1;33;0;0;4;2;1;
202000046273;154 660 928;A01;1;33;0;2;1;1;1;
202000046273;154 660 929;B01;2;7;0;2;1;15;1;
202000046274;154 660 927;A01;2;2;0;0;7;1;1;
202000046275;154 660 926;A01;1;7;4;0;1;1;0;
202000046276;154 660 925;A01;2;7;2;0;3;13;1;
202000046277;154 660 924;A01;3;33;0;0;8;1;1;
202000046278;154 660 922;B01;1;2;0;2;3;15;1;
202000046278;154 660 923;A01;1;7;0;2;5;17;1;
202000046279;154 660 919;A01;2;7;0;2;1;11;1;
202000046279;154 660 920;B01;1;7;14;2;1;1;1;
202000046279;154 660 921;C01;2;7;0;0;6;15;2;
202000046280;154 660 917;B01;1;17;0;0;4;2;0;
202000046280;154 660 918;A01;1;7;0;2;1;2;6;
202000046281;154 660 915;A01;1;7;0;2;1;13;1;
202000046281;154 660 916;B01;2;7;0;2;1;1;1;
202000046282;154 660 913;A01;2;7;0;2;3;1;1;
202000046282;154 660 914;B01;2;7;0;2;2;1;1;
202000046283;154 660 912;A01;2;7;10;0;3;0;1;
202000046284;154 660 910;A01;2;15;0;0;7;15;1;
202000046284;154 660 911;B01;2;33;0;2;1;1;1;
202000046285;154 660 908;A01;1;10;0;2;3;1;1;
202000046285;154 660 909;B01;2;7;0;0;3;1;1;
202000046286;154 660 905;A01;1;31;0;2;1;1;0;
202000046286;154 660 906;B01;2;7;0;9;3;15;0;
202000046286;154 660 907;C01;2;7;0;9;1;23;0;
202000046287;154 660 903;A01;1;1;0;0;0;2;5;
202000046287;154 660 904;B01;1;7;0;9;0;0;0;
202000046288;154 660 902;A01;3;7;0;1;0;1;1;
202000046289;154 660 901;A01;3;31;0;6;0;0;1;
202000046290;154 660 899;B01;1;7;0;2;1;13;1;
202000046290;154 660 900;A01;2;7;0;2;1;1;1;
202000046291;154 660 898;A01;1;7;0;1;5;4;1;
202000046292;154 660 896;B01;1;7;0;2;1;1;0;
202000046292;154 660 897;A01;2;7;0;2;1;0;0;
202000046293;154 660 894;A01;2;21;0;2;4;19;1;
202000046293;154 660 895;B01;2;33;0;2;1;1;1;
202000046294;154 660 892;A01;1;10;0;2;2;15;1;
202000046294;154 660 893;B01;2;7;0;2;1;1;1;
202000046295;154 660 890;A01;2;10;0;2;2;9;1;
202000046295;154 660 891;B01;2;1;0;2;8;1;5;
202000046296;154 660 888;B01;3;7;0;9;4;15;1;
202000046296;154 660 889;A01;3;1;0;2;1;1;5;
202000046297;154 660 885;C01;1;7;0;0;1;1;1;
202000046297;154 660 886;A01;2;10;0;2;1;2;1;
202000046297;154 660 887;B01;2;15;0;0;4;2;1;
202000046298;154 660 883;A01;3;7;0;2;2;15;1;
202000046298;154 660 884;B01;1;7;0;2;3;1;1;
202000046299;154 660 881;B01;1;10;0;2;2;17;1;
202000046299;154 660 882;A01;1;1;0;0;3;15;5;
202000046300;154 660 879;B01;1;7;0;2;3;13;1;
202000046300;154 660 880;A01;2;7;0;2;3;1;1;
202000046301;154 660 877;A01;3;7;0;2;3;13;1;
202000046301;154 660 878;B01;3;38;0;2;1;1;1;1
202000046302;154 660 875;B01;1;10;0;0;6;2;1;
202000046302;154 660 876;A01;1;1;0;2;1;2;5;
202000046303;154 660 874;A01;2;7;13;0;0;14;0;
202000046304;154 660 872;A01;2;7;0;2;1;1;1;
202000046304;154 660 873;B01;2;7;13;2;4;16;1;
202000046305;154 660 871;A01;1;33;6;0;1;14;1;
202000046306;154 660 870;A01;2;7;2;0;3;1;1;
202000046307;154 660 869;A01;3;3;0;0;7;0;1;
202000046308;154 660 867;A01;3;7;0;0;7;15;1;
202000046308;154 660 868;B01;3;10;0;2;3;1;1;
202000046309;154 660 866;A01;3;2;15;0;1;1;1;
202000046310;154 660 864;B01;3;2;0;2;1;1;1;
202000046310;154 660 865;A01;3;7;0;2;2;15;1;
202000046311;154 660 862;B01;1;7;0;2;8;15;1;
202000046311;154 660 863;A01;1;2;0;2;1;17;1;
202000046312;154 660 861;A01;1;21;8;0;1;14;1;
202000046313;154 660 859;B01;1;10;0;2;3;15;1;
202000046313;154 660 860;A01;2;1;0;2;1;1;5;
202000046314;154 660 858;A01;2;2;0;0;0;1;1;
202000046315;154 660 856;A01;2;7;0;2;0;1;1;
202000046315;154 660 857;B01;2;7;0;2;9;17;1;
202000046316;154 660 854;B01;2;7;0;2;3;1;1;
202000046316;154 660 855;A01;1;7;0;2;3;1;1;
202000046317;154 660 853;A01;3;39;0;1;3;19;1;
202000046318;154 660 851;B01;2;7;0;9;2;2;1;
202000046318;154 660 852;A01;2;33;0;0;4;2;1;
202000046319;154 660 850;A01;3;15;0;1;2;1;1;
202000046320;154 660 849;A01;1;7;13;0;9;13;1;
202000046321;154 660 847;A01;2;7;0;2;1;17;1;
202000046321;154 660 848;B01;1;7;0;2;6;1;1;
202000046322;154 660 845;B01;2;1;0;2;1;1;5;
202000046322;154 660 846;A01;1;7;0;9;2;15;1;
202000046323;154 660 844;A01;0;33;13;0;2;1;1;
202000046324;154 660 843;A01;1;7;8;0;8;1;1;
202000046325;154 660 841;B01;1;7;0;2;5;0;1;
202000046325;154 660 842;A01;1;7;0;2;1;0;1;
202000046326;154 660 839;A01;2;33;0;2;1;1;1;
202000046326;154 660 840;B01;1;7;0;2;7;15;1;
202000046327;154 660 837;B01;1;7;0;2;2;10;1;
202000046327;154 660 838;A01;1;7;0;2;1;1;1;
202000046328;154 660 834;A01;3;7;0;1;1;1;1;
202000046329;154 660 831;C01;2;7;0;0;4;23;1;
202000046329;154 660 832;A01;2;14;0;2;1;23;1;
202000046329;154 660 833;B01;2;7;0;2;4;23;1;
202000046330;154 660 830;A01;1;33;0;0;6;1;1;
202000046331;154 660 829;A01;2;17;6;0;1;1;1;
202000046332;154 660 827;B01;1;15;0;2;8;1;0;
202000046332;154 660 828;A01;1;7;0;2;7;12;0;
202000046333;154 660 825;A01;2;7;4;0;8;19;1;
202000046334;154 660 823;A01;1;33;4;0;1;2;1;
202000046334;154 660 824;B01;1;7;14;2;1;1;1;
202000046335;154 660 822;A01;2;43;0;0;0;0;1;
202000046336;154 660 821;A01;2;32;0;0;7;1;1;
202000046337;154 660 819;B01;2;33;0;2;1;2;1;
202000046337;154 660 820;A01;2;7;0;2;2;14;1;
202000046338;154 660 816;B01;1;13;0;2;2;2;1;
202000046338;154 660 817;A01;1;7;0;2;8;9;1;
202000046338;154 660 818;C01;1;7;0;2;1;2;1;
202000046339;154 660 815;A01;1;33;0;0;0;17;1;
202000046340;154 660 811;A01;1;7;0;2;0;0;1;