num_acc;id_vehicule;num_veh;senc;catv;obs;obsm;choc;manv;motor;occutc
202000046617;154 660 320;B01;2;7;0;2;1;0;1;
202000046618;154 660 313;A01;1;17;8;0;3;14;1;
202000046619;154 660 311;A01;1;14;0;0;9;13;1;
202000046620;154 660 309;A01;1;7;0;2;3;1;2;
202000046620;154 660 315;B01;1;33;0;2;2;1;1;
202000046621;154 660 307;C01;2;7;0;2;1;1;1;
202000046621;154 660 308;B01;1;7;0;2;8;2;1;
202000046621;154 660 310;A01;2;7;0;2;1;5;1;
202000046622;154 660 306;A01;1;33;0;0;8;3;1;
202000046623;154 660 314;B01;2;1;0;2;8;1;5;
202000046623;154 660 316;Z01;2;10;0;2;7;16;1;
202000046624;154 660 304;B01;2;2;0;2;1;1;3;
202000046624;154 660 305;A01;2;10;0;2;3;15;1;
202000046625;154 660 303;A01;3;10;0;1;4;4;1;
202000046626;154 660 302;A01;2;31;0;0;8;1;1;
202000046627;154 660 301;A01;2;30;0;9;1;1;1;
202000046628;154 660 298;A01;1;30;0;2;2;1;3;
202000046628;154 660 300;Z01;1;7;0;2;3;13;1;
202000046629;154 660 297;B01;1;34;0;2;1;1;1;
202000046629;154 660 299;A01;2;7;0;2;2;15;1;
202000046630;154 660 293;B01;2;7;0;2;6;1;1;
202000046630;154 660 295;A01;2;17;0;2;2;12;1;
202000046631;154 660 294;B01;1;1;0;2;3;1;5;
202000046631;154 660 296;A01;1;7;0;2;2;17;1;
202000046632;154 660 292;A01;2;34;0;0;0;0;0;
202000046633;154 660 290;B01;2;1;0;2;7;12;5;
202000046633;154 660 291;A01;2;33;0;2;7;1;1;
202000046634;154 660 288;A01;1;7;0;2;3;10;1;
202000046634;154 660 289;B01;1;33;1;2;5;1;1;
202000046635;154 660 287;A01;1;17;3;0;2;1;1;
202000046636;154 660 285;B01;1;1;1;0;1;1;5;
202000046636;154 660 286;A01;1;7;0;9;4;23;1;
202000046637;154 660 284;A01;2;1;12;0;1;12;5;
202000046638;154 660 283;A01;3;33;0;0;8;1;1;
202000046639;154 660 281;A01;1;50;0;0;0;14;3;
202000046640;154 660 279;B01;2;7;0;2;3;15;1;
202000046640;154 660 282;A01;2;33;0;2;2;17;1;
202000046641;154 660 275;B01;2;1;0;2;1;19;5;
202000046641;154 660 276;A01;2;7;15;0;7;16;1;
202000046642;154 660 273;Z01;2;7;1;2;1;1;1;
202000046642;154 660 274;B01;1;7;0;2;8;1;1;
202000046643;154 660 270;A01;2;10;0;2;3;20;1;
202000046643;154 660 271;B01;1;32;0;2;7;0;0;
202000046644;154 660 278;A01;2;7;0;2;2;16;1;
202000046644;154 660 280;B01;2;60;0;2;1;25;5;
202000046645;154 660 277;A01;2;7;12;0;6;1;1;
202000046646;154 660 266;A01;1;7;13;0;1;1;1;
202000046647;154 660 269;B01;2;7;0;2;1;2;1;
202000046647;154 660 272;A01;2;7;0;0;4;2;1;
202000046648;154 660 265;B01;1;7;0;2;3;15;1;
202000046648;154 660 267;A01;1;33;0;2;7;17;1;
202000046649;154 660 264;A01;2;7;0;0;0;0;1;
202000046650;154 660 262;A01;1;7;0;2;3;15;1;
202000046650;154 660 263;B01;1;33;0;2;1;13;1;
202000046651;154 660 261;A01;3;7;9;0;1;13;1;
202000046652;154 660 260;A01;1;33;0;0;0;0;1;
202000046653;154 660 257;B01;2;2;0;2;1;1;0;
202000046653;154 660 259;A01;1;7;0;2;7;15;6;
202000046654;154 660 256;A01;1;7;0;2;3;15;1;
202000046654;154 660 258;B01;1;32;0;2;1;17;1;
202000046655;154 660 252;A01;2;1;0;0;0;21;5;
202000046656;154 660 253;B01;3;33;0;2;1;1;1;
202000046656;154 660 255;A01;3;7;0;2;2;15;1;
202000046657;154 660 249;A01;1;2;0;2;1;1;1;
202000046657;154 660 250;B01;1;7;0;2;2;15;1;
202000046658;154 660 247;Z01;1;7;0;2;0;13;1;
202000046658;154 660 248;A01;1;1;0;2;2;1;5;
202000046659;154 660 243;C01;1;7;0;2;8;1;1;
202000046659;154 660 245;B01;1;7;0;2;8;1;1;
202000046659;154 660 246;A01;2;7;0;2;1;13;1;
202000046660;154 660 251;B01;1;7;0;2;0;0;0;
202000046660;154 660 268;A01;2;7;0;2;2;1;0;
202000046661;154 660 254;A01;1;2;0;0;2;13;1;
202000046662;154 660 239;A01;1;7;0;1;2;26;0;
202000046663;154 660 238;A01;2;33;9;0;2;1;1;
202000046664;154 660 232;A01;2;7;0;2;3;13;1;
202000046664;154 660 233;B01;1;7;0;2;3;1;1;
202000046665;154 660 231;A01;3;7;6;0;1;1;1;
202000046666;154 660 241;A01;2;10;0;1;2;9;0;
202000046667;154 660 235;B01;1;32;0;2;3;1;1;
202000046667;154 660 240;A01;1;7;0;2;3;26;1;
202000046668;154 660 227;A01;3;7;0;2;1;9;1;
202000046668;154 660 229;B01;3;7;0;2;5;1;1;
202000046669;154 660 234;B01;0;7;0;2;2;15;1;
202000046669;154 660 236;A01;0;30;0;2;1;19;1;
202000046670;154 660 226;A01;1;7;2;0;9;1;1;
202000046671;154 660 228;A01;1;7;0;2;3;15;1;
202000046671;154 660 230;B01;1;33;0;2;1;1;1;
202000046672;154 660 237;A01;2;50;12;0;1;1;3;
202000046673;154 660 223;B01;2;1;0;2;8;0;5;
202000046673;154 660 225;A01;1;7;0;2;1;21;2;
202000046674;154 660 222;B01;2;7;0;2;1;1;1;
202000046674;154 660 224;A01;1;7;0;2;6;15;1;
202000046675;154 660 221;A01;1;7;13;0;1;1;1;
202000046676;154 660 219;A01;1;7;0;2;1;0;1;
202000046676;154 660 220;B01;1;7;0;2;4;26;1;
202000046677;154 660 216;C01;1;7;0;0;4;2;1;
202000046677;154 660 217;B01;1;7;0;2;1;2;1;
202000046677;154 660 218;A01;1;7;0;0;5;5;1;
202000046678;154 660 215;A01;2;7;4;0;1;1;1;
202000046679;154 660 213;B01;1;7;0;2;4;23;1;
202000046679;154 660 214;A01;1;10;0;2;1;2;1;
202000046680;154 660 210;A01;1;99;15;0;1;1;1;
202000046681;154 660 208;A01;1;7;0;0;4;15;1;
202000046681;154 660 209;B01;1;7;0;2;1;1;0;
202000046682;154 660 201;A01;3;7;0;2;1;1;1;
202000046682;154 660 211;B01;3;10;0;2;8;1;1;
202000046683;154 660 199;B01;-1;7;0;2;0;1;0;
202000046683;154 660 203;A01;-1;7;0;0;7;14;1;
202000046684;154 660 198;A01;3;2;0;0;0;1;1;
202000046685;154 660 194;A01;2;7;13;0;0;1;1;
202000046686;154 660 193;C01;1;7;0;2;1;23;1;
202000046686;154 660 195;B01;1;7;0;2;4;23;1;
202000046686;154 660 196;A01;1;10;0;2;1;2;1;
202000046686;154 660 197;D01;1;7;0;2;4;0;1;
202000046687;154 660 190;A01;2;7;0;2;3;1;1;
202000046687;154 660 192;B01;2;1;0;2;4;1;5;
202000046688;154 660 191;A01;2;10;0;1;1;2;1;
202000046689;154 660 204;C01;1;7;0;2;1;1;1;
202000046689;154 660 206;B01;1;7;0;2;4;0;1;
202000046689;154 660 207;A01;1;10;0;0;4;1;1;
202000046690;154 660 188;B01;1;7;0;9;0;1;1;
202000046690;154 660 189;A01;3;1;0;2;3;19;5;
202000046691;154 660 186;A01;1;7;0;2;4;0;1;
202000046691;154 660 187;B01;1;10;0;2;2;2;1;
202000046692;154 660 185;A01;1;7;0;0;7;14;1;
202000046693;154 660 183;B01;1;33;0;2;1;3;1;
202000046693;154 660 184;A01;1;10;0;2;4;11;1;
202000046694;154 660 181;B01;1;10;0;2;6;1;1;
202000046694;154 660 202;A01;2;1;0;2;1;1;5;
202000046695;154 660 179;B01;1;17;0;2;2;12;1;
202000046695;154 660 180;A01;1;7;0;2;8;1;1;
202000046696;154 660 177;A01;1;33;0;2;1;1;1;
202000046696;154 660 178;B01;1;7;0;2;4;1;1;
202000046697;154 660 182;A01;2;7;13;0;7;14;1;
202000046698;154 660 176;A01;2;1;0;0;0;1;5;
202000046699;154 660 200;A01;2;7;0;2;6;15;1;
202000046699;154 660 205;B01;2;7;0;2;3;1;1;
202000046700;154 660 173;A01;1;7;3;2;8;13;1;
202000046700;154 660 175;B01;1;7;0;2;1;2;1;
202000046701;154 660 168;B01;1;10;0;2;1;1;1;
202000046701;154 660 170;C01;2;10;0;1;3;24;1;
202000046701;154 660 171;A01;2;10;0;2;8;1;1;
202000046702;154 660 167;B01;1;7;0;2;4;2;1;
202000046702;154 660 169;A01;1;7;0;2;1;2;1;
202000046703;154 660 164;A01;1;7;0;2;5;12;1;
202000046703;154 660 172;B01;1;32;0;2;3;0;1;
202000046704;154 660 162;A01;1;33;0;2;2;3;1;
202000046704;154 660 166;B01;1;7;0;2;7;2;1;
202000046705;154 660 163;A01;2;1;0;0;0;1;5;
202000046706;154 660 161;B01;1;42;1;2;0;0;0;
202000046706;154 660 165;A01;1;7;0;2;8;15;1;
202000046707;154 660 156;A01;2;2;0;2;3;1;0;
202000046707;154 660 157;B01;2;7;0;2;0;16;0;
202000046708;154 660 154;B01;3;7;0;2;1;1;6;
202000046708;154 660 155;A01;3;99;0;2;1;1;6;
202000046709;154 660 149;B01;2;3;0;0;1;10;0;
202000046709;154 660 150;A01;1;30;0;0;8;1;0;
202000046710;154 660 153;A01;0;7;0;2;1;9;1;
202000046710;154 660 158;Y01;0;60;0;2;1;1;5;
202000046711;154 660 145;A01;1;80;12;0;1;14;3;
202000046712;154 660 144;A01;1;7;0;1;2;2;1;
202000046713;154 660 142;B01;0;7;0;2;3;15;1;
202000046713;154 660 146;A01;1;2;0;2;1;1;1;
202000046714;154 660 140;B01;2;2;0;2;1;2;1;
202000046714;154 660 141;A01;2;7;0;0;4;2;1;
202000046715;154 660 151;B01;1;7;0;2;4;1;0;
202000046715;154 660 159;A01;1;10;0;2;2;1;1;
202000046716;154 660 147;B01;1;2;0;2;8;1;1;
202000046716;154 660 148;A01;1;7;0;2;1;19;1;
202000046717;154 660 136;A01;2;7;0;2;1;1;1;
202000046717;154 660 137;B01;2;7;0;2;1;1;1;
202000046717;154 660 138;C01;2;7;0;2;4;2;1;
202000046718;154 660 152;A01;1;7;0;2;1;15;1;
202000046718;154 660 160;B01;1;33;0;2;8;1;1;
202000046719;154 660 143;A01;2;2;14;0;1;1;1;
202000046720;154 660 133;A01;2;2;0;1;1;1;1;
202000046721;154 660 132;A01;2;30;0;2;3;26;1;
202000046721;154 660 135;B01;1;7;0;2;3;15;1;
202000046722;154 660 139;A01;3;7;0;1;2;16;1;
202000046723;154 660 131;A01;1;15;0;9;5;26;1;
202000046723;154 660 134;B01;1;7;4;9;7;1;1;
202000046724;154 660 127;A01;0;7;0;1;7;1;1;
202000046725;154 660 125;A01;1;30;0;2;1;26;1;
202000046725;154 660 126;B01;1;10;0;2;2;16;1;
202000046726;154 660 129;A01;2;7;0;2;7;10;1;
202000046726;154 660 130;B01;2;33;0;2;1;1;1;
202000046727;154 660 121;B01;2;30;0;2;2;15;1;
202000046727;154 660 122;A01;1;34;0;2;3;2;1;
202000046728;154 660 114;B01;2;33;0;2;1;21;1;
202000046728;154 660 115;A01;2;7;0;2;3;10;1;
202000046729;154 660 112;A01;3;7;0;2;2;5;1;
202000046729;154 660 113;B01;3;2;0;2;1;1;1;
202000046730;154 660 110;A01;1;32;16;0;2;15;1;
202000046730;154 660 111;B01;2;34;0;0;2;1;1;
202000046731;154 660 117;A01;3;7;0;2;8;10;1;
202000046731;154 660 123;B01;3;2;0;2;1;1;1;
202000046732;154 660 109;A01;1;33;12;0;1;2;1;
202000046733;154 660 118;A01;0;7;0;2;2;15;1;
202000046733;154 660 128;B01;0;7;0;2;3;1;1;
202000046734;154 660 119;B01;1;7;0;2;6;26;1;
202000046734;154 660 124;A01;1;2;0;2;1;26;1;
202000046735;154 660 108;A01;3;7;6;0;1;1;0;
202000046736;154 660 107;A01;2;7;3;0;2;1;1;
202000046737;154 660 102;A01;1;7;0;0;0;26;0;
202000046738;154 660 098;A01;1;7;0;2;0;12;1;
202000046738;154 660 100;B01;2;7;1;2;1;1;1;
202000046738;154 660 106;C01;2;7;0;2;6;26;1;
202000046739;154 660 105;A01;2;7;0;0;0;0;1;
202000046740;154 660 103;A01;1;7;0;1;2;1;1;
202000046741;154 660 104;A01;2;7;0;2;2;15;1;
202000046741;154 660 116;B01;2;30;0;2;3;1;1;
202000046742;154 660 101;A01;2;7;0;2;2;9;1;
202000046742;154 660 120;B01;3;1;0;2;7;1;5;
202000046743;154 660 099;A01;1;7;4;0;0;26;1;
202000046744;154 660 095;B01;3;7;0;2;3;1;1;
202000046744;154 660 096;A01;3;7;0;2;1;13;1;
202000046745;154 660 094;A01;1;7;3;0;1;2;1;
202000046746;154 660 089;A01;1;16;0;2;4;2;1;
202000046746;154 660 090;C01;1;14;0;2;4;2;1;
202000046746;154 660 091;B01;1;17;0;2;1;2;1;
202000046746;154 660 092;D01;1;14;0;2;1;2;1;
202000046747;154 660 085;B01;2;33;0;2;8;0;1;
202000046747;154 660 087;A01;2;7;0;2;6;11;1;
202000046748;154 660 084;B01;2;7;0;2;9;23;1;
202000046748;154 660 086;C01;2;7;0;0;4;23;1;
202000046748;154 660 088;A01;2;10;0;2;1;1;1;
202000046749;154 660 082;A01;3;33;0;0;0;26;1;
202000046750;154 660 080;A01;1;7;0;2;4;2;1;
202000046750;154 660 081;B01;1;7;0;2;4;2;1;
202000046750;154 660 083;C01;1;7;0;2;1;2;1;
202000046751;154 660 075;A01;1;7;0;1;1;1;1;
202000046752;154 660 074;A01;1;7;0;2;1;9;1;
202000046752;154 660 097;B01;1;7;0;2;4;2;1;
202000046753;154 660 072;B01;1;7;0;2;1;1;1;
202000046753;154 660 073;A01;2;7;0;2;4;1;2;
202000046754;154 660 067;A01;1;7;0;2;3;17;1;
202000046754;154 660 069;B01;2;7;0;2;3;1;1;
202000046754;154 660 071;C01;1;7;0;2;8;1;1;
202000046755;154 660 068;A01;3;7;0;2;3;26;1;
202000046755;154 660 070;B01;3;7;0;2;5;1;3;
202000046756;154 660 066;A01;1;0;0;1;1;13;0;
202000046757;154 660 062;A01;2;7;0;2;1;1;1;
202000046757;154 660 065;B01;1;7;0;2;1;13;1;
202000046758;154 660 076;B01;1;10;0;2;7;1;1;
202000046758;154 660 093;A01;2;10;0;2;1;1;1;
202000046759;154 660 077;A01;3;7;1;0;3;1;1;
202000046760;154 660 078;A01;1;32;12;0;4;1;1;
202000046760;154 660 079;B01;1;32;0;2;1;2;1;
202000046761;154 660 061;B01;3;1;0;2;1;2;5;
202000046761;154 660 064;A01;0;7;0;2;4;26;1;
202000046762;154 660 059;A01;3;7;0;2;7;1;1;
202000046762;154 660 060;B01;3;7;0;2;1;9;1;
202000046763;154 660 058;A01;1;99;0;1;0;26;1;
202000046764;154 660 050;A01;2;7;0;2;2;17;1;
202000046764;154 660 056;B01;2;1;0;2;8;1;5;
202000046765;154 660 054;A01;1;33;0;0;0;21;1;
202000046766;154 660 052;A01;2;7;6;0;1;1;1;
202000046767;154 660 051;B01;1;2;0;2;2;1;1;
202000046767;154 660 063;A01;2;7;0;2;3;15;1;
202000046768;154 660 055;AA01;1;10;0;2;2;15;0;
202000046768;154 660 057;B01;1;32;0;2;8;3;0;
202000046769;154 660 046;B01;2;10;0;2;1;1;1;
202000046769;154 660 047;A01;1;7;0;2;1;13;1;
202000046770;154 660 044;B01;1;7;0;0;4;2;0;
202000046770;154 660 045;A01;1;20;0;0;1;2;0;
202000046771;154 660 041;A01;3;2;0;5;1;0;1;
202000046772;154 660 040;A01;3;7;0;9;2;19;1;
202000046772;154 660 053;B01;1;1;0;2;3;1;5;
202000046773;154 660 036;B01;1;34;0;2;8;0;0;
202000046773;154 660 042;A01;0;7;0;2;1;2;0;
202000046774;154 660 038;B01;3;2;0;2;3;1;1;
202000046774;154 660 043;A01;3;7;0;2;3;15;1;
202000046775;154 660 037;B01;2;7;4;2;4;2;1;
202000046775;154 660 048;A01;2;7;4;2;1;13;1;
202000046775;154 660 049;C01;2;7;4;2;5;2;1;
202000046776;154 660 033;A01;1;7;13;0;2;14;1;
202000046777;154 660 024;B01;2;30;0;9;0;1;1;
202000046777;154 660 025;A01;1;7;8;0;0;1;1;
202000046778;154 660 023;A01;1;2;3;0;1;0;1;
202000046779;154 660 030;A01;3;30;0;1;0;2;0;
202000046780;154 660 021;A01;1;7;0;1;1;26;0;
202000046781;154 660 022;A01;1;15;0;0;9;1;1;
202000046782;154 660 019;A01;3;7;0;2;1;1;1;
202000046782;154 660 020;B01;3;7;0;2;3;1;1;
202000046783;154 660 016;B01;3;7;0;2;1;16;3;
202000046783;154 660 017;A01;0;10;0;2;2;1;1;
202000046784;154 660 018;A01;0;1;0;0;0;1;5;
202000046785;154 660 015;A01;1;1;0;1;1;26;0;
202000046786;154 660 029;A01;1;20;0;2;3;1;1;
202000046786;154 660 031;B01;1;20;0;2;2;1;1;
202000046786;154 660 032;C01;1;20;0;2;1;2;1;
202000046787;154 660 034;A01;1;33;0;0;8;1;0;
202000046788;154 660 026;B01;3;7;0;2;4;2;2;
202000046788;154 660 028;A01;3;7;0;2;1;2;1;
202000046789;154 660 027;B01;2;34;0;2;0;1;1;
202000046789;154 660 035;A01;1;7;0;2;2;1;1;
202000046790;154 660 011;A01;1;10;0;2;1;26;0;
202000046790;154 660 012;B01;1;10;0;2;4;1;0;
202000046790;154 660 013;C01;1;10;0;2;4;1;0;
202000046791;154 660 014;A01;1;7;0;1;3;15;1;
202000046792;154 660 007;A01;3;33;9;0;1;9;1;
202000046793;154 660 008;A01;3;7;8;2;2;15;1;
202000046793;154 660 010;B01;3;7;8;2;3;1;1;
202000046794;154 660 003;A01;3;7;1;1;2;1;0;
202000046795;154 659 998;A01;0;7;10;0;2;14;1;
202000046796;154 659 997;A01;1;7;0;1;1;1;1;
202000046797;154 659 996;A01;1;2;1;0;1;13;1;
202000046798;154 659 994;B01;1;33;0;2;7;1;1;
202000046798;154 659 995;A01;2;7;0;2;1;9;1;
202000046799;154 659 993;A01;0;30;0;0;8;1;1;
202000046800;154 659 992;A01;1;7;13;0;1;14;1;
202000046801;154 659 990;Z01;0;7;0;2;7;0;0;
202000046801;154 659 991;A01;0;33;0;2;8;23;0;
202000046802;154 659 988;B01;0;7;0;2;8;17;1;
202000046802;154 659 989;A01;0;7;0;2;1;16;1;
202000046803;154 659 987;A01;1;37;6;0;7;1;1;1
202000046804;154 660 005;B01;2;33;0;2;8;9;1;
202000046804;154 660 006;A01;2;1;0;2;7;12;5;
202000046805;154 660 004;B01;2;15;0;0;6;1;1;
202000046805;154 660 009;A01;2;7;3;2;1;0;1;
202000046806;154 659 986;B01;3;7;0;2;4;1;1;
202000046807;154 660 001;A01;1;7;0;1;1;1;1;
202000046808;154 660 002;A01;1;7;0;1;0;26;0;
202000046809;154 659 983;B01;2;10;0;2;1;0;1;
202000046809;154 659 984;A01;1;10;0;2;1;13;2;
202000046810;154 659 982;A01;2;7;0;2;8;13;1;
202000046810;154 659 985;B01;1;13;0;2;8;1;1;
202000046811;154 659 981;A01;3;30;0;9;0;0;0;
202000046812;154 659 976;A01;1;34;0;2;8;18;1;
202000046812;154 659 978;B01;1;10;0;2;2;16;1;
202000046813;154 659 973;A01;3;30;0;2;2;0;1;
202000046813;154 659 974;B01;3;7;0;2;8;0;1;
202000046814;154 659 975;A01;1;7;2;0;1;1;1;
202000046815;154 659 979;A01;3;7;1;0;2;1;1;
202000046816;154 659 999;B01;2;7;0;2;1;1;1;
202000046816;154 660 000;A01;1;7;0;2;1;13;1;
202000046817;154 659 968;A01;1;33;0;0;9;1;1;
202000046818;154 659 970;A01;1;7;16;0;3;1;1;
202000046819;154 659 977;A01;1;7;0;2;1;1;1;
202000046819;154 659 980;B01;0;7;0;2;4;1;1;
202000046820;154 659 967;A01;2;7;0;2;7;16;1;
202000046820;154 659 972;B01;2;30;0;2;1;12;1;
202000046821;154 659 966;A01;2;33;0;2;1;13;1;
202000046821;154 659 969;B01;1;7;0;2;3;1;1;
202000046822;154 659 965;A01;0;7;0;1;0;0;0;
202000046823;154 659 964;A01;3;7;0;2;1;19;1;
202000046823;154 659 971;B01;1;7;0;0;7;9;1;
202000046824;154 659 962;A01;3;7;0;9;2;13;1;
202000046824;154 659 963;B01;3;1;0;2;8;1;5;
202000046825;154 659 958;A01;1;7;0;1;1;1;1;
202000046826;154 659 951;A01;0;2;0;1;0;0;1;
202000046827;154 659 948;A01;1;7;0;2;3;1;1;
202000046827;154 659 950;B01;1;34;0;2;4;1;1;
202000046828;154 659 949;A01;1;33;14;9;1;1;1;
202000046829;154 659 956;A01;2;7;2;0;9;1;1;
202000046830;154 659 953;A01;1;7;13;0;1;1;1;
202000046831;154 659 952;B01;1;7;0;2;0;0;0;
202000046831;154 659 959;D01;1;7;0;2;8;1;1;
202000046831;154 659 960;Z01;2;7;0;0;0;15;0;
202000046831;154 659 961;C01;1;33;0;2;1;1;0;
202000046832;154 659 947;B01;1;37;0;9;3;26;1;2
202000046832;154 659 955;A01;2;14;2;0;2;26;1;
202000046833;154 659 954;A01;2;33;0;2;1;15;1;
202000046833;154 659 957;B01;2;7;0;2;1;1;1;
202000046834;154 659 941;A01;2;7;0;2;1;2;1;
202000046834;154 659 944;B01;2;7;0;2;4;2;1;
202000046835;154 659 940;A01;2;7;0;1;1;2;1;
202000046836;154 659 942;B01;3;7;0;2;3;15;1;
202000046836;154 659 945;A01;3;1;0;2;2;6;5;
202000046837;154 659 939;A01;3;30;12;0;7;14;1;
202000046838;154 659 938;A01;3;7;0;1;2;2;1;
202000046839;154 659 936;A01;1;7;0;1;3;11;1;
202000046840;154 659 935;A01;1;7;0;2;1;15;1;
202000046840;154 659 937;B01;2;7;0;2;1;1;1;
202000046841;154 659 928;A01;1;7;15;0;8;13;1;
202000046842;154 659 927;A01;3;7;0;2;7;15;1;
202000046842;154 659 933;B01;3;2;0;2;1;1;0;
202000046843;154 659 926;A01;1;30;0;1;1;17;0;
202000046844;154 659 923;A01;1;7;0;2;1;17;1;
202000046844;154 659 925;B01;2;7;0;2;1;1;1;
202000046845;154 659 931;B01;2;7;0;1;4;23;1;
202000046845;154 659 943;C01;2;7;0;1;4;23;1;
202000046845;154 659 946;A01;2;7;0;2;1;1;1;
202000046846;154 659 932;A01;2;7;9;2;1;1;1;
202000046846;154 659 934;B01;1;7;0;2;1;1;1;
202000046847;154 659 920;A01;3;2;0;0;0;1;1;
202000046848;154 659 918;A01;2;7;6;1;5;4;1;
202000046849;154 659 916;A01;2;7;0;0;8;15;0;
202000046849;154 659 917;B01;2;33;0;2;1;2;0;
202000046849;154 659 919;C01;1;7;0;2;6;1;0;
202000046850;154 659 914;A01;2;80;0;0;0;1;3;
202000046851;154 659 907;E01;2;7;0;2;7;1;1;
202000046851;154 659 909;D01;2;7;0;2;3;1;1;
202000046851;154 659 912;A01;2;7;0;2;3;13;0;
202000046851;154 659 913;C01;1;7;0;2;3;1;1;
202000046851;154 659 915;B01;1;15;0;2;6;1;1;
202000046852;154 659 908;B01;2;7;0;2;1;21;1;
202000046852;154 659 911;A01;1;7;0;2;1;13;1;
202000046853;154 659 906;B01;1;33;0;2;7;1;1;
202000046853;154 659 910;A01;1;7;0;2;3;9;1;
202000046854;154 659 902;B01;1;7;0;2;1;1;1;
202000046854;154 659 922;A01;2;80;0;2;1;26;3;
202000046855;154 659 930;A01;2;7;0;1;3;1;1;
202000046856;154 659 904;A01;2;7;8;0;7;1;1;
202000046857;154 659 921;A01;1;7;0;2;2;1;1;
202000046857;154 659 924;B01;1;2;0;2;1;1;1;
202000046858;154 659 905;A01;3;7;13;0;3;1;1;
202000046859;154 659 903;A01;1;10;0;1;2;15;0;
202000046860;154 659 929;A01;0;2;0;0;0;16;1;
202000046861;154 659 899;A01;3;30;0;2;1;26;1;
202000046861;154 659 901;B01;3;7;0;2;4;1;1;
202000046862;154 659 896;A01;3;33;0;9;0;1;1;
202000046863;154 659 897;A01;2;7;13;0;2;21;1;
202000046864;154 659 898;A01;1;30;0;1;1;1;1;
202000046865;154 659 889;C01;1;7;0;2;5;2;1;
202000046865;154 659 893;B01;1;7;0;2;4;2;1;
202000046865;154 659 900;A01;1;10;0;2;1;2;1;
202000046866;154 659 890;B01;2;2;0;2;1;1;1;
202000046866;154 659 892;A01;1;7;0;2;2;15;1;
202000046867;154 659 895;A01;3;7;6;0;1;13;1;
202000046868;154 659 891;A01;2;7;0;2;3;9;1;
202000046868;154 659 894;B01;1;33;0;2;1;1;1;
202000046869;154 659 888;A01;2;33;3;0;1;1;1;
202000046870;154 659 885;A01;2;30;8;0;1;1;1;
202000046871;154 659 886;A01;1;7;13;0;1;1;1;
202000046872;154 659 887;A01;1;7;0;1;1;1;1;
202000046873;154 659 882;A01;3;30;12;0;0;0;1;
202000046874;154 659 883;A01;2;7;0;2;1;2;1;
202000046874;154 659 884;B01;1;7;0;2;4;2;1;
202000046875;154 659 877;A01;1;10;0;2;7;1;1;
202000046875;154 659 880;B01;1;1;0;0;0;1;0;
202000046876;154 659 874;A01;1;32;0;2;1;13;1;
202000046876;154 659 876;B01;1;7;0;2;8;1;1;
202000046877;154 659 872;A01;1;7;0;1;1;1;1;
202000046878;154 659 871;B01;0;31;0;2;7;26;1;
202000046878;154 659 875;A01;3;7;0;2;2;9;1;
202000046879;154 659 866;Z01;1;7;0;1;0;0;0;
202000046880;154 659 867;A01;1;2;4;0;0;13;0;
202000046881;154 659 868;B01;1;1;14;0;1;21;5;
202000046881;154 659 870;A01;2;7;0;0;1;1;1;
202000046881;154 659 873;C01;2;7;0;2;6;23;1;
202000046882;154 659 869;A01;1;7;0;1;1;9;1;
202000046883;154 659 878;B01;3;7;0;2;3;1;0;
202000046883;154 659 881;A01;3;2;0;2;1;1;0;
202000046884;154 659 865;A01;2;2;0;0;8;21;1;
202000046885;154 659 863;A01;2;7;15;1;8;26;1;
202000046886;154 659 860;A01;3;7;0;2;1;9;1;
202000046886;154 659 862;B01;3;2;0;2;2;2;1;
202000046887;154 659 859;B01;2;10;0;2;5;1;1;
202000046887;154 659 861;A01;2;7;13;2;3;0;1;
202000046888;154 659 857;A01;1;33;13;0;1;13;1;
202000046889;154 659 858;A01;3;7;0;1;2;15;1;
202000046890;154 659 853;A01;1;7;0;0;0;0;1;
202000046891;154 659 856;A01;1;33;0;0;8;1;0;
202000046892;154 659 854;B01;1;2;0;2;3;1;1;
202000046892;154 659 879;A01;3;7;0;2;1;19;1;
202000046893;154 659 851;A01;1;7;0;1;1;1;1;
202000046894;154 659 855;A01;1;2;0;0;0;1;1;
202000046895;154 659 852;B01;3;1;0;2;3;19;5;
202000046895;154 659 864;A01;2;7;0;9;2;1;1;
202000046896;154 659 849;A01;1;7;0;2;1;19;1;
202000046896;154 659 850;B01;1;7;0;2;7;1;1;
202000046897;154 659 845;A01;3;10;0;9;5;12;1;
202000046897;154 659 848;B01;3;1;0;2;1;1;5;
202000046898;154 659 841;A01;2;21;0;2;3;15;1;
202000046898;154 659 843;B01;2;7;2;2;1;17;1;
202000046899;154 659 842;B01;2;7;0;2;5;23;1;
202000046899;154 659 844;A01;2;7;0;2;2;2;1;
202000046900;154 659 838;A01;2;7;13;0;2;1;1;
202000046901;154 659 839;B01;0;7;0;2;4;1;1;
202000046901;154 659 840;A01;0;10;0;2;1;1;1;
202000046902;154 659 837;A01;3;1;12;0;2;14;5;
202000046903;154 659 847;A01;1;7;2;0;1;0;1;
202000046904;154 659 833;A01;0;7;0;9;3;16;1;
202000046904;154 659 835;B01;0;1;0;2;1;1;5;
202000046905;154 659 832;C01;2;7;0;2;4;20;1;
202000046905;154 659 834;B01;2;7;0;2;4;1;1;
202000046905;154 659 836;A01;2;7;0;2;1;1;1;
202000046906;154 659 821;A01;1;7;0;0;1;1;1;