num_acc;id_vehicule;num_veh;senc;catv;obs;obsm;choc;manv;motor;occutc
202000047190;154 659 336;A01;2;7;0;2;6;26;1;
202000047190;154 659 337;B01;1;33;0;2;1;26;1;
202000047191;154 659 329;B01;2;7;0;2;1;1;1;
202000047191;154 659 330;A01;1;7;0;2;7;15;1;
202000047192;154 659 327;A01;2;7;0;1;2;1;1;
202000047193;154 659 325;A01;2;7;0;2;1;1;1;
202000047193;154 659 326;B01;2;1;0;2;4;1;5;
202000047194;154 659 319;A01;1;37;0;2;5;17;2;1
202000047194;154 659 332;B01;1;50;0;2;0;2;3;
202000047195;154 659 318;A01;1;7;0;9;1;14;1;
202000047195;154 659 335;B01;1;7;0;9;2;1;1;
202000047196;154 659 317;A01;0;7;4;2;1;1;1;
202000047196;154 659 324;B01;0;14;0;2;3;1;1;
202000047197;154 659 312;B01;1;32;0;2;8;15;1;
202000047197;154 659 315;A01;1;7;0;2;2;1;1;
202000047198;154 659 311;B01;2;7;0;2;4;2;1;
202000047198;154 659 316;A01;2;14;0;2;1;2;1;
202000047199;154 659 323;B01;1;31;0;2;3;1;0;
202000047199;154 659 331;A01;1;7;9;0;2;19;0;
202000047200;154 659 322;B01;1;33;0;2;1;1;1;
202000047200;154 659 328;A01;2;50;0;2;8;1;3;
202000047201;154 659 320;B01;1;10;0;2;1;1;1;
202000047201;154 659 333;C01;1;10;0;2;1;1;1;
202000047201;154 659 334;A01;2;7;0;2;2;13;1;
202000047202;154 659 305;A01;2;7;0;2;1;1;1;
202000047202;154 659 309;B01;2;1;0;2;7;1;5;
202000047203;154 659 306;A01;1;7;2;0;2;1;1;
202000047204;154 659 297;A01;1;1;0;1;1;1;5;
202000047205;154 659 298;B01;3;33;0;2;1;1;1;
202000047205;154 659 300;A01;3;7;0;2;5;12;1;
202000047206;154 659 304;A01;1;7;0;1;1;1;3;
202000047207;154 659 303;B01;1;2;0;2;1;1;1;
202000047207;154 659 307;A01;2;7;0;2;7;15;1;
202000047208;154 659 302;A01;3;7;0;1;6;26;1;
202000047209;154 659 292;D01;1;33;0;2;4;23;1;
202000047209;154 659 293;C01;1;34;0;2;7;23;1;
202000047209;154 659 294;B01;1;7;0;2;9;23;1;
202000047209;154 659 295;A01;1;7;0;2;1;1;1;
202000047210;154 659 301;B01;2;7;0;2;1;13;1;
202000047210;154 659 308;A01;1;7;0;2;1;1;1;
202000047211;154 659 296;A01;1;7;0;0;3;13;1;
202000047211;154 659 299;B01;2;7;0;0;3;1;1;
202000047212;154 659 289;A01;1;7;0;2;3;10;1;
202000047212;154 659 291;B01;1;32;0;2;2;2;1;
202000047213;154 659 287;C01;1;7;0;2;7;1;1;
202000047213;154 659 288;B01;1;7;0;2;4;2;1;
202000047213;154 659 290;A01;1;7;5;2;2;2;1;
202000047214;154 659 286;A01;1;7;2;0;1;26;1;
202000047215;154 659 284;A01;2;30;8;0;2;14;1;
202000047216;154 659 280;A01;1;30;0;9;0;0;1;
202000047217;154 659 279;A01;1;33;13;0;1;13;1;
202000047218;154 659 278;A01;1;30;0;0;7;26;1;
202000047219;154 659 276;A01;0;1;0;2;1;15;5;
202000047219;154 659 277;B01;0;7;0;2;3;1;1;
202000047220;154 659 275;A01;3;10;0;1;1;20;1;
202000047221;154 659 281;A01;2;30;0;1;1;21;1;
202000047222;154 659 283;A01;0;36;14;0;2;1;1;
202000047223;154 659 282;A01;1;30;0;0;7;21;1;
202000047224;154 659 272;A01;2;7;0;1;0;1;1;
202000047225;154 659 273;B01;2;37;0;2;5;2;1;1
202000047225;154 659 274;A01;2;50;0;2;1;9;3;
202000047226;154 659 265;B01;1;7;0;2;3;15;1;
202000047226;154 659 267;A01;1;2;0;2;1;17;1;
202000047227;154 659 264;A01;0;7;0;2;1;0;1;
202000047227;154 659 266;B01;0;7;0;2;4;0;1;
202000047228;154 659 262;A01;2;7;0;1;3;1;1;
202000047229;154 659 261;B01;0;1;1;0;2;1;5;
202000047229;154 659 263;A01;3;7;0;9;3;22;0;
202000047230;154 659 253;A01;1;7;0;2;1;1;1;
202000047230;154 659 270;B01;1;7;0;2;4;1;1;
202000047230;154 659 271;C01;1;7;0;2;4;1;1;
202000047231;154 659 254;B01;1;7;1;0;4;2;1;
202000047231;154 659 259;A01;1;7;0;2;1;2;1;
202000047232;154 659 255;B01;2;30;0;2;1;18;1;
202000047232;154 659 260;A01;2;7;0;2;2;16;1;
202000047233;154 659 247;A01;1;15;0;2;1;19;1;
202000047233;154 659 248;B01;1;7;4;2;8;1;1;
202000047234;154 659 256;A01;3;33;0;1;0;1;1;
202000047235;154 659 246;A01;2;32;0;1;1;1;1;
202000047236;154 659 245;B01;1;33;0;2;1;1;1;
202000047236;154 659 252;A01;2;10;0;2;2;15;0;
202000047237;154 659 242;A01;2;10;0;2;8;10;1;
202000047237;154 659 249;B01;2;33;0;2;8;21;1;
202000047238;154 659 243;E01;1;7;0;2;4;2;1;
202000047238;154 659 250;D01;1;10;0;2;1;2;1;
202000047238;154 659 257;B01;1;7;0;2;1;2;1;
202000047238;154 659 258;A01;1;7;0;2;1;2;1;
202000047239;154 659 244;A01;3;32;12;0;2;26;1;
202000047240;154 659 238;B01;2;7;0;9;2;1;1;
202000047240;154 659 239;A01;1;30;0;2;1;13;1;
202000047241;154 659 233;B01;1;7;0;2;4;2;1;
202000047241;154 659 235;A01;1;7;0;2;1;2;1;
202000047242;154 659 232;B01;3;7;0;2;1;1;1;
202000047242;154 659 234;A01;3;7;0;2;8;19;1;
202000047243;154 659 228;B01;2;1;0;2;1;19;5;
202000047243;154 659 230;A01;1;7;0;2;2;1;1;
202000047244;154 659 227;B01;0;7;0;2;4;2;1;
202000047244;154 659 229;A01;0;2;0;2;1;2;1;
202000047245;154 659 226;A01;3;7;8;0;1;13;1;
202000047246;154 659 240;B01;2;7;0;2;1;15;1;
202000047246;154 659 251;A01;1;1;0;2;8;17;5;
202000047247;154 659 225;B01;3;7;0;2;1;9;1;
202000047247;154 659 231;A01;3;7;0;2;3;9;1;
202000047248;154 659 237;Z01;1;32;0;2;1;9;0;
202000047248;154 659 241;Y01;1;1;0;2;1;9;0;
202000047249;154 659 223;A01;3;33;0;2;2;12;1;
202000047249;154 659 224;B01;0;7;0;2;6;0;1;
202000047250;154 659 221;A01;2;7;3;0;1;21;1;
202000047251;154 659 213;A01;3;7;6;0;1;1;1;
202000047252;154 659 212;A01;1;7;13;0;9;1;1;
202000047253;154 659 210;A01;2;7;0;1;3;1;1;
202000047254;154 659 222;A01;0;33;0;0;8;1;1;
202000047255;154 659 214;A01;1;7;0;2;3;15;1;
202000047255;154 659 217;B01;1;32;0;2;2;1;1;
202000047256;154 659 216;C01;1;33;0;2;1;21;1;
202000047256;154 659 218;B01;1;7;0;2;4;21;6;
202000047256;154 659 219;A01;2;10;0;2;2;9;1;
202000047257;154 659 215;A01;1;99;0;1;2;9;1;
202000047258;154 659 220;A01;2;7;0;-1;8;15;1;
202000047258;154 659 236;B01;2;40;0;2;1;1;3;
202000047259;154 659 209;A01;1;7;0;2;7;2;1;
202000047259;154 659 211;B01;1;1;0;2;8;2;5;
202000047260;154 659 208;A01;1;99;0;1;1;1;1;
202000047261;154 659 200;B01;3;7;0;2;3;1;1;
202000047261;154 659 206;A01;3;33;0;2;1;15;1;
202000047262;154 659 199;A01;2;31;0;2;7;26;1;
202000047262;154 659 202;B01;1;7;0;2;3;19;1;
202000047263;154 659 195;B01;2;7;0;2;5;15;1;
202000047263;154 659 198;A01;1;33;0;2;1;18;1;
202000047264;154 659 196;B01;2;7;0;2;1;1;1;
202000047264;154 659 197;A01;1;7;0;2;1;15;1;
202000047265;154 659 203;A01;3;33;1;0;1;1;1;
202000047266;154 659 192;B01;1;7;0;2;7;19;1;
202000047266;154 659 194;A01;1;33;0;2;1;26;1;
202000047267;154 659 190;A01;1;7;4;0;2;1;1;
202000047268;154 659 189;B01;2;37;0;2;3;24;1;1
202000047268;154 659 191;A01;1;33;0;1;2;1;1;
202000047269;154 659 185;A01;1;33;0;2;1;3;1;
202000047269;154 659 188;B01;1;7;0;0;6;11;1;
202000047270;154 659 186;B01;2;7;0;2;1;1;0;
202000047270;154 659 187;A01;2;2;0;2;4;1;1;
202000047271;154 659 184;A01;1;31;0;0;0;17;1;
202000047272;154 659 204;A01;2;32;0;2;7;16;1;
202000047272;154 659 207;B01;2;10;0;2;8;1;1;
202000047273;154 659 193;A01;2;7;15;0;3;1;0;
202000047274;154 659 201;A01;1;7;0;1;3;15;1;
202000047275;154 659 205;A01;2;50;12;0;0;26;3;
202000047276;154 659 182;A01;1;7;3;2;1;13;1;
202000047276;154 659 183;B01;2;7;0;2;1;21;1;
202000047277;154 659 177;B01;1;7;0;2;1;1;1;
202000047277;154 659 178;A01;2;7;0;2;7;15;1;
202000047278;154 659 170;B01;1;7;0;2;5;0;1;
202000047278;154 659 171;A01;1;7;0;2;2;1;1;
202000047279;154 659 166;A01;1;7;5;0;9;13;1;
202000047280;154 659 169;A01;2;30;0;2;1;1;1;
202000047280;154 659 179;B01;1;7;0;2;6;15;1;
202000047281;154 659 162;A01;0;33;0;2;2;16;1;
202000047281;154 659 164;B01;0;7;0;2;6;1;1;
202000047282;154 659 168;A01;1;10;0;2;1;2;1;
202000047282;154 659 175;B01;1;7;0;2;4;15;1;
202000047282;154 659 176;C01;2;7;0;2;1;1;1;
202000047283;154 659 163;B01;3;7;0;2;8;1;1;
202000047283;154 659 165;A01;3;7;0;2;1;1;1;
202000047284;154 659 167;B01;2;7;0;2;3;1;1;
202000047284;154 659 172;D01;2;7;0;2;2;21;1;
202000047284;154 659 173;C01;2;7;0;2;2;1;1;
202000047284;154 659 174;A01;2;15;0;2;2;12;1;
202000047285;154 659 161;A01;1;7;2;0;1;0;1;
202000047286;154 659 160;A01;2;7;0;0;9;1;1;
202000047287;154 659 158;B01;1;31;0;2;1;3;1;
202000047287;154 659 159;A01;1;7;0;2;7;12;1;
202000047288;154 659 157;A01;3;7;2;0;9;1;1;
202000047289;154 659 156;A01;2;7;0;1;0;13;0;
202000047290;154 659 151;A01;1;30;0;0;7;1;1;
202000047291;154 659 146;A01;2;2;6;0;1;1;1;
202000047292;154 659 144;A01;1;33;0;0;8;23;1;
202000047293;154 659 153;A01;1;7;3;0;8;1;1;
202000047294;154 659 141;A01;1;7;0;2;3;15;1;
202000047294;154 659 142;B01;2;7;0;2;1;1;1;
202000047295;154 659 140;A01;2;7;2;0;7;1;1;
202000047296;154 659 145;A01;2;7;9;0;1;13;1;
202000047297;154 659 147;A01;2;7;0;2;8;9;1;
202000047297;154 659 155;B01;2;33;0;2;8;9;1;
202000047298;154 659 148;A01;1;7;0;2;7;15;1;
202000047298;154 659 149;B01;2;7;0;2;1;1;1;
202000047298;154 659 150;C01;2;7;0;2;1;1;1;
202000047299;154 659 154;A01;1;80;0;9;1;21;3;
202000047300;154 659 143;A01;3;7;6;0;2;1;0;
202000047301;154 659 132;A01;3;7;0;2;1;1;1;
202000047301;154 659 137;B01;3;7;0;2;4;1;1;
202000047302;154 659 129;A01;2;7;0;2;1;1;1;
202000047302;154 659 135;B01;1;30;0;2;7;11;1;
202000047303;154 659 127;B01;2;38;0;2;1;1;1;1
202000047303;154 659 133;A01;1;7;0;2;7;13;1;
202000047304;154 659 130;A01;1;33;0;2;1;13;1;
202000047304;154 659 136;B01;2;33;0;2;1;13;1;
202000047305;154 659 128;B01;1;2;0;2;1;21;1;
202000047305;154 659 134;A01;2;7;0;2;1;15;1;
202000047306;154 659 123;A01;1;7;0;2;2;16;1;
202000047306;154 659 124;B01;1;1;0;2;1;1;5;
202000047307;154 659 121;A01;2;33;10;0;7;14;1;
202000047308;154 659 119;B01;1;7;0;2;2;14;1;
202000047308;154 659 122;A01;1;33;0;2;2;14;1;
202000047309;154 659 118;B01;1;32;0;2;1;1;1;
202000047309;154 659 120;A01;2;7;0;2;5;15;1;
202000047310;154 659 117;A01;1;43;10;0;2;1;1;
202000047311;154 659 114;A01;2;33;0;2;2;17;1;
202000047311;154 659 116;B01;2;7;0;2;3;1;1;
202000047312;154 659 115;A01;1;31;0;1;1;1;1;
202000047313;154 659 125;B01;3;7;0;2;4;19;1;
202000047313;154 659 126;A01;1;7;0;2;1;1;1;
202000047314;154 659 113;A01;1;33;13;0;1;1;1;
202000047315;154 659 110;A01;1;7;0;2;2;2;6;
202000047315;154 659 111;B01;0;60;0;2;0;19;5;
202000047316;154 659 109;A01;1;7;0;2;7;19;1;
202000047316;154 659 112;B01;2;7;0;2;1;1;1;
202000047317;154 659 108;A01;1;7;16;0;9;21;1;
202000047318;154 659 100;B01;1;7;0;2;3;1;1;
202000047318;154 659 106;A01;2;7;0;2;3;17;1;
202000047319;154 659 104;A01;2;7;13;0;9;14;1;
202000047320;154 659 105;A01;3;31;0;2;0;1;1;
202000047321;154 659 103;B01;3;34;0;2;8;1;1;
202000047321;154 659 107;A01;3;7;0;2;7;12;1;
202000047322;154 659 102;A01;1;7;2;0;9;1;1;
202000047323;154 659 099;A01;2;7;3;0;2;1;1;
202000047324;154 659 095;B01;2;7;0;2;4;23;1;
202000047324;154 659 096;A01;2;30;0;2;1;2;1;
202000047325;154 659 090;A01;2;7;2;0;7;1;1;
202000047326;154 659 089;A01;1;7;0;1;0;1;0;
202000047327;154 659 093;A01;0;7;0;1;2;1;3;
202000047328;154 659 094;B01;3;7;0;2;3;16;1;
202000047328;154 659 101;A01;2;30;0;2;2;1;1;
202000047329;154 659 084;A01;2;7;3;0;1;0;1;
202000047329;154 659 086;C01;2;7;0;2;1;2;1;
202000047329;154 659 087;D01;2;10;3;0;2;21;1;
202000047329;154 659 088;B01;2;7;0;2;1;2;1;
202000047330;154 659 080;A01;1;7;0;2;7;16;1;
202000047330;154 659 081;B01;1;1;0;2;1;1;5;
202000047331;154 659 076;B01;1;7;0;2;4;1;1;
202000047331;154 659 077;C01;1;7;0;0;4;23;1;
202000047331;154 659 079;A01;1;7;0;2;1;1;1;
202000047332;154 659 074;B01;2;7;0;2;3;0;1;
202000047332;154 659 075;A01;1;7;0;2;3;0;1;
202000047333;154 659 072;B01;2;10;0;2;4;1;1;
202000047333;154 659 073;A01;2;10;0;2;1;12;1;
202000047334;154 659 071;A01;1;7;0;0;0;1;1;
202000047335;154 659 070;A01;1;1;0;5;7;1;5;
202000047336;154 659 082;A01;1;37;0;0;5;1;1;1
202000047336;154 659 083;B01;2;60;0;2;1;26;5;
202000047337;154 659 069;A01;2;7;0;1;2;2;1;
202000047338;154 659 091;A01;2;33;0;2;9;17;1;
202000047338;154 659 097;B01;2;7;0;2;8;1;1;
202000047339;154 659 092;B01;1;7;0;2;8;19;1;
202000047339;154 659 098;A01;1;33;0;2;1;21;1;
202000047340;154 659 068;A01;2;10;0;1;0;4;6;
202000047341;154 659 062;A01;1;7;0;2;3;9;1;
202000047341;154 659 063;B01;1;30;0;2;1;1;3;
202000047342;154 659 061;A01;1;7;0;9;7;1;0;
202000047342;154 659 064;B01;1;1;0;2;1;26;5;
202000047343;154 659 060;A01;2;1;0;0;0;21;5;
202000047344;154 659 057;A01;1;14;0;2;3;22;6;
202000047344;154 659 058;B01;1;33;0;2;2;1;1;
202000047345;154 659 056;B01;1;1;0;2;4;1;5;
202000047345;154 659 065;A01;1;7;0;2;2;1;1;
202000047346;154 659 051;A01;2;7;0;2;8;13;1;
202000047346;154 659 066;B01;1;7;0;2;8;1;1;
202000047346;154 659 067;C01;1;7;0;2;1;1;1;
202000047347;154 659 047;B01;1;7;0;2;1;1;1;
202000047347;154 659 048;A01;2;7;0;2;1;5;1;
202000047348;154 659 053;A01;0;33;8;0;2;14;6;
202000047349;154 659 052;B01;1;2;0;2;7;17;0;
202000047349;154 659 059;A01;1;7;0;2;1;13;0;
202000047350;154 659 054;A01;1;7;0;2;8;15;1;
202000047350;154 659 085;B01;2;1;0;2;3;1;5;
202000047351;154 659 055;A01;3;10;0;1;1;15;1;
202000047352;154 659 045;A01;1;7;0;2;1;1;0;
202000047352;154 659 046;B01;1;33;0;2;4;1;0;
202000047353;154 659 043;B01;0;7;0;2;1;1;1;
202000047353;154 659 044;A01;0;7;0;2;1;15;1;
202000047354;154 659 036;B01;3;7;0;2;1;1;1;
202000047354;154 659 037;A01;3;7;0;2;7;1;1;
202000047355;154 659 035;A01;1;10;16;0;9;0;1;
202000047356;154 659 034;A01;1;7;4;0;3;13;1;
202000047357;154 659 032;A01;2;7;0;0;1;1;1;
202000047358;154 659 031;A01;2;31;0;2;3;3;1;
202000047358;154 659 033;B01;2;7;0;2;5;1;1;
202000047359;154 659 029;A01;1;7;2;0;1;13;1;
202000047360;154 659 038;A01;1;7;0;2;6;19;1;
202000047360;154 659 042;B01;2;31;0;2;1;1;1;
202000047361;154 659 039;A01;2;7;0;2;5;15;1;
202000047361;154 659 040;B01;1;34;0;2;1;0;1;
202000047362;154 659 030;A01;2;33;0;6;2;1;1;
202000047363;154 659 022;A01;1;30;12;0;1;16;1;
202000047364;154 659 023;E01;2;7;0;0;0;9;0;
202000047364;154 659 024;D01;1;14;0;2;1;2;1;
202000047364;154 659 026;C01;1;10;0;2;4;2;1;
202000047364;154 659 027;B01;1;10;0;2;1;2;1;
202000047364;154 659 028;A01;1;7;0;2;4;13;1;
202000047365;154 659 020;A01;1;7;0;2;1;17;1;
202000047365;154 659 025;B01;2;34;0;2;1;1;1;
202000047366;154 659 019;A01;0;7;6;0;4;4;1;
202000047367;154 659 016;B01;2;43;0;2;2;1;1;
202000047367;154 659 021;A01;2;50;0;2;6;19;3;
202000047368;154 659 014;B01;1;7;0;2;1;1;1;
202000047368;154 659 015;A01;1;7;0;0;3;19;1;
202000047369;154 659 012;A01;1;7;0;2;2;16;1;
202000047369;154 659 013;B01;1;50;0;2;1;1;3;
202000047370;154 659 011;A01;2;7;7;0;1;1;0;
202000047371;154 659 009;B01;3;33;0;2;7;16;1;
202000047371;154 659 010;A01;2;1;0;2;7;5;5;
202000047372;154 659 008;A01;1;2;2;0;1;2;1;
202000047373;154 659 017;B01;1;33;0;2;1;19;1;
202000047373;154 659 041;A01;1;7;0;2;7;19;1;
202000047374;154 659 018;A01;2;1;0;0;0;1;0;
202000047375;154 659 001;B01;2;7;0;2;3;1;1;
202000047375;154 659 007;A01;1;7;3;2;2;0;1;
202000047376;154 659 002;A01;1;7;0;2;1;1;1;
202000047377;154 659 004;A01;1;50;0;1;7;1;3;
202000047378;154 659 000;B01;2;7;0;2;1;1;1;
202000047378;154 659 005;A01;1;33;0;2;0;1;1;
202000047379;154 658 998;B01;2;7;0;2;0;23;2;
202000047379;154 658 999;A01;2;33;0;2;5;7;1;
202000047380;154 658 994;B01;2;1;0;2;1;1;5;
202000047380;154 658 996;A01;2;7;0;2;2;16;1;
202000047381;154 659 003;A01;1;7;0;2;3;15;1;
202000047381;154 659 006;B01;2;33;0;2;8;1;1;
202000047382;154 658 995;A01;1;7;0;0;4;2;1;
202000047382;154 658 997;B01;1;10;0;2;1;2;1;
202000047383;154 658 993;A01;1;1;0;1;8;1;5;
202000047384;154 658 990;A01;1;7;2;0;1;0;1;
202000047385;154 658 989;A01;2;50;0;0;0;16;3;
202000047386;154 658 987;A01;1;7;0;1;3;1;1;
202000047387;154 658 986;B01;2;1;0;2;0;1;5;
202000047387;154 658 988;A01;2;10;0;2;0;16;1;
202000047388;154 658 985;A01;0;43;0;0;0;1;1;
202000047389;154 658 982;B01;1;30;0;2;0;1;1;
202000047389;154 658 983;A01;1;10;0;2;0;9;1;
202000047390;154 658 981;B01;2;80;0;0;8;0;3;
202000047390;154 658 992;A01;1;7;0;2;1;0;1;
202000047391;154 658 979;B01;0;33;0;0;1;1;1;
202000047391;154 658 980;A01;0;7;0;0;2;17;1;
202000047392;154 658 978;A01;1;33;0;0;8;1;1;
202000047393;154 658 977;B01;-1;1;0;0;6;9;5;
202000047393;154 658 991;A01;-1;37;0;2;2;2;1;1
202000047394;154 658 975;A01;1;32;0;2;2;1;1;
202000047394;154 658 976;B01;2;7;0;2;3;1;1;
202000047395;154 658 973;A01;-1;7;0;2;8;9;4;
202000047395;154 658 974;B01;3;7;0;2;2;1;3;
202000047396;154 658 972;Z01;1;7;0;1;3;1;0;
202000047397;154 658 968;B01;1;1;0;2;1;14;5;
202000047397;154 658 969;A01;2;7;0;2;1;17;2;
202000047398;154 658 970;B01;1;1;0;2;1;1;5;
202000047398;154 658 971;A01;1;7;0;2;3;26;0;
202000047399;154 658 966;A01;3;7;0;2;1;1;1;
202000047399;154 658 967;B01;3;1;0;2;8;9;5;
202000047400;154 658 964;A01;1;17;0;2;1;1;1;
202000047400;154 658 965;B01;3;32;0;2;6;15;1;
202000047401;154 658 962;A01;1;7;0;2;3;22;1;
202000047401;154 658 963;B01;1;1;0;2;1;1;5;
202000047402;154 658 961;A01;1;7;9;0;1;26;0;
202000047403;154 658 958;A01;3;10;0;2;8;1;1;
202000047403;154 658 959;B01;1;7;0;2;1;1;1;
202000047404;154 658 960;A01;1;50;0;0;0;7;3;
202000047405;154 658 957;A01;1;32;0;1;0;19;1;
202000047406;154 658 950;B01;1;10;0;2;3;20;1;
202000047406;154 658 955;A01;1;7;0;2;2;1;1;
202000047407;154 658 949;B01;1;7;0;0;6;1;1;
202000047407;154 658 954;A01;1;7;0;2;1;1;1;
202000047408;154 658 951;B01;2;7;0;2;3;1;1;
202000047408;154 658 956;A01;1;7;0;2;1;15;1;
202000047409;154 658 948;A01;1;7;0;2;3;15;1;
202000047409;154 658 952;B01;1;33;0;2;5;1;1;
202000047410;154 658 946;A01;1;17;0;2;1;1;1;
202000047410;154 658 953;B01;2;1;0;2;8;19;5;
202000047411;154 658 944;A01;1;7;0;1;2;9;1;
202000047412;154 658 945;A01;1;1;0;0;0;21;5;
202000047413;154 658 942;B01;2;7;3;0;4;1;1;
202000047413;154 658 943;A01;2;7;0;2;1;2;1;
202000047414;154 658 937;A01;1;7;0;2;3;20;1;
202000047414;154 658 947;B01;1;32;0;2;1;1;1;
202000047415;154 658 938;B01;1;7;12;0;6;26;1;
202000047415;154 658 940;A01;1;7;1;0;2;1;1;
202000047416;154 658 936;A01;2;7;13;0;8;0;1;
202000047417;154 658 939;A01;1;13;4;0;8;1;0;
202000047418;154 658 934;A01;1;7;0;2;1;1;1;
202000047418;154 658 941;B01;1;7;0;0;6;1;1;
202000047419;154 658 933;A01;2;10;0;9;2;16;0;
202000047419;154 658 935;B01;2;50;0;2;2;0;3;
202000047420;154 658 925;A01;1;37;0;1;5;26;1;1
202000047421;154 658 927;A01;2;30;8;2;8;25;1;
202000047421;154 658 928;B01;1;7;0;2;1;1;1;
202000047422;154 658 929;A01;1;7;0;2;2;15;1;
202000047422;154 658 932;B01;2;1;0;2;1;1;5;
202000047423;154 658 930;A01;2;10;0;1;2;1;1;
202000047424;154 658 924;A01;3;7;0;1;1;13;1;
202000047425;154 658 920;A01;1;7;0;9;1;15;1;
202000047425;154 658 923;B01;2;1;0;2;1;1;5;
202000047426;154 658 919;A01;2;7;0;0;3;5;1;
202000047426;154 658 922;B01;1;7;0;0;3;1;1;
202000047427;154 658 916;B01;3;7;0;2;1;13;1;
202000047427;154 658 917;A01;2;99;0;2;1;9;1;
202000047428;154 658 914;A01;1;7;2;0;1;1;1;
202000047429;154 658 913;B01;2;7;0;2;2;1;1;
202000047429;154 658 915;A01;1;7;6;2;7;17;1;
202000047430;154 658 912;A01;1;33;4;0;7;1;1;
202000047431;154 658 918;B01;1;2;0;2;1;1;1;
202000047431;154 658 921;A01;2;7;0;2;1;15;1;
202000047432;154 658 926;A01;1;7;0;2;8;15;1;
202000047432;154 658 931;B01;2;7;0;2;1;1;1;
202000047433;154 658 911;A01;3;7;0;1;0;1;0;
202000047434;154 658 910;A01;0;7;0;1;1;20;1;
202000047435;154 658 908;A01;3;7;13;0;0;0;1;
202000047436;154 658 901;B01;2;7;0;2;3;17;1;
202000047436;154 658 909;A01;2;2;0;2;2;17;1;
202000047437;154 658 902;A01;1;33;7;0;1;1;1;
202000047438;154 658 903;A01;2;7;0;2;8;17;1;
202000047438;154 658 907;B01;1;34;0;2;1;1;1;
202000047439;154 658 900;A01;2;7;0;2;3;13;0;
202000047439;154 658 906;B01;1;38;0;2;3;1;0;3
202000047440;154 658 895;B01;0;7;0;0;6;24;1;
202000047440;154 658 897;A01;2;7;1;0;2;1;1;
202000047441;154 658 904;B01;1;7;0;2;1;1;1;
202000047441;154 658 905;A01;2;1;0;2;7;15;5;
202000047442;154 658 893;B01;1;13;0;2;1;1;1;
202000047442;154 658 894;A01;2;7;0;2;1;13;1;
202000047443;154 658 891;A01;2;7;0;2;1;1;1;
202000047443;154 658 892;B01;2;7;0;2;7;1;1;
202000047444;154 658 890;A01;1;33;0;0;0;14;1;
202000047445;154 658 886;A01;2;31;0;2;1;2;1;
202000047445;154 658 887;B01;2;7;0;2;4;2;1;
202000047446;154 658 883;A01;1;7;0;2;1;13;1;
202000047446;154 658 885;B01;2;7;0;2;1;1;1;
202000047447;154 658 882;A01;0;30;0;2;8;17;1;
202000047447;154 658 884;Z01;0;7;0;0;0;0;0;
202000047448;154 658 899;A01;2;33;0;0;9;15;0;
202000047449;154 658 888;A01;2;7;1;0;2;2;1;
202000047449;154 658 889;B01;2;7;3;0;6;23;1;
202000047450;154 658 896;B01;1;10;0;9;5;1;1;
202000047450;154 658 898;A01;2;50;0;2;1;26;3;
202000047451;154 658 879;B01;3;33;0;2;7;2;1;
202000047451;154 658 881;A01;3;33;0;2;8;15;1;
202000047452;154 658 878;B01;2;17;15;9;7;1;1;
202000047452;154 658 880;A01;2;7;0;2;1;15;1;
202000047453;154 658 872;B01;1;1;1;0;1;1;5;
202000047453;154 658 873;A01;1;7;0;0;3;24;1;
202000047454;154 658 874;Z01;2;10;0;0;0;0;1;
202000047454;154 658 876;A01;1;33;0;2;4;23;1;
202000047455;154 658 875;B01;2;7;0;0;4;23;1;
202000047455;154 658 877;A01;2;7;0;2;1;2;1;
202000047456;154 658 869;B01;1;7;0;2;1;2;0;
202000047456;154 658 871;A01;1;21;0;0;4;0;1;
202000047457;154 658 867;A01;2;7;0;2;7;20;1;
202000047457;154 658 868;B01;2;7;0;2;8;1;1;
202000047458;154 658 865;A01;1;7;4;0;1;14;1;
202000047459;154 658 864;A01;2;7;0;2;2;26;1;
202000047459;154 658 866;B01;1;2;0;2;3;1;1;
202000047460;154 658 862;A01;2;7;2;0;1;1;1;
202000047461;154 658 861;A01;2;7;0;2;1;19;1;
202000047461;154 658 863;B01;1;10;0;2;1;1;1;
202000047462;154 658 857;B01;1;7;0;2;3;2;1;
202000047462;154 658 859;A01;2;50;0;2;1;5;3;
202000047463;154 658 858;A01;2;7;0;2;5;14;1;
202000047463;154 658 860;B01;2;7;0;2;3;13;1;
202000047464;154 658 870;A01;1;7;2;0;1;0;1;
202000047465;154 658 856;A01;2;7;9;1;2;23;1;
202000047466;154 658 851;A01;2;7;0;1;3;19;1;
202000047467;154 658 852;A01;1;32;0;2;1;2;1;
202000047467;154 658 855;B01;1;7;0;2;5;2;2;
202000047468;154 658 853;A01;3;7;0;0;7;1;1;
202000047468;154 658 854;B01;3;10;0;2;2;1;1;
202000047469;154 658 850;A01;1;7;1;0;2;14;0;
202000047470;154 658 849;A01;3;7;10;0;3;1;1;
202000047471;154 658 844;A01;3;7;0;1;1;1;1;
202000047472;154 658 846;A01;1;33;0;2;1;2;1;
202000047472;154 658 847;B01;1;10;0;2;6;2;1;
202000047472;154 658 848;C01;1;10;0;2;2;2;1;
202000047473;154 658 843;Z01;-1;0;0;2;1;26;0;
202000047473;154 658 845;A01;1;32;0;2;1;26;0;
202000047474;154 658 841;A01;1;10;0;2;1;1;1;